phase,world,seed,stratum,task,method,relative_function_error,payload_bytes,materialize_seconds,forward_seconds,extra_macs,sha256,path
development,27200,0,aligned_plane,0,oftv2_input,0.0,8270,0.0,4.9457440036349e-05,1048576,0ca330bd406156b6f56a1ec96b7a1f39d3f3e257b18c46ae816a9f6b3d75c27a,experiments/mirror_applications/ma-272-input-centric-oftv2-mirror/artifacts/payloads/27200_0_aligned_plane_0_oftv2_input.bin
development,27200,0,aligned_plane,0,oft_materialized,2.9886550123592315e-08,8275,8.734999573789537e-05,2.1447059989441186e-05,0,ccc394c5f07ed06cacebfcbe6f4ebe5793f1404b0f03d4328e32ca3023c43ccf,experiments/mirror_applications/ma-272-input-centric-oftv2-mirror/artifacts/payloads/27200_0_aligned_plane_0_oft_materialized.bin
development,27200,0,aligned_plane,0,mirror_input_angle,0.0,4181,0.0,9.306760999606922e-05,1048576,e41e707eaaaa9a524aa9f18a4a0e08b1e89de59e468dc369882a419b4653e362,experiments/mirror_applications/ma-272-input-centric-oftv2-mirror/artifacts/payloads/27200_0_aligned_plane_0_mirror_input_angle.bin
development,27200,0,aligned_plane,0,generic_plane_scalar,0.0,4183,0.0,3.396390005946159e-05,1048576,f2c11b2875537a39111dee4a864587f212ea20e7e65f34913cd5044223483018,experiments/mirror_applications/ma-272-input-centric-oftv2-mirror/artifacts/payloads/27200_0_aligned_plane_0_generic_plane_scalar.bin
development,27200,0,aligned_plane,0,shared_baseline,0.19499309360980988,4174,0.0,1.7504920106148347e-05,0,9b1054b7eecacfd5e9987108ad3eb123969dd3ac9023db3c21bee1e0b1d9a441,experiments/mirror_applications/ma-272-input-centric-oftv2-mirror/artifacts/payloads/27200_0_aligned_plane_0_shared_baseline.bin
development,27200,0,aligned_plane,1,oftv2_input,0.0,8270,0.0,3.426895011216402e-05,1048576,aee8e700542064fe3ac11aaafd78f0c671cac363b1febace5431784875101471,experiments/mirror_applications/ma-272-input-centric-oftv2-mirror/artifacts/payloads/27200_0_aligned_plane_1_oftv2_input.bin
development,27200,0,aligned_plane,1,oft_materialized,3.115783187013221e-08,8275,1.4842007658444345e-05,1.883889999589883e-05,0,8f30facee1979fdff669bf3ac3c3bf18eb9550906b824ed0e55018d32ecd803b,experiments/mirror_applications/ma-272-input-centric-oftv2-mirror/artifacts/payloads/27200_0_aligned_plane_1_oft_materialized.bin
development,27200,0,aligned_plane,1,mirror_input_angle,0.0,4181,0.0,3.603115997975692e-05,1048576,2cea7a0f8c3814be34d3212ef0a90d7e11690b8bd3917ff6d47b2ab9be8e1074,experiments/mirror_applications/ma-272-input-centric-oftv2-mirror/artifacts/payloads/27200_0_aligned_plane_1_mirror_input_angle.bin
development,27200,0,aligned_plane,1,generic_plane_scalar,0.0,4183,0.0,3.8534570048796016e-05,1048576,7a7596d43c3d2774a06a6f86c38af80ba3f431672c0a985369bb684b6ecec526,experiments/mirror_applications/ma-272-input-centric-oftv2-mirror/artifacts/payloads/27200_0_aligned_plane_1_generic_plane_scalar.bin
development,27200,0,aligned_plane,1,shared_baseline,0.1407291740179062,4174,0.0,1.630455008125864e-05,0,9b1054b7eecacfd5e9987108ad3eb123969dd3ac9023db3c21bee1e0b1d9a441,experiments/mirror_applications/ma-272-input-centric-oftv2-mirror/artifacts/payloads/27200_0_aligned_plane_1_shared_baseline.bin
development,27200,0,aligned_plane,2,oftv2_input,0.0,8270,0.0,3.450939999311231e-05,1048576,92f668cd2d7e2066ce0ba152d49c1aecc70a696d187c81f0ed7defc4026ded34,experiments/mirror_applications/ma-272-input-centric-oftv2-mirror/artifacts/payloads/27200_0_aligned_plane_2_oftv2_input.bin
development,27200,0,aligned_plane,2,oft_materialized,2.863552062137842e-08,8275,1.3509998098015785e-05,1.806214000680484e-05,0,725055c18afb6be2959bcfa3a542ab96b7596f25a0736eeca0ab2cae565fcbe2,experiments/mirror_applications/ma-272-input-centric-oftv2-mirror/artifacts/payloads/27200_0_aligned_plane_2_oft_materialized.bin
development,27200,0,aligned_plane,2,mirror_input_angle,0.0,4181,0.0,3.88015600037761e-05,1048576,d8b51ee849330d19c35822ebb325d8217a62b00d27b3898a6300654ed5ae447a,experiments/mirror_applications/ma-272-input-centric-oftv2-mirror/artifacts/payloads/27200_0_aligned_plane_2_mirror_input_angle.bin
development,27200,0,aligned_plane,2,generic_plane_scalar,0.0,4183,0.0,3.6154229892417785e-05,1048576,441ddb68726497e0cbc86bf94181c951747897972aa377dff6013ab4e0d11c08,experiments/mirror_applications/ma-272-input-centric-oftv2-mirror/artifacts/payloads/27200_0_aligned_plane_2_generic_plane_scalar.bin
development,27200,0,aligned_plane,2,shared_baseline,0.08504019677639008,4174,0.0,1.5842459979467095e-05,0,9b1054b7eecacfd5e9987108ad3eb123969dd3ac9023db3c21bee1e0b1d9a441,experiments/mirror_applications/ma-272-input-centric-oftv2-mirror/artifacts/payloads/27200_0_aligned_plane_2_shared_baseline.bin
development,27200,0,aligned_plane,3,oftv2_input,0.0,8270,0.0,3.8110239984234795e-05,1048576,cd819e4a25c646b0f65dfb517fa173d8ddb47a0c50d18dc47f529f6426f1001e,experiments/mirror_applications/ma-272-input-centric-oftv2-mirror/artifacts/payloads/27200_0_aligned_plane_3_oftv2_input.bin
development,27200,0,aligned_plane,3,oft_materialized,2.9320245786834676e-08,8275,1.4712000847794116e-05,1.6828320076456295e-05,0,5dd263890e9f1265ae8cdf29c74c052df5dbcaea1c8aae969b3f64d310b8cd31,experiments/mirror_applications/ma-272-input-centric-oftv2-mirror/artifacts/payloads/27200_0_aligned_plane_3_oft_materialized.bin
development,27200,0,aligned_plane,3,mirror_input_angle,0.0,4181,0.0,3.328828999656253e-05,1048576,287406f8a07db9f68c6e8fd414c6e4f2cc7f82ea229567419d028986b4bc7a29,experiments/mirror_applications/ma-272-input-centric-oftv2-mirror/artifacts/payloads/27200_0_aligned_plane_3_mirror_input_angle.bin
development,27200,0,aligned_plane,3,generic_plane_scalar,0.0,4183,0.0,3.505230008158833e-05,1048576,9baf0c00825ae56b688f7631a37b8b4122770a8ee2b25c1ad1dd4ed2a41d98d3,experiments/mirror_applications/ma-272-input-centric-oftv2-mirror/artifacts/payloads/27200_0_aligned_plane_3_generic_plane_scalar.bin
development,27200,0,aligned_plane,3,shared_baseline,0.028457170352339745,4174,0.0,1.7346389940939845e-05,0,9b1054b7eecacfd5e9987108ad3eb123969dd3ac9023db3c21bee1e0b1d9a441,experiments/mirror_applications/ma-272-input-centric-oftv2-mirror/artifacts/payloads/27200_0_aligned_plane_3_shared_baseline.bin
development,27200,0,aligned_plane,4,oftv2_input,0.0,8270,0.0,3.491661002044566e-05,1048576,20a09d01fb9c8e11486afcbb03d9c5b131e874d45275593a65d71ebde2667eb2,experiments/mirror_applications/ma-272-input-centric-oftv2-mirror/artifacts/payloads/27200_0_aligned_plane_4_oftv2_input.bin
development,27200,0,aligned_plane,4,oft_materialized,2.9575460303021828e-08,8275,2.5146990083158016e-05,6.128344990429469e-05,0,4e74169db1c8c1437f0f651c83fb73db807e368305f154e0abd85a050fbf5155,experiments/mirror_applications/ma-272-input-centric-oftv2-mirror/artifacts/payloads/27200_0_aligned_plane_4_oft_materialized.bin
development,27200,0,aligned_plane,4,mirror_input_angle,0.0,4181,0.0,5.459463995066471e-05,1048576,3199f8da4b3ab2ae02b6d8d9f6c0c5b40fe07413296076ead61e32bdb919830d,experiments/mirror_applications/ma-272-input-centric-oftv2-mirror/artifacts/payloads/27200_0_aligned_plane_4_mirror_input_angle.bin
development,27200,0,aligned_plane,4,generic_plane_scalar,0.0,4183,0.0,5.5005549947964026e-05,1048576,23c3e9e9d195fb827511048f04593d76c75245763132f00da63c07e42ab84639,experiments/mirror_applications/ma-272-input-centric-oftv2-mirror/artifacts/payloads/27200_0_aligned_plane_4_generic_plane_scalar.bin
development,27200,0,aligned_plane,4,shared_baseline,0.0284756887704134,4174,0.0,2.8972410073038192e-05,0,9b1054b7eecacfd5e9987108ad3eb123969dd3ac9023db3c21bee1e0b1d9a441,experiments/mirror_applications/ma-272-input-centric-oftv2-mirror/artifacts/payloads/27200_0_aligned_plane_4_shared_baseline.bin
development,27200,0,aligned_plane,5,oftv2_input,0.0,8270,0.0,5.478412000229582e-05,1048576,861b9e972505d7445ee20ee766180405c4df5e802d1a68267fe2c4c1b624920c,experiments/mirror_applications/ma-272-input-centric-oftv2-mirror/artifacts/payloads/27200_0_aligned_plane_5_oftv2_input.bin
development,27200,0,aligned_plane,5,oft_materialized,2.9318506733488903e-08,8275,1.568300649523735e-05,2.7551590028451757e-05,0,3292f1309b280025f0eb4e4f7a3b6c8c1d56e7ee0f90bcdd51324826c9a164fa,experiments/mirror_applications/ma-272-input-centric-oftv2-mirror/artifacts/payloads/27200_0_aligned_plane_5_oft_materialized.bin
development,27200,0,aligned_plane,5,mirror_input_angle,0.0,4181,0.0,5.529918998945504e-05,1048576,6f4d4c474ef48b7e13b80dd59bb50b5df57d296c417a62c04477bec4b7032444,experiments/mirror_applications/ma-272-input-centric-oftv2-mirror/artifacts/payloads/27200_0_aligned_plane_5_mirror_input_angle.bin
development,27200,0,aligned_plane,5,generic_plane_scalar,0.0,4183,0.0,5.409851000877097e-05,1048576,9239e17fc6890cfacff112bc29d57451023b9a332fcddca721651ac6d1c81239,experiments/mirror_applications/ma-272-input-centric-oftv2-mirror/artifacts/payloads/27200_0_aligned_plane_5_generic_plane_scalar.bin
development,27200,0,aligned_plane,5,shared_baseline,0.08520309627056122,4174,0.0,2.701450008316897e-05,0,9b1054b7eecacfd5e9987108ad3eb123969dd3ac9023db3c21bee1e0b1d9a441,experiments/mirror_applications/ma-272-input-centric-oftv2-mirror/artifacts/payloads/27200_0_aligned_plane_5_shared_baseline.bin
development,27200,0,aligned_plane,6,oftv2_input,0.0,8270,0.0,5.4760490020271394e-05,1048576,8dca4597cf02a7ad621d49dd7ed007c436fdef40df773315a9c9da5db730fb64,experiments/mirror_applications/ma-272-input-centric-oftv2-mirror/artifacts/payloads/27200_0_aligned_plane_6_oftv2_input.bin
development,27200,0,aligned_plane,6,oft_materialized,2.9503963716592807e-08,8275,1.5262994566000998e-05,2.7070889918832107e-05,0,d0ab53c5c2fe139c42d62fa32cf616525b571482b7a13a093595c9ee8a5132d1,experiments/mirror_applications/ma-272-input-centric-oftv2-mirror/artifacts/payloads/27200_0_aligned_plane_6_oft_materialized.bin
development,27200,0,aligned_plane,6,mirror_input_angle,0.0,4181,0.0,5.435068989754655e-05,1048576,60fc9ef3e69e659266f8b6c5aca6e466ca79df087e67ea9ddf2811695f2dc717,experiments/mirror_applications/ma-272-input-centric-oftv2-mirror/artifacts/payloads/27200_0_aligned_plane_6_mirror_input_angle.bin
development,27200,0,aligned_plane,6,generic_plane_scalar,0.0,4183,0.0,5.449099000543356e-05,1048576,1acdbe1e09d8a29fbc550f73b445884a6318d2e38978a8440e3fd5dcce7987e5,experiments/mirror_applications/ma-272-input-centric-oftv2-mirror/artifacts/payloads/27200_0_aligned_plane_6_generic_plane_scalar.bin
development,27200,0,aligned_plane,6,shared_baseline,0.14116202294826508,4174,0.0,2.720338001381606e-05,0,9b1054b7eecacfd5e9987108ad3eb123969dd3ac9023db3c21bee1e0b1d9a441,experiments/mirror_applications/ma-272-input-centric-oftv2-mirror/artifacts/payloads/27200_0_aligned_plane_6_shared_baseline.bin
development,27200,0,aligned_plane,7,oftv2_input,0.0,8270,0.0,5.4552380024688315e-05,1048576,eb4d6490006d491a4146ce20c9a5274752957fa478e3910df5b15c30a78e7890,experiments/mirror_applications/ma-272-input-centric-oftv2-mirror/artifacts/payloads/27200_0_aligned_plane_7_oftv2_input.bin
development,27200,0,aligned_plane,7,oft_materialized,2.9780418131508668e-08,8275,1.6013000276871026e-05,2.7097220008727163e-05,0,b3337c141c4100b806406cbd95feed5a19cbafbea3516ea3cc8dacfc2679ad93,experiments/mirror_applications/ma-272-input-centric-oftv2-mirror/artifacts/payloads/27200_0_aligned_plane_7_oft_materialized.bin
development,27200,0,aligned_plane,7,mirror_input_angle,0.0,4181,0.0,5.430812001577578e-05,1048576,2b76c2ac634d5a527d3829b0e1b10d2e84031db3375152319c1aa877b30fcca5,experiments/mirror_applications/ma-272-input-centric-oftv2-mirror/artifacts/payloads/27200_0_aligned_plane_7_mirror_input_angle.bin
development,27200,0,aligned_plane,7,generic_plane_scalar,0.0,4183,0.0,5.4527750035049396e-05,1048576,912983cd2e2b6ea49f6f090838fbedc8b02b2f7515623d6d94aaa8e418ad8077,experiments/mirror_applications/ma-272-input-centric-oftv2-mirror/artifacts/payloads/27200_0_aligned_plane_7_generic_plane_scalar.bin
development,27200,0,aligned_plane,7,shared_baseline,0.19578669965267181,4174,0.0,2.7312339952914044e-05,0,9b1054b7eecacfd5e9987108ad3eb123969dd3ac9023db3c21bee1e0b1d9a441,experiments/mirror_applications/ma-272-input-centric-oftv2-mirror/artifacts/payloads/27200_0_aligned_plane_7_shared_baseline.bin
development,27200,0,independent_orthogonal,0,oftv2_input,0.0,8270,0.0,5.423581009381451e-05,1048576,766d6094b3fcf540345406493758ec2a007324008f3186fb8a1bff8f5c79c176,experiments/mirror_applications/ma-272-input-centric-oftv2-mirror/artifacts/payloads/27200_0_independent_orthogonal_0_oftv2_input.bin
development,27200,0,independent_orthogonal,0,oft_materialized,2.0981713078072062e-07,8275,1.6354009858332574e-05,2.741870004683733e-05,0,a14807920cddc79c09c11aadcd4079ef4d31dec2674d14ba7244d64f8075eb27,experiments/mirror_applications/ma-272-input-centric-oftv2-mirror/artifacts/payloads/27200_0_independent_orthogonal_0_oft_materialized.bin
development,27200,0,independent_orthogonal,0,shared_baseline,1.445589542388916,4174,0.0,2.7097019919892773e-05,0,9b1054b7eecacfd5e9987108ad3eb123969dd3ac9023db3c21bee1e0b1d9a441,experiments/mirror_applications/ma-272-input-centric-oftv2-mirror/artifacts/payloads/27200_0_independent_orthogonal_0_shared_baseline.bin
development,27200,0,independent_orthogonal,1,oftv2_input,0.0,8270,0.0,5.431914003565907e-05,1048576,479a402e304ebf373e075073e8470df88a16aa6b4c174cec6dc05a88f841a2cf,experiments/mirror_applications/ma-272-input-centric-oftv2-mirror/artifacts/payloads/27200_0_independent_orthogonal_1_oftv2_input.bin
development,27200,0,independent_orthogonal,1,oft_materialized,2.0750400153701776e-07,8275,1.5152996638789773e-05,2.734509005676955e-05,0,fa55bf560778423aecfc61819916e1a0e32709a3628d48296151e461276b0474,experiments/mirror_applications/ma-272-input-centric-oftv2-mirror/artifacts/payloads/27200_0_independent_orthogonal_1_oft_materialized.bin
development,27200,0,independent_orthogonal,1,shared_baseline,1.4697649478912354,4174,0.0,2.697814998100512e-05,0,9b1054b7eecacfd5e9987108ad3eb123969dd3ac9023db3c21bee1e0b1d9a441,experiments/mirror_applications/ma-272-input-centric-oftv2-mirror/artifacts/payloads/27200_0_independent_orthogonal_1_shared_baseline.bin
development,27200,0,independent_orthogonal,2,oftv2_input,0.0,8270,0.0,5.4669459932483735e-05,1048576,5839ae02f29153ed700dc14cc2641258e7b0dadc452accd73d849c239a31ddac,experiments/mirror_applications/ma-272-input-centric-oftv2-mirror/artifacts/payloads/27200_0_independent_orthogonal_2_oftv2_input.bin
development,27200,0,independent_orthogonal,2,oft_materialized,2.08489325359551e-07,8275,1.6124002286233008e-05,2.6985059957951307e-05,0,020f5a8012e81b5a5dcf182072eb320f17a7f8eda8c1693a2289fd41237f3e3d,experiments/mirror_applications/ma-272-input-centric-oftv2-mirror/artifacts/payloads/27200_0_independent_orthogonal_2_oft_materialized.bin
development,27200,0,independent_orthogonal,2,shared_baseline,1.40962553024292,4174,0.0,2.742601005593315e-05,0,9b1054b7eecacfd5e9987108ad3eb123969dd3ac9023db3c21bee1e0b1d9a441,experiments/mirror_applications/ma-272-input-centric-oftv2-mirror/artifacts/payloads/27200_0_independent_orthogonal_2_shared_baseline.bin
development,27200,0,independent_orthogonal,3,oftv2_input,0.0,8270,0.0,5.458152998471633e-05,1048576,c656c3d306b536410e50e9719ae001ba34f9035030e12053fac388ee11f52c02,experiments/mirror_applications/ma-272-input-centric-oftv2-mirror/artifacts/payloads/27200_0_independent_orthogonal_3_oftv2_input.bin
development,27200,0,independent_orthogonal,3,oft_materialized,2.0444861092983047e-07,8275,1.6955003957264125e-05,2.724595004110597e-05,0,c263804f3bf9f9d284c4c4fb45a10864b92024bf14b4cde28f12860b0aa1264d,experiments/mirror_applications/ma-272-input-centric-oftv2-mirror/artifacts/payloads/27200_0_independent_orthogonal_3_oft_materialized.bin
development,27200,0,independent_orthogonal,3,shared_baseline,1.3851583003997803,4174,0.0,2.6925569982267917e-05,0,9b1054b7eecacfd5e9987108ad3eb123969dd3ac9023db3c21bee1e0b1d9a441,experiments/mirror_applications/ma-272-input-centric-oftv2-mirror/artifacts/payloads/27200_0_independent_orthogonal_3_shared_baseline.bin
development,27200,0,independent_orthogonal,4,oftv2_input,0.0,8270,0.0,5.432915000710636e-05,1048576,a3af85808b03adcd5c3539b62284ecf4a82ff4ee81098eeb7ca26240be736e7b,experiments/mirror_applications/ma-272-input-centric-oftv2-mirror/artifacts/payloads/27200_0_independent_orthogonal_4_oftv2_input.bin
development,27200,0,independent_orthogonal,4,oft_materialized,2.1197736543854262e-07,8275,1.82270014192909e-05,2.7519650029717013e-05,0,b69a017b7294d04cf3ff0b735992481428d11838de4f215ef4d72eb9f25e7eb4,experiments/mirror_applications/ma-272-input-centric-oftv2-mirror/artifacts/payloads/27200_0_independent_orthogonal_4_oft_materialized.bin
development,27200,0,independent_orthogonal,4,shared_baseline,1.3620127439498901,4174,0.0,2.7668769907904787e-05,0,9b1054b7eecacfd5e9987108ad3eb123969dd3ac9023db3c21bee1e0b1d9a441,experiments/mirror_applications/ma-272-input-centric-oftv2-mirror/artifacts/payloads/27200_0_independent_orthogonal_4_shared_baseline.bin
development,27200,0,independent_orthogonal,5,oftv2_input,0.0,8270,0.0,5.431422992842272e-05,1048576,96b46775b2a9e123d2d7b7f21da0b99200996fde3bca727189cb320076dd5631,experiments/mirror_applications/ma-272-input-centric-oftv2-mirror/artifacts/payloads/27200_0_independent_orthogonal_5_oftv2_input.bin
development,27200,0,independent_orthogonal,5,oft_materialized,2.0759581786933268e-07,8275,1.6514008166268468e-05,2.735891001066193e-05,0,7e5d4841d1f37ba05170c4ad90f1c9b89c66203a3c71d57360c15ed3842b6a54,experiments/mirror_applications/ma-272-input-centric-oftv2-mirror/artifacts/payloads/27200_0_independent_orthogonal_5_oft_materialized.bin
development,27200,0,independent_orthogonal,5,shared_baseline,1.4078420400619507,4174,0.0,2.7298920031171292e-05,0,9b1054b7eecacfd5e9987108ad3eb123969dd3ac9023db3c21bee1e0b1d9a441,experiments/mirror_applications/ma-272-input-centric-oftv2-mirror/artifacts/payloads/27200_0_independent_orthogonal_5_shared_baseline.bin
development,27200,0,independent_orthogonal,6,oftv2_input,0.0,8270,0.0,5.442088993731886e-05,1048576,2a94ffa3f8f4eed0f785000a2c798c0d128376b8d6b9211149df803b2f70ddea,experiments/mirror_applications/ma-272-input-centric-oftv2-mirror/artifacts/payloads/27200_0_independent_orthogonal_6_oftv2_input.bin
development,27200,0,independent_orthogonal,6,oft_materialized,2.0790490395938832e-07,8275,2.0360996131785214e-05,2.6825419918168337e-05,0,31ac5e6070dc4c7669d9a6c8d527e4c68aee98241bb99d3f2753884e574a869c,experiments/mirror_applications/ma-272-input-centric-oftv2-mirror/artifacts/payloads/27200_0_independent_orthogonal_6_oft_materialized.bin
development,27200,0,independent_orthogonal,6,shared_baseline,1.414571762084961,4174,0.0,2.7421809936640783e-05,0,9b1054b7eecacfd5e9987108ad3eb123969dd3ac9023db3c21bee1e0b1d9a441,experiments/mirror_applications/ma-272-input-centric-oftv2-mirror/artifacts/payloads/27200_0_independent_orthogonal_6_shared_baseline.bin
development,27200,0,independent_orthogonal,7,oftv2_input,0.0,8270,0.0,5.506714995135553e-05,1048576,b38b7e69c6923b17b9acf04bd9df4bb7e1a35768f5d29262625f526a1ad84655,experiments/mirror_applications/ma-272-input-centric-oftv2-mirror/artifacts/payloads/27200_0_independent_orthogonal_7_oftv2_input.bin
development,27200,0,independent_orthogonal,7,oft_materialized,2.0476360873544763e-07,8275,1.482199877500534e-05,2.7097429992863908e-05,0,3963822e04209f269d9551607ee083c65d7924886ff52fa74feef1e9b9365642,experiments/mirror_applications/ma-272-input-centric-oftv2-mirror/artifacts/payloads/27200_0_independent_orthogonal_7_oft_materialized.bin
development,27200,0,independent_orthogonal,7,shared_baseline,1.4185572862625122,4174,0.0,2.151736000087112e-05,0,9b1054b7eecacfd5e9987108ad3eb123969dd3ac9023db3c21bee1e0b1d9a441,experiments/mirror_applications/ma-272-input-centric-oftv2-mirror/artifacts/payloads/27200_0_independent_orthogonal_7_shared_baseline.bin
development,27200,1,aligned_plane,0,oftv2_input,0.0,8270,0.0,4.7003409999888394e-05,1048576,264ebd65f3d6c49cf9ba4997ca4a1432942d1798c015afa2812fd41d18d0f6e5,experiments/mirror_applications/ma-272-input-centric-oftv2-mirror/artifacts/payloads/27200_1_aligned_plane_0_oftv2_input.bin
development,27200,1,aligned_plane,0,oft_materialized,2.939069254637161e-08,8275,1.8798004020936787e-05,2.3897389910416676e-05,0,80b5a7499051e7939044d15fa72c8afa1e6234471b6a833611df672763f13058,experiments/mirror_applications/ma-272-input-centric-oftv2-mirror/artifacts/payloads/27200_1_aligned_plane_0_oft_materialized.bin
development,27200,1,aligned_plane,0,mirror_input_angle,0.0,4181,0.0,4.566072006127797e-05,1048576,909bee5c00044a543c7bc56f60f16ad5f1658cdb1cac81f6d1457b8ec8f9df0e,experiments/mirror_applications/ma-272-input-centric-oftv2-mirror/artifacts/payloads/27200_1_aligned_plane_0_mirror_input_angle.bin
development,27200,1,aligned_plane,0,generic_plane_scalar,0.0,4183,0.0,4.6096660080365835e-05,1048576,f8e1ba85720342a95d73314c369717435be6e8da788dcdaaf5589f72b27e295f,experiments/mirror_applications/ma-272-input-centric-oftv2-mirror/artifacts/payloads/27200_1_aligned_plane_0_generic_plane_scalar.bin
development,27200,1,aligned_plane,0,shared_baseline,0.18124981224536896,4174,0.0,2.1999369928380474e-05,0,d159b8d48448c42e62c091b1584cc3647549008e3c8029288604ed6c5fe0fd03,experiments/mirror_applications/ma-272-input-centric-oftv2-mirror/artifacts/payloads/27200_1_aligned_plane_0_shared_baseline.bin
development,27200,1,aligned_plane,1,oftv2_input,0.0,8270,0.0,4.671807997510768e-05,1048576,e74a57e1ad5535fa676b0efd60627a4dce8907d2a6e4033600aecd9d7a779fc1,experiments/mirror_applications/ma-272-input-centric-oftv2-mirror/artifacts/payloads/27200_1_aligned_plane_1_oftv2_input.bin
development,27200,1,aligned_plane,1,oft_materialized,2.8360764403601024e-08,8275,1.887799589894712e-05,2.280217013321817e-05,0,c9248d62b5b007b07789c1e3f275864ba99be3772868c81b3d3efab8372072a3,experiments/mirror_applications/ma-272-input-centric-oftv2-mirror/artifacts/payloads/27200_1_aligned_plane_1_oft_materialized.bin
development,27200,1,aligned_plane,1,mirror_input_angle,0.0,4181,0.0,5.0468740082578736e-05,1048576,3722c5e35824646db853aa3103157f50635dff0237472442924470799a91410c,experiments/mirror_applications/ma-272-input-centric-oftv2-mirror/artifacts/payloads/27200_1_aligned_plane_1_mirror_input_angle.bin
development,27200,1,aligned_plane,1,generic_plane_scalar,0.0,4183,0.0,4.6647779963677746e-05,1048576,aa9c878d0cc8bcccc36c2ad00e55d5d961698a92770d82ca27160669f2bae0c4,experiments/mirror_applications/ma-272-input-centric-oftv2-mirror/artifacts/payloads/27200_1_aligned_plane_1_generic_plane_scalar.bin
development,27200,1,aligned_plane,1,shared_baseline,0.1307307630777359,4174,0.0,2.525139003410004e-05,0,d159b8d48448c42e62c091b1584cc3647549008e3c8029288604ed6c5fe0fd03,experiments/mirror_applications/ma-272-input-centric-oftv2-mirror/artifacts/payloads/27200_1_aligned_plane_1_shared_baseline.bin
development,27200,1,aligned_plane,2,oftv2_input,0.0,8270,0.0,4.7076810005819425e-05,1048576,7de3e31f28195acdec669b06f9358be05e0f0e64bb4ac194062674c79fe6df03,experiments/mirror_applications/ma-272-input-centric-oftv2-mirror/artifacts/payloads/27200_1_aligned_plane_2_oftv2_input.bin
development,27200,1,aligned_plane,2,oft_materialized,2.874711491074322e-08,8275,1.924901152960956e-05,2.2670269972877578e-05,0,df79689d8c1a766a13aecaf3b17911ff5ce799048fca6c3f1f9b57fd31c00c29,experiments/mirror_applications/ma-272-input-centric-oftv2-mirror/artifacts/payloads/27200_1_aligned_plane_2_oft_materialized.bin
development,27200,1,aligned_plane,2,mirror_input_angle,0.0,4181,0.0,4.7093039902392776e-05,1048576,4e6b36c6040e0c313affce018521da2a00ff0fe8f104014a91b9cf148d9e7824,experiments/mirror_applications/ma-272-input-centric-oftv2-mirror/artifacts/payloads/27200_1_aligned_plane_2_mirror_input_angle.bin
development,27200,1,aligned_plane,2,generic_plane_scalar,0.0,4183,0.0,5.11881998681929e-05,1048576,600aed519544e129a99f110a6d7d4f4ccab15e9fa9f2e7de2bbe30eeb2b8aaf9,experiments/mirror_applications/ma-272-input-centric-oftv2-mirror/artifacts/payloads/27200_1_aligned_plane_2_generic_plane_scalar.bin
development,27200,1,aligned_plane,2,shared_baseline,0.07892501354217529,4174,0.0,2.1749809966422618e-05,0,d159b8d48448c42e62c091b1584cc3647549008e3c8029288604ed6c5fe0fd03,experiments/mirror_applications/ma-272-input-centric-oftv2-mirror/artifacts/payloads/27200_1_aligned_plane_2_shared_baseline.bin
development,27200,1,aligned_plane,3,oftv2_input,0.0,8270,0.0,4.884392998064868e-05,1048576,5193a723282bd36cdd1fa36e5bfa3644173f0d4318190e754e216ca8137553bc,experiments/mirror_applications/ma-272-input-centric-oftv2-mirror/artifacts/payloads/27200_1_aligned_plane_3_oftv2_input.bin
development,27200,1,aligned_plane,3,oft_materialized,2.7673253910620588e-08,8275,1.6395002603530884e-05,2.253527010907419e-05,0,a4e7af16abbfd747b76e08fe4dd4a1c1ffffb7e0ce8d2c147d9e68329553a2c1,experiments/mirror_applications/ma-272-input-centric-oftv2-mirror/artifacts/payloads/27200_1_aligned_plane_3_oft_materialized.bin
development,27200,1,aligned_plane,3,mirror_input_angle,0.0,4181,0.0,4.653660987969488e-05,1048576,d407110099cd494465747dbbb876196b2388e6d87727f37686e316371a881c03,experiments/mirror_applications/ma-272-input-centric-oftv2-mirror/artifacts/payloads/27200_1_aligned_plane_3_mirror_input_angle.bin
development,27200,1,aligned_plane,3,generic_plane_scalar,0.0,4183,0.0,4.676445008954033e-05,1048576,5532a4736cf2d8243554a3985ec7ac3cbfc7f04be476b86c22b257df4e296122,experiments/mirror_applications/ma-272-input-centric-oftv2-mirror/artifacts/payloads/27200_1_aligned_plane_3_generic_plane_scalar.bin
development,27200,1,aligned_plane,3,shared_baseline,0.02637874335050583,4174,0.0,2.3762989876559004e-05,0,d159b8d48448c42e62c091b1584cc3647549008e3c8029288604ed6c5fe0fd03,experiments/mirror_applications/ma-272-input-centric-oftv2-mirror/artifacts/payloads/27200_1_aligned_plane_3_shared_baseline.bin
development,27200,1,aligned_plane,4,oftv2_input,0.0,8270,0.0,4.655343000194989e-05,1048576,db897be1748e0498dae85c260ddad542d7ecb3e236553de3d4d5eb0f6faf9ef5,experiments/mirror_applications/ma-272-input-centric-oftv2-mirror/artifacts/payloads/27200_1_aligned_plane_4_oftv2_input.bin
development,27200,1,aligned_plane,4,oft_materialized,2.7286681358873466e-08,8275,1.8156992155127227e-05,2.305364003404975e-05,0,ec425d015bdb2756c5b2c8d0ad0065fc9e1c9e648c77cd3057693368c4791843,experiments/mirror_applications/ma-272-input-centric-oftv2-mirror/artifacts/payloads/27200_1_aligned_plane_4_oft_materialized.bin
development,27200,1,aligned_plane,4,mirror_input_angle,0.0,4181,0.0,4.570337987388484e-05,1048576,6ddc518f1d94fe623252661af8c2cfddcb6e82369224b2b781a3744b78a18c63,experiments/mirror_applications/ma-272-input-centric-oftv2-mirror/artifacts/payloads/27200_1_aligned_plane_4_mirror_input_angle.bin
development,27200,1,aligned_plane,4,generic_plane_scalar,0.0,4183,0.0,4.691157009801827e-05,1048576,0520c65b6b28c651b6f387bd56222007d613f8854c5a114787499217141ffcf2,experiments/mirror_applications/ma-272-input-centric-oftv2-mirror/artifacts/payloads/27200_1_aligned_plane_4_generic_plane_scalar.bin
development,27200,1,aligned_plane,4,shared_baseline,0.026357561349868774,4174,0.0,2.323010005056858e-05,0,d159b8d48448c42e62c091b1584cc3647549008e3c8029288604ed6c5fe0fd03,experiments/mirror_applications/ma-272-input-centric-oftv2-mirror/artifacts/payloads/27200_1_aligned_plane_4_shared_baseline.bin
development,27200,1,aligned_plane,5,oftv2_input,0.0,8270,0.0,4.776001995196566e-05,1048576,b0b61c916ea02adcd27fe9757d2a57f8bcd7d306dafaaac1ac68ecb9c32fa81e,experiments/mirror_applications/ma-272-input-centric-oftv2-mirror/artifacts/payloads/27200_1_aligned_plane_5_oftv2_input.bin
development,27200,1,aligned_plane,5,oft_materialized,2.7233630461864777e-08,8275,1.8177001038566232e-05,2.227207995019853e-05,0,2615dd689432af34bef0efed102faae08c3286a1aaf0eb0a64b9bcfcc1318d1f,experiments/mirror_applications/ma-272-input-centric-oftv2-mirror/artifacts/payloads/27200_1_aligned_plane_5_oft_materialized.bin
development,27200,1,aligned_plane,5,mirror_input_angle,0.0,4181,0.0,4.675874006352387e-05,1048576,f8e52a0518f6c24469f75c76deb029779a2bb8550845b21da2b7edd9987156b4,experiments/mirror_applications/ma-272-input-centric-oftv2-mirror/artifacts/payloads/27200_1_aligned_plane_5_mirror_input_angle.bin
development,27200,1,aligned_plane,5,generic_plane_scalar,0.0,4183,0.0,4.948197994963266e-05,1048576,48493153844472b1a561c1352cac4d7f770fc9ef339f7471d58dc6584aecfed9,experiments/mirror_applications/ma-272-input-centric-oftv2-mirror/artifacts/payloads/27200_1_aligned_plane_5_generic_plane_scalar.bin
development,27200,1,aligned_plane,5,shared_baseline,0.0787375420331955,4174,0.0,2.2297020041150973e-05,0,d159b8d48448c42e62c091b1584cc3647549008e3c8029288604ed6c5fe0fd03,experiments/mirror_applications/ma-272-input-centric-oftv2-mirror/artifacts/payloads/27200_1_aligned_plane_5_shared_baseline.bin
development,27200,1,aligned_plane,6,oftv2_input,0.0,8270,0.0,4.5640790049219503e-05,1048576,34fd0269724d42e57bbee6658139d12934aafa33e049d08cd86dc217bd11f3d0,experiments/mirror_applications/ma-272-input-centric-oftv2-mirror/artifacts/payloads/27200_1_aligned_plane_6_oftv2_input.bin
development,27200,1,aligned_plane,6,oft_materialized,2.7896847498709576e-08,8275,1.667501055635512e-05,2.6989659963874147e-05,0,ad83305803a94ae4024f93f2f2caa7fa8f98bfdfde9aa5a717aa09e6f9e822ea,experiments/mirror_applications/ma-272-input-centric-oftv2-mirror/artifacts/payloads/27200_1_aligned_plane_6_oft_materialized.bin
development,27200,1,aligned_plane,6,mirror_input_angle,0.0,4181,0.0,4.82496501354035e-05,1048576,4502e5e766345fd8301080eddb46e433415e91d0fb568e57eb8509b7635a250d,experiments/mirror_applications/ma-272-input-centric-oftv2-mirror/artifacts/payloads/27200_1_aligned_plane_6_mirror_input_angle.bin
development,27200,1,aligned_plane,6,generic_plane_scalar,0.0,4183,0.0,4.5124730095267294e-05,1048576,57f22aab1ee55148e4f8bad2e81bad8220a4d0adf3d5c56bd24b06207614b76c,experiments/mirror_applications/ma-272-input-centric-oftv2-mirror/artifacts/payloads/27200_1_aligned_plane_6_generic_plane_scalar.bin
development,27200,1,aligned_plane,6,shared_baseline,0.13022708892822266,4174,0.0,2.2356010013027117e-05,0,d159b8d48448c42e62c091b1584cc3647549008e3c8029288604ed6c5fe0fd03,experiments/mirror_applications/ma-272-input-centric-oftv2-mirror/artifacts/payloads/27200_1_aligned_plane_6_shared_baseline.bin
development,27200,1,aligned_plane,7,oftv2_input,0.0,8270,0.0,4.530609003268182e-05,1048576,c5b5a79a186f1490d8719fb9d28d05561c8fb9ec536f38ba23982cba296f3b9e,experiments/mirror_applications/ma-272-input-centric-oftv2-mirror/artifacts/payloads/27200_1_aligned_plane_7_oftv2_input.bin
development,27200,1,aligned_plane,7,oft_materialized,2.8427011855569617e-08,8275,1.685500319581479e-05,2.198585993028246e-05,0,94a23cddb7faa321dcf63babffa20448e27dd0cae83d81ecad3c17ef53f812f4,experiments/mirror_applications/ma-272-input-centric-oftv2-mirror/artifacts/payloads/27200_1_aligned_plane_7_oft_materialized.bin
development,27200,1,aligned_plane,7,mirror_input_angle,0.0,4181,0.0,4.522025992628187e-05,1048576,ab4cf764da355224871bacd3325c8369471293408cb4d2287f8aebd54fcc13e2,experiments/mirror_applications/ma-272-input-centric-oftv2-mirror/artifacts/payloads/27200_1_aligned_plane_7_mirror_input_angle.bin
development,27200,1,aligned_plane,7,generic_plane_scalar,0.0,4183,0.0,4.765927995322272e-05,1048576,7929a4cae2008390f16595daa65433ad2d0cca5f68b286748aa0f8b2374e34b2,experiments/mirror_applications/ma-272-input-centric-oftv2-mirror/artifacts/payloads/27200_1_aligned_plane_7_generic_plane_scalar.bin
development,27200,1,aligned_plane,7,shared_baseline,0.18031175434589386,4174,0.0,2.2117350017651915e-05,0,d159b8d48448c42e62c091b1584cc3647549008e3c8029288604ed6c5fe0fd03,experiments/mirror_applications/ma-272-input-centric-oftv2-mirror/artifacts/payloads/27200_1_aligned_plane_7_shared_baseline.bin
development,27200,1,independent_orthogonal,0,oftv2_input,0.0,8270,0.0,5.153981997864321e-05,1048576,70642c3270e70311486fe159e445be5b74bd2218eb5813db48dc3fbd53f71d24,experiments/mirror_applications/ma-272-input-centric-oftv2-mirror/artifacts/payloads/27200_1_independent_orthogonal_0_oftv2_input.bin
development,27200,1,independent_orthogonal,0,oft_materialized,2.0932800737227808e-07,8275,1.852700370363891e-05,2.3626889887964353e-05,0,d60fec244b44361f74a81ecff779a8a45973da98f1e633bb35e1c76bbff6e0ad,experiments/mirror_applications/ma-272-input-centric-oftv2-mirror/artifacts/payloads/27200_1_independent_orthogonal_0_oft_materialized.bin
development,27200,1,independent_orthogonal,0,shared_baseline,1.3822177648544312,4174,0.0,2.3732839908916504e-05,0,d159b8d48448c42e62c091b1584cc3647549008e3c8029288604ed6c5fe0fd03,experiments/mirror_applications/ma-272-input-centric-oftv2-mirror/artifacts/payloads/27200_1_independent_orthogonal_0_shared_baseline.bin
development,27200,1,independent_orthogonal,1,oftv2_input,0.0,8270,0.0,4.696956006227992e-05,1048576,8f2d1d08f0049b284aeaf290b2f0a01e8ad4f318c23bb007a136a363f96a6857,experiments/mirror_applications/ma-272-input-centric-oftv2-mirror/artifacts/payloads/27200_1_independent_orthogonal_1_oftv2_input.bin
development,27200,1,independent_orthogonal,1,oft_materialized,2.0687583912604168e-07,8275,1.7596001271158457e-05,2.4890759959816933e-05,0,420cd2f94a2146209e35c21db9f2be13a4bc9d68139d4d8c41c925bdf7f8fe6d,experiments/mirror_applications/ma-272-input-centric-oftv2-mirror/artifacts/payloads/27200_1_independent_orthogonal_1_oft_materialized.bin
development,27200,1,independent_orthogonal,1,shared_baseline,1.3655450344085693,4174,0.0,2.3465039994334802e-05,0,d159b8d48448c42e62c091b1584cc3647549008e3c8029288604ed6c5fe0fd03,experiments/mirror_applications/ma-272-input-centric-oftv2-mirror/artifacts/payloads/27200_1_independent_orthogonal_1_shared_baseline.bin
development,27200,1,independent_orthogonal,2,oftv2_input,0.0,8270,0.0,4.6697250072611494e-05,1048576,0c4b31287fe64e32e2c45bbac2df6ec2473d3d548a8e099963acebd5b33b73e8,experiments/mirror_applications/ma-272-input-centric-oftv2-mirror/artifacts/payloads/27200_1_independent_orthogonal_2_oftv2_input.bin
development,27200,1,independent_orthogonal,2,oft_materialized,2.0669438072218327e-07,8275,2.227300137747079e-05,2.355238000745885e-05,0,96304f2baf951663093e1f878766dc286433e3cc1614819175cbe53abcfb5a19,experiments/mirror_applications/ma-272-input-centric-oftv2-mirror/artifacts/payloads/27200_1_independent_orthogonal_2_oft_materialized.bin
development,27200,1,independent_orthogonal,2,shared_baseline,1.368805170059204,4174,0.0,2.293696001288481e-05,0,d159b8d48448c42e62c091b1584cc3647549008e3c8029288604ed6c5fe0fd03,experiments/mirror_applications/ma-272-input-centric-oftv2-mirror/artifacts/payloads/27200_1_independent_orthogonal_2_shared_baseline.bin
development,27200,1,independent_orthogonal,3,oftv2_input,0.0,8270,0.0,4.887426999630406e-05,1048576,8714f25c7d6d79c49034f5ecd7ab85d2ce2d0fdfaa78b5c23afb10d6b03318d4,experiments/mirror_applications/ma-272-input-centric-oftv2-mirror/artifacts/payloads/27200_1_independent_orthogonal_3_oftv2_input.bin
development,27200,1,independent_orthogonal,3,oft_materialized,2.082361874045091e-07,8275,1.642399001866579e-05,2.438840994727798e-05,0,f4e536b7a4f4ca799445278dbd593f2d17de28057f61ae73006ed531036b66bb,experiments/mirror_applications/ma-272-input-centric-oftv2-mirror/artifacts/payloads/27200_1_independent_orthogonal_3_oft_materialized.bin
development,27200,1,independent_orthogonal,3,shared_baseline,1.4273613691329956,4174,0.0,2.171796004404314e-05,0,d159b8d48448c42e62c091b1584cc3647549008e3c8029288604ed6c5fe0fd03,experiments/mirror_applications/ma-272-input-centric-oftv2-mirror/artifacts/payloads/27200_1_independent_orthogonal_3_shared_baseline.bin
development,27200,1,independent_orthogonal,4,oftv2_input,0.0,8270,0.0,5.179239000426605e-05,1048576,59181d22725cacfac0ce7101b8d51ecbe5c96e7122ac2e82ba8209161b6c8249,experiments/mirror_applications/ma-272-input-centric-oftv2-mirror/artifacts/payloads/27200_1_independent_orthogonal_4_oftv2_input.bin
development,27200,1,independent_orthogonal,4,oft_materialized,2.0869256900368782e-07,8275,1.6915000742301345e-05,2.626198998768814e-05,0,81dd5d432a3f1bb639b2d09d0fc3645d79dac512b06d279e60a7b7deed76c814,experiments/mirror_applications/ma-272-input-centric-oftv2-mirror/artifacts/payloads/27200_1_independent_orthogonal_4_oft_materialized.bin
development,27200,1,independent_orthogonal,4,shared_baseline,1.4827889204025269,4174,0.0,2.310091003892012e-05,0,d159b8d48448c42e62c091b1584cc3647549008e3c8029288604ed6c5fe0fd03,experiments/mirror_applications/ma-272-input-centric-oftv2-mirror/artifacts/payloads/27200_1_independent_orthogonal_4_shared_baseline.bin
development,27200,1,independent_orthogonal,5,oftv2_input,0.0,8270,0.0,4.685377993155271e-05,1048576,bc628402a5ebedad113bd9e88ce7ee0179f7566e788497f6986370e7aa254da6,experiments/mirror_applications/ma-272-input-centric-oftv2-mirror/artifacts/payloads/27200_1_independent_orthogonal_5_oftv2_input.bin
development,27200,1,independent_orthogonal,5,oft_materialized,2.0773023834408377e-07,8275,1.702499866951257e-05,2.3233300016727298e-05,0,35d4dc52ffb0c7114686a071a997cfd808eb2b8d70cab09bb1ee7e6ad47887cc,experiments/mirror_applications/ma-272-input-centric-oftv2-mirror/artifacts/payloads/27200_1_independent_orthogonal_5_oft_materialized.bin
development,27200,1,independent_orthogonal,5,shared_baseline,1.3796011209487915,4174,0.0,2.2554000024683775e-05,0,d159b8d48448c42e62c091b1584cc3647549008e3c8029288604ed6c5fe0fd03,experiments/mirror_applications/ma-272-input-centric-oftv2-mirror/artifacts/payloads/27200_1_independent_orthogonal_5_shared_baseline.bin
development,27200,1,independent_orthogonal,6,oftv2_input,0.0,8270,0.0,4.6260310045909134e-05,1048576,edb70ecb2a61c09ce50fccdabf391bb646e2fa960b27c6aa3464330c4aa01f59,experiments/mirror_applications/ma-272-input-centric-oftv2-mirror/artifacts/payloads/27200_1_independent_orthogonal_6_oftv2_input.bin
development,27200,1,independent_orthogonal,6,oft_materialized,2.0594724503553152e-07,8275,1.8566992366686463e-05,2.3576620005769655e-05,0,d7e0bc84454e714d89451c1b8709adb741579926fb4cb5586d268c8081edc54a,experiments/mirror_applications/ma-272-input-centric-oftv2-mirror/artifacts/payloads/27200_1_independent_orthogonal_6_oft_materialized.bin
development,27200,1,independent_orthogonal,6,shared_baseline,1.4179940223693848,4174,0.0,2.2249449975788594e-05,0,d159b8d48448c42e62c091b1584cc3647549008e3c8029288604ed6c5fe0fd03,experiments/mirror_applications/ma-272-input-centric-oftv2-mirror/artifacts/payloads/27200_1_independent_orthogonal_6_shared_baseline.bin
development,27200,1,independent_orthogonal,7,oftv2_input,0.0,8270,0.0,5.2287729922682046e-05,1048576,99678e79bea28ec9ea14be8b200543564cdb493df852ec5b9a022aa9bbe3cbe0,experiments/mirror_applications/ma-272-input-centric-oftv2-mirror/artifacts/payloads/27200_1_independent_orthogonal_7_oftv2_input.bin
development,27200,1,independent_orthogonal,7,oft_materialized,2.06557473347857e-07,8275,1.7997008399106562e-05,3.326095000375062e-05,0,cc30cfafcd6643775bb3c41bf98bb5dfa786cb1be64f62990e372a8f223b8eff,experiments/mirror_applications/ma-272-input-centric-oftv2-mirror/artifacts/payloads/27200_1_independent_orthogonal_7_oft_materialized.bin
development,27200,1,independent_orthogonal,7,shared_baseline,1.4582898616790771,4174,0.0,2.1752909960923718e-05,0,d159b8d48448c42e62c091b1584cc3647549008e3c8029288604ed6c5fe0fd03,experiments/mirror_applications/ma-272-input-centric-oftv2-mirror/artifacts/payloads/27200_1_independent_orthogonal_7_shared_baseline.bin
development,27200,2,aligned_plane,0,oftv2_input,0.0,8270,0.0,7.37969801411964e-05,1048576,230c80620114609a273b4cf58aa9d7bde622cdebffebbab7e07360fb0a03bf36,experiments/mirror_applications/ma-272-input-centric-oftv2-mirror/artifacts/payloads/27200_2_aligned_plane_0_oftv2_input.bin
development,27200,2,aligned_plane,0,oft_materialized,2.6070427594504508e-08,8275,2.7080008294433355e-05,7.104951000656002e-05,0,511f4f46adbd324828d6c2587761febdaed47fdd1f25676957920bc2af559ba4,experiments/mirror_applications/ma-272-input-centric-oftv2-mirror/artifacts/payloads/27200_2_aligned_plane_0_oft_materialized.bin
development,27200,2,aligned_plane,0,mirror_input_angle,0.0,4181,0.0,5.181152999284677e-05,1048576,fc5bc90fbc121e2d942387f1a1849c0d24e59b0ccea58c53d7d44cfe54515708,experiments/mirror_applications/ma-272-input-centric-oftv2-mirror/artifacts/payloads/27200_2_aligned_plane_0_mirror_input_angle.bin
development,27200,2,aligned_plane,0,generic_plane_scalar,0.0,4183,0.0,4.8798560019349676e-05,1048576,327cda3387aedc866ec10cb9c5087aecb70f2fa75690e8e3905a48b677523c0c,experiments/mirror_applications/ma-272-input-centric-oftv2-mirror/artifacts/payloads/27200_2_aligned_plane_0_generic_plane_scalar.bin
development,27200,2,aligned_plane,0,shared_baseline,0.15544690191745758,4174,0.0,2.5280029949499293e-05,0,24b2a6efd922e27ed00da3c27f998987ea0a333576e6bbfd6a4c7f01f71a1234,experiments/mirror_applications/ma-272-input-centric-oftv2-mirror/artifacts/payloads/27200_2_aligned_plane_0_shared_baseline.bin
development,27200,2,aligned_plane,1,oftv2_input,0.0,8270,0.0,4.933035001158714e-05,1048576,e8b2a1475c98adcba9c4bebf6a77269eb59b71c8147f77619858ed43288fe16e,experiments/mirror_applications/ma-272-input-centric-oftv2-mirror/artifacts/payloads/27200_2_aligned_plane_1_oftv2_input.bin
development,27200,2,aligned_plane,1,oft_materialized,2.747103877709378e-08,8275,1.8437000107951462e-05,2.29324700194411e-05,0,1e5b5e27251868f056c90499da9de51f68d0318c52ad85786433db0172f41485,experiments/mirror_applications/ma-272-input-centric-oftv2-mirror/artifacts/payloads/27200_2_aligned_plane_1_oft_materialized.bin
development,27200,2,aligned_plane,1,mirror_input_angle,0.0,4181,0.0,5.2663390088127924e-05,1048576,3728c982f6fd2ed541a4ea1779a5a6382f4188bc4206cbc0a5ab227855aa0118,experiments/mirror_applications/ma-272-input-centric-oftv2-mirror/artifacts/payloads/27200_2_aligned_plane_1_mirror_input_angle.bin
development,27200,2,aligned_plane,1,generic_plane_scalar,0.0,4183,0.0,4.657407000195235e-05,1048576,7bf24309690272acbaa5524797475d011402322b60999fd089f5203c60f173c0,experiments/mirror_applications/ma-272-input-centric-oftv2-mirror/artifacts/payloads/27200_2_aligned_plane_1_generic_plane_scalar.bin
development,27200,2,aligned_plane,1,shared_baseline,0.1122111976146698,4174,0.0,2.2609480074606834e-05,0,24b2a6efd922e27ed00da3c27f998987ea0a333576e6bbfd6a4c7f01f71a1234,experiments/mirror_applications/ma-272-input-centric-oftv2-mirror/artifacts/payloads/27200_2_aligned_plane_1_shared_baseline.bin
development,27200,2,aligned_plane,2,oftv2_input,0.0,8270,0.0,5.0107199931517244e-05,1048576,803ad76f2f993d16972773dc23d61cafa5f3318a7006150b8588d65cb806e1bb,experiments/mirror_applications/ma-272-input-centric-oftv2-mirror/artifacts/payloads/27200_2_aligned_plane_2_oftv2_input.bin
development,27200,2,aligned_plane,2,oft_materialized,2.7920805223402567e-08,8275,2.051999035757035e-05,2.308267998159863e-05,0,e66c596571249b4306e4bfb468e299a2394ca0e7f8b05f69d1b4fbc3c7724485,experiments/mirror_applications/ma-272-input-centric-oftv2-mirror/artifacts/payloads/27200_2_aligned_plane_2_oft_materialized.bin
development,27200,2,aligned_plane,2,mirror_input_angle,0.0,4181,0.0,4.822732007596642e-05,1048576,9bec481b64f8bb0c6d363961604b4d982214bb841aba17e75d66f49550723907,experiments/mirror_applications/ma-272-input-centric-oftv2-mirror/artifacts/payloads/27200_2_aligned_plane_2_mirror_input_angle.bin
development,27200,2,aligned_plane,2,generic_plane_scalar,0.0,4183,0.0,4.879796004388481e-05,1048576,9847a18ce6d91c96873d9c04f7a9d337ef9bf4a3cf32be5cc8a172d59cd7a6ed,experiments/mirror_applications/ma-272-input-centric-oftv2-mirror/artifacts/payloads/27200_2_aligned_plane_2_generic_plane_scalar.bin
development,27200,2,aligned_plane,2,shared_baseline,0.06781677156686783,4174,0.0,2.340345992706716e-05,0,24b2a6efd922e27ed00da3c27f998987ea0a333576e6bbfd6a4c7f01f71a1234,experiments/mirror_applications/ma-272-input-centric-oftv2-mirror/artifacts/payloads/27200_2_aligned_plane_2_shared_baseline.bin
development,27200,2,aligned_plane,3,oftv2_input,0.0,8270,0.0,4.647130990633741e-05,1048576,b3943d744f2df67d846ecf1a2244ceb0a0cb3d3b1e8f2763523367d8ec7d8640,experiments/mirror_applications/ma-272-input-centric-oftv2-mirror/artifacts/payloads/27200_2_aligned_plane_3_oftv2_input.bin
development,27200,2,aligned_plane,3,oft_materialized,2.693391820685065e-08,8275,1.7226004274562e-05,2.4280450015794487e-05,0,0b1e6c7ed8eb2569fca96d3b0b4f3470c81a3a14be20c993216a7337a3a52b66,experiments/mirror_applications/ma-272-input-centric-oftv2-mirror/artifacts/payloads/27200_2_aligned_plane_3_oft_materialized.bin
development,27200,2,aligned_plane,3,mirror_input_angle,0.0,4181,0.0,5.0564470002427696e-05,1048576,5430c487d7e905d8bb622f43c6104b5349a5268fe4fa34da6029c9a6ce9d3de9,experiments/mirror_applications/ma-272-input-centric-oftv2-mirror/artifacts/payloads/27200_2_aligned_plane_3_mirror_input_angle.bin
development,27200,2,aligned_plane,3,generic_plane_scalar,0.0,4183,0.0,4.704956998466514e-05,1048576,f4707d0a1faef0403645c97986f76d046887823efe5f74b63939655b5f60e2b1,experiments/mirror_applications/ma-272-input-centric-oftv2-mirror/artifacts/payloads/27200_2_aligned_plane_3_generic_plane_scalar.bin
development,27200,2,aligned_plane,3,shared_baseline,0.02269514836370945,4174,0.0,2.292034012498334e-05,0,24b2a6efd922e27ed00da3c27f998987ea0a333576e6bbfd6a4c7f01f71a1234,experiments/mirror_applications/ma-272-input-centric-oftv2-mirror/artifacts/payloads/27200_2_aligned_plane_3_shared_baseline.bin
development,27200,2,aligned_plane,4,oftv2_input,0.0,8270,0.0,4.6236579946707935e-05,1048576,361c0c6b6923f2e5f6a346ddae837a3067362315138256da1346427321b08df0,experiments/mirror_applications/ma-272-input-centric-oftv2-mirror/artifacts/payloads/27200_2_aligned_plane_4_oftv2_input.bin
development,27200,2,aligned_plane,4,oft_materialized,2.61174868398939e-08,8275,1.716498809400946e-05,2.2556299954885615e-05,0,990b1315260d0e72b91773ad029d5b1063e1668f927d4bb926d200f19a5ba529,experiments/mirror_applications/ma-272-input-centric-oftv2-mirror/artifacts/payloads/27200_2_aligned_plane_4_oft_materialized.bin
development,27200,2,aligned_plane,4,mirror_input_angle,0.0,4181,0.0,5.03497599856928e-05,1048576,cacd7096704b53750753afe1b7b293b0ef3e0d11f207a1a7c920a0e59981d6fe,experiments/mirror_applications/ma-272-input-centric-oftv2-mirror/artifacts/payloads/27200_2_aligned_plane_4_mirror_input_angle.bin
development,27200,2,aligned_plane,4,generic_plane_scalar,0.0,4183,0.0,4.6588889963459225e-05,1048576,b75ce57e98e68f81a3eeb3d565ef50e25e9f222412624d4043fec53208021eb4,experiments/mirror_applications/ma-272-input-centric-oftv2-mirror/artifacts/payloads/27200_2_aligned_plane_4_generic_plane_scalar.bin
development,27200,2,aligned_plane,4,shared_baseline,0.022709717974066734,4174,0.0,2.394255992840044e-05,0,24b2a6efd922e27ed00da3c27f998987ea0a333576e6bbfd6a4c7f01f71a1234,experiments/mirror_applications/ma-272-input-centric-oftv2-mirror/artifacts/payloads/27200_2_aligned_plane_4_shared_baseline.bin
development,27200,2,aligned_plane,5,oftv2_input,0.0,8270,0.0,4.833037004573271e-05,1048576,ed249cfc818d15364c76e3996cc2b1f20b44ebf03ebd24a4d808313c54dde2c5,experiments/mirror_applications/ma-272-input-centric-oftv2-mirror/artifacts/payloads/27200_2_aligned_plane_5_oftv2_input.bin
development,27200,2,aligned_plane,5,oft_materialized,2.8700213761112536e-08,8275,2.073099312838167e-05,2.3691990063525735e-05,0,886af90bbbae28434a21fecdd9ee00c536ff1b9b3f3b60b63a5920cbc5601736,experiments/mirror_applications/ma-272-input-centric-oftv2-mirror/artifacts/payloads/27200_2_aligned_plane_5_oft_materialized.bin
development,27200,2,aligned_plane,5,mirror_input_angle,0.0,4181,0.0,4.794480002601631e-05,1048576,41be53e0f2375d90c5ca25ce964681dbcf4dae9dd952aabcd4c21222f7ee116d,experiments/mirror_applications/ma-272-input-centric-oftv2-mirror/artifacts/payloads/27200_2_aligned_plane_5_mirror_input_angle.bin
development,27200,2,aligned_plane,5,generic_plane_scalar,0.0,4183,0.0,4.827238997677341e-05,1048576,cfa5bbd931bd12d21f2b0d9c9e45e459299c93e11b603c0da7621f0339286254,experiments/mirror_applications/ma-272-input-centric-oftv2-mirror/artifacts/payloads/27200_2_aligned_plane_5_generic_plane_scalar.bin
development,27200,2,aligned_plane,5,shared_baseline,0.06794539839029312,4174,0.0,2.295760001288727e-05,0,24b2a6efd922e27ed00da3c27f998987ea0a333576e6bbfd6a4c7f01f71a1234,experiments/mirror_applications/ma-272-input-centric-oftv2-mirror/artifacts/payloads/27200_2_aligned_plane_5_shared_baseline.bin
development,27200,2,aligned_plane,6,oftv2_input,0.0,8270,0.0,4.582755995215848e-05,1048576,4eff40cdeec8b30d1b23dd1b704c346b259f08d22301406ae6429e4b46334977,experiments/mirror_applications/ma-272-input-centric-oftv2-mirror/artifacts/payloads/27200_2_aligned_plane_6_oftv2_input.bin
development,27200,2,aligned_plane,6,oft_materialized,2.6533763630709473e-08,8275,1.7054990166798234e-05,2.239856999949552e-05,0,900e8bcfca86acbe07cc4d6877ef848115d525c7355b323e0aedd70b3c36d56d,experiments/mirror_applications/ma-272-input-centric-oftv2-mirror/artifacts/payloads/27200_2_aligned_plane_6_oft_materialized.bin
development,27200,2,aligned_plane,6,mirror_input_angle,0.0,4181,0.0,4.905434005195275e-05,1048576,16e8b522846dd7df632128e0a82d16f8de001bdebafc02fd11e5da6ff279d451,experiments/mirror_applications/ma-272-input-centric-oftv2-mirror/artifacts/payloads/27200_2_aligned_plane_6_mirror_input_angle.bin
development,27200,2,aligned_plane,6,generic_plane_scalar,0.0,4183,0.0,5.5903089960338546e-05,1048576,02696fa881c4e1bf254a440ea1dacac87ef268602d053659392108e9916acc01,experiments/mirror_applications/ma-272-input-centric-oftv2-mirror/artifacts/payloads/27200_2_aligned_plane_6_generic_plane_scalar.bin
development,27200,2,aligned_plane,6,shared_baseline,0.11255505681037903,4174,0.0,2.2266279993345962e-05,0,24b2a6efd922e27ed00da3c27f998987ea0a333576e6bbfd6a4c7f01f71a1234,experiments/mirror_applications/ma-272-input-centric-oftv2-mirror/artifacts/payloads/27200_2_aligned_plane_6_shared_baseline.bin
development,27200,2,aligned_plane,7,oftv2_input,0.0,8270,0.0,4.839587010792457e-05,1048576,be79f698f6de2a74aa6cd84cf5ea49f6d9603f89fbd0281cff9ae34b2b596684,experiments/mirror_applications/ma-272-input-centric-oftv2-mirror/artifacts/payloads/27200_2_aligned_plane_7_oftv2_input.bin
development,27200,2,aligned_plane,7,oft_materialized,2.6587635204577964e-08,8275,2.1673011360689998e-05,2.2013089910615236e-05,0,1f1170f854dc444202813d4625a0b445b020beb3069f30e6b8ef24b2de00b443,experiments/mirror_applications/ma-272-input-centric-oftv2-mirror/artifacts/payloads/27200_2_aligned_plane_7_oft_materialized.bin
development,27200,2,aligned_plane,7,mirror_input_angle,0.0,4181,0.0,4.5828359870938586e-05,1048576,9860e5d605915b57e489a1c48dd15b9d0707317b8ed577d5b759e903b746399f,experiments/mirror_applications/ma-272-input-centric-oftv2-mirror/artifacts/payloads/27200_2_aligned_plane_7_mirror_input_angle.bin
development,27200,2,aligned_plane,7,generic_plane_scalar,0.0,4183,0.0,4.81561099877581e-05,1048576,acdc381496e1ba29705cfc3803f281a86046103b1707d6554dc3499ba3612058,experiments/mirror_applications/ma-272-input-centric-oftv2-mirror/artifacts/payloads/27200_2_aligned_plane_7_generic_plane_scalar.bin
development,27200,2,aligned_plane,7,shared_baseline,0.15608279407024384,4174,0.0,2.358893005293794e-05,0,24b2a6efd922e27ed00da3c27f998987ea0a333576e6bbfd6a4c7f01f71a1234,experiments/mirror_applications/ma-272-input-centric-oftv2-mirror/artifacts/payloads/27200_2_aligned_plane_7_shared_baseline.bin
development,27200,2,independent_orthogonal,0,oftv2_input,0.0,8270,0.0,4.933905991492793e-05,1048576,fa0c22560b52d23f262757cbb4d39f2883f2c4b7cfa0ba7d4f98d8a95e4f5e41,experiments/mirror_applications/ma-272-input-centric-oftv2-mirror/artifacts/payloads/27200_2_independent_orthogonal_0_oftv2_input.bin
development,27200,2,independent_orthogonal,0,oft_materialized,2.0768662523096282e-07,8275,1.7084996215999126e-05,2.1833929931744933e-05,0,43438a4226e278b55bf189199baf10881e6df157e9960aa93402d99b8d79b62d,experiments/mirror_applications/ma-272-input-centric-oftv2-mirror/artifacts/payloads/27200_2_independent_orthogonal_0_oft_materialized.bin
development,27200,2,independent_orthogonal,0,shared_baseline,1.3597670793533325,4174,0.0,2.3406659893225877e-05,0,24b2a6efd922e27ed00da3c27f998987ea0a333576e6bbfd6a4c7f01f71a1234,experiments/mirror_applications/ma-272-input-centric-oftv2-mirror/artifacts/payloads/27200_2_independent_orthogonal_0_shared_baseline.bin
development,27200,2,independent_orthogonal,1,oftv2_input,0.0,8270,0.0,4.73810700350441e-05,1048576,3fe047a2145751d79f403106bdb81c1773c428cfa278b69dfc84645f3957499f,experiments/mirror_applications/ma-272-input-centric-oftv2-mirror/artifacts/payloads/27200_2_independent_orthogonal_1_oftv2_input.bin
development,27200,2,independent_orthogonal,1,oft_materialized,2.0780294107680675e-07,8275,1.6054007573984563e-05,2.420563992927782e-05,0,c82c2b2ff66070eae2530b619bcd9cae7af2a348649444818293e21bfe65e232,experiments/mirror_applications/ma-272-input-centric-oftv2-mirror/artifacts/payloads/27200_2_independent_orthogonal_1_oft_materialized.bin
development,27200,2,independent_orthogonal,1,shared_baseline,1.4174538850784302,4174,0.0,2.3179430136224256e-05,0,24b2a6efd922e27ed00da3c27f998987ea0a333576e6bbfd6a4c7f01f71a1234,experiments/mirror_applications/ma-272-input-centric-oftv2-mirror/artifacts/payloads/27200_2_independent_orthogonal_1_shared_baseline.bin
development,27200,2,independent_orthogonal,2,oftv2_input,0.0,8270,0.0,4.8582949966657905e-05,1048576,670ecc134ef31622cf578dc090f6189443725477485a6fab592e0171fbe1b904,experiments/mirror_applications/ma-272-input-centric-oftv2-mirror/artifacts/payloads/27200_2_independent_orthogonal_2_oftv2_input.bin
development,27200,2,independent_orthogonal,2,oft_materialized,2.1112830950187345e-07,8275,2.116100222337991e-05,2.231815000413917e-05,0,2fe31bb34ffc3ef235e35b9ec2b5206413a3bae53a1eeae808e6967c3ac8f849,experiments/mirror_applications/ma-272-input-centric-oftv2-mirror/artifacts/payloads/27200_2_independent_orthogonal_2_oft_materialized.bin
development,27200,2,independent_orthogonal,2,shared_baseline,1.3955246210098267,4174,0.0,2.309959992999211e-05,0,24b2a6efd922e27ed00da3c27f998987ea0a333576e6bbfd6a4c7f01f71a1234,experiments/mirror_applications/ma-272-input-centric-oftv2-mirror/artifacts/payloads/27200_2_independent_orthogonal_2_shared_baseline.bin
development,27200,2,independent_orthogonal,3,oftv2_input,0.0,8270,0.0,4.83107399486471e-05,1048576,1e7c3887b0c1c961948af1da6094831b01cb53564ff3dbe6457343164521cf1b,experiments/mirror_applications/ma-272-input-centric-oftv2-mirror/artifacts/payloads/27200_2_independent_orthogonal_3_oftv2_input.bin
development,27200,2,independent_orthogonal,3,oft_materialized,2.0367119191178062e-07,8275,1.7787009710446e-05,5.5931430106284095e-05,0,3f1fc50724a4b2d5b9754d62d6559ed5c6337085396add923ee6b61fd916379e,experiments/mirror_applications/ma-272-input-centric-oftv2-mirror/artifacts/payloads/27200_2_independent_orthogonal_3_oft_materialized.bin
development,27200,2,independent_orthogonal,3,shared_baseline,1.4727221727371216,4174,0.0,2.3406359978253023e-05,0,24b2a6efd922e27ed00da3c27f998987ea0a333576e6bbfd6a4c7f01f71a1234,experiments/mirror_applications/ma-272-input-centric-oftv2-mirror/artifacts/payloads/27200_2_independent_orthogonal_3_shared_baseline.bin
development,27200,2,independent_orthogonal,4,oftv2_input,0.0,8270,0.0,4.82643699797336e-05,1048576,2a61648fac82cbf6a971061a9a353941f23e544f7fb808d627eac2ebf9f28ad5,experiments/mirror_applications/ma-272-input-centric-oftv2-mirror/artifacts/payloads/27200_2_independent_orthogonal_4_oftv2_input.bin
development,27200,2,independent_orthogonal,4,oft_materialized,2.102090803646206e-07,8275,2.0360006601549685e-05,2.319955994607881e-05,0,6d777bcf6cd9fb622e4974bfb6c08010b7519a0ce69a04e3b2f192511ffb631f,experiments/mirror_applications/ma-272-input-centric-oftv2-mirror/artifacts/payloads/27200_2_independent_orthogonal_4_oft_materialized.bin
development,27200,2,independent_orthogonal,4,shared_baseline,1.424031376838684,4174,0.0,2.3453429894289e-05,0,24b2a6efd922e27ed00da3c27f998987ea0a333576e6bbfd6a4c7f01f71a1234,experiments/mirror_applications/ma-272-input-centric-oftv2-mirror/artifacts/payloads/27200_2_independent_orthogonal_4_shared_baseline.bin
development,27200,2,independent_orthogonal,5,oftv2_input,0.0,8270,0.0,4.919594997772947e-05,1048576,e2a063aad92b75dcc447301a30c73dacaaf95caa9282d80a50431899a0722e55,experiments/mirror_applications/ma-272-input-centric-oftv2-mirror/artifacts/payloads/27200_2_independent_orthogonal_5_oftv2_input.bin
development,27200,2,independent_orthogonal,5,oft_materialized,2.0298952563280181e-07,8275,1.741599407978356e-05,2.3536960070487113e-05,0,1d3ea6c49bb0273e10d5d9769c52664656a75831dd3a07e62c0f46e440cdcaf5,experiments/mirror_applications/ma-272-input-centric-oftv2-mirror/artifacts/payloads/27200_2_independent_orthogonal_5_oft_materialized.bin
development,27200,2,independent_orthogonal,5,shared_baseline,1.484241008758545,4174,0.0,2.3798239999450745e-05,0,24b2a6efd922e27ed00da3c27f998987ea0a333576e6bbfd6a4c7f01f71a1234,experiments/mirror_applications/ma-272-input-centric-oftv2-mirror/artifacts/payloads/27200_2_independent_orthogonal_5_shared_baseline.bin
development,27200,2,independent_orthogonal,6,oftv2_input,0.0,8270,0.0,5.4195750126382334e-05,1048576,758da5969852a85b57c7a13d67d6fb8cf318a710b8cb014c16c22566dca2d759,experiments/mirror_applications/ma-272-input-centric-oftv2-mirror/artifacts/payloads/27200_2_independent_orthogonal_6_oftv2_input.bin
development,27200,2,independent_orthogonal,6,oft_materialized,2.0910499642923241e-07,8275,1.849699765443802e-05,2.3062550026224928e-05,0,e62eeb29528f452654f8cce64ea7672bd33b8d5d023f8f55af345396c2d4c5bb,experiments/mirror_applications/ma-272-input-centric-oftv2-mirror/artifacts/payloads/27200_2_independent_orthogonal_6_oft_materialized.bin
development,27200,2,independent_orthogonal,6,shared_baseline,1.446560263633728,4174,0.0,2.6068400038639084e-05,0,24b2a6efd922e27ed00da3c27f998987ea0a333576e6bbfd6a4c7f01f71a1234,experiments/mirror_applications/ma-272-input-centric-oftv2-mirror/artifacts/payloads/27200_2_independent_orthogonal_6_shared_baseline.bin
development,27200,2,independent_orthogonal,7,oftv2_input,0.0,8270,0.0,4.700339995906688e-05,1048576,78d51510c2c3b0afb8f3a76e8c066023defcaac68e86cfcfe1cc5499b987bc58,experiments/mirror_applications/ma-272-input-centric-oftv2-mirror/artifacts/payloads/27200_2_independent_orthogonal_7_oftv2_input.bin
development,27200,2,independent_orthogonal,7,oft_materialized,2.0947322809661273e-07,8275,1.733499811962247e-05,2.2093620063969866e-05,0,dc2e115ef1041c32f1b41b6a1bb86b2308228fc09610e7eebd98752b8c1d2304,experiments/mirror_applications/ma-272-input-centric-oftv2-mirror/artifacts/payloads/27200_2_independent_orthogonal_7_oft_materialized.bin
development,27200,2,independent_orthogonal,7,shared_baseline,1.3815521001815796,4174,0.0,2.22639599815011e-05,0,24b2a6efd922e27ed00da3c27f998987ea0a333576e6bbfd6a4c7f01f71a1234,experiments/mirror_applications/ma-272-input-centric-oftv2-mirror/artifacts/payloads/27200_2_independent_orthogonal_7_shared_baseline.bin
development,27201,0,aligned_plane,0,oftv2_input,0.0,8270,0.0,4.769343009684235e-05,1048576,7af7e5b2bf0a05e9f9f09490dfe2ce47d38b91865e2eef0fedd2ae5d28e4b906,experiments/mirror_applications/ma-272-input-centric-oftv2-mirror/artifacts/payloads/27201_0_aligned_plane_0_oftv2_input.bin
development,27201,0,aligned_plane,0,oft_materialized,2.791203357332961e-08,8275,1.702499866951257e-05,2.363930005230941e-05,0,932bb7d73435049e4d1b822b9faf01f2c37fad8ca18d909beadd1bc9def97df2,experiments/mirror_applications/ma-272-input-centric-oftv2-mirror/artifacts/payloads/27201_0_aligned_plane_0_oft_materialized.bin
development,27201,0,aligned_plane,0,mirror_input_angle,0.0,4181,0.0,4.777405003551394e-05,1048576,b9da61a9d0aaa5e2cfeeffa91411837e4c1cd12e83131123af0d8ba9b7998869,experiments/mirror_applications/ma-272-input-centric-oftv2-mirror/artifacts/payloads/27201_0_aligned_plane_0_mirror_input_angle.bin
development,27201,0,aligned_plane,0,generic_plane_scalar,0.0,4183,0.0,4.714561000582762e-05,1048576,202536b58fc72a56b59d538e15782b36ba09a3c8ee0b13e9ed4262deb17b3eac,experiments/mirror_applications/ma-272-input-centric-oftv2-mirror/artifacts/payloads/27201_0_aligned_plane_0_generic_plane_scalar.bin
development,27201,0,aligned_plane,0,shared_baseline,0.16363897919654846,4174,0.0,2.2642629919573664e-05,0,86c1e1d3e057b7a5cb50e911f69e37b0afde0c4fb5f39d32e1f97cc53bfa047d,experiments/mirror_applications/ma-272-input-centric-oftv2-mirror/artifacts/payloads/27201_0_aligned_plane_0_shared_baseline.bin
development,27201,0,aligned_plane,1,oftv2_input,0.0,8270,0.0,4.6186899999156596e-05,1048576,bc5ce0652f326b8a054444eecdcbad7e5965126beda8b97e29f1dac0483e9372,experiments/mirror_applications/ma-272-input-centric-oftv2-mirror/artifacts/payloads/27201_0_aligned_plane_1_oftv2_input.bin
development,27201,0,aligned_plane,1,oft_materialized,2.6948853815156326e-08,8275,1.909799175336957e-05,2.4823860003380104e-05,0,2f560a062d80fcf17613cb78bd5ca976a7d118887b7438ad4c1649ef0a004b8c,experiments/mirror_applications/ma-272-input-centric-oftv2-mirror/artifacts/payloads/27201_0_aligned_plane_1_oft_materialized.bin
development,27201,0,aligned_plane,1,mirror_input_angle,0.0,4181,0.0,4.843773000175133e-05,1048576,d4a27c21003f266d1893b798658e5a8609e437f91c2ef098c7305cdb2239d26c,experiments/mirror_applications/ma-272-input-centric-oftv2-mirror/artifacts/payloads/27201_0_aligned_plane_1_mirror_input_angle.bin
development,27201,0,aligned_plane,1,generic_plane_scalar,0.0,4183,0.0,4.8688800015952436e-05,1048576,19f8aee54809e311bcbd0658f5d8e07d1e770220c1951b8769f56b7aa4c3785f,experiments/mirror_applications/ma-272-input-centric-oftv2-mirror/artifacts/payloads/27201_0_aligned_plane_1_generic_plane_scalar.bin
development,27201,0,aligned_plane,1,shared_baseline,0.11804486811161041,4174,0.0,2.2513340081786736e-05,0,86c1e1d3e057b7a5cb50e911f69e37b0afde0c4fb5f39d32e1f97cc53bfa047d,experiments/mirror_applications/ma-272-input-centric-oftv2-mirror/artifacts/payloads/27201_0_aligned_plane_1_shared_baseline.bin
development,27201,0,aligned_plane,2,oftv2_input,0.0,8270,0.0,4.756433001603e-05,1048576,6ad462f5c56c05a35965b16fd8b82605996635d9c538f5c10c3f68cfbe4474ec,experiments/mirror_applications/ma-272-input-centric-oftv2-mirror/artifacts/payloads/27201_0_aligned_plane_2_oftv2_input.bin
development,27201,0,aligned_plane,2,oft_materialized,2.5392502323029476e-08,8275,3.641399962361902e-05,2.3336349986493588e-05,0,942fea305fe2d6f33c81bbe512809679dd573f5a4416f96476a408639ac257fa,experiments/mirror_applications/ma-272-input-centric-oftv2-mirror/artifacts/payloads/27201_0_aligned_plane_2_oft_materialized.bin
development,27201,0,aligned_plane,2,mirror_input_angle,0.0,4181,0.0,4.6680530067533256e-05,1048576,d6cedd23b0c73556746168e827bafba5e39afe2c8a136a932f4340a8a5d19104,experiments/mirror_applications/ma-272-input-centric-oftv2-mirror/artifacts/payloads/27201_0_aligned_plane_2_mirror_input_angle.bin
development,27201,0,aligned_plane,2,generic_plane_scalar,0.0,4183,0.0,4.603867011610418e-05,1048576,9d36379964c2ea134c7546baf7bd409a3a5050a4ef2e510221fbcc3072e4cf4b,experiments/mirror_applications/ma-272-input-centric-oftv2-mirror/artifacts/payloads/27201_0_aligned_plane_2_generic_plane_scalar.bin
development,27201,0,aligned_plane,2,shared_baseline,0.071283258497715,4174,0.0,2.3689480003667994e-05,0,86c1e1d3e057b7a5cb50e911f69e37b0afde0c4fb5f39d32e1f97cc53bfa047d,experiments/mirror_applications/ma-272-input-centric-oftv2-mirror/artifacts/payloads/27201_0_aligned_plane_2_shared_baseline.bin
development,27201,0,aligned_plane,3,oftv2_input,0.0,8270,0.0,6.150767992949113e-05,1048576,253613f2df57e927879f77e7bc2dcb123e7e62a9781f50033a67dcb7197568fc,experiments/mirror_applications/ma-272-input-centric-oftv2-mirror/artifacts/payloads/27201_0_aligned_plane_3_oftv2_input.bin
development,27201,0,aligned_plane,3,oft_materialized,2.6692092092162056e-08,8275,5.6814009440131485e-05,4.212637999444269e-05,0,5818069a1a6e60150791b5edea036e0878a1019d6652c43b27559bb3154d9cdd,experiments/mirror_applications/ma-272-input-centric-oftv2-mirror/artifacts/payloads/27201_0_aligned_plane_3_oft_materialized.bin
development,27201,0,aligned_plane,3,mirror_input_angle,0.0,4181,0.0,4.813769002794288e-05,1048576,991e1ea3281f28ccfd84e928c75ec84d260353101ea20374b7c7a08e6691f438,experiments/mirror_applications/ma-272-input-centric-oftv2-mirror/artifacts/payloads/27201_0_aligned_plane_3_mirror_input_angle.bin
development,27201,0,aligned_plane,3,generic_plane_scalar,0.0,4183,0.0,0.00010106976988026873,1048576,94c5fff2f859de46d65d681226773014d08206420c04e3a91d330c490051e8da,experiments/mirror_applications/ma-272-input-centric-oftv2-mirror/artifacts/payloads/27201_0_aligned_plane_3_generic_plane_scalar.bin
development,27201,0,aligned_plane,3,shared_baseline,0.023832732811570168,4174,0.0,4.883130997768603e-05,0,86c1e1d3e057b7a5cb50e911f69e37b0afde0c4fb5f39d32e1f97cc53bfa047d,experiments/mirror_applications/ma-272-input-centric-oftv2-mirror/artifacts/payloads/27201_0_aligned_plane_3_shared_baseline.bin
development,27201,0,aligned_plane,4,oftv2_input,0.0,8270,0.0,9.013336995849385e-05,1048576,753b6a517d519d243f67279afeeb3f033e406bd3772522e3f118b891260d3df4,experiments/mirror_applications/ma-272-input-centric-oftv2-mirror/artifacts/payloads/27201_0_aligned_plane_4_oftv2_input.bin
development,27201,0,aligned_plane,4,oft_materialized,2.6219007409622463e-08,8275,1.8858001567423344e-05,2.203583004302345e-05,0,fea01df2fe691daa55ebb9eceb045a13b01f72cd1cbcd3c8dddb086b46806043,experiments/mirror_applications/ma-272-input-centric-oftv2-mirror/artifacts/payloads/27201_0_aligned_plane_4_oft_materialized.bin
development,27201,0,aligned_plane,4,mirror_input_angle,0.0,4181,0.0,4.7803990019019696e-05,1048576,3d2f9ff8831df5692e31e74d8ed4df61aae80d064b88a57f3659b2d73c516ed3,experiments/mirror_applications/ma-272-input-centric-oftv2-mirror/artifacts/payloads/27201_0_aligned_plane_4_mirror_input_angle.bin
development,27201,0,aligned_plane,4,generic_plane_scalar,0.0,4183,0.0,4.8832419997779654e-05,1048576,c5ad2cd7783ba97d6bf0b7077a9771633e5ec8d9ea97909c2b1a3a6cebf81584,experiments/mirror_applications/ma-272-input-centric-oftv2-mirror/artifacts/payloads/27201_0_aligned_plane_4_generic_plane_scalar.bin
development,27201,0,aligned_plane,4,shared_baseline,0.023823821917176247,4174,0.0,2.6812210126081482e-05,0,86c1e1d3e057b7a5cb50e911f69e37b0afde0c4fb5f39d32e1f97cc53bfa047d,experiments/mirror_applications/ma-272-input-centric-oftv2-mirror/artifacts/payloads/27201_0_aligned_plane_4_shared_baseline.bin
development,27201,0,aligned_plane,5,oftv2_input,0.0,8270,0.0,4.848430005949922e-05,1048576,adad547bbe68e9bc1488cf06cd162e7b273df251b3a6c641977d0b99c6cb48da,experiments/mirror_applications/ma-272-input-centric-oftv2-mirror/artifacts/payloads/27201_0_aligned_plane_5_oftv2_input.bin
development,27201,0,aligned_plane,5,oft_materialized,2.5392917990529895e-08,8275,1.8217004253529012e-05,2.4423459981335326e-05,0,dfc0fcfa2774b777c12cbafe4f3fc1031cc1810a3a762d874143b4652ebb7d57,experiments/mirror_applications/ma-272-input-centric-oftv2-mirror/artifacts/payloads/27201_0_aligned_plane_5_oft_materialized.bin
development,27201,0,aligned_plane,5,mirror_input_angle,0.0,4181,0.0,4.6292350016301495e-05,1048576,f8952a726fb7026fe2426cf2e4fb022eec7ad3077e544d7e1bfc2b2a25c3f8d7,experiments/mirror_applications/ma-272-input-centric-oftv2-mirror/artifacts/payloads/27201_0_aligned_plane_5_mirror_input_angle.bin
development,27201,0,aligned_plane,5,generic_plane_scalar,0.0,4183,0.0,4.828420002013445e-05,1048576,4381bd2d2c8a7f389cfd19b2b0fec4291636624cf53bafe12ccefbf54c5893d2,experiments/mirror_applications/ma-272-input-centric-oftv2-mirror/artifacts/payloads/27201_0_aligned_plane_5_generic_plane_scalar.bin
development,27201,0,aligned_plane,5,shared_baseline,0.07120460271835327,4174,0.0,2.3191539949038997e-05,0,86c1e1d3e057b7a5cb50e911f69e37b0afde0c4fb5f39d32e1f97cc53bfa047d,experiments/mirror_applications/ma-272-input-centric-oftv2-mirror/artifacts/payloads/27201_0_aligned_plane_5_shared_baseline.bin
development,27201,0,aligned_plane,6,oftv2_input,0.0,8270,0.0,5.296863993862644e-05,1048576,42e9eac43d05da8e9817211abdda7ff92af6e967854c7a1db02323ba56fb4473,experiments/mirror_applications/ma-272-input-centric-oftv2-mirror/artifacts/payloads/27201_0_aligned_plane_6_oftv2_input.bin
development,27201,0,aligned_plane,6,oft_materialized,2.7636156474386553e-08,8275,1.8817998352460563e-05,2.339835002203472e-05,0,b35abf390a2342e40a3e867353726ca10984092ed137a532625191fdef2f78bc,experiments/mirror_applications/ma-272-input-centric-oftv2-mirror/artifacts/payloads/27201_0_aligned_plane_6_oft_materialized.bin
development,27201,0,aligned_plane,6,mirror_input_angle,0.0,4181,0.0,4.6031070087337864e-05,1048576,c0b4dffcf49e7663d5827e4078862a65ab6af95a33cbed0f0ba127dc3fb26250,experiments/mirror_applications/ma-272-input-centric-oftv2-mirror/artifacts/payloads/27201_0_aligned_plane_6_mirror_input_angle.bin
development,27201,0,aligned_plane,6,generic_plane_scalar,0.0,4183,0.0,4.862781002884731e-05,1048576,92de21ed0894397a1ddae1e7bfff88da139127bb8f381e6457d640dac635fe06,experiments/mirror_applications/ma-272-input-centric-oftv2-mirror/artifacts/payloads/27201_0_aligned_plane_6_generic_plane_scalar.bin
development,27201,0,aligned_plane,6,shared_baseline,0.11783425509929657,4174,0.0,2.726317004999146e-05,0,86c1e1d3e057b7a5cb50e911f69e37b0afde0c4fb5f39d32e1f97cc53bfa047d,experiments/mirror_applications/ma-272-input-centric-oftv2-mirror/artifacts/payloads/27201_0_aligned_plane_6_shared_baseline.bin
development,27201,0,aligned_plane,7,oftv2_input,0.0,8270,0.0,5.3945280087646096e-05,1048576,9b69df569d3f6d65105c81392f38d12fc6de8cd1d1c673b24abfb04a9fbb57f2,experiments/mirror_applications/ma-272-input-centric-oftv2-mirror/artifacts/payloads/27201_0_aligned_plane_7_oftv2_input.bin
development,27201,0,aligned_plane,7,oft_materialized,2.626006434525152e-08,8275,0.00016453299031127244,2.8534860030049457e-05,0,4b13045be0b7c412fd56f86598025b8da05a233c0af4691400f439ff51ecb6fb,experiments/mirror_applications/ma-272-input-centric-oftv2-mirror/artifacts/payloads/27201_0_aligned_plane_7_oft_materialized.bin
development,27201,0,aligned_plane,7,mirror_input_angle,0.0,4181,0.0,5.543007995584048e-05,1048576,b84bfddbf1a6eed7a72e5108f288387438e6596788b1bf2350d469d0279d24b6,experiments/mirror_applications/ma-272-input-centric-oftv2-mirror/artifacts/payloads/27201_0_aligned_plane_7_mirror_input_angle.bin
development,27201,0,aligned_plane,7,generic_plane_scalar,0.0,4183,0.0,4.893877005088143e-05,1048576,30277b1273ca8b8ff7fa701e48b7b50b643a20607c715cd5d2e21770e29b0ec6,experiments/mirror_applications/ma-272-input-centric-oftv2-mirror/artifacts/payloads/27201_0_aligned_plane_7_generic_plane_scalar.bin
development,27201,0,aligned_plane,7,shared_baseline,0.1632484644651413,4174,0.0,2.5375779950991274e-05,0,86c1e1d3e057b7a5cb50e911f69e37b0afde0c4fb5f39d32e1f97cc53bfa047d,experiments/mirror_applications/ma-272-input-centric-oftv2-mirror/artifacts/payloads/27201_0_aligned_plane_7_shared_baseline.bin
development,27201,0,independent_orthogonal,0,oftv2_input,0.0,8270,0.0,4.6147639950504525e-05,1048576,b9bbf30bc465cbdb282cf3e18d21f19ff6a81c9f6483be6898d52a115b2d1ab9,experiments/mirror_applications/ma-272-input-centric-oftv2-mirror/artifacts/payloads/27201_0_independent_orthogonal_0_oftv2_input.bin
development,27201,0,independent_orthogonal,0,oft_materialized,2.090002766408361e-07,8275,1.8908001948148012e-05,3.125969000393525e-05,0,aa100bbd2cc255f638d57c62b817ea74c1353b11445d60cf5a28579bce41e223,experiments/mirror_applications/ma-272-input-centric-oftv2-mirror/artifacts/payloads/27201_0_independent_orthogonal_0_oft_materialized.bin
development,27201,0,independent_orthogonal,0,shared_baseline,1.384087085723877,4174,0.0,2.3861939989728854e-05,0,86c1e1d3e057b7a5cb50e911f69e37b0afde0c4fb5f39d32e1f97cc53bfa047d,experiments/mirror_applications/ma-272-input-centric-oftv2-mirror/artifacts/payloads/27201_0_independent_orthogonal_0_shared_baseline.bin
development,27201,0,independent_orthogonal,1,oftv2_input,0.0,8270,0.0,4.789452999830246e-05,1048576,5386b100c44b5aa4a987499dba871abb71cb9a4f22feab4e185dc13bad388a89,experiments/mirror_applications/ma-272-input-centric-oftv2-mirror/artifacts/payloads/27201_0_independent_orthogonal_1_oftv2_input.bin
development,27201,0,independent_orthogonal,1,oft_materialized,2.042820597125683e-07,8275,1.9818995497189462e-05,2.377801007241942e-05,0,6bf8d3ddf346f3f88bb53975511c39c2780e7cb126e15b571400662b00b13129,experiments/mirror_applications/ma-272-input-centric-oftv2-mirror/artifacts/payloads/27201_0_independent_orthogonal_1_oft_materialized.bin
development,27201,0,independent_orthogonal,1,shared_baseline,1.393636703491211,4174,0.0,2.53955100197345e-05,0,86c1e1d3e057b7a5cb50e911f69e37b0afde0c4fb5f39d32e1f97cc53bfa047d,experiments/mirror_applications/ma-272-input-centric-oftv2-mirror/artifacts/payloads/27201_0_independent_orthogonal_1_shared_baseline.bin
development,27201,0,independent_orthogonal,2,oftv2_input,0.0,8270,0.0,5.1736919995164496e-05,1048576,cab2fa59629e55428f26fcb836d4bdc88f82444bbddb2c4365dde5bb38cea94b,experiments/mirror_applications/ma-272-input-centric-oftv2-mirror/artifacts/payloads/27201_0_independent_orthogonal_2_oftv2_input.bin
development,27201,0,independent_orthogonal,2,oft_materialized,2.0818291091018182e-07,8275,1.7566009773872793e-05,2.5363559980178253e-05,0,8a3313c85836036f95997473ad58543410060406b248d60a40bb011fc9e387c1,experiments/mirror_applications/ma-272-input-centric-oftv2-mirror/artifacts/payloads/27201_0_independent_orthogonal_2_oft_materialized.bin
development,27201,0,independent_orthogonal,2,shared_baseline,1.3698222637176514,4174,0.0,2.30005600315053e-05,0,86c1e1d3e057b7a5cb50e911f69e37b0afde0c4fb5f39d32e1f97cc53bfa047d,experiments/mirror_applications/ma-272-input-centric-oftv2-mirror/artifacts/payloads/27201_0_independent_orthogonal_2_shared_baseline.bin
development,27201,0,independent_orthogonal,3,oftv2_input,0.0,8270,0.0,5.4183639877010135e-05,1048576,5b6ca611674e5539193ef797d198d4f05fccb1048811e6609cbb79f9e0c1ff6a,experiments/mirror_applications/ma-272-input-centric-oftv2-mirror/artifacts/payloads/27201_0_independent_orthogonal_3_oftv2_input.bin
development,27201,0,independent_orthogonal,3,oft_materialized,2.0420759483386064e-07,8275,1.7005004337988794e-05,3.230693997466005e-05,0,e028a2f1840fe493752ac348ac7e267426714fd7672e8ea3ed54390674ed14fd,experiments/mirror_applications/ma-272-input-centric-oftv2-mirror/artifacts/payloads/27201_0_independent_orthogonal_3_oft_materialized.bin
development,27201,0,independent_orthogonal,3,shared_baseline,1.425418734550476,4174,0.0,2.4692770093679428e-05,0,86c1e1d3e057b7a5cb50e911f69e37b0afde0c4fb5f39d32e1f97cc53bfa047d,experiments/mirror_applications/ma-272-input-centric-oftv2-mirror/artifacts/payloads/27201_0_independent_orthogonal_3_shared_baseline.bin
development,27201,0,independent_orthogonal,4,oftv2_input,0.0,8270,0.0,5.144758993992582e-05,1048576,76a5970dc35d3c8f68dea2542f85fe357d8d1ae15c36d1f051de7e9ec3d9b3ae,experiments/mirror_applications/ma-272-input-centric-oftv2-mirror/artifacts/payloads/27201_0_independent_orthogonal_4_oftv2_input.bin
development,27201,0,independent_orthogonal,4,oft_materialized,2.0323520288911823e-07,8275,1.7565995221957564e-05,3.2828909897943955e-05,0,0e082572b75c2406b8717256f7eb445a9b3d5d14e20e50c514b516c0f55cf129,experiments/mirror_applications/ma-272-input-centric-oftv2-mirror/artifacts/payloads/27201_0_independent_orthogonal_4_oft_materialized.bin
development,27201,0,independent_orthogonal,4,shared_baseline,1.4557578563690186,4174,0.0,2.521214002626948e-05,0,86c1e1d3e057b7a5cb50e911f69e37b0afde0c4fb5f39d32e1f97cc53bfa047d,experiments/mirror_applications/ma-272-input-centric-oftv2-mirror/artifacts/payloads/27201_0_independent_orthogonal_4_shared_baseline.bin
development,27201,0,independent_orthogonal,5,oftv2_input,0.0,8270,0.0,4.634131997590884e-05,1048576,793a2a476d7a68fcc043bd3ed3f70dcef2aa16fafd6ab578e876aeb8e57d3bde,experiments/mirror_applications/ma-272-input-centric-oftv2-mirror/artifacts/payloads/27201_0_independent_orthogonal_5_oftv2_input.bin
development,27201,0,independent_orthogonal,5,oft_materialized,2.0295250635626871e-07,8275,1.705599424894899e-05,2.2716740058967844e-05,0,a6a0673ea73821a20a43ca2ff9b4e7bb34bc24f2a86088c17470d747bbde7ad9,experiments/mirror_applications/ma-272-input-centric-oftv2-mirror/artifacts/payloads/27201_0_independent_orthogonal_5_oft_materialized.bin
development,27201,0,independent_orthogonal,5,shared_baseline,1.3932772874832153,4174,0.0,2.315609002835117e-05,0,86c1e1d3e057b7a5cb50e911f69e37b0afde0c4fb5f39d32e1f97cc53bfa047d,experiments/mirror_applications/ma-272-input-centric-oftv2-mirror/artifacts/payloads/27201_0_independent_orthogonal_5_shared_baseline.bin
development,27201,0,independent_orthogonal,6,oftv2_input,0.0,8270,0.0,4.9562890053493904e-05,1048576,5fc3873f576db63217ffcc7b8d8715c55e9dfc4c4c74a401ac89b6ebca0762d7,experiments/mirror_applications/ma-272-input-centric-oftv2-mirror/artifacts/payloads/27201_0_independent_orthogonal_6_oftv2_input.bin
development,27201,0,independent_orthogonal,6,oft_materialized,2.0615274820556806e-07,8275,2.22429953282699e-05,2.261248999275267e-05,0,db8713df339acc3be11a1be6fb0d9f4c1b7a25eaaa3636422236a97fd2594f6a,experiments/mirror_applications/ma-272-input-centric-oftv2-mirror/artifacts/payloads/27201_0_independent_orthogonal_6_oft_materialized.bin
development,27201,0,independent_orthogonal,6,shared_baseline,1.3973668813705444,4174,0.0,2.592559001641348e-05,0,86c1e1d3e057b7a5cb50e911f69e37b0afde0c4fb5f39d32e1f97cc53bfa047d,experiments/mirror_applications/ma-272-input-centric-oftv2-mirror/artifacts/payloads/27201_0_independent_orthogonal_6_shared_baseline.bin
development,27201,0,independent_orthogonal,7,oftv2_input,0.0,8270,0.0,4.654653006582521e-05,1048576,f7734b6d5149c6a37e75b078ff9eeeb8e9ae915b4f7b39766bfe2eb386b4bc5e,experiments/mirror_applications/ma-272-input-centric-oftv2-mirror/artifacts/payloads/27201_0_independent_orthogonal_7_oftv2_input.bin
development,27201,0,independent_orthogonal,7,oft_materialized,2.0870503192327305e-07,8275,3.7434991099871695e-05,2.2670269972877578e-05,0,0607633f6de24e2deacea13aea84d2ae565e3bab19884b8bd4148d150c11467a,experiments/mirror_applications/ma-272-input-centric-oftv2-mirror/artifacts/payloads/27201_0_independent_orthogonal_7_oft_materialized.bin
development,27201,0,independent_orthogonal,7,shared_baseline,1.4046820402145386,4174,0.0,2.3256939894054085e-05,0,86c1e1d3e057b7a5cb50e911f69e37b0afde0c4fb5f39d32e1f97cc53bfa047d,experiments/mirror_applications/ma-272-input-centric-oftv2-mirror/artifacts/payloads/27201_0_independent_orthogonal_7_shared_baseline.bin
development,27201,1,aligned_plane,0,oftv2_input,0.0,8270,0.0,4.5757359912386165e-05,1048576,f00f3000e1e9a09e676c0f64c9aaa83b89abf82c13ef14bee54f44d11550285a,experiments/mirror_applications/ma-272-input-centric-oftv2-mirror/artifacts/payloads/27201_1_aligned_plane_0_oftv2_input.bin
development,27201,1,aligned_plane,0,oft_materialized,2.7349562614631395e-08,8275,1.8077000277116895e-05,2.35459599934984e-05,0,edff8ba3a36f20c5b02ecc6f279a5c7e64b73352aaac275abc24336415fbe2df,experiments/mirror_applications/ma-272-input-centric-oftv2-mirror/artifacts/payloads/27201_1_aligned_plane_0_oft_materialized.bin
development,27201,1,aligned_plane,0,mirror_input_angle,0.0,4181,0.0,4.58399900526274e-05,1048576,58c62915d9fc54d9b992b5cb647f7bd324764fadffe4b08ea3f6e71dcd62c779,experiments/mirror_applications/ma-272-input-centric-oftv2-mirror/artifacts/payloads/27201_1_aligned_plane_0_mirror_input_angle.bin
development,27201,1,aligned_plane,0,generic_plane_scalar,0.0,4183,0.0,6.0599139978876337e-05,1048576,ad4f43aa43920197330da8b2552dee97e977062cde094ca79db5358ed77ea727,experiments/mirror_applications/ma-272-input-centric-oftv2-mirror/artifacts/payloads/27201_1_aligned_plane_0_generic_plane_scalar.bin
development,27201,1,aligned_plane,0,shared_baseline,0.1708454042673111,4174,0.0,2.5377179990755395e-05,0,5c028b1906d617f32a4e582da2ce824ffe8a8f7276a348e3dc07d584a332ce66,experiments/mirror_applications/ma-272-input-centric-oftv2-mirror/artifacts/payloads/27201_1_aligned_plane_0_shared_baseline.bin
development,27201,1,aligned_plane,1,oftv2_input,0.0,8270,0.0,5.085590993985534e-05,1048576,173ddf317d90495d8d347be90f7010d1023080fa5ddd7f57a8253f01a9ba8c73,experiments/mirror_applications/ma-272-input-centric-oftv2-mirror/artifacts/payloads/27201_1_aligned_plane_1_oftv2_input.bin
development,27201,1,aligned_plane,1,oft_materialized,2.74794569321557e-08,8275,1.8997990991920233e-05,2.2458859893959017e-05,0,64d660948b612383335411f3336e5f9ecb57f77cf2d46267342b35ec7546979e,experiments/mirror_applications/ma-272-input-centric-oftv2-mirror/artifacts/payloads/27201_1_aligned_plane_1_oft_materialized.bin
development,27201,1,aligned_plane,1,mirror_input_angle,0.0,4181,0.0,5.038630988565274e-05,1048576,dadfb7b3cf014d9903d558e3899a47958a0d73b29c361112b00498ab05454cdf,experiments/mirror_applications/ma-272-input-centric-oftv2-mirror/artifacts/payloads/27201_1_aligned_plane_1_mirror_input_angle.bin
development,27201,1,aligned_plane,1,generic_plane_scalar,0.0,4183,0.0,4.7018929908517745e-05,1048576,261806d8bc3781923454ed00da8eeb656594de621ae1f0584d0509001b696728,experiments/mirror_applications/ma-272-input-centric-oftv2-mirror/artifacts/payloads/27201_1_aligned_plane_1_generic_plane_scalar.bin
development,27201,1,aligned_plane,1,shared_baseline,0.12360787391662598,4174,0.0,2.5075330049730838e-05,0,5c028b1906d617f32a4e582da2ce824ffe8a8f7276a348e3dc07d584a332ce66,experiments/mirror_applications/ma-272-input-centric-oftv2-mirror/artifacts/payloads/27201_1_aligned_plane_1_shared_baseline.bin
development,27201,1,aligned_plane,2,oftv2_input,0.0,8270,0.0,5.075997003586963e-05,1048576,a4bf145e765bb7ce19b359767ecd738c2544feb231d28ffdcaa3cbe6b27e6568,experiments/mirror_applications/ma-272-input-centric-oftv2-mirror/artifacts/payloads/27201_1_aligned_plane_2_oftv2_input.bin
development,27201,1,aligned_plane,2,oft_materialized,2.7355461895695043e-08,8275,1.8127000657841563e-05,2.341797007829882e-05,0,999323938dc117f086c629c06d61ba277a6f51e102505ec847391493d7723347,experiments/mirror_applications/ma-272-input-centric-oftv2-mirror/artifacts/payloads/27201_1_aligned_plane_2_oft_materialized.bin
development,27201,1,aligned_plane,2,mirror_input_angle,0.0,4181,0.0,5.419915993115865e-05,1048576,aa98d61e7d38ecf641584cd0abb5ecb126812665edf38a6bfdadd66ef6ef9cd5,experiments/mirror_applications/ma-272-input-centric-oftv2-mirror/artifacts/payloads/27201_1_aligned_plane_2_mirror_input_angle.bin
development,27201,1,aligned_plane,2,generic_plane_scalar,0.0,4183,0.0,4.78565700177569e-05,1048576,a52c19e7bdc33fec171e53a14530fe9293be1571bf49de1ce5bacc9ac873b7f4,experiments/mirror_applications/ma-272-input-centric-oftv2-mirror/artifacts/payloads/27201_1_aligned_plane_2_generic_plane_scalar.bin
development,27201,1,aligned_plane,2,shared_baseline,0.07489588856697083,4174,0.0,2.2490109986392782e-05,0,5c028b1906d617f32a4e582da2ce824ffe8a8f7276a348e3dc07d584a332ce66,experiments/mirror_applications/ma-272-input-centric-oftv2-mirror/artifacts/payloads/27201_1_aligned_plane_2_shared_baseline.bin
development,27201,1,aligned_plane,3,oftv2_input,0.0,8270,0.0,5.5179420014610516e-05,1048576,fe5499575dc15e354cdc76fe149302fc5503db67a87a1d5c65b2348ced9b2798,experiments/mirror_applications/ma-272-input-centric-oftv2-mirror/artifacts/payloads/27201_1_aligned_plane_3_oftv2_input.bin
development,27201,1,aligned_plane,3,oft_materialized,2.6762474902852773e-08,8275,1.8947990611195564e-05,2.359764010179788e-05,0,af38694e9b0d399044a7e0f41cebf83db9ecbf2a9df9dd8314da7fee0930485e,experiments/mirror_applications/ma-272-input-centric-oftv2-mirror/artifacts/payloads/27201_1_aligned_plane_3_oft_materialized.bin
development,27201,1,aligned_plane,3,mirror_input_angle,0.0,4181,0.0,4.637367004761472e-05,1048576,6a960ffbc9331d68310f84ec8c32874bac90147c51a5b62c28b19fffa0f516c7,experiments/mirror_applications/ma-272-input-centric-oftv2-mirror/artifacts/payloads/27201_1_aligned_plane_3_mirror_input_angle.bin
development,27201,1,aligned_plane,3,generic_plane_scalar,0.0,4183,0.0,4.978492986992933e-05,1048576,c2b795a8d72e604762506df622d64cbbd317c6a623c1fccd2e4a13a6fb173c77,experiments/mirror_applications/ma-272-input-centric-oftv2-mirror/artifacts/payloads/27201_1_aligned_plane_3_generic_plane_scalar.bin
development,27201,1,aligned_plane,3,shared_baseline,0.025132138282060623,4174,0.0,2.2502120118588208e-05,0,5c028b1906d617f32a4e582da2ce824ffe8a8f7276a348e3dc07d584a332ce66,experiments/mirror_applications/ma-272-input-centric-oftv2-mirror/artifacts/payloads/27201_1_aligned_plane_3_shared_baseline.bin
development,27201,1,aligned_plane,4,oftv2_input,0.0,8270,0.0,4.5776590122841296e-05,1048576,2cdb9d1499b9afdd3f7917521491b7dd69b905fa8e2a85b0775342fd5d2e66ca,experiments/mirror_applications/ma-272-input-centric-oftv2-mirror/artifacts/payloads/27201_1_aligned_plane_4_oftv2_input.bin
development,27201,1,aligned_plane,4,oft_materialized,2.676067367701762e-08,8275,1.6735008102841675e-05,2.4935319961514322e-05,0,4a166c1bb7e15177eb934c850dd444642f57d953a29fc462ca921fee7165cd1f,experiments/mirror_applications/ma-272-input-centric-oftv2-mirror/artifacts/payloads/27201_1_aligned_plane_4_oft_materialized.bin
development,27201,1,aligned_plane,4,mirror_input_angle,0.0,4181,0.0,4.831023994483985e-05,1048576,25473963d0e103b2306a4ef6108ce0fcf9df10295e1524d80aa1751d55c49212,experiments/mirror_applications/ma-272-input-centric-oftv2-mirror/artifacts/payloads/27201_1_aligned_plane_4_mirror_input_angle.bin
development,27201,1,aligned_plane,4,generic_plane_scalar,0.0,4183,0.0,4.898924002191052e-05,1048576,c93ab649d0877e5bff5b44cd8188fe86856b161ba9d68397b959eb5c8fcb6099,experiments/mirror_applications/ma-272-input-centric-oftv2-mirror/artifacts/payloads/27201_1_aligned_plane_4_generic_plane_scalar.bin
development,27201,1,aligned_plane,4,shared_baseline,0.025216426700353622,4174,0.0,2.3044420086080208e-05,0,5c028b1906d617f32a4e582da2ce824ffe8a8f7276a348e3dc07d584a332ce66,experiments/mirror_applications/ma-272-input-centric-oftv2-mirror/artifacts/payloads/27201_1_aligned_plane_4_shared_baseline.bin
development,27201,1,aligned_plane,5,oftv2_input,0.0,8270,0.0,5.033084002207034e-05,1048576,3f2ffeb81a526b2cd1d2e2700c123e074769b00d3aa87f7d9b6175123c643ef4,experiments/mirror_applications/ma-272-input-centric-oftv2-mirror/artifacts/payloads/27201_1_aligned_plane_5_oftv2_input.bin
development,27201,1,aligned_plane,5,oft_materialized,2.651481167958991e-08,8275,1.7345999367535114e-05,2.9935030033811928e-05,0,92feb359fe405c4d062c2abc8a2f2e04b666868d4e4db573e3436cf82468831d,experiments/mirror_applications/ma-272-input-centric-oftv2-mirror/artifacts/payloads/27201_1_aligned_plane_5_oft_materialized.bin
development,27201,1,aligned_plane,5,mirror_input_angle,0.0,4181,0.0,4.6384779998334125e-05,1048576,901de666adbec4a366886835a5163851a74adfdab24826c251ede9ff81c97cf3,experiments/mirror_applications/ma-272-input-centric-oftv2-mirror/artifacts/payloads/27201_1_aligned_plane_5_mirror_input_angle.bin
development,27201,1,aligned_plane,5,generic_plane_scalar,0.0,4183,0.0,5.1035479991696775e-05,1048576,c6a0fb36dc473445417aa54f1dd9c384cf3ce6991f34fbb5cd018f18abe7fafe,experiments/mirror_applications/ma-272-input-centric-oftv2-mirror/artifacts/payloads/27201_1_aligned_plane_5_generic_plane_scalar.bin
development,27201,1,aligned_plane,5,shared_baseline,0.07563867419958115,4174,0.0,2.2506429959321396e-05,0,5c028b1906d617f32a4e582da2ce824ffe8a8f7276a348e3dc07d584a332ce66,experiments/mirror_applications/ma-272-input-centric-oftv2-mirror/artifacts/payloads/27201_1_aligned_plane_5_shared_baseline.bin
development,27201,1,aligned_plane,6,oftv2_input,0.0,8270,0.0,4.806989003554918e-05,1048576,2d4c0de4848f3e383745a5fe0128bb1f7ecc16a0f596da8b9ea2b9b81f112d2e,experiments/mirror_applications/ma-272-input-centric-oftv2-mirror/artifacts/payloads/27201_1_aligned_plane_6_oftv2_input.bin
development,27201,1,aligned_plane,6,oft_materialized,2.7453662454490768e-08,8275,1.8866994651034474e-05,2.8171419980935752e-05,0,805ec2c1251fa3bb8d95a6d24abd168c3ed53be8f23a73e94a67a9bf669a7d33,experiments/mirror_applications/ma-272-input-centric-oftv2-mirror/artifacts/payloads/27201_1_aligned_plane_6_oft_materialized.bin
development,27201,1,aligned_plane,6,mirror_input_angle,0.0,4181,0.0,4.853036007261835e-05,1048576,a197a7e28478508ad6b0ee3521c25ddd92693e912c059539c302d31cf4408cc2,experiments/mirror_applications/ma-272-input-centric-oftv2-mirror/artifacts/payloads/27201_1_aligned_plane_6_mirror_input_angle.bin
development,27201,1,aligned_plane,6,generic_plane_scalar,0.0,4183,0.0,4.924042004859075e-05,1048576,fed2cf90f877030917080f6cdddc7f6bafd01a9cdd6ab3fa5239a444dff010f4,experiments/mirror_applications/ma-272-input-centric-oftv2-mirror/artifacts/payloads/27201_1_aligned_plane_6_generic_plane_scalar.bin
development,27201,1,aligned_plane,6,shared_baseline,0.12558545172214508,4174,0.0,2.6978550013154746e-05,0,5c028b1906d617f32a4e582da2ce824ffe8a8f7276a348e3dc07d584a332ce66,experiments/mirror_applications/ma-272-input-centric-oftv2-mirror/artifacts/payloads/27201_1_aligned_plane_6_shared_baseline.bin
development,27201,1,aligned_plane,7,oftv2_input,0.0,8270,0.0,5.1605420012492686e-05,1048576,eaad369869b8315eedb9bc8f1c0d8502a936f7acd50bb4cfe96f2ff6c048a39d,experiments/mirror_applications/ma-272-input-centric-oftv2-mirror/artifacts/payloads/27201_1_aligned_plane_7_oftv2_input.bin
development,27201,1,aligned_plane,7,oft_materialized,2.7988786399646415e-08,8275,1.7515994841232896e-05,2.2103630035417153e-05,0,0f6829976b44458e1607c4f21cb9d340f07d1fac5cf04a023f55ef834384708b,experiments/mirror_applications/ma-272-input-centric-oftv2-mirror/artifacts/payloads/27201_1_aligned_plane_7_oft_materialized.bin
development,27201,1,aligned_plane,7,mirror_input_angle,0.0,4181,0.0,4.539932997431606e-05,1048576,a11ad2de9fde9bb871d2a8285c531695e8c10ceea830c667eeb321715c9c272a,experiments/mirror_applications/ma-272-input-centric-oftv2-mirror/artifacts/payloads/27201_1_aligned_plane_7_mirror_input_angle.bin
development,27201,1,aligned_plane,7,generic_plane_scalar,0.0,4183,0.0,4.7192280035233126e-05,1048576,44a8dc64183585e903b23d6d8fbfdb845c588f14852b00db89edc37ee5393788,experiments/mirror_applications/ma-272-input-centric-oftv2-mirror/artifacts/payloads/27201_1_aligned_plane_7_generic_plane_scalar.bin
development,27201,1,aligned_plane,7,shared_baseline,0.17448118329048157,4174,0.0,2.2511129936901853e-05,0,5c028b1906d617f32a4e582da2ce824ffe8a8f7276a348e3dc07d584a332ce66,experiments/mirror_applications/ma-272-input-centric-oftv2-mirror/artifacts/payloads/27201_1_aligned_plane_7_shared_baseline.bin
development,27201,1,independent_orthogonal,0,oftv2_input,0.0,8270,0.0,5.099280999274925e-05,1048576,fb2baedb3d8cca00b61296312bbfde7e2549f81c667a5eb6c9ee612b5443fcfc,experiments/mirror_applications/ma-272-input-centric-oftv2-mirror/artifacts/payloads/27201_1_independent_orthogonal_0_oftv2_input.bin
development,27201,1,independent_orthogonal,0,oft_materialized,2.0420766588813422e-07,8275,1.8156992155127227e-05,2.2583740064874292e-05,0,cb2c0b37d342054ffe6f6fb9fff84d885f5a94584679b5e953db1b39376b9c8c,experiments/mirror_applications/ma-272-input-centric-oftv2-mirror/artifacts/payloads/27201_1_independent_orthogonal_0_oft_materialized.bin
development,27201,1,independent_orthogonal,0,shared_baseline,1.4730641841888428,4174,0.0,2.2845930070616306e-05,0,5c028b1906d617f32a4e582da2ce824ffe8a8f7276a348e3dc07d584a332ce66,experiments/mirror_applications/ma-272-input-centric-oftv2-mirror/artifacts/payloads/27201_1_independent_orthogonal_0_shared_baseline.bin
development,27201,1,independent_orthogonal,1,oftv2_input,0.0,8270,0.0,4.071239003678784e-05,1048576,4736ab750e45e4f15e3ef7841f4c11a287f184d42d5ae557001ce896dd58d1ed,experiments/mirror_applications/ma-272-input-centric-oftv2-mirror/artifacts/payloads/27201_1_independent_orthogonal_1_oftv2_input.bin
development,27201,1,independent_orthogonal,1,oft_materialized,2.0703173220226745e-07,8275,1.434200385119766e-05,1.7061559919966384e-05,0,13c841b751aa0e3b14775fd5a287fc4416102b33b4810938b73832f791117954,experiments/mirror_applications/ma-272-input-centric-oftv2-mirror/artifacts/payloads/27201_1_independent_orthogonal_1_oft_materialized.bin
development,27201,1,independent_orthogonal,1,shared_baseline,1.4059494733810425,4174,0.0,1.702181005384773e-05,0,5c028b1906d617f32a4e582da2ce824ffe8a8f7276a348e3dc07d584a332ce66,experiments/mirror_applications/ma-272-input-centric-oftv2-mirror/artifacts/payloads/27201_1_independent_orthogonal_1_shared_baseline.bin
development,27201,1,independent_orthogonal,2,oftv2_input,0.0,8270,0.0,3.49696799821686e-05,1048576,63d167cf22d1db045ee1488d275e6dde93553853ece3e9471eba96a9e0e284c6,experiments/mirror_applications/ma-272-input-centric-oftv2-mirror/artifacts/payloads/27201_1_independent_orthogonal_2_oftv2_input.bin
development,27201,1,independent_orthogonal,2,oft_materialized,2.0505856923591637e-07,8275,1.4252000255510211e-05,1.7211489903274925e-05,0,d3fa0fec6c691806e6714d7520ea604823c7dc47c6ebf5b956c0c53b805f69d0,experiments/mirror_applications/ma-272-input-centric-oftv2-mirror/artifacts/payloads/27201_1_independent_orthogonal_2_oft_materialized.bin
development,27201,1,independent_orthogonal,2,shared_baseline,1.4087620973587036,4174,0.0,1.9698770047398283e-05,0,5c028b1906d617f32a4e582da2ce824ffe8a8f7276a348e3dc07d584a332ce66,experiments/mirror_applications/ma-272-input-centric-oftv2-mirror/artifacts/payloads/27201_1_independent_orthogonal_2_shared_baseline.bin
development,27201,1,independent_orthogonal,3,oftv2_input,0.0,8270,0.0,3.168092007399537e-05,1048576,fda9c118231ca6f35eaae64051bdaf65f370de7db6d558a167c0b63f47be18c1,experiments/mirror_applications/ma-272-input-centric-oftv2-mirror/artifacts/payloads/27201_1_independent_orthogonal_3_oftv2_input.bin
development,27201,1,independent_orthogonal,3,oft_materialized,2.0641587639147474e-07,8275,1.357999281026423e-05,1.787107001291588e-05,0,352cd3341e92baabf54dfb3a0bca1eabb6c6220e765ae8d1aed1a6fa53b17de2,experiments/mirror_applications/ma-272-input-centric-oftv2-mirror/artifacts/payloads/27201_1_independent_orthogonal_3_oft_materialized.bin
development,27201,1,independent_orthogonal,3,shared_baseline,1.3760895729064941,4174,0.0,1.8133560079149902e-05,0,5c028b1906d617f32a4e582da2ce824ffe8a8f7276a348e3dc07d584a332ce66,experiments/mirror_applications/ma-272-input-centric-oftv2-mirror/artifacts/payloads/27201_1_independent_orthogonal_3_shared_baseline.bin
development,27201,1,independent_orthogonal,4,oftv2_input,0.0,8270,0.0,3.1516669987468046e-05,1048576,ff120b0e56d8c023754a71bd7073d23cd7847e057755c6a7f90e1d39ee3736f8,experiments/mirror_applications/ma-272-input-centric-oftv2-mirror/artifacts/payloads/27201_1_independent_orthogonal_4_oftv2_input.bin
development,27201,1,independent_orthogonal,4,oft_materialized,2.0915712184432778e-07,8275,1.3771001249551773e-05,1.6186270077014342e-05,0,8faa579a034e1b4689f362c9062f4a060d2132f16be3d90f503bfd251237ad7c,experiments/mirror_applications/ma-272-input-centric-oftv2-mirror/artifacts/payloads/27201_1_independent_orthogonal_4_oft_materialized.bin
development,27201,1,independent_orthogonal,4,shared_baseline,1.423488974571228,4174,0.0,1.6009700048016384e-05,0,5c028b1906d617f32a4e582da2ce824ffe8a8f7276a348e3dc07d584a332ce66,experiments/mirror_applications/ma-272-input-centric-oftv2-mirror/artifacts/payloads/27201_1_independent_orthogonal_4_shared_baseline.bin
development,27201,1,independent_orthogonal,5,oftv2_input,0.0,8270,0.0,3.186749003361911e-05,1048576,a22fab44b056a46b2db3950d01506b16e2f15280452a5200950f970d60f17a11,experiments/mirror_applications/ma-272-input-centric-oftv2-mirror/artifacts/payloads/27201_1_independent_orthogonal_5_oftv2_input.bin
development,27201,1,independent_orthogonal,5,oft_materialized,2.0967776492852863e-07,8275,1.4251010725274682e-05,1.875257003121078e-05,0,90c85b1d96e39a1da1f48b7055e4b149ee55a9d9f4ee2581b572be7966ad6d02,experiments/mirror_applications/ma-272-input-centric-oftv2-mirror/artifacts/payloads/27201_1_independent_orthogonal_5_oft_materialized.bin
development,27201,1,independent_orthogonal,5,shared_baseline,1.4246784448623657,4174,0.0,2.0702660112874582e-05,0,5c028b1906d617f32a4e582da2ce824ffe8a8f7276a348e3dc07d584a332ce66,experiments/mirror_applications/ma-272-input-centric-oftv2-mirror/artifacts/payloads/27201_1_independent_orthogonal_5_shared_baseline.bin
development,27201,1,independent_orthogonal,6,oftv2_input,0.0,8270,0.0,3.186239002388902e-05,1048576,8fed2d51cc35f08c5e99ac778fa8bbe8677eebb6ca607f7c0cef62c2f015bad6,experiments/mirror_applications/ma-272-input-centric-oftv2-mirror/artifacts/payloads/27201_1_independent_orthogonal_6_oftv2_input.bin
development,27201,1,independent_orthogonal,6,oft_materialized,2.0868033345777803e-07,8275,1.3880999176762998e-05,1.6437640006188304e-05,0,3882c8842f0623b31f6b43da1203d997985e5c750919fc51b63dfd632c324ba6,experiments/mirror_applications/ma-272-input-centric-oftv2-mirror/artifacts/payloads/27201_1_independent_orthogonal_6_oft_materialized.bin
development,27201,1,independent_orthogonal,6,shared_baseline,1.4505925178527832,4174,0.0,1.580940996063873e-05,0,5c028b1906d617f32a4e582da2ce824ffe8a8f7276a348e3dc07d584a332ce66,experiments/mirror_applications/ma-272-input-centric-oftv2-mirror/artifacts/payloads/27201_1_independent_orthogonal_6_shared_baseline.bin
development,27201,1,independent_orthogonal,7,oftv2_input,0.0,8270,0.0,3.6819330125581474e-05,1048576,b0fb75b276d980abfa7dc88f63ef38761e88c1249b6a145df0cb447af2f3f114,experiments/mirror_applications/ma-272-input-centric-oftv2-mirror/artifacts/payloads/27201_1_independent_orthogonal_7_oftv2_input.bin
development,27201,1,independent_orthogonal,7,oft_materialized,2.102516987179115e-07,8275,1.499299833085388e-05,1.6178259975276888e-05,0,aea8b47b49c13ef07cc17af4b44361f0e0531fd06ee11708039b7203b5a9839c,experiments/mirror_applications/ma-272-input-centric-oftv2-mirror/artifacts/payloads/27201_1_independent_orthogonal_7_oft_materialized.bin
development,27201,1,independent_orthogonal,7,shared_baseline,1.473789930343628,4174,0.0,1.631164996069856e-05,0,5c028b1906d617f32a4e582da2ce824ffe8a8f7276a348e3dc07d584a332ce66,experiments/mirror_applications/ma-272-input-centric-oftv2-mirror/artifacts/payloads/27201_1_independent_orthogonal_7_shared_baseline.bin
development,27201,2,aligned_plane,0,oftv2_input,0.0,8270,0.0,3.6528890050249174e-05,1048576,dd5caafb12365d670565c405bc0af0b1aff4e13ea6ac9c7026118b21b6d137ac,experiments/mirror_applications/ma-272-input-centric-oftv2-mirror/artifacts/payloads/27201_2_aligned_plane_0_oftv2_input.bin
development,27201,2,aligned_plane,0,oft_materialized,2.882806704462837e-08,8275,1.6824997146613896e-05,4.779627997777425e-05,0,75a55af3d70c9b725172016c102b491f7dda48f46d7ff66f22f12a7a223c17d1,experiments/mirror_applications/ma-272-input-centric-oftv2-mirror/artifacts/payloads/27201_2_aligned_plane_0_oft_materialized.bin
development,27201,2,aligned_plane,0,mirror_input_angle,0.0,4181,0.0,4.513724008575082e-05,1048576,d5bbe2f157a2167d949d430dbd8f669d2c74e4522e1f7a707609fcddd6d79594,experiments/mirror_applications/ma-272-input-centric-oftv2-mirror/artifacts/payloads/27201_2_aligned_plane_0_mirror_input_angle.bin
development,27201,2,aligned_plane,0,generic_plane_scalar,0.0,4183,0.0,3.5456810001051056e-05,1048576,8bc74e21b9ed51318f5b03ce721c0aec83e11cd00e049a5c9ff6b9fa5d876c97,experiments/mirror_applications/ma-272-input-centric-oftv2-mirror/artifacts/payloads/27201_2_aligned_plane_0_generic_plane_scalar.bin
development,27201,2,aligned_plane,0,shared_baseline,0.16813673079013824,4174,0.0,1.6112770099425687e-05,0,8e61e73e1ee1093c45b2c194aae03167a2f0926d016384e7fe2b1640bb29ebec,experiments/mirror_applications/ma-272-input-centric-oftv2-mirror/artifacts/payloads/27201_2_aligned_plane_0_shared_baseline.bin
development,27201,2,aligned_plane,1,oftv2_input,0.0,8270,0.0,3.4792520018527285e-05,1048576,0e68f3e26841c6b5611d5bd222f526e86ec216c693ee936086b5f339c6e61292,experiments/mirror_applications/ma-272-input-centric-oftv2-mirror/artifacts/payloads/27201_2_aligned_plane_1_oftv2_input.bin
development,27201,2,aligned_plane,1,oft_materialized,2.7511822153769572e-08,8275,1.943801180459559e-05,4.6813920052954925e-05,0,e2a3333c6ed7534f140830f925769ae6eac9502f38422fd917fc64afb7fa00e5,experiments/mirror_applications/ma-272-input-centric-oftv2-mirror/artifacts/payloads/27201_2_aligned_plane_1_oft_materialized.bin
development,27201,2,aligned_plane,1,mirror_input_angle,0.0,4181,0.0,5.086132005089894e-05,1048576,9c6a73752cdf36a4c4193fa0cf2681d14db7af8eb9304c9ac607c5d1be8b3e0d,experiments/mirror_applications/ma-272-input-centric-oftv2-mirror/artifacts/payloads/27201_2_aligned_plane_1_mirror_input_angle.bin
development,27201,2,aligned_plane,1,generic_plane_scalar,0.0,4183,0.0,5.289503009407781e-05,1048576,ff53d7d55a79f6f7842ae151918c73419e70cd4dd0eb3c898dee31941a7f2421,experiments/mirror_applications/ma-272-input-centric-oftv2-mirror/artifacts/payloads/27201_2_aligned_plane_1_generic_plane_scalar.bin
development,27201,2,aligned_plane,1,shared_baseline,0.12132565677165985,4174,0.0,2.3854920000303538e-05,0,8e61e73e1ee1093c45b2c194aae03167a2f0926d016384e7fe2b1640bb29ebec,experiments/mirror_applications/ma-272-input-centric-oftv2-mirror/artifacts/payloads/27201_2_aligned_plane_1_shared_baseline.bin
development,27201,2,aligned_plane,2,oftv2_input,0.0,8270,0.0,5.970290003460832e-05,1048576,4bf7cffbc83b1014815cd2831a97c4d90d0a5d04a5f41e26765b786708bc986a,experiments/mirror_applications/ma-272-input-centric-oftv2-mirror/artifacts/payloads/27201_2_aligned_plane_2_oftv2_input.bin
development,27201,2,aligned_plane,2,oft_materialized,2.775931307041901e-08,8275,1.6924997908063233e-05,1.673618011409417e-05,0,03b0ffa642e784233b9e7986324ad80bf4c20020c7e26570907d7962bfcb46c3,experiments/mirror_applications/ma-272-input-centric-oftv2-mirror/artifacts/payloads/27201_2_aligned_plane_2_oft_materialized.bin
development,27201,2,aligned_plane,2,mirror_input_angle,0.0,4181,0.0,9.107788006076589e-05,1048576,7a3e30af967cce09e899ec7b3babdd827f4a46398d44b27a4271f2a6c783a07a,experiments/mirror_applications/ma-272-input-centric-oftv2-mirror/artifacts/payloads/27201_2_aligned_plane_2_mirror_input_angle.bin
development,27201,2,aligned_plane,2,generic_plane_scalar,0.0,4183,0.0,5.5107299995142964e-05,1048576,3cff90ef6d7399e906dea02786b7d04af121c0b519e242b89384da48bb265a99,experiments/mirror_applications/ma-272-input-centric-oftv2-mirror/artifacts/payloads/27201_2_aligned_plane_2_generic_plane_scalar.bin
development,27201,2,aligned_plane,2,shared_baseline,0.07326488941907883,4174,0.0,2.7125969936605542e-05,0,8e61e73e1ee1093c45b2c194aae03167a2f0926d016384e7fe2b1640bb29ebec,experiments/mirror_applications/ma-272-input-centric-oftv2-mirror/artifacts/payloads/27201_2_aligned_plane_2_shared_baseline.bin
development,27201,2,aligned_plane,3,oftv2_input,0.0,8270,0.0,5.467385999509133e-05,1048576,6930c7bd441771ab53ac9916d466e087026a5266d62b013dc7406a6be0b06fec,experiments/mirror_applications/ma-272-input-centric-oftv2-mirror/artifacts/payloads/27201_2_aligned_plane_3_oftv2_input.bin
development,27201,2,aligned_plane,3,oft_materialized,2.7768956911700116e-08,8275,1.6143996617756784e-05,2.7245149976806714e-05,0,a50d9d1ce44000d982da750fc2d4ee2a36e1431b80affa82516300cbef040ce6,experiments/mirror_applications/ma-272-input-centric-oftv2-mirror/artifacts/payloads/27201_2_aligned_plane_3_oft_materialized.bin
development,27201,2,aligned_plane,3,mirror_input_angle,0.0,4181,0.0,5.5051829986041414e-05,1048576,9967c36b112864a29dfa53a96cede9a60210106ab01eac60fff1a8b5e3dcca00,experiments/mirror_applications/ma-272-input-centric-oftv2-mirror/artifacts/payloads/27201_2_aligned_plane_3_mirror_input_angle.bin
development,27201,2,aligned_plane,3,generic_plane_scalar,0.0,4183,0.0,5.463920999318361e-05,1048576,6cd663d7e211e8cef265566cc4a11ddc477738e2ae0b23b934ad64b778a72b6d,experiments/mirror_applications/ma-272-input-centric-oftv2-mirror/artifacts/payloads/27201_2_aligned_plane_3_generic_plane_scalar.bin
development,27201,2,aligned_plane,3,shared_baseline,0.024488134309649467,4174,0.0,2.7352409961167724e-05,0,8e61e73e1ee1093c45b2c194aae03167a2f0926d016384e7fe2b1640bb29ebec,experiments/mirror_applications/ma-272-input-centric-oftv2-mirror/artifacts/payloads/27201_2_aligned_plane_3_shared_baseline.bin
development,27201,2,aligned_plane,4,oftv2_input,0.0,8270,0.0,5.5286069982685146e-05,1048576,3b604f808db46bc934a1251a92c7adf5fe244fec0c240a57b6870fc55963864c,experiments/mirror_applications/ma-272-input-centric-oftv2-mirror/artifacts/payloads/27201_2_aligned_plane_4_oftv2_input.bin
development,27201,2,aligned_plane,4,oft_materialized,2.7564333038299083e-08,8275,1.8196995370090008e-05,2.7749689907068386e-05,0,3825c0ece42169e219d56591dd8c2c5d418d7092dfa2cefa46d2a69bc74a1615,experiments/mirror_applications/ma-272-input-centric-oftv2-mirror/artifacts/payloads/27201_2_aligned_plane_4_oft_materialized.bin
development,27201,2,aligned_plane,4,mirror_input_angle,0.0,4181,0.0,5.465002992423251e-05,1048576,ad7491cbc15ade19be848ada8a1be210d57476d1851d6dc78e59779a1df43b9d,experiments/mirror_applications/ma-272-input-centric-oftv2-mirror/artifacts/payloads/27201_2_aligned_plane_4_mirror_input_angle.bin
development,27201,2,aligned_plane,4,generic_plane_scalar,0.0,4183,0.0,5.490880997967906e-05,1048576,1495ac13ac08bca72e58b1842855c1aa00fe0d5f88e088dc19dc214e30e9cce0,experiments/mirror_applications/ma-272-input-centric-oftv2-mirror/artifacts/payloads/27201_2_aligned_plane_4_generic_plane_scalar.bin
development,27201,2,aligned_plane,4,shared_baseline,0.024464955553412437,4174,0.0,2.7993249968858436e-05,0,8e61e73e1ee1093c45b2c194aae03167a2f0926d016384e7fe2b1640bb29ebec,experiments/mirror_applications/ma-272-input-centric-oftv2-mirror/artifacts/payloads/27201_2_aligned_plane_4_shared_baseline.bin
development,27201,2,aligned_plane,5,oftv2_input,0.0,8270,0.0,5.528166992007755e-05,1048576,9cfe77a254aa672636d0e3e83ef85b3a7204e4e4504f7af0723814cb64310e08,experiments/mirror_applications/ma-272-input-centric-oftv2-mirror/artifacts/payloads/27201_2_aligned_plane_5_oftv2_input.bin
development,27201,2,aligned_plane,5,oft_materialized,2.8064519597137405e-08,8275,1.7216007108800113e-05,2.7496719994815066e-05,0,6ce4a3f0cc0704ee72b3eed702997fe5e3773935e1d1ba0375094e9bbbf6f862,experiments/mirror_applications/ma-272-input-centric-oftv2-mirror/artifacts/payloads/27201_2_aligned_plane_5_oft_materialized.bin
development,27201,2,aligned_plane,5,mirror_input_angle,0.0,4181,0.0,5.44272999104578e-05,1048576,c69a0c364a3d244d36674b412c295e5cd7cef8e81cc8f02891b04b55b8c78f9b,experiments/mirror_applications/ma-272-input-centric-oftv2-mirror/artifacts/payloads/27201_2_aligned_plane_5_mirror_input_angle.bin
development,27201,2,aligned_plane,5,generic_plane_scalar,0.0,4183,0.0,5.458302999613806e-05,1048576,01d7baecdf2fe6a54f37a43bd5798f64230b3b14d7205afe66728dd42af87009,experiments/mirror_applications/ma-272-input-centric-oftv2-mirror/artifacts/payloads/27201_2_aligned_plane_5_generic_plane_scalar.bin
development,27201,2,aligned_plane,5,shared_baseline,0.07306084036827087,4174,0.0,2.7529969956958665e-05,0,8e61e73e1ee1093c45b2c194aae03167a2f0926d016384e7fe2b1640bb29ebec,experiments/mirror_applications/ma-272-input-centric-oftv2-mirror/artifacts/payloads/27201_2_aligned_plane_5_shared_baseline.bin
development,27201,2,aligned_plane,6,oftv2_input,0.0,8270,0.0,5.527774992515333e-05,1048576,755473b3728222808644575f4cabda7dec6d7579517feafa8d7bc7f09763083e,experiments/mirror_applications/ma-272-input-centric-oftv2-mirror/artifacts/payloads/27201_2_aligned_plane_6_oftv2_input.bin
development,27201,2,aligned_plane,6,oft_materialized,2.8877924052039816e-08,8275,1.664400042500347e-05,2.70746999012772e-05,0,e319507f66e7435e1589150a21541674a733e32269d0c064b7f64966e054dd47,experiments/mirror_applications/ma-272-input-centric-oftv2-mirror/artifacts/payloads/27201_2_aligned_plane_6_oft_materialized.bin
development,27201,2,aligned_plane,6,mirror_input_angle,0.0,4181,0.0,5.5163990036817265e-05,1048576,7c581811c6f541a975b1f74db74d78e8bba34e1476cefff0b76de994e0331cf0,experiments/mirror_applications/ma-272-input-centric-oftv2-mirror/artifacts/payloads/27201_2_aligned_plane_6_mirror_input_angle.bin
development,27201,2,aligned_plane,6,generic_plane_scalar,0.0,4183,0.0,5.438813997898251e-05,1048576,cd9ad72de3f95cd87300a7103b9d9e6e0cc64a320575f89c783887bfce06f9a6,experiments/mirror_applications/ma-272-input-centric-oftv2-mirror/artifacts/payloads/27201_2_aligned_plane_6_generic_plane_scalar.bin
development,27201,2,aligned_plane,6,shared_baseline,0.12078306078910828,4174,0.0,2.7555599954212083e-05,0,8e61e73e1ee1093c45b2c194aae03167a2f0926d016384e7fe2b1640bb29ebec,experiments/mirror_applications/ma-272-input-centric-oftv2-mirror/artifacts/payloads/27201_2_aligned_plane_6_shared_baseline.bin
development,27201,2,aligned_plane,7,oftv2_input,0.0,8270,0.0,5.456150000100024e-05,1048576,05ade9e04c00f9d09d0cb3cb1216f4261199700e1a09188750bc82c63e843e7f,experiments/mirror_applications/ma-272-input-centric-oftv2-mirror/artifacts/payloads/27201_2_aligned_plane_7_oftv2_input.bin
development,27201,2,aligned_plane,7,oft_materialized,2.8714786992622976e-08,8275,4.106100823264569e-05,2.6892430032603442e-05,0,28344bdf5907d7ab04b0f81d7101a05ad3e173ae7deacce83f99cb7d4af3b34c,experiments/mirror_applications/ma-272-input-centric-oftv2-mirror/artifacts/payloads/27201_2_aligned_plane_7_oft_materialized.bin
development,27201,2,aligned_plane,7,mirror_input_angle,0.0,4181,0.0,5.4743170039728284e-05,1048576,f932f5cd679f1799fae718f9a48b9de3993a835dfa161282cfd1c17dcb136842,experiments/mirror_applications/ma-272-input-centric-oftv2-mirror/artifacts/payloads/27201_2_aligned_plane_7_mirror_input_angle.bin
development,27201,2,aligned_plane,7,generic_plane_scalar,0.0,4183,0.0,3.5901110095437616e-05,1048576,0e2f5212e23b4f3b406f39d5d32d4bf56c3c03f9d372a31283d784186d2ccee4,experiments/mirror_applications/ma-272-input-centric-oftv2-mirror/artifacts/payloads/27201_2_aligned_plane_7_generic_plane_scalar.bin
development,27201,2,aligned_plane,7,shared_baseline,0.1671411544084549,4174,0.0,1.6680300032021478e-05,0,8e61e73e1ee1093c45b2c194aae03167a2f0926d016384e7fe2b1640bb29ebec,experiments/mirror_applications/ma-272-input-centric-oftv2-mirror/artifacts/payloads/27201_2_aligned_plane_7_shared_baseline.bin
development,27201,2,independent_orthogonal,0,oftv2_input,0.0,8270,0.0,3.285345010226592e-05,1048576,a79c8a4f26e62f52e8b368626f398586733dd276d5789900b8a8df806eeef335,experiments/mirror_applications/ma-272-input-centric-oftv2-mirror/artifacts/payloads/27201_2_independent_orthogonal_0_oftv2_input.bin
development,27201,2,independent_orthogonal,0,oft_materialized,2.0971216940779414e-07,8275,1.8688006093725562e-05,1.6055570013122635e-05,0,88d6d09b690317458d41341cf7af943db7a8f512684f8328d9506f9fc5facea8,experiments/mirror_applications/ma-272-input-centric-oftv2-mirror/artifacts/payloads/27201_2_independent_orthogonal_0_oft_materialized.bin
development,27201,2,independent_orthogonal,0,shared_baseline,1.4738800525665283,4174,0.0,1.5807900053914638e-05,0,8e61e73e1ee1093c45b2c194aae03167a2f0926d016384e7fe2b1640bb29ebec,experiments/mirror_applications/ma-272-input-centric-oftv2-mirror/artifacts/payloads/27201_2_independent_orthogonal_0_shared_baseline.bin
development,27201,2,independent_orthogonal,1,oftv2_input,0.0,8270,0.0,3.520593003486283e-05,1048576,897f17bcc954fa8012b1fc308e8bda99ce69be5f4c5e7df9dc4b8d39d309b8e6,experiments/mirror_applications/ma-272-input-centric-oftv2-mirror/artifacts/payloads/27201_2_independent_orthogonal_1_oftv2_input.bin
development,27201,2,independent_orthogonal,1,oft_materialized,2.0620068141852244e-07,8275,1.675500243436545e-05,1.621560993953608e-05,0,d459de83c97672bbdc8cf55b873c08aae48b68bfa2c9e6964bfe35f336061360,experiments/mirror_applications/ma-272-input-centric-oftv2-mirror/artifacts/payloads/27201_2_independent_orthogonal_1_oft_materialized.bin
development,27201,2,independent_orthogonal,1,shared_baseline,1.410462737083435,4174,0.0,1.8994319980265572e-05,0,8e61e73e1ee1093c45b2c194aae03167a2f0926d016384e7fe2b1640bb29ebec,experiments/mirror_applications/ma-272-input-centric-oftv2-mirror/artifacts/payloads/27201_2_independent_orthogonal_1_shared_baseline.bin
development,27201,2,independent_orthogonal,2,oftv2_input,0.0,8270,0.0,3.443419001996517e-05,1048576,e5030c32b6a2097c238d6cddb5e46113df918d228fe75663c2bd0c88b3c0954b,experiments/mirror_applications/ma-272-input-centric-oftv2-mirror/artifacts/payloads/27201_2_independent_orthogonal_2_oftv2_input.bin
development,27201,2,independent_orthogonal,2,oft_materialized,2.0430481129096734e-07,8275,1.4871999155730009e-05,1.55875799828209e-05,0,a4431a65a7c95f05041cd1c331d23267cbbdad8e505a117c366dade68d9d03c0,experiments/mirror_applications/ma-272-input-centric-oftv2-mirror/artifacts/payloads/27201_2_independent_orthogonal_2_oft_materialized.bin
development,27201,2,independent_orthogonal,2,shared_baseline,1.3580751419067383,4174,0.0,1.779875994543545e-05,0,8e61e73e1ee1093c45b2c194aae03167a2f0926d016384e7fe2b1640bb29ebec,experiments/mirror_applications/ma-272-input-centric-oftv2-mirror/artifacts/payloads/27201_2_independent_orthogonal_2_shared_baseline.bin
development,27201,2,independent_orthogonal,3,oftv2_input,0.0,8270,0.0,3.1956620077835395e-05,1048576,b4b96eaca51f22994c38393731434e39da50c648ad6e7e7716417fd947372ea7,experiments/mirror_applications/ma-272-input-centric-oftv2-mirror/artifacts/payloads/27201_2_independent_orthogonal_3_oftv2_input.bin
development,27201,2,independent_orthogonal,3,oft_materialized,2.068455700054983e-07,8275,1.4881996321491897e-05,1.6369439981644975e-05,0,7e1c6167f5d2be55b6ae72f9d58ab958c7cc7698004fcb4458bca99e5adb968e,experiments/mirror_applications/ma-272-input-centric-oftv2-mirror/artifacts/payloads/27201_2_independent_orthogonal_3_oft_materialized.bin
development,27201,2,independent_orthogonal,3,shared_baseline,1.405023217201233,4174,0.0,1.922787007060833e-05,0,8e61e73e1ee1093c45b2c194aae03167a2f0926d016384e7fe2b1640bb29ebec,experiments/mirror_applications/ma-272-input-centric-oftv2-mirror/artifacts/payloads/27201_2_independent_orthogonal_3_shared_baseline.bin
development,27201,2,independent_orthogonal,4,oftv2_input,0.0,8270,0.0,3.52681300137192e-05,1048576,a132abb32913f62adde6fe4df365f0fb13dde3447fabf35a828f090a9be0f69a,experiments/mirror_applications/ma-272-input-centric-oftv2-mirror/artifacts/payloads/27201_2_independent_orthogonal_4_oftv2_input.bin
development,27201,2,independent_orthogonal,4,oft_materialized,2.027554302230783e-07,8275,1.4600998838432133e-05,1.681088993791491e-05,0,a4e8a469d4569e7a27eb32052796a1c56904fff5084f4dcb28ac2ef44e406ff1,experiments/mirror_applications/ma-272-input-centric-oftv2-mirror/artifacts/payloads/27201_2_independent_orthogonal_4_oft_materialized.bin
development,27201,2,independent_orthogonal,4,shared_baseline,1.433501124382019,4174,0.0,1.6630820027785376e-05,0,8e61e73e1ee1093c45b2c194aae03167a2f0926d016384e7fe2b1640bb29ebec,experiments/mirror_applications/ma-272-input-centric-oftv2-mirror/artifacts/payloads/27201_2_independent_orthogonal_4_shared_baseline.bin
development,27201,2,independent_orthogonal,5,oftv2_input,0.0,8270,0.0,3.3283789962297304e-05,1048576,5f551bdd93a1b68fc6e5b69961bc19e56d2a17ae2b0a654f00ddd57faaf661b0,experiments/mirror_applications/ma-272-input-centric-oftv2-mirror/artifacts/payloads/27201_2_independent_orthogonal_5_oftv2_input.bin
development,27201,2,independent_orthogonal,5,oft_materialized,2.0296887726090063e-07,8275,1.4931996702216566e-05,1.8164999928558246e-05,0,ced497e9a53e7cc14dc44cd2560cfa5eef7782ceab8bec13f07b091254c28886,experiments/mirror_applications/ma-272-input-centric-oftv2-mirror/artifacts/payloads/27201_2_independent_orthogonal_5_oft_materialized.bin
development,27201,2,independent_orthogonal,5,shared_baseline,1.4919463396072388,4174,0.0,1.6684909933246673e-05,0,8e61e73e1ee1093c45b2c194aae03167a2f0926d016384e7fe2b1640bb29ebec,experiments/mirror_applications/ma-272-input-centric-oftv2-mirror/artifacts/payloads/27201_2_independent_orthogonal_5_shared_baseline.bin
development,27201,2,independent_orthogonal,6,oftv2_input,0.0,8270,0.0,3.787940004258416e-05,1048576,e4c467a2f4ad16338afd5f124c422105a20471de0582d7b973652e13fe167227,experiments/mirror_applications/ma-272-input-centric-oftv2-mirror/artifacts/payloads/27201_2_independent_orthogonal_6_oftv2_input.bin
development,27201,2,independent_orthogonal,6,oft_materialized,2.050496306083005e-07,8275,1.4650999219156802e-05,1.708480005618185e-05,0,9ecb05240a4cedb4967d3e6d7dc2093fa2e761aaf2170a1bc2be63e916069750,experiments/mirror_applications/ma-272-input-centric-oftv2-mirror/artifacts/payloads/27201_2_independent_orthogonal_6_oft_materialized.bin
development,27201,2,independent_orthogonal,6,shared_baseline,1.4256412982940674,4174,0.0,2.205386001151055e-05,0,8e61e73e1ee1093c45b2c194aae03167a2f0926d016384e7fe2b1640bb29ebec,experiments/mirror_applications/ma-272-input-centric-oftv2-mirror/artifacts/payloads/27201_2_independent_orthogonal_6_shared_baseline.bin
development,27201,2,independent_orthogonal,7,oftv2_input,0.0,8270,0.0,4.816251996089704e-05,1048576,d348434e9cafd334dba0749bcdac5befea7bacfe3f20d3a4aee9ddd98f308a42,experiments/mirror_applications/ma-272-input-centric-oftv2-mirror/artifacts/payloads/27201_2_independent_orthogonal_7_oftv2_input.bin
development,27201,2,independent_orthogonal,7,oft_materialized,2.0425639490895264e-07,8275,1.9037994206883013e-05,1.6794969997135923e-05,0,2821dcbb870dfe21ec07b20c7d0b43fdd8e788115f8fe2279423aeac5774e427,experiments/mirror_applications/ma-272-input-centric-oftv2-mirror/artifacts/payloads/27201_2_independent_orthogonal_7_oft_materialized.bin
development,27201,2,independent_orthogonal,7,shared_baseline,1.4042457342147827,4174,0.0,1.6348310018656776e-05,0,8e61e73e1ee1093c45b2c194aae03167a2f0926d016384e7fe2b1640bb29ebec,experiments/mirror_applications/ma-272-input-centric-oftv2-mirror/artifacts/payloads/27201_2_independent_orthogonal_7_shared_baseline.bin
