world,seed,stratum,task,method,nrmse,payload_bytes,sha256,path,fit_seconds,apply_seconds,updates,support_examples,audit_examples
26800,0,aligned_rotation,0,no_view,1.0,3158,1d33b2345628b72520aa32233e2e743f96701b9b4e4c462e74028b8a35301296,experiments/mirror_applications/ma-268-ia3-mirror-activation-views/artifacts/payloads/26800_0_aligned_rotation_0_no_view.bin,0.0,2.077000681310892e-05,0,128,512
26800,0,aligned_rotation,0,mirror_givens,0.0,3167,c13285096d475b949f24039a67f1b807d49355e7b36ea75ceaaaf534dd8db336,experiments/mirror_applications/ma-268-ia3-mirror-activation-views/artifacts/payloads/26800_0_aligned_rotation_0_mirror_givens.bin,0.024818158999551088,9.995799337048084e-05,0,128,512
26800,0,aligned_rotation,0,ia3,0.10222518444061279,3283,251d3a671218c71e9f4764bc857395f724bc16624b8ceb17d725ee0f7fc824fa,experiments/mirror_applications/ma-268-ia3-mirror-activation-views/artifacts/payloads/26800_0_aligned_rotation_0_ia3.bin,0.011069472995586693,2.8982991352677345e-05,100,128,512
26800,0,aligned_rotation,0,dense_upper,5.498638415701862e-07,7262,9e46550179dd1f2a76da1755425beb017d8692ec540e58efb15cb4cb05e1b1d1,experiments/mirror_applications/ma-268-ia3-mirror-activation-views/artifacts/payloads/26800_0_aligned_rotation_0_dense_upper.bin,0.0006842919974587858,2.952301292680204e-05,0,128,512
26800,0,aligned_rotation,1,no_view,1.0,3158,1d33b2345628b72520aa32233e2e743f96701b9b4e4c462e74028b8a35301296,experiments/mirror_applications/ma-268-ia3-mirror-activation-views/artifacts/payloads/26800_0_aligned_rotation_1_no_view.bin,0.0,2.7240996132604778e-05,0,128,512
26800,0,aligned_rotation,1,mirror_givens,0.0,3167,df8a98f4fe1c7e9363cf5efacf94d05b1eaf78f82111c05cddb76c1622d0e5ba,experiments/mirror_applications/ma-268-ia3-mirror-activation-views/artifacts/payloads/26800_0_aligned_rotation_1_mirror_givens.bin,0.023838749999413267,9.97569877654314e-05,0,128,512
26800,0,aligned_rotation,1,ia3,0.07589054107666016,3283,09c24e2e5c288817362955a5ad15e9d758f81ecdd34908f1bbbfc6984aa10e61,experiments/mirror_applications/ma-268-ia3-mirror-activation-views/artifacts/payloads/26800_0_aligned_rotation_1_ia3.bin,0.017429511004593223,3.2508003641851246e-05,100,128,512
26800,0,aligned_rotation,1,dense_upper,5.139127665643173e-07,7262,d127e44ad1e189d533d1fb6c372bbabe10bb07c262c7e7c0b0c61851458fe6ee,experiments/mirror_applications/ma-268-ia3-mirror-activation-views/artifacts/payloads/26800_0_aligned_rotation_1_dense_upper.bin,0.00041263000457547605,4.304399772081524e-05,0,128,512
26800,0,aligned_rotation,2,no_view,1.0,3158,1d33b2345628b72520aa32233e2e743f96701b9b4e4c462e74028b8a35301296,experiments/mirror_applications/ma-268-ia3-mirror-activation-views/artifacts/payloads/26800_0_aligned_rotation_2_no_view.bin,0.0,2.762099029496312e-05,0,128,512
26800,0,aligned_rotation,2,mirror_givens,0.0,3167,dd9390bf819c2386dadb8255f206c27b967039df27bb94708ffe020c7ac60202,experiments/mirror_applications/ma-268-ia3-mirror-activation-views/artifacts/payloads/26800_0_aligned_rotation_2_mirror_givens.bin,0.030875507000018843,9.129499085247517e-05,0,128,512
26800,0,aligned_rotation,2,ia3,0.04680376499891281,3283,5ff6047d2761a05e8b7dd19f5bf96d2f5aafc5b55bfe09519a0088c8d5a7d473,experiments/mirror_applications/ma-268-ia3-mirror-activation-views/artifacts/payloads/26800_0_aligned_rotation_2_ia3.bin,0.011977136004134081,3.240800288040191e-05,100,128,512
26800,0,aligned_rotation,2,dense_upper,5.186900011722173e-07,7262,0038c7924ef35e9353b3cfe47b2a38f36adb3030a71e4b668fb0af012c51fb08,experiments/mirror_applications/ma-268-ia3-mirror-activation-views/artifacts/payloads/26800_0_aligned_rotation_2_dense_upper.bin,0.0004005719965789467,4.356401041150093e-05,0,128,512
26800,0,aligned_rotation,3,no_view,1.0,3158,1d33b2345628b72520aa32233e2e743f96701b9b4e4c462e74028b8a35301296,experiments/mirror_applications/ma-268-ia3-mirror-activation-views/artifacts/payloads/26800_0_aligned_rotation_3_no_view.bin,0.0,2.237300213892013e-05,0,128,512
26800,0,aligned_rotation,3,mirror_givens,1.506897007175212e-08,3167,ebfd38f9169aded46d15c3df1239a26705a4dc429de42a1b0002baba5ccbace2,experiments/mirror_applications/ma-268-ia3-mirror-activation-views/artifacts/payloads/26800_0_aligned_rotation_3_mirror_givens.bin,0.030123085001832806,7.155600178521127e-05,0,128,512
26800,0,aligned_rotation,3,ia3,0.01586759276688099,3283,03b6cf9892af78c262833160c51a7d488c7f55bc85d516a6705e69b5cf47164f,experiments/mirror_applications/ma-268-ia3-mirror-activation-views/artifacts/payloads/26800_0_aligned_rotation_3_ia3.bin,0.011177271997439675,7.075398752931505e-05,100,128,512
26800,0,aligned_rotation,3,dense_upper,5.546228862840508e-07,7262,66af4f409a0c12e48344b04251360f784814ea87fc3e1cb910d8c6534d28b09b,experiments/mirror_applications/ma-268-ia3-mirror-activation-views/artifacts/payloads/26800_0_aligned_rotation_3_dense_upper.bin,0.00028594299510587007,3.2759009627625346e-05,0,128,512
26800,0,aligned_rotation,4,no_view,1.0,3158,1d33b2345628b72520aa32233e2e743f96701b9b4e4c462e74028b8a35301296,experiments/mirror_applications/ma-268-ia3-mirror-activation-views/artifacts/payloads/26800_0_aligned_rotation_4_no_view.bin,0.0,2.2904001525603235e-05,0,128,512
26800,0,aligned_rotation,4,mirror_givens,1.823942774592524e-08,3167,2ad34775f34c14588ebe9343109a9d9c957bd02182b4f59f2230be3755f5a34b,experiments/mirror_applications/ma-268-ia3-mirror-activation-views/artifacts/payloads/26800_0_aligned_rotation_4_mirror_givens.bin,0.023541260001366027,6.849199417047203e-05,0,128,512
26800,0,aligned_rotation,4,ia3,0.015973234549164772,3283,25080b6f3d187ebcfbef15af2d4240818c13a029a388246dc3161bc2b39b65ee,experiments/mirror_applications/ma-268-ia3-mirror-activation-views/artifacts/payloads/26800_0_aligned_rotation_4_ia3.bin,0.01180805500189308,6.949299131520092e-05,100,128,512
26800,0,aligned_rotation,4,dense_upper,5.044108775109635e-07,7262,28f587a6aef8c406c92fff4f680dce8a36300cc0d05fe48c04042b1307a3faae,experiments/mirror_applications/ma-268-ia3-mirror-activation-views/artifacts/payloads/26800_0_aligned_rotation_4_dense_upper.bin,0.0002944150037365034,2.9372997232712805e-05,0,128,512
26800,0,aligned_rotation,5,no_view,1.0,3158,1d33b2345628b72520aa32233e2e743f96701b9b4e4c462e74028b8a35301296,experiments/mirror_applications/ma-268-ia3-mirror-activation-views/artifacts/payloads/26800_0_aligned_rotation_5_no_view.bin,0.0,2.2483000066131353e-05,0,128,512
26800,0,aligned_rotation,5,mirror_givens,0.0,3167,42550ba6850f80bc1df26f1ace564f68091f53adc7d8090383f3e7dfa397e85d,experiments/mirror_applications/ma-268-ia3-mirror-activation-views/artifacts/payloads/26800_0_aligned_rotation_5_mirror_givens.bin,0.024235757009591907,7.885700324550271e-05,0,128,512
26800,0,aligned_rotation,5,ia3,0.04774204269051552,3283,357c69d9992ef39c576d2225474dd6b94f42995ad7527058474f3e9267abc94f,experiments/mirror_applications/ma-268-ia3-mirror-activation-views/artifacts/payloads/26800_0_aligned_rotation_5_ia3.bin,0.01397695300693158,3.037499845959246e-05,100,128,512
26800,0,aligned_rotation,5,dense_upper,4.969315341440961e-07,7262,dee79dd17790ad9f8fd576e5116544006a6f013f576e0751b537f8cfe947848f,experiments/mirror_applications/ma-268-ia3-mirror-activation-views/artifacts/payloads/26800_0_aligned_rotation_5_dense_upper.bin,0.0003092679980909452,3.235800249967724e-05,0,128,512
26800,0,aligned_rotation,6,no_view,1.0,3158,1d33b2345628b72520aa32233e2e743f96701b9b4e4c462e74028b8a35301296,experiments/mirror_applications/ma-268-ia3-mirror-activation-views/artifacts/payloads/26800_0_aligned_rotation_6_no_view.bin,0.0,2.1581989130936563e-05,0,128,512
26800,0,aligned_rotation,6,mirror_givens,0.0,3167,2abd2f36aebfd6e3f5200ff667ada5cf00eaacc42db465aea2dc8c1f3bb45a61,experiments/mirror_applications/ma-268-ia3-mirror-activation-views/artifacts/payloads/26800_0_aligned_rotation_6_mirror_givens.bin,0.023293143007322215,6.883199966978282e-05,0,128,512
26800,0,aligned_rotation,6,ia3,0.0784323513507843,3283,700ca3f49ee5137eb21344883adee09941ce44ac6bcb39266b050712fce044db,experiments/mirror_applications/ma-268-ia3-mirror-activation-views/artifacts/payloads/26800_0_aligned_rotation_6_ia3.bin,0.012724631000310183,2.7389993192628026e-05,100,128,512
26800,0,aligned_rotation,6,dense_upper,5.209626579016913e-07,7262,7ca60c1c8c480a93c0a6f861d31e012c9052e6edcf14c772d0da79a3452fd38d,experiments/mirror_applications/ma-268-ia3-mirror-activation-views/artifacts/payloads/26800_0_aligned_rotation_6_dense_upper.bin,0.0002944659936474636,3.003499296028167e-05,0,128,512
26800,0,aligned_rotation,7,no_view,1.0,3158,1d33b2345628b72520aa32233e2e743f96701b9b4e4c462e74028b8a35301296,experiments/mirror_applications/ma-268-ia3-mirror-activation-views/artifacts/payloads/26800_0_aligned_rotation_7_no_view.bin,0.0,2.3635002435185015e-05,0,128,512
26800,0,aligned_rotation,7,mirror_givens,4.8123400375743586e-08,3167,386f7196d914b23bb801e284f1128a2625f09da6c72d928cc0c2ec00008edb34,experiments/mirror_applications/ma-268-ia3-mirror-activation-views/artifacts/payloads/26800_0_aligned_rotation_7_mirror_givens.bin,0.024603892001323402,7.034398731775582e-05,0,128,512
26800,0,aligned_rotation,7,ia3,0.10701261460781097,3283,c761006c474f2e0a9e72c7f1539e083ab2d7a226bb70d69a0dbe2276d52cbb9c,experiments/mirror_applications/ma-268-ia3-mirror-activation-views/artifacts/payloads/26800_0_aligned_rotation_7_ia3.bin,0.012020709997159429,2.6990004698745906e-05,100,128,512
26800,0,aligned_rotation,7,dense_upper,5.249757464298455e-07,7262,d8eb4af81201fafc7477636b775cef65014cce5ad0c8d91cf9703cab10296b0f,experiments/mirror_applications/ma-268-ia3-mirror-activation-views/artifacts/payloads/26800_0_aligned_rotation_7_dense_upper.bin,0.000314614997478202,3.037499845959246e-05,0,128,512
26800,0,independent_diagonal,0,no_view,1.0,3158,1d33b2345628b72520aa32233e2e743f96701b9b4e4c462e74028b8a35301296,experiments/mirror_applications/ma-268-ia3-mirror-activation-views/artifacts/payloads/26800_0_independent_diagonal_0_no_view.bin,0.0,2.193200634792447e-05,0,128,512
26800,0,independent_diagonal,0,ia3,1.3477589391186484e-06,3283,29cca7c31db96066f628f5d882d07379268405ad4ef11aeb857068d2a6fe231d,experiments/mirror_applications/ma-268-ia3-mirror-activation-views/artifacts/payloads/26800_0_independent_diagonal_0_ia3.bin,0.01874806999694556,2.4895998649299145e-05,100,128,512
26800,0,independent_diagonal,0,dense_upper,4.959774742019363e-07,7262,0f78a32f071c5a802b8f6a753b137b0d53beca0176b28b0c5714dae91bf9a18f,experiments/mirror_applications/ma-268-ia3-mirror-activation-views/artifacts/payloads/26800_0_independent_diagonal_0_dense_upper.bin,0.0002531039936002344,3.0435010557994246e-05,0,128,512
26800,0,independent_diagonal,1,no_view,1.0,3158,1d33b2345628b72520aa32233e2e743f96701b9b4e4c462e74028b8a35301296,experiments/mirror_applications/ma-268-ia3-mirror-activation-views/artifacts/payloads/26800_0_independent_diagonal_1_no_view.bin,0.0,1.9207989680580795e-05,0,128,512
26800,0,independent_diagonal,1,ia3,1.3022535085838172e-06,3283,6569c9d801bab87583ac756a3032ff88e1b74d3a9f8244d77071e87069cc355c,experiments/mirror_applications/ma-268-ia3-mirror-activation-views/artifacts/payloads/26800_0_independent_diagonal_1_ia3.bin,0.016469680005684495,2.5627989089116454e-05,100,128,512
26800,0,independent_diagonal,1,dense_upper,5.092919082017033e-07,7262,b3e7d152adde98ff977b0354510efb77119f4899047154b4316e83e05afbc28f,experiments/mirror_applications/ma-268-ia3-mirror-activation-views/artifacts/payloads/26800_0_independent_diagonal_1_dense_upper.bin,0.0002586519985925406,2.9503993573598564e-05,0,128,512
26800,0,independent_diagonal,2,no_view,1.0,3158,1d33b2345628b72520aa32233e2e743f96701b9b4e4c462e74028b8a35301296,experiments/mirror_applications/ma-268-ia3-mirror-activation-views/artifacts/payloads/26800_0_independent_diagonal_2_no_view.bin,0.0,1.8588005332276225e-05,0,128,512
26800,0,independent_diagonal,2,ia3,1.216244754687068e-06,3283,96adc257650d3b9266b5c2e080ba4ee5aade1b9b7284fdbcbfbd8cbf53cd0816,experiments/mirror_applications/ma-268-ia3-mirror-activation-views/artifacts/payloads/26800_0_independent_diagonal_2_ia3.bin,0.018172809010138735,3.187799302395433e-05,100,128,512
26800,0,independent_diagonal,2,dense_upper,5.339413746696664e-07,7262,afcd7bd82cd174f56b53a718a015955d28844654ee1a1a3606f670716c384ec8,experiments/mirror_applications/ma-268-ia3-mirror-activation-views/artifacts/payloads/26800_0_independent_diagonal_2_dense_upper.bin,0.00028576298791449517,3.552201087586582e-05,0,128,512
26800,0,independent_diagonal,3,no_view,1.0,3158,1d33b2345628b72520aa32233e2e743f96701b9b4e4c462e74028b8a35301296,experiments/mirror_applications/ma-268-ia3-mirror-activation-views/artifacts/payloads/26800_0_independent_diagonal_3_no_view.bin,0.0,2.4616994778625667e-05,0,128,512
26800,0,independent_diagonal,3,ia3,1.0435413742015953e-06,3283,c87ff4cc08bfa80293a6b55cf48be487f0f8a51c4c6252acce06200672cc6395,experiments/mirror_applications/ma-268-ia3-mirror-activation-views/artifacts/payloads/26800_0_independent_diagonal_3_ia3.bin,0.014527728999382816,2.593899262137711e-05,100,128,512
26800,0,independent_diagonal,3,dense_upper,5.125059487909311e-07,7262,9b67b91aa6130e4bbd285136cfde59789e035f612beb7f97526cd5b8d68d7b77,experiments/mirror_applications/ma-268-ia3-mirror-activation-views/artifacts/payloads/26800_0_independent_diagonal_3_dense_upper.bin,0.00030336799682118,3.356998786330223e-05,0,128,512
26800,0,independent_diagonal,4,no_view,1.0,3158,1d33b2345628b72520aa32233e2e743f96701b9b4e4c462e74028b8a35301296,experiments/mirror_applications/ma-268-ia3-mirror-activation-views/artifacts/payloads/26800_0_independent_diagonal_4_no_view.bin,0.0,1.9508996047079563e-05,0,128,512
26800,0,independent_diagonal,4,ia3,1.1594361239986029e-06,3283,7290736f6bb3897e4e2ca6ae9437e5258e7a35dc67ceb3c32699738465aff7ad,experiments/mirror_applications/ma-268-ia3-mirror-activation-views/artifacts/payloads/26800_0_independent_diagonal_4_ia3.bin,0.024813992000417784,2.681899059098214e-05,100,128,512
26800,0,independent_diagonal,4,dense_upper,5.146757757756859e-07,7262,20a97a37c6c290df01c68cc7b921d6b1896ba22ccdf3eb6a20422aba71527bb7,experiments/mirror_applications/ma-268-ia3-mirror-activation-views/artifacts/payloads/26800_0_independent_diagonal_4_dense_upper.bin,0.00029409500712063164,2.990399661939591e-05,0,128,512
26800,0,independent_diagonal,5,no_view,1.0,3158,1d33b2345628b72520aa32233e2e743f96701b9b4e4c462e74028b8a35301296,experiments/mirror_applications/ma-268-ia3-mirror-activation-views/artifacts/payloads/26800_0_independent_diagonal_5_no_view.bin,0.0,2.3333996068686247e-05,0,128,512
26800,0,independent_diagonal,5,ia3,9.482401424065756e-07,3283,bd74b398663daee36bad6b8a538c0dc2b4eaf616b87b1dbe32fb6cf6d63ab21f,experiments/mirror_applications/ma-268-ia3-mirror-activation-views/artifacts/payloads/26800_0_independent_diagonal_5_ia3.bin,0.01776114098902326,2.633899566717446e-05,100,128,512
26800,0,independent_diagonal,5,dense_upper,5.228724830885767e-07,7262,7513688a27cf5140a4fa8ffba448df08d01d38575ac62fd79be1485ebad2131c,experiments/mirror_applications/ma-268-ia3-mirror-activation-views/artifacts/payloads/26800_0_independent_diagonal_5_dense_upper.bin,0.00024103699252009392,2.99139937851578e-05,0,128,512
26800,0,independent_diagonal,6,no_view,1.0,3158,1d33b2345628b72520aa32233e2e743f96701b9b4e4c462e74028b8a35301296,experiments/mirror_applications/ma-268-ia3-mirror-activation-views/artifacts/payloads/26800_0_independent_diagonal_6_no_view.bin,0.0,1.9069004338234663e-05,0,128,512
26800,0,independent_diagonal,6,ia3,7.441514640049718e-07,3283,83d6c34c5eb21847f5d4765ac34f2d054b60b885bfbbe0815ec3c6543963cae3,experiments/mirror_applications/ma-268-ia3-mirror-activation-views/artifacts/payloads/26800_0_independent_diagonal_6_ia3.bin,0.01723821699852124,2.5187997380271554e-05,100,128,512
26800,0,independent_diagonal,6,dense_upper,5.366022151065408e-07,7262,2351d4ed75a999a48a89e77d2a8ca3e12c369c153034acf320483fd7e50417e8,experiments/mirror_applications/ma-268-ia3-mirror-activation-views/artifacts/payloads/26800_0_independent_diagonal_6_dense_upper.bin,0.0002783419913612306,2.930300252046436e-05,0,128,512
26800,0,independent_diagonal,7,no_view,1.0,3158,1d33b2345628b72520aa32233e2e743f96701b9b4e4c462e74028b8a35301296,experiments/mirror_applications/ma-268-ia3-mirror-activation-views/artifacts/payloads/26800_0_independent_diagonal_7_no_view.bin,0.0,2.055999357253313e-05,0,128,512
26800,0,independent_diagonal,7,ia3,5.469553912007541e-07,3283,553986362af763455a223aacba62dd817d05e51dcce727ba400caea7c50f80f4,experiments/mirror_applications/ma-268-ia3-mirror-activation-views/artifacts/payloads/26800_0_independent_diagonal_7_ia3.bin,0.01661402400350198,2.8473004931584e-05,100,128,512
26800,0,independent_diagonal,7,dense_upper,5.273961960483575e-07,7262,a4bca9047bbdd86087bd40675095e330d3f3c9e7f2bce65f3a5d2d9210125eda,experiments/mirror_applications/ma-268-ia3-mirror-activation-views/artifacts/payloads/26800_0_independent_diagonal_7_dense_upper.bin,0.00026775599690154195,5.2126997616142035e-05,0,128,512
26800,1,aligned_rotation,0,no_view,1.0,3158,2e5c30da543912168560973f7c9efed5ae696a7ba9ba6584f013b8ba4cf44c3e,experiments/mirror_applications/ma-268-ia3-mirror-activation-views/artifacts/payloads/26800_1_aligned_rotation_0_no_view.bin,0.0,2.401499659754336e-05,0,128,512
26800,1,aligned_rotation,0,mirror_givens,0.0,3167,7d037358cc1a154cf2136998e0da7acf381b86e83a00d3d86ff5f0a384fe4cb2,experiments/mirror_applications/ma-268-ia3-mirror-activation-views/artifacts/payloads/26800_1_aligned_rotation_0_mirror_givens.bin,0.02457577000313904,7.455000013578683e-05,0,128,512
26800,1,aligned_rotation,0,ia3,0.12690916657447815,3283,dbf5c7a9414a40f4afbc155173baeffbcaaaaf776a5495c487027a0714ee4a30,experiments/mirror_applications/ma-268-ia3-mirror-activation-views/artifacts/payloads/26800_1_aligned_rotation_0_ia3.bin,0.013983564000227489,2.749000850599259e-05,100,128,512
26800,1,aligned_rotation,0,dense_upper,6.937401622053585e-07,7262,e821299b4dd606a564c3f34bfcee90309e756322e58b0aa5c1e153e5f8378b29,experiments/mirror_applications/ma-268-ia3-mirror-activation-views/artifacts/payloads/26800_1_aligned_rotation_0_dense_upper.bin,0.0003517500008456409,3.114600258413702e-05,0,128,512
26800,1,aligned_rotation,1,no_view,1.0,3158,2e5c30da543912168560973f7c9efed5ae696a7ba9ba6584f013b8ba4cf44c3e,experiments/mirror_applications/ma-268-ia3-mirror-activation-views/artifacts/payloads/26800_1_aligned_rotation_1_no_view.bin,0.0,1.9669008906930685e-05,0,128,512
26800,1,aligned_rotation,1,mirror_givens,0.0,3167,df8f9f71bb62d30820d2510b465b69b70616f4799fb42706a38c4a5b3e87d9b7,experiments/mirror_applications/ma-268-ia3-mirror-activation-views/artifacts/payloads/26800_1_aligned_rotation_1_mirror_givens.bin,0.02471910198801197,6.983301136642694e-05,0,128,512
26800,1,aligned_rotation,1,ia3,0.09537515044212341,3283,2b419fbd30625639fe7221d664ac48cb2b6ee1b44773172ff763842bae7c6a30,experiments/mirror_applications/ma-268-ia3-mirror-activation-views/artifacts/payloads/26800_1_aligned_rotation_1_ia3.bin,0.011797839993960224,2.935300290118903e-05,100,128,512
26800,1,aligned_rotation,1,dense_upper,6.63496052766277e-07,7262,552c5521a9d024364b9ca0baaf2b53a22b2752b03904b3772b85a30994e682c3,experiments/mirror_applications/ma-268-ia3-mirror-activation-views/artifacts/payloads/26800_1_aligned_rotation_1_dense_upper.bin,0.0002750569983618334,3.214699972886592e-05,0,128,512
26800,1,aligned_rotation,2,no_view,1.0,3158,2e5c30da543912168560973f7c9efed5ae696a7ba9ba6584f013b8ba4cf44c3e,experiments/mirror_applications/ma-268-ia3-mirror-activation-views/artifacts/payloads/26800_1_aligned_rotation_2_no_view.bin,0.0,2.71500030066818e-05,0,128,512
26800,1,aligned_rotation,2,mirror_givens,0.0,3167,fb8b3cbdeeae511297007e7972d1dfa17c055f72c734da7b24717de75c9089d6,experiments/mirror_applications/ma-268-ia3-mirror-activation-views/artifacts/payloads/26800_1_aligned_rotation_2_mirror_givens.bin,0.02874207799322903,7.602199912071228e-05,0,128,512
26800,1,aligned_rotation,2,ia3,0.059537678956985474,3283,01b4f10942caefb29e5ad0704056a10325330474610579d25c370df1e193a163,experiments/mirror_applications/ma-268-ia3-mirror-activation-views/artifacts/payloads/26800_1_aligned_rotation_2_ia3.bin,0.012980008992599323,4.025000089313835e-05,100,128,512
26800,1,aligned_rotation,2,dense_upper,7.020014436420752e-07,7262,f3fd02637e6402ce634ea1d5e6df12851a5f90f9036d6f19f2a728d7bac96fe1,experiments/mirror_applications/ma-268-ia3-mirror-activation-views/artifacts/payloads/26800_1_aligned_rotation_2_dense_upper.bin,0.000326273002428934,3.952800761908293e-05,0,128,512
26800,1,aligned_rotation,3,no_view,1.0,3158,2e5c30da543912168560973f7c9efed5ae696a7ba9ba6584f013b8ba4cf44c3e,experiments/mirror_applications/ma-268-ia3-mirror-activation-views/artifacts/payloads/26800_1_aligned_rotation_3_no_view.bin,0.0,2.875199425034225e-05,0,128,512
26800,1,aligned_rotation,3,mirror_givens,0.0,3167,6040dde727e75a2ce988db9eb2724de8d00314aafcf562d8ae9c3acbe0944355,experiments/mirror_applications/ma-268-ia3-mirror-activation-views/artifacts/payloads/26800_1_aligned_rotation_3_mirror_givens.bin,0.03395875899877865,7.33780034352094e-05,0,128,512
26800,1,aligned_rotation,3,ia3,0.02041340060532093,3283,2fba36e9b8b31c797f7207be3d3e1304ea1aede59597f2e206d3e35aa5392734,experiments/mirror_applications/ma-268-ia3-mirror-activation-views/artifacts/payloads/26800_1_aligned_rotation_3_ia3.bin,0.011994051004876383,4.050000279676169e-05,100,128,512
26800,1,aligned_rotation,3,dense_upper,7.334327278840647e-07,7262,0a2078cfb9c4923d60be16e1495e8a7ee4b1be229451a7e8dd54a0aa5bd3e16f,experiments/mirror_applications/ma-268-ia3-mirror-activation-views/artifacts/payloads/26800_1_aligned_rotation_3_dense_upper.bin,0.0003521610051393509,3.529299283400178e-05,0,128,512
26800,1,aligned_rotation,4,no_view,1.0,3158,2e5c30da543912168560973f7c9efed5ae696a7ba9ba6584f013b8ba4cf44c3e,experiments/mirror_applications/ma-268-ia3-mirror-activation-views/artifacts/payloads/26800_1_aligned_rotation_4_no_view.bin,0.0,2.4936991394497454e-05,0,128,512
26800,1,aligned_rotation,4,mirror_givens,0.0,3167,10fd543ad35f694bb6d83da17c7c429618eb7dd594d1bbd4a572d19ced19cbed,experiments/mirror_applications/ma-268-ia3-mirror-activation-views/artifacts/payloads/26800_1_aligned_rotation_4_mirror_givens.bin,0.034278852996067144,0.0001296620030188933,0,128,512
26800,1,aligned_rotation,4,ia3,0.020745521411299706,3283,5217a5ed5c891d5b7953d5a151e8a1801f045503a9b4e4fc8bfd1795037f1b00,experiments/mirror_applications/ma-268-ia3-mirror-activation-views/artifacts/payloads/26800_1_aligned_rotation_4_ia3.bin,0.012585504999151453,4.330399679020047e-05,100,128,512
26800,1,aligned_rotation,4,dense_upper,6.935861165402457e-07,7262,082159eefb514029bb2419075f669c0490694f8dc92e19cc84f482a3d58e9f96,experiments/mirror_applications/ma-268-ia3-mirror-activation-views/artifacts/payloads/26800_1_aligned_rotation_4_dense_upper.bin,0.0003715390048455447,4.3194013414904475e-05,0,128,512
26800,1,aligned_rotation,5,no_view,1.0,3158,2e5c30da543912168560973f7c9efed5ae696a7ba9ba6584f013b8ba4cf44c3e,experiments/mirror_applications/ma-268-ia3-mirror-activation-views/artifacts/payloads/26800_1_aligned_rotation_5_no_view.bin,0.0,3.1225994462147355e-05,0,128,512
26800,1,aligned_rotation,5,mirror_givens,0.0,3167,9f1179081722a3a27af0125acbed3a7b0a44a0e785a22928297b4875e1a8fa7b,experiments/mirror_applications/ma-268-ia3-mirror-activation-views/artifacts/payloads/26800_1_aligned_rotation_5_mirror_givens.bin,0.033664418006083,7.548199209850281e-05,0,128,512
26800,1,aligned_rotation,5,ia3,0.062436677515506744,3283,a2c097be0c4b94c72f0e685d816395ea281d59b93cb08335419845e71d5afced,experiments/mirror_applications/ma-268-ia3-mirror-activation-views/artifacts/payloads/26800_1_aligned_rotation_5_ia3.bin,0.012945798007422127,4.2252009734511375e-05,100,128,512
26800,1,aligned_rotation,5,dense_upper,6.778454348932428e-07,7262,028fcd8b9dc6cd3edb4510338e0235179d82b97c7e5fc54b7f3b456321c744f0,experiments/mirror_applications/ma-268-ia3-mirror-activation-views/artifacts/payloads/26800_1_aligned_rotation_5_dense_upper.bin,0.00033217099553439766,4.541700764093548e-05,0,128,512
26800,1,aligned_rotation,6,no_view,1.0,3158,2e5c30da543912168560973f7c9efed5ae696a7ba9ba6584f013b8ba4cf44c3e,experiments/mirror_applications/ma-268-ia3-mirror-activation-views/artifacts/payloads/26800_1_aligned_rotation_6_no_view.bin,0.0,2.9674003599211574e-05,0,128,512
26800,1,aligned_rotation,6,mirror_givens,0.0,3167,9f5b47e8408ab0a052b3bc6fff22c29aed44f4e9203cbb75fb661fc7356e8369,experiments/mirror_applications/ma-268-ia3-mirror-activation-views/artifacts/payloads/26800_1_aligned_rotation_6_mirror_givens.bin,0.03235961300379131,8.018800872378051e-05,0,128,512
26800,1,aligned_rotation,6,ia3,0.10293465852737427,3283,aa60f3880dd1e6253fd73bdb554ee3a302b2c62ee4f683a4f483ccf1f2996d65,experiments/mirror_applications/ma-268-ia3-mirror-activation-views/artifacts/payloads/26800_1_aligned_rotation_6_ia3.bin,0.010082142995088361,6.970300455577672e-05,100,128,512
26800,1,aligned_rotation,6,dense_upper,6.768551088498498e-07,7262,c7b592845678931bf9e29266c0730d0ff73b8bb29a0028b6e379bda68efb843a,experiments/mirror_applications/ma-268-ia3-mirror-activation-views/artifacts/payloads/26800_1_aligned_rotation_6_dense_upper.bin,0.0003449399955570698,4.4194996007718146e-05,0,128,512
26800,1,aligned_rotation,7,no_view,1.0,3158,2e5c30da543912168560973f7c9efed5ae696a7ba9ba6584f013b8ba4cf44c3e,experiments/mirror_applications/ma-268-ia3-mirror-activation-views/artifacts/payloads/26800_1_aligned_rotation_7_no_view.bin,0.0,2.8291993658058345e-05,0,128,512
26800,1,aligned_rotation,7,mirror_givens,6.205572589124131e-08,3167,f799538ed8d5d029ef0b0d9b27899246558af30b450628ac40afdf6c061014a8,experiments/mirror_applications/ma-268-ia3-mirror-activation-views/artifacts/payloads/26800_1_aligned_rotation_7_mirror_givens.bin,0.03457220600103028,7.535099575761706e-05,0,128,512
26800,1,aligned_rotation,7,ia3,0.14037156105041504,3283,40cef9186e00e6c2fcbe3356a7a0545dea9b459d6e8a2407b180ed05023cdf66,experiments/mirror_applications/ma-268-ia3-mirror-activation-views/artifacts/payloads/26800_1_aligned_rotation_7_ia3.bin,0.010014191997470334,4.133100446779281e-05,100,128,512
26800,1,aligned_rotation,7,dense_upper,6.386837867466966e-07,7262,fc3d06d7ac04406856dead7d8e09b6388cfb59d691c2ffa4c130f78d24478d90,experiments/mirror_applications/ma-268-ia3-mirror-activation-views/artifacts/payloads/26800_1_aligned_rotation_7_dense_upper.bin,0.00030989899823907763,4.1471008444204926e-05,0,128,512
26800,1,independent_diagonal,0,no_view,1.0,3158,2e5c30da543912168560973f7c9efed5ae696a7ba9ba6584f013b8ba4cf44c3e,experiments/mirror_applications/ma-268-ia3-mirror-activation-views/artifacts/payloads/26800_1_independent_diagonal_0_no_view.bin,0.0,2.603798930067569e-05,0,128,512
26800,1,independent_diagonal,0,ia3,1.3194966186347301e-06,3283,21b3cf60ff21d22c2622ea3d79ba3f6f84d807e364328c6502c26b1b8aecfeb9,experiments/mirror_applications/ma-268-ia3-mirror-activation-views/artifacts/payloads/26800_1_independent_diagonal_0_ia3.bin,0.018873255990911275,3.1656993087381124e-05,100,128,512
26800,1,independent_diagonal,0,dense_upper,7.560693120467477e-07,7262,c059da78950c565ae4987d06e33f79b4f256d903da354bb2fed4303217855ba3,experiments/mirror_applications/ma-268-ia3-mirror-activation-views/artifacts/payloads/26800_1_independent_diagonal_0_dense_upper.bin,0.0002973399969050661,0.00010434500291012228,0,128,512
26800,1,independent_diagonal,1,no_view,1.0,3158,2e5c30da543912168560973f7c9efed5ae696a7ba9ba6584f013b8ba4cf44c3e,experiments/mirror_applications/ma-268-ia3-mirror-activation-views/artifacts/payloads/26800_1_independent_diagonal_1_no_view.bin,0.0,2.793098974507302e-05,0,128,512
26800,1,independent_diagonal,1,ia3,1.130982468566799e-06,3283,32735f1b2c1ae7eacd4202adf6e41bd6978c1c01ae17b9895395cd231522b79e,experiments/mirror_applications/ma-268-ia3-mirror-activation-views/artifacts/payloads/26800_1_independent_diagonal_1_ia3.bin,0.020847805993980728,3.4720986150205135e-05,100,128,512
26800,1,independent_diagonal,1,dense_upper,7.266858119692188e-07,7262,464d3c835298107ce4249e4b0ac5e27420b55c6bf7345c93fa194190a7de8b92,experiments/mirror_applications/ma-268-ia3-mirror-activation-views/artifacts/payloads/26800_1_independent_diagonal_1_dense_upper.bin,0.00030281799263320863,5.6033008149825037e-05,0,128,512
26800,1,independent_diagonal,2,no_view,1.0,3158,2e5c30da543912168560973f7c9efed5ae696a7ba9ba6584f013b8ba4cf44c3e,experiments/mirror_applications/ma-268-ia3-mirror-activation-views/artifacts/payloads/26800_1_independent_diagonal_2_no_view.bin,0.0,2.7910995413549244e-05,0,128,512
26800,1,independent_diagonal,2,ia3,9.66140987657127e-07,3283,95b815b52434f62a60a375c948203a35aaca7c65142a9e1bd6f1252b38472ef1,experiments/mirror_applications/ma-268-ia3-mirror-activation-views/artifacts/payloads/26800_1_independent_diagonal_2_ia3.bin,0.01711932099715341,3.163699875585735e-05,100,128,512
26800,1,independent_diagonal,2,dense_upper,6.58383100926585e-07,7262,cb4448288e8d50c314d73536a53cdd2fa89d33835c3b6d846e99a7f8522b3290,experiments/mirror_applications/ma-268-ia3-mirror-activation-views/artifacts/payloads/26800_1_independent_diagonal_2_dense_upper.bin,0.00034773399238474667,4.1701990994624794e-05,0,128,512
26800,1,independent_diagonal,3,no_view,1.0,3158,2e5c30da543912168560973f7c9efed5ae696a7ba9ba6584f013b8ba4cf44c3e,experiments/mirror_applications/ma-268-ia3-mirror-activation-views/artifacts/payloads/26800_1_independent_diagonal_3_no_view.bin,0.0,2.2533000446856022e-05,0,128,512
26800,1,independent_diagonal,3,ia3,9.24054404549679e-07,3283,9fa2520f989df35c075afc007ca0b012b7a2bc4b66f54734314e0c81ac248c22,experiments/mirror_applications/ma-268-ia3-mirror-activation-views/artifacts/payloads/26800_1_independent_diagonal_3_ia3.bin,0.017113463007262908,3.8627011235803366e-05,100,128,512
26800,1,independent_diagonal,3,dense_upper,7.643139383617381e-07,7262,09f4ab47d9c349a1129b33aff6ab4a39238a07e82b5d4da1ccaf50d5f4d99681,experiments/mirror_applications/ma-268-ia3-mirror-activation-views/artifacts/payloads/26800_1_independent_diagonal_3_dense_upper.bin,0.00042118299461435527,0.00015447800979018211,0,128,512
26800,1,independent_diagonal,4,no_view,1.0,3158,2e5c30da543912168560973f7c9efed5ae696a7ba9ba6584f013b8ba4cf44c3e,experiments/mirror_applications/ma-268-ia3-mirror-activation-views/artifacts/payloads/26800_1_independent_diagonal_4_no_view.bin,0.0,0.00022359099239110947,0,128,512
26800,1,independent_diagonal,4,ia3,5.549292154682917e-07,3283,8885c15d15c1fb54f2cb8e8924b7bac9a3c1b6332e924cc515a88a8b6e3a7c16,experiments/mirror_applications/ma-268-ia3-mirror-activation-views/artifacts/payloads/26800_1_independent_diagonal_4_ia3.bin,0.016826838997076266,8.187099592760205e-05,100,128,512
26800,1,independent_diagonal,4,dense_upper,7.478984116460197e-07,7262,a9a14900c8605461803bb960e0b95614bf9881db95c3f42e4c32b7c9f6054a28,experiments/mirror_applications/ma-268-ia3-mirror-activation-views/artifacts/payloads/26800_1_independent_diagonal_4_dense_upper.bin,0.00027878201217390597,4.237200482748449e-05,0,128,512
26800,1,independent_diagonal,5,no_view,1.0,3158,2e5c30da543912168560973f7c9efed5ae696a7ba9ba6584f013b8ba4cf44c3e,experiments/mirror_applications/ma-268-ia3-mirror-activation-views/artifacts/payloads/26800_1_independent_diagonal_5_no_view.bin,0.0,2.771099389065057e-05,0,128,512
26800,1,independent_diagonal,5,ia3,8.295698989968514e-07,3283,b97cb167d701bdae8dcf5b0ca82dc157082f7cf07270f3c60135c990d2669dc4,experiments/mirror_applications/ma-268-ia3-mirror-activation-views/artifacts/payloads/26800_1_independent_diagonal_5_ia3.bin,0.017151959997136146,3.318001108709723e-05,100,128,512
26800,1,independent_diagonal,5,dense_upper,7.349801194322936e-07,7262,e7325f85a9b32b52e823137db4a53993585616e50e223d25ba7b9212191b6a52,experiments/mirror_applications/ma-268-ia3-mirror-activation-views/artifacts/payloads/26800_1_independent_diagonal_5_dense_upper.bin,0.0002612859971122816,6.693899922538549e-05,0,128,512
26800,1,independent_diagonal,6,no_view,1.0,3158,2e5c30da543912168560973f7c9efed5ae696a7ba9ba6584f013b8ba4cf44c3e,experiments/mirror_applications/ma-268-ia3-mirror-activation-views/artifacts/payloads/26800_1_independent_diagonal_6_no_view.bin,0.0,2.7690999559126794e-05,0,128,512
26800,1,independent_diagonal,6,ia3,1.0228447990812128e-06,3283,8afa42308bedcd5c337727ec6edff20a8bb93aba171496ef8eb93670662ee630,experiments/mirror_applications/ma-268-ia3-mirror-activation-views/artifacts/payloads/26800_1_independent_diagonal_6_ia3.bin,0.016560014002607204,3.107600787188858e-05,100,128,512
26800,1,independent_diagonal,6,dense_upper,7.500066772081482e-07,7262,7a7456acea8661c4521c37faad7ee7efc434c2174fb859e743427e2f51bd0cc9,experiments/mirror_applications/ma-268-ia3-mirror-activation-views/artifacts/payloads/26800_1_independent_diagonal_6_dense_upper.bin,0.0002899690007325262,5.116598913446069e-05,0,128,512
26800,1,independent_diagonal,7,no_view,1.0,3158,2e5c30da543912168560973f7c9efed5ae696a7ba9ba6584f013b8ba4cf44c3e,experiments/mirror_applications/ma-268-ia3-mirror-activation-views/artifacts/payloads/26800_1_independent_diagonal_7_no_view.bin,0.0,2.754099841695279e-05,0,128,512
26800,1,independent_diagonal,7,ia3,1.153802031694795e-06,3283,3e3ff0c268bd8246cf1c2cb97c3dfbe9eb172d56dad8fd9fa134507f27157125,experiments/mirror_applications/ma-268-ia3-mirror-activation-views/artifacts/payloads/26800_1_independent_diagonal_7_ia3.bin,0.01675809599692002,3.1746996683068573e-05,100,128,512
26800,1,independent_diagonal,7,dense_upper,7.258944947352575e-07,7262,f7259304fd3ff6e7d81526e990d28dbb445cecf61d8fbeb076219346938ed216,experiments/mirror_applications/ma-268-ia3-mirror-activation-views/artifacts/payloads/26800_1_independent_diagonal_7_dense_upper.bin,0.00028811600350309163,4.225199518259615e-05,0,128,512
26800,2,aligned_rotation,0,no_view,1.0,3158,8be8d57214f5630df8b1dd1594939d0a70bd6ac4fad31ac6aa29039a49ed9e66,experiments/mirror_applications/ma-268-ia3-mirror-activation-views/artifacts/payloads/26800_2_aligned_rotation_0_no_view.bin,0.0,2.6538997190073133e-05,0,128,512
26800,2,aligned_rotation,0,mirror_givens,0.0,3167,aab130719c492d8e9df3ddc43f7878d0959a5a70be6fb5b2494fc5e21e5c036b,experiments/mirror_applications/ma-268-ia3-mirror-activation-views/artifacts/payloads/26800_2_aligned_rotation_0_mirror_givens.bin,0.0342145070026163,7.58019887143746e-05,0,128,512
26800,2,aligned_rotation,0,ia3,0.07461636513471603,3283,97d372f6b8bef070fb8e5be7c6507f86dcbefe7dcd44c0bc65f9c76248fc1272,experiments/mirror_applications/ma-268-ia3-mirror-activation-views/artifacts/payloads/26800_2_aligned_rotation_0_ia3.bin,0.014676967999548651,4.0960992919281125e-05,100,128,512
26800,2,aligned_rotation,0,dense_upper,5.973699330752424e-07,7262,228f87bf4c63bd26a9154d0104a5464675f9a08828b221aeee141b48d244ec05,experiments/mirror_applications/ma-268-ia3-mirror-activation-views/artifacts/payloads/26800_2_aligned_rotation_0_dense_upper.bin,0.00030754500767216086,4.03400044888258e-05,0,128,512
26800,2,aligned_rotation,1,no_view,1.0,3158,8be8d57214f5630df8b1dd1594939d0a70bd6ac4fad31ac6aa29039a49ed9e66,experiments/mirror_applications/ma-268-ia3-mirror-activation-views/artifacts/payloads/26800_2_aligned_rotation_1_no_view.bin,0.0,2.564799797255546e-05,0,128,512
26800,2,aligned_rotation,1,mirror_givens,0.0,3167,ba0dfa2227bbce9f8319d70e9215c978bc4c1899b43041769583e8d6d660d84f,experiments/mirror_applications/ma-268-ia3-mirror-activation-views/artifacts/payloads/26800_2_aligned_rotation_1_mirror_givens.bin,0.032893292998778634,7.665299926884472e-05,0,128,512
26800,2,aligned_rotation,1,ia3,0.055134695023298264,3283,2e52252140e1dfb64d07d4421e090a6096e64f4594c0753aad071e566d7413f1,experiments/mirror_applications/ma-268-ia3-mirror-activation-views/artifacts/payloads/26800_2_aligned_rotation_1_ia3.bin,0.015543169996817596,4.0400002035312355e-05,100,128,512
26800,2,aligned_rotation,1,dense_upper,6.058041890355526e-07,7262,016b6cfad924f2ffc04b228d6701491deb98ecdddcbe51040aba962cf7b0d789,experiments/mirror_applications/ma-268-ia3-mirror-activation-views/artifacts/payloads/26800_2_aligned_rotation_1_dense_upper.bin,0.00031729899637866765,6.858100823592395e-05,0,128,512
26800,2,aligned_rotation,2,no_view,1.0,3158,8be8d57214f5630df8b1dd1594939d0a70bd6ac4fad31ac6aa29039a49ed9e66,experiments/mirror_applications/ma-268-ia3-mirror-activation-views/artifacts/payloads/26800_2_aligned_rotation_2_no_view.bin,0.0,2.6099005481228232e-05,0,128,512
26800,2,aligned_rotation,2,mirror_givens,0.0,3167,06b4e6b223eba59c6aa7e2c48a2be6dde169198cdb5dc20726eb6c06f3e61101,experiments/mirror_applications/ma-268-ia3-mirror-activation-views/artifacts/payloads/26800_2_aligned_rotation_2_mirror_givens.bin,0.03610156700597145,7.944800017867237e-05,0,128,512
26800,2,aligned_rotation,2,ia3,0.03379189968109131,3283,f786fd383d5f8ddd955e7964b2a45ae59ce6a3bdf76f1c4a115b465ebbe17c4a,experiments/mirror_applications/ma-268-ia3-mirror-activation-views/artifacts/payloads/26800_2_aligned_rotation_2_ia3.bin,0.013705072007724084,4.180199175607413e-05,100,128,512
26800,2,aligned_rotation,2,dense_upper,6.043782150300103e-07,7262,72790b33d237a2186354575e66857cc08d9d98c7db3ec026388978412e0428bd,experiments/mirror_applications/ma-268-ia3-mirror-activation-views/artifacts/payloads/26800_2_aligned_rotation_2_dense_upper.bin,0.0003343339922139421,4.028000694233924e-05,0,128,512
26800,2,aligned_rotation,3,no_view,1.0,3158,8be8d57214f5630df8b1dd1594939d0a70bd6ac4fad31ac6aa29039a49ed9e66,experiments/mirror_applications/ma-268-ia3-mirror-activation-views/artifacts/payloads/26800_2_aligned_rotation_3_no_view.bin,0.0,2.6990004698745906e-05,0,128,512
26800,2,aligned_rotation,3,mirror_givens,1.0766397551265072e-08,3167,253a1697715a304cdf0fd90e7e11946a85d2188eed20671104b9a5a417b69dee,experiments/mirror_applications/ma-268-ia3-mirror-activation-views/artifacts/payloads/26800_2_aligned_rotation_3_mirror_givens.bin,0.032612256007269025,8.560600690543652e-05,0,128,512
26800,2,aligned_rotation,3,ia3,0.011372171342372894,3283,b461674cfe1050dd00daa7fefbceee68227d02a217bae60afe0c4a01dab9eb7e,experiments/mirror_applications/ma-268-ia3-mirror-activation-views/artifacts/payloads/26800_2_aligned_rotation_3_ia3.bin,0.018884402001276612,4.4356012949720025e-05,100,128,512
26800,2,aligned_rotation,3,dense_upper,6.148775923975336e-07,7262,9d83d4e985ff9f87ebad4b60952c761eca67f65a27e4565d2fd39f71c05f39a8,experiments/mirror_applications/ma-268-ia3-mirror-activation-views/artifacts/payloads/26800_2_aligned_rotation_3_dense_upper.bin,0.0003596019960241392,7.35990033717826e-05,0,128,512
26800,2,aligned_rotation,4,no_view,1.0,3158,8be8d57214f5630df8b1dd1594939d0a70bd6ac4fad31ac6aa29039a49ed9e66,experiments/mirror_applications/ma-268-ia3-mirror-activation-views/artifacts/payloads/26800_2_aligned_rotation_4_no_view.bin,0.0,2.4376000510528684e-05,0,128,512
26800,2,aligned_rotation,4,mirror_givens,1.988466813429568e-08,3167,434a71fa471737ed04facac71c3d1ec3ab7c144af3023d186332e33fd9e0373c,experiments/mirror_applications/ma-268-ia3-mirror-activation-views/artifacts/payloads/26800_2_aligned_rotation_4_mirror_givens.bin,0.03391165799985174,7.873699360061437e-05,0,128,512
26800,2,aligned_rotation,4,ia3,0.011353735812008381,3283,729efb690fafc2982712bed174cc253243d4bba6aeb788e40ea516f0d888d351,experiments/mirror_applications/ma-268-ia3-mirror-activation-views/artifacts/payloads/26800_2_aligned_rotation_4_ia3.bin,0.013661767996381968,4.2562998714856803e-05,100,128,512
26800,2,aligned_rotation,4,dense_upper,6.26425219252269e-07,7262,d6b3c847783387958db8bab2eb87dd35cc585e0fc127ff9da767fa9f97778361,experiments/mirror_applications/ma-268-ia3-mirror-activation-views/artifacts/payloads/26800_2_aligned_rotation_4_dense_upper.bin,0.0003179699997417629,4.034899757243693e-05,0,128,512
26800,2,aligned_rotation,5,no_view,1.0,3158,8be8d57214f5630df8b1dd1594939d0a70bd6ac4fad31ac6aa29039a49ed9e66,experiments/mirror_applications/ma-268-ia3-mirror-activation-views/artifacts/payloads/26800_2_aligned_rotation_5_no_view.bin,0.0,2.878298982977867e-05,0,128,512
26800,2,aligned_rotation,5,mirror_givens,0.0,3167,63aded080d3bcb9ea24e52c476726f6bd91c295e8014d66b75632568339b801c,experiments/mirror_applications/ma-268-ia3-mirror-activation-views/artifacts/payloads/26800_2_aligned_rotation_5_mirror_givens.bin,0.033112866993178613,8.408399298787117e-05,0,128,512
26800,2,aligned_rotation,5,ia3,0.03362908214330673,3283,b3cec72b4ed9063fc7acaaf03800167bd55911a01e525a75eb7fecd1158f0d6c,experiments/mirror_applications/ma-268-ia3-mirror-activation-views/artifacts/payloads/26800_2_aligned_rotation_5_ia3.bin,0.01507280400255695,4.319399886298925e-05,100,128,512
26800,2,aligned_rotation,5,dense_upper,6.283540869844728e-07,7262,a0785ab46e83085a4bd281c834549834e6a781c3a124c79351b8cff127fd649f,experiments/mirror_applications/ma-268-ia3-mirror-activation-views/artifacts/payloads/26800_2_aligned_rotation_5_dense_upper.bin,0.0003537130105542019,3.737499355338514e-05,0,128,512
26800,2,aligned_rotation,6,no_view,1.0,3158,8be8d57214f5630df8b1dd1594939d0a70bd6ac4fad31ac6aa29039a49ed9e66,experiments/mirror_applications/ma-268-ia3-mirror-activation-views/artifacts/payloads/26800_2_aligned_rotation_6_no_view.bin,0.0,2.5186993298120797e-05,0,128,512
26800,2,aligned_rotation,6,mirror_givens,0.0,3167,aae4dc9a03f75c4696eaadf3227f7962f6bc4f901804c4f7aa903db70e353193,experiments/mirror_applications/ma-268-ia3-mirror-activation-views/artifacts/payloads/26800_2_aligned_rotation_6_mirror_givens.bin,0.03333632698922884,8.702900959178805e-05,0,128,512
26800,2,aligned_rotation,6,ia3,0.05471818149089813,3283,5a37ed8278461477609557c4d74bb144bddd78b380b7bbbc5cf722bc33f55b8d,experiments/mirror_applications/ma-268-ia3-mirror-activation-views/artifacts/payloads/26800_2_aligned_rotation_6_ia3.bin,0.019770472004893236,4.403600178193301e-05,100,128,512
26800,2,aligned_rotation,6,dense_upper,5.864233685315412e-07,7262,4b19cbea9623c0940853b830122c09d275f0df9efb5f4271c9d76969e259a2ef,experiments/mirror_applications/ma-268-ia3-mirror-activation-views/artifacts/payloads/26800_2_aligned_rotation_6_dense_upper.bin,0.000385070001357235,4.319399886298925e-05,0,128,512
26800,2,aligned_rotation,7,no_view,1.0,3158,8be8d57214f5630df8b1dd1594939d0a70bd6ac4fad31ac6aa29039a49ed9e66,experiments/mirror_applications/ma-268-ia3-mirror-activation-views/artifacts/payloads/26800_2_aligned_rotation_7_no_view.bin,0.0,2.4366003344766796e-05,0,128,512
26800,2,aligned_rotation,7,mirror_givens,4.333168135417509e-08,3167,3234d2755a1f9b32e15b58612709ef4f94f2ec26f2dc154c1afe3342575a03e4,experiments/mirror_applications/ma-268-ia3-mirror-activation-views/artifacts/payloads/26800_2_aligned_rotation_7_mirror_givens.bin,0.0326666380133247,8.535599044989794e-05,0,128,512
26800,2,aligned_rotation,7,ia3,0.07388966530561447,3283,2eeff1156ff0169e802112643cea5ba52d4ab93bb9e1f33e11f4f2b715aba20e,experiments/mirror_applications/ma-268-ia3-mirror-activation-views/artifacts/payloads/26800_2_aligned_rotation_7_ia3.bin,0.01844570299726911,4.511600127443671e-05,100,128,512
26800,2,aligned_rotation,7,dense_upper,6.213464303073124e-07,7262,f46f1c76b3b679b871b0989cd7b8034671a15a1d40a86ce838502a89bdd744f0,experiments/mirror_applications/ma-268-ia3-mirror-activation-views/artifacts/payloads/26800_2_aligned_rotation_7_dense_upper.bin,0.0003594309964682907,4.382499901112169e-05,0,128,512
26800,2,independent_diagonal,0,no_view,1.0,3158,8be8d57214f5630df8b1dd1594939d0a70bd6ac4fad31ac6aa29039a49ed9e66,experiments/mirror_applications/ma-268-ia3-mirror-activation-views/artifacts/payloads/26800_2_independent_diagonal_0_no_view.bin,0.0,2.5807996280491352e-05,0,128,512
26800,2,independent_diagonal,0,ia3,1.746819634718122e-06,3283,0365d1f57159bac25333a584f280c4dcd4db7b20f8afc98644318e1e1475863b,experiments/mirror_applications/ma-268-ia3-mirror-activation-views/artifacts/payloads/26800_2_independent_diagonal_0_ia3.bin,0.02156997400743421,3.077500150538981e-05,100,128,512
26800,2,independent_diagonal,0,dense_upper,5.892482022318291e-07,7262,56a3a61571b58561b735e7af3d98e02b9bb597b49a89dae5f2d417e9f94c001f,experiments/mirror_applications/ma-268-ia3-mirror-activation-views/artifacts/payloads/26800_2_independent_diagonal_0_dense_upper.bin,0.0003037490096176043,4.4325002818368375e-05,0,128,512
26800,2,independent_diagonal,1,no_view,1.0,3158,8be8d57214f5630df8b1dd1594939d0a70bd6ac4fad31ac6aa29039a49ed9e66,experiments/mirror_applications/ma-268-ia3-mirror-activation-views/artifacts/payloads/26800_2_independent_diagonal_1_no_view.bin,0.0,3.0013994546607137e-05,0,128,512
26800,2,independent_diagonal,1,ia3,1.4196151596479467e-06,3283,e6a6ed71743df40e35546731dd6190579a45648cb6191c5e70b80787ce6c7b55,experiments/mirror_applications/ma-268-ia3-mirror-activation-views/artifacts/payloads/26800_2_independent_diagonal_1_ia3.bin,0.015282403997844085,3.1786999898031354e-05,100,128,512
26800,2,independent_diagonal,1,dense_upper,5.397944846663449e-07,7262,e1fd2e4d945907c70b455f6abefa4775fe9dad5e8761e973232344aaef5f1a0d,experiments/mirror_applications/ma-268-ia3-mirror-activation-views/artifacts/payloads/26800_2_independent_diagonal_1_dense_upper.bin,0.00029406500107143074,4.299399734009057e-05,0,128,512
26800,2,independent_diagonal,2,no_view,1.0,3158,8be8d57214f5630df8b1dd1594939d0a70bd6ac4fad31ac6aa29039a49ed9e66,experiments/mirror_applications/ma-268-ia3-mirror-activation-views/artifacts/payloads/26800_2_independent_diagonal_2_no_view.bin,0.0,2.443599805701524e-05,0,128,512
26800,2,independent_diagonal,2,ia3,2.3274155864783097e-06,3283,9c38f780bff551b24f088b74625b59ed3bb7a4f54499e47abef00a30ad89a2cf,experiments/mirror_applications/ma-268-ia3-mirror-activation-views/artifacts/payloads/26800_2_independent_diagonal_2_ia3.bin,0.01946062500064727,3.368999750819057e-05,100,128,512
26800,2,independent_diagonal,2,dense_upper,5.515880161510722e-07,7262,d8ec151b229046b6994bb665bb0f6f9ea15a398fd8d9be4259319c1bd442ea7c,experiments/mirror_applications/ma-268-ia3-mirror-activation-views/artifacts/payloads/26800_2_independent_diagonal_2_dense_upper.bin,0.0003503479965729639,3.938800364267081e-05,0,128,512
26800,2,independent_diagonal,3,no_view,1.0,3158,8be8d57214f5630df8b1dd1594939d0a70bd6ac4fad31ac6aa29039a49ed9e66,experiments/mirror_applications/ma-268-ia3-mirror-activation-views/artifacts/payloads/26800_2_independent_diagonal_3_no_view.bin,0.0,2.7700996724888682e-05,0,128,512
26800,2,independent_diagonal,3,ia3,1.2225187902004109e-06,3283,316921c62b5932c11359b078ab86ff634b0d1a9144744c62c692dec11934f570,experiments/mirror_applications/ma-268-ia3-mirror-activation-views/artifacts/payloads/26800_2_independent_diagonal_3_ia3.bin,0.018801528989570215,3.0574999982491136e-05,100,128,512
26800,2,independent_diagonal,3,dense_upper,5.249981427368766e-07,7262,810f8dd33429c9da8001dd6ceeb02a85f1a661970bcf9f006c08613e18b4465d,experiments/mirror_applications/ma-268-ia3-mirror-activation-views/artifacts/payloads/26800_2_independent_diagonal_3_dense_upper.bin,0.00029230299696791917,4.172099579591304e-05,0,128,512
26800,2,independent_diagonal,4,no_view,1.0,3158,8be8d57214f5630df8b1dd1594939d0a70bd6ac4fad31ac6aa29039a49ed9e66,experiments/mirror_applications/ma-268-ia3-mirror-activation-views/artifacts/payloads/26800_2_independent_diagonal_4_no_view.bin,0.0,0.0001606980076758191,0,128,512
26800,2,independent_diagonal,4,ia3,1.089442775992211e-06,3283,6f971b775943e11814bcc811023081c33ee3151a61daca1ed74d14fa4de6538e,experiments/mirror_applications/ma-268-ia3-mirror-activation-views/artifacts/payloads/26800_2_independent_diagonal_4_ia3.bin,0.015971964006894268,7.404900679830462e-05,100,128,512
26800,2,independent_diagonal,4,dense_upper,5.599053451987857e-07,7262,4656a5d989999d06d30bafad763c6f59813e4dec6b61b970666727183f6d320b,experiments/mirror_applications/ma-268-ia3-mirror-activation-views/artifacts/payloads/26800_2_independent_diagonal_4_dense_upper.bin,0.0003051519888686016,4.370500391814858e-05,0,128,512
26800,2,independent_diagonal,5,no_view,1.0,3158,8be8d57214f5630df8b1dd1594939d0a70bd6ac4fad31ac6aa29039a49ed9e66,experiments/mirror_applications/ma-268-ia3-mirror-activation-views/artifacts/payloads/26800_2_independent_diagonal_5_no_view.bin,0.0,0.00018797899247147143,0,128,512
26800,2,independent_diagonal,5,ia3,1.8592577362142038e-06,3283,cc3f78f52ddeb55cc2991b7dd413872f8f1f16a83df25168ae4980c1f75caee5,experiments/mirror_applications/ma-268-ia3-mirror-activation-views/artifacts/payloads/26800_2_independent_diagonal_5_ia3.bin,0.020657824992667884,3.2818003091961145e-05,100,128,512
26800,2,independent_diagonal,5,dense_upper,5.469956363413075e-07,7262,c179a7dff45468f50a402166f0ad2c5dba40c73f643922b3b7fad2743f31e720,experiments/mirror_applications/ma-268-ia3-mirror-activation-views/artifacts/payloads/26800_2_independent_diagonal_5_dense_upper.bin,0.00026369999977760017,4.33040113421157e-05,0,128,512
26800,2,independent_diagonal,6,no_view,1.0,3158,8be8d57214f5630df8b1dd1594939d0a70bd6ac4fad31ac6aa29039a49ed9e66,experiments/mirror_applications/ma-268-ia3-mirror-activation-views/artifacts/payloads/26800_2_independent_diagonal_6_no_view.bin,0.0,2.9744012863375247e-05,0,128,512
26800,2,independent_diagonal,6,ia3,1.620468083274318e-06,3283,03658e0237b19260a3fbb031511520e6c899f5f161253c68cd385d242c7693e3,experiments/mirror_applications/ma-268-ia3-mirror-activation-views/artifacts/payloads/26800_2_independent_diagonal_6_ia3.bin,0.020432852004887536,3.16769874189049e-05,100,128,512
26800,2,independent_diagonal,6,dense_upper,5.615527811642096e-07,7262,548da86c259ef53b70af3ac8feb0c3b1c75b50dcaa4577eb7425c759ed40bd78,experiments/mirror_applications/ma-268-ia3-mirror-activation-views/artifacts/payloads/26800_2_independent_diagonal_6_dense_upper.bin,0.00025897299929056317,7.097500201780349e-05,0,128,512
26800,2,independent_diagonal,7,no_view,1.0,3158,8be8d57214f5630df8b1dd1594939d0a70bd6ac4fad31ac6aa29039a49ed9e66,experiments/mirror_applications/ma-268-ia3-mirror-activation-views/artifacts/payloads/26800_2_independent_diagonal_7_no_view.bin,0.0,2.343500091228634e-05,0,128,512
26800,2,independent_diagonal,7,ia3,4.069436727149878e-06,3283,a9492cef3b324811eb72e7624efb58a332fb0c1c38fed304ac3c1087cc28b973,experiments/mirror_applications/ma-268-ia3-mirror-activation-views/artifacts/payloads/26800_2_independent_diagonal_7_ia3.bin,0.021746495011029765,2.9364004149101675e-05,100,128,512
26800,2,independent_diagonal,7,dense_upper,5.271272129903082e-07,7262,e3a84d375c6e1f9f9fb2be38a6102437e261da738daef4ff91d795c30fefd660,experiments/mirror_applications/ma-268-ia3-mirror-activation-views/artifacts/payloads/26800_2_independent_diagonal_7_dense_upper.bin,0.00037968100514262915,4.198199894744903e-05,0,128,512
26801,0,aligned_rotation,0,no_view,1.0,3158,2a1fb7293b7bc669b0cbb0b4454519351cc7fb456eadf8c88886598bc5669da8,experiments/mirror_applications/ma-268-ia3-mirror-activation-views/artifacts/payloads/26801_0_aligned_rotation_0_no_view.bin,0.0,2.52070021815598e-05,0,128,512
26801,0,aligned_rotation,0,mirror_givens,0.0,3167,e098414c54203ae834c72289601249f61a2ecaa6be2975d155519338b8ca5898,experiments/mirror_applications/ma-268-ia3-mirror-activation-views/artifacts/payloads/26801_0_aligned_rotation_0_mirror_givens.bin,0.03378398000495508,8.161998994182795e-05,0,128,512
26801,0,aligned_rotation,0,ia3,0.15480256080627441,3283,d98cf83f02a78a36196a5579969961c738240fc54a8012a946789d3e09e3a1a9,experiments/mirror_applications/ma-268-ia3-mirror-activation-views/artifacts/payloads/26801_0_aligned_rotation_0_ia3.bin,0.010395004996098578,8.036800136324018e-05,100,128,512
26801,0,aligned_rotation,0,dense_upper,4.0569833004155953e-07,7262,bcb1aad55f66bdbdd5e2def04d218573ec7eed7a7cd898095c6bd7d7be2f60d0,experiments/mirror_applications/ma-268-ia3-mirror-activation-views/artifacts/payloads/26801_0_aligned_rotation_0_dense_upper.bin,0.00047600398829672486,9.810600022319704e-05,0,128,512
26801,0,aligned_rotation,1,no_view,1.0,3158,2a1fb7293b7bc669b0cbb0b4454519351cc7fb456eadf8c88886598bc5669da8,experiments/mirror_applications/ma-268-ia3-mirror-activation-views/artifacts/payloads/26801_0_aligned_rotation_1_no_view.bin,0.0,2.577799023129046e-05,0,128,512
26801,0,aligned_rotation,1,mirror_givens,0.0,3167,fa0e803dc10a1ba683df8c931dcf816438fd896e4233e1f49c8ed077046d74af,experiments/mirror_applications/ma-268-ia3-mirror-activation-views/artifacts/payloads/26801_0_aligned_rotation_1_mirror_givens.bin,0.03323797199118417,7.878598989918828e-05,0,128,512
26801,0,aligned_rotation,1,ia3,0.11727443337440491,3283,2e773e9e40e3225505fa841bec3fafb44ee1414ee6817827f4dd2a6f8a7a2d89,experiments/mirror_applications/ma-268-ia3-mirror-activation-views/artifacts/payloads/26801_0_aligned_rotation_1_ia3.bin,0.012187366010039113,4.282400186639279e-05,100,128,512
26801,0,aligned_rotation,1,dense_upper,4.3789307824226853e-07,7262,ccf0a8eda0895d20f5bd7ef8268d5a24deed2ac2299ebdafe004a267d9f54295,experiments/mirror_applications/ma-268-ia3-mirror-activation-views/artifacts/payloads/26801_0_aligned_rotation_1_dense_upper.bin,0.0003277240030001849,4.224199801683426e-05,0,128,512
26801,0,aligned_rotation,2,no_view,1.0,3158,2a1fb7293b7bc669b0cbb0b4454519351cc7fb456eadf8c88886598bc5669da8,experiments/mirror_applications/ma-268-ia3-mirror-activation-views/artifacts/payloads/26801_0_aligned_rotation_2_no_view.bin,0.0,2.6269000954926014e-05,0,128,512
26801,0,aligned_rotation,2,mirror_givens,0.0,3167,2a2a3f7dc5acb42f9ea9d0236a102d9e991e69cc56929fabda09fdc37230a760,experiments/mirror_applications/ma-268-ia3-mirror-activation-views/artifacts/payloads/26801_0_aligned_rotation_2_mirror_givens.bin,0.033985107991611585,0.00025759100390132517,0,128,512
26801,0,aligned_rotation,2,ia3,0.07339319586753845,3283,db3f84e0bd4dc2f87b75898b5276553aeb963c6cb6cde7b8e5119395b3594973,experiments/mirror_applications/ma-268-ia3-mirror-activation-views/artifacts/payloads/26801_0_aligned_rotation_2_ia3.bin,0.013579095000750385,5.6824006605893373e-05,100,128,512
26801,0,aligned_rotation,2,dense_upper,4.2547043221929925e-07,7262,de5bf363799548a6c8ef5c0890ffacfcbb29d69ed703149249a1369d75c9c169,experiments/mirror_applications/ma-268-ia3-mirror-activation-views/artifacts/payloads/26801_0_aligned_rotation_2_dense_upper.bin,0.00033846999576780945,4.46860067313537e-05,0,128,512
26801,0,aligned_rotation,3,no_view,1.0,3158,2a1fb7293b7bc669b0cbb0b4454519351cc7fb456eadf8c88886598bc5669da8,experiments/mirror_applications/ma-268-ia3-mirror-activation-views/artifacts/payloads/26801_0_aligned_rotation_3_no_view.bin,0.0,2.8722992283292115e-05,0,128,512
26801,0,aligned_rotation,3,mirror_givens,0.0,3167,3661c04712956c59acca780196b68a170fc18df5af514e8e4de1ad2824405a0a,experiments/mirror_applications/ma-268-ia3-mirror-activation-views/artifacts/payloads/26801_0_aligned_rotation_3_mirror_givens.bin,0.03325022998615168,7.429999823216349e-05,0,128,512
26801,0,aligned_rotation,3,ia3,0.02511216327548027,3283,89b0fa46649c4030529b6cb5f19a368bdab817d68c442e2c77e5f01020faf9ac,experiments/mirror_applications/ma-268-ia3-mirror-activation-views/artifacts/payloads/26801_0_aligned_rotation_3_ia3.bin,0.012189839995699003,4.1310995584353805e-05,100,128,512
26801,0,aligned_rotation,3,dense_upper,4.3306371821927314e-07,7262,57acd0b991eed2a593b0f8d2be1f26a68f8c31af547ba0ce0f7645d187ee800f,experiments/mirror_applications/ma-268-ia3-mirror-activation-views/artifacts/payloads/26801_0_aligned_rotation_3_dense_upper.bin,0.000462973999674432,4.154098860453814e-05,0,128,512
26801,0,aligned_rotation,4,no_view,1.0,3158,2a1fb7293b7bc669b0cbb0b4454519351cc7fb456eadf8c88886598bc5669da8,experiments/mirror_applications/ma-268-ia3-mirror-activation-views/artifacts/payloads/26801_0_aligned_rotation_4_no_view.bin,0.0,2.9364004149101675e-05,0,128,512
26801,0,aligned_rotation,4,mirror_givens,0.0,3167,39fdf716e7514b9f6e9d02fde11dd2bd2f31ba89df6ffff325c2a6ba4f983e8e,experiments/mirror_applications/ma-268-ia3-mirror-activation-views/artifacts/payloads/26801_0_aligned_rotation_4_mirror_givens.bin,0.03374182799598202,7.787600043229759e-05,0,128,512
26801,0,aligned_rotation,4,ia3,0.025388170033693314,3283,7630a7616f47623aa74434e2839ed52211a41091dcb8937bd14766a8f9f60909,experiments/mirror_applications/ma-268-ia3-mirror-activation-views/artifacts/payloads/26801_0_aligned_rotation_4_ia3.bin,0.013134317006915808,6.285299605224282e-05,100,128,512
26801,0,aligned_rotation,4,dense_upper,4.129213380110741e-07,7262,fa5b97147572ec3604e5a9deb9d659bb09aff804cbe9eaed3de6c1693e83b049,experiments/mirror_applications/ma-268-ia3-mirror-activation-views/artifacts/payloads/26801_0_aligned_rotation_4_dense_upper.bin,0.0003055820125155151,4.443600482773036e-05,0,128,512
26801,0,aligned_rotation,5,no_view,1.0,3158,2a1fb7293b7bc669b0cbb0b4454519351cc7fb456eadf8c88886598bc5669da8,experiments/mirror_applications/ma-268-ia3-mirror-activation-views/artifacts/payloads/26801_0_aligned_rotation_5_no_view.bin,0.0,2.2343010641634464e-05,0,128,512
26801,0,aligned_rotation,5,mirror_givens,0.0,3167,0c22dee73f3dd6cc32a84642b9982a211d68477b6bc8b10ba0617d7b34ded45c,experiments/mirror_applications/ma-268-ia3-mirror-activation-views/artifacts/payloads/26801_0_aligned_rotation_5_mirror_givens.bin,0.034237280997331254,7.887699757702649e-05,0,128,512
26801,0,aligned_rotation,5,ia3,0.07589299976825714,3283,4f28484176debd10b1ef2827f29c7a1f8176a2f2517eaaa0e7a26f01afe1730d,experiments/mirror_applications/ma-268-ia3-mirror-activation-views/artifacts/payloads/26801_0_aligned_rotation_5_ia3.bin,0.010650814001564868,4.680900019593537e-05,100,128,512
26801,0,aligned_rotation,5,dense_upper,4.2317597603869217e-07,7262,bf295604ffd1234f3f858bff23e4258c2374224c6f6fe9ae6dda7f8356c1051b,experiments/mirror_applications/ma-268-ia3-mirror-activation-views/artifacts/payloads/26801_0_aligned_rotation_5_dense_upper.bin,0.0003498379955999553,4.2512998334132135e-05,0,128,512
26801,0,aligned_rotation,6,no_view,1.0,3158,2a1fb7293b7bc669b0cbb0b4454519351cc7fb456eadf8c88886598bc5669da8,experiments/mirror_applications/ma-268-ia3-mirror-activation-views/artifacts/payloads/26801_0_aligned_rotation_6_no_view.bin,0.0,6.696900527458638e-05,0,128,512
26801,0,aligned_rotation,6,mirror_givens,0.0,3167,20e42cc988e3e0f5330b7e26d959116fe088220d788f7b8b7ad910636a43ae5a,experiments/mirror_applications/ma-268-ia3-mirror-activation-views/artifacts/payloads/26801_0_aligned_rotation_6_mirror_givens.bin,0.032592868999927305,7.66930024838075e-05,0,128,512
26801,0,aligned_rotation,6,ia3,0.1242680549621582,3283,d92da1d119ded234508429ef9bebde9a3340d801b3d3cc40bae0608b3f73be56,experiments/mirror_applications/ma-268-ia3-mirror-activation-views/artifacts/payloads/26801_0_aligned_rotation_6_ia3.bin,0.009941994998371229,4.0490005630999804e-05,100,128,512
26801,0,aligned_rotation,6,dense_upper,4.3387427695051883e-07,7262,44fcbe8b5a8eb31d6cdf49a24c6d4afc4b0880510140be03710806899ef619f9,experiments/mirror_applications/ma-268-ia3-mirror-activation-views/artifacts/payloads/26801_0_aligned_rotation_6_dense_upper.bin,0.0003807829925790429,0.00010540599760133773,0,128,512
26801,0,aligned_rotation,7,no_view,1.0,3158,2a1fb7293b7bc669b0cbb0b4454519351cc7fb456eadf8c88886598bc5669da8,experiments/mirror_applications/ma-268-ia3-mirror-activation-views/artifacts/payloads/26801_0_aligned_rotation_7_no_view.bin,0.0,2.8722992283292115e-05,0,128,512
26801,0,aligned_rotation,7,mirror_givens,6.493726800727018e-08,3167,da0b288c36c88c8e7466da6c003149910202e037f4987f9f5dd480ed247455d2,experiments/mirror_applications/ma-268-ia3-mirror-activation-views/artifacts/payloads/26801_0_aligned_rotation_7_mirror_givens.bin,0.03387846899568103,0.00010137999197468162,0,128,512
26801,0,aligned_rotation,7,ia3,0.16848255693912506,3283,d8c8b65a3ab6735f07dbc06ee74f5f8aa73254be53e332543722337d08a7f18a,experiments/mirror_applications/ma-268-ia3-mirror-activation-views/artifacts/payloads/26801_0_aligned_rotation_7_ia3.bin,0.009905151004204527,4.154200723860413e-05,100,128,512
26801,0,aligned_rotation,7,dense_upper,4.4006770849591703e-07,7262,2e2f735e6960314b0cac3da2b520687152178dc787a16cad0b8c487f87ae5082,experiments/mirror_applications/ma-268-ia3-mirror-activation-views/artifacts/payloads/26801_0_aligned_rotation_7_dense_upper.bin,0.00032541100517846644,4.007000825367868e-05,0,128,512
26801,0,independent_diagonal,0,no_view,1.0,3158,2a1fb7293b7bc669b0cbb0b4454519351cc7fb456eadf8c88886598bc5669da8,experiments/mirror_applications/ma-268-ia3-mirror-activation-views/artifacts/payloads/26801_0_independent_diagonal_0_no_view.bin,0.0,2.4064996978268027e-05,0,128,512
26801,0,independent_diagonal,0,ia3,1.93776645573962e-06,3283,0c83df827bae7235b9cd39520319e9fc36ffca059095f5720d8266c2599bbcbc,experiments/mirror_applications/ma-268-ia3-mirror-activation-views/artifacts/payloads/26801_0_independent_diagonal_0_ia3.bin,0.019382137994398363,3.611299325712025e-05,100,128,512
26801,0,independent_diagonal,0,dense_upper,3.5196893577449373e-07,7262,feb3ef634f19e5e68a567083cc333b35aa0b1173626079b40510f69d332a8b4b,experiments/mirror_applications/ma-268-ia3-mirror-activation-views/artifacts/payloads/26801_0_independent_diagonal_0_dense_upper.bin,0.00031114100420381874,4.1682011215016246e-05,0,128,512
26801,0,independent_diagonal,1,no_view,1.0,3158,2a1fb7293b7bc669b0cbb0b4454519351cc7fb456eadf8c88886598bc5669da8,experiments/mirror_applications/ma-268-ia3-mirror-activation-views/artifacts/payloads/26801_0_independent_diagonal_1_no_view.bin,0.0,2.8902009944431484e-05,0,128,512
26801,0,independent_diagonal,1,ia3,7.596447630930925e-07,3283,239755f26447a1fdbd9ccefe2053b29e309975318c56c78a56b3a2a4d6df91b0,experiments/mirror_applications/ma-268-ia3-mirror-activation-views/artifacts/payloads/26801_0_independent_diagonal_1_ia3.bin,0.02001642598770559,3.150699194520712e-05,100,128,512
26801,0,independent_diagonal,1,dense_upper,3.91764984897236e-07,7262,fdbbbf4ab0e6553ecddfe217a10fefb3712ddc284197298e467e12e6481f6069,experiments/mirror_applications/ma-268-ia3-mirror-activation-views/artifacts/payloads/26801_0_independent_diagonal_1_dense_upper.bin,0.00036834500497207046,4.3423991883173585e-05,0,128,512
26801,0,independent_diagonal,2,no_view,1.0,3158,2a1fb7293b7bc669b0cbb0b4454519351cc7fb456eadf8c88886598bc5669da8,experiments/mirror_applications/ma-268-ia3-mirror-activation-views/artifacts/payloads/26801_0_independent_diagonal_2_no_view.bin,0.0,2.447600127197802e-05,0,128,512
26801,0,independent_diagonal,2,ia3,1.4734924889125978e-06,3283,37ffb5e9ae178de6a8a29bc2ce9697be0e0806932a462c592e51b2f4ab02fe26,experiments/mirror_applications/ma-268-ia3-mirror-activation-views/artifacts/payloads/26801_0_independent_diagonal_2_ia3.bin,0.022808426001574844,3.485199704300612e-05,100,128,512
26801,0,independent_diagonal,2,dense_upper,3.5531402886590513e-07,7262,0a33c4f339361af802e8238a88d8bbcfe4d7abbbd7ef8c4e31415183930d997e,experiments/mirror_applications/ma-268-ia3-mirror-activation-views/artifacts/payloads/26801_0_independent_diagonal_2_dense_upper.bin,0.0003179199993610382,4.9273003241978586e-05,0,128,512
26801,0,independent_diagonal,3,no_view,1.0,3158,2a1fb7293b7bc669b0cbb0b4454519351cc7fb456eadf8c88886598bc5669da8,experiments/mirror_applications/ma-268-ia3-mirror-activation-views/artifacts/payloads/26801_0_independent_diagonal_3_no_view.bin,0.0,2.5757995899766684e-05,0,128,512
26801,0,independent_diagonal,3,ia3,1.4471688700723462e-06,3283,7ccb4650a8901948f62b041b15cae677f1462d0c03fab79b9cdff44b38f267a0,experiments/mirror_applications/ma-268-ia3-mirror-activation-views/artifacts/payloads/26801_0_independent_diagonal_3_ia3.bin,0.019590405994676985,3.254800685681403e-05,100,128,512
26801,0,independent_diagonal,3,dense_upper,3.5526346664482844e-07,7262,ad02b144f06c2178b3325da97da0f28ec1498e9898146327027f81a25b408058,experiments/mirror_applications/ma-268-ia3-mirror-activation-views/artifacts/payloads/26801_0_independent_diagonal_3_dense_upper.bin,0.0004151840112172067,4.198199894744903e-05,0,128,512
26801,0,independent_diagonal,4,no_view,1.0,3158,2a1fb7293b7bc669b0cbb0b4454519351cc7fb456eadf8c88886598bc5669da8,experiments/mirror_applications/ma-268-ia3-mirror-activation-views/artifacts/payloads/26801_0_independent_diagonal_4_no_view.bin,0.0,3.1827003112994134e-05,0,128,512
26801,0,independent_diagonal,4,ia3,1.8632998717293958e-06,3283,970fb27c66d9a927bbb8aadeabb719a2acabf91c10424c7b861e1e169e4d982e,experiments/mirror_applications/ma-268-ia3-mirror-activation-views/artifacts/payloads/26801_0_independent_diagonal_4_ia3.bin,0.02190792400506325,3.260899393353611e-05,100,128,512
26801,0,independent_diagonal,4,dense_upper,3.7043810152681544e-07,7262,c128f0048989f93d3cb91b7e7b657c571e5fb7704a3e8c201a7cfeb0b2b12b88,experiments/mirror_applications/ma-268-ia3-mirror-activation-views/artifacts/payloads/26801_0_independent_diagonal_4_dense_upper.bin,0.000314335004077293,4.1610997868701816e-05,0,128,512
26801,0,independent_diagonal,5,no_view,1.0,3158,2a1fb7293b7bc669b0cbb0b4454519351cc7fb456eadf8c88886598bc5669da8,experiments/mirror_applications/ma-268-ia3-mirror-activation-views/artifacts/payloads/26801_0_independent_diagonal_5_no_view.bin,0.0,2.503699215594679e-05,0,128,512
26801,0,independent_diagonal,5,ia3,1.162698254120187e-06,3283,e0ea34eff84b3d68c15ac040b7cdb61b9d58338ac2de00a376d7143c0f1445b5,experiments/mirror_applications/ma-268-ia3-mirror-activation-views/artifacts/payloads/26801_0_independent_diagonal_5_ia3.bin,0.021254969004075974,3.167700197082013e-05,100,128,512
26801,0,independent_diagonal,5,dense_upper,3.7181243328632263e-07,7262,6d08204c35e94dd181f1c5a2436495325ebfd4b0ef3519a3ce1840d4411ab6ca,experiments/mirror_applications/ma-268-ia3-mirror-activation-views/artifacts/payloads/26801_0_independent_diagonal_5_dense_upper.bin,0.00034215699997730553,9.85549995675683e-05,0,128,512
26801,0,independent_diagonal,6,no_view,1.0,3158,2a1fb7293b7bc669b0cbb0b4454519351cc7fb456eadf8c88886598bc5669da8,experiments/mirror_applications/ma-268-ia3-mirror-activation-views/artifacts/payloads/26801_0_independent_diagonal_6_no_view.bin,0.0,2.7601010515354574e-05,0,128,512
26801,0,independent_diagonal,6,ia3,1.3794211781714694e-06,3283,ef41344dee196ecf9ac224a61c3b3b1937cc6d14a409fb517ad808887f23e01c,experiments/mirror_applications/ma-268-ia3-mirror-activation-views/artifacts/payloads/26801_0_independent_diagonal_6_ia3.bin,0.020016667011077516,3.31290066242218e-05,100,128,512
26801,0,independent_diagonal,6,dense_upper,3.797495367052761e-07,7262,8a5bee5c2049fd793073f0e6a6641f0cb4373dc59d696f0a764073f15535fdd5,experiments/mirror_applications/ma-268-ia3-mirror-activation-views/artifacts/payloads/26801_0_independent_diagonal_6_dense_upper.bin,0.0003084560012212023,4.3032996472902596e-05,0,128,512
26801,0,independent_diagonal,7,no_view,1.0,3158,2a1fb7293b7bc669b0cbb0b4454519351cc7fb456eadf8c88886598bc5669da8,experiments/mirror_applications/ma-268-ia3-mirror-activation-views/artifacts/payloads/26801_0_independent_diagonal_7_no_view.bin,0.0,2.990401117131114e-05,0,128,512
26801,0,independent_diagonal,7,ia3,1.5533770465481211e-06,3283,dfa5dfbea6f4b0e30284bf560e95135004b4c6b37814334b5cc8d64f40f76f3e,experiments/mirror_applications/ma-268-ia3-mirror-activation-views/artifacts/payloads/26801_0_independent_diagonal_7_ia3.bin,0.021102803002577275,3.522199403960258e-05,100,128,512
26801,0,independent_diagonal,7,dense_upper,3.8134359670038975e-07,7262,76d1e7158c5894f694c6e47319cab2fd8cbc09851f18cd707c508421af24d092,experiments/mirror_applications/ma-268-ia3-mirror-activation-views/artifacts/payloads/26801_0_independent_diagonal_7_dense_upper.bin,0.0004630249895853922,0.00026622400037012994,0,128,512
26801,1,aligned_rotation,0,no_view,1.0,3158,41fc31db96cc44a35806fdac882a543992634ea9a262a8e577f23c6566da30b3,experiments/mirror_applications/ma-268-ia3-mirror-activation-views/artifacts/payloads/26801_1_aligned_rotation_0_no_view.bin,0.0,3.0274008167907596e-05,0,128,512
26801,1,aligned_rotation,0,mirror_givens,0.0,3167,25892aa5b6b2016241fe7566ce670b8d8459ab3fa4429c1716ad1f9e829cf658,experiments/mirror_applications/ma-268-ia3-mirror-activation-views/artifacts/payloads/26801_1_aligned_rotation_0_mirror_givens.bin,0.035925648000556976,8.406500273849815e-05,0,128,512
26801,1,aligned_rotation,0,ia3,0.11812451481819153,3283,7a33cc5a8b93ceffc990b744d62ce4cfe13b59477fb8eb266addf6373922b649,experiments/mirror_applications/ma-268-ia3-mirror-activation-views/artifacts/payloads/26801_1_aligned_rotation_0_ia3.bin,0.014714104006998241,4.303400055505335e-05,100,128,512
26801,1,aligned_rotation,0,dense_upper,4.2996512661375164e-07,7262,a38b58dcca29e594d7f60a2b4496dc0863cf489862a530949a2ba86d90f16b23,experiments/mirror_applications/ma-268-ia3-mirror-activation-views/artifacts/payloads/26801_1_aligned_rotation_0_dense_upper.bin,0.00035928199940826744,4.5317006879486144e-05,0,128,512
26801,1,aligned_rotation,1,no_view,1.0,3158,41fc31db96cc44a35806fdac882a543992634ea9a262a8e577f23c6566da30b3,experiments/mirror_applications/ma-268-ia3-mirror-activation-views/artifacts/payloads/26801_1_aligned_rotation_1_no_view.bin,0.0,2.8351991204544902e-05,0,128,512
26801,1,aligned_rotation,1,mirror_givens,0.0,3167,8b360b5449708f6fd6946060a6dc630422b6e2995c12cac1adbf2371b94e7df3,experiments/mirror_applications/ma-268-ia3-mirror-activation-views/artifacts/payloads/26801_1_aligned_rotation_1_mirror_givens.bin,0.03640872199321166,7.805599307175726e-05,0,128,512
26801,1,aligned_rotation,1,ia3,0.08879296481609344,3283,9fcb82d0ab80ad036f5d0b0614f22aafebe8665d29cffbcde950a2b5c8e16ad3,experiments/mirror_applications/ma-268-ia3-mirror-activation-views/artifacts/payloads/26801_1_aligned_rotation_1_ia3.bin,0.014496321004116908,4.248299228493124e-05,100,128,512
26801,1,aligned_rotation,1,dense_upper,4.518958292010211e-07,7262,09b37e492627030bd5de08d1dec77488f7c18a9b740f45dfbc07f603af58653a,experiments/mirror_applications/ma-268-ia3-mirror-activation-views/artifacts/payloads/26801_1_aligned_rotation_1_dense_upper.bin,0.00031869100348558277,6.511600804515183e-05,0,128,512
26801,1,aligned_rotation,2,no_view,1.0,3158,41fc31db96cc44a35806fdac882a543992634ea9a262a8e577f23c6566da30b3,experiments/mirror_applications/ma-268-ia3-mirror-activation-views/artifacts/payloads/26801_1_aligned_rotation_2_no_view.bin,0.0,2.956400567200035e-05,0,128,512
26801,1,aligned_rotation,2,mirror_givens,0.0,3167,795f12b6e1670d1aa9c9331c574dc21e11bf8b40de005f4970a16cd787bad31f,experiments/mirror_applications/ma-268-ia3-mirror-activation-views/artifacts/payloads/26801_1_aligned_rotation_2_mirror_givens.bin,0.034464868003851734,7.983800605870783e-05,0,128,512
26801,1,aligned_rotation,2,ia3,0.05497850477695465,3283,e32f07cbe708524d40257263628fe8ecf505f899f98ec99c2253a85b828b36c5,experiments/mirror_applications/ma-268-ia3-mirror-activation-views/artifacts/payloads/26801_1_aligned_rotation_2_ia3.bin,0.016728413000237197,4.291400546208024e-05,100,128,512
26801,1,aligned_rotation,2,dense_upper,4.303656737647543e-07,7262,cd0fee228e0d70cb2afc09dfbc7c75f524416ea984860a2e763c765c187148a6,experiments/mirror_applications/ma-268-ia3-mirror-activation-views/artifacts/payloads/26801_1_aligned_rotation_2_dense_upper.bin,0.00033399400126654655,4.0960992919281125e-05,0,128,512
26801,1,aligned_rotation,3,no_view,1.0,3158,41fc31db96cc44a35806fdac882a543992634ea9a262a8e577f23c6566da30b3,experiments/mirror_applications/ma-268-ia3-mirror-activation-views/artifacts/payloads/26801_1_aligned_rotation_3_no_view.bin,0.0,3.1597010092809796e-05,0,128,512
26801,1,aligned_rotation,3,mirror_givens,0.0,3167,cbef79d453d7ea49db3dcc18e665a3d96c351ee61b0694d4aca03f9bd5b3088e,experiments/mirror_applications/ma-268-ia3-mirror-activation-views/artifacts/payloads/26801_1_aligned_rotation_3_mirror_givens.bin,0.037093464998179115,8.482500561513007e-05,0,128,512
26801,1,aligned_rotation,3,ia3,0.018556978553533554,3283,760949d7387c280054c71e9164e3eac791be55e6e028f44626afc2486465a3ca,experiments/mirror_applications/ma-268-ia3-mirror-activation-views/artifacts/payloads/26801_1_aligned_rotation_3_ia3.bin,0.013099395000608638,4.486599937081337e-05,100,128,512
26801,1,aligned_rotation,3,dense_upper,4.5512084057008906e-07,7262,678073ea27b85469abd597b27b221c3a9bfb33fe1a1741e0ed13ac8c1e935001,experiments/mirror_applications/ma-268-ia3-mirror-activation-views/artifacts/payloads/26801_1_aligned_rotation_3_dense_upper.bin,0.0003944540076190606,4.6137996832840145e-05,0,128,512
26801,1,aligned_rotation,4,no_view,1.0,3158,41fc31db96cc44a35806fdac882a543992634ea9a262a8e577f23c6566da30b3,experiments/mirror_applications/ma-268-ia3-mirror-activation-views/artifacts/payloads/26801_1_aligned_rotation_4_no_view.bin,0.0,3.446100163273513e-05,0,128,512
26801,1,aligned_rotation,4,mirror_givens,2.6659893848091087e-08,3167,cbb82c42818992da7cf69a295e40b6be00e2afdd578ef2769f423c1ca427a1b1,experiments/mirror_applications/ma-268-ia3-mirror-activation-views/artifacts/payloads/26801_1_aligned_rotation_4_mirror_givens.bin,0.0369599669938907,0.00010330299846827984,0,128,512
26801,1,aligned_rotation,4,ia3,0.018451901152729988,3283,437caf8892a10352e7eeb9569bc0da46da8b8436c5d1fd36aee3687033ae9209,experiments/mirror_applications/ma-268-ia3-mirror-activation-views/artifacts/payloads/26801_1_aligned_rotation_4_ia3.bin,0.01410741699510254,4.765999619849026e-05,100,128,512
26801,1,aligned_rotation,4,dense_upper,4.543855709471245e-07,7262,64006e134f2c654273dd36b397f1e7f79ab79c6bb94284a9a897774e9761dfc5,experiments/mirror_applications/ma-268-ia3-mirror-activation-views/artifacts/payloads/26801_1_aligned_rotation_4_dense_upper.bin,0.0003595019952626899,4.596800135914236e-05,0,128,512
26801,1,aligned_rotation,5,no_view,1.0,3158,41fc31db96cc44a35806fdac882a543992634ea9a262a8e577f23c6566da30b3,experiments/mirror_applications/ma-268-ia3-mirror-activation-views/artifacts/payloads/26801_1_aligned_rotation_5_no_view.bin,0.0,4.455599992070347e-05,0,128,512
26801,1,aligned_rotation,5,mirror_givens,0.0,3167,786068280f5cec1f478b257165a73d2148a8de3717e6405abeabefb4df5c72ff,experiments/mirror_applications/ma-268-ia3-mirror-activation-views/artifacts/payloads/26801_1_aligned_rotation_5_mirror_givens.bin,0.03884391400788445,0.0002467860031174496,0,128,512
26801,1,aligned_rotation,5,ia3,0.05408856272697449,3283,687c07948f56853e9a78203f9475d4199dad26f89df50280d9c0743ac520f2b5,experiments/mirror_applications/ma-268-ia3-mirror-activation-views/artifacts/payloads/26801_1_aligned_rotation_5_ia3.bin,0.013820731997839175,5.9618003433570266e-05,100,128,512
26801,1,aligned_rotation,5,dense_upper,4.195765654912975e-07,7262,61ca99e297dbcd2b08907af536d1195e0fd34737a298e26f37b5e7da025e129a,experiments/mirror_applications/ma-268-ia3-mirror-activation-views/artifacts/payloads/26801_1_aligned_rotation_5_dense_upper.bin,0.0003454709949437529,4.900300700683147e-05,0,128,512
26801,1,aligned_rotation,6,no_view,1.0,3158,41fc31db96cc44a35806fdac882a543992634ea9a262a8e577f23c6566da30b3,experiments/mirror_applications/ma-268-ia3-mirror-activation-views/artifacts/payloads/26801_1_aligned_rotation_6_no_view.bin,0.0,2.9032991733402014e-05,0,128,512
26801,1,aligned_rotation,6,mirror_givens,0.0,3167,89120b30cb9ccbb9cad905f12b9c3d76dd09894e33f6ba70bd79c6af481227c3,experiments/mirror_applications/ma-268-ia3-mirror-activation-views/artifacts/payloads/26801_1_aligned_rotation_6_mirror_givens.bin,0.035881723000784405,8.506599988322705e-05,0,128,512
26801,1,aligned_rotation,6,ia3,0.08661235868930817,3283,599d447da5c9e5859d206e7707ed983e0d26cc95a4d47e552a4d019636e4121b,experiments/mirror_applications/ma-268-ia3-mirror-activation-views/artifacts/payloads/26801_1_aligned_rotation_6_ia3.bin,0.020902878008200787,5.03350020153448e-05,100,128,512
26801,1,aligned_rotation,6,dense_upper,4.790882712768507e-07,7262,21d3ed050f8b7568da9bcf2e90093cca36147559b0d83f7ff00acf00c1a52d03,experiments/mirror_applications/ma-268-ia3-mirror-activation-views/artifacts/payloads/26801_1_aligned_rotation_6_dense_upper.bin,0.0003447299968684092,4.4926011469215155e-05,0,128,512
26801,1,aligned_rotation,7,no_view,1.0,3158,41fc31db96cc44a35806fdac882a543992634ea9a262a8e577f23c6566da30b3,experiments/mirror_applications/ma-268-ia3-mirror-activation-views/artifacts/payloads/26801_1_aligned_rotation_7_no_view.bin,0.0,9.130500257015228e-05,0,128,512
26801,1,aligned_rotation,7,mirror_givens,5.837692640398018e-08,3167,45e47aa4d719c7e0db24144d8257f359cd3a0fb4c52bad5cb69276f9900e314e,experiments/mirror_applications/ma-268-ia3-mirror-activation-views/artifacts/payloads/26801_1_aligned_rotation_7_mirror_givens.bin,0.038370182999642566,8.232200343627483e-05,0,128,512
26801,1,aligned_rotation,7,ia3,0.11458992958068848,3283,7352b290dd9bc22f6c429e05e9a888c1c5c4bcc3a7116ecc41ebb0c2293594e8,experiments/mirror_applications/ma-268-ia3-mirror-activation-views/artifacts/payloads/26801_1_aligned_rotation_7_ia3.bin,0.015995898997061886,4.5787994167767465e-05,100,128,512
26801,1,aligned_rotation,7,dense_upper,4.537902782431047e-07,7262,587d7955338a18ce91347a69226f8a1819e09a49196021e0f584c7a0aab87496,experiments/mirror_applications/ma-268-ia3-mirror-activation-views/artifacts/payloads/26801_1_aligned_rotation_7_dense_upper.bin,0.00034556099853944033,6.850100180599838e-05,0,128,512
26801,1,independent_diagonal,0,no_view,1.0,3158,41fc31db96cc44a35806fdac882a543992634ea9a262a8e577f23c6566da30b3,experiments/mirror_applications/ma-268-ia3-mirror-activation-views/artifacts/payloads/26801_1_independent_diagonal_0_no_view.bin,0.0,2.6059002266265452e-05,0,128,512
26801,1,independent_diagonal,0,ia3,1.5416593441841542e-06,3283,623e86a3669d5d3fa8a6be32b6ecf65017aa52e1c9c06e39d06da04514281a4a,experiments/mirror_applications/ma-268-ia3-mirror-activation-views/artifacts/payloads/26801_1_independent_diagonal_0_ia3.bin,0.02191335200041067,3.40000115102157e-05,100,128,512
26801,1,independent_diagonal,0,dense_upper,4.700681870417611e-07,7262,9013d2697a358f6b662b3182a80033cd9d37b3cc81b9fb725fa004aa5577c0ba,experiments/mirror_applications/ma-268-ia3-mirror-activation-views/artifacts/payloads/26801_1_independent_diagonal_0_dense_upper.bin,0.0014706549991387874,4.770999657921493e-05,0,128,512
26801,1,independent_diagonal,1,no_view,1.0,3158,41fc31db96cc44a35806fdac882a543992634ea9a262a8e577f23c6566da30b3,experiments/mirror_applications/ma-268-ia3-mirror-activation-views/artifacts/payloads/26801_1_independent_diagonal_1_no_view.bin,0.0,2.5568006094545126e-05,0,128,512
26801,1,independent_diagonal,1,ia3,1.4682367464047275e-06,3283,e6d68f8fdb28991731ba063aef323d35d772e8cbf6f4b6eb404fd8af04eba174,experiments/mirror_applications/ma-268-ia3-mirror-activation-views/artifacts/payloads/26801_1_independent_diagonal_1_ia3.bin,0.019106751002254896,3.909799852408469e-05,100,128,512
26801,1,independent_diagonal,1,dense_upper,4.4395639520189434e-07,7262,3da7bd1258bbf9393f5fa879226b0903775ccd4505988798029e230769ecc0c6,experiments/mirror_applications/ma-268-ia3-mirror-activation-views/artifacts/payloads/26801_1_independent_diagonal_1_dense_upper.bin,0.0003010560030816123,4.4455009629018605e-05,0,128,512
26801,1,independent_diagonal,2,no_view,1.0,3158,41fc31db96cc44a35806fdac882a543992634ea9a262a8e577f23c6566da30b3,experiments/mirror_applications/ma-268-ia3-mirror-activation-views/artifacts/payloads/26801_1_independent_diagonal_2_no_view.bin,0.0,2.8983005904592574e-05,0,128,512
26801,1,independent_diagonal,2,ia3,1.3183714600017993e-06,3283,437470d139c6f3db6dd59359dc36111dad603571b10cc7115feca9cac9ff2c50,experiments/mirror_applications/ma-268-ia3-mirror-activation-views/artifacts/payloads/26801_1_independent_diagonal_2_ia3.bin,0.05295997300709132,3.8896992919035256e-05,100,128,512
26801,1,independent_diagonal,2,dense_upper,4.5923553670945694e-07,7262,aff3b87413380a46790886237975b3b14a28d3f0a7c95ac546296b351c383240,experiments/mirror_applications/ma-268-ia3-mirror-activation-views/artifacts/payloads/26801_1_independent_diagonal_2_dense_upper.bin,0.0003889350045938045,4.5487991883419454e-05,0,128,512
26801,1,independent_diagonal,3,no_view,1.0,3158,41fc31db96cc44a35806fdac882a543992634ea9a262a8e577f23c6566da30b3,experiments/mirror_applications/ma-268-ia3-mirror-activation-views/artifacts/payloads/26801_1_independent_diagonal_3_no_view.bin,0.0,2.0611012587323785e-05,0,128,512
26801,1,independent_diagonal,3,ia3,1.2626312582142418e-06,3283,0cc236415e1d3bc466fa18f384d8b674a8ea4c6ede0738e2f1c4b79e674aba44,experiments/mirror_applications/ma-268-ia3-mirror-activation-views/artifacts/payloads/26801_1_independent_diagonal_3_ia3.bin,0.020423548005055636,2.977400436066091e-05,100,128,512
26801,1,independent_diagonal,3,dense_upper,4.5671185944229364e-07,7262,11163dc902dd882e36206a379754a7283f1869d658334cf998a7b6c0cbbd8621,experiments/mirror_applications/ma-268-ia3-mirror-activation-views/artifacts/payloads/26801_1_independent_diagonal_3_dense_upper.bin,0.0002699489996302873,3.234800533391535e-05,0,128,512
26801,1,independent_diagonal,4,no_view,1.0,3158,41fc31db96cc44a35806fdac882a543992634ea9a262a8e577f23c6566da30b3,experiments/mirror_applications/ma-268-ia3-mirror-activation-views/artifacts/payloads/26801_1_independent_diagonal_4_no_view.bin,0.0,2.0749997929669917e-05,0,128,512
26801,1,independent_diagonal,4,ia3,7.434815074702783e-07,3283,5291beca5e8e3ecd4e688bd09b26cf3aa07ba6bf9ce43a70f96cecd3169de1fb,experiments/mirror_applications/ma-268-ia3-mirror-activation-views/artifacts/payloads/26801_1_independent_diagonal_4_ia3.bin,0.01720267499331385,2.685000072233379e-05,100,128,512
26801,1,independent_diagonal,4,dense_upper,4.6309196477523074e-07,7262,38e9163a86d17ec612e1111bb4575ef22d65d3e8c50ba3be45adc2239dfd4de0,experiments/mirror_applications/ma-268-ia3-mirror-activation-views/artifacts/payloads/26801_1_independent_diagonal_4_dense_upper.bin,0.00022090700804255903,3.0915995012037456e-05,0,128,512
26801,1,independent_diagonal,5,no_view,1.0,3158,41fc31db96cc44a35806fdac882a543992634ea9a262a8e577f23c6566da30b3,experiments/mirror_applications/ma-268-ia3-mirror-activation-views/artifacts/payloads/26801_1_independent_diagonal_5_no_view.bin,0.0,1.982900721486658e-05,0,128,512
26801,1,independent_diagonal,5,ia3,1.2775565210176865e-06,3283,368a5d5334530ffb2f7a4356e69bbdd948f60f640c0f288abb3b7dde75eaba79,experiments/mirror_applications/ma-268-ia3-mirror-activation-views/artifacts/payloads/26801_1_independent_diagonal_5_ia3.bin,0.018251386005431414,2.7721005608327687e-05,100,128,512
26801,1,independent_diagonal,5,dense_upper,4.777357389684767e-07,7262,46a44d0485c5f1127dd11db3ccc4634fae8d5864691df602a10c2651e0c692f4,experiments/mirror_applications/ma-268-ia3-mirror-activation-views/artifacts/payloads/26801_1_independent_diagonal_5_dense_upper.bin,0.00023146200692281127,3.564299549907446e-05,0,128,512
26801,1,independent_diagonal,6,no_view,1.0,3158,41fc31db96cc44a35806fdac882a543992634ea9a262a8e577f23c6566da30b3,experiments/mirror_applications/ma-268-ia3-mirror-activation-views/artifacts/payloads/26801_1_independent_diagonal_6_no_view.bin,0.0,2.1861997083760798e-05,0,128,512
26801,1,independent_diagonal,6,ia3,1.219920591211121e-06,3283,0b3fcbfe689814a570f83b7029d2a311ab78b6a6b64b0076e5e4e0b34cc296e1,experiments/mirror_applications/ma-268-ia3-mirror-activation-views/artifacts/payloads/26801_1_independent_diagonal_6_ia3.bin,0.02110648799862247,2.7510002837516367e-05,100,128,512
26801,1,independent_diagonal,6,dense_upper,4.7566373950758134e-07,7262,5e067df3c0755caccbdd6b64cbd6c3de98366a0bf584d65358fde38f9a05d6f6,experiments/mirror_applications/ma-268-ia3-mirror-activation-views/artifacts/payloads/26801_1_independent_diagonal_6_dense_upper.bin,0.00025164200633298606,3.249800647608936e-05,0,128,512
26801,1,independent_diagonal,7,no_view,1.0,3158,41fc31db96cc44a35806fdac882a543992634ea9a262a8e577f23c6566da30b3,experiments/mirror_applications/ma-268-ia3-mirror-activation-views/artifacts/payloads/26801_1_independent_diagonal_7_no_view.bin,0.0,2.1371990442276e-05,0,128,512
26801,1,independent_diagonal,7,ia3,7.630275149494992e-07,3283,ec3cc8402a2e741a69f81367eb6702e3e6fab16a7f985d0797648ae5c1f3b173,experiments/mirror_applications/ma-268-ia3-mirror-activation-views/artifacts/payloads/26801_1_independent_diagonal_7_ia3.bin,0.0186469100008253,2.758100163191557e-05,100,128,512
26801,1,independent_diagonal,7,dense_upper,4.349749644916301e-07,7262,8ce5e139c38fdb3f5d0ec7c0bbfdfec55300b4d014da77a9191033f6a0232e5b,experiments/mirror_applications/ma-268-ia3-mirror-activation-views/artifacts/payloads/26801_1_independent_diagonal_7_dense_upper.bin,0.00023478800721932203,3.214699972886592e-05,0,128,512
26801,2,aligned_rotation,0,no_view,1.0,3158,e5bb3cf3314dc24ab883dfa37a03f9eb1180c36cd81a8cdbecc702618b448121,experiments/mirror_applications/ma-268-ia3-mirror-activation-views/artifacts/payloads/26801_2_aligned_rotation_0_no_view.bin,0.0,2.0370993297547102e-05,0,128,512
26801,2,aligned_rotation,0,mirror_givens,0.0,3167,154f3f49ba1694453d331e082d4ad3ef9ed0c624a36d88c08cf097fb25e650d8,experiments/mirror_applications/ma-268-ia3-mirror-activation-views/artifacts/payloads/26801_2_aligned_rotation_0_mirror_givens.bin,0.02533644498907961,7.399900641757995e-05,0,128,512
26801,2,aligned_rotation,0,ia3,0.101634182035923,3283,b3184ec0a7bf474defd49fa6fde261b9ae92ca0c093b38011f441229a15a9fc6,experiments/mirror_applications/ma-268-ia3-mirror-activation-views/artifacts/payloads/26801_2_aligned_rotation_0_ia3.bin,0.015213492006296292,4.7811001422815025e-05,100,128,512
26801,2,aligned_rotation,0,dense_upper,3.874842491313757e-07,7262,1201c3c5ddda9d52abd15c10f47528c92dde6b0b74264a175b853198951320e6,experiments/mirror_applications/ma-268-ia3-mirror-activation-views/artifacts/payloads/26801_2_aligned_rotation_0_dense_upper.bin,0.0003074450069107115,3.3810007153078914e-05,0,128,512
26801,2,aligned_rotation,1,no_view,1.0,3158,e5bb3cf3314dc24ab883dfa37a03f9eb1180c36cd81a8cdbecc702618b448121,experiments/mirror_applications/ma-268-ia3-mirror-activation-views/artifacts/payloads/26801_2_aligned_rotation_1_no_view.bin,0.0,2.1993007976561785e-05,0,128,512
26801,2,aligned_rotation,1,mirror_givens,0.0,3167,5fa82528d11e2e5489993dd24f42dcd7e79254b5a42fa7a1a081760893daf94b,experiments/mirror_applications/ma-268-ia3-mirror-activation-views/artifacts/payloads/26801_2_aligned_rotation_1_mirror_givens.bin,0.02509525799541734,7.222699059639126e-05,0,128,512
26801,2,aligned_rotation,1,ia3,0.07637651264667511,3283,3dfa1632c9f4f59f3f46258d4b838812137b8f350785c7ef4ee1c0e7e00e1b06,experiments/mirror_applications/ma-268-ia3-mirror-activation-views/artifacts/payloads/26801_2_aligned_rotation_1_ia3.bin,0.011871398994117044,3.033500979654491e-05,100,128,512
26801,2,aligned_rotation,1,dense_upper,4.2019692614303494e-07,7262,18d9beeeb01f36088c0fa897a96fd4ab9345e59bca1dec835b14a16e5fb8eccc,experiments/mirror_applications/ma-268-ia3-mirror-activation-views/artifacts/payloads/26801_2_aligned_rotation_1_dense_upper.bin,0.0003101579932263121,3.183700027875602e-05,0,128,512
26801,2,aligned_rotation,2,no_view,1.0,3158,e5bb3cf3314dc24ab883dfa37a03f9eb1180c36cd81a8cdbecc702618b448121,experiments/mirror_applications/ma-268-ia3-mirror-activation-views/artifacts/payloads/26801_2_aligned_rotation_2_no_view.bin,0.0,2.2652995539829135e-05,0,128,512
26801,2,aligned_rotation,2,mirror_givens,0.0,3167,4a4def122866583eb6767c1c071956619f1d02cfe7747e54dd88d836ae3e98ad,experiments/mirror_applications/ma-268-ia3-mirror-activation-views/artifacts/payloads/26801_2_aligned_rotation_2_mirror_givens.bin,0.02433855900017079,7.311899389605969e-05,0,128,512
26801,2,aligned_rotation,2,ia3,0.0475192591547966,3283,794c76166ad863988a75794e92441beda96d44beb65dafa0594fb9ab8e7ea88a,experiments/mirror_applications/ma-268-ia3-mirror-activation-views/artifacts/payloads/26801_2_aligned_rotation_2_ia3.bin,0.015435189998243004,3.1477000447921455e-05,100,128,512
26801,2,aligned_rotation,2,dense_upper,3.8690717474310077e-07,7262,06070397748a81a3f300ee2ec0fc1531c60c4dd3b3fe50fc431597a7f2ef8a94,experiments/mirror_applications/ma-268-ia3-mirror-activation-views/artifacts/payloads/26801_2_aligned_rotation_2_dense_upper.bin,0.0003609939885791391,3.359999391250312e-05,0,128,512
26801,2,aligned_rotation,3,no_view,1.0,3158,e5bb3cf3314dc24ab883dfa37a03f9eb1180c36cd81a8cdbecc702618b448121,experiments/mirror_applications/ma-268-ia3-mirror-activation-views/artifacts/payloads/26801_2_aligned_rotation_3_no_view.bin,0.0,2.1311003365553916e-05,0,128,512
26801,2,aligned_rotation,3,mirror_givens,1.4360388433942717e-08,3167,d47598e8bcaae7253f02d455fa30fb76fdea3631f68df975e67256e99c54ce45,experiments/mirror_applications/ma-268-ia3-mirror-activation-views/artifacts/payloads/26801_2_aligned_rotation_3_mirror_givens.bin,0.02759845099353697,7.637300586793572e-05,0,128,512
26801,2,aligned_rotation,3,ia3,0.016186704859137535,3283,a5e6e1c7ad70b232eb8a3ebca28acba16917981d0321e7aca5d1450b376525d8,experiments/mirror_applications/ma-268-ia3-mirror-activation-views/artifacts/payloads/26801_2_aligned_rotation_3_ia3.bin,0.014282044998253696,2.9934002668596804e-05,100,128,512
26801,2,aligned_rotation,3,dense_upper,4.2201136807307194e-07,7262,e91818b424233a789cc7c50ced37aabaa400b1447aa0fbf43561ae657aa8d640,experiments/mirror_applications/ma-268-ia3-mirror-activation-views/artifacts/payloads/26801_2_aligned_rotation_3_dense_upper.bin,0.0002821480011334643,3.357000241521746e-05,0,128,512
26801,2,aligned_rotation,4,no_view,1.0,3158,e5bb3cf3314dc24ab883dfa37a03f9eb1180c36cd81a8cdbecc702618b448121,experiments/mirror_applications/ma-268-ia3-mirror-activation-views/artifacts/payloads/26801_2_aligned_rotation_4_no_view.bin,0.0,2.002999826800078e-05,0,128,512
26801,2,aligned_rotation,4,mirror_givens,0.0,3167,89261a92cdc34236e31c2576b1f49276c09e8541182acc1e858799cd7d8ea78d,experiments/mirror_applications/ma-268-ia3-mirror-activation-views/artifacts/payloads/26801_2_aligned_rotation_4_mirror_givens.bin,0.024520287988707423,7.681299757678062e-05,0,128,512
26801,2,aligned_rotation,4,ia3,0.01629387028515339,3283,6d6937dcfd109028a43b4618aa48ac1cda32721892febf3bc58615cf629ac136,experiments/mirror_applications/ma-268-ia3-mirror-activation-views/artifacts/payloads/26801_2_aligned_rotation_4_ia3.bin,0.013466707998304628,3.064499469473958e-05,100,128,512
26801,2,aligned_rotation,4,dense_upper,4.033718710161338e-07,7262,dc1325f7f156e15b07b58c2fdd54f80fa8608b63368b9eba5d54fdf375bc7861,experiments/mirror_applications/ma-268-ia3-mirror-activation-views/artifacts/payloads/26801_2_aligned_rotation_4_dense_upper.bin,0.0003170890122419223,3.2127994927577674e-05,0,128,512
26801,2,aligned_rotation,5,no_view,1.0,3158,e5bb3cf3314dc24ab883dfa37a03f9eb1180c36cd81a8cdbecc702618b448121,experiments/mirror_applications/ma-268-ia3-mirror-activation-views/artifacts/payloads/26801_2_aligned_rotation_5_no_view.bin,0.0,2.2634005290456116e-05,0,128,512
26801,2,aligned_rotation,5,mirror_givens,0.0,3167,8436c9ee109fedbc1e94121c4919c639edf2e6f01659b8e22f523fe57a769841,experiments/mirror_applications/ma-268-ia3-mirror-activation-views/artifacts/payloads/26801_2_aligned_rotation_5_mirror_givens.bin,0.06615450899698772,7.726399053353816e-05,0,128,512
26801,2,aligned_rotation,5,ia3,0.04843875765800476,3283,4fb30c220e651984609bde788607fa326ddf123b129da8645b85f4a8157d040d,experiments/mirror_applications/ma-268-ia3-mirror-activation-views/artifacts/payloads/26801_2_aligned_rotation_5_ia3.bin,0.013207986004999839,2.977400436066091e-05,100,128,512
26801,2,aligned_rotation,5,dense_upper,4.0133591028279625e-07,7262,d16ea32b428643618ef9f243204b55f49b1991d816a23856ca92681fc0cc25b2,experiments/mirror_applications/ma-268-ia3-mirror-activation-views/artifacts/payloads/26801_2_aligned_rotation_5_dense_upper.bin,0.0003037290007341653,3.0675990274176e-05,0,128,512
26801,2,aligned_rotation,6,no_view,1.0,3158,e5bb3cf3314dc24ab883dfa37a03f9eb1180c36cd81a8cdbecc702618b448121,experiments/mirror_applications/ma-268-ia3-mirror-activation-views/artifacts/payloads/26801_2_aligned_rotation_6_no_view.bin,0.0,2.3685002815909684e-05,0,128,512
26801,2,aligned_rotation,6,mirror_givens,0.0,3167,d67b927f57903012e47efa26854c50281eece1a02ca80476c60402d64d52ba3e,experiments/mirror_applications/ma-268-ia3-mirror-activation-views/artifacts/payloads/26801_2_aligned_rotation_6_mirror_givens.bin,0.024086956997052766,7.04549893271178e-05,0,128,512
26801,2,aligned_rotation,6,ia3,0.07869172841310501,3283,9e60dc2d1b5d4a75871861736f33925bf538ca7ae7963fdba83d3c16c3dd8ad0,experiments/mirror_applications/ma-268-ia3-mirror-activation-views/artifacts/payloads/26801_2_aligned_rotation_6_ia3.bin,0.01465085000381805,6.203100201673806e-05,100,128,512
26801,2,aligned_rotation,6,dense_upper,3.8919517919566715e-07,7262,0cb4aee0848615adc1729498f19353f3faa6ac8644ce5d3455ea792b95729cfc,experiments/mirror_applications/ma-268-ia3-mirror-activation-views/artifacts/payloads/26801_2_aligned_rotation_6_dense_upper.bin,0.00032539099629502743,3.0695999157615006e-05,0,128,512
26801,2,aligned_rotation,7,no_view,1.0,3158,e5bb3cf3314dc24ab883dfa37a03f9eb1180c36cd81a8cdbecc702618b448121,experiments/mirror_applications/ma-268-ia3-mirror-activation-views/artifacts/payloads/26801_2_aligned_rotation_7_no_view.bin,0.0,1.9289000192657113e-05,0,128,512
26801,2,aligned_rotation,7,mirror_givens,4.9420297187907636e-08,3167,982fcfe75f35fcd5249d6b9676a4813089348e466d159e91d7290199cff69c40,experiments/mirror_applications/ma-268-ia3-mirror-activation-views/artifacts/payloads/26801_2_aligned_rotation_7_mirror_givens.bin,0.023711191999609582,6.945199857000262e-05,0,128,512
26801,2,aligned_rotation,7,ia3,0.105545274913311,3283,738f0b212d01552ae1003bb8f826e02fa6d8bc6425716a57fc0348ae4daf113b,experiments/mirror_applications/ma-268-ia3-mirror-activation-views/artifacts/payloads/26801_2_aligned_rotation_7_ia3.bin,0.01272013499692548,3.0655995942652225e-05,100,128,512
26801,2,aligned_rotation,7,dense_upper,3.799079024702223e-07,7262,c645ca743e3db0485f9daae06e77fee5dc4c7d677bede4525c8b0abbec26f984,experiments/mirror_applications/ma-268-ia3-mirror-activation-views/artifacts/payloads/26801_2_aligned_rotation_7_dense_upper.bin,0.00028910700348205864,2.9884002287872136e-05,0,128,512
26801,2,independent_diagonal,0,no_view,1.0,3158,e5bb3cf3314dc24ab883dfa37a03f9eb1180c36cd81a8cdbecc702618b448121,experiments/mirror_applications/ma-268-ia3-mirror-activation-views/artifacts/payloads/26801_2_independent_diagonal_0_no_view.bin,0.0,2.107099862769246e-05,0,128,512
26801,2,independent_diagonal,0,ia3,1.201538111672562e-06,3283,db79dde6200f4ac110b156842f2482863c419fca2c7cc06ccd4ae641cab11266,experiments/mirror_applications/ma-268-ia3-mirror-activation-views/artifacts/payloads/26801_2_independent_diagonal_0_ia3.bin,0.01896684399980586,2.5859000743366778e-05,100,128,512
26801,2,independent_diagonal,0,dense_upper,3.789222944305948e-07,7262,9e8375e3be7051fa4ad6ff25748198430f9f6ff6be7d74b04b5c71319cdaee7c,experiments/mirror_applications/ma-268-ia3-mirror-activation-views/artifacts/payloads/26801_2_independent_diagonal_0_dense_upper.bin,0.00028163699607830495,2.9533010092563927e-05,0,128,512
26801,2,independent_diagonal,1,no_view,1.0,3158,e5bb3cf3314dc24ab883dfa37a03f9eb1180c36cd81a8cdbecc702618b448121,experiments/mirror_applications/ma-268-ia3-mirror-activation-views/artifacts/payloads/26801_2_independent_diagonal_1_no_view.bin,0.0,1.9468992832116783e-05,0,128,512
26801,2,independent_diagonal,1,ia3,5.345714271243196e-07,3283,218a26f0d046bee2c268ea5b339d5130786e6879848f99673819ec8e157b688d,experiments/mirror_applications/ma-268-ia3-mirror-activation-views/artifacts/payloads/26801_2_independent_diagonal_1_ia3.bin,0.02075540898658801,2.9743998311460018e-05,100,128,512
26801,2,independent_diagonal,1,dense_upper,3.586259822441207e-07,7262,8c078050bf929c64c3b726edcfc322bd812dc3479005316f2c7e01342993983b,experiments/mirror_applications/ma-268-ia3-mirror-activation-views/artifacts/payloads/26801_2_independent_diagonal_1_dense_upper.bin,0.00033119000727310777,2.989500353578478e-05,0,128,512
26801,2,independent_diagonal,2,no_view,1.0,3158,e5bb3cf3314dc24ab883dfa37a03f9eb1180c36cd81a8cdbecc702618b448121,experiments/mirror_applications/ma-268-ia3-mirror-activation-views/artifacts/payloads/26801_2_independent_diagonal_2_no_view.bin,0.0,4.649900074582547e-05,0,128,512
26801,2,independent_diagonal,2,ia3,8.692058486303722e-07,3283,4c4dbc893abd61016385eb20ca1c8b2f6a857d76078ef680383d3b8a2b64bf4b,experiments/mirror_applications/ma-268-ia3-mirror-activation-views/artifacts/payloads/26801_2_independent_diagonal_2_ia3.bin,0.02339757699519396,6.938200385775417e-05,100,128,512
26801,2,independent_diagonal,2,dense_upper,4.0481927499058656e-07,7262,f8560e749d18a8fd2b38b6001df682e0d425e999f99b64a35827304e79bef4c7,experiments/mirror_applications/ma-268-ia3-mirror-activation-views/artifacts/payloads/26801_2_independent_diagonal_2_dense_upper.bin,0.0003373989893589169,0.00024733600730542094,0,128,512
26801,2,independent_diagonal,3,no_view,1.0,3158,e5bb3cf3314dc24ab883dfa37a03f9eb1180c36cd81a8cdbecc702618b448121,experiments/mirror_applications/ma-268-ia3-mirror-activation-views/artifacts/payloads/26801_2_independent_diagonal_3_no_view.bin,0.0,1.8286998965777457e-05,0,128,512
26801,2,independent_diagonal,3,ia3,1.5911649597910582e-06,3283,62de3b84158552c6a6d552c503eb9e0294b7ef212e43712fef5ea94482847b65,experiments/mirror_applications/ma-268-ia3-mirror-activation-views/artifacts/payloads/26801_2_independent_diagonal_3_ia3.bin,0.02038258800166659,2.784098614938557e-05,100,128,512
26801,2,independent_diagonal,3,dense_upper,3.8318563611028367e-07,7262,2e2ceb1ac1c30cd208866d1cfe4d3a728cfde9d8260a04bd570edb153c86fff2,experiments/mirror_applications/ma-268-ia3-mirror-activation-views/artifacts/payloads/26801_2_independent_diagonal_3_dense_upper.bin,0.00022185799025464803,3.0224997317418456e-05,0,128,512
26801,2,independent_diagonal,4,no_view,1.0,3158,e5bb3cf3314dc24ab883dfa37a03f9eb1180c36cd81a8cdbecc702618b448121,experiments/mirror_applications/ma-268-ia3-mirror-activation-views/artifacts/payloads/26801_2_independent_diagonal_4_no_view.bin,0.0,2.0110004697926342e-05,0,128,512
26801,2,independent_diagonal,4,ia3,1.112925929191988e-06,3283,b90a8af17de25e42038d06a9a8f8238cfd7cc748dd9c8c46aaa1c3ac7a0389c2,experiments/mirror_applications/ma-268-ia3-mirror-activation-views/artifacts/payloads/26801_2_independent_diagonal_4_ia3.bin,0.02366971000446938,2.9103000997565687e-05,100,128,512
26801,2,independent_diagonal,4,dense_upper,3.900198350947903e-07,7262,55400bfdab8f493d57f61ca062623f308697a2367065b9253a42589767911f34,experiments/mirror_applications/ma-268-ia3-mirror-activation-views/artifacts/payloads/26801_2_independent_diagonal_4_dense_upper.bin,0.0002519230038160458,3.2306998036801815e-05,0,128,512
26801,2,independent_diagonal,5,no_view,1.0,3158,e5bb3cf3314dc24ab883dfa37a03f9eb1180c36cd81a8cdbecc702618b448121,experiments/mirror_applications/ma-268-ia3-mirror-activation-views/artifacts/payloads/26801_2_independent_diagonal_5_no_view.bin,0.0,1.877800968941301e-05,0,128,512
26801,2,independent_diagonal,5,ia3,9.891734862321755e-07,3283,c8116fe5d7bf40d06511d8a474cc023d522057f03699ae1bc4589172828103ab,experiments/mirror_applications/ma-268-ia3-mirror-activation-views/artifacts/payloads/26801_2_independent_diagonal_5_ia3.bin,0.02032018601312302,2.7771005989052355e-05,100,128,512
26801,2,independent_diagonal,5,dense_upper,3.855313650547032e-07,7262,1fb4e8468469a7cff466261d5d82dd36aae7019ddabf6458b56bc8c37d40bb2e,experiments/mirror_applications/ma-268-ia3-mirror-activation-views/artifacts/payloads/26801_2_independent_diagonal_5_dense_upper.bin,0.000371709989849478,2.9372997232712805e-05,0,128,512
26801,2,independent_diagonal,6,no_view,1.0,3158,e5bb3cf3314dc24ab883dfa37a03f9eb1180c36cd81a8cdbecc702618b448121,experiments/mirror_applications/ma-268-ia3-mirror-activation-views/artifacts/payloads/26801_2_independent_diagonal_6_no_view.bin,0.0,2.1561005269177258e-05,0,128,512
26801,2,independent_diagonal,6,ia3,5.810125003335997e-07,3283,aa4efbe8817fa29ce10a4813f32b21292a043b0178e95dc3542c6f0c61138b5e,experiments/mirror_applications/ma-268-ia3-mirror-activation-views/artifacts/payloads/26801_2_independent_diagonal_6_ia3.bin,0.01758073399832938,2.6278998120687902e-05,100,128,512
26801,2,independent_diagonal,6,dense_upper,3.6581306517291523e-07,7262,f9305e2edf22ce623b64343fd3e0663a8ac6827e788768ddef143452ef24aa10,experiments/mirror_applications/ma-268-ia3-mirror-activation-views/artifacts/payloads/26801_2_independent_diagonal_6_dense_upper.bin,0.0002470559993525967,3.0053997761569917e-05,0,128,512
26801,2,independent_diagonal,7,no_view,1.0,3158,e5bb3cf3314dc24ab883dfa37a03f9eb1180c36cd81a8cdbecc702618b448121,experiments/mirror_applications/ma-268-ia3-mirror-activation-views/artifacts/payloads/26801_2_independent_diagonal_7_no_view.bin,0.0,1.9579005311243236e-05,0,128,512
26801,2,independent_diagonal,7,ia3,1.5378656144093839e-06,3283,e0f74534e7627eb2dbbb851eed4f83436ba53082f2feb05351ab60e4412ac62d,experiments/mirror_applications/ma-268-ia3-mirror-activation-views/artifacts/payloads/26801_2_independent_diagonal_7_ia3.bin,0.020626348006771877,2.763098746072501e-05,100,128,512
26801,2,independent_diagonal,7,dense_upper,3.9243315086423536e-07,7262,11221f99b385ef4c7598277b568cbc8a2e06432e3f82898ac915c9c73057d95a,experiments/mirror_applications/ma-268-ia3-mirror-activation-views/artifacts/payloads/26801_2_independent_diagonal_7_dense_upper.bin,0.00022770700161345303,3.259799268562347e-05,0,128,512
