world,seed,stratum,task,method,nrmse,payload_bytes,sha256,path,fit_seconds,apply_seconds,updates,support_examples,audit_examples
26810,0,aligned_rotation,0,no_view,1.0,3158,7e1bac81102d046da8ff79ab8b93e0ba97a731397c21142d56dbd5fc1e733cea,experiments/mirror_applications/ma-268-ia3-mirror-activation-views/artifacts/payloads/26810_0_aligned_rotation_0_no_view.bin,0.0,2.7119996957480907e-05,0,128,512
26810,0,aligned_rotation,0,mirror_givens,0.0,3167,645557281aa43d6d0ffb4039cb8fa975a4dbf4931b3188d64a1675ef5e76e34f,experiments/mirror_applications/ma-268-ia3-mirror-activation-views/artifacts/payloads/26810_0_aligned_rotation_0_mirror_givens.bin,0.03351460100384429,0.00010821099567692727,0,128,512
26810,0,aligned_rotation,0,ia3,0.09912646561861038,3283,185bfd53832dbf28d140985e0be9e1f2fceef293a568a8453edc25eecfe9594e,experiments/mirror_applications/ma-268-ia3-mirror-activation-views/artifacts/payloads/26810_0_aligned_rotation_0_ia3.bin,0.013672613000380807,4.385500506032258e-05,100,128,512
26810,0,aligned_rotation,0,dense_upper,6.906153089403233e-07,7262,d792c4e85a81046ced3f12e3677b81226ac9f2a3b0e4047e56bd6a9d8739060b,experiments/mirror_applications/ma-268-ia3-mirror-activation-views/artifacts/payloads/26810_0_aligned_rotation_0_dense_upper.bin,0.0006323050038190559,4.460499621927738e-05,0,128,512
26810,0,aligned_rotation,1,no_view,1.0,3158,7e1bac81102d046da8ff79ab8b93e0ba97a731397c21142d56dbd5fc1e733cea,experiments/mirror_applications/ma-268-ia3-mirror-activation-views/artifacts/payloads/26810_0_aligned_rotation_1_no_view.bin,0.0,8.837100176606327e-05,0,128,512
26810,0,aligned_rotation,1,mirror_givens,0.0,3167,8c268dd8399657aa46c7897025067ee1c1e2df46f57bd1575605f74081226d27,experiments/mirror_applications/ma-268-ia3-mirror-activation-views/artifacts/payloads/26810_0_aligned_rotation_1_mirror_givens.bin,0.03365558999939822,7.758500578347594e-05,0,128,512
26810,0,aligned_rotation,1,ia3,0.07415974140167236,3283,062e38010936628f9d31608ead52560d7fb68d4f4ca175bcca8aa2e3abba1bcd,experiments/mirror_applications/ma-268-ia3-mirror-activation-views/artifacts/payloads/26810_0_aligned_rotation_1_ia3.bin,0.012869245008914731,4.446500679478049e-05,100,128,512
26810,0,aligned_rotation,1,dense_upper,6.933762506378116e-07,7262,b57a2a31258e082daeb07eeb39af45c79d5ed312bf39c1f55499be0462d17ba3,experiments/mirror_applications/ma-268-ia3-mirror-activation-views/artifacts/payloads/26810_0_aligned_rotation_1_dense_upper.bin,0.00032418999762739986,4.175199137534946e-05,0,128,512
26810,0,aligned_rotation,2,no_view,1.0,3158,7e1bac81102d046da8ff79ab8b93e0ba97a731397c21142d56dbd5fc1e733cea,experiments/mirror_applications/ma-268-ia3-mirror-activation-views/artifacts/payloads/26810_0_aligned_rotation_2_no_view.bin,0.0,2.9803995857946575e-05,0,128,512
26810,0,aligned_rotation,2,mirror_givens,0.0,3167,7be342c80c00c14f3e505f496f01f721ee42c753152907c6d21cb00e52a06a51,experiments/mirror_applications/ma-268-ia3-mirror-activation-views/artifacts/payloads/26810_0_aligned_rotation_2_mirror_givens.bin,0.03455215599387884,8.138100383803248e-05,0,128,512
26810,0,aligned_rotation,2,ia3,0.045819539576768875,3283,b6fce59f212fc6809ded1949405b04ec0c0c01aa7c6b49c33713fe6aa0516b9e,experiments/mirror_applications/ma-268-ia3-mirror-activation-views/artifacts/payloads/26810_0_aligned_rotation_2_ia3.bin,0.014457404002314433,4.1642008000053465e-05,100,128,512
26810,0,aligned_rotation,2,dense_upper,7.180879038060084e-07,7262,5d15fef03f304c718a04a90533a6734488c927dfbd6a66108a41258a79713ea3,experiments/mirror_applications/ma-268-ia3-mirror-activation-views/artifacts/payloads/26810_0_aligned_rotation_2_dense_upper.bin,0.00032642298901919276,4.0350001654587686e-05,0,128,512
26810,0,aligned_rotation,3,no_view,1.0,3158,7e1bac81102d046da8ff79ab8b93e0ba97a731397c21142d56dbd5fc1e733cea,experiments/mirror_applications/ma-268-ia3-mirror-activation-views/artifacts/payloads/26810_0_aligned_rotation_3_no_view.bin,0.0,2.6349007384851575e-05,0,128,512
26810,0,aligned_rotation,3,mirror_givens,0.0,3167,d499b0148c2deeaef4f2dd212b019f3591bb5062478acea111022b37e6ceaa30,experiments/mirror_applications/ma-268-ia3-mirror-activation-views/artifacts/payloads/26810_0_aligned_rotation_3_mirror_givens.bin,0.03572391900524963,7.939701026771218e-05,0,128,512
26810,0,aligned_rotation,3,ia3,0.015466783195734024,3283,b3394ca043b9514bb1cc53e5ba0e1a6ee62325a4c439289ae4dded8641dd6b6c,experiments/mirror_applications/ma-268-ia3-mirror-activation-views/artifacts/payloads/26810_0_aligned_rotation_3_ia3.bin,0.011980911003774963,4.1651001083664596e-05,100,128,512
26810,0,aligned_rotation,3,dense_upper,7.194962563517038e-07,7262,bc429b34b266e657da7f03bca77eb54c68bb0f5ba9c5c328a99fcb90120ed437,experiments/mirror_applications/ma-268-ia3-mirror-activation-views/artifacts/payloads/26810_0_aligned_rotation_3_dense_upper.bin,0.00035031800507567823,4.076000186614692e-05,0,128,512
26810,0,aligned_rotation,4,no_view,1.0,3158,7e1bac81102d046da8ff79ab8b93e0ba97a731397c21142d56dbd5fc1e733cea,experiments/mirror_applications/ma-268-ia3-mirror-activation-views/artifacts/payloads/26810_0_aligned_rotation_4_no_view.bin,0.0,2.4505992769263685e-05,0,128,512
26810,0,aligned_rotation,4,mirror_givens,0.0,3167,0fa801ddc11750f30efa5e26625f5c89748b959b65f241acdfaddf21ee0a263e,experiments/mirror_applications/ma-268-ia3-mirror-activation-views/artifacts/payloads/26810_0_aligned_rotation_4_mirror_givens.bin,0.033690070995362476,8.458500087726861e-05,0,128,512
26810,0,aligned_rotation,4,ia3,0.015405216254293919,3283,87ca16eccf18b00785b79dc4804b135ca5e61b8cf4fa2480c8d210aa9bdd69ef,experiments/mirror_applications/ma-268-ia3-mirror-activation-views/artifacts/payloads/26810_0_aligned_rotation_4_ia3.bin,0.011681078001856804,4.276300023775548e-05,100,128,512
26810,0,aligned_rotation,4,dense_upper,7.399733021884458e-07,7262,9bc3c1c3bf3eb9b7340f82398d68b43b3bc80e6aa1b8885ec5651af00f604559,experiments/mirror_applications/ma-268-ia3-mirror-activation-views/artifacts/payloads/26810_0_aligned_rotation_4_dense_upper.bin,0.00035046800621785223,3.8897007470950484e-05,0,128,512
26810,0,aligned_rotation,5,no_view,1.0,3158,7e1bac81102d046da8ff79ab8b93e0ba97a731397c21142d56dbd5fc1e733cea,experiments/mirror_applications/ma-268-ia3-mirror-activation-views/artifacts/payloads/26810_0_aligned_rotation_5_no_view.bin,0.0,2.662900078576058e-05,0,128,512
26810,0,aligned_rotation,5,mirror_givens,0.0,3167,59bf1433bed167ac7e5d175e0aaffedd72370cc8bf8fbf92532de7843ced3c70,experiments/mirror_applications/ma-268-ia3-mirror-activation-views/artifacts/payloads/26810_0_aligned_rotation_5_mirror_givens.bin,0.034252181998454034,7.367900980170816e-05,0,128,512
26810,0,aligned_rotation,5,ia3,0.04528634622693062,3283,612ffc44c345ba217e581326374bceb6e16a1f9590aebc36630177910b9142dd,experiments/mirror_applications/ma-268-ia3-mirror-activation-views/artifacts/payloads/26810_0_aligned_rotation_5_ia3.bin,0.012376266007777303,4.1041013901121914e-05,100,128,512
26810,0,aligned_rotation,5,dense_upper,7.235476573441701e-07,7262,7090763f50bab69a1055d64753263ab792149177401284536f3375ab04ade0b6,experiments/mirror_applications/ma-268-ia3-mirror-activation-views/artifacts/payloads/26810_0_aligned_rotation_5_dense_upper.bin,0.00035640700662042946,4.0309998439624906e-05,0,128,512
26810,0,aligned_rotation,6,no_view,1.0,3158,7e1bac81102d046da8ff79ab8b93e0ba97a731397c21142d56dbd5fc1e733cea,experiments/mirror_applications/ma-268-ia3-mirror-activation-views/artifacts/payloads/26810_0_aligned_rotation_6_no_view.bin,0.0,3.0174996936693788e-05,0,128,512
26810,0,aligned_rotation,6,mirror_givens,0.0,3167,7e2c7720add388b0601ff669c92d1c3eb44f4615c753556baf8206403fafe4c1,experiments/mirror_applications/ma-268-ia3-mirror-activation-views/artifacts/payloads/26810_0_aligned_rotation_6_mirror_givens.bin,0.033336136999423616,7.685400487389416e-05,0,128,512
26810,0,aligned_rotation,6,ia3,0.07279758900403976,3283,91b3490da02e4376153b3df44abcc41d147a1943f072af9858ef8cef39e16eb8,experiments/mirror_applications/ma-268-ia3-mirror-activation-views/artifacts/payloads/26810_0_aligned_rotation_6_ia3.bin,0.011876196003868245,4.1270992369391024e-05,100,128,512
26810,0,aligned_rotation,6,dense_upper,7.219572353278636e-07,7262,aae5a40dd69bf77de39897f7d3f685d0faad491c3f57a72bec5e839ec9969bb5,experiments/mirror_applications/ma-268-ia3-mirror-activation-views/artifacts/payloads/26810_0_aligned_rotation_6_dense_upper.bin,0.00031056000443641096,4.390500544104725e-05,0,128,512
26810,0,aligned_rotation,7,no_view,1.0,3158,7e1bac81102d046da8ff79ab8b93e0ba97a731397c21142d56dbd5fc1e733cea,experiments/mirror_applications/ma-268-ia3-mirror-activation-views/artifacts/payloads/26810_0_aligned_rotation_7_no_view.bin,0.0,2.6619003619998693e-05,0,128,512
26810,0,aligned_rotation,7,mirror_givens,4.947631992990864e-08,3167,1dfce3713477dfa13702d70a5f82e1be8389eda0d73683b879c4922e5201a00c,experiments/mirror_applications/ma-268-ia3-mirror-activation-views/artifacts/payloads/26810_0_aligned_rotation_7_mirror_givens.bin,0.03421257399895694,8.412500028498471e-05,0,128,512
26810,0,aligned_rotation,7,ia3,0.09677211940288544,3283,79f76c8110799b5c1a8f03b7c91a42644ed8e10c9255411c61358b98e7065371,experiments/mirror_applications/ma-268-ia3-mirror-activation-views/artifacts/payloads/26810_0_aligned_rotation_7_ia3.bin,0.011477295993245207,0.00019945499661844224,100,128,512
26810,0,aligned_rotation,7,dense_upper,7.004462645454623e-07,7262,cf6168dcf60980a835d3170de74e4ddd9f351975453c832e2a16d1a40ac0bc47,experiments/mirror_applications/ma-268-ia3-mirror-activation-views/artifacts/payloads/26810_0_aligned_rotation_7_dense_upper.bin,0.00035523599945008755,4.180199175607413e-05,0,128,512
26810,0,independent_diagonal,0,no_view,1.0,3158,7e1bac81102d046da8ff79ab8b93e0ba97a731397c21142d56dbd5fc1e733cea,experiments/mirror_applications/ma-268-ia3-mirror-activation-views/artifacts/payloads/26810_0_independent_diagonal_0_no_view.bin,0.0,2.869300078600645e-05,0,128,512
26810,0,independent_diagonal,0,ia3,1.7078349401344894e-06,3283,f6f3f4eaa15e1f0bacf5c6fa2665de142b3d6758574e9bc4fc17c5ad5f1645ec,experiments/mirror_applications/ma-268-ia3-mirror-activation-views/artifacts/payloads/26810_0_independent_diagonal_0_ia3.bin,0.018550958993728273,3.3629999961704016e-05,100,128,512
26810,0,independent_diagonal,0,dense_upper,6.869281037324981e-07,7262,69fa36d24d0a282fbe94cc268e5c429e3508f120e2dadf31f30c2d9b37502098,experiments/mirror_applications/ma-268-ia3-mirror-activation-views/artifacts/payloads/26810_0_independent_diagonal_0_dense_upper.bin,0.0002605460031190887,4.060000355821103e-05,0,128,512
26810,0,independent_diagonal,1,no_view,1.0,3158,7e1bac81102d046da8ff79ab8b93e0ba97a731397c21142d56dbd5fc1e733cea,experiments/mirror_applications/ma-268-ia3-mirror-activation-views/artifacts/payloads/26810_0_independent_diagonal_1_no_view.bin,0.0,2.5026994990184903e-05,0,128,512
26810,0,independent_diagonal,1,ia3,9.878625633064075e-07,3283,fe0438141d301b9c1cb621c0d13c75e1a6f818977c1000cc4ac492509893204f,experiments/mirror_applications/ma-268-ia3-mirror-activation-views/artifacts/payloads/26810_0_independent_diagonal_1_ia3.bin,0.018935167012386955,3.0415001674555242e-05,100,128,512
26810,0,independent_diagonal,1,dense_upper,6.992296448515845e-07,7262,500ba4b8ef3fe64eb334d6e61178623cc9b034ed6d77b20fefa94ea269bcb681,experiments/mirror_applications/ma-268-ia3-mirror-activation-views/artifacts/payloads/26810_0_independent_diagonal_1_dense_upper.bin,0.0003368480101926252,4.076999903190881e-05,0,128,512
26810,0,independent_diagonal,2,no_view,1.0,3158,7e1bac81102d046da8ff79ab8b93e0ba97a731397c21142d56dbd5fc1e733cea,experiments/mirror_applications/ma-268-ia3-mirror-activation-views/artifacts/payloads/26810_0_independent_diagonal_2_no_view.bin,0.0,2.4064996978268027e-05,0,128,512
26810,0,independent_diagonal,2,ia3,1.1219284488106496e-06,3283,17003fafa92ac93909a2eca8a35a2dfdf5d0dfecbdfa7dda27f165fa6746afc9,experiments/mirror_applications/ma-268-ia3-mirror-activation-views/artifacts/payloads/26810_0_independent_diagonal_2_ia3.bin,0.021260034991428256,3.534200368449092e-05,100,128,512
26810,0,independent_diagonal,2,dense_upper,7.023879220469098e-07,7262,44aee72f055f4cff741987894d7177558d8a84022a1de99c2bc3d0fa50e2ed21,experiments/mirror_applications/ma-268-ia3-mirror-activation-views/artifacts/payloads/26810_0_independent_diagonal_2_dense_upper.bin,0.0002911409974331036,4.1902007069438696e-05,0,128,512
26810,0,independent_diagonal,3,no_view,1.0,3158,7e1bac81102d046da8ff79ab8b93e0ba97a731397c21142d56dbd5fc1e733cea,experiments/mirror_applications/ma-268-ia3-mirror-activation-views/artifacts/payloads/26810_0_independent_diagonal_3_no_view.bin,0.0,3.115599974989891e-05,0,128,512
26810,0,independent_diagonal,3,ia3,1.2133943982917117e-06,3283,3fea2e3bb97cd47220188037ad08c3a85033c59f5ccdadb44c307492c5122912,experiments/mirror_applications/ma-268-ia3-mirror-activation-views/artifacts/payloads/26810_0_independent_diagonal_3_ia3.bin,0.019943969004089013,3.5232005757279694e-05,100,128,512
26810,0,independent_diagonal,3,dense_upper,7.113516176104895e-07,7262,66b85c43d2cd1d1dbb4fbc9779c9fffc48169fb2dfc55527bd427d34602ef1ad,experiments/mirror_applications/ma-268-ia3-mirror-activation-views/artifacts/payloads/26810_0_independent_diagonal_3_dense_upper.bin,0.0002610259980428964,0.0002772900043055415,0,128,512
26810,0,independent_diagonal,4,no_view,1.0,3158,7e1bac81102d046da8ff79ab8b93e0ba97a731397c21142d56dbd5fc1e733cea,experiments/mirror_applications/ma-268-ia3-mirror-activation-views/artifacts/payloads/26810_0_independent_diagonal_4_no_view.bin,0.0,2.8712005587294698e-05,0,128,512
26810,0,independent_diagonal,4,ia3,1.4551648064298206e-06,3283,bc928c27eb6721faf844db9a98e68adc5474c98252ce2255b184b9ee312e69d4,experiments/mirror_applications/ma-268-ia3-mirror-activation-views/artifacts/payloads/26810_0_independent_diagonal_4_ia3.bin,0.021454253001138568,3.2518000807613134e-05,100,128,512
26810,0,independent_diagonal,4,dense_upper,6.96409529155062e-07,7262,b647433c2386f28e89a0a24469525600472abfbfe86ea4cdf076b3030450e638,experiments/mirror_applications/ma-268-ia3-mirror-activation-views/artifacts/payloads/26810_0_independent_diagonal_4_dense_upper.bin,0.0002677160082384944,3.9399004890583456e-05,0,128,512
26810,0,independent_diagonal,5,no_view,1.0,3158,7e1bac81102d046da8ff79ab8b93e0ba97a731397c21142d56dbd5fc1e733cea,experiments/mirror_applications/ma-268-ia3-mirror-activation-views/artifacts/payloads/26810_0_independent_diagonal_5_no_view.bin,0.0,2.348500129301101e-05,0,128,512
26810,0,independent_diagonal,5,ia3,1.2083283991159988e-06,3283,ab3dea4d7d6c40902b262b87e2e698c5f86268bd064cbdb532fbddb36a173f77,experiments/mirror_applications/ma-268-ia3-mirror-activation-views/artifacts/payloads/26810_0_independent_diagonal_5_ia3.bin,0.017883790991618298,3.39499965775758e-05,100,128,512
26810,0,independent_diagonal,5,dense_upper,6.863730277473223e-07,7262,d9f3c7ca7512c0f19cd6a1d865c3ec82a6ae4de3b7d469f61fcaaff0aa1835a3,experiments/mirror_applications/ma-268-ia3-mirror-activation-views/artifacts/payloads/26810_0_independent_diagonal_5_dense_upper.bin,0.0003323820128571242,3.9036996895447373e-05,0,128,512
26810,0,independent_diagonal,6,no_view,1.0,3158,7e1bac81102d046da8ff79ab8b93e0ba97a731397c21142d56dbd5fc1e733cea,experiments/mirror_applications/ma-268-ia3-mirror-activation-views/artifacts/payloads/26810_0_independent_diagonal_6_no_view.bin,0.0,2.650899114087224e-05,0,128,512
26810,0,independent_diagonal,6,ia3,1.5912363551251474e-06,3283,1e3e0563729b355700087061f42618233d785fa90d243b11cf6facfdcd893c75,experiments/mirror_applications/ma-268-ia3-mirror-activation-views/artifacts/payloads/26810_0_independent_diagonal_6_ia3.bin,0.01944464100233745,3.430999640841037e-05,100,128,512
26810,0,independent_diagonal,6,dense_upper,7.076149017848365e-07,7262,0cae25f5e4b18f246619d0569a2db3546209fcf6a326c1f8ea32662a67fb51aa,experiments/mirror_applications/ma-268-ia3-mirror-activation-views/artifacts/payloads/26810_0_independent_diagonal_6_dense_upper.bin,0.000324350010487251,4.184200952295214e-05,0,128,512
26810,0,independent_diagonal,7,no_view,1.0,3158,7e1bac81102d046da8ff79ab8b93e0ba97a731397c21142d56dbd5fc1e733cea,experiments/mirror_applications/ma-268-ia3-mirror-activation-views/artifacts/payloads/26810_0_independent_diagonal_7_no_view.bin,0.0,2.237300213892013e-05,0,128,512
26810,0,independent_diagonal,7,ia3,1.357338078378234e-06,3283,8edc0ddc02e939c0741489e658abf82990096a0e5583f18b4842d416b09f7fd5,experiments/mirror_applications/ma-268-ia3-mirror-activation-views/artifacts/payloads/26810_0_independent_diagonal_7_ia3.bin,0.020983527007047087,6.22020015725866e-05,100,128,512
26810,0,independent_diagonal,7,dense_upper,7.067828846629709e-07,7262,66b9e25c56e10f78a76fee01b4dcfa8410d4fa1ef6752b75eb8b31eb3c832ade,experiments/mirror_applications/ma-268-ia3-mirror-activation-views/artifacts/payloads/26810_0_independent_diagonal_7_dense_upper.bin,0.0003095279971603304,4.3024003389291465e-05,0,128,512
26810,1,aligned_rotation,0,no_view,1.0,3158,86924a8328d3c8a825db9ef4d10f1772dcd543f40d2a2af4c035d0da391a9567,experiments/mirror_applications/ma-268-ia3-mirror-activation-views/artifacts/payloads/26810_1_aligned_rotation_0_no_view.bin,0.0,2.8983005904592574e-05,0,128,512
26810,1,aligned_rotation,0,mirror_givens,0.0,3167,cd5e706205fdae8fc1215388492dfb00916a8d48c696a5ca9dd507b9bcf6b334,experiments/mirror_applications/ma-268-ia3-mirror-activation-views/artifacts/payloads/26810_1_aligned_rotation_0_mirror_givens.bin,0.03338516999792773,7.743500464130193e-05,0,128,512
26810,1,aligned_rotation,0,ia3,0.08782369643449783,3283,c4f383bf0e544f9eb47a84fee10dd4ead949e21d7ceafb52f12cc6fd4051347a,experiments/mirror_applications/ma-268-ia3-mirror-activation-views/artifacts/payloads/26810_1_aligned_rotation_0_ia3.bin,0.011018987002898939,7.20959942555055e-05,100,128,512
26810,1,aligned_rotation,0,dense_upper,4.350186486590246e-07,7262,b9c718d79755612696845c53d17c7e25acc7d74c23dae9d124c10be872bb2493,experiments/mirror_applications/ma-268-ia3-mirror-activation-views/artifacts/payloads/26810_1_aligned_rotation_0_dense_upper.bin,0.0004475920140976086,4.1530991438776255e-05,0,128,512
26810,1,aligned_rotation,1,no_view,1.0,3158,86924a8328d3c8a825db9ef4d10f1772dcd543f40d2a2af4c035d0da391a9567,experiments/mirror_applications/ma-268-ia3-mirror-activation-views/artifacts/payloads/26810_1_aligned_rotation_1_no_view.bin,0.0,3.0224997317418456e-05,0,128,512
26810,1,aligned_rotation,1,mirror_givens,0.0,3167,fb652668edac44308417dfa98292042d6b3516ea0f11218918de0fb63373ac84,experiments/mirror_applications/ma-268-ia3-mirror-activation-views/artifacts/payloads/26810_1_aligned_rotation_1_mirror_givens.bin,0.0316164030082291,7.777499558869749e-05,0,128,512
26810,1,aligned_rotation,1,ia3,0.06498712301254272,3283,f0b4e2593c8eab7bb3385010427bd59bb0b7907e7c364065aefe7eee4ddd7fdb,experiments/mirror_applications/ma-268-ia3-mirror-activation-views/artifacts/payloads/26810_1_aligned_rotation_1_ia3.bin,0.012775164999766275,7.088499842211604e-05,100,128,512
26810,1,aligned_rotation,1,dense_upper,4.6021438038224005e-07,7262,335e09077960efd2d9fc5d51f292a33b81c107b9f595fcbc9910142451ebc9b1,experiments/mirror_applications/ma-268-ia3-mirror-activation-views/artifacts/payloads/26810_1_aligned_rotation_1_dense_upper.bin,0.00037394299579318613,4.050999996252358e-05,0,128,512
26810,1,aligned_rotation,2,no_view,1.0,3158,86924a8328d3c8a825db9ef4d10f1772dcd543f40d2a2af4c035d0da391a9567,experiments/mirror_applications/ma-268-ia3-mirror-activation-views/artifacts/payloads/26810_1_aligned_rotation_2_no_view.bin,0.0,2.77110084425658e-05,0,128,512
26810,1,aligned_rotation,2,mirror_givens,0.0,3167,578f21fd6c094868b5092f711a4da47b227e608e87349d1e6101428b57692b66,experiments/mirror_applications/ma-268-ia3-mirror-activation-views/artifacts/payloads/26810_1_aligned_rotation_2_mirror_givens.bin,0.03423608699813485,8.825099212117493e-05,0,128,512
26810,1,aligned_rotation,2,ia3,0.039919622242450714,3283,55d2e2f50842e94a2bbc80629b500b23c3924e5eff715c663ea1c9ad5c0609b3,experiments/mirror_applications/ma-268-ia3-mirror-activation-views/artifacts/payloads/26810_1_aligned_rotation_2_ia3.bin,0.0105287829937879,4.1040999349206686e-05,100,128,512
26810,1,aligned_rotation,2,dense_upper,4.188019886441907e-07,7262,f51cd6df6efe401241e45e871d8470e97bce4e34d12285f08c1c954d80cf9722,experiments/mirror_applications/ma-268-ia3-mirror-activation-views/artifacts/payloads/26810_1_aligned_rotation_2_dense_upper.bin,0.00034093399881385267,3.825699968729168e-05,0,128,512
26810,1,aligned_rotation,3,no_view,1.0,3158,86924a8328d3c8a825db9ef4d10f1772dcd543f40d2a2af4c035d0da391a9567,experiments/mirror_applications/ma-268-ia3-mirror-activation-views/artifacts/payloads/26810_1_aligned_rotation_3_no_view.bin,0.0,2.4635999579913914e-05,0,128,512
26810,1,aligned_rotation,3,mirror_givens,2.04519139401782e-08,3167,97f40503b4063482dc8bc97bc8633f6d46c2e9ee49780bc6945d61cb304a75f0,experiments/mirror_applications/ma-268-ia3-mirror-activation-views/artifacts/payloads/26810_1_aligned_rotation_3_mirror_givens.bin,0.03352422500029206,0.00010832000407390296,0,128,512
26810,1,aligned_rotation,3,ia3,0.013471308164298534,3283,0df529ab900b7563b1d70ce6adb534a7c18bd4224e94bee4bff35990f50b61df,experiments/mirror_applications/ma-268-ia3-mirror-activation-views/artifacts/payloads/26810_1_aligned_rotation_3_ia3.bin,0.009284441999625415,4.2482002754695714e-05,100,128,512
26810,1,aligned_rotation,3,dense_upper,4.0159767422665027e-07,7262,38ee8e108c67079549aeb83f115abc4fdf19f5ddc86304810f0df3b40746c13c,experiments/mirror_applications/ma-268-ia3-mirror-activation-views/artifacts/payloads/26810_1_aligned_rotation_3_dense_upper.bin,0.0003343940043123439,4.0750004700385034e-05,0,128,512
26810,1,aligned_rotation,4,no_view,1.0,3158,86924a8328d3c8a825db9ef4d10f1772dcd543f40d2a2af4c035d0da391a9567,experiments/mirror_applications/ma-268-ia3-mirror-activation-views/artifacts/payloads/26810_1_aligned_rotation_4_no_view.bin,0.0,2.6639012503437698e-05,0,128,512
26810,1,aligned_rotation,4,mirror_givens,0.0,3167,c22e8c5f242f510d9d729273d84d0a292c09b41a4d32e6079d8c1b61ec1fd1bf,experiments/mirror_applications/ma-268-ia3-mirror-activation-views/artifacts/payloads/26810_1_aligned_rotation_4_mirror_givens.bin,0.03434073300741147,8.175100083462894e-05,0,128,512
26810,1,aligned_rotation,4,ia3,0.013488590717315674,3283,b5463faed46f74b4f4c00749f9cf524b97dd62f0ec56f6907d6b3a479626680c,experiments/mirror_applications/ma-268-ia3-mirror-activation-views/artifacts/payloads/26810_1_aligned_rotation_4_ia3.bin,0.01491410899325274,4.142100806348026e-05,100,128,512
26810,1,aligned_rotation,4,dense_upper,4.048378343668446e-07,7262,234e2c4bebdae49d3135d881ba5fc632fb61ed699ab75e3c20b6dbddd8c60bbb,experiments/mirror_applications/ma-268-ia3-mirror-activation-views/artifacts/payloads/26810_1_aligned_rotation_4_dense_upper.bin,0.00033480499405413866,3.89079941669479e-05,0,128,512
26810,1,aligned_rotation,5,no_view,1.0,3158,86924a8328d3c8a825db9ef4d10f1772dcd543f40d2a2af4c035d0da391a9567,experiments/mirror_applications/ma-268-ia3-mirror-activation-views/artifacts/payloads/26810_1_aligned_rotation_5_no_view.bin,0.0,2.7911999495700002e-05,0,128,512
26810,1,aligned_rotation,5,mirror_givens,0.0,3167,be2b1ca606ac56f6773f0245629d9fd5c0657ae1edabcad2bb963aaa1237b51e,experiments/mirror_applications/ma-268-ia3-mirror-activation-views/artifacts/payloads/26810_1_aligned_rotation_5_mirror_givens.bin,0.032181980001041666,8.193100802600384e-05,0,128,512
26810,1,aligned_rotation,5,ia3,0.040067803114652634,3283,48438653f1ca49bfbb91292b84c6aae53f9932c32b69b9d0684204e07b2b3858,experiments/mirror_applications/ma-268-ia3-mirror-activation-views/artifacts/payloads/26810_1_aligned_rotation_5_ia3.bin,0.011036544005037285,4.139098746236414e-05,100,128,512
26810,1,aligned_rotation,5,dense_upper,4.321771314153011e-07,7262,5e9ef4b88deae0210eddcc134d7ed34ef759d9a6789bdf2aafe8c712f48567d5,experiments/mirror_applications/ma-268-ia3-mirror-activation-views/artifacts/payloads/26810_1_aligned_rotation_5_dense_upper.bin,0.000322987005347386,4.125099803786725e-05,0,128,512
26810,1,aligned_rotation,6,no_view,1.0,3158,86924a8328d3c8a825db9ef4d10f1772dcd543f40d2a2af4c035d0da391a9567,experiments/mirror_applications/ma-268-ia3-mirror-activation-views/artifacts/payloads/26810_1_aligned_rotation_6_no_view.bin,0.0,3.099600144196302e-05,0,128,512
26810,1,aligned_rotation,6,mirror_givens,0.0,3167,037b8fbad5b15427aa5c7c6da9f7d8959d99947c0919c04755ae1189e61ecabb,experiments/mirror_applications/ma-268-ia3-mirror-activation-views/artifacts/payloads/26810_1_aligned_rotation_6_mirror_givens.bin,0.03303462099574972,8.685799548402429e-05,0,128,512
26810,1,aligned_rotation,6,ia3,0.06536082923412323,3283,6c73f5cf75a8fc5832ec47da88d10f45106e16d19623e539c51c17a734c31e64,experiments/mirror_applications/ma-268-ia3-mirror-activation-views/artifacts/payloads/26810_1_aligned_rotation_6_ia3.bin,0.01418760500382632,4.317400453146547e-05,100,128,512
26810,1,aligned_rotation,6,dense_upper,4.2126953303522896e-07,7262,0da5c312e2ecaf161a38329370b887187a3646fa23aba31366d0882c19968128,experiments/mirror_applications/ma-268-ia3-mirror-activation-views/artifacts/payloads/26810_1_aligned_rotation_6_dense_upper.bin,0.000342715997248888,4.075099423062056e-05,0,128,512
26810,1,aligned_rotation,7,no_view,1.0,3158,86924a8328d3c8a825db9ef4d10f1772dcd543f40d2a2af4c035d0da391a9567,experiments/mirror_applications/ma-268-ia3-mirror-activation-views/artifacts/payloads/26810_1_aligned_rotation_7_no_view.bin,0.0,2.7300004148855805e-05,0,128,512
26810,1,aligned_rotation,7,mirror_givens,5.074224063150723e-08,3167,01390f967024444ca24a4bdf14cc2d36f6ea38df7f90c0638d8fe7e290214a0b,experiments/mirror_applications/ma-268-ia3-mirror-activation-views/artifacts/payloads/26810_1_aligned_rotation_7_mirror_givens.bin,0.03473132100771181,7.743400055915117e-05,0,128,512
26810,1,aligned_rotation,7,ia3,0.08845201879739761,3283,0d9f089e2e08dbbc870aa88e6fd459f5862c2a35b40315035e6a3da9992cb2a6,experiments/mirror_applications/ma-268-ia3-mirror-activation-views/artifacts/payloads/26810_1_aligned_rotation_7_ia3.bin,0.010928915013209917,4.588800948113203e-05,100,128,512
26810,1,aligned_rotation,7,dense_upper,3.956657224080118e-07,7262,79940b8a4b47b66716d01d4f0b67b584998ff06cce5c2d35cdde2f5c4f4ac020,experiments/mirror_applications/ma-268-ia3-mirror-activation-views/artifacts/payloads/26810_1_aligned_rotation_7_dense_upper.bin,0.0003652400046121329,4.110099689569324e-05,0,128,512
26810,1,independent_diagonal,0,no_view,1.0,3158,86924a8328d3c8a825db9ef4d10f1772dcd543f40d2a2af4c035d0da391a9567,experiments/mirror_applications/ma-268-ia3-mirror-activation-views/artifacts/payloads/26810_1_independent_diagonal_0_no_view.bin,0.0,2.732999564614147e-05,0,128,512
26810,1,independent_diagonal,0,ia3,8.002501203918655e-07,3283,98e883c5511a0c3dc44838e4b9bfa4225aa14850976887c865900807f5e4991e,experiments/mirror_applications/ma-268-ia3-mirror-activation-views/artifacts/payloads/26810_1_independent_diagonal_0_ia3.bin,0.017332996998447925,3.498198930174112e-05,100,128,512
26810,1,independent_diagonal,0,dense_upper,5.005442176297947e-07,7262,e829f05a750bf89f8aa0b135073013969113f0151eafea4236baa4519298b281,experiments/mirror_applications/ma-268-ia3-mirror-activation-views/artifacts/payloads/26810_1_independent_diagonal_0_dense_upper.bin,0.00034799499553628266,4.29740030085668e-05,0,128,512
26810,1,independent_diagonal,1,no_view,1.0,3158,86924a8328d3c8a825db9ef4d10f1772dcd543f40d2a2af4c035d0da391a9567,experiments/mirror_applications/ma-268-ia3-mirror-activation-views/artifacts/payloads/26810_1_independent_diagonal_1_no_view.bin,0.0,3.050500527024269e-05,0,128,512
26810,1,independent_diagonal,1,ia3,1.1745930805773241e-06,3283,fc668f4430d8533a92e383263bb3c873d648c041297cad28092b655ef56781f9,experiments/mirror_applications/ma-268-ia3-mirror-activation-views/artifacts/payloads/26810_1_independent_diagonal_1_ia3.bin,0.01918958300666418,2.9183007427491248e-05,100,128,512
26810,1,independent_diagonal,1,dense_upper,4.5864149456065206e-07,7262,6c1d413053814351b5e07422f3fb0f85754dad30c726644007f902c3323c5e9a,experiments/mirror_applications/ma-268-ia3-mirror-activation-views/artifacts/payloads/26810_1_independent_diagonal_1_dense_upper.bin,0.0005704140057787299,4.744000034406781e-05,0,128,512
26810,1,independent_diagonal,2,no_view,1.0,3158,86924a8328d3c8a825db9ef4d10f1772dcd543f40d2a2af4c035d0da391a9567,experiments/mirror_applications/ma-268-ia3-mirror-activation-views/artifacts/payloads/26810_1_independent_diagonal_2_no_view.bin,0.0,0.0001281889999518171,0,128,512
26810,1,independent_diagonal,2,ia3,1.000728047984012e-06,3283,4011374a784d5a9c228874ef006f366e5532c6ade6ec1cd44bb5a920013b7bff,experiments/mirror_applications/ma-268-ia3-mirror-activation-views/artifacts/payloads/26810_1_independent_diagonal_2_ia3.bin,0.018354999003349803,3.226799890398979e-05,100,128,512
26810,1,independent_diagonal,2,dense_upper,4.907690254185582e-07,7262,6476ae15dcd19865f06b9a7c4b07e1541c8f2c0311646ab0fa350d2232ad531c,experiments/mirror_applications/ma-268-ia3-mirror-activation-views/artifacts/payloads/26810_1_independent_diagonal_2_dense_upper.bin,0.0003286360006313771,4.31039952673018e-05,0,128,512
26810,1,independent_diagonal,3,no_view,1.0,3158,86924a8328d3c8a825db9ef4d10f1772dcd543f40d2a2af4c035d0da391a9567,experiments/mirror_applications/ma-268-ia3-mirror-activation-views/artifacts/payloads/26810_1_independent_diagonal_3_no_view.bin,0.0,2.6038993382826447e-05,0,128,512
26810,1,independent_diagonal,3,ia3,6.406252168744686e-07,3283,737cf416eb946f01a7d76fe85c4fa27e2f5d859b4cb4a8b1b5ffd9bb515a5632,experiments/mirror_applications/ma-268-ia3-mirror-activation-views/artifacts/payloads/26810_1_independent_diagonal_3_ia3.bin,0.015533265002886765,3.3639997127465904e-05,100,128,512
26810,1,independent_diagonal,3,dense_upper,5.155999929229438e-07,7262,41d91dc6fcfd812a7538370982198e2189338abbc06ba53bfcc2761031973ffe,experiments/mirror_applications/ma-268-ia3-mirror-activation-views/artifacts/payloads/26810_1_independent_diagonal_3_dense_upper.bin,0.00031117998878471553,6.602800567634404e-05,0,128,512
26810,1,independent_diagonal,4,no_view,1.0,3158,86924a8328d3c8a825db9ef4d10f1772dcd543f40d2a2af4c035d0da391a9567,experiments/mirror_applications/ma-268-ia3-mirror-activation-views/artifacts/payloads/26810_1_independent_diagonal_4_no_view.bin,0.0,2.5999004719778895e-05,0,128,512
26810,1,independent_diagonal,4,ia3,1.0215310339845018e-06,3283,3a0167a03c6f6d57da265621d394d70a3c65823023c2c20a7cf2fd3c943edf1e,experiments/mirror_applications/ma-268-ia3-mirror-activation-views/artifacts/payloads/26810_1_independent_diagonal_4_ia3.bin,0.0175038800080074,3.3208998502232134e-05,100,128,512
26810,1,independent_diagonal,4,dense_upper,4.996740585738735e-07,7262,1a8695a13727a5b14583ccd5e9dae0cb9736e4de2cb93387492cbb2d8bd042ca,experiments/mirror_applications/ma-268-ia3-mirror-activation-views/artifacts/payloads/26810_1_independent_diagonal_4_dense_upper.bin,0.0002855720085790381,4.017900209873915e-05,0,128,512
26810,1,independent_diagonal,5,no_view,1.0,3158,86924a8328d3c8a825db9ef4d10f1772dcd543f40d2a2af4c035d0da391a9567,experiments/mirror_applications/ma-268-ia3-mirror-activation-views/artifacts/payloads/26810_1_independent_diagonal_5_no_view.bin,0.0,2.6448993594385684e-05,0,128,512
26810,1,independent_diagonal,5,ia3,5.372822897697915e-07,3283,1202e6e6cde27cea81cd4084043b7a3ac9a13cd98e2172bc940664e4f202db86,experiments/mirror_applications/ma-268-ia3-mirror-activation-views/artifacts/payloads/26810_1_independent_diagonal_5_ia3.bin,0.016065212010289542,3.0664989026263356e-05,100,128,512
26810,1,independent_diagonal,5,dense_upper,5.063509433966829e-07,7262,bab2893a911595637fd6dcf13798935fc8b6611593f9f504a4a6013944d68382,experiments/mirror_applications/ma-268-ia3-mirror-activation-views/artifacts/payloads/26810_1_independent_diagonal_5_dense_upper.bin,0.00026832699950318784,7.290799112524837e-05,0,128,512
26810,1,independent_diagonal,6,no_view,1.0,3158,86924a8328d3c8a825db9ef4d10f1772dcd543f40d2a2af4c035d0da391a9567,experiments/mirror_applications/ma-268-ia3-mirror-activation-views/artifacts/payloads/26810_1_independent_diagonal_6_no_view.bin,0.0,2.6327994419261813e-05,0,128,512
26810,1,independent_diagonal,6,ia3,1.2481500561989378e-06,3283,8f01b723bceebe003dce89eb79c701ba65fe38d692cb303b6cf65cb0469d0f6e,experiments/mirror_applications/ma-268-ia3-mirror-activation-views/artifacts/payloads/26810_1_independent_diagonal_6_ia3.bin,0.017693831003271043,3.617299080360681e-05,100,128,512
26810,1,independent_diagonal,6,dense_upper,4.935409378958866e-07,7262,440c7a8e71575ec8c8f4632792061ddb451ddb34dbd52f63f6b934d708c04b9c,experiments/mirror_applications/ma-268-ia3-mirror-activation-views/artifacts/payloads/26810_1_independent_diagonal_6_dense_upper.bin,0.0002996239927597344,4.352400719653815e-05,0,128,512
26810,1,independent_diagonal,7,no_view,1.0,3158,86924a8328d3c8a825db9ef4d10f1772dcd543f40d2a2af4c035d0da391a9567,experiments/mirror_applications/ma-268-ia3-mirror-activation-views/artifacts/payloads/26810_1_independent_diagonal_7_no_view.bin,0.0,2.611799573060125e-05,0,128,512
26810,1,independent_diagonal,7,ia3,1.3576470792031614e-06,3283,27fba819e4c602ef3cfc73cf38689acb71c4775ce83cece3c4eabedb4b3d74aa,experiments/mirror_applications/ma-268-ia3-mirror-activation-views/artifacts/payloads/26810_1_independent_diagonal_7_ia3.bin,0.019657506010844372,3.033500979654491e-05,100,128,512
26810,1,independent_diagonal,7,dense_upper,5.096050585962075e-07,7262,9716d33d267c897879adb592c502be483379d7dc2d838125c22e9cb949067edd,experiments/mirror_applications/ma-268-ia3-mirror-activation-views/artifacts/payloads/26810_1_independent_diagonal_7_dense_upper.bin,0.00028143600502517074,4.7169000026769936e-05,0,128,512
26810,2,aligned_rotation,0,no_view,1.0,3158,ba21f7d6963807c413e84698fd3c59b8f3cb4d75d708e2236562f6f2edc3d69a,experiments/mirror_applications/ma-268-ia3-mirror-activation-views/artifacts/payloads/26810_2_aligned_rotation_0_no_view.bin,0.0,2.823199611157179e-05,0,128,512
26810,2,aligned_rotation,0,mirror_givens,0.0,3167,824e07e9137cacf23978d683cc78ed96b8166de6c8aaa6504730c140c0db3ee6,experiments/mirror_applications/ma-268-ia3-mirror-activation-views/artifacts/payloads/26810_2_aligned_rotation_0_mirror_givens.bin,0.03455620199383702,7.499099592678249e-05,0,128,512
26810,2,aligned_rotation,0,ia3,0.11532942950725555,3283,e9a214b777fd50cbc316f2482e4abf720c5f5aed96aec96c3a534bf037c34fe8,experiments/mirror_applications/ma-268-ia3-mirror-activation-views/artifacts/payloads/26810_2_aligned_rotation_0_ia3.bin,0.00997761799953878,4.112099122721702e-05,100,128,512
26810,2,aligned_rotation,0,dense_upper,3.812556883531215e-07,7262,403feb8ddf0c203062f24dfcddfaae7b745ce41cf9cb0942a5082d722e8e5244,experiments/mirror_applications/ma-268-ia3-mirror-activation-views/artifacts/payloads/26810_2_aligned_rotation_0_dense_upper.bin,0.000328255002386868,3.971900150645524e-05,0,128,512
26810,2,aligned_rotation,1,no_view,1.0,3158,ba21f7d6963807c413e84698fd3c59b8f3cb4d75d708e2236562f6f2edc3d69a,experiments/mirror_applications/ma-268-ia3-mirror-activation-views/artifacts/payloads/26810_2_aligned_rotation_1_no_view.bin,0.0,2.8232010663487017e-05,0,128,512
26810,2,aligned_rotation,1,mirror_givens,0.0,3167,4226d94681abbeb31a96edec4e7a60f7c3f16eabfc28d0c4e120f88f0c30ac68,experiments/mirror_applications/ma-268-ia3-mirror-activation-views/artifacts/payloads/26810_2_aligned_rotation_1_mirror_givens.bin,0.03520604300138075,7.842600462026894e-05,0,128,512
26810,2,aligned_rotation,1,ia3,0.08419805020093918,3283,336479984f8cb8026f66ea5c2b0721da1f7e20552d4b9d8d1097254ae2470db8,experiments/mirror_applications/ma-268-ia3-mirror-activation-views/artifacts/payloads/26810_2_aligned_rotation_1_ia3.bin,0.0165514110121876,4.4155007344670594e-05,100,128,512
26810,2,aligned_rotation,1,dense_upper,3.958504350976e-07,7262,5c7ad28c99d0394001a85d0abb459d2b9f4891d156195af4e81fde603e20b41d,experiments/mirror_applications/ma-268-ia3-mirror-activation-views/artifacts/payloads/26810_2_aligned_rotation_1_dense_upper.bin,0.00038072299503255635,4.076999903190881e-05,0,128,512
26810,2,aligned_rotation,2,no_view,1.0,3158,ba21f7d6963807c413e84698fd3c59b8f3cb4d75d708e2236562f6f2edc3d69a,experiments/mirror_applications/ma-268-ia3-mirror-activation-views/artifacts/payloads/26810_2_aligned_rotation_2_no_view.bin,0.0,0.00011756400635931641,0,128,512
26810,2,aligned_rotation,2,mirror_givens,0.0,3167,4428048e1fc14f2a0c746d697baf51907c8e376e5907390299e3e5fd3c3c6fa4,experiments/mirror_applications/ma-268-ia3-mirror-activation-views/artifacts/payloads/26810_2_aligned_rotation_2_mirror_givens.bin,0.032418558999779634,7.490099233109504e-05,0,128,512
26810,2,aligned_rotation,2,ia3,0.0510864183306694,3283,0293d499d0611690405ef433d41e708b97d68aab062d50b2c43e7b3027a5260f,experiments/mirror_applications/ma-268-ia3-mirror-activation-views/artifacts/payloads/26810_2_aligned_rotation_2_ia3.bin,0.01219882299483288,4.374500713311136e-05,100,128,512
26810,2,aligned_rotation,2,dense_upper,3.830948287486535e-07,7262,e24588c5b820696c7aaa5e78b3a537c30096326ec19fcb3210a3ceb8366335d6,experiments/mirror_applications/ma-268-ia3-mirror-activation-views/artifacts/payloads/26810_2_aligned_rotation_2_dense_upper.bin,0.00032795500010252,8.68479983182624e-05,0,128,512
26810,2,aligned_rotation,3,no_view,1.0,3158,ba21f7d6963807c413e84698fd3c59b8f3cb4d75d708e2236562f6f2edc3d69a,experiments/mirror_applications/ma-268-ia3-mirror-activation-views/artifacts/payloads/26810_2_aligned_rotation_3_no_view.bin,0.0,3.038499562535435e-05,0,128,512
26810,2,aligned_rotation,3,mirror_givens,2.111394792336796e-08,3167,45da409a606cfa3a9794f76276927e9d56e11a627220bf0cca05477fabb83551,experiments/mirror_applications/ma-268-ia3-mirror-activation-views/artifacts/payloads/26810_2_aligned_rotation_3_mirror_givens.bin,0.03365358700102661,9.009300265461206e-05,0,128,512
26810,2,aligned_rotation,3,ia3,0.01705624721944332,3283,57afbdbb8940076d3330d21588f3292adac079aa4a41b0639bcec34cc9ee4160,experiments/mirror_applications/ma-268-ia3-mirror-activation-views/artifacts/payloads/26810_2_aligned_rotation_3_ia3.bin,0.011134428990771994,4.181200347375125e-05,100,128,512
26810,2,aligned_rotation,3,dense_upper,3.64263343044513e-07,7262,da8195678d61e07175c8fc0084bd97c83c52a420a9d6bb33d37c36c075a1a136,experiments/mirror_applications/ma-268-ia3-mirror-activation-views/artifacts/payloads/26810_2_aligned_rotation_3_dense_upper.bin,0.0004126900021219626,4.3805004679597914e-05,0,128,512
26810,2,aligned_rotation,4,no_view,1.0,3158,ba21f7d6963807c413e84698fd3c59b8f3cb4d75d708e2236562f6f2edc3d69a,experiments/mirror_applications/ma-268-ia3-mirror-activation-views/artifacts/payloads/26810_2_aligned_rotation_4_no_view.bin,0.0,3.138599277008325e-05,0,128,512
26810,2,aligned_rotation,4,mirror_givens,0.0,3167,fc6ba0b5cf2b8e84e9a4e09332dd2792a6d07fb8c1d3f499d926f822349692fd,experiments/mirror_applications/ma-268-ia3-mirror-activation-views/artifacts/payloads/26810_2_aligned_rotation_4_mirror_givens.bin,0.03402217100665439,0.00010260200360789895,0,128,512
26810,2,aligned_rotation,4,ia3,0.016933437436819077,3283,ee7406006a079e6bfe849ab141b45d535b62810deefae7d925b0236d04967667,experiments/mirror_applications/ma-268-ia3-mirror-activation-views/artifacts/payloads/26810_2_aligned_rotation_4_ia3.bin,0.011386911995941773,4.3203996028751135e-05,100,128,512
26810,2,aligned_rotation,4,dense_upper,3.4914688740173005e-07,7262,a3c4ca4eea17c2cdd1961850eeb13a89cd72c2afa86076340c807c71810c30cc,experiments/mirror_applications/ma-268-ia3-mirror-activation-views/artifacts/payloads/26810_2_aligned_rotation_4_dense_upper.bin,0.00036619199090637267,5.1647002692334354e-05,0,128,512
26810,2,aligned_rotation,5,no_view,1.0,3158,ba21f7d6963807c413e84698fd3c59b8f3cb4d75d708e2236562f6f2edc3d69a,experiments/mirror_applications/ma-268-ia3-mirror-activation-views/artifacts/payloads/26810_2_aligned_rotation_5_no_view.bin,0.0,2.4016000679694116e-05,0,128,512
26810,2,aligned_rotation,5,mirror_givens,0.0,3167,67c6049b7fcdaa64db9c6e6d339a8296ed2a18339e399105880d761093cb2440,experiments/mirror_applications/ma-268-ia3-mirror-activation-views/artifacts/payloads/26810_2_aligned_rotation_5_mirror_givens.bin,0.03399852599250153,0.00011644201003946364,0,128,512
26810,2,aligned_rotation,5,ia3,0.050007037818431854,3283,385ba7b01856ee61dddca842831856b5d134e88c2abeb7921bb6ed1257c0a9ac,experiments/mirror_applications/ma-268-ia3-mirror-activation-views/artifacts/payloads/26810_2_aligned_rotation_5_ia3.bin,0.013054057999397628,4.933300078846514e-05,100,128,512
26810,2,aligned_rotation,5,dense_upper,3.682779095015576e-07,7262,d276e3efc05605ae360d6d7c5b62d77da46f570c51fa1f049d0a4192cd55d778,experiments/mirror_applications/ma-268-ia3-mirror-activation-views/artifacts/payloads/26810_2_aligned_rotation_5_dense_upper.bin,0.0003461419983068481,4.273399827070534e-05,0,128,512
26810,2,aligned_rotation,6,no_view,1.0,3158,ba21f7d6963807c413e84698fd3c59b8f3cb4d75d708e2236562f6f2edc3d69a,experiments/mirror_applications/ma-268-ia3-mirror-activation-views/artifacts/payloads/26810_2_aligned_rotation_6_no_view.bin,0.0,2.507699537090957e-05,0,128,512
26810,2,aligned_rotation,6,mirror_givens,0.0,3167,cc376b97f7db0293fdf66b3c3fdecadcbf85268ccba360451e9371567c2f413c,experiments/mirror_applications/ma-268-ia3-mirror-activation-views/artifacts/payloads/26810_2_aligned_rotation_6_mirror_givens.bin,0.03510961000574753,8.391399751417339e-05,0,128,512
26810,2,aligned_rotation,6,ia3,0.08134181052446365,3283,e6539a5a1b3762b47d7de723ab27a99cdb7b4bb8a231a016b721bcdfcbfe4019,experiments/mirror_applications/ma-268-ia3-mirror-activation-views/artifacts/payloads/26810_2_aligned_rotation_6_ia3.bin,0.014334751991555095,4.183199780527502e-05,100,128,512
26810,2,aligned_rotation,6,dense_upper,3.6114235513196036e-07,7262,d7bc6ae23fac932364971b3a241d9140d3105fa58e129bdf52997c73265ece53,experiments/mirror_applications/ma-268-ia3-mirror-activation-views/artifacts/payloads/26810_2_aligned_rotation_6_dense_upper.bin,0.0003795910015469417,4.223300493322313e-05,0,128,512
26810,2,aligned_rotation,7,no_view,1.0,3158,ba21f7d6963807c413e84698fd3c59b8f3cb4d75d708e2236562f6f2edc3d69a,experiments/mirror_applications/ma-268-ia3-mirror-activation-views/artifacts/payloads/26810_2_aligned_rotation_7_no_view.bin,0.0,2.792199666146189e-05,0,128,512
26810,2,aligned_rotation,7,mirror_givens,5.009893655483211e-08,3167,20ba5ba7906cd2edb1c7f6bc66b45d2f4a4ec21772fae17045fba1ff2f1d24a3,experiments/mirror_applications/ma-268-ia3-mirror-activation-views/artifacts/payloads/26810_2_aligned_rotation_7_mirror_givens.bin,0.03383200000098441,8.409499423578382e-05,0,128,512
26810,2,aligned_rotation,7,ia3,0.11013495922088623,3283,6e782fa25777aa8305061bb75f38114a4b1e81e238bc7e39d48d58834dc67d83,experiments/mirror_applications/ma-268-ia3-mirror-activation-views/artifacts/payloads/26810_2_aligned_rotation_7_ia3.bin,0.014538674004143104,4.6558998292312026e-05,100,128,512
26810,2,aligned_rotation,7,dense_upper,3.608489578255103e-07,7262,24bcb36d8aca2f99115afa7d53656d7af00b1ede8865d3d20e0871e7d19c2f87,experiments/mirror_applications/ma-268-ia3-mirror-activation-views/artifacts/payloads/26810_2_aligned_rotation_7_dense_upper.bin,0.00041866999526973814,3.672399907372892e-05,0,128,512
26810,2,independent_diagonal,0,no_view,1.0,3158,ba21f7d6963807c413e84698fd3c59b8f3cb4d75d708e2236562f6f2edc3d69a,experiments/mirror_applications/ma-268-ia3-mirror-activation-views/artifacts/payloads/26810_2_independent_diagonal_0_no_view.bin,0.0,2.77110084425658e-05,0,128,512
26810,2,independent_diagonal,0,ia3,1.1706137001965544e-06,3283,ce8d283a850fd5beff64a8eb6b9e2bf10823bbfb1f062faa8bf1fb3b4c1cf8df,experiments/mirror_applications/ma-268-ia3-mirror-activation-views/artifacts/payloads/26810_2_independent_diagonal_0_ia3.bin,0.01800517100491561,2.9453003662638366e-05,100,128,512
26810,2,independent_diagonal,0,dense_upper,3.719315770922549e-07,7262,213e8f2e7dda5735bc6328f20d2e7439e1a8218ad57aadbdb3159bc900581169,experiments/mirror_applications/ma-268-ia3-mirror-activation-views/artifacts/payloads/26810_2_independent_diagonal_0_dense_upper.bin,0.0003464920009719208,4.0440005250275135e-05,0,128,512
26810,2,independent_diagonal,1,no_view,1.0,3158,ba21f7d6963807c413e84698fd3c59b8f3cb4d75d708e2236562f6f2edc3d69a,experiments/mirror_applications/ma-268-ia3-mirror-activation-views/artifacts/payloads/26810_2_independent_diagonal_1_no_view.bin,0.0,3.1265997677110136e-05,0,128,512
26810,2,independent_diagonal,1,ia3,1.3977676189824706e-06,3283,8e3ce6df83001dccea91205c7bd825b459e445ec178c924068621c820c4653f9,experiments/mirror_applications/ma-268-ia3-mirror-activation-views/artifacts/payloads/26810_2_independent_diagonal_1_ia3.bin,0.020538847995339893,3.0234994483180344e-05,100,128,512
26810,2,independent_diagonal,1,dense_upper,3.799002286086761e-07,7262,7e5755fab6fa4ad5e91c2bf70a524b5ad1979958dedee966abb4481253aaade6,experiments/mirror_applications/ma-268-ia3-mirror-activation-views/artifacts/payloads/26810_2_independent_diagonal_1_dense_upper.bin,0.0003507590008666739,4.6860004658810794e-05,0,128,512
26810,2,independent_diagonal,2,no_view,1.0,3158,ba21f7d6963807c413e84698fd3c59b8f3cb4d75d708e2236562f6f2edc3d69a,experiments/mirror_applications/ma-268-ia3-mirror-activation-views/artifacts/payloads/26810_2_independent_diagonal_2_no_view.bin,0.0,2.555700484663248e-05,0,128,512
26810,2,independent_diagonal,2,ia3,1.1025947515008738e-06,3283,d36782892fbab70af437e714bad3418ec6d46dddca6d504906f44ec054f36ede,experiments/mirror_applications/ma-268-ia3-mirror-activation-views/artifacts/payloads/26810_2_independent_diagonal_2_ia3.bin,0.020675470994319767,3.2046998967416584e-05,100,128,512
26810,2,independent_diagonal,2,dense_upper,4.063267908804846e-07,7262,6af455b36ff5c02a32f6f5bef49b34b822987953f7c1c4493f43f8364cacd2f5,experiments/mirror_applications/ma-268-ia3-mirror-activation-views/artifacts/payloads/26810_2_independent_diagonal_2_dense_upper.bin,0.0003717090003192425,4.32339875260368e-05,0,128,512
26810,2,independent_diagonal,3,no_view,1.0,3158,ba21f7d6963807c413e84698fd3c59b8f3cb4d75d708e2236562f6f2edc3d69a,experiments/mirror_applications/ma-268-ia3-mirror-activation-views/artifacts/payloads/26810_2_independent_diagonal_3_no_view.bin,0.0,3.038499562535435e-05,0,128,512
26810,2,independent_diagonal,3,ia3,8.121273253891559e-07,3283,02f6b9f68ad9148d15ed0a492e04c3d2b7183e1415a073a65b54ee072be5e7e6,experiments/mirror_applications/ma-268-ia3-mirror-activation-views/artifacts/payloads/26810_2_independent_diagonal_3_ia3.bin,0.01932585399481468,3.2127005397342145e-05,100,128,512
26810,2,independent_diagonal,3,dense_upper,3.873562661738106e-07,7262,643cc3e29f9619badc3b9e4863eb415a5313b97e263cba21f092815b44dd66c7,experiments/mirror_applications/ma-268-ia3-mirror-activation-views/artifacts/payloads/26810_2_independent_diagonal_3_dense_upper.bin,0.00031313300132751465,4.441601049620658e-05,0,128,512
26810,2,independent_diagonal,4,no_view,1.0,3158,ba21f7d6963807c413e84698fd3c59b8f3cb4d75d708e2236562f6f2edc3d69a,experiments/mirror_applications/ma-268-ia3-mirror-activation-views/artifacts/payloads/26810_2_independent_diagonal_4_no_view.bin,0.0,2.9183996957726777e-05,0,128,512
26810,2,independent_diagonal,4,ia3,1.1643422794804792e-06,3283,9385009a6a6cfc401527ab9e419946ee70f8f543b774b8a0f3f4490c45ed1395,experiments/mirror_applications/ma-268-ia3-mirror-activation-views/artifacts/payloads/26810_2_independent_diagonal_4_ia3.bin,0.022158774008858018,2.9624003218486905e-05,100,128,512
26810,2,independent_diagonal,4,dense_upper,3.713556679940666e-07,7262,b33ae28a0cfbb689a25d87393a8e5a121f4a44a4e1f694a5f10dd43ab62d9f19,experiments/mirror_applications/ma-268-ia3-mirror-activation-views/artifacts/payloads/26810_2_independent_diagonal_4_dense_upper.bin,0.0004040680069010705,4.13410016335547e-05,0,128,512
26810,2,independent_diagonal,5,no_view,1.0,3158,ba21f7d6963807c413e84698fd3c59b8f3cb4d75d708e2236562f6f2edc3d69a,experiments/mirror_applications/ma-268-ia3-mirror-activation-views/artifacts/payloads/26810_2_independent_diagonal_5_no_view.bin,0.0,2.53870093729347e-05,0,128,512
26810,2,independent_diagonal,5,ia3,1.0814305824169423e-06,3283,949ef1161f10dff5297d1e86c60af672e67ddea2d2cf0fd4157c394c5836a368,experiments/mirror_applications/ma-268-ia3-mirror-activation-views/artifacts/payloads/26810_2_independent_diagonal_5_ia3.bin,0.037463671003933996,3.2558004022575915e-05,100,128,512
26810,2,independent_diagonal,5,dense_upper,4.041923489239707e-07,7262,c8b90e13151c8351dc20c711066207aa6823174289473d5ae894420eb2d5738b,experiments/mirror_applications/ma-268-ia3-mirror-activation-views/artifacts/payloads/26810_2_independent_diagonal_5_dense_upper.bin,0.00034405800397507846,4.3082996853627264e-05,0,128,512
26810,2,independent_diagonal,6,no_view,1.0,3158,ba21f7d6963807c413e84698fd3c59b8f3cb4d75d708e2236562f6f2edc3d69a,experiments/mirror_applications/ma-268-ia3-mirror-activation-views/artifacts/payloads/26810_2_independent_diagonal_6_no_view.bin,0.0,2.4236011086031795e-05,0,128,512
26810,2,independent_diagonal,6,ia3,1.0288764542565332e-06,3283,02ed5f00c202202660dfa76e020b5c9b49b3dedeafc47208365eb7bb7e7cce1d,experiments/mirror_applications/ma-268-ia3-mirror-activation-views/artifacts/payloads/26810_2_independent_diagonal_6_ia3.bin,0.02621844899840653,3.0395007343031466e-05,100,128,512
26810,2,independent_diagonal,6,dense_upper,4.0037670601122954e-07,7262,494e00ebbae2e27ed9488c0df0d2f0394a4a0216b0b304a93512f0eb9764ffe7,experiments/mirror_applications/ma-268-ia3-mirror-activation-views/artifacts/payloads/26810_2_independent_diagonal_6_dense_upper.bin,0.0028278429963393137,4.051999712828547e-05,0,128,512
26810,2,independent_diagonal,7,no_view,1.0,3158,ba21f7d6963807c413e84698fd3c59b8f3cb4d75d708e2236562f6f2edc3d69a,experiments/mirror_applications/ma-268-ia3-mirror-activation-views/artifacts/payloads/26810_2_independent_diagonal_7_no_view.bin,0.0,2.2903986973688006e-05,0,128,512
26810,2,independent_diagonal,7,ia3,1.2996687246413785e-06,3283,a3a2329819c9161202ede853ad5859c20b1ccacf043bd4f11cc3ece8e05f2e9e,experiments/mirror_applications/ma-268-ia3-mirror-activation-views/artifacts/payloads/26810_2_independent_diagonal_7_ia3.bin,0.023947469991981052,2.5968998670578003e-05,100,128,512
26810,2,independent_diagonal,7,dense_upper,3.8822710735075816e-07,7262,fd0ce9ba52457ee1398d69d8046fc5d9a52c5f6de155225f8993df85c828f0ee,experiments/mirror_applications/ma-268-ia3-mirror-activation-views/artifacts/payloads/26810_2_independent_diagonal_7_dense_upper.bin,0.0003041099989786744,2.9614006052725017e-05,0,128,512
26811,0,aligned_rotation,0,no_view,1.0,3158,d0ce740e832e940f5594876a0f79fc1380d790f5092122f016482a1de3728692,experiments/mirror_applications/ma-268-ia3-mirror-activation-views/artifacts/payloads/26811_0_aligned_rotation_0_no_view.bin,0.0,1.986899587791413e-05,0,128,512
26811,0,aligned_rotation,0,mirror_givens,0.0,3167,3da422e9a86e16e6f36b7ac2b7ea3bbe18e19dc949b194263a19aecdd72e6452,experiments/mirror_applications/ma-268-ia3-mirror-activation-views/artifacts/payloads/26811_0_aligned_rotation_0_mirror_givens.bin,0.025853188999462873,8.916200022213161e-05,0,128,512
26811,0,aligned_rotation,0,ia3,0.07049156725406647,3283,1630159f0686c7ba1594b5bb39a680ffeec0a606bebe3776cf84d712a83116a5,experiments/mirror_applications/ma-268-ia3-mirror-activation-views/artifacts/payloads/26811_0_aligned_rotation_0_ia3.bin,0.012915682993480004,4.304399772081524e-05,100,128,512
26811,0,aligned_rotation,0,dense_upper,4.6818936993986426e-07,7262,c4b0d81b04961f7ffbd7fbf60b97cf647ff52892356f71cbf72f54efd7531f32,experiments/mirror_applications/ma-268-ia3-mirror-activation-views/artifacts/payloads/26811_0_aligned_rotation_0_dense_upper.bin,0.00029876199550926685,3.499099693726748e-05,0,128,512
26811,0,aligned_rotation,1,no_view,1.0,3158,d0ce740e832e940f5594876a0f79fc1380d790f5092122f016482a1de3728692,experiments/mirror_applications/ma-268-ia3-mirror-activation-views/artifacts/payloads/26811_0_aligned_rotation_1_no_view.bin,0.0,2.910298644565046e-05,0,128,512
26811,0,aligned_rotation,1,mirror_givens,0.0,3167,6ee147d6d4a4846d8b2feefab83c2ba1b76d60525290e0949d32970fe90e119d,experiments/mirror_applications/ma-268-ia3-mirror-activation-views/artifacts/payloads/26811_0_aligned_rotation_1_mirror_givens.bin,0.02784445500583388,8.441500540357083e-05,0,128,512
26811,0,aligned_rotation,1,ia3,0.05140548571944237,3283,f2d2141cd3dd28bfecd40568f420730fa442e7464e6cd22fac72933cf74a7a2c,experiments/mirror_applications/ma-268-ia3-mirror-activation-views/artifacts/payloads/26811_0_aligned_rotation_1_ia3.bin,0.016495759002282284,2.7671005227603018e-05,100,128,512
26811,0,aligned_rotation,1,dense_upper,5.088593866275914e-07,7262,3fdcde799a63be43cd16125e033c39fb65343c09b4d18dcc04da82db9d3f2ade,experiments/mirror_applications/ma-268-ia3-mirror-activation-views/artifacts/payloads/26811_0_aligned_rotation_1_dense_upper.bin,0.0002988320047734305,3.48920002579689e-05,0,128,512
26811,0,aligned_rotation,2,no_view,1.0,3158,d0ce740e832e940f5594876a0f79fc1380d790f5092122f016482a1de3728692,experiments/mirror_applications/ma-268-ia3-mirror-activation-views/artifacts/payloads/26811_0_aligned_rotation_2_no_view.bin,0.0,1.9287996110506356e-05,0,128,512
26811,0,aligned_rotation,2,mirror_givens,0.0,3167,077175c30610aa51615049f58cb532b89d1b5660d8d0cb25d7e80bc512f33b25,experiments/mirror_applications/ma-268-ia3-mirror-activation-views/artifacts/payloads/26811_0_aligned_rotation_2_mirror_givens.bin,0.02544921099615749,8.281299960799515e-05,0,128,512
26811,0,aligned_rotation,2,ia3,0.031075626611709595,3283,376b8f9df8a0ae1f43369ef82a40a87bae7050cc082661c5d6851a40e608462c,experiments/mirror_applications/ma-268-ia3-mirror-activation-views/artifacts/payloads/26811_0_aligned_rotation_2_ia3.bin,0.020125908005866222,2.7140005840919912e-05,100,128,512
26811,0,aligned_rotation,2,dense_upper,5.024867277825251e-07,7262,7bf2a60f3a27584500eb9cc87578ee0f20078a417fcf0ab6c9418cdbf1e23080,experiments/mirror_applications/ma-268-ia3-mirror-activation-views/artifacts/payloads/26811_0_aligned_rotation_2_dense_upper.bin,0.0002932439965661615,3.2768992241472006e-05,0,128,512
26811,0,aligned_rotation,3,no_view,1.0,3158,d0ce740e832e940f5594876a0f79fc1380d790f5092122f016482a1de3728692,experiments/mirror_applications/ma-268-ia3-mirror-activation-views/artifacts/payloads/26811_0_aligned_rotation_3_no_view.bin,0.0,2.8120994102209806e-05,0,128,512
26811,0,aligned_rotation,3,mirror_givens,0.0,3167,d23ee64bf1bf85c640649235be0836301e121542348d193d2a29d1cefc787095,experiments/mirror_applications/ma-268-ia3-mirror-activation-views/artifacts/payloads/26811_0_aligned_rotation_3_mirror_givens.bin,0.0252587190043414,8.40540014905855e-05,0,128,512
26811,0,aligned_rotation,3,ia3,0.010311570018529892,3283,0a8fe279d414fb0276e2c093ac4b2a1162ef2de65db8c22f33711b41bd41c179,experiments/mirror_applications/ma-268-ia3-mirror-activation-views/artifacts/payloads/26811_0_aligned_rotation_3_ia3.bin,0.017642965001869015,2.720000338740647e-05,100,128,512
26811,0,aligned_rotation,3,dense_upper,4.929352712679247e-07,7262,4c10865a9dae360c58e9cd16a4e95caad9e7a0a4b4d5e21a90bc8fb7041d0d69,experiments/mirror_applications/ma-268-ia3-mirror-activation-views/artifacts/payloads/26811_0_aligned_rotation_3_dense_upper.bin,0.00036059299600310624,6.851099897176027e-05,0,128,512
26811,0,aligned_rotation,4,no_view,1.0,3158,d0ce740e832e940f5594876a0f79fc1380d790f5092122f016482a1de3728692,experiments/mirror_applications/ma-268-ia3-mirror-activation-views/artifacts/payloads/26811_0_aligned_rotation_4_no_view.bin,0.0,1.9749000784941018e-05,0,128,512
26811,0,aligned_rotation,4,mirror_givens,1.3503308693429972e-08,3167,5a3c7de894ba917c5324c244b16638129b93a8d6b1b24301eaa561909fce7537,experiments/mirror_applications/ma-268-ia3-mirror-activation-views/artifacts/payloads/26811_0_aligned_rotation_4_mirror_givens.bin,0.036338513004011475,8.277299639303237e-05,0,128,512
26811,0,aligned_rotation,4,ia3,0.010150718502700329,3283,b670aeb1ea272bf716f049b7b422df9f0973a5f345882c6d8caa0d983de6965c,experiments/mirror_applications/ma-268-ia3-mirror-activation-views/artifacts/payloads/26811_0_aligned_rotation_4_ia3.bin,0.015799257991602644,2.813200990203768e-05,100,128,512
26811,0,aligned_rotation,4,dense_upper,4.5026490624877624e-07,7262,1d44d087664466710a082c7d6c9ffc534f646e8d005d114b61d683a404999eef,experiments/mirror_applications/ma-268-ia3-mirror-activation-views/artifacts/payloads/26811_0_aligned_rotation_4_dense_upper.bin,0.00033838000672403723,3.172599826939404e-05,0,128,512
26811,0,aligned_rotation,5,no_view,1.0,3158,d0ce740e832e940f5594876a0f79fc1380d790f5092122f016482a1de3728692,experiments/mirror_applications/ma-268-ia3-mirror-activation-views/artifacts/payloads/26811_0_aligned_rotation_5_no_view.bin,0.0,2.499698894098401e-05,0,128,512
26811,0,aligned_rotation,5,mirror_givens,0.0,3167,e37805fa15ff8c5ab4458acd994ee1d1f5782405d2c0f1c4c750eb230d554aef,experiments/mirror_applications/ma-268-ia3-mirror-activation-views/artifacts/payloads/26811_0_aligned_rotation_5_mirror_givens.bin,0.025653484000940807,0.00015550000534858555,0,128,512
26811,0,aligned_rotation,5,ia3,0.02965688519179821,3283,03b5c0c63ca1c6a15d787e2cb100803663f67c75ea3609e54a2ab68abcad1e24,experiments/mirror_applications/ma-268-ia3-mirror-activation-views/artifacts/payloads/26811_0_aligned_rotation_5_ia3.bin,0.01701174199115485,2.938300895038992e-05,100,128,512
26811,0,aligned_rotation,5,dense_upper,4.425589281709108e-07,7262,459a493e312309b1dd8c0dfa75e474adfa33e1e74c165b7f26f8c91a80d15f59,experiments/mirror_applications/ma-268-ia3-mirror-activation-views/artifacts/payloads/26811_0_aligned_rotation_5_dense_upper.bin,0.0003842779988190159,7.056500180624425e-05,0,128,512
26811,0,aligned_rotation,6,no_view,1.0,3158,d0ce740e832e940f5594876a0f79fc1380d790f5092122f016482a1de3728692,experiments/mirror_applications/ma-268-ia3-mirror-activation-views/artifacts/payloads/26811_0_aligned_rotation_6_no_view.bin,0.0,2.129099448211491e-05,0,128,512
26811,0,aligned_rotation,6,mirror_givens,0.0,3167,dcbb4c58ad7834f0eb52cbda6577ec042eff7961c02936b99d43cdde42dd2598,experiments/mirror_applications/ma-268-ia3-mirror-activation-views/artifacts/payloads/26811_0_aligned_rotation_6_mirror_givens.bin,0.026878065007622354,7.442000787705183e-05,0,128,512
26811,0,aligned_rotation,6,ia3,0.04763556271791458,3283,0a01b643437a607c49762a869aaae780317830b1a621c6dc62cf63b480d6a7f1,experiments/mirror_applications/ma-268-ia3-mirror-activation-views/artifacts/payloads/26811_0_aligned_rotation_6_ia3.bin,0.012834262000978924,2.7700996724888682e-05,100,128,512
26811,0,aligned_rotation,6,dense_upper,4.603512877565663e-07,7262,74bddeb715e7820151aeba2d381ad953ce45ab02329284327a5bcc52c5904aa7,experiments/mirror_applications/ma-268-ia3-mirror-activation-views/artifacts/payloads/26811_0_aligned_rotation_6_dense_upper.bin,0.00030270699062384665,3.111601108685136e-05,0,128,512
26811,0,aligned_rotation,7,no_view,1.0,3158,d0ce740e832e940f5594876a0f79fc1380d790f5092122f016482a1de3728692,experiments/mirror_applications/ma-268-ia3-mirror-activation-views/artifacts/payloads/26811_0_aligned_rotation_7_no_view.bin,0.0,2.051999035757035e-05,0,128,512
26811,0,aligned_rotation,7,mirror_givens,3.687246064032479e-08,3167,2942540cfadc1c210b9d4bcd97eea9a6c082411b7f179f870c8b351d865863ef,experiments/mirror_applications/ma-268-ia3-mirror-activation-views/artifacts/payloads/26811_0_aligned_rotation_7_mirror_givens.bin,0.026229755996610038,0.00013522000517696142,0,128,512
26811,0,aligned_rotation,7,ia3,0.06358703970909119,3283,241cae958be5c661027890ba868060658c72202bbd2c83498b89491faf102d20,experiments/mirror_applications/ma-268-ia3-mirror-activation-views/artifacts/payloads/26811_0_aligned_rotation_7_ia3.bin,0.015589799004374072,5.073499050922692e-05,100,128,512
26811,0,aligned_rotation,7,dense_upper,4.550734047370497e-07,7262,ae06590c681866fdb29b63c77bae77026fcc78bc64be6ad0fcd5ff73a4848d32,experiments/mirror_applications/ma-268-ia3-mirror-activation-views/artifacts/payloads/26811_0_aligned_rotation_7_dense_upper.bin,0.00033842099946923554,3.097600711043924e-05,0,128,512
26811,0,independent_diagonal,0,no_view,1.0,3158,d0ce740e832e940f5594876a0f79fc1380d790f5092122f016482a1de3728692,experiments/mirror_applications/ma-268-ia3-mirror-activation-views/artifacts/payloads/26811_0_independent_diagonal_0_no_view.bin,0.0,1.9669008906930685e-05,0,128,512
26811,0,independent_diagonal,0,ia3,7.647302027180558e-07,3283,5b6aa8e7f4f696407439772bcc9cd98246f0005073b78ecf78d984a776b9a925,experiments/mirror_applications/ma-268-ia3-mirror-activation-views/artifacts/payloads/26811_0_independent_diagonal_0_ia3.bin,0.019271073993877508,2.7009999030269682e-05,100,128,512
26811,0,independent_diagonal,0,dense_upper,4.5005964466326986e-07,7262,90dfb8b1fd73835abaf8028356632ee4775ded47199bedff499fef124f0b891f,experiments/mirror_applications/ma-268-ia3-mirror-activation-views/artifacts/payloads/26811_0_independent_diagonal_0_dense_upper.bin,0.0003170389973092824,3.051498788408935e-05,0,128,512
26811,0,independent_diagonal,1,no_view,1.0,3158,d0ce740e832e940f5594876a0f79fc1380d790f5092122f016482a1de3728692,experiments/mirror_applications/ma-268-ia3-mirror-activation-views/artifacts/payloads/26811_0_independent_diagonal_1_no_view.bin,0.0,2.046998997684568e-05,0,128,512
26811,0,independent_diagonal,1,ia3,5.730458383368386e-07,3283,be0512952f7f43eb650b3e131ff8ef973b4bb9eee0c41605730100d044d8640b,experiments/mirror_applications/ma-268-ia3-mirror-activation-views/artifacts/payloads/26811_0_independent_diagonal_1_ia3.bin,0.01708107499871403,2.8071997803635895e-05,100,128,512
26811,0,independent_diagonal,1,dense_upper,4.856343025494425e-07,7262,5c8d12ba87c14d2802919b87d525ced9364415bb92b4574df1a2d34670fa0535,experiments/mirror_applications/ma-268-ia3-mirror-activation-views/artifacts/payloads/26811_0_independent_diagonal_1_dense_upper.bin,0.00028786499751731753,3.061600727960467e-05,0,128,512
26811,0,independent_diagonal,2,no_view,1.0,3158,d0ce740e832e940f5594876a0f79fc1380d790f5092122f016482a1de3728692,experiments/mirror_applications/ma-268-ia3-mirror-activation-views/artifacts/payloads/26811_0_independent_diagonal_2_no_view.bin,0.0,2.9372997232712805e-05,0,128,512
26811,0,independent_diagonal,2,ia3,3.716227467975841e-07,3283,b656ec19fc3c9ef7233cf7d35eaa9fbae6c1ca0d46243dd31038272bb296ec32,experiments/mirror_applications/ma-268-ia3-mirror-activation-views/artifacts/payloads/26811_0_independent_diagonal_2_ia3.bin,0.01511458499589935,2.7310001314617693e-05,100,128,512
26811,0,independent_diagonal,2,dense_upper,4.4700041712530947e-07,7262,1c7815a5d606262c8958cf722a8bd71c86d92e5ccd6c6a251cc02185f6f470e2,experiments/mirror_applications/ma-268-ia3-mirror-activation-views/artifacts/payloads/26811_0_independent_diagonal_2_dense_upper.bin,0.00025564800307620317,3.038499562535435e-05,0,128,512
26811,0,independent_diagonal,3,no_view,1.0,3158,d0ce740e832e940f5594876a0f79fc1380d790f5092122f016482a1de3728692,experiments/mirror_applications/ma-268-ia3-mirror-activation-views/artifacts/payloads/26811_0_independent_diagonal_3_no_view.bin,0.0,1.8798004020936787e-05,0,128,512
26811,0,independent_diagonal,3,ia3,1.1176066436746623e-06,3283,40b784994621f56c770e6a5f95ae667a24f0d88b5acc39961dd600f7547d9254,experiments/mirror_applications/ma-268-ia3-mirror-activation-views/artifacts/payloads/26811_0_independent_diagonal_3_ia3.bin,0.01896465000754688,2.6688998332247138e-05,100,128,512
26811,0,independent_diagonal,3,dense_upper,4.4900002649228554e-07,7262,08f07b614d2ed3bf2c5f7f3e528efe04ac42804478ea6cc79b820e34f7685312,experiments/mirror_applications/ma-268-ia3-mirror-activation-views/artifacts/payloads/26811_0_independent_diagonal_3_dense_upper.bin,0.0002550369972595945,6.274199404288083e-05,0,128,512
26811,0,independent_diagonal,4,no_view,1.0,3158,d0ce740e832e940f5594876a0f79fc1380d790f5092122f016482a1de3728692,experiments/mirror_applications/ma-268-ia3-mirror-activation-views/artifacts/payloads/26811_0_independent_diagonal_4_no_view.bin,0.0,2.3764994693920016e-05,0,128,512
26811,0,independent_diagonal,4,ia3,1.045613203132234e-06,3283,219f5efccf07ec0236e4e90189ee3613b7bd275bfc8f5cb89debd7be84c64e82,experiments/mirror_applications/ma-268-ia3-mirror-activation-views/artifacts/payloads/26811_0_independent_diagonal_4_ia3.bin,0.01811512399581261,3.326899604871869e-05,100,128,512
26811,0,independent_diagonal,4,dense_upper,4.5672848614231043e-07,7262,05f05c714e6f4cdc6f4e00813107f6ee76d445d5646703930ef4bc2816b5f289,experiments/mirror_applications/ma-268-ia3-mirror-activation-views/artifacts/payloads/26811_0_independent_diagonal_4_dense_upper.bin,0.0002865939895855263,3.374999505467713e-05,0,128,512
26811,0,independent_diagonal,5,no_view,1.0,3158,d0ce740e832e940f5594876a0f79fc1380d790f5092122f016482a1de3728692,experiments/mirror_applications/ma-268-ia3-mirror-activation-views/artifacts/payloads/26811_0_independent_diagonal_5_no_view.bin,0.0,1.8086997442878783e-05,0,128,512
26811,0,independent_diagonal,5,ia3,6.770163736291579e-07,3283,265175f0a4039038896a5bd642fc383667c4afacf6752cb465ed3904a1c4e070,experiments/mirror_applications/ma-268-ia3-mirror-activation-views/artifacts/payloads/26811_0_independent_diagonal_5_ia3.bin,0.018075523999868892,0.0007331140077440068,100,128,512
26811,0,independent_diagonal,5,dense_upper,4.51885256325113e-07,7262,1612370dacbe6b0c0986a70f5be94caf5e0c1868fc95df4ca14ad97f082d1ed5,experiments/mirror_applications/ma-268-ia3-mirror-activation-views/artifacts/payloads/26811_0_independent_diagonal_5_dense_upper.bin,0.00024764600675553083,0.00020820800273213536,0,128,512
26811,0,independent_diagonal,6,no_view,1.0,3158,d0ce740e832e940f5594876a0f79fc1380d790f5092122f016482a1de3728692,experiments/mirror_applications/ma-268-ia3-mirror-activation-views/artifacts/payloads/26811_0_independent_diagonal_6_no_view.bin,0.0,2.1872998331673443e-05,0,128,512
26811,0,independent_diagonal,6,ia3,9.02974193195405e-07,3283,25394b5c7715a1e953204483be5a31ef99f0b50fb0fd5484d91a0677033fe1f0,experiments/mirror_applications/ma-268-ia3-mirror-activation-views/artifacts/payloads/26811_0_independent_diagonal_6_ia3.bin,0.019181310999556445,2.667900116648525e-05,100,128,512
26811,0,independent_diagonal,6,dense_upper,4.6084107907518046e-07,7262,57498e248b8e1bf83b767383a1bfcb23f5e35569c570054996f7083076aebed4,experiments/mirror_applications/ma-268-ia3-mirror-activation-views/artifacts/payloads/26811_0_independent_diagonal_6_dense_upper.bin,0.00037641699600499123,3.221799852326512e-05,0,128,512
26811,0,independent_diagonal,7,no_view,1.0,3158,d0ce740e832e940f5594876a0f79fc1380d790f5092122f016482a1de3728692,experiments/mirror_applications/ma-268-ia3-mirror-activation-views/artifacts/payloads/26811_0_independent_diagonal_7_no_view.bin,0.0,1.8498001736588776e-05,0,128,512
26811,0,independent_diagonal,7,ia3,1.0271710380038712e-06,3283,6b547451004fdd07a0df112c83af1e87d3f2ec2b69ddf57659c7778410057bd9,experiments/mirror_applications/ma-268-ia3-mirror-activation-views/artifacts/payloads/26811_0_independent_diagonal_7_ia3.bin,0.019028344002435915,2.5847999495454133e-05,100,128,512
26811,0,independent_diagonal,7,dense_upper,4.792030949829496e-07,7262,dfed82820a2437554f58c9025274c65140984bcfbb63802ea036c8d50ff874aa,experiments/mirror_applications/ma-268-ia3-mirror-activation-views/artifacts/payloads/26811_0_independent_diagonal_7_dense_upper.bin,0.00024904900055844337,3.466100315563381e-05,0,128,512
26811,1,aligned_rotation,0,no_view,1.0,3158,12d2bec1d569a4b78fc9d94f6f36a2eb7c733e052efaeee4bebf431d4000cc29,experiments/mirror_applications/ma-268-ia3-mirror-activation-views/artifacts/payloads/26811_1_aligned_rotation_0_no_view.bin,0.0,2.3815009626559913e-05,0,128,512
26811,1,aligned_rotation,0,mirror_givens,0.0,3167,63f51953d44d3a74a5399355cd95037b765212a44dc544dbc1f1291b3b29ef6d,experiments/mirror_applications/ma-268-ia3-mirror-activation-views/artifacts/payloads/26811_1_aligned_rotation_0_mirror_givens.bin,0.023500438997871242,7.135600026231259e-05,0,128,512
26811,1,aligned_rotation,0,ia3,0.07325823605060577,3283,0fbc9ca6a9a36846b8bcb9eff390e5e7eaddf6649dcd1fa124797750c7d88ed0,experiments/mirror_applications/ma-268-ia3-mirror-activation-views/artifacts/payloads/26811_1_aligned_rotation_0_ia3.bin,0.011389535997295752,2.767099067568779e-05,100,128,512
26811,1,aligned_rotation,0,dense_upper,4.944442935084226e-07,7262,19baa6a77a2fc6bc3482bf98f296959cc466bdb6ebfd29ff07d8185a087ca9b4,experiments/mirror_applications/ma-268-ia3-mirror-activation-views/artifacts/payloads/26811_1_aligned_rotation_0_dense_upper.bin,0.0002680360048543662,3.0235009035095572e-05,0,128,512
26811,1,aligned_rotation,1,no_view,1.0,3158,12d2bec1d569a4b78fc9d94f6f36a2eb7c733e052efaeee4bebf431d4000cc29,experiments/mirror_applications/ma-268-ia3-mirror-activation-views/artifacts/payloads/26811_1_aligned_rotation_1_no_view.bin,0.0,2.1702988306060433e-05,0,128,512
26811,1,aligned_rotation,1,mirror_givens,0.0,3167,0561f390b7b40e8097bc010b80cebcd48426eb9e73bfd725c9abea5dc3243689,experiments/mirror_applications/ma-268-ia3-mirror-activation-views/artifacts/payloads/26811_1_aligned_rotation_1_mirror_givens.bin,0.025446778003242798,7.695400563534349e-05,0,128,512
26811,1,aligned_rotation,1,ia3,0.05412890017032623,3283,96319c80802f459d8af727e4fd1061a8d1c93971d868476c9e51d1dc8db5df0d,experiments/mirror_applications/ma-268-ia3-mirror-activation-views/artifacts/payloads/26811_1_aligned_rotation_1_ia3.bin,0.012923915986903012,2.7871006750501692e-05,100,128,512
26811,1,aligned_rotation,1,dense_upper,5.152112407813547e-07,7262,a45420060c0a75988c3fe337da250bcecb71bc35d3942eae0e99779d23364b0f,experiments/mirror_applications/ma-268-ia3-mirror-activation-views/artifacts/payloads/26811_1_aligned_rotation_1_dense_upper.bin,0.00033658799657132477,6.203199154697359e-05,0,128,512
26811,1,aligned_rotation,2,no_view,1.0,3158,12d2bec1d569a4b78fc9d94f6f36a2eb7c733e052efaeee4bebf431d4000cc29,experiments/mirror_applications/ma-268-ia3-mirror-activation-views/artifacts/payloads/26811_1_aligned_rotation_2_no_view.bin,0.0,2.2473002900369465e-05,0,128,512
26811,1,aligned_rotation,2,mirror_givens,0.0,3167,60717ecb46b8abd5f98cd3cfb258eaae71e2398916cd5111a00fa25728170e6d,experiments/mirror_applications/ma-268-ia3-mirror-activation-views/artifacts/payloads/26811_1_aligned_rotation_2_mirror_givens.bin,0.023034329991787672,7.262699364218861e-05,0,128,512
26811,1,aligned_rotation,2,ia3,0.03308585658669472,3283,f3b93f482579265f92a5aede82adc62a07693666ba6bb27a304e7d6ef55993ec,experiments/mirror_applications/ma-268-ia3-mirror-activation-views/artifacts/payloads/26811_1_aligned_rotation_2_ia3.bin,0.012193365007988177,2.7330999728292227e-05,100,128,512
26811,1,aligned_rotation,2,dense_upper,4.771917474499787e-07,7262,2718e3a1653f231f8c0545efb357ff4e3fb42b32eb9c43f9d0c7584a258389be,experiments/mirror_applications/ma-268-ia3-mirror-activation-views/artifacts/payloads/26811_1_aligned_rotation_2_dense_upper.bin,0.00029023901151958853,3.003400343004614e-05,0,128,512
26811,1,aligned_rotation,3,no_view,1.0,3158,12d2bec1d569a4b78fc9d94f6f36a2eb7c733e052efaeee4bebf431d4000cc29,experiments/mirror_applications/ma-268-ia3-mirror-activation-views/artifacts/payloads/26811_1_aligned_rotation_3_no_view.bin,0.0,2.046998997684568e-05,0,128,512
26811,1,aligned_rotation,3,mirror_givens,1.4159756034359816e-08,3167,0c675767a64aac2fc54d677c7a5e925829f33cc9767e06c23f666cacf0181512,experiments/mirror_applications/ma-268-ia3-mirror-activation-views/artifacts/payloads/26811_1_aligned_rotation_3_mirror_givens.bin,0.02527893900696654,8.484499994665384e-05,0,128,512
26811,1,aligned_rotation,3,ia3,0.011074748821556568,3283,23c4c9b3531154097c8e21e4eecff02c56f56364759e98e21d68eef260046afa,experiments/mirror_applications/ma-268-ia3-mirror-activation-views/artifacts/payloads/26811_1_aligned_rotation_3_ia3.bin,0.013456032989779487,7.679300324525684e-05,100,128,512
26811,1,aligned_rotation,3,dense_upper,4.894521907772287e-07,7262,05a02a5e6ee337944fba840fdec5d9a0dc42b5fff2142247f97ebe42d21430a3,experiments/mirror_applications/ma-268-ia3-mirror-activation-views/artifacts/payloads/26811_1_aligned_rotation_3_dense_upper.bin,0.0003037489950656891,3.110599936917424e-05,0,128,512
26811,1,aligned_rotation,4,no_view,1.0,3158,12d2bec1d569a4b78fc9d94f6f36a2eb7c733e052efaeee4bebf431d4000cc29,experiments/mirror_applications/ma-268-ia3-mirror-activation-views/artifacts/payloads/26811_1_aligned_rotation_4_no_view.bin,0.0,1.917898771353066e-05,0,128,512
26811,1,aligned_rotation,4,mirror_givens,1.8591840955650696e-08,3167,adf88017359ec7c15198eae95dc1fab5a37c97ec3b480426274a4496805227e5,experiments/mirror_applications/ma-268-ia3-mirror-activation-views/artifacts/payloads/26811_1_aligned_rotation_4_mirror_givens.bin,0.026654604997020215,7.255699892994016e-05,0,128,512
26811,1,aligned_rotation,4,ia3,0.01096995361149311,3283,a44c2187cb600a608db875ee3c4e1524e563ca46dca665e03c37211f4a631438,experiments/mirror_applications/ma-268-ia3-mirror-activation-views/artifacts/payloads/26811_1_aligned_rotation_4_ia3.bin,0.012834502995247021,2.7960995794273913e-05,100,128,512
26811,1,aligned_rotation,4,dense_upper,5.135240144227282e-07,7262,5f0162cf5b525e13a68804c6bd61f44f05f38450d6dc190f3f692cb20b91e639,experiments/mirror_applications/ma-268-ia3-mirror-activation-views/artifacts/payloads/26811_1_aligned_rotation_4_dense_upper.bin,0.0003633379965322092,3.0534996767528355e-05,0,128,512
26811,1,aligned_rotation,5,no_view,1.0,3158,12d2bec1d569a4b78fc9d94f6f36a2eb7c733e052efaeee4bebf431d4000cc29,experiments/mirror_applications/ma-268-ia3-mirror-activation-views/artifacts/payloads/26811_1_aligned_rotation_5_no_view.bin,0.0,2.8591995942406356e-05,0,128,512
26811,1,aligned_rotation,5,mirror_givens,0.0,3167,3491276c3372424e19473924f0788d84b105f5db95f15e1a586d2a9eb63d0bbb,experiments/mirror_applications/ma-268-ia3-mirror-activation-views/artifacts/payloads/26811_1_aligned_rotation_5_mirror_givens.bin,0.02922666899394244,8.816100307740271e-05,0,128,512
26811,1,aligned_rotation,5,ia3,0.032170604914426804,3283,2bc56ab17bd405b8df418e43555e93a24e7ea907df8e3838239210e05b32e879,experiments/mirror_applications/ma-268-ia3-mirror-activation-views/artifacts/payloads/26811_1_aligned_rotation_5_ia3.bin,0.05846998699416872,4.1862003854475915e-05,100,128,512
26811,1,aligned_rotation,5,dense_upper,5.073626994089864e-07,7262,ca091d1e61d3249234c7a4f274868bbc1d2a78855aa91c207396568429a41d7d,experiments/mirror_applications/ma-268-ia3-mirror-activation-views/artifacts/payloads/26811_1_aligned_rotation_5_dense_upper.bin,0.0003406839969102293,4.089099820703268e-05,0,128,512
26811,1,aligned_rotation,6,no_view,1.0,3158,12d2bec1d569a4b78fc9d94f6f36a2eb7c733e052efaeee4bebf431d4000cc29,experiments/mirror_applications/ma-268-ia3-mirror-activation-views/artifacts/payloads/26811_1_aligned_rotation_6_no_view.bin,0.0,2.7991001843474805e-05,0,128,512
26811,1,aligned_rotation,6,mirror_givens,0.0,3167,4b09f2ad9440b51a7214854bf42857ba01b3efd78fd296959b483cde97c7eb23,experiments/mirror_applications/ma-268-ia3-mirror-activation-views/artifacts/payloads/26811_1_aligned_rotation_6_mirror_givens.bin,0.03883081399544608,7.731400546617806e-05,0,128,512
26811,1,aligned_rotation,6,ia3,0.05173221230506897,3283,24656a9f55fb5b77f4e36bf60bef96847992a0e08ea40c2b87824b08adb1d7aa,experiments/mirror_applications/ma-268-ia3-mirror-activation-views/artifacts/payloads/26811_1_aligned_rotation_6_ia3.bin,0.014032865990884602,4.410601104609668e-05,100,128,512
26811,1,aligned_rotation,6,dense_upper,4.972413876203063e-07,7262,b6b9858c647d5a1409117281223eefd185ee2cfb86b8dee8f7e0100fc853eb06,experiments/mirror_applications/ma-268-ia3-mirror-activation-views/artifacts/payloads/26811_1_aligned_rotation_6_dense_upper.bin,0.00046384600864257663,4.124100087210536e-05,0,128,512
26811,1,aligned_rotation,7,no_view,1.0,3158,12d2bec1d569a4b78fc9d94f6f36a2eb7c733e052efaeee4bebf431d4000cc29,experiments/mirror_applications/ma-268-ia3-mirror-activation-views/artifacts/payloads/26811_1_aligned_rotation_7_no_view.bin,0.0,2.788199344649911e-05,0,128,512
26811,1,aligned_rotation,7,mirror_givens,3.965403649885957e-08,3167,9eec273cf222a4d9d669736c0fb31ef9b7fa10d71a58cd88eb6b7d969f87182c,experiments/mirror_applications/ma-268-ia3-mirror-activation-views/artifacts/payloads/26811_1_aligned_rotation_7_mirror_givens.bin,0.03600537500460632,8.642800094094127e-05,0,128,512
26811,1,aligned_rotation,7,ia3,0.06896024942398071,3283,affc936b63b992c59ca27df01f426ce9776ef86c40f7b54a28789fc5b8490655,experiments/mirror_applications/ma-268-ia3-mirror-activation-views/artifacts/payloads/26811_1_aligned_rotation_7_ia3.bin,0.01282692200038582,3.200799983460456e-05,100,128,512
26811,1,aligned_rotation,7,dense_upper,5.002601710657473e-07,7262,58a902b4ff5b19c2c265e1d5a7ac051255231ad19536282e59312fcb32164ed0,experiments/mirror_applications/ma-268-ia3-mirror-activation-views/artifacts/payloads/26811_1_aligned_rotation_7_dense_upper.bin,0.0004117190110264346,4.52470121672377e-05,0,128,512
26811,1,independent_diagonal,0,no_view,1.0,3158,12d2bec1d569a4b78fc9d94f6f36a2eb7c733e052efaeee4bebf431d4000cc29,experiments/mirror_applications/ma-268-ia3-mirror-activation-views/artifacts/payloads/26811_1_independent_diagonal_0_no_view.bin,0.0,2.9162998544052243e-05,0,128,512
26811,1,independent_diagonal,0,ia3,1.2309717476455262e-06,3283,7dd980a8d63f6137701c47a8e69003ebbc7214162ca86443e4ad915332ea8e44,experiments/mirror_applications/ma-268-ia3-mirror-activation-views/artifacts/payloads/26811_1_independent_diagonal_0_ia3.bin,0.025070842006243765,3.2598007237538695e-05,100,128,512
26811,1,independent_diagonal,0,dense_upper,4.7260434143936436e-07,7262,c1bf99448e2cbed67c463ec672ad934906862f396d0697f60d3ec14483bc0e6a,experiments/mirror_applications/ma-268-ia3-mirror-activation-views/artifacts/payloads/26811_1_independent_diagonal_0_dense_upper.bin,0.00034532000427134335,4.245300078764558e-05,0,128,512
26811,1,independent_diagonal,1,no_view,1.0,3158,12d2bec1d569a4b78fc9d94f6f36a2eb7c733e052efaeee4bebf431d4000cc29,experiments/mirror_applications/ma-268-ia3-mirror-activation-views/artifacts/payloads/26811_1_independent_diagonal_1_no_view.bin,0.0,2.9333998099900782e-05,0,128,512
26811,1,independent_diagonal,1,ia3,8.553388965992781e-07,3283,ccaf7ab6fadb0c4da4c2304cdd5c764dd62b8a265209391b1fd5415d74278093,experiments/mirror_applications/ma-268-ia3-mirror-activation-views/artifacts/payloads/26811_1_independent_diagonal_1_ia3.bin,0.019343510997714475,3.447099879849702e-05,100,128,512
26811,1,independent_diagonal,1,dense_upper,4.883091833107756e-07,7262,be1041dcae3635a5ef5a71cb9dea0cd6a6da79a9ee4f7efdf9ec6bf738be2d34,experiments/mirror_applications/ma-268-ia3-mirror-activation-views/artifacts/payloads/26811_1_independent_diagonal_1_dense_upper.bin,0.0002894079952966422,4.372499824967235e-05,0,128,512
26811,1,independent_diagonal,2,no_view,1.0,3158,12d2bec1d569a4b78fc9d94f6f36a2eb7c733e052efaeee4bebf431d4000cc29,experiments/mirror_applications/ma-268-ia3-mirror-activation-views/artifacts/payloads/26811_1_independent_diagonal_2_no_view.bin,0.0,2.6869995053857565e-05,0,128,512
26811,1,independent_diagonal,2,ia3,1.9536662421160145e-06,3283,3ca217d5e442b3b57be09666ac18680a6546df1d6db6924a58f7cc004dea94fc,experiments/mirror_applications/ma-268-ia3-mirror-activation-views/artifacts/payloads/26811_1_independent_diagonal_2_ia3.bin,0.024502430998836644,3.589301195461303e-05,100,128,512
26811,1,independent_diagonal,2,dense_upper,5.175219826014654e-07,7262,189ed9ba62c9eed0053fd8cc28b517f135ae98cc3c153cc5768ab9979b8c0f04,experiments/mirror_applications/ma-268-ia3-mirror-activation-views/artifacts/payloads/26811_1_independent_diagonal_2_dense_upper.bin,0.0003298069932498038,4.387499939184636e-05,0,128,512
26811,1,independent_diagonal,3,no_view,1.0,3158,12d2bec1d569a4b78fc9d94f6f36a2eb7c733e052efaeee4bebf431d4000cc29,experiments/mirror_applications/ma-268-ia3-mirror-activation-views/artifacts/payloads/26811_1_independent_diagonal_3_no_view.bin,0.0,2.7901012799702585e-05,0,128,512
26811,1,independent_diagonal,3,ia3,1.228480300596857e-06,3283,4d7b05b23ba3cee35ced3fc7f894cc3fce3effbe569570bb5401432003a996ce,experiments/mirror_applications/ma-268-ia3-mirror-activation-views/artifacts/payloads/26811_1_independent_diagonal_3_ia3.bin,0.023389055000734515,3.607400867622346e-05,100,128,512
26811,1,independent_diagonal,3,dense_upper,5.138962819728476e-07,7262,c9e02317b6d12e635610f84bc19cb1f73f61b7ea82ab015a810f03ea725c2742,experiments/mirror_applications/ma-268-ia3-mirror-activation-views/artifacts/payloads/26811_1_independent_diagonal_3_dense_upper.bin,0.0003650700091384351,4.439600161276758e-05,0,128,512
26811,1,independent_diagonal,4,no_view,1.0,3158,12d2bec1d569a4b78fc9d94f6f36a2eb7c733e052efaeee4bebf431d4000cc29,experiments/mirror_applications/ma-268-ia3-mirror-activation-views/artifacts/payloads/26811_1_independent_diagonal_4_no_view.bin,0.0,2.6138994144275784e-05,0,128,512
26811,1,independent_diagonal,4,ia3,1.285734583689191e-06,3283,13352d3fb8b506892e91f351de9175e5e30e4d962308aacb3e9c4f5c26e6053a,experiments/mirror_applications/ma-268-ia3-mirror-activation-views/artifacts/payloads/26811_1_independent_diagonal_4_ia3.bin,0.019955526004196145,3.318900417070836e-05,100,128,512
26811,1,independent_diagonal,4,dense_upper,4.922509333482594e-07,7262,c5ab6497515ced16edfb81147b22b3ae37c24882c25e67970c2b88ea80c98e0b,experiments/mirror_applications/ma-268-ia3-mirror-activation-views/artifacts/payloads/26811_1_independent_diagonal_4_dense_upper.bin,0.00035067900898866355,4.308400093577802e-05,0,128,512
26811,1,independent_diagonal,5,no_view,1.0,3158,12d2bec1d569a4b78fc9d94f6f36a2eb7c733e052efaeee4bebf431d4000cc29,experiments/mirror_applications/ma-268-ia3-mirror-activation-views/artifacts/payloads/26811_1_independent_diagonal_5_no_view.bin,0.0,2.9022994567640126e-05,0,128,512
26811,1,independent_diagonal,5,ia3,1.1649568705252022e-06,3283,541a8206918125a40042689c40dd5353ddc0f9350d886e56eb2082be5e73d2fa,experiments/mirror_applications/ma-268-ia3-mirror-activation-views/artifacts/payloads/26811_1_independent_diagonal_5_ia3.bin,0.019497728993883356,3.398999979253858e-05,100,128,512
26811,1,independent_diagonal,5,dense_upper,5.056866143604566e-07,7262,e3694a89cfcd6cd29b6982735ab1e33a5f0db158eb8713870c2f8687dfe06f07,experiments/mirror_applications/ma-268-ia3-mirror-activation-views/artifacts/payloads/26811_1_independent_diagonal_5_dense_upper.bin,0.0003748739982256666,8.43050074763596e-05,0,128,512
26811,1,independent_diagonal,6,no_view,1.0,3158,12d2bec1d569a4b78fc9d94f6f36a2eb7c733e052efaeee4bebf431d4000cc29,experiments/mirror_applications/ma-268-ia3-mirror-activation-views/artifacts/payloads/26811_1_independent_diagonal_6_no_view.bin,0.0,2.6488996809348464e-05,0,128,512
26811,1,independent_diagonal,6,ia3,9.244122338714078e-07,3283,4282c094c06e76da30aa4aecf5f0fc23c7956026dbfac97823d4b5ec97da1ead,experiments/mirror_applications/ma-268-ia3-mirror-activation-views/artifacts/payloads/26811_1_independent_diagonal_6_ia3.bin,0.02262221999990288,3.300901153124869e-05,100,128,512
26811,1,independent_diagonal,6,dense_upper,5.344154487829655e-07,7262,0909f3156e3f145da455a6416e5861d861acb52bffe66db1331f9984abfd8797,experiments/mirror_applications/ma-268-ia3-mirror-activation-views/artifacts/payloads/26811_1_independent_diagonal_6_dense_upper.bin,0.0003242599923396483,4.487599653657526e-05,0,128,512
26811,1,independent_diagonal,7,no_view,1.0,3158,12d2bec1d569a4b78fc9d94f6f36a2eb7c733e052efaeee4bebf431d4000cc29,experiments/mirror_applications/ma-268-ia3-mirror-activation-views/artifacts/payloads/26811_1_independent_diagonal_7_no_view.bin,0.0,3.1736999517306685e-05,0,128,512
26811,1,independent_diagonal,7,ia3,1.2868732710558106e-06,3283,9b7217549d9dcc6edeea4bd6c12a6f53d4ac7318559758446efe661a30ae85b6,experiments/mirror_applications/ma-268-ia3-mirror-activation-views/artifacts/payloads/26811_1_independent_diagonal_7_ia3.bin,0.020712735000415705,3.710499731823802e-05,100,128,512
26811,1,independent_diagonal,7,dense_upper,4.826350163966708e-07,7262,413f1899391d254cdf7b154d8e4f21cee63980bb84ad184c71ea42b99254d9b6,experiments/mirror_applications/ma-268-ia3-mirror-activation-views/artifacts/payloads/26811_1_independent_diagonal_7_dense_upper.bin,0.0003283260011812672,4.4114989577792585e-05,0,128,512
26811,2,aligned_rotation,0,no_view,1.0,3158,a2b27dffbba3a13b4aef2e906786abc7b0c20407187f03af1e519c673871ba77,experiments/mirror_applications/ma-268-ia3-mirror-activation-views/artifacts/payloads/26811_2_aligned_rotation_0_no_view.bin,0.0,1.952899037860334e-05,0,128,512
26811,2,aligned_rotation,0,mirror_givens,0.0,3167,f369d007fc61252c749df9272dd3b7685026333b0690ce3d5421808ada6abc70,experiments/mirror_applications/ma-268-ia3-mirror-activation-views/artifacts/payloads/26811_2_aligned_rotation_0_mirror_givens.bin,0.029755450988886878,7.663399446755648e-05,0,128,512
26811,2,aligned_rotation,0,ia3,0.07726296037435532,3283,105a62da3818143d7f684cf75daf9eaa3540a62e2e3be243f9987e541de67b55,experiments/mirror_applications/ma-268-ia3-mirror-activation-views/artifacts/payloads/26811_2_aligned_rotation_0_ia3.bin,0.012949083000421524,3.0005001462996006e-05,100,128,512
26811,2,aligned_rotation,0,dense_upper,4.348930815467611e-07,7262,31ba16f4691dc632836c95d93589a7bf93f42e88e4256df7992816cd8b6e5990,experiments/mirror_applications/ma-268-ia3-mirror-activation-views/artifacts/payloads/26811_2_aligned_rotation_0_dense_upper.bin,0.0003205840039299801,2.986399340443313e-05,0,128,512
26811,2,aligned_rotation,1,no_view,1.0,3158,a2b27dffbba3a13b4aef2e906786abc7b0c20407187f03af1e519c673871ba77,experiments/mirror_applications/ma-268-ia3-mirror-activation-views/artifacts/payloads/26811_2_aligned_rotation_1_no_view.bin,0.0,9.15549899218604e-05,0,128,512
26811,2,aligned_rotation,1,mirror_givens,0.0,3167,926f79e6ffd7b671b161a3834e48e81046752057aab7f08f210cd44e2bfe332f,experiments/mirror_applications/ma-268-ia3-mirror-activation-views/artifacts/payloads/26811_2_aligned_rotation_1_mirror_givens.bin,0.027409841990447603,0.00014483400445897132,0,128,512
26811,2,aligned_rotation,1,ia3,0.0577322319149971,3283,0a792a2b82e47608f0f1309842405e174fe9ce44a0f75052b60057c70cb326d6,experiments/mirror_applications/ma-268-ia3-mirror-activation-views/artifacts/payloads/26811_2_aligned_rotation_1_ia3.bin,0.015029670001240447,5.998900451231748e-05,100,128,512
26811,2,aligned_rotation,1,dense_upper,4.092537437827559e-07,7262,43e97bbf885b1395f7b05fff59d3cc61cb377265394c6152c5b1a355347289e7,experiments/mirror_applications/ma-268-ia3-mirror-activation-views/artifacts/payloads/26811_2_aligned_rotation_1_dense_upper.bin,0.00037923100171610713,6.02590007474646e-05,0,128,512
26811,2,aligned_rotation,2,no_view,1.0,3158,a2b27dffbba3a13b4aef2e906786abc7b0c20407187f03af1e519c673871ba77,experiments/mirror_applications/ma-268-ia3-mirror-activation-views/artifacts/payloads/26811_2_aligned_rotation_2_no_view.bin,0.0,2.4706998374313116e-05,0,128,512
26811,2,aligned_rotation,2,mirror_givens,0.0,3167,4b4ce81945fb7a21a7774609eae9098af65d4719bd4c544c2f852cd0026550bd,experiments/mirror_applications/ma-268-ia3-mirror-activation-views/artifacts/payloads/26811_2_aligned_rotation_2_mirror_givens.bin,0.02790539400302805,6.984300853218883e-05,0,128,512
26811,2,aligned_rotation,2,ia3,0.035733144730329514,3283,ac0d7a0bfccd88610f58242610c86c064301e6d602160be0fb5aa4d584208de5,experiments/mirror_applications/ma-268-ia3-mirror-activation-views/artifacts/payloads/26811_2_aligned_rotation_2_ia3.bin,0.010792934001074173,3.2437994377687573e-05,100,128,512
26811,2,aligned_rotation,2,dense_upper,4.3417372808107757e-07,7262,939f193c41bc47c7c7e220ac8b1f97e587af3d8c6a19cf2ade6648f5d400650d,experiments/mirror_applications/ma-268-ia3-mirror-activation-views/artifacts/payloads/26811_2_aligned_rotation_2_dense_upper.bin,0.0005017319926992059,2.986499748658389e-05,0,128,512
26811,2,aligned_rotation,3,no_view,1.0,3158,a2b27dffbba3a13b4aef2e906786abc7b0c20407187f03af1e519c673871ba77,experiments/mirror_applications/ma-268-ia3-mirror-activation-views/artifacts/payloads/26811_2_aligned_rotation_3_no_view.bin,0.0,1.8888007616624236e-05,0,128,512
26811,2,aligned_rotation,3,mirror_givens,0.0,3167,bb5d1a7f2091ffb3f2bf9680407fb26e8d1fc575ac70426f5fb2937c94e5408e,experiments/mirror_applications/ma-268-ia3-mirror-activation-views/artifacts/payloads/26811_2_aligned_rotation_3_mirror_givens.bin,0.028734991006786004,7.290799112524837e-05,0,128,512
26811,2,aligned_rotation,3,ia3,0.012117679230868816,3283,463816720f56d05f69866387fbd57ad62381ee8bc7cd2c61118c8619a12a75c4,experiments/mirror_applications/ma-268-ia3-mirror-activation-views/artifacts/payloads/26811_2_aligned_rotation_3_ia3.bin,0.010158424993278459,3.11659969156608e-05,100,128,512
26811,2,aligned_rotation,3,dense_upper,3.8794860302004963e-07,7262,d6cd81193ca0819ca8e2e0cd4415e832254408a7be0d91d5fcda54c0beabde3d,experiments/mirror_applications/ma-268-ia3-mirror-activation-views/artifacts/payloads/26811_2_aligned_rotation_3_dense_upper.bin,0.0005420920060714707,9.510100062470883e-05,0,128,512
26811,2,aligned_rotation,4,no_view,1.0,3158,a2b27dffbba3a13b4aef2e906786abc7b0c20407187f03af1e519c673871ba77,experiments/mirror_applications/ma-268-ia3-mirror-activation-views/artifacts/payloads/26811_2_aligned_rotation_4_no_view.bin,0.0,2.358399797230959e-05,0,128,512
26811,2,aligned_rotation,4,mirror_givens,2.1393846694195418e-08,3167,f7e26d9e97f63f3f907c78181fdf2e14ed5bfbc5aeb69f10fdbb988f9e39dee6,experiments/mirror_applications/ma-268-ia3-mirror-activation-views/artifacts/payloads/26811_2_aligned_rotation_4_mirror_givens.bin,0.025717008000356145,7.214699871838093e-05,0,128,512
26811,2,aligned_rotation,4,ia3,0.01215584296733141,3283,a01decd57f52569e1428cf72d372a115d0d1eeadf4eef852dd3dbccebe55c8e8,experiments/mirror_applications/ma-268-ia3-mirror-activation-views/artifacts/payloads/26811_2_aligned_rotation_4_ia3.bin,0.011111184998298995,2.741000207606703e-05,100,128,512
26811,2,aligned_rotation,4,dense_upper,4.2964040858350927e-07,7262,d645f257b7ac10083ffb2f38b0cf4ed9a484292ee107b4e964484929fb310949,experiments/mirror_applications/ma-268-ia3-mirror-activation-views/artifacts/payloads/26811_2_aligned_rotation_4_dense_upper.bin,0.00029634800739586353,2.9183007427491248e-05,0,128,512
26811,2,aligned_rotation,5,no_view,1.0,3158,a2b27dffbba3a13b4aef2e906786abc7b0c20407187f03af1e519c673871ba77,experiments/mirror_applications/ma-268-ia3-mirror-activation-views/artifacts/payloads/26811_2_aligned_rotation_5_no_view.bin,0.0,2.0370003767311573e-05,0,128,512
26811,2,aligned_rotation,5,mirror_givens,0.0,3167,17f99520fe99e7d448fd983a83b1fbaabbe120259c98d58b4bb6f14f13324608,experiments/mirror_applications/ma-268-ia3-mirror-activation-views/artifacts/payloads/26811_2_aligned_rotation_5_mirror_givens.bin,0.024887100007617846,7.26870057405904e-05,0,128,512
26811,2,aligned_rotation,5,ia3,0.03605952858924866,3283,64ebf4e6f92134d94b651779a4fdc82d7f620fc6f183815f6b3e64afc041b58d,experiments/mirror_applications/ma-268-ia3-mirror-activation-views/artifacts/payloads/26811_2_aligned_rotation_5_ia3.bin,0.012825560988858342,2.877300721593201e-05,100,128,512
26811,2,aligned_rotation,5,dense_upper,4.056745410707663e-07,7262,00a877f62d57012d4c0a7aed9d108d8117f9ee8348fba45a5ce9e666309c145a,experiments/mirror_applications/ma-268-ia3-mirror-activation-views/artifacts/payloads/26811_2_aligned_rotation_5_dense_upper.bin,0.000341445003869012,2.9443006496876478e-05,0,128,512
26811,2,aligned_rotation,6,no_view,1.0,3158,a2b27dffbba3a13b4aef2e906786abc7b0c20407187f03af1e519c673871ba77,experiments/mirror_applications/ma-268-ia3-mirror-activation-views/artifacts/payloads/26811_2_aligned_rotation_6_no_view.bin,0.0,2.250299439765513e-05,0,128,512
26811,2,aligned_rotation,6,mirror_givens,0.0,3167,f36fac8c46a697c91b0e84c80d33c5959faa94fc30a09f8f3011c4a1aa8fedfd,experiments/mirror_applications/ma-268-ia3-mirror-activation-views/artifacts/payloads/26811_2_aligned_rotation_6_mirror_givens.bin,0.02818494799430482,6.913200195413083e-05,0,128,512
26811,2,aligned_rotation,6,ia3,0.058546051383018494,3283,96963e7eca2a65d76ec413b431db720f3cc5f461caec9b16a540ae1d84a5b07a,experiments/mirror_applications/ma-268-ia3-mirror-activation-views/artifacts/payloads/26811_2_aligned_rotation_6_ia3.bin,0.01052468700800091,0.0015491810045205057,100,128,512
26811,2,aligned_rotation,6,dense_upper,4.0939249856819515e-07,7262,a4f231a088eb0082075e059d8af46ae315234a35e621cdee0dab4ee147ae2af5,experiments/mirror_applications/ma-268-ia3-mirror-activation-views/artifacts/payloads/26811_2_aligned_rotation_6_dense_upper.bin,0.0003512289986247197,4.4025000534020364e-05,0,128,512
26811,2,aligned_rotation,7,no_view,1.0,3158,a2b27dffbba3a13b4aef2e906786abc7b0c20407187f03af1e519c673871ba77,experiments/mirror_applications/ma-268-ia3-mirror-activation-views/artifacts/payloads/26811_2_aligned_rotation_7_no_view.bin,0.0,6.533699342980981e-05,0,128,512
26811,2,aligned_rotation,7,mirror_givens,4.630633654301164e-08,3167,05a2398675a9ab263eeb719b6a463518d27c7fe24a00266bac96a246b8ab92f8,experiments/mirror_applications/ma-268-ia3-mirror-activation-views/artifacts/payloads/26811_2_aligned_rotation_7_mirror_givens.bin,0.03060438700777013,0.0006851229991298169,0,128,512
26811,2,aligned_rotation,7,ia3,0.07861796021461487,3283,cfeee49294804f4b8d579e10e183ae825f58cfb2c15ca9dfae7a5eb38fcf5df9,experiments/mirror_applications/ma-268-ia3-mirror-activation-views/artifacts/payloads/26811_2_aligned_rotation_7_ia3.bin,0.01581832699594088,2.9022994567640126e-05,100,128,512
26811,2,aligned_rotation,7,dense_upper,4.2544286316115176e-07,7262,dc439151a46cf491c64e2a01a80842dc14f16e22af53fe674dc9026aa6d9ef15,experiments/mirror_applications/ma-268-ia3-mirror-activation-views/artifacts/payloads/26811_2_aligned_rotation_7_dense_upper.bin,0.0005956109962426126,0.00012934200640302151,0,128,512
26811,2,independent_diagonal,0,no_view,1.0,3158,a2b27dffbba3a13b4aef2e906786abc7b0c20407187f03af1e519c673871ba77,experiments/mirror_applications/ma-268-ia3-mirror-activation-views/artifacts/payloads/26811_2_independent_diagonal_0_no_view.bin,0.0,1.96089968085289e-05,0,128,512
26811,2,independent_diagonal,0,ia3,5.335576247489371e-07,3283,dcf4f9ec2c14d9036b26595ac55e81a6a783721d8213068adbce0b4b1d391dc1,experiments/mirror_applications/ma-268-ia3-mirror-activation-views/artifacts/payloads/26811_2_independent_diagonal_0_ia3.bin,0.01812868399429135,0.0002335050085093826,100,128,512
26811,2,independent_diagonal,0,dense_upper,4.2289656221328187e-07,7262,0c3e58c7ffd64e372b51eab1efca199684c58e764dd34e4d965abb056bf88b29,experiments/mirror_applications/ma-268-ia3-mirror-activation-views/artifacts/payloads/26811_2_independent_diagonal_0_dense_upper.bin,0.0002685269864741713,3.0105002224445343e-05,0,128,512
26811,2,independent_diagonal,1,no_view,1.0,3158,a2b27dffbba3a13b4aef2e906786abc7b0c20407187f03af1e519c673871ba77,experiments/mirror_applications/ma-268-ia3-mirror-activation-views/artifacts/payloads/26811_2_independent_diagonal_1_no_view.bin,0.0,1.8597987946122885e-05,0,128,512
26811,2,independent_diagonal,1,ia3,6.258991902541311e-07,3283,a8a652bbd4b758f4aaf78b82ac58c7dfc803c5dc1e7fcb55ffa053f06e81cace,experiments/mirror_applications/ma-268-ia3-mirror-activation-views/artifacts/payloads/26811_2_independent_diagonal_1_ia3.bin,0.01718288499978371,3.200799983460456e-05,100,128,512
26811,2,independent_diagonal,1,dense_upper,3.934327708066121e-07,7262,f8a350a64ff9ba680508dc2ec57137f752065452d463c6ad8d8bf7a7d69e05d4,experiments/mirror_applications/ma-268-ia3-mirror-activation-views/artifacts/payloads/26811_2_independent_diagonal_1_dense_upper.bin,0.000343108011293225,3.020401345565915e-05,0,128,512
26811,2,independent_diagonal,2,no_view,1.0,3158,a2b27dffbba3a13b4aef2e906786abc7b0c20407187f03af1e519c673871ba77,experiments/mirror_applications/ma-268-ia3-mirror-activation-views/artifacts/payloads/26811_2_independent_diagonal_2_no_view.bin,0.0,1.9988990970887244e-05,0,128,512
26811,2,independent_diagonal,2,ia3,7.299660182980006e-07,3283,78ec4c7df466ebdbe41333074cffbf1d4b732a5fc73f4a93803ff9ba996bb47e,experiments/mirror_applications/ma-268-ia3-mirror-activation-views/artifacts/payloads/26811_2_independent_diagonal_2_ia3.bin,0.019381265999982134,2.5778004783205688e-05,100,128,512
26811,2,independent_diagonal,2,dense_upper,4.324270719280321e-07,7262,d453b3f789d873480a63a3e5a287095e46a79abe9fe70e1c233939e5141bcd9c,experiments/mirror_applications/ma-268-ia3-mirror-activation-views/artifacts/payloads/26811_2_independent_diagonal_2_dense_upper.bin,0.0002811760059557855,3.0395007343031466e-05,0,128,512
26811,2,independent_diagonal,3,no_view,1.0,3158,a2b27dffbba3a13b4aef2e906786abc7b0c20407187f03af1e519c673871ba77,experiments/mirror_applications/ma-268-ia3-mirror-activation-views/artifacts/payloads/26811_2_independent_diagonal_3_no_view.bin,0.0,3.201799700036645e-05,0,128,512
26811,2,independent_diagonal,3,ia3,4.793236598743533e-07,3283,7a15692a1753fb5a76983e933b5c01239a36bb1de3ec4a24d924f4c0d3e5cf81,experiments/mirror_applications/ma-268-ia3-mirror-activation-views/artifacts/payloads/26811_2_independent_diagonal_3_ia3.bin,0.018088599987095222,3.3980002626776695e-05,100,128,512
26811,2,independent_diagonal,3,dense_upper,4.13383048680771e-07,7262,eac0774e717e26e032a903098d1133543b3e9b355953a272906ae906b2c1a49e,experiments/mirror_applications/ma-268-ia3-mirror-activation-views/artifacts/payloads/26811_2_independent_diagonal_3_dense_upper.bin,0.0003638279886217788,4.48159989900887e-05,0,128,512
26811,2,independent_diagonal,4,no_view,1.0,3158,a2b27dffbba3a13b4aef2e906786abc7b0c20407187f03af1e519c673871ba77,experiments/mirror_applications/ma-268-ia3-mirror-activation-views/artifacts/payloads/26811_2_independent_diagonal_4_no_view.bin,0.0,2.6108988095074892e-05,0,128,512
26811,2,independent_diagonal,4,ia3,6.62674779050576e-07,3283,ce98c321325f0441715eb6e84619ab7d787d363e5c45858040457e396e0754d5,experiments/mirror_applications/ma-268-ia3-mirror-activation-views/artifacts/payloads/26811_2_independent_diagonal_4_ia3.bin,0.01985420600976795,3.221799852326512e-05,100,128,512
26811,2,independent_diagonal,4,dense_upper,4.1465759181846806e-07,7262,54975d9b9dde11f320d937b21837256f9751cfa9b8b3c129366c66774ec90a64,experiments/mirror_applications/ma-268-ia3-mirror-activation-views/artifacts/payloads/26811_2_independent_diagonal_4_dense_upper.bin,0.000317960002576001,4.485600220505148e-05,0,128,512
26811,2,independent_diagonal,5,no_view,1.0,3158,a2b27dffbba3a13b4aef2e906786abc7b0c20407187f03af1e519c673871ba77,experiments/mirror_applications/ma-268-ia3-mirror-activation-views/artifacts/payloads/26811_2_independent_diagonal_5_no_view.bin,0.0,2.581799344625324e-05,0,128,512
26811,2,independent_diagonal,5,ia3,9.823543223319575e-07,3283,fe75358a94acbb55117cec7d8fc3b0c2eba6f1eb20b994a272303568a6ea1a34,experiments/mirror_applications/ma-268-ia3-mirror-activation-views/artifacts/payloads/26811_2_independent_diagonal_5_ia3.bin,0.018868168001063168,3.771600313484669e-05,100,128,512
26811,2,independent_diagonal,5,dense_upper,4.1970335473706655e-07,7262,285cd5acb30df62c4de13b2690f604c86b52116500b6524a629dc2046bd94e28,experiments/mirror_applications/ma-268-ia3-mirror-activation-views/artifacts/payloads/26811_2_independent_diagonal_5_dense_upper.bin,0.0002701089979382232,4.262301081325859e-05,0,128,512
26811,2,independent_diagonal,6,no_view,1.0,3158,a2b27dffbba3a13b4aef2e906786abc7b0c20407187f03af1e519c673871ba77,experiments/mirror_applications/ma-268-ia3-mirror-activation-views/artifacts/payloads/26811_2_independent_diagonal_6_no_view.bin,0.0,2.0280000171624124e-05,0,128,512
26811,2,independent_diagonal,6,ia3,1.069796326191863e-06,3283,b76713b1e416ae7d310411e7b93fcd83323b2d3e7c7d6571640b7b1182a7c049,experiments/mirror_applications/ma-268-ia3-mirror-activation-views/artifacts/payloads/26811_2_independent_diagonal_6_ia3.bin,0.02047719800611958,3.0195005820132792e-05,100,128,512
26811,2,independent_diagonal,6,dense_upper,3.8380687783501344e-07,7262,c629c14a025e74541c903d47fd896452e816c5f81bd8b73288992b56ed89013b,experiments/mirror_applications/ma-268-ia3-mirror-activation-views/artifacts/payloads/26811_2_independent_diagonal_6_dense_upper.bin,0.0002483869902789593,3.1517003662884235e-05,0,128,512
26811,2,independent_diagonal,7,no_view,1.0,3158,a2b27dffbba3a13b4aef2e906786abc7b0c20407187f03af1e519c673871ba77,experiments/mirror_applications/ma-268-ia3-mirror-activation-views/artifacts/payloads/26811_2_independent_diagonal_7_no_view.bin,0.0,1.926800177898258e-05,0,128,512
26811,2,independent_diagonal,7,ia3,8.972503451332159e-07,3283,ee7df24a7bd931aaec4523c382f4fc6512b487089c12d9959c8d0d1ecb2c8c83,experiments/mirror_applications/ma-268-ia3-mirror-activation-views/artifacts/payloads/26811_2_independent_diagonal_7_ia3.bin,0.014078783002332784,2.7030007913708687e-05,100,128,512
26811,2,independent_diagonal,7,dense_upper,3.9740294255352637e-07,7262,85776b355723032f9a73efba7e9cf8bd19f29303e612ed3505e70a3585573eeb,experiments/mirror_applications/ma-268-ia3-mirror-activation-views/artifacts/payloads/26811_2_independent_diagonal_7_dense_upper.bin,0.00021501800802070647,3.0434996006079018e-05,0,128,512
26812,0,aligned_rotation,0,no_view,1.0,3158,f1e645fd5872e5e12280c93132bfe0ebbc13de903fcdbf57b8ec6a7e7a191854,experiments/mirror_applications/ma-268-ia3-mirror-activation-views/artifacts/payloads/26812_0_aligned_rotation_0_no_view.bin,0.0,1.9039012840949e-05,0,128,512
26812,0,aligned_rotation,0,mirror_givens,0.0,3167,e532c924bf858e687f9285057d626ce9ea477de627314523e987c42fa12d3f29,experiments/mirror_applications/ma-268-ia3-mirror-activation-views/artifacts/payloads/26812_0_aligned_rotation_0_mirror_givens.bin,0.023290308003197424,9.513100667390972e-05,0,128,512
26812,0,aligned_rotation,0,ia3,0.08476617187261581,3283,fa91cf0e113d734a12b900182f4286452de5889bef25a86eff4a5a8947fbe404,experiments/mirror_applications/ma-268-ia3-mirror-activation-views/artifacts/payloads/26812_0_aligned_rotation_0_ia3.bin,0.011080818992923014,2.8031005058437586e-05,100,128,512
26812,0,aligned_rotation,0,dense_upper,6.268692231969908e-07,7262,b5b97ff349450d1b074c5f1b631c2a6fa5eb29a6bfa55180f3ecd41e7f99f389,experiments/mirror_applications/ma-268-ia3-mirror-activation-views/artifacts/payloads/26812_0_aligned_rotation_0_dense_upper.bin,0.00024601399491075426,2.9264003387652338e-05,0,128,512
26812,0,aligned_rotation,1,no_view,1.0,3158,f1e645fd5872e5e12280c93132bfe0ebbc13de903fcdbf57b8ec6a7e7a191854,experiments/mirror_applications/ma-268-ia3-mirror-activation-views/artifacts/payloads/26812_0_aligned_rotation_1_no_view.bin,0.0,1.9989995053038e-05,0,128,512
26812,0,aligned_rotation,1,mirror_givens,0.0,3167,d12688d7aec56e36142d6ca4527895b3f8828b3c91179d6cb3d878136fa843eb,experiments/mirror_applications/ma-268-ia3-mirror-activation-views/artifacts/payloads/26812_0_aligned_rotation_1_mirror_givens.bin,0.023223609998240136,7.272699440363795e-05,0,128,512
26812,0,aligned_rotation,1,ia3,0.06370457261800766,3283,f6f68f26bab5ed0984a877496e74a0866355152496211e2ccaac9bca2365ee1d,experiments/mirror_applications/ma-268-ia3-mirror-activation-views/artifacts/payloads/26812_0_aligned_rotation_1_ia3.bin,0.01040517100773286,2.685000072233379e-05,100,128,512
26812,0,aligned_rotation,1,dense_upper,6.553215712301608e-07,7262,8ee4a6fc07fbdffc478e03eb4e235821421121a211f401da6063b84f5d875fa9,experiments/mirror_applications/ma-268-ia3-mirror-activation-views/artifacts/payloads/26812_0_aligned_rotation_1_dense_upper.bin,0.00027485599275678396,2.9103000997565687e-05,0,128,512
26812,0,aligned_rotation,2,no_view,1.0,3158,f1e645fd5872e5e12280c93132bfe0ebbc13de903fcdbf57b8ec6a7e7a191854,experiments/mirror_applications/ma-268-ia3-mirror-activation-views/artifacts/payloads/26812_0_aligned_rotation_2_no_view.bin,0.0,1.9238999811932445e-05,0,128,512
26812,0,aligned_rotation,2,mirror_givens,0.0,3167,3e5831a26b3f1452f193d0b4cf3b6490ac51d68c411716be2ec26b0ab5bea571,experiments/mirror_applications/ma-268-ia3-mirror-activation-views/artifacts/payloads/26812_0_aligned_rotation_2_mirror_givens.bin,0.02359854399401229,7.763499161228538e-05,0,128,512
26812,0,aligned_rotation,2,ia3,0.039565470069646835,3283,dda0f5fa8399680ad8f06af908c077b42f50d5b40a19b586b44d974ce99153dc,experiments/mirror_applications/ma-268-ia3-mirror-activation-views/artifacts/payloads/26812_0_aligned_rotation_2_ia3.bin,0.014748374000191689,2.6990004698745906e-05,100,128,512
26812,0,aligned_rotation,2,dense_upper,6.405331305359141e-07,7262,4ec9d1572452368d4a1c75380e56082297fabedd46712a5940849ef62226e263,experiments/mirror_applications/ma-268-ia3-mirror-activation-views/artifacts/payloads/26812_0_aligned_rotation_2_dense_upper.bin,0.00029787000676151365,2.904300345107913e-05,0,128,512
26812,0,aligned_rotation,3,no_view,1.0,3158,f1e645fd5872e5e12280c93132bfe0ebbc13de903fcdbf57b8ec6a7e7a191854,experiments/mirror_applications/ma-268-ia3-mirror-activation-views/artifacts/payloads/26812_0_aligned_rotation_3_no_view.bin,0.0,2.069000038318336e-05,0,128,512
26812,0,aligned_rotation,3,mirror_givens,1.6363514987460803e-08,3167,bfa58958763c1b940cb016505b6f4145a1cca4db1343e1af0ac92ce88e8b1006,experiments/mirror_applications/ma-268-ia3-mirror-activation-views/artifacts/payloads/26812_0_aligned_rotation_3_mirror_givens.bin,0.02293294000264723,0.00010565599950496107,0,128,512
26812,0,aligned_rotation,3,ia3,0.013429761864244938,3283,544bd6fcd4854873596c208d89c4365b75dafe269f66f31c43d1d99e4d945302,experiments/mirror_applications/ma-268-ia3-mirror-activation-views/artifacts/payloads/26812_0_aligned_rotation_3_ia3.bin,0.015148204998695292,2.7340996894054115e-05,100,128,512
26812,0,aligned_rotation,3,dense_upper,6.316608960332815e-07,7262,4ac885dea34b3f80c4e8aac5c645158c9cc7f1be858996ef25002226fcaa0547,experiments/mirror_applications/ma-268-ia3-mirror-activation-views/artifacts/payloads/26812_0_aligned_rotation_3_dense_upper.bin,0.00030173599952831864,2.9342991183511913e-05,0,128,512
26812,0,aligned_rotation,4,no_view,1.0,3158,f1e645fd5872e5e12280c93132bfe0ebbc13de903fcdbf57b8ec6a7e7a191854,experiments/mirror_applications/ma-268-ia3-mirror-activation-views/artifacts/payloads/26812_0_aligned_rotation_4_no_view.bin,0.0,2.2211999748833477e-05,0,128,512
26812,0,aligned_rotation,4,mirror_givens,2.1616703094196055e-08,3167,358351ea611c54509325f2c5d13afc2268792e0ce6f58cca47ced8e6dcccc561,experiments/mirror_applications/ma-268-ia3-mirror-activation-views/artifacts/payloads/26812_0_aligned_rotation_4_mirror_givens.bin,0.024139444009051658,7.409900717902929e-05,0,128,512
26812,0,aligned_rotation,4,ia3,0.013450146652758121,3283,dd0a551ecf7cd58c0879cb9386cfb586223d5ad14e7c22516d0bca8d1d1a258b,experiments/mirror_applications/ma-268-ia3-mirror-activation-views/artifacts/payloads/26812_0_aligned_rotation_4_ia3.bin,0.012555841007269919,2.640900493133813e-05,100,128,512
26812,0,aligned_rotation,4,dense_upper,6.4510049924138e-07,7262,72065dc7d7859589d093177fe778a391574c4e8eb3dd4ed7192dc4345c80c836,experiments/mirror_applications/ma-268-ia3-mirror-activation-views/artifacts/payloads/26812_0_aligned_rotation_4_dense_upper.bin,0.00033425500441808254,2.8691996703855693e-05,0,128,512
26812,0,aligned_rotation,5,no_view,1.0,3158,f1e645fd5872e5e12280c93132bfe0ebbc13de903fcdbf57b8ec6a7e7a191854,experiments/mirror_applications/ma-268-ia3-mirror-activation-views/artifacts/payloads/26812_0_aligned_rotation_5_no_view.bin,0.0,2.964399755001068e-05,0,128,512
26812,0,aligned_rotation,5,mirror_givens,0.0,3167,1c58e64bcaa1c904d8138f107bcd65535bdc6ad8c2587db6b9a48d398a7015ec,experiments/mirror_applications/ma-268-ia3-mirror-activation-views/artifacts/payloads/26812_0_aligned_rotation_5_mirror_givens.bin,0.03376412100624293,9.478999709244817e-05,0,128,512
26812,0,aligned_rotation,5,ia3,0.039734166115522385,3283,f3cf0c032e9462e58fc4b604712a87781b26c78c04054de82a0ee587c95285be,experiments/mirror_applications/ma-268-ia3-mirror-activation-views/artifacts/payloads/26812_0_aligned_rotation_5_ia3.bin,0.015124170007766224,3.235800249967724e-05,100,128,512
26812,0,aligned_rotation,5,dense_upper,6.364788305290858e-07,7262,03c1dc90bf8ede5aeb64d31253713eca4b2b065c673665972e2d298700b0342a,experiments/mirror_applications/ma-268-ia3-mirror-activation-views/artifacts/payloads/26812_0_aligned_rotation_5_dense_upper.bin,0.0003666119882836938,4.6999994083307683e-05,0,128,512
26812,0,aligned_rotation,6,no_view,1.0,3158,f1e645fd5872e5e12280c93132bfe0ebbc13de903fcdbf57b8ec6a7e7a191854,experiments/mirror_applications/ma-268-ia3-mirror-activation-views/artifacts/payloads/26812_0_aligned_rotation_6_no_view.bin,0.0,2.9274000553414226e-05,0,128,512
26812,0,aligned_rotation,6,mirror_givens,0.0,3167,0ebd852338cc38530bb73aad9847af58d7e90a189cef6b2fe5c01c88b3c7c7c2,experiments/mirror_applications/ma-268-ia3-mirror-activation-views/artifacts/payloads/26812_0_aligned_rotation_6_mirror_givens.bin,0.03055646500433795,0.00012783901183865964,0,128,512
26812,0,aligned_rotation,6,ia3,0.06410369277000427,3283,fd8a4e80a4cb2387404ae7e7a50de4285143be46311c5dd26c01428999b7da94,experiments/mirror_applications/ma-268-ia3-mirror-activation-views/artifacts/payloads/26812_0_aligned_rotation_6_ia3.bin,0.01562570199894253,3.7816003896296024e-05,100,128,512
26812,0,aligned_rotation,6,dense_upper,6.397656306944555e-07,7262,0e5c732a95a6f7265a24d768ec8430646ea7fa8a1a3b1960fbef986e2dc49f9d,experiments/mirror_applications/ma-268-ia3-mirror-activation-views/artifacts/payloads/26812_0_aligned_rotation_6_dense_upper.bin,0.0003660520014818758,4.5366992708295584e-05,0,128,512
26812,0,aligned_rotation,7,no_view,1.0,3158,f1e645fd5872e5e12280c93132bfe0ebbc13de903fcdbf57b8ec6a7e7a191854,experiments/mirror_applications/ma-268-ia3-mirror-activation-views/artifacts/payloads/26812_0_aligned_rotation_7_no_view.bin,0.0,2.767099067568779e-05,0,128,512
26812,0,aligned_rotation,7,mirror_givens,4.9302922633387425e-08,3167,36fa6c85d51c0d57f7ecef16ac6847e69b53e6db370438de751c2e8fa3f54a26,experiments/mirror_applications/ma-268-ia3-mirror-activation-views/artifacts/payloads/26812_0_aligned_rotation_7_mirror_givens.bin,0.030581162005546503,0.00014362198999151587,0,128,512
26812,0,aligned_rotation,7,ia3,0.08537701517343521,3283,a0a1e7e9f356774ff0a0ce7b958fe92fd13a3075d54331307b2106d0b99e27e2,experiments/mirror_applications/ma-268-ia3-mirror-activation-views/artifacts/payloads/26812_0_aligned_rotation_7_ia3.bin,0.015309544003685005,3.5011995350942016e-05,100,128,512
26812,0,aligned_rotation,7,dense_upper,6.392405111910193e-07,7262,d07c5678069c94e640fc8742bddf3af88ab01d724b6d53e4c364bb280c8b88fa,experiments/mirror_applications/ma-268-ia3-mirror-activation-views/artifacts/payloads/26812_0_aligned_rotation_7_dense_upper.bin,0.0004090849979547784,4.439600161276758e-05,0,128,512
26812,0,independent_diagonal,0,no_view,1.0,3158,f1e645fd5872e5e12280c93132bfe0ebbc13de903fcdbf57b8ec6a7e7a191854,experiments/mirror_applications/ma-268-ia3-mirror-activation-views/artifacts/payloads/26812_0_independent_diagonal_0_no_view.bin,0.0,2.5097004254348576e-05,0,128,512
26812,0,independent_diagonal,0,ia3,1.2381526630633743e-06,3283,0d61c28f8eedca7eb7be0c75e92c31f6752ebcdb90bed2fb805bfde679e7f794,experiments/mirror_applications/ma-268-ia3-mirror-activation-views/artifacts/payloads/26812_0_independent_diagonal_0_ia3.bin,0.017657485994277522,2.848199801519513e-05,100,128,512
26812,0,independent_diagonal,0,dense_upper,6.540549861711042e-07,7262,a3ace02b013226dc032a25e7192e6ee43dd4bccb8515f6bd4a4ec8674e963bbc,experiments/mirror_applications/ma-268-ia3-mirror-activation-views/artifacts/payloads/26812_0_independent_diagonal_0_dense_upper.bin,0.00030823600536677986,0.00015340700338128954,0,128,512
26812,0,independent_diagonal,1,no_view,1.0,3158,f1e645fd5872e5e12280c93132bfe0ebbc13de903fcdbf57b8ec6a7e7a191854,experiments/mirror_applications/ma-268-ia3-mirror-activation-views/artifacts/payloads/26812_0_independent_diagonal_1_no_view.bin,0.0,2.184300683438778e-05,0,128,512
26812,0,independent_diagonal,1,ia3,2.041641209871159e-06,3283,d9024af410e0212b0a36381af04234968464e56ef2368cb71ae32609d299ae02,experiments/mirror_applications/ma-268-ia3-mirror-activation-views/artifacts/payloads/26812_0_independent_diagonal_1_ia3.bin,0.024256487988168374,2.7350004529580474e-05,100,128,512
26812,0,independent_diagonal,1,dense_upper,6.874049063299026e-07,7262,3f57c93ee63c9c2912ecfdd49a33ff1060595c0e4227a781b1bc4e76ad616704,experiments/mirror_applications/ma-268-ia3-mirror-activation-views/artifacts/payloads/26812_0_independent_diagonal_1_dense_upper.bin,0.000311980998958461,5.546200554817915e-05,0,128,512
26812,0,independent_diagonal,2,no_view,1.0,3158,f1e645fd5872e5e12280c93132bfe0ebbc13de903fcdbf57b8ec6a7e7a191854,experiments/mirror_applications/ma-268-ia3-mirror-activation-views/artifacts/payloads/26812_0_independent_diagonal_2_no_view.bin,0.0,2.9212998924776912e-05,0,128,512
26812,0,independent_diagonal,2,ia3,1.5961541066644713e-06,3283,7a51a3823b70ba5efe49daf20442e21e15cafea490b84f7e8deae7b82c6a79b3,experiments/mirror_applications/ma-268-ia3-mirror-activation-views/artifacts/payloads/26812_0_independent_diagonal_2_ia3.bin,0.025641947009717114,3.3549004001542926e-05,100,128,512
26812,0,independent_diagonal,2,dense_upper,6.785153345845174e-07,7262,fe862841b6cc76af1bdbe2a3292ffaa3d7918eca22baf7c901fc3707d82f3d3f,experiments/mirror_applications/ma-268-ia3-mirror-activation-views/artifacts/payloads/26812_0_independent_diagonal_2_dense_upper.bin,0.00044044099922757596,4.3473992263898253e-05,0,128,512
26812,0,independent_diagonal,3,no_view,1.0,3158,f1e645fd5872e5e12280c93132bfe0ebbc13de903fcdbf57b8ec6a7e7a191854,experiments/mirror_applications/ma-268-ia3-mirror-activation-views/artifacts/payloads/26812_0_independent_diagonal_3_no_view.bin,0.0,2.5588000426068902e-05,0,128,512
26812,0,independent_diagonal,3,ia3,1.1581344097066903e-06,3283,6bbc6acdc8a3b248a291da900eea099b3537a223a441cadd7661aeae676d4797,experiments/mirror_applications/ma-268-ia3-mirror-activation-views/artifacts/payloads/26812_0_independent_diagonal_3_ia3.bin,0.0255488489929121,3.9488993934355676e-05,100,128,512
26812,0,independent_diagonal,3,dense_upper,6.653850732618594e-07,7262,3c84b3ca8d7e950e2840413a3ab31470a13e465902bbe29efadeaafe0cef5a2b,experiments/mirror_applications/ma-268-ia3-mirror-activation-views/artifacts/payloads/26812_0_independent_diagonal_3_dense_upper.bin,0.00036718399496749043,4.5437991502694786e-05,0,128,512
26812,0,independent_diagonal,4,no_view,1.0,3158,f1e645fd5872e5e12280c93132bfe0ebbc13de903fcdbf57b8ec6a7e7a191854,experiments/mirror_applications/ma-268-ia3-mirror-activation-views/artifacts/payloads/26812_0_independent_diagonal_4_no_view.bin,0.0,5.2938004955649376e-05,0,128,512
26812,0,independent_diagonal,4,ia3,2.0910592866130173e-06,3283,09907e565eecc4ef60e3352ab78544c57b70bd00bc4cb666768e294a853ebe7d,experiments/mirror_applications/ma-268-ia3-mirror-activation-views/artifacts/payloads/26812_0_independent_diagonal_4_ia3.bin,0.020053240994457155,2.7009999030269682e-05,100,128,512
26812,0,independent_diagonal,4,dense_upper,6.445824283218826e-07,7262,08e62586dc1db2210517222c669c43cb69d839387dc3acc9a8fe9bf295d2ed38,experiments/mirror_applications/ma-268-ia3-mirror-activation-views/artifacts/payloads/26812_0_independent_diagonal_4_dense_upper.bin,0.00025773099332582206,2.9973991331644356e-05,0,128,512
26812,0,independent_diagonal,5,no_view,1.0,3158,f1e645fd5872e5e12280c93132bfe0ebbc13de903fcdbf57b8ec6a7e7a191854,experiments/mirror_applications/ma-268-ia3-mirror-activation-views/artifacts/payloads/26812_0_independent_diagonal_5_no_view.bin,0.0,1.9619008526206017e-05,0,128,512
26812,0,independent_diagonal,5,ia3,1.496262143518834e-06,3283,77cae043081f71fd2b0fe26a8dce2f3a266a8b9c5f84cf0fe6122045f71a6a8f,experiments/mirror_applications/ma-268-ia3-mirror-activation-views/artifacts/payloads/26812_0_independent_diagonal_5_ia3.bin,0.018235332012409344,2.5838002329692245e-05,100,128,512
26812,0,independent_diagonal,5,dense_upper,6.67568826884235e-07,7262,22377edd9172df1bffb3a10446a5d91b0ceb3d1ac121e2ec5bb3d172be2997f7,experiments/mirror_applications/ma-268-ia3-mirror-activation-views/artifacts/payloads/26812_0_independent_diagonal_5_dense_upper.bin,0.0002764689998002723,2.9803995857946575e-05,0,128,512
26812,0,independent_diagonal,6,no_view,1.0,3158,f1e645fd5872e5e12280c93132bfe0ebbc13de903fcdbf57b8ec6a7e7a191854,experiments/mirror_applications/ma-268-ia3-mirror-activation-views/artifacts/payloads/26812_0_independent_diagonal_6_no_view.bin,0.0,8.998300472740084e-05,0,128,512
26812,0,independent_diagonal,6,ia3,1.8986315808433574e-06,3283,3045dec704597d4abb89c186aa7ba72dd946ea6da2c68144b90eef9cfd8264c9,experiments/mirror_applications/ma-268-ia3-mirror-activation-views/artifacts/payloads/26812_0_independent_diagonal_6_ia3.bin,0.017250786011572927,2.724000660236925e-05,100,128,512
26812,0,independent_diagonal,6,dense_upper,6.450787850553752e-07,7262,3f00c9aa069c87c25dbb72dba65dc4eecfba24d798cdd2584d9dd7ad487a4736,experiments/mirror_applications/ma-268-ia3-mirror-activation-views/artifacts/payloads/26812_0_independent_diagonal_6_dense_upper.bin,0.0002311510033905506,3.0054012313485146e-05,0,128,512
26812,0,independent_diagonal,7,no_view,1.0,3158,f1e645fd5872e5e12280c93132bfe0ebbc13de903fcdbf57b8ec6a7e7a191854,experiments/mirror_applications/ma-268-ia3-mirror-activation-views/artifacts/payloads/26812_0_independent_diagonal_7_no_view.bin,0.0,1.8708000425249338e-05,0,128,512
26812,0,independent_diagonal,7,ia3,1.7578313418198377e-06,3283,b37ab2453a39011660430480547d8d99b160188af77e112f53bd6515c932f7f8,experiments/mirror_applications/ma-268-ia3-mirror-activation-views/artifacts/payloads/26812_0_independent_diagonal_7_ia3.bin,0.015315132986870594,2.6009001885540783e-05,100,128,512
26812,0,independent_diagonal,7,dense_upper,6.211545837686572e-07,7262,e01c0632544068f4bfaccc7af2241ca47888648e2f9e64d010554ba6e75905cc,experiments/mirror_applications/ma-268-ia3-mirror-activation-views/artifacts/payloads/26812_0_independent_diagonal_7_dense_upper.bin,0.0002603250031825155,2.956400567200035e-05,0,128,512
26812,1,aligned_rotation,0,no_view,1.0,3158,d3c561d8c7969cee9b30bb6dd507e95387a6774941c898867df704b7250040b3,experiments/mirror_applications/ma-268-ia3-mirror-activation-views/artifacts/payloads/26812_1_aligned_rotation_0_no_view.bin,0.0,1.9109007553197443e-05,0,128,512
26812,1,aligned_rotation,0,mirror_givens,0.0,3167,1d4f316e6e4f099e46522717b50ce1682a3b7df928fd58a20617fe97aa100846,experiments/mirror_applications/ma-268-ia3-mirror-activation-views/artifacts/payloads/26812_1_aligned_rotation_0_mirror_givens.bin,0.024194085999624804,6.837100954726338e-05,0,128,512
26812,1,aligned_rotation,0,ia3,0.035072486847639084,3283,eff4fc55fb80bf1746d65355d9b465ae7ea2110b01d531ceb46b666f337612d9,experiments/mirror_applications/ma-268-ia3-mirror-activation-views/artifacts/payloads/26812_1_aligned_rotation_0_ia3.bin,0.014240232994779944,5.3840005421079695e-05,100,128,512
26812,1,aligned_rotation,0,dense_upper,4.6531411612704687e-07,7262,d4499205859e4e04aeb12db8f3c2d8b12e8765f061af2195e207fad033195c46,experiments/mirror_applications/ma-268-ia3-mirror-activation-views/artifacts/payloads/26812_1_aligned_rotation_0_dense_upper.bin,0.00031259200477506965,3.003499296028167e-05,0,128,512
26812,1,aligned_rotation,1,no_view,1.0,3158,d3c561d8c7969cee9b30bb6dd507e95387a6774941c898867df704b7250040b3,experiments/mirror_applications/ma-268-ia3-mirror-activation-views/artifacts/payloads/26812_1_aligned_rotation_1_no_view.bin,0.0,2.2823995095677674e-05,0,128,512
26812,1,aligned_rotation,1,mirror_givens,0.0,3167,1401b5837b525832a9cd0738646d7de96b5362534bdb35572f9a2c262ba0e4fd,experiments/mirror_applications/ma-268-ia3-mirror-activation-views/artifacts/payloads/26812_1_aligned_rotation_1_mirror_givens.bin,0.022805370987043716,7.398999878205359e-05,0,128,512
26812,1,aligned_rotation,1,ia3,0.026414675638079643,3283,2826ad7a8c3a34e1fe8a26a8c42a4e333e51dfaf3b2a0e064b5a76187d6f1254,experiments/mirror_applications/ma-268-ia3-mirror-activation-views/artifacts/payloads/26812_1_aligned_rotation_1_ia3.bin,0.015924063001875766,2.7601010515354574e-05,100,128,512
26812,1,aligned_rotation,1,dense_upper,4.415569208049419e-07,7262,47f917f7082023ab0bbcf39a3372f435cd98ebb934dc92a5248b70b1acc30052,experiments/mirror_applications/ma-268-ia3-mirror-activation-views/artifacts/payloads/26812_1_aligned_rotation_1_dense_upper.bin,0.0002848309959517792,3.0365001293830574e-05,0,128,512
26812,1,aligned_rotation,2,no_view,1.0,3158,d3c561d8c7969cee9b30bb6dd507e95387a6774941c898867df704b7250040b3,experiments/mirror_applications/ma-268-ia3-mirror-activation-views/artifacts/payloads/26812_1_aligned_rotation_2_no_view.bin,0.0,2.207199577242136e-05,0,128,512
26812,1,aligned_rotation,2,mirror_givens,0.0,3167,aa283da01b8c2a0aad24965ea80e0355509543736e19b1b49cbfe5271d92ab1a,experiments/mirror_applications/ma-268-ia3-mirror-activation-views/artifacts/payloads/26812_1_aligned_rotation_2_mirror_givens.bin,0.029985000001033768,8.202099706977606e-05,0,128,512
26812,1,aligned_rotation,2,ia3,0.016453633084893227,3283,c30c9acf3b23fd80e8232b48d12200f1a428b8c21de0c0c2563b5945c116c726,experiments/mirror_applications/ma-268-ia3-mirror-activation-views/artifacts/payloads/26812_1_aligned_rotation_2_ia3.bin,0.015157289002672769,2.763999509625137e-05,100,128,512
26812,1,aligned_rotation,2,dense_upper,4.6989032398414565e-07,7262,79310bba49a16bdc0827067e4ce102b3f76f8c3b11582a589cd715a4a7ef91d0,experiments/mirror_applications/ma-268-ia3-mirror-activation-views/artifacts/payloads/26812_1_aligned_rotation_2_dense_upper.bin,0.0003043100005015731,3.090499376412481e-05,0,128,512
26812,1,aligned_rotation,3,no_view,1.0,3158,d3c561d8c7969cee9b30bb6dd507e95387a6774941c898867df704b7250040b3,experiments/mirror_applications/ma-268-ia3-mirror-activation-views/artifacts/payloads/26812_1_aligned_rotation_3_no_view.bin,0.0,1.9248007447458804e-05,0,128,512
26812,1,aligned_rotation,3,mirror_givens,0.0,3167,2f6b80dd3aaf2c098a230c618db8695315cd566389ed4c150ae96b12ffeda224,experiments/mirror_applications/ma-268-ia3-mirror-activation-views/artifacts/payloads/26812_1_aligned_rotation_3_mirror_givens.bin,0.023336366008152254,7.780500163789839e-05,0,128,512
26812,1,aligned_rotation,3,ia3,0.005606634542346001,3283,822bc935bb58ef15cf14dd3c494b1d5cd87f61054ce05b4bc03dd199a4e662d8,experiments/mirror_applications/ma-268-ia3-mirror-activation-views/artifacts/payloads/26812_1_aligned_rotation_3_ia3.bin,0.01755818899255246,2.930300252046436e-05,100,128,512
26812,1,aligned_rotation,3,dense_upper,4.710480254743743e-07,7262,cc9340eed9617328c3b5900cb79f851b0814a449b2989a7903a0d74de123552e,experiments/mirror_applications/ma-268-ia3-mirror-activation-views/artifacts/payloads/26812_1_aligned_rotation_3_dense_upper.bin,0.00036092399386689067,3.11659969156608e-05,0,128,512
26812,1,aligned_rotation,4,no_view,1.0,3158,d3c561d8c7969cee9b30bb6dd507e95387a6774941c898867df704b7250040b3,experiments/mirror_applications/ma-268-ia3-mirror-activation-views/artifacts/payloads/26812_1_aligned_rotation_4_no_view.bin,0.0,2.1492000087164342e-05,0,128,512
26812,1,aligned_rotation,4,mirror_givens,1.450654707468857e-08,3167,0a7590b454e7836655c87d8cec3062394b3ef61934be1f901a7cba9412440605,experiments/mirror_applications/ma-268-ia3-mirror-activation-views/artifacts/payloads/26812_1_aligned_rotation_4_mirror_givens.bin,0.022842626000056043,6.88419968355447e-05,0,128,512
26812,1,aligned_rotation,4,ia3,0.005643339361995459,3283,387bc0d725b076cee540e770ef7a50d7227952e9e0a309514e55591850550e4d,experiments/mirror_applications/ma-268-ia3-mirror-activation-views/artifacts/payloads/26812_1_aligned_rotation_4_ia3.bin,0.014931836005416699,2.775099710561335e-05,100,128,512
26812,1,aligned_rotation,4,dense_upper,4.568594249576563e-07,7262,eaf8090975fab7bea869237494ac4668a89f5bc43b92498bbea407e1fd74c006,experiments/mirror_applications/ma-268-ia3-mirror-activation-views/artifacts/payloads/26812_1_aligned_rotation_4_dense_upper.bin,0.00027774099726229906,2.9923990950919688e-05,0,128,512
26812,1,aligned_rotation,5,no_view,1.0,3158,d3c561d8c7969cee9b30bb6dd507e95387a6774941c898867df704b7250040b3,experiments/mirror_applications/ma-268-ia3-mirror-activation-views/artifacts/payloads/26812_1_aligned_rotation_5_no_view.bin,0.0,2.2011998225934803e-05,0,128,512
26812,1,aligned_rotation,5,mirror_givens,0.0,3167,10be2ba2fcb1c9a77442c91fe1a13ab5782957d27d2787c5508b95a7da7b8d5f,experiments/mirror_applications/ma-268-ia3-mirror-activation-views/artifacts/payloads/26812_1_aligned_rotation_5_mirror_givens.bin,0.02333069799351506,7.018400356173515e-05,0,128,512
26812,1,aligned_rotation,5,ia3,0.016774265095591545,3283,29ac6357ba1f25917e7f8ca455262b45416788d26aaa3ecb5c50e97fc9d374a0,experiments/mirror_applications/ma-268-ia3-mirror-activation-views/artifacts/payloads/26812_1_aligned_rotation_5_ia3.bin,0.014090612006839365,2.7189991669729352e-05,100,128,512
26812,1,aligned_rotation,5,dense_upper,4.83367159631598e-07,7262,d91710c539c0550f3277ecf86731d7c7c77a43eeb6124e294e5b9eb1937f47a4,experiments/mirror_applications/ma-268-ia3-mirror-activation-views/artifacts/payloads/26812_1_aligned_rotation_5_dense_upper.bin,0.0003248110006097704,3.004400059580803e-05,0,128,512
26812,1,aligned_rotation,6,no_view,1.0,3158,d3c561d8c7969cee9b30bb6dd507e95387a6774941c898867df704b7250040b3,experiments/mirror_applications/ma-268-ia3-mirror-activation-views/artifacts/payloads/26812_1_aligned_rotation_6_no_view.bin,0.0,1.9167986465618014e-05,0,128,512
26812,1,aligned_rotation,6,mirror_givens,0.0,3167,a12504795268cb62107b2bfb11121e38747e554cec42e60a92ead2953cf479ab,experiments/mirror_applications/ma-268-ia3-mirror-activation-views/artifacts/payloads/26812_1_aligned_rotation_6_mirror_givens.bin,0.024861573008820415,6.740000389982015e-05,0,128,512
26812,1,aligned_rotation,6,ia3,0.02725490927696228,3283,a84f6b9c8509dd0959a54301bd5920e428a9a95745372f23f90e38e586e1fab0,experiments/mirror_applications/ma-268-ia3-mirror-activation-views/artifacts/payloads/26812_1_aligned_rotation_6_ia3.bin,0.012548569997306913,0.00014962100249249488,100,128,512
26812,1,aligned_rotation,6,dense_upper,4.880371307081077e-07,7262,518dad57c604694db5649623dea7f6e827581ed4323f8d05e78fe61542b396c9,experiments/mirror_applications/ma-268-ia3-mirror-activation-views/artifacts/payloads/26812_1_aligned_rotation_6_dense_upper.bin,0.00031157099874690175,3.1517003662884235e-05,0,128,512
26812,1,aligned_rotation,7,no_view,1.0,3158,d3c561d8c7969cee9b30bb6dd507e95387a6774941c898867df704b7250040b3,experiments/mirror_applications/ma-268-ia3-mirror-activation-views/artifacts/payloads/26812_1_aligned_rotation_7_no_view.bin,0.0,1.9118990167044103e-05,0,128,512
26812,1,aligned_rotation,7,mirror_givens,2.970298673687921e-08,3167,63accbd35bcebdce076fd73ca09baaa87cd7a7d8d5c0b853ba77abea2ceeea8f,experiments/mirror_applications/ma-268-ia3-mirror-activation-views/artifacts/payloads/26812_1_aligned_rotation_7_mirror_givens.bin,0.024229516988270916,0.00013536000915337354,0,128,512
26812,1,aligned_rotation,7,ia3,0.036580342799425125,3283,2eadf32b135063080862b5dfce14b8e91765b285b03e1e595e52b21f3a2dabc7,experiments/mirror_applications/ma-268-ia3-mirror-activation-views/artifacts/payloads/26812_1_aligned_rotation_7_ia3.bin,0.012932188008562662,3.633400774560869e-05,100,128,512
26812,1,aligned_rotation,7,dense_upper,4.797712449544633e-07,7262,1efb86fe30642917bd4f9c8d30095de3b75dcef1ee9c1dbc5815d16e4a1b80a3,experiments/mirror_applications/ma-268-ia3-mirror-activation-views/artifacts/payloads/26812_1_aligned_rotation_7_dense_upper.bin,0.00031382399902213365,3.1096002203412354e-05,0,128,512
26812,1,independent_diagonal,0,no_view,1.0,3158,d3c561d8c7969cee9b30bb6dd507e95387a6774941c898867df704b7250040b3,experiments/mirror_applications/ma-268-ia3-mirror-activation-views/artifacts/payloads/26812_1_independent_diagonal_0_no_view.bin,0.0,1.8887993064709008e-05,0,128,512
26812,1,independent_diagonal,0,ia3,9.5236748620664e-07,3283,63611e68cae5dca9028682dca77031cf31e4beaada7252628b78bfc309e671cb,experiments/mirror_applications/ma-268-ia3-mirror-activation-views/artifacts/payloads/26812_1_independent_diagonal_0_ia3.bin,0.0223808930022642,2.6430003345012665e-05,100,128,512
26812,1,independent_diagonal,0,dense_upper,4.663195909415663e-07,7262,028cf064e33e09b32b6fbca19e562529f7be38bff460f46062e0afc39cdc0eb3,experiments/mirror_applications/ma-268-ia3-mirror-activation-views/artifacts/payloads/26812_1_independent_diagonal_0_dense_upper.bin,0.0003039789880858734,8.925200381781906e-05,0,128,512
26812,1,independent_diagonal,1,no_view,1.0,3158,d3c561d8c7969cee9b30bb6dd507e95387a6774941c898867df704b7250040b3,experiments/mirror_applications/ma-268-ia3-mirror-activation-views/artifacts/payloads/26812_1_independent_diagonal_1_no_view.bin,0.0,1.874800364021212e-05,0,128,512
26812,1,independent_diagonal,1,ia3,6.233885869733058e-07,3283,78f6b19756eb10b03ec287b45afdb02ec04529b9df04e3549f23c497bc94f27a,experiments/mirror_applications/ma-268-ia3-mirror-activation-views/artifacts/payloads/26812_1_independent_diagonal_1_ia3.bin,0.01975340700300876,6.679800571873784e-05,100,128,512
26812,1,independent_diagonal,1,dense_upper,5.061542083240056e-07,7262,7ab10be590514d4101f01808b1e8decc7d4caa86f66546b8a64e778acde95548,experiments/mirror_applications/ma-268-ia3-mirror-activation-views/artifacts/payloads/26812_1_independent_diagonal_1_dense_upper.bin,0.0002995830000145361,3.305899736005813e-05,0,128,512
26812,1,independent_diagonal,2,no_view,1.0,3158,d3c561d8c7969cee9b30bb6dd507e95387a6774941c898867df704b7250040b3,experiments/mirror_applications/ma-268-ia3-mirror-activation-views/artifacts/payloads/26812_1_independent_diagonal_2_no_view.bin,0.0,1.921900548040867e-05,0,128,512
26812,1,independent_diagonal,2,ia3,5.31790192326298e-07,3283,05b1191600c005cfd0248eebc27a37806bcfe17ebce98870e4ef00a19c66945f,experiments/mirror_applications/ma-268-ia3-mirror-activation-views/artifacts/payloads/26812_1_independent_diagonal_2_ia3.bin,0.018624176998855546,2.586799382697791e-05,100,128,512
26812,1,independent_diagonal,2,dense_upper,5.035089998273179e-07,7262,853083026cf764af49603645ac8e514f95e707bdb2895aa63ada985d6b16e13c,experiments/mirror_applications/ma-268-ia3-mirror-activation-views/artifacts/payloads/26812_1_independent_diagonal_2_dense_upper.bin,0.00030085499747656286,3.68939945474267e-05,0,128,512
26812,1,independent_diagonal,3,no_view,1.0,3158,d3c561d8c7969cee9b30bb6dd507e95387a6774941c898867df704b7250040b3,experiments/mirror_applications/ma-268-ia3-mirror-activation-views/artifacts/payloads/26812_1_independent_diagonal_3_no_view.bin,0.0,0.00019033100397791713,0,128,512
26812,1,independent_diagonal,3,ia3,8.000309321687382e-07,3283,d5a2b57d8cf97a7c0757dd9877328c194e103b3f3c038467b0928315a0989174,experiments/mirror_applications/ma-268-ia3-mirror-activation-views/artifacts/payloads/26812_1_independent_diagonal_3_ia3.bin,0.017467013996792957,2.896299702115357e-05,100,128,512
26812,1,independent_diagonal,3,dense_upper,4.949516778651741e-07,7262,62c53d06f903ce9df5c7d6d503b6a622e811cfeda164f58c4ecc6939c182328e,experiments/mirror_applications/ma-268-ia3-mirror-activation-views/artifacts/payloads/26812_1_independent_diagonal_3_dense_upper.bin,0.00024409100296907127,3.04749992210418e-05,0,128,512
26812,1,independent_diagonal,4,no_view,1.0,3158,d3c561d8c7969cee9b30bb6dd507e95387a6774941c898867df704b7250040b3,experiments/mirror_applications/ma-268-ia3-mirror-activation-views/artifacts/payloads/26812_1_independent_diagonal_4_no_view.bin,0.0,1.9398998119868338e-05,0,128,512
26812,1,independent_diagonal,4,ia3,1.0528818847888033e-06,3283,31a7471c5530ba747b09f074c8894f6742c5f260f708368b31ec26e9a75dc9f9,experiments/mirror_applications/ma-268-ia3-mirror-activation-views/artifacts/payloads/26812_1_independent_diagonal_4_ia3.bin,0.021804531002999283,3.04749992210418e-05,100,128,512
26812,1,independent_diagonal,4,dense_upper,4.579422920869547e-07,7262,00be368209cc3f0161f40e5fdb66b9da77df0fa600980d045e63630b0cae5aab,experiments/mirror_applications/ma-268-ia3-mirror-activation-views/artifacts/payloads/26812_1_independent_diagonal_4_dense_upper.bin,0.00027155099087394774,8.601699664723128e-05,0,128,512
26812,1,independent_diagonal,5,no_view,1.0,3158,d3c561d8c7969cee9b30bb6dd507e95387a6774941c898867df704b7250040b3,experiments/mirror_applications/ma-268-ia3-mirror-activation-views/artifacts/payloads/26812_1_independent_diagonal_5_no_view.bin,0.0,1.8637001630850136e-05,0,128,512
26812,1,independent_diagonal,5,ia3,7.627652394148754e-07,3283,5b3d3f43578448e4904ea9bd514a55e681afce8c4e747ef57e15fcdc6d92da52,experiments/mirror_applications/ma-268-ia3-mirror-activation-views/artifacts/payloads/26812_1_independent_diagonal_5_ia3.bin,0.019148131992551498,2.5397996068932116e-05,100,128,512
26812,1,independent_diagonal,5,dense_upper,4.604537195973535e-07,7262,fcf1142934fc55bf19191dc91de6c89d6f4408b09fb203ffca203a7369083ffe,experiments/mirror_applications/ma-268-ia3-mirror-activation-views/artifacts/payloads/26812_1_independent_diagonal_5_dense_upper.bin,0.00026837701443582773,3.306899452582002e-05,0,128,512
26812,1,independent_diagonal,6,no_view,1.0,3158,d3c561d8c7969cee9b30bb6dd507e95387a6774941c898867df704b7250040b3,experiments/mirror_applications/ma-268-ia3-mirror-activation-views/artifacts/payloads/26812_1_independent_diagonal_6_no_view.bin,0.0,0.0001208280009450391,0,128,512
26812,1,independent_diagonal,6,ia3,7.951885550028237e-07,3283,bcbe67dd4df5ac538794e70beb23d2be7b8d975ec9f49b1c127fa752320d53c6,experiments/mirror_applications/ma-268-ia3-mirror-activation-views/artifacts/payloads/26812_1_independent_diagonal_6_ia3.bin,0.02351348900992889,2.6098001399077475e-05,100,128,512
26812,1,independent_diagonal,6,dense_upper,4.794397341356671e-07,7262,bcab92374738455bd062a75d07913506d202d14d115800950325541baedde38d,experiments/mirror_applications/ma-268-ia3-mirror-activation-views/artifacts/payloads/26812_1_independent_diagonal_6_dense_upper.bin,0.0003505580098135397,3.503200423438102e-05,0,128,512
26812,1,independent_diagonal,7,no_view,1.0,3158,d3c561d8c7969cee9b30bb6dd507e95387a6774941c898867df704b7250040b3,experiments/mirror_applications/ma-268-ia3-mirror-activation-views/artifacts/payloads/26812_1_independent_diagonal_7_no_view.bin,0.0,2.1101994207128882e-05,0,128,512
26812,1,independent_diagonal,7,ia3,3.6486966337179183e-07,3283,cf9e3280ecd638a3dd35ee41789fc04c40c00e6e85e1957e8c529d195cfc256e,experiments/mirror_applications/ma-268-ia3-mirror-activation-views/artifacts/payloads/26812_1_independent_diagonal_7_ia3.bin,0.01915383999585174,4.0400002035312355e-05,100,128,512
26812,1,independent_diagonal,7,dense_upper,4.803043793799588e-07,7262,e4744293c71730c8a9f248f92efee7295354d3db2e77be9042f4aa86e1447acd,experiments/mirror_applications/ma-268-ia3-mirror-activation-views/artifacts/payloads/26812_1_independent_diagonal_7_dense_upper.bin,0.0002755479945335537,2.9714006814174354e-05,0,128,512
26812,2,aligned_rotation,0,no_view,1.0,3158,5b60ed55784526ead4d0d7f1618e07d7d6c70862cd8cc9bad0fc2aa59a436b26,experiments/mirror_applications/ma-268-ia3-mirror-activation-views/artifacts/payloads/26812_2_aligned_rotation_0_no_view.bin,0.0,2.9252987587824464e-05,0,128,512
26812,2,aligned_rotation,0,mirror_givens,0.0,3167,0a13dfbe93cc13fdafe1603a0ad0f34e8cb24d8934acb4a5c6fd849bc5ddf1be,experiments/mirror_applications/ma-268-ia3-mirror-activation-views/artifacts/payloads/26812_2_aligned_rotation_0_mirror_givens.bin,0.025474042995483615,8.48259951453656e-05,0,128,512
26812,2,aligned_rotation,0,ia3,0.10152504593133926,3283,123c51e30b61ac5dcc2156194935c219b4153cc575a21ec2417388df432dba23,experiments/mirror_applications/ma-268-ia3-mirror-activation-views/artifacts/payloads/26812_2_aligned_rotation_0_ia3.bin,0.019738864997634664,3.1096002203412354e-05,100,128,512
26812,2,aligned_rotation,0,dense_upper,5.406615173342288e-07,7262,bf9697ad9294269e56ed53af634ab0ce271d92dd62b1b7175dff46949ccdc369,experiments/mirror_applications/ma-268-ia3-mirror-activation-views/artifacts/payloads/26812_2_aligned_rotation_0_dense_upper.bin,0.0003319209936307743,7.293699309229851e-05,0,128,512
26812,2,aligned_rotation,1,no_view,1.0,3158,5b60ed55784526ead4d0d7f1618e07d7d6c70862cd8cc9bad0fc2aa59a436b26,experiments/mirror_applications/ma-268-ia3-mirror-activation-views/artifacts/payloads/26812_2_aligned_rotation_1_no_view.bin,0.0,2.008899173233658e-05,0,128,512
26812,2,aligned_rotation,1,mirror_givens,0.0,3167,feedbe50fb0f5f86f96e56105ef1ff76e313c6e572fc01353b4cb8f2e04fa828,experiments/mirror_applications/ma-268-ia3-mirror-activation-views/artifacts/payloads/26812_2_aligned_rotation_1_mirror_givens.bin,0.030544377994374372,6.989299436099827e-05,0,128,512
26812,2,aligned_rotation,1,ia3,0.07415381819009781,3283,c56f5758dea2e220d07c3f4b2704f8fe72c6b9c3aed40ad4bd2fa8eb2b0dd803,experiments/mirror_applications/ma-268-ia3-mirror-activation-views/artifacts/payloads/26812_2_aligned_rotation_1_ia3.bin,0.014800171004026197,2.8021997422911227e-05,100,128,512
26812,2,aligned_rotation,1,dense_upper,5.804096758765809e-07,7262,1301193d2aefc97805c2f79c4127e9eb877c16acec85dd1d563e99c3960835dd,experiments/mirror_applications/ma-268-ia3-mirror-activation-views/artifacts/payloads/26812_2_aligned_rotation_1_dense_upper.bin,0.00030899701232556254,3.1996998586691916e-05,0,128,512
26812,2,aligned_rotation,2,no_view,1.0,3158,5b60ed55784526ead4d0d7f1618e07d7d6c70862cd8cc9bad0fc2aa59a436b26,experiments/mirror_applications/ma-268-ia3-mirror-activation-views/artifacts/payloads/26812_2_aligned_rotation_2_no_view.bin,0.0,1.9037994206883013e-05,0,128,512
26812,2,aligned_rotation,2,mirror_givens,0.0,3167,d01b63024d1cbf638792fa54e5b8fc4b92ceb46083c8c7822a17be7dc54972fb,experiments/mirror_applications/ma-268-ia3-mirror-activation-views/artifacts/payloads/26812_2_aligned_rotation_2_mirror_givens.bin,0.02250765099597629,7.520199869759381e-05,0,128,512
26812,2,aligned_rotation,2,ia3,0.044839657843112946,3283,3bcdb128bb46279bf5c7823bd9060fd8897da48f644f9a1b7db3cab072133ed8,experiments/mirror_applications/ma-268-ia3-mirror-activation-views/artifacts/payloads/26812_2_aligned_rotation_2_ia3.bin,0.013311749004060403,2.7400004910305142e-05,100,128,512
26812,2,aligned_rotation,2,dense_upper,5.616331009150599e-07,7262,0f6d9ed325e6f4f163044640e6b5d075e00e58f14b080451c132e80a9cb19794,experiments/mirror_applications/ma-268-ia3-mirror-activation-views/artifacts/payloads/26812_2_aligned_rotation_2_dense_upper.bin,0.00027502700686454773,2.8583002858795226e-05,0,128,512
26812,2,aligned_rotation,3,no_view,1.0,3158,5b60ed55784526ead4d0d7f1618e07d7d6c70862cd8cc9bad0fc2aa59a436b26,experiments/mirror_applications/ma-268-ia3-mirror-activation-views/artifacts/payloads/26812_2_aligned_rotation_3_no_view.bin,0.0,1.9208993762731552e-05,0,128,512
26812,2,aligned_rotation,3,mirror_givens,2.122993336683976e-08,3167,29d0c110f5fc3320dfb6a6a7cd7e45658b87a6b30635d9433e63cba2fa1a9afc,experiments/mirror_applications/ma-268-ia3-mirror-activation-views/artifacts/payloads/26812_2_aligned_rotation_3_mirror_givens.bin,0.023066216992447153,7.248700421769172e-05,0,128,512
26812,2,aligned_rotation,3,ia3,0.01485739927738905,3283,23c063418677180b5a10c074bc0788775daf4ceddd0575315d9676f8429eb186,experiments/mirror_applications/ma-268-ia3-mirror-activation-views/artifacts/payloads/26812_2_aligned_rotation_3_ia3.bin,0.01157260600302834,2.7511006919667125e-05,100,128,512
26812,2,aligned_rotation,3,dense_upper,5.689666977559682e-07,7262,e84190ce6816eba774d4388eb8ef116a5ea8c6439916473a06339ed33c8ac361,experiments/mirror_applications/ma-268-ia3-mirror-activation-views/artifacts/payloads/26812_2_aligned_rotation_3_dense_upper.bin,0.00025970400020014495,7.614299829583615e-05,0,128,512
26812,2,aligned_rotation,4,no_view,1.0,3158,5b60ed55784526ead4d0d7f1618e07d7d6c70862cd8cc9bad0fc2aa59a436b26,experiments/mirror_applications/ma-268-ia3-mirror-activation-views/artifacts/payloads/26812_2_aligned_rotation_4_no_view.bin,0.0,2.154200046788901e-05,0,128,512
26812,2,aligned_rotation,4,mirror_givens,0.0,3167,acea65329146f5eca6b07c4e5fa95b24cf4b95dbd4f24c9bd3b226658250ac84,experiments/mirror_applications/ma-268-ia3-mirror-activation-views/artifacts/payloads/26812_2_aligned_rotation_4_mirror_givens.bin,0.02398702899517957,0.00010676799865905195,0,128,512
26812,2,aligned_rotation,4,ia3,0.014574665576219559,3283,0f0736f3dc74bc447cba938ca14e3692decd0a8813230313ee9e955fc498dccf,experiments/mirror_applications/ma-268-ia3-mirror-activation-views/artifacts/payloads/26812_2_aligned_rotation_4_ia3.bin,0.012235656991833821,2.6900001103058457e-05,100,128,512
26812,2,aligned_rotation,4,dense_upper,5.849420858794474e-07,7262,4083c20524341455997214b3b49294b2af4cee87486a2630e32fc5ce43e779f2,experiments/mirror_applications/ma-268-ia3-mirror-activation-views/artifacts/payloads/26812_2_aligned_rotation_4_dense_upper.bin,0.0002761689975159243,2.9023009119555354e-05,0,128,512
26812,2,aligned_rotation,5,no_view,1.0,3158,5b60ed55784526ead4d0d7f1618e07d7d6c70862cd8cc9bad0fc2aa59a436b26,experiments/mirror_applications/ma-268-ia3-mirror-activation-views/artifacts/payloads/26812_2_aligned_rotation_5_no_view.bin,0.0,2.77110084425658e-05,0,128,512
26812,2,aligned_rotation,5,mirror_givens,0.0,3167,3fa48c805da1649e8b2f5f4a57b97c112d1248c380b466880b4a2f758df60379,experiments/mirror_applications/ma-268-ia3-mirror-activation-views/artifacts/payloads/26812_2_aligned_rotation_5_mirror_givens.bin,0.031148551002843305,9.272700117435306e-05,0,128,512
26812,2,aligned_rotation,5,ia3,0.04233575984835625,3283,ccaa01d9410a3eae72881a8f1ffe89d8fc377becbf948377f64c23de1f9d5359,experiments/mirror_applications/ma-268-ia3-mirror-activation-views/artifacts/payloads/26812_2_aligned_rotation_5_ia3.bin,0.014466146007180214,3.3639997127465904e-05,100,128,512
26812,2,aligned_rotation,5,dense_upper,6.176861120366084e-07,7262,eade45ce80200944866971ba200b52f48dbbb6177394c24fde086165d32a91ce,experiments/mirror_applications/ma-268-ia3-mirror-activation-views/artifacts/payloads/26812_2_aligned_rotation_5_dense_upper.bin,0.0003962759947171435,5.054500070400536e-05,0,128,512
26812,2,aligned_rotation,6,no_view,1.0,3158,5b60ed55784526ead4d0d7f1618e07d7d6c70862cd8cc9bad0fc2aa59a436b26,experiments/mirror_applications/ma-268-ia3-mirror-activation-views/artifacts/payloads/26812_2_aligned_rotation_6_no_view.bin,0.0,2.9894988983869553e-05,0,128,512
26812,2,aligned_rotation,6,mirror_givens,0.0,3167,ae8a5d1575b6cab8ff22910c709588ad54b7329b7566a703f331a61b082bde62,experiments/mirror_applications/ma-268-ia3-mirror-activation-views/artifacts/payloads/26812_2_aligned_rotation_6_mirror_givens.bin,0.030506953000440262,8.62279994180426e-05,0,128,512
26812,2,aligned_rotation,6,ia3,0.06744863092899323,3283,e77bfb451f6b3913eba30648525dc9871be9399cc625248fa0e6321f1f0d4631,experiments/mirror_applications/ma-268-ia3-mirror-activation-views/artifacts/payloads/26812_2_aligned_rotation_6_ia3.bin,0.014157379991956986,3.8326994399540126e-05,100,128,512
26812,2,aligned_rotation,6,dense_upper,5.722926061935141e-07,7262,4e6873eb9c9ad80c8bc5b18a372afef60903c451b554c9c76f70e8dfcfa2fc6b,experiments/mirror_applications/ma-268-ia3-mirror-activation-views/artifacts/payloads/26812_2_aligned_rotation_6_dense_upper.bin,0.0003430279903113842,4.559800436254591e-05,0,128,512
26812,2,aligned_rotation,7,no_view,1.0,3158,5b60ed55784526ead4d0d7f1618e07d7d6c70862cd8cc9bad0fc2aa59a436b26,experiments/mirror_applications/ma-268-ia3-mirror-activation-views/artifacts/payloads/26812_2_aligned_rotation_7_no_view.bin,0.0,1.9278988474979997e-05,0,128,512
26812,2,aligned_rotation,7,mirror_givens,5.2283681384324154e-08,3167,8902bc84d3005e1862fc618628b3a2767cb4c84d3e623079d8436be6313eb1ef,experiments/mirror_applications/ma-268-ia3-mirror-activation-views/artifacts/payloads/26812_2_aligned_rotation_7_mirror_givens.bin,0.02984493799158372,6.87120045768097e-05,0,128,512
26812,2,aligned_rotation,7,ia3,0.089112289249897,3283,871177a26116cccb023b79bcb8bdda1d28d741c104bf49007c328c73e0063ec0,experiments/mirror_applications/ma-268-ia3-mirror-activation-views/artifacts/payloads/26812_2_aligned_rotation_7_ia3.bin,0.013101667995215394,2.7139991289004683e-05,100,128,512
26812,2,aligned_rotation,7,dense_upper,5.928160362600465e-07,7262,2b5e49053144b2d2029ae4e7015e338bdfe55b403e268c921b8460fa1f86fe31,experiments/mirror_applications/ma-268-ia3-mirror-activation-views/artifacts/payloads/26812_2_aligned_rotation_7_dense_upper.bin,0.00034381898876745254,2.8672002372331917e-05,0,128,512
26812,2,independent_diagonal,0,no_view,1.0,3158,5b60ed55784526ead4d0d7f1618e07d7d6c70862cd8cc9bad0fc2aa59a436b26,experiments/mirror_applications/ma-268-ia3-mirror-activation-views/artifacts/payloads/26812_2_independent_diagonal_0_no_view.bin,0.0,2.3234009859152138e-05,0,128,512
26812,2,independent_diagonal,0,ia3,1.094417257263558e-06,3283,ddd087e646496e53fd04642d1bf6bd69cf755960164d4a5ce896d88685feb5d9,experiments/mirror_applications/ma-268-ia3-mirror-activation-views/artifacts/payloads/26812_2_independent_diagonal_0_ia3.bin,0.019692818008479662,2.54580081673339e-05,100,128,512
26812,2,independent_diagonal,0,dense_upper,5.911407470193808e-07,7262,ad448b13e7ce712db69a6f8a790b6ceb9f0cd35a835e5dd330182be06df21c57,experiments/mirror_applications/ma-268-ia3-mirror-activation-views/artifacts/payloads/26812_2_independent_diagonal_0_dense_upper.bin,0.00025582801026757807,3.123600617982447e-05,0,128,512
26812,2,independent_diagonal,1,no_view,1.0,3158,5b60ed55784526ead4d0d7f1618e07d7d6c70862cd8cc9bad0fc2aa59a436b26,experiments/mirror_applications/ma-268-ia3-mirror-activation-views/artifacts/payloads/26812_2_independent_diagonal_1_no_view.bin,0.0,2.5708010070957243e-05,0,128,512
26812,2,independent_diagonal,1,ia3,1.7857080365502043e-06,3283,a8aeb47c213db322c7e763a36390e4c733a113978a897406066fb76639380e15,experiments/mirror_applications/ma-268-ia3-mirror-activation-views/artifacts/payloads/26812_2_independent_diagonal_1_ia3.bin,0.020822288002818823,2.802099334076047e-05,100,128,512
26812,2,independent_diagonal,1,dense_upper,5.761506827184348e-07,7262,b11ad964d80fc3b1bedefbc240c851bc5726e583f6200da87289f50f4642641d,experiments/mirror_applications/ma-268-ia3-mirror-activation-views/artifacts/payloads/26812_2_independent_diagonal_1_dense_upper.bin,0.00036601099418476224,3.214800381101668e-05,0,128,512
26812,2,independent_diagonal,2,no_view,1.0,3158,5b60ed55784526ead4d0d7f1618e07d7d6c70862cd8cc9bad0fc2aa59a436b26,experiments/mirror_applications/ma-268-ia3-mirror-activation-views/artifacts/payloads/26812_2_independent_diagonal_2_no_view.bin,0.0,1.917898771353066e-05,0,128,512
26812,2,independent_diagonal,2,ia3,1.1379166835467913e-06,3283,58689db3a52c2a44ad5782de07b42ed6af62c5aa83c50f8aa32f447b3f3e5734,experiments/mirror_applications/ma-268-ia3-mirror-activation-views/artifacts/payloads/26812_2_independent_diagonal_2_ia3.bin,0.02407421798852738,2.5437009753659368e-05,100,128,512
26812,2,independent_diagonal,2,dense_upper,5.971771770418854e-07,7262,0b8faa08775f080671c3ffa2a9e10f73e4338c6f032c22f1d7ca8b08d77d083a,experiments/mirror_applications/ma-268-ia3-mirror-activation-views/artifacts/payloads/26812_2_independent_diagonal_2_dense_upper.bin,0.0002876949874917045,2.9923990950919688e-05,0,128,512
26812,2,independent_diagonal,3,no_view,1.0,3158,5b60ed55784526ead4d0d7f1618e07d7d6c70862cd8cc9bad0fc2aa59a436b26,experiments/mirror_applications/ma-268-ia3-mirror-activation-views/artifacts/payloads/26812_2_independent_diagonal_3_no_view.bin,0.0,2.1262007066980004e-05,0,128,512
26812,2,independent_diagonal,3,ia3,1.7656861928116996e-06,3283,39117de677d5964ab794cd5eea3e110ec99700e8156e1b2fd49d272b1c04c013,experiments/mirror_applications/ma-268-ia3-mirror-activation-views/artifacts/payloads/26812_2_independent_diagonal_3_ia3.bin,0.021492478990694508,2.6469002477824688e-05,100,128,512
26812,2,independent_diagonal,3,dense_upper,5.694662945643358e-07,7262,a04aee03008da5ff07fb4d7ddeaed2c32bdc885302a13e5f151c40f0d923e882,experiments/mirror_applications/ma-268-ia3-mirror-activation-views/artifacts/payloads/26812_2_independent_diagonal_3_dense_upper.bin,0.00025986399850808084,2.9593997169286013e-05,0,128,512
26812,2,independent_diagonal,4,no_view,1.0,3158,5b60ed55784526ead4d0d7f1618e07d7d6c70862cd8cc9bad0fc2aa59a436b26,experiments/mirror_applications/ma-268-ia3-mirror-activation-views/artifacts/payloads/26812_2_independent_diagonal_4_no_view.bin,0.0,2.3504006094299257e-05,0,128,512
26812,2,independent_diagonal,4,ia3,1.2691682513832347e-06,3283,c236a608bbcbc7c9bebd86c0ff9ecff893d8de88f2fad0f0b63b083adcfb26ab,experiments/mirror_applications/ma-268-ia3-mirror-activation-views/artifacts/payloads/26812_2_independent_diagonal_4_ia3.bin,0.020494021999184042,3.8165992009453475e-05,100,128,512
26812,2,independent_diagonal,4,dense_upper,5.893237471354951e-07,7262,7a2edee8f5bf3b9af2bc9016a041b80d76b1ef3bf31bd411f76dbe440389b81b,experiments/mirror_applications/ma-268-ia3-mirror-activation-views/artifacts/payloads/26812_2_independent_diagonal_4_dense_upper.bin,0.00045220898755360395,3.106599615421146e-05,0,128,512
26812,2,independent_diagonal,5,no_view,1.0,3158,5b60ed55784526ead4d0d7f1618e07d7d6c70862cd8cc9bad0fc2aa59a436b26,experiments/mirror_applications/ma-268-ia3-mirror-activation-views/artifacts/payloads/26812_2_independent_diagonal_5_no_view.bin,0.0,2.43860122282058e-05,0,128,512
26812,2,independent_diagonal,5,ia3,1.9233848433941603e-06,3283,c24ec7edc4b16d3b3e5d7ef2f0fb199a3ad4e829b8aab5f6063d71fb9616eea0,experiments/mirror_applications/ma-268-ia3-mirror-activation-views/artifacts/payloads/26812_2_independent_diagonal_5_ia3.bin,0.020562303994665854,2.5788001948967576e-05,100,128,512
26812,2,independent_diagonal,5,dense_upper,6.007057322676701e-07,7262,dae07e88cc670599fe1b3d2dccffa2c8695271376066c4126c1e3565ffa6dee6,experiments/mirror_applications/ma-268-ia3-mirror-activation-views/artifacts/payloads/26812_2_independent_diagonal_5_dense_upper.bin,0.000398128991946578,3.5442004445940256e-05,0,128,512
26812,2,independent_diagonal,6,no_view,1.0,3158,5b60ed55784526ead4d0d7f1618e07d7d6c70862cd8cc9bad0fc2aa59a436b26,experiments/mirror_applications/ma-268-ia3-mirror-activation-views/artifacts/payloads/26812_2_independent_diagonal_6_no_view.bin,0.0,2.188299549743533e-05,0,128,512
26812,2,independent_diagonal,6,ia3,4.6377812168429955e-07,3283,88d4e90143862c7501b1f393a338afae218d2e8ca862bcaca8c4973a98c23384,experiments/mirror_applications/ma-268-ia3-mirror-activation-views/artifacts/payloads/26812_2_independent_diagonal_6_ia3.bin,0.022199265004019253,2.5497996830381453e-05,100,128,512
26812,2,independent_diagonal,6,dense_upper,6.032085480001115e-07,7262,8fd6e9cbb7b95ed63475b57391b869eedd56e1f3413adf099f13d9c1ef9ac2e2,experiments/mirror_applications/ma-268-ia3-mirror-activation-views/artifacts/payloads/26812_2_independent_diagonal_6_dense_upper.bin,0.0002557679981691763,2.9453993192873895e-05,0,128,512
26812,2,independent_diagonal,7,no_view,1.0,3158,5b60ed55784526ead4d0d7f1618e07d7d6c70862cd8cc9bad0fc2aa59a436b26,experiments/mirror_applications/ma-268-ia3-mirror-activation-views/artifacts/payloads/26812_2_independent_diagonal_7_no_view.bin,0.0,2.1601998014375567e-05,0,128,512
26812,2,independent_diagonal,7,ia3,9.004451158034499e-07,3283,40a411abab7d048c3cef6c1a997202c2acff746d4a45e7298b4b9e59199e6ba2,experiments/mirror_applications/ma-268-ia3-mirror-activation-views/artifacts/payloads/26812_2_independent_diagonal_7_ia3.bin,0.019973100992501713,2.5376997655257583e-05,100,128,512
26812,2,independent_diagonal,7,dense_upper,6.038706601430022e-07,7262,2075c6581ef0bb6588de04f13447e3e701682e6f0ea8774ea2c86cdafd423092,experiments/mirror_applications/ma-268-ia3-mirror-activation-views/artifacts/payloads/26812_2_independent_diagonal_7_dense_upper.bin,0.00022598399664275348,2.904300345107913e-05,0,128,512
