condition,world_or_seed,learning_rate,method,architecture,serialized_bytes,train_example_views,optimizer_updates,active_MAC_proxy,adapt_MAC_proxy,train_wall_time_s,inference_examples_per_second,accuracy,nll,payload_sha256,roundtrip_max_abs_diff,status_note
development,36900,0.003,ofa_shared,w16_d1,38677,96000,500,416000000,0,0.541192,7770243.607,0.93871868,0.1670509726,93ca2756f18a1e7a4b7fa58693e861f2a104f1b870648afc30c3d04be5669669,0.0,digits world; lr=0.003; payload=development/36900/0.003/ofa_shared.pt; max_logit=22.6962
development,36900,0.003,ofa_shared,w16_d2,38677,96000,500,416000000,0,0.541192,5832046.171,0.91364902,0.2079916000,93ca2756f18a1e7a4b7fa58693e861f2a104f1b870648afc30c3d04be5669669,0.0,digits world; lr=0.003; payload=development/36900/0.003/ofa_shared.pt; max_logit=37.0856
development,36900,0.003,ofa_shared,w32_d1,38677,96000,500,416000000,0,0.541192,5995084.537,0.94428968,0.1453785747,93ca2756f18a1e7a4b7fa58693e861f2a104f1b870648afc30c3d04be5669669,0.0,digits world; lr=0.003; payload=development/36900/0.003/ofa_shared.pt; max_logit=24.2888
development,36900,0.003,ofa_shared,w32_d2,38677,96000,500,416000000,0,0.541192,4566254.839,0.93036211,0.1653936356,93ca2756f18a1e7a4b7fa58693e861f2a104f1b870648afc30c3d04be5669669,0.0,digits world; lr=0.003; payload=development/36900/0.003/ofa_shared.pt; max_logit=44.8288
development,36900,0.003,ofa_shared,w64_d1,38677,96000,500,416000000,0,0.541192,3495341.027,0.93593317,0.1310043931,93ca2756f18a1e7a4b7fa58693e861f2a104f1b870648afc30c3d04be5669669,0.0,digits world; lr=0.003; payload=development/36900/0.003/ofa_shared.pt; max_logit=26.7894
development,36900,0.003,ofa_shared,w64_d2,38677,96000,500,416000000,0,0.541192,2574674.359,0.93314761,0.1903284490,93ca2756f18a1e7a4b7fa58693e861f2a104f1b870648afc30c3d04be5669669,0.0,digits world; lr=0.003; payload=development/36900/0.003/ofa_shared.pt; max_logit=60.278
development,36900,0.003,ofa_mirror,w16_d1,40191,134400,1100,557414400,141414400,0.795139,2933488.866,0.93871868,0.1641987264,1457ceaff8102c196a9b549e124c77b058b2e677a965f6542315f3067f56ccaa,0.0,digits world; lr=0.003; payload=development/36900/0.003/ofa_mirror.pt; max_logit=22.5461
development,36900,0.003,ofa_mirror,w16_d2,40191,134400,1100,557414400,141414400,0.795139,2347906.556,0.90529245,0.2036837488,1457ceaff8102c196a9b549e124c77b058b2e677a965f6542315f3067f56ccaa,0.0,digits world; lr=0.003; payload=development/36900/0.003/ofa_mirror.pt; max_logit=36.5581
development,36900,0.003,ofa_mirror,w32_d1,40191,134400,1100,557414400,141414400,0.795139,3024674.727,0.93871868,0.1406947970,1457ceaff8102c196a9b549e124c77b058b2e677a965f6542315f3067f56ccaa,0.0,digits world; lr=0.003; payload=development/36900/0.003/ofa_mirror.pt; max_logit=23.9497
development,36900,0.003,ofa_mirror,w32_d2,40191,134400,1100,557414400,141414400,0.795139,2570699.251,0.93036211,0.1612405181,1457ceaff8102c196a9b549e124c77b058b2e677a965f6542315f3067f56ccaa,0.0,digits world; lr=0.003; payload=development/36900/0.003/ofa_mirror.pt; max_logit=44.9819
development,36900,0.003,ofa_mirror,w64_d1,40191,134400,1100,557414400,141414400,0.795139,2187452.738,0.94428968,0.1228788793,1457ceaff8102c196a9b549e124c77b058b2e677a965f6542315f3067f56ccaa,0.0,digits world; lr=0.003; payload=development/36900/0.003/ofa_mirror.pt; max_logit=26.0849
development,36900,0.003,ofa_mirror,w64_d2,40191,134400,1100,557414400,141414400,0.795139,1584413.335,0.94428968,0.1636303067,1457ceaff8102c196a9b549e124c77b058b2e677a965f6542315f3067f56ccaa,0.0,digits world; lr=0.003; payload=development/36900/0.003/ofa_mirror.pt; max_logit=60.1394
development,36900,0.003,ofa_film,w16_d1,40191,134400,1100,556800000,140800000,0.741739,3986796.854,0.93871868,0.1648364365,506013775a1fd8dd89f2bf1b13a2e3513baff10ac5d12d29cd1c060e571cdc70,0.0,digits world; lr=0.003; payload=development/36900/0.003/ofa_film.pt; max_logit=23.1849
development,36900,0.003,ofa_film,w16_d2,40191,134400,1100,556800000,140800000,0.741739,3175124.879,0.91643453,0.1954999417,506013775a1fd8dd89f2bf1b13a2e3513baff10ac5d12d29cd1c060e571cdc70,0.0,digits world; lr=0.003; payload=development/36900/0.003/ofa_film.pt; max_logit=34.9803
development,36900,0.003,ofa_film,w32_d1,40191,134400,1100,556800000,140800000,0.741739,4421595.709,0.94150418,0.1397040486,506013775a1fd8dd89f2bf1b13a2e3513baff10ac5d12d29cd1c060e571cdc70,0.0,digits world; lr=0.003; payload=development/36900/0.003/ofa_film.pt; max_logit=23.9893
development,36900,0.003,ofa_film,w32_d2,40191,134400,1100,556800000,140800000,0.741739,2268650.785,0.93314761,0.1491103172,506013775a1fd8dd89f2bf1b13a2e3513baff10ac5d12d29cd1c060e571cdc70,0.0,digits world; lr=0.003; payload=development/36900/0.003/ofa_film.pt; max_logit=41.2139
development,36900,0.003,ofa_film,w64_d1,40191,134400,1100,556800000,140800000,0.741739,2754926.181,0.94150418,0.1285472810,506013775a1fd8dd89f2bf1b13a2e3513baff10ac5d12d29cd1c060e571cdc70,0.0,digits world; lr=0.003; payload=development/36900/0.003/ofa_film.pt; max_logit=26.5246
development,36900,0.003,ofa_film,w64_d2,40191,134400,1100,556800000,140800000,0.741739,1867444.279,0.94428968,0.1607198268,506013775a1fd8dd89f2bf1b13a2e3513baff10ac5d12d29cd1c060e571cdc70,0.0,digits world; lr=0.003; payload=development/36900/0.003/ofa_film.pt; max_logit=54.6979
development,36900,0.003,ofa_lora,w16_d1,42477,134400,1100,558310400,142310400,0.741668,4665092.81,0.95543176,0.1520242393,5f3ebad5c1efa7e90e8c1b43e8f332d9d6619a5217ee438b3c74dba8652b131e,0.0,digits world; lr=0.003; payload=development/36900/0.003/ofa_lora.pt; max_logit=22.4336
development,36900,0.003,ofa_lora,w16_d2,42477,134400,1100,558310400,142310400,0.741668,4586782.013,0.93036211,0.1812454760,5f3ebad5c1efa7e90e8c1b43e8f332d9d6619a5217ee438b3c74dba8652b131e,0.0,digits world; lr=0.003; payload=development/36900/0.003/ofa_lora.pt; max_logit=36.7184
development,36900,0.003,ofa_lora,w32_d1,42477,134400,1100,558310400,142310400,0.741668,5211126.958,0.95264626,0.1244706959,5f3ebad5c1efa7e90e8c1b43e8f332d9d6619a5217ee438b3c74dba8652b131e,0.0,digits world; lr=0.003; payload=development/36900/0.003/ofa_lora.pt; max_logit=23.8303
development,36900,0.003,ofa_lora,w32_d2,42477,134400,1100,558310400,142310400,0.741668,3652491.14,0.95821726,0.1353206486,5f3ebad5c1efa7e90e8c1b43e8f332d9d6619a5217ee438b3c74dba8652b131e,0.0,digits world; lr=0.003; payload=development/36900/0.003/ofa_lora.pt; max_logit=44.9416
development,36900,0.003,ofa_lora,w64_d1,42477,134400,1100,558310400,142310400,0.741668,3881666.778,0.94428968,0.1218836382,5f3ebad5c1efa7e90e8c1b43e8f332d9d6619a5217ee438b3c74dba8652b131e,0.0,digits world; lr=0.003; payload=development/36900/0.003/ofa_lora.pt; max_logit=26.7581
development,36900,0.003,ofa_lora,w64_d2,42477,134400,1100,558310400,142310400,0.741668,2565191.949,0.96935934,0.1307805181,5f3ebad5c1efa7e90e8c1b43e8f332d9d6619a5217ee438b3c74dba8652b131e,0.0,digits world; lr=0.003; payload=development/36900/0.003/ofa_lora.pt; max_logit=59.1647
development,36900,0.003,independent,w16_d1,98185,192000,3000,702464000,0,1.345166,8238146.817,0.96378833,0.1584384888,0e8c1a9ce5f833dc5e7f46c94bdf70c0d2d6fcf107f0bf51ee61dfbb4b066f2f,0.0,digits world; lr=0.003; payload=development/36900/0.003/independent.pt; max_logit=14.4032
development,36900,0.003,independent,w16_d2,98185,192000,3000,702464000,0,1.345166,6598210.226,0.94707519,0.1872868687,0e8c1a9ce5f833dc5e7f46c94bdf70c0d2d6fcf107f0bf51ee61dfbb4b066f2f,0.0,digits world; lr=0.003; payload=development/36900/0.003/independent.pt; max_logit=21.7977
development,36900,0.003,independent,w32_d1,98185,192000,3000,702464000,0,1.345166,6661748.369,0.96935934,0.1118914783,0e8c1a9ce5f833dc5e7f46c94bdf70c0d2d6fcf107f0bf51ee61dfbb4b066f2f,0.0,digits world; lr=0.003; payload=development/36900/0.003/independent.pt; max_logit=14.9115
development,36900,0.003,independent,w32_d2,98185,192000,3000,702464000,0,1.345166,4991386.932,0.96935934,0.1098888665,0e8c1a9ce5f833dc5e7f46c94bdf70c0d2d6fcf107f0bf51ee61dfbb4b066f2f,0.0,digits world; lr=0.003; payload=development/36900/0.003/independent.pt; max_logit=21.1453
development,36900,0.003,independent,w64_d1,98185,192000,3000,702464000,0,1.345166,4418043.543,0.97493035,0.1049500033,0e8c1a9ce5f833dc5e7f46c94bdf70c0d2d6fcf107f0bf51ee61dfbb4b066f2f,0.0,digits world; lr=0.003; payload=development/36900/0.003/independent.pt; max_logit=19.9253
development,36900,0.003,independent,w64_d2,98185,192000,3000,702464000,0,1.345166,2887269.062,0.97214484,0.1053480431,0e8c1a9ce5f833dc5e7f46c94bdf70c0d2d6fcf107f0bf51ee61dfbb4b066f2f,0.0,digits world; lr=0.003; payload=development/36900/0.003/independent.pt; max_logit=27.0299
development,36900,0.01,ofa_shared,w16_d1,38677,96000,500,416000000,0,0.575726,6903740.003,0.95821726,0.1238963008,d963479d1623ce0ad6747dec5cfbd001774b3f5791fcd421d5895cf5a483e0bd,0.0,digits world; lr=0.01; payload=development/36900/0.01/ofa_shared.pt; max_logit=38.3005
development,36900,0.01,ofa_shared,w16_d2,38677,96000,500,416000000,0,0.575726,5725577.1,0.95543176,0.1802196801,d963479d1623ce0ad6747dec5cfbd001774b3f5791fcd421d5895cf5a483e0bd,0.0,digits world; lr=0.01; payload=development/36900/0.01/ofa_shared.pt; max_logit=70.4863
development,36900,0.01,ofa_shared,w32_d1,38677,96000,500,416000000,0,0.575726,3959777.318,0.95543176,0.1390444338,d963479d1623ce0ad6747dec5cfbd001774b3f5791fcd421d5895cf5a483e0bd,0.0,digits world; lr=0.01; payload=development/36900/0.01/ofa_shared.pt; max_logit=38.3725
development,36900,0.01,ofa_shared,w32_d2,38677,96000,500,416000000,0,0.575726,4556895.325,0.94428968,0.2110400647,d963479d1623ce0ad6747dec5cfbd001774b3f5791fcd421d5895cf5a483e0bd,0.0,digits world; lr=0.01; payload=development/36900/0.01/ofa_shared.pt; max_logit=72.3028
development,36900,0.01,ofa_shared,w64_d1,38677,96000,500,416000000,0,0.575726,2855339.144,0.94986075,0.1253806204,d963479d1623ce0ad6747dec5cfbd001774b3f5791fcd421d5895cf5a483e0bd,0.0,digits world; lr=0.01; payload=development/36900/0.01/ofa_shared.pt; max_logit=39.2233
development,36900,0.01,ofa_shared,w64_d2,38677,96000,500,416000000,0,0.575726,1695934.229,0.95543176,0.1944560260,d963479d1623ce0ad6747dec5cfbd001774b3f5791fcd421d5895cf5a483e0bd,0.0,digits world; lr=0.01; payload=development/36900/0.01/ofa_shared.pt; max_logit=86.0415
development,36900,0.01,ofa_mirror,w16_d1,40191,134400,1100,557414400,141414400,0.891801,2043213.977,0.96935934,0.1193997189,381cf632d7ee96d7d300c3f54d8f684198f49397ac925bcbfe8fd0451ed8794b,0.0,digits world; lr=0.01; payload=development/36900/0.01/ofa_mirror.pt; max_logit=38.2594
development,36900,0.01,ofa_mirror,w16_d2,40191,134400,1100,557414400,141414400,0.891801,1200664.024,0.94707519,0.1904321164,381cf632d7ee96d7d300c3f54d8f684198f49397ac925bcbfe8fd0451ed8794b,0.0,digits world; lr=0.01; payload=development/36900/0.01/ofa_mirror.pt; max_logit=70.141
development,36900,0.01,ofa_mirror,w32_d1,40191,134400,1100,557414400,141414400,0.891801,1583579.274,0.96100277,0.1300571859,381cf632d7ee96d7d300c3f54d8f684198f49397ac925bcbfe8fd0451ed8794b,0.0,digits world; lr=0.01; payload=development/36900/0.01/ofa_mirror.pt; max_logit=38.1299
development,36900,0.01,ofa_mirror,w32_d2,40191,134400,1100,557414400,141414400,0.891801,1602641.854,0.96100277,0.1845056266,381cf632d7ee96d7d300c3f54d8f684198f49397ac925bcbfe8fd0451ed8794b,0.0,digits world; lr=0.01; payload=development/36900/0.01/ofa_mirror.pt; max_logit=73.3674
development,36900,0.01,ofa_mirror,w64_d1,40191,134400,1100,557414400,141414400,0.891801,2190198.181,0.96378833,0.1150099114,381cf632d7ee96d7d300c3f54d8f684198f49397ac925bcbfe8fd0451ed8794b,0.0,digits world; lr=0.01; payload=development/36900/0.01/ofa_mirror.pt; max_logit=39.3603
development,36900,0.01,ofa_mirror,w64_d2,40191,134400,1100,557414400,141414400,0.891801,1267076.767,0.96100277,0.1616536677,381cf632d7ee96d7d300c3f54d8f684198f49397ac925bcbfe8fd0451ed8794b,0.0,digits world; lr=0.01; payload=development/36900/0.01/ofa_mirror.pt; max_logit=87.7839
development,36900,0.01,ofa_film,w16_d1,40191,134400,1100,556800000,140800000,0.804023,4874783.758,0.96100277,0.1240282431,93fb93581e7123d05cd4f9486ed34ad60c93718ab73a13bc537b611482413b27,0.0,digits world; lr=0.01; payload=development/36900/0.01/ofa_film.pt; max_logit=39.3439
development,36900,0.01,ofa_film,w16_d2,40191,134400,1100,556800000,140800000,0.804023,3497996.509,0.94707519,0.1699851155,93fb93581e7123d05cd4f9486ed34ad60c93718ab73a13bc537b611482413b27,0.0,digits world; lr=0.01; payload=development/36900/0.01/ofa_film.pt; max_logit=68.2083
development,36900,0.01,ofa_film,w32_d1,40191,134400,1100,556800000,140800000,0.804023,3937998.059,0.95543176,0.1459456384,93fb93581e7123d05cd4f9486ed34ad60c93718ab73a13bc537b611482413b27,0.0,digits world; lr=0.01; payload=development/36900/0.01/ofa_film.pt; max_logit=39.0654
development,36900,0.01,ofa_film,w32_d2,40191,134400,1100,556800000,140800000,0.804023,3077570.402,0.94707519,0.2142759413,93fb93581e7123d05cd4f9486ed34ad60c93718ab73a13bc537b611482413b27,0.0,digits world; lr=0.01; payload=development/36900/0.01/ofa_film.pt; max_logit=62.3364
development,36900,0.01,ofa_film,w64_d1,40191,134400,1100,556800000,140800000,0.804023,3229377.235,0.94986075,0.1255123317,93fb93581e7123d05cd4f9486ed34ad60c93718ab73a13bc537b611482413b27,0.0,digits world; lr=0.01; payload=development/36900/0.01/ofa_film.pt; max_logit=39.4906
development,36900,0.01,ofa_film,w64_d2,40191,134400,1100,556800000,140800000,0.804023,1280232.044,0.96100277,0.2020615786,93fb93581e7123d05cd4f9486ed34ad60c93718ab73a13bc537b611482413b27,0.0,digits world; lr=0.01; payload=development/36900/0.01/ofa_film.pt; max_logit=72.4365
development,36900,0.01,ofa_lora,w16_d1,42477,134400,1100,558310400,142310400,0.793146,6407432.647,0.96657383,0.1129079089,a74dbc408d55fc0473b28d45766a8d9d2e38b8426ed6a4c799f418efdf60c088,0.0,digits world; lr=0.01; payload=development/36900/0.01/ofa_lora.pt; max_logit=37.8798
development,36900,0.01,ofa_lora,w16_d2,42477,134400,1100,558310400,142310400,0.793146,4212854.483,0.95264626,0.1830522269,a74dbc408d55fc0473b28d45766a8d9d2e38b8426ed6a4c799f418efdf60c088,0.0,digits world; lr=0.01; payload=development/36900/0.01/ofa_lora.pt; max_logit=70.4153
development,36900,0.01,ofa_lora,w32_d1,42477,134400,1100,558310400,142310400,0.793146,4782709.005,0.96657383,0.1230160668,a74dbc408d55fc0473b28d45766a8d9d2e38b8426ed6a4c799f418efdf60c088,0.0,digits world; lr=0.01; payload=development/36900/0.01/ofa_lora.pt; max_logit=38.2203
development,36900,0.01,ofa_lora,w32_d2,42477,134400,1100,558310400,142310400,0.793146,3318292.99,0.96100277,0.1615531296,a74dbc408d55fc0473b28d45766a8d9d2e38b8426ed6a4c799f418efdf60c088,0.0,digits world; lr=0.01; payload=development/36900/0.01/ofa_lora.pt; max_logit=73.8825
development,36900,0.01,ofa_lora,w64_d1,42477,134400,1100,558310400,142310400,0.793146,3359615.325,0.96378833,0.1124862656,a74dbc408d55fc0473b28d45766a8d9d2e38b8426ed6a4c799f418efdf60c088,0.0,digits world; lr=0.01; payload=development/36900/0.01/ofa_lora.pt; max_logit=39.9201
development,36900,0.01,ofa_lora,w64_d2,42477,134400,1100,558310400,142310400,0.793146,2259167.055,0.96657383,0.1582055092,a74dbc408d55fc0473b28d45766a8d9d2e38b8426ed6a4c799f418efdf60c088,0.0,digits world; lr=0.01; payload=development/36900/0.01/ofa_lora.pt; max_logit=88.2618
development,36900,0.01,independent,w16_d1,98185,192000,3000,702464000,0,1.453543,6927316.006,0.96657383,0.0997968167,87f94d23de4fd0e846987c9e174448456ea053df36707b61fce00bab5a98ef35,0.0,digits world; lr=0.01; payload=development/36900/0.01/independent.pt; max_logit=22.0779
development,36900,0.01,independent,w16_d2,98185,192000,3000,702464000,0,1.453543,6741960.632,0.94707519,0.1561141312,87f94d23de4fd0e846987c9e174448456ea053df36707b61fce00bab5a98ef35,0.0,digits world; lr=0.01; payload=development/36900/0.01/independent.pt; max_logit=38.4636
development,36900,0.01,independent,w32_d1,98185,192000,3000,702464000,0,1.453543,6330945.22,0.97493035,0.0818893537,87f94d23de4fd0e846987c9e174448456ea053df36707b61fce00bab5a98ef35,0.0,digits world; lr=0.01; payload=development/36900/0.01/independent.pt; max_logit=22.3231
development,36900,0.01,independent,w32_d2,98185,192000,3000,702464000,0,1.453543,4855657.983,0.97771585,0.0873519927,87f94d23de4fd0e846987c9e174448456ea053df36707b61fce00bab5a98ef35,0.0,digits world; lr=0.01; payload=development/36900/0.01/independent.pt; max_logit=28.7828
development,36900,0.01,independent,w64_d1,98185,192000,3000,702464000,0,1.453543,3969121.465,0.95821726,0.0993061736,87f94d23de4fd0e846987c9e174448456ea053df36707b61fce00bab5a98ef35,0.0,digits world; lr=0.01; payload=development/36900/0.01/independent.pt; max_logit=29.474
development,36900,0.01,independent,w64_d2,98185,192000,3000,702464000,0,1.453543,1786556.097,0.97493035,0.0788662955,87f94d23de4fd0e846987c9e174448456ea053df36707b61fce00bab5a98ef35,0.0,digits world; lr=0.01; payload=development/36900/0.01/independent.pt; max_logit=36.2075
development,36901,0.003,ofa_shared,w16_d1,38677,96000,500,416000000,0,0.591552,7178056.452,0.94150418,0.2253345996,1d324ea2fa9e97c5cc074e05b67fb595cd4fa7eb6e9bcbfdbad56b778a514ee4,0.0,digits world; lr=0.003; payload=development/36901/0.003/ofa_shared.pt; max_logit=21.667
development,36901,0.003,ofa_shared,w16_d2,38677,96000,500,416000000,0,0.591552,3176190.473,0.93314761,0.2715879679,1d324ea2fa9e97c5cc074e05b67fb595cd4fa7eb6e9bcbfdbad56b778a514ee4,0.0,digits world; lr=0.003; payload=development/36901/0.003/ofa_shared.pt; max_logit=39.8301
development,36901,0.003,ofa_shared,w32_d1,38677,96000,500,416000000,0,0.591552,4102018.501,0.92757660,0.2278286815,1d324ea2fa9e97c5cc074e05b67fb595cd4fa7eb6e9bcbfdbad56b778a514ee4,0.0,digits world; lr=0.003; payload=development/36901/0.003/ofa_shared.pt; max_logit=24.8153
development,36901,0.003,ofa_shared,w32_d2,38677,96000,500,416000000,0,0.591552,3913011.908,0.93871868,0.3108823895,1d324ea2fa9e97c5cc074e05b67fb595cd4fa7eb6e9bcbfdbad56b778a514ee4,0.0,digits world; lr=0.003; payload=development/36901/0.003/ofa_shared.pt; max_logit=52.5709
development,36901,0.003,ofa_shared,w64_d1,38677,96000,500,416000000,0,0.591552,4216851.613,0.94150418,0.2123583555,1d324ea2fa9e97c5cc074e05b67fb595cd4fa7eb6e9bcbfdbad56b778a514ee4,0.0,digits world; lr=0.003; payload=development/36901/0.003/ofa_shared.pt; max_logit=26.5544
development,36901,0.003,ofa_shared,w64_d2,38677,96000,500,416000000,0,0.591552,2551328.036,0.95264626,0.3088060319,1d324ea2fa9e97c5cc074e05b67fb595cd4fa7eb6e9bcbfdbad56b778a514ee4,0.0,digits world; lr=0.003; payload=development/36901/0.003/ofa_shared.pt; max_logit=65.0908
development,36901,0.003,ofa_mirror,w16_d1,40191,134400,1100,557414400,141414400,0.880432,3001747.698,0.93871868,0.2236661762,3a7150361c0bd4199bfba3c6f7410a39535f246f052e1a0b72d8ef72b3449c5e,0.0,digits world; lr=0.003; payload=development/36901/0.003/ofa_mirror.pt; max_logit=21.5584
development,36901,0.003,ofa_mirror,w16_d2,40191,134400,1100,557414400,141414400,0.880432,2639258.254,0.93593317,0.2634139359,3a7150361c0bd4199bfba3c6f7410a39535f246f052e1a0b72d8ef72b3449c5e,0.0,digits world; lr=0.003; payload=development/36901/0.003/ofa_mirror.pt; max_logit=38.7637
development,36901,0.003,ofa_mirror,w32_d1,40191,134400,1100,557414400,141414400,0.880432,2170218.916,0.93036211,0.2266908586,3a7150361c0bd4199bfba3c6f7410a39535f246f052e1a0b72d8ef72b3449c5e,0.0,digits world; lr=0.003; payload=development/36901/0.003/ofa_mirror.pt; max_logit=24.7042
development,36901,0.003,ofa_mirror,w32_d2,40191,134400,1100,557414400,141414400,0.880432,2359109.982,0.94150418,0.3056876659,3a7150361c0bd4199bfba3c6f7410a39535f246f052e1a0b72d8ef72b3449c5e,0.0,digits world; lr=0.003; payload=development/36901/0.003/ofa_mirror.pt; max_logit=51.9874
development,36901,0.003,ofa_mirror,w64_d1,40191,134400,1100,557414400,141414400,0.880432,2421710.635,0.94428968,0.2097029984,3a7150361c0bd4199bfba3c6f7410a39535f246f052e1a0b72d8ef72b3449c5e,0.0,digits world; lr=0.003; payload=development/36901/0.003/ofa_mirror.pt; max_logit=26.3262
development,36901,0.003,ofa_mirror,w64_d2,40191,134400,1100,557414400,141414400,0.880432,1729748.431,0.95264626,0.3104877174,3a7150361c0bd4199bfba3c6f7410a39535f246f052e1a0b72d8ef72b3449c5e,0.0,digits world; lr=0.003; payload=development/36901/0.003/ofa_mirror.pt; max_logit=65.8992
development,36901,0.003,ofa_film,w16_d1,40191,134400,1100,556800000,140800000,0.826031,2964637.436,0.93871868,0.2223263383,d63796e8dcb40fbf7f8d8dce200fae0c5acfb85b758ca695b72a514367b3028b,0.0,digits world; lr=0.003; payload=development/36901/0.003/ofa_film.pt; max_logit=22.2545
development,36901,0.003,ofa_film,w16_d2,40191,134400,1100,556800000,140800000,0.826031,3469180.193,0.93036211,0.2748083472,d63796e8dcb40fbf7f8d8dce200fae0c5acfb85b758ca695b72a514367b3028b,0.0,digits world; lr=0.003; payload=development/36901/0.003/ofa_film.pt; max_logit=40.0372
development,36901,0.003,ofa_film,w32_d1,40191,134400,1100,556800000,140800000,0.826031,4031499.225,0.93314761,0.2264672220,d63796e8dcb40fbf7f8d8dce200fae0c5acfb85b758ca695b72a514367b3028b,0.0,digits world; lr=0.003; payload=development/36901/0.003/ofa_film.pt; max_logit=25.0113
development,36901,0.003,ofa_film,w32_d2,40191,134400,1100,556800000,140800000,0.826031,3209731.508,0.93871868,0.3067565858,d63796e8dcb40fbf7f8d8dce200fae0c5acfb85b758ca695b72a514367b3028b,0.0,digits world; lr=0.003; payload=development/36901/0.003/ofa_film.pt; max_logit=53.0399
development,36901,0.003,ofa_film,w64_d1,40191,134400,1100,556800000,140800000,0.826031,2205866.833,0.94150418,0.2096495181,d63796e8dcb40fbf7f8d8dce200fae0c5acfb85b758ca695b72a514367b3028b,0.0,digits world; lr=0.003; payload=development/36901/0.003/ofa_film.pt; max_logit=26.521
development,36901,0.003,ofa_film,w64_d2,40191,134400,1100,556800000,140800000,0.826031,1934005.827,0.94707519,0.3145245612,d63796e8dcb40fbf7f8d8dce200fae0c5acfb85b758ca695b72a514367b3028b,0.0,digits world; lr=0.003; payload=development/36901/0.003/ofa_film.pt; max_logit=64.9432
development,36901,0.003,ofa_lora,w16_d1,42477,134400,1100,558310400,142310400,0.813495,5342811.25,0.93871868,0.2229677737,6334b8cbc483f0cd78b7aa289376e20ddc9b8f888979b0b626ee249457d0ae57,0.0,digits world; lr=0.003; payload=development/36901/0.003/ofa_lora.pt; max_logit=21.454
development,36901,0.003,ofa_lora,w16_d2,42477,134400,1100,558310400,142310400,0.813495,4038377.204,0.92479110,0.2880523503,6334b8cbc483f0cd78b7aa289376e20ddc9b8f888979b0b626ee249457d0ae57,0.0,digits world; lr=0.003; payload=development/36901/0.003/ofa_lora.pt; max_logit=38.8734
development,36901,0.003,ofa_lora,w32_d1,42477,134400,1100,558310400,142310400,0.813495,5383144.244,0.93036211,0.2263328135,6334b8cbc483f0cd78b7aa289376e20ddc9b8f888979b0b626ee249457d0ae57,0.0,digits world; lr=0.003; payload=development/36901/0.003/ofa_lora.pt; max_logit=24.2832
development,36901,0.003,ofa_lora,w32_d2,42477,134400,1100,558310400,142310400,0.813495,3881401.93,0.93314761,0.3154088557,6334b8cbc483f0cd78b7aa289376e20ddc9b8f888979b0b626ee249457d0ae57,0.0,digits world; lr=0.003; payload=development/36901/0.003/ofa_lora.pt; max_logit=52.5209
development,36901,0.003,ofa_lora,w64_d1,42477,134400,1100,558310400,142310400,0.813495,3885590.588,0.94150418,0.2151533514,6334b8cbc483f0cd78b7aa289376e20ddc9b8f888979b0b626ee249457d0ae57,0.0,digits world; lr=0.003; payload=development/36901/0.003/ofa_lora.pt; max_logit=26.1449
development,36901,0.003,ofa_lora,w64_d2,42477,134400,1100,558310400,142310400,0.813495,2313796.963,0.95264626,0.3179966211,6334b8cbc483f0cd78b7aa289376e20ddc9b8f888979b0b626ee249457d0ae57,0.0,digits world; lr=0.003; payload=development/36901/0.003/ofa_lora.pt; max_logit=65.4975
development,36901,0.003,independent,w16_d1,98185,192000,3000,702464000,0,1.444681,8420928.046,0.94428968,0.1909067631,07d6e15898641862fd0535883e7e7875590dd492679b81365891fc0221524ce8,0.0,digits world; lr=0.003; payload=development/36901/0.003/independent.pt; max_logit=15.1211
development,36901,0.003,independent,w16_d2,98185,192000,3000,702464000,0,1.444681,5225289.607,0.92757660,0.2153933644,07d6e15898641862fd0535883e7e7875590dd492679b81365891fc0221524ce8,0.0,digits world; lr=0.003; payload=development/36901/0.003/independent.pt; max_logit=27.9062
development,36901,0.003,independent,w32_d1,98185,192000,3000,702464000,0,1.444681,6360398.523,0.95264626,0.1640399992,07d6e15898641862fd0535883e7e7875590dd492679b81365891fc0221524ce8,0.0,digits world; lr=0.003; payload=development/36901/0.003/independent.pt; max_logit=16.4332
development,36901,0.003,independent,w32_d2,98185,192000,3000,702464000,0,1.444681,4323513.675,0.95821726,0.1864850074,07d6e15898641862fd0535883e7e7875590dd492679b81365891fc0221524ce8,0.0,digits world; lr=0.003; payload=development/36901/0.003/independent.pt; max_logit=22.5438
development,36901,0.003,independent,w64_d1,98185,192000,3000,702464000,0,1.444681,4003437.327,0.95543176,0.1691464931,07d6e15898641862fd0535883e7e7875590dd492679b81365891fc0221524ce8,0.0,digits world; lr=0.003; payload=development/36901/0.003/independent.pt; max_logit=19.423
development,36901,0.003,independent,w64_d2,98185,192000,3000,702464000,0,1.444681,2841957.738,0.96378833,0.1464987993,07d6e15898641862fd0535883e7e7875590dd492679b81365891fc0221524ce8,0.0,digits world; lr=0.003; payload=development/36901/0.003/independent.pt; max_logit=25.3153
development,36901,0.01,ofa_shared,w16_d1,38677,96000,500,416000000,0,0.602681,6827403.996,0.95543176,0.1683901846,12aefa208df06add9d45392c1171b7bdb2f7f11e388d1e7fa085903431abbaf7,0.0,digits world; lr=0.01; payload=development/36901/0.01/ofa_shared.pt; max_logit=32.2592
development,36901,0.01,ofa_shared,w16_d2,38677,96000,500,416000000,0,0.602681,5868255.372,0.93871868,0.2668613493,12aefa208df06add9d45392c1171b7bdb2f7f11e388d1e7fa085903431abbaf7,0.0,digits world; lr=0.01; payload=development/36901/0.01/ofa_shared.pt; max_logit=63.0813
development,36901,0.01,ofa_shared,w32_d1,38677,96000,500,416000000,0,0.602681,6217682.005,0.95543176,0.1853770912,12aefa208df06add9d45392c1171b7bdb2f7f11e388d1e7fa085903431abbaf7,0.0,digits world; lr=0.01; payload=development/36901/0.01/ofa_shared.pt; max_logit=36.2678
development,36901,0.01,ofa_shared,w32_d2,38677,96000,500,416000000,0,0.602681,4574634.91,0.95543176,0.3116780818,12aefa208df06add9d45392c1171b7bdb2f7f11e388d1e7fa085903431abbaf7,0.0,digits world; lr=0.01; payload=development/36901/0.01/ofa_shared.pt; max_logit=73.619
development,36901,0.01,ofa_shared,w64_d1,38677,96000,500,416000000,0,0.602681,4392723.19,0.95264626,0.1866810173,12aefa208df06add9d45392c1171b7bdb2f7f11e388d1e7fa085903431abbaf7,0.0,digits world; lr=0.01; payload=development/36901/0.01/ofa_shared.pt; max_logit=38.2486
development,36901,0.01,ofa_shared,w64_d2,38677,96000,500,416000000,0,0.602681,2423996.808,0.95264626,0.4176513851,12aefa208df06add9d45392c1171b7bdb2f7f11e388d1e7fa085903431abbaf7,0.0,digits world; lr=0.01; payload=development/36901/0.01/ofa_shared.pt; max_logit=95.8709
development,36901,0.01,ofa_mirror,w16_d1,40191,134400,1100,557414400,141414400,0.87657,2946983.079,0.95821726,0.1721944213,ed4578c570e6052bf39e85d773ec2f1462145a2b0e3a35f16df3fb228ae7a23a,0.0,digits world; lr=0.01; payload=development/36901/0.01/ofa_mirror.pt; max_logit=32.1199
development,36901,0.01,ofa_mirror,w16_d2,40191,134400,1100,557414400,141414400,0.87657,2622442.991,0.95264626,0.2626222968,ed4578c570e6052bf39e85d773ec2f1462145a2b0e3a35f16df3fb228ae7a23a,0.0,digits world; lr=0.01; payload=development/36901/0.01/ofa_mirror.pt; max_logit=61.6667
development,36901,0.01,ofa_mirror,w32_d1,40191,134400,1100,557414400,141414400,0.87657,3115319.755,0.94707519,0.1930341870,ed4578c570e6052bf39e85d773ec2f1462145a2b0e3a35f16df3fb228ae7a23a,0.0,digits world; lr=0.01; payload=development/36901/0.01/ofa_mirror.pt; max_logit=36.1141
development,36901,0.01,ofa_mirror,w32_d2,40191,134400,1100,557414400,141414400,0.87657,2440264.756,0.95543176,0.3151374161,ed4578c570e6052bf39e85d773ec2f1462145a2b0e3a35f16df3fb228ae7a23a,0.0,digits world; lr=0.01; payload=development/36901/0.01/ofa_mirror.pt; max_logit=73.4829
development,36901,0.01,ofa_mirror,w64_d1,40191,134400,1100,557414400,141414400,0.87657,2250534.61,0.95264626,0.1904605925,ed4578c570e6052bf39e85d773ec2f1462145a2b0e3a35f16df3fb228ae7a23a,0.0,digits world; lr=0.01; payload=development/36901/0.01/ofa_mirror.pt; max_logit=37.7595
development,36901,0.01,ofa_mirror,w64_d2,40191,134400,1100,557414400,141414400,0.87657,1812365.003,0.95821726,0.4041452110,ed4578c570e6052bf39e85d773ec2f1462145a2b0e3a35f16df3fb228ae7a23a,0.0,digits world; lr=0.01; payload=development/36901/0.01/ofa_mirror.pt; max_logit=92.5907
development,36901,0.01,ofa_film,w16_d1,40191,134400,1100,556800000,140800000,0.807926,4247048.848,0.96378833,0.1729240268,dc3e00adabf8d6810391700ce1b026145dd4987d4bbef4bf19a8cd157131b683,0.0,digits world; lr=0.01; payload=development/36901/0.01/ofa_film.pt; max_logit=34.4839
development,36901,0.01,ofa_film,w16_d2,40191,134400,1100,556800000,140800000,0.807926,3537643.785,0.94428968,0.2616585493,dc3e00adabf8d6810391700ce1b026145dd4987d4bbef4bf19a8cd157131b683,0.0,digits world; lr=0.01; payload=development/36901/0.01/ofa_film.pt; max_logit=62.4559
development,36901,0.01,ofa_film,w32_d1,40191,134400,1100,556800000,140800000,0.807926,3341083.509,0.94986075,0.1963799596,dc3e00adabf8d6810391700ce1b026145dd4987d4bbef4bf19a8cd157131b683,0.0,digits world; lr=0.01; payload=development/36901/0.01/ofa_film.pt; max_logit=37.5544
development,36901,0.01,ofa_film,w32_d2,40191,134400,1100,556800000,140800000,0.807926,2770558.277,0.95264626,0.3161466122,dc3e00adabf8d6810391700ce1b026145dd4987d4bbef4bf19a8cd157131b683,0.0,digits world; lr=0.01; payload=development/36901/0.01/ofa_film.pt; max_logit=76.0741
development,36901,0.01,ofa_film,w64_d1,40191,134400,1100,556800000,140800000,0.807926,2764519.118,0.95264626,0.1924591959,dc3e00adabf8d6810391700ce1b026145dd4987d4bbef4bf19a8cd157131b683,0.0,digits world; lr=0.01; payload=development/36901/0.01/ofa_film.pt; max_logit=39.7881
development,36901,0.01,ofa_film,w64_d2,40191,134400,1100,556800000,140800000,0.807926,2084084.677,0.94707519,0.4086264074,dc3e00adabf8d6810391700ce1b026145dd4987d4bbef4bf19a8cd157131b683,0.0,digits world; lr=0.01; payload=development/36901/0.01/ofa_film.pt; max_logit=97.8469
development,36901,0.01,ofa_lora,w16_d1,42477,134400,1100,558310400,142310400,0.805357,5655027.823,0.95821726,0.1758910716,2b0846279133fd829475d5fc8b7b8f87344888c0f9c129b7a61e06a415c44b8f,0.0,digits world; lr=0.01; payload=development/36901/0.01/ofa_lora.pt; max_logit=32.6424
development,36901,0.01,ofa_lora,w16_d2,42477,134400,1100,558310400,142310400,0.805357,4998559.98,0.95264626,0.2560290396,2b0846279133fd829475d5fc8b7b8f87344888c0f9c129b7a61e06a415c44b8f,0.0,digits world; lr=0.01; payload=development/36901/0.01/ofa_lora.pt; max_logit=62.7811
development,36901,0.01,ofa_lora,w32_d1,42477,134400,1100,558310400,142310400,0.805357,4616226.574,0.95264626,0.1938393265,2b0846279133fd829475d5fc8b7b8f87344888c0f9c129b7a61e06a415c44b8f,0.0,digits world; lr=0.01; payload=development/36901/0.01/ofa_lora.pt; max_logit=35.8668
development,36901,0.01,ofa_lora,w32_d2,42477,134400,1100,558310400,142310400,0.805357,4006005.881,0.95821726,0.3106070459,2b0846279133fd829475d5fc8b7b8f87344888c0f9c129b7a61e06a415c44b8f,0.0,digits world; lr=0.01; payload=development/36901/0.01/ofa_lora.pt; max_logit=76.3481
development,36901,0.01,ofa_lora,w64_d1,42477,134400,1100,558310400,142310400,0.805357,3794965.143,0.94986075,0.1996452957,2b0846279133fd829475d5fc8b7b8f87344888c0f9c129b7a61e06a415c44b8f,0.0,digits world; lr=0.01; payload=development/36901/0.01/ofa_lora.pt; max_logit=37.3763
development,36901,0.01,ofa_lora,w64_d2,42477,134400,1100,558310400,142310400,0.805357,2578322.852,0.96100277,0.3556457162,2b0846279133fd829475d5fc8b7b8f87344888c0f9c129b7a61e06a415c44b8f,0.0,digits world; lr=0.01; payload=development/36901/0.01/ofa_lora.pt; max_logit=100.237
development,36901,0.01,independent,w16_d1,98185,192000,3000,702464000,0,1.299407,8226617.652,0.93593317,0.1545992196,de3f6d29a8a7959ab26d4e2ff0b92e3ad3512d2328a13c611cc30445a5deb6a3,0.0,digits world; lr=0.01; payload=development/36901/0.01/independent.pt; max_logit=27.097
development,36901,0.01,independent,w16_d2,98185,192000,3000,702464000,0,1.299407,5744237.836,0.94707519,0.1860643774,de3f6d29a8a7959ab26d4e2ff0b92e3ad3512d2328a13c611cc30445a5deb6a3,0.0,digits world; lr=0.01; payload=development/36901/0.01/independent.pt; max_logit=41.7201
development,36901,0.01,independent,w32_d1,98185,192000,3000,702464000,0,1.299407,6622910.584,0.96378833,0.1498039216,de3f6d29a8a7959ab26d4e2ff0b92e3ad3512d2328a13c611cc30445a5deb6a3,0.0,digits world; lr=0.01; payload=development/36901/0.01/independent.pt; max_logit=26.8231
development,36901,0.01,independent,w32_d2,98185,192000,3000,702464000,0,1.299407,4810700.788,0.94428968,0.1872594506,de3f6d29a8a7959ab26d4e2ff0b92e3ad3512d2328a13c611cc30445a5deb6a3,0.0,digits world; lr=0.01; payload=development/36901/0.01/independent.pt; max_logit=33.2274
development,36901,0.01,independent,w64_d1,98185,192000,3000,702464000,0,1.299407,4416058.233,0.96100277,0.1322102696,de3f6d29a8a7959ab26d4e2ff0b92e3ad3512d2328a13c611cc30445a5deb6a3,0.0,digits world; lr=0.01; payload=development/36901/0.01/independent.pt; max_logit=29.8711
development,36901,0.01,independent,w64_d2,98185,192000,3000,702464000,0,1.299407,2893837.43,0.96657383,0.1832750142,de3f6d29a8a7959ab26d4e2ff0b92e3ad3512d2328a13c611cc30445a5deb6a3,0.0,digits world; lr=0.01; payload=development/36901/0.01/independent.pt; max_logit=39.8866
fresh,36910,0.01,ofa_shared,w16_d1,38677,96000,500,416000000,0,0.513434,7818357.566,0.96388888,0.1226314306,5ad05b32730f19267b17a07a258f6ea32f385cc882854e13811126c93dedd8db,0.0,digits world; lr=0.01; payload=fresh/36910/0.01/ofa_shared.pt; max_logit=35.6795
fresh,36910,0.01,ofa_shared,w16_d2,38677,96000,500,416000000,0,0.513434,5901445.855,0.95277780,0.2059600204,5ad05b32730f19267b17a07a258f6ea32f385cc882854e13811126c93dedd8db,0.0,digits world; lr=0.01; payload=fresh/36910/0.01/ofa_shared.pt; max_logit=63.8533
fresh,36910,0.01,ofa_shared,w32_d1,38677,96000,500,416000000,0,0.513434,5854479.598,0.96388888,0.1139884666,5ad05b32730f19267b17a07a258f6ea32f385cc882854e13811126c93dedd8db,0.0,digits world; lr=0.01; payload=fresh/36910/0.01/ofa_shared.pt; max_logit=37.2642
fresh,36910,0.01,ofa_shared,w32_d2,38677,96000,500,416000000,0,0.513434,4212788.606,0.97222221,0.1746743023,5ad05b32730f19267b17a07a258f6ea32f385cc882854e13811126c93dedd8db,0.0,digits world; lr=0.01; payload=fresh/36910/0.01/ofa_shared.pt; max_logit=74.1986
fresh,36910,0.01,ofa_shared,w64_d1,38677,96000,500,416000000,0,0.513434,4275999.023,0.96944445,0.1184632853,5ad05b32730f19267b17a07a258f6ea32f385cc882854e13811126c93dedd8db,0.0,digits world; lr=0.01; payload=fresh/36910/0.01/ofa_shared.pt; max_logit=39.3841
fresh,36910,0.01,ofa_shared,w64_d2,38677,96000,500,416000000,0,0.513434,2689986.895,0.96388888,0.2288124859,5ad05b32730f19267b17a07a258f6ea32f385cc882854e13811126c93dedd8db,0.0,digits world; lr=0.01; payload=fresh/36910/0.01/ofa_shared.pt; max_logit=89.4403
fresh,36910,0.01,ofa_mirror,w16_d1,40191,134400,1100,557414400,141414400,0.76096,3123617.778,0.96666664,0.1162957698,5baca3fc88ffad96cc569635eb263aadd86f9c8da8ee4a45eaba25f1ff099824,0.0,digits world; lr=0.01; payload=fresh/36910/0.01/ofa_mirror.pt; max_logit=35.6803
fresh,36910,0.01,ofa_mirror,w16_d2,40191,134400,1100,557414400,141414400,0.76096,2476807.748,0.95555556,0.1995579153,5baca3fc88ffad96cc569635eb263aadd86f9c8da8ee4a45eaba25f1ff099824,0.0,digits world; lr=0.01; payload=fresh/36910/0.01/ofa_mirror.pt; max_logit=63.8564
fresh,36910,0.01,ofa_mirror,w32_d1,40191,134400,1100,557414400,141414400,0.76096,2797528.339,0.96388888,0.1042527854,5baca3fc88ffad96cc569635eb263aadd86f9c8da8ee4a45eaba25f1ff099824,0.0,digits world; lr=0.01; payload=fresh/36910/0.01/ofa_mirror.pt; max_logit=37.0847
fresh,36910,0.01,ofa_mirror,w32_d2,40191,134400,1100,557414400,141414400,0.76096,2500001.214,0.96666664,0.1770606637,5baca3fc88ffad96cc569635eb263aadd86f9c8da8ee4a45eaba25f1ff099824,0.0,digits world; lr=0.01; payload=fresh/36910/0.01/ofa_mirror.pt; max_logit=74.6638
fresh,36910,0.01,ofa_mirror,w64_d1,40191,134400,1100,557414400,141414400,0.76096,2242960.847,0.96388888,0.1062500551,5baca3fc88ffad96cc569635eb263aadd86f9c8da8ee4a45eaba25f1ff099824,0.0,digits world; lr=0.01; payload=fresh/36910/0.01/ofa_mirror.pt; max_logit=39.3576
fresh,36910,0.01,ofa_mirror,w64_d2,40191,134400,1100,557414400,141414400,0.76096,1702689.187,0.96388888,0.2348497659,5baca3fc88ffad96cc569635eb263aadd86f9c8da8ee4a45eaba25f1ff099824,0.0,digits world; lr=0.01; payload=fresh/36910/0.01/ofa_mirror.pt; max_logit=89.7481
fresh,36910,0.01,ofa_film,w16_d1,40191,134400,1100,556800000,140800000,0.707505,5095049.543,0.96666664,0.1205556840,7e12fc33b48083e376fdfcf68fbe2d1c728c59810b38ab54c91cf1557c57df52,0.0,digits world; lr=0.01; payload=fresh/36910/0.01/ofa_film.pt; max_logit=36.7897
fresh,36910,0.01,ofa_film,w16_d2,40191,134400,1100,556800000,140800000,0.707505,4321688.992,0.95555556,0.1978898942,7e12fc33b48083e376fdfcf68fbe2d1c728c59810b38ab54c91cf1557c57df52,0.0,digits world; lr=0.01; payload=fresh/36910/0.01/ofa_film.pt; max_logit=62.0106
fresh,36910,0.01,ofa_film,w32_d1,40191,134400,1100,556800000,140800000,0.707505,4151921.414,0.96944445,0.1153329462,7e12fc33b48083e376fdfcf68fbe2d1c728c59810b38ab54c91cf1557c57df52,0.0,digits world; lr=0.01; payload=fresh/36910/0.01/ofa_film.pt; max_logit=37.8789
fresh,36910,0.01,ofa_film,w32_d2,40191,134400,1100,556800000,140800000,0.707505,3435077.379,0.96666664,0.1722420305,7e12fc33b48083e376fdfcf68fbe2d1c728c59810b38ab54c91cf1557c57df52,0.0,digits world; lr=0.01; payload=fresh/36910/0.01/ofa_film.pt; max_logit=73.635
fresh,36910,0.01,ofa_film,w64_d1,40191,134400,1100,556800000,140800000,0.707505,3255390.476,0.97222221,0.1133458987,7e12fc33b48083e376fdfcf68fbe2d1c728c59810b38ab54c91cf1557c57df52,0.0,digits world; lr=0.01; payload=fresh/36910/0.01/ofa_film.pt; max_logit=39.7991
fresh,36910,0.01,ofa_film,w64_d2,40191,134400,1100,556800000,140800000,0.707505,2334665.125,0.96944445,0.2137747258,7e12fc33b48083e376fdfcf68fbe2d1c728c59810b38ab54c91cf1557c57df52,0.0,digits world; lr=0.01; payload=fresh/36910/0.01/ofa_film.pt; max_logit=87.0243
fresh,36910,0.01,ofa_lora,w16_d1,42477,134400,1100,558310400,142310400,0.698003,6232160.139,0.96388888,0.1193558350,94ce84e3cfb4aebddc5628807617d9b5dc366fe1d284b999810a4ef379c4e76c,0.0,digits world; lr=0.01; payload=fresh/36910/0.01/ofa_lora.pt; max_logit=35.4538
fresh,36910,0.01,ofa_lora,w16_d2,42477,134400,1100,558310400,142310400,0.698003,5043927.477,0.95277780,0.2034274191,94ce84e3cfb4aebddc5628807617d9b5dc366fe1d284b999810a4ef379c4e76c,0.0,digits world; lr=0.01; payload=fresh/36910/0.01/ofa_lora.pt; max_logit=64.5642
fresh,36910,0.01,ofa_lora,w32_d1,42477,134400,1100,558310400,142310400,0.698003,5173054.834,0.97222221,0.1124442816,94ce84e3cfb4aebddc5628807617d9b5dc366fe1d284b999810a4ef379c4e76c,0.0,digits world; lr=0.01; payload=fresh/36910/0.01/ofa_lora.pt; max_logit=37.0117
fresh,36910,0.01,ofa_lora,w32_d2,42477,134400,1100,558310400,142310400,0.698003,4057386.654,0.96944445,0.1732368618,94ce84e3cfb4aebddc5628807617d9b5dc366fe1d284b999810a4ef379c4e76c,0.0,digits world; lr=0.01; payload=fresh/36910/0.01/ofa_lora.pt; max_logit=75.0422
fresh,36910,0.01,ofa_lora,w64_d1,42477,134400,1100,558310400,142310400,0.698003,3648035.796,0.97777778,0.1074169576,94ce84e3cfb4aebddc5628807617d9b5dc366fe1d284b999810a4ef379c4e76c,0.0,digits world; lr=0.01; payload=fresh/36910/0.01/ofa_lora.pt; max_logit=38.9106
fresh,36910,0.01,ofa_lora,w64_d2,42477,134400,1100,558310400,142310400,0.698003,2426493.141,0.96666664,0.2262424678,94ce84e3cfb4aebddc5628807617d9b5dc366fe1d284b999810a4ef379c4e76c,0.0,digits world; lr=0.01; payload=fresh/36910/0.01/ofa_lora.pt; max_logit=88.7967
fresh,36910,0.01,independent,w16_d1,98185,192000,3000,702464000,0,1.219083,8172425.41,0.95555556,0.1315860152,b5bfd1f41319a5ef857394132d67c378981adc8ea55042bb66c3565800d10751,0.0,digits world; lr=0.01; payload=fresh/36910/0.01/independent.pt; max_logit=24.4926
fresh,36910,0.01,independent,w16_d2,98185,192000,3000,702464000,0,1.219083,6366496.3,0.95277780,0.1975647658,b5bfd1f41319a5ef857394132d67c378981adc8ea55042bb66c3565800d10751,0.0,digits world; lr=0.01; payload=fresh/36910/0.01/independent.pt; max_logit=34.5054
fresh,36910,0.01,independent,w32_d1,98185,192000,3000,702464000,0,1.219083,6868224.01,0.96111113,0.0944394767,b5bfd1f41319a5ef857394132d67c378981adc8ea55042bb66c3565800d10751,0.0,digits world; lr=0.01; payload=fresh/36910/0.01/independent.pt; max_logit=29.2894
fresh,36910,0.01,independent,w32_d2,98185,192000,3000,702464000,0,1.219083,4866291.075,0.96944445,0.0970886126,b5bfd1f41319a5ef857394132d67c378981adc8ea55042bb66c3565800d10751,0.0,digits world; lr=0.01; payload=fresh/36910/0.01/independent.pt; max_logit=39.5154
fresh,36910,0.01,independent,w64_d1,98185,192000,3000,702464000,0,1.219083,4472502.411,0.96944445,0.1154350266,b5bfd1f41319a5ef857394132d67c378981adc8ea55042bb66c3565800d10751,0.0,digits world; lr=0.01; payload=fresh/36910/0.01/independent.pt; max_logit=29.6886
fresh,36910,0.01,independent,w64_d2,98185,192000,3000,702464000,0,1.219083,2877241.814,0.96666664,0.1290450990,b5bfd1f41319a5ef857394132d67c378981adc8ea55042bb66c3565800d10751,0.0,digits world; lr=0.01; payload=fresh/36910/0.01/independent.pt; max_logit=40.6629
fresh,36911,0.01,ofa_shared,w16_d1,38677,96000,500,416000000,0,0.499671,6636155.916,0.94722223,0.1728747338,632f5812f0ef36ec267f4677678ecdcbaf49a808e58e566a7d25411e8cf60501,0.0,digits world; lr=0.01; payload=fresh/36911/0.01/ofa_shared.pt; max_logit=29.6353
fresh,36911,0.01,ofa_shared,w16_d2,38677,96000,500,416000000,0,0.499671,5875676.661,0.94166666,0.2573333383,632f5812f0ef36ec267f4677678ecdcbaf49a808e58e566a7d25411e8cf60501,0.0,digits world; lr=0.01; payload=fresh/36911/0.01/ofa_shared.pt; max_logit=52.0704
fresh,36911,0.01,ofa_shared,w32_d1,38677,96000,500,416000000,0,0.499671,6026457.57,0.93888891,0.1956438422,632f5812f0ef36ec267f4677678ecdcbaf49a808e58e566a7d25411e8cf60501,0.0,digits world; lr=0.01; payload=fresh/36911/0.01/ofa_shared.pt; max_logit=33.3504
fresh,36911,0.01,ofa_shared,w32_d2,38677,96000,500,416000000,0,0.499671,4607283.106,0.94722223,0.2859052122,632f5812f0ef36ec267f4677678ecdcbaf49a808e58e566a7d25411e8cf60501,0.0,digits world; lr=0.01; payload=fresh/36911/0.01/ofa_shared.pt; max_logit=69.0213
fresh,36911,0.01,ofa_shared,w64_d1,38677,96000,500,416000000,0,0.499671,4449148.513,0.94722223,0.1914197356,632f5812f0ef36ec267f4677678ecdcbaf49a808e58e566a7d25411e8cf60501,0.0,digits world; lr=0.01; payload=fresh/36911/0.01/ofa_shared.pt; max_logit=35.7858
fresh,36911,0.01,ofa_shared,w64_d2,38677,96000,500,416000000,0,0.499671,2831553.018,0.95277780,0.2977453768,632f5812f0ef36ec267f4677678ecdcbaf49a808e58e566a7d25411e8cf60501,0.0,digits world; lr=0.01; payload=fresh/36911/0.01/ofa_shared.pt; max_logit=87.2433
fresh,36911,0.01,ofa_mirror,w16_d1,40191,134400,1100,557414400,141414400,0.74213,3298871.296,0.94999999,0.1781627685,d0da22f816967d7df5195c34427d0fc8a80f964ea85081a860ea99306d6280d5,0.0,digits world; lr=0.01; payload=fresh/36911/0.01/ofa_mirror.pt; max_logit=29.5205
fresh,36911,0.01,ofa_mirror,w16_d2,40191,134400,1100,557414400,141414400,0.74213,2918035.683,0.93611109,0.2754837871,d0da22f816967d7df5195c34427d0fc8a80f964ea85081a860ea99306d6280d5,0.0,digits world; lr=0.01; payload=fresh/36911/0.01/ofa_mirror.pt; max_logit=50.8406
fresh,36911,0.01,ofa_mirror,w32_d1,40191,134400,1100,557414400,141414400,0.74213,3148453.905,0.94999999,0.2052194774,d0da22f816967d7df5195c34427d0fc8a80f964ea85081a860ea99306d6280d5,0.0,digits world; lr=0.01; payload=fresh/36911/0.01/ofa_mirror.pt; max_logit=33.4484
fresh,36911,0.01,ofa_mirror,w32_d2,40191,134400,1100,557414400,141414400,0.74213,2430889.386,0.93611109,0.2913503349,d0da22f816967d7df5195c34427d0fc8a80f964ea85081a860ea99306d6280d5,0.0,digits world; lr=0.01; payload=fresh/36911/0.01/ofa_mirror.pt; max_logit=68.0173
fresh,36911,0.01,ofa_mirror,w64_d1,40191,134400,1100,557414400,141414400,0.74213,2399895.761,0.94722223,0.2025620639,d0da22f816967d7df5195c34427d0fc8a80f964ea85081a860ea99306d6280d5,0.0,digits world; lr=0.01; payload=fresh/36911/0.01/ofa_mirror.pt; max_logit=35.7617
fresh,36911,0.01,ofa_mirror,w64_d2,40191,134400,1100,557414400,141414400,0.74213,1729076.071,0.94999999,0.3032242358,d0da22f816967d7df5195c34427d0fc8a80f964ea85081a860ea99306d6280d5,0.0,digits world; lr=0.01; payload=fresh/36911/0.01/ofa_mirror.pt; max_logit=86.5969
fresh,36911,0.01,ofa_film,w16_d1,40191,134400,1100,556800000,140800000,0.691714,5061053.904,0.94999999,0.1655791402,b86e7acb6ab45aa8ffbe2c50261357f44bb94fb8f1e7e24b7e3bcabe9ce761fa,0.0,digits world; lr=0.01; payload=fresh/36911/0.01/ofa_film.pt; max_logit=29.2132
fresh,36911,0.01,ofa_film,w16_d2,40191,134400,1100,556800000,140800000,0.691714,4349853.989,0.94722223,0.2208097726,b86e7acb6ab45aa8ffbe2c50261357f44bb94fb8f1e7e24b7e3bcabe9ce761fa,0.0,digits world; lr=0.01; payload=fresh/36911/0.01/ofa_film.pt; max_logit=49.6177
fresh,36911,0.01,ofa_film,w32_d1,40191,134400,1100,556800000,140800000,0.691714,4428299.602,0.94722223,0.1811142117,b86e7acb6ab45aa8ffbe2c50261357f44bb94fb8f1e7e24b7e3bcabe9ce761fa,0.0,digits world; lr=0.01; payload=fresh/36911/0.01/ofa_film.pt; max_logit=32.0655
fresh,36911,0.01,ofa_film,w32_d2,40191,134400,1100,556800000,140800000,0.691714,3485644.199,0.95277780,0.2430075109,b86e7acb6ab45aa8ffbe2c50261357f44bb94fb8f1e7e24b7e3bcabe9ce761fa,0.0,digits world; lr=0.01; payload=fresh/36911/0.01/ofa_film.pt; max_logit=63.6237
fresh,36911,0.01,ofa_film,w64_d1,40191,134400,1100,556800000,140800000,0.691714,3353335.453,0.94444442,0.1793345064,b86e7acb6ab45aa8ffbe2c50261357f44bb94fb8f1e7e24b7e3bcabe9ce761fa,0.0,digits world; lr=0.01; payload=fresh/36911/0.01/ofa_film.pt; max_logit=34.3561
fresh,36911,0.01,ofa_film,w64_d2,40191,134400,1100,556800000,140800000,0.691714,2313649.545,0.95277780,0.2917905450,b86e7acb6ab45aa8ffbe2c50261357f44bb94fb8f1e7e24b7e3bcabe9ce761fa,0.0,digits world; lr=0.01; payload=fresh/36911/0.01/ofa_film.pt; max_logit=87.0207
fresh,36911,0.01,ofa_lora,w16_d1,42477,134400,1100,558310400,142310400,0.68777,4764767.497,0.94722223,0.1760852784,39724f9b7efc7a6cf7590deee8f13d6188f93f92de7af06fc8ee728db7e790c6,0.0,digits world; lr=0.01; payload=fresh/36911/0.01/ofa_lora.pt; max_logit=28.8284
fresh,36911,0.01,ofa_lora,w16_d2,42477,134400,1100,558310400,142310400,0.68777,4479201.011,0.94166666,0.2273285687,39724f9b7efc7a6cf7590deee8f13d6188f93f92de7af06fc8ee728db7e790c6,0.0,digits world; lr=0.01; payload=fresh/36911/0.01/ofa_lora.pt; max_logit=49.4349
fresh,36911,0.01,ofa_lora,w32_d1,42477,134400,1100,558310400,142310400,0.68777,5051053.132,0.94722223,0.1922741979,39724f9b7efc7a6cf7590deee8f13d6188f93f92de7af06fc8ee728db7e790c6,0.0,digits world; lr=0.01; payload=fresh/36911/0.01/ofa_lora.pt; max_logit=33.0484
fresh,36911,0.01,ofa_lora,w32_d2,42477,134400,1100,558310400,142310400,0.68777,4059320.004,0.94999999,0.2583948970,39724f9b7efc7a6cf7590deee8f13d6188f93f92de7af06fc8ee728db7e790c6,0.0,digits world; lr=0.01; payload=fresh/36911/0.01/ofa_lora.pt; max_logit=66.0173
fresh,36911,0.01,ofa_lora,w64_d1,42477,134400,1100,558310400,142310400,0.68777,3936423.681,0.94722223,0.1870857477,39724f9b7efc7a6cf7590deee8f13d6188f93f92de7af06fc8ee728db7e790c6,0.0,digits world; lr=0.01; payload=fresh/36911/0.01/ofa_lora.pt; max_logit=35.7057
fresh,36911,0.01,ofa_lora,w64_d2,42477,134400,1100,558310400,142310400,0.68777,2544977.003,0.95277780,0.3155921996,39724f9b7efc7a6cf7590deee8f13d6188f93f92de7af06fc8ee728db7e790c6,0.0,digits world; lr=0.01; payload=fresh/36911/0.01/ofa_lora.pt; max_logit=86.0623
fresh,36911,0.01,independent,w16_d1,98185,192000,3000,702464000,0,1.246515,8572724.993,0.95555556,0.1701958030,d2b2375e089a36623e8dffaf03c9d446cf631851def3b4041b8b4c8a8327146d,0.0,digits world; lr=0.01; payload=fresh/36911/0.01/independent.pt; max_logit=25.9886
fresh,36911,0.01,independent,w16_d2,98185,192000,3000,702464000,0,1.246515,6594972.112,0.93888891,0.2113147527,d2b2375e089a36623e8dffaf03c9d446cf631851def3b4041b8b4c8a8327146d,0.0,digits world; lr=0.01; payload=fresh/36911/0.01/independent.pt; max_logit=37.0156
fresh,36911,0.01,independent,w32_d1,98185,192000,3000,702464000,0,1.246515,6644699.408,0.95277780,0.1476727724,d2b2375e089a36623e8dffaf03c9d446cf631851def3b4041b8b4c8a8327146d,0.0,digits world; lr=0.01; payload=fresh/36911/0.01/independent.pt; max_logit=25.1033
fresh,36911,0.01,independent,w32_d2,98185,192000,3000,702464000,0,1.246515,4749866.639,0.94722223,0.1729710847,d2b2375e089a36623e8dffaf03c9d446cf631851def3b4041b8b4c8a8327146d,0.0,digits world; lr=0.01; payload=fresh/36911/0.01/independent.pt; max_logit=37.132
fresh,36911,0.01,independent,w64_d1,98185,192000,3000,702464000,0,1.246515,4229548.871,0.96111113,0.1444769800,d2b2375e089a36623e8dffaf03c9d446cf631851def3b4041b8b4c8a8327146d,0.0,digits world; lr=0.01; payload=fresh/36911/0.01/independent.pt; max_logit=24.0285
fresh,36911,0.01,independent,w64_d2,98185,192000,3000,702464000,0,1.246515,2935140.287,0.96111113,0.1516693681,d2b2375e089a36623e8dffaf03c9d446cf631851def3b4041b8b4c8a8327146d,0.0,digits world; lr=0.01; payload=fresh/36911/0.01/independent.pt; max_logit=33.9143
fresh,36912,0.01,ofa_shared,w16_d1,38677,96000,500,416000000,0,0.482023,6982944.925,0.94166666,0.1865433604,67cbb8144a30413358831efdeda47d95d7f6bc41f79565bf0d0ecea66df29cb8,0.0,digits world; lr=0.01; payload=fresh/36912/0.01/ofa_shared.pt; max_logit=37.0592
fresh,36912,0.01,ofa_shared,w16_d2,38677,96000,500,416000000,0,0.482023,6163639.822,0.90277779,0.2854693532,67cbb8144a30413358831efdeda47d95d7f6bc41f79565bf0d0ecea66df29cb8,0.0,digits world; lr=0.01; payload=fresh/36912/0.01/ofa_shared.pt; max_logit=62.6679
fresh,36912,0.01,ofa_shared,w32_d1,38677,96000,500,416000000,0,0.482023,6236494.722,0.94722223,0.1973154098,67cbb8144a30413358831efdeda47d95d7f6bc41f79565bf0d0ecea66df29cb8,0.0,digits world; lr=0.01; payload=fresh/36912/0.01/ofa_shared.pt; max_logit=42.4918
fresh,36912,0.01,ofa_shared,w32_d2,38677,96000,500,416000000,0,0.482023,4622615.786,0.93333334,0.3141190708,67cbb8144a30413358831efdeda47d95d7f6bc41f79565bf0d0ecea66df29cb8,0.0,digits world; lr=0.01; payload=fresh/36912/0.01/ofa_shared.pt; max_logit=84.9742
fresh,36912,0.01,ofa_shared,w64_d1,38677,96000,500,416000000,0,0.482023,4462857.608,0.95277780,0.1715872437,67cbb8144a30413358831efdeda47d95d7f6bc41f79565bf0d0ecea66df29cb8,0.0,digits world; lr=0.01; payload=fresh/36912/0.01/ofa_shared.pt; max_logit=44.228
fresh,36912,0.01,ofa_shared,w64_d2,38677,96000,500,416000000,0,0.482023,2775204.633,0.96111113,0.2185475677,67cbb8144a30413358831efdeda47d95d7f6bc41f79565bf0d0ecea66df29cb8,0.0,digits world; lr=0.01; payload=fresh/36912/0.01/ofa_shared.pt; max_logit=94.4832
fresh,36912,0.01,ofa_mirror,w16_d1,40191,134400,1100,557414400,141414400,0.743865,3098140.877,0.94166666,0.1933803111,69a24913e9f49b5efe62934b4c95d759b40cb41806bb6acf73cede7224e2b0c6,0.0,digits world; lr=0.01; payload=fresh/36912/0.01/ofa_mirror.pt; max_logit=36.8548
fresh,36912,0.01,ofa_mirror,w16_d2,40191,134400,1100,557414400,141414400,0.743865,2987155.819,0.93055558,0.2151000798,69a24913e9f49b5efe62934b4c95d759b40cb41806bb6acf73cede7224e2b0c6,0.0,digits world; lr=0.01; payload=fresh/36912/0.01/ofa_mirror.pt; max_logit=60.4928
fresh,36912,0.01,ofa_mirror,w32_d1,40191,134400,1100,557414400,141414400,0.743865,3044035.06,0.94999999,0.2094283253,69a24913e9f49b5efe62934b4c95d759b40cb41806bb6acf73cede7224e2b0c6,0.0,digits world; lr=0.01; payload=fresh/36912/0.01/ofa_mirror.pt; max_logit=42.0923
fresh,36912,0.01,ofa_mirror,w32_d2,40191,134400,1100,557414400,141414400,0.743865,2530603.249,0.94166666,0.2765556872,69a24913e9f49b5efe62934b4c95d759b40cb41806bb6acf73cede7224e2b0c6,0.0,digits world; lr=0.01; payload=fresh/36912/0.01/ofa_mirror.pt; max_logit=81.5242
fresh,36912,0.01,ofa_mirror,w64_d1,40191,134400,1100,557414400,141414400,0.743865,2285047.132,0.94999999,0.1927348822,69a24913e9f49b5efe62934b4c95d759b40cb41806bb6acf73cede7224e2b0c6,0.0,digits world; lr=0.01; payload=fresh/36912/0.01/ofa_mirror.pt; max_logit=43.5312
fresh,36912,0.01,ofa_mirror,w64_d2,40191,134400,1100,557414400,141414400,0.743865,1835635.347,0.95277780,0.2341779768,69a24913e9f49b5efe62934b4c95d759b40cb41806bb6acf73cede7224e2b0c6,0.0,digits world; lr=0.01; payload=fresh/36912/0.01/ofa_mirror.pt; max_logit=94.151
fresh,36912,0.01,ofa_film,w16_d1,40191,134400,1100,556800000,140800000,0.691104,4943029.648,0.94166666,0.1731274128,fc17e3578e7b7a329217f3089883a74462198ce7f601262151b526e55feb183b,0.0,digits world; lr=0.01; payload=fresh/36912/0.01/ofa_film.pt; max_logit=35.5589
fresh,36912,0.01,ofa_film,w16_d2,40191,134400,1100,556800000,140800000,0.691104,3901633.121,0.90277779,0.2635847032,fc17e3578e7b7a329217f3089883a74462198ce7f601262151b526e55feb183b,0.0,digits world; lr=0.01; payload=fresh/36912/0.01/ofa_film.pt; max_logit=57.5916
fresh,36912,0.01,ofa_film,w32_d1,40191,134400,1100,556800000,140800000,0.691104,4448414.041,0.94444442,0.1909528524,fc17e3578e7b7a329217f3089883a74462198ce7f601262151b526e55feb183b,0.0,digits world; lr=0.01; payload=fresh/36912/0.01/ofa_film.pt; max_logit=40.7079
fresh,36912,0.01,ofa_film,w32_d2,40191,134400,1100,556800000,140800000,0.691104,3022528.456,0.92500001,0.2961621881,fc17e3578e7b7a329217f3089883a74462198ce7f601262151b526e55feb183b,0.0,digits world; lr=0.01; payload=fresh/36912/0.01/ofa_film.pt; max_logit=82.588
fresh,36912,0.01,ofa_film,w64_d1,40191,134400,1100,556800000,140800000,0.691104,2765394.119,0.94722223,0.1672629267,fc17e3578e7b7a329217f3089883a74462198ce7f601262151b526e55feb183b,0.0,digits world; lr=0.01; payload=fresh/36912/0.01/ofa_film.pt; max_logit=42.1979
fresh,36912,0.01,ofa_film,w64_d2,40191,134400,1100,556800000,140800000,0.691104,1743184.048,0.96111113,0.2096795887,fc17e3578e7b7a329217f3089883a74462198ce7f601262151b526e55feb183b,0.0,digits world; lr=0.01; payload=fresh/36912/0.01/ofa_film.pt; max_logit=87.2596
fresh,36912,0.01,ofa_lora,w16_d1,42477,134400,1100,558310400,142310400,0.690422,4224586.266,0.94444442,0.1787655652,d73704c8c2cbcc8667ede0153f1a1dc7fd5895273e9dcf226a577e38a1adcfb5,0.0,digits world; lr=0.01; payload=fresh/36912/0.01/ofa_lora.pt; max_logit=37.4572
fresh,36912,0.01,ofa_lora,w16_d2,42477,134400,1100,558310400,142310400,0.690422,3528999.841,0.94166666,0.2555326819,d73704c8c2cbcc8667ede0153f1a1dc7fd5895273e9dcf226a577e38a1adcfb5,0.0,digits world; lr=0.01; payload=fresh/36912/0.01/ofa_lora.pt; max_logit=60.7458
fresh,36912,0.01,ofa_lora,w32_d1,42477,134400,1100,558310400,142310400,0.690422,4012262.483,0.94999999,0.2052301615,d73704c8c2cbcc8667ede0153f1a1dc7fd5895273e9dcf226a577e38a1adcfb5,0.0,digits world; lr=0.01; payload=fresh/36912/0.01/ofa_lora.pt; max_logit=42.8171
fresh,36912,0.01,ofa_lora,w32_d2,42477,134400,1100,558310400,142310400,0.690422,2869635.062,0.95277780,0.2976139486,d73704c8c2cbcc8667ede0153f1a1dc7fd5895273e9dcf226a577e38a1adcfb5,0.0,digits world; lr=0.01; payload=fresh/36912/0.01/ofa_lora.pt; max_logit=85.8232
fresh,36912,0.01,ofa_lora,w64_d1,42477,134400,1100,558310400,142310400,0.690422,3141063.832,0.95277780,0.1989808232,d73704c8c2cbcc8667ede0153f1a1dc7fd5895273e9dcf226a577e38a1adcfb5,0.0,digits world; lr=0.01; payload=fresh/36912/0.01/ofa_lora.pt; max_logit=42.4862
fresh,36912,0.01,ofa_lora,w64_d2,42477,134400,1100,558310400,142310400,0.690422,2402681.992,0.96388888,0.2680706382,d73704c8c2cbcc8667ede0153f1a1dc7fd5895273e9dcf226a577e38a1adcfb5,0.0,digits world; lr=0.01; payload=fresh/36912/0.01/ofa_lora.pt; max_logit=94.6445
fresh,36912,0.01,independent,w16_d1,98185,192000,3000,702464000,0,1.323194,6009312.045,0.95277780,0.1714422256,d1a8333c2822a82236a262a80741e010eb8f515e6e3bed208a706fd750d32d21,0.0,digits world; lr=0.01; payload=fresh/36912/0.01/independent.pt; max_logit=26.123
fresh,36912,0.01,independent,w16_d2,98185,192000,3000,702464000,0,1.323194,5223109.406,0.94166666,0.1964908540,d1a8333c2822a82236a262a80741e010eb8f515e6e3bed208a706fd750d32d21,0.0,digits world; lr=0.01; payload=fresh/36912/0.01/independent.pt; max_logit=44.4792
fresh,36912,0.01,independent,w32_d1,98185,192000,3000,702464000,0,1.323194,6888395.871,0.95277780,0.1472136825,d1a8333c2822a82236a262a80741e010eb8f515e6e3bed208a706fd750d32d21,0.0,digits world; lr=0.01; payload=fresh/36912/0.01/independent.pt; max_logit=25.5937
fresh,36912,0.01,independent,w32_d2,98185,192000,3000,702464000,0,1.323194,3611032.551,0.96666664,0.1211640015,d1a8333c2822a82236a262a80741e010eb8f515e6e3bed208a706fd750d32d21,0.0,digits world; lr=0.01; payload=fresh/36912/0.01/independent.pt; max_logit=40.9983
fresh,36912,0.01,independent,w64_d1,98185,192000,3000,702464000,0,1.323194,3790969.494,0.96388888,0.1404887587,d1a8333c2822a82236a262a80741e010eb8f515e6e3bed208a706fd750d32d21,0.0,digits world; lr=0.01; payload=fresh/36912/0.01/independent.pt; max_logit=27.6496
fresh,36912,0.01,independent,w64_d2,98185,192000,3000,702464000,0,1.323194,2243217.336,0.95833331,0.1315587163,d1a8333c2822a82236a262a80741e010eb8f515e6e3bed208a706fd750d32d21,0.0,digits world; lr=0.01; payload=fresh/36912/0.01/independent.pt; max_logit=38.7561
development,36900,0.003,ofa_shared,w16_d1,38677,96000,500,416000000,0,0.604419,5742298.63,0.93871868,0.1670509726,93ca2756f18a1e7a4b7fa58693e861f2a104f1b870648afc30c3d04be5669669,0.0,digits world; lr=0.003; payload=development/36900/0.003/ofa_shared.pt; max_logit=22.6962
development,36900,0.003,ofa_shared,w16_d2,38677,96000,500,416000000,0,0.604419,5808920.546,0.91364902,0.2079916000,93ca2756f18a1e7a4b7fa58693e861f2a104f1b870648afc30c3d04be5669669,0.0,digits world; lr=0.003; payload=development/36900/0.003/ofa_shared.pt; max_logit=37.0856
development,36900,0.003,ofa_shared,w32_d1,38677,96000,500,416000000,0,0.604419,5043082.878,0.94428968,0.1453785747,93ca2756f18a1e7a4b7fa58693e861f2a104f1b870648afc30c3d04be5669669,0.0,digits world; lr=0.003; payload=development/36900/0.003/ofa_shared.pt; max_logit=24.2888
development,36900,0.003,ofa_shared,w32_d2,38677,96000,500,416000000,0,0.604419,4526675.125,0.93036211,0.1653936356,93ca2756f18a1e7a4b7fa58693e861f2a104f1b870648afc30c3d04be5669669,0.0,digits world; lr=0.003; payload=development/36900/0.003/ofa_shared.pt; max_logit=44.8288
development,36900,0.003,ofa_shared,w64_d1,38677,96000,500,416000000,0,0.604419,3672799.48,0.93593317,0.1310043931,93ca2756f18a1e7a4b7fa58693e861f2a104f1b870648afc30c3d04be5669669,0.0,digits world; lr=0.003; payload=development/36900/0.003/ofa_shared.pt; max_logit=26.7894
development,36900,0.003,ofa_shared,w64_d2,38677,96000,500,416000000,0,0.604419,2314782.375,0.93314761,0.1903284490,93ca2756f18a1e7a4b7fa58693e861f2a104f1b870648afc30c3d04be5669669,0.0,digits world; lr=0.003; payload=development/36900/0.003/ofa_shared.pt; max_logit=60.278
development,36900,0.003,ofa_mirror,w16_d1,40191,134400,1100,557414400,141414400,0.861688,3066843.412,0.93871868,0.1641987264,1457ceaff8102c196a9b549e124c77b058b2e677a965f6542315f3067f56ccaa,0.0,digits world; lr=0.003; payload=development/36900/0.003/ofa_mirror.pt; max_logit=22.5461
development,36900,0.003,ofa_mirror,w16_d2,40191,134400,1100,557414400,141414400,0.861688,2095909.986,0.90529245,0.2036837488,1457ceaff8102c196a9b549e124c77b058b2e677a965f6542315f3067f56ccaa,0.0,digits world; lr=0.003; payload=development/36900/0.003/ofa_mirror.pt; max_logit=36.5581
development,36900,0.003,ofa_mirror,w32_d1,40191,134400,1100,557414400,141414400,0.861688,1783111.013,0.93871868,0.1406947970,1457ceaff8102c196a9b549e124c77b058b2e677a965f6542315f3067f56ccaa,0.0,digits world; lr=0.003; payload=development/36900/0.003/ofa_mirror.pt; max_logit=23.9497
development,36900,0.003,ofa_mirror,w32_d2,40191,134400,1100,557414400,141414400,0.861688,2087641.811,0.93036211,0.1612405181,1457ceaff8102c196a9b549e124c77b058b2e677a965f6542315f3067f56ccaa,0.0,digits world; lr=0.003; payload=development/36900/0.003/ofa_mirror.pt; max_logit=44.9819
development,36900,0.003,ofa_mirror,w64_d1,40191,134400,1100,557414400,141414400,0.861688,1962959.112,0.94428968,0.1228788793,1457ceaff8102c196a9b549e124c77b058b2e677a965f6542315f3067f56ccaa,0.0,digits world; lr=0.003; payload=development/36900/0.003/ofa_mirror.pt; max_logit=26.0849
development,36900,0.003,ofa_mirror,w64_d2,40191,134400,1100,557414400,141414400,0.861688,1374497.014,0.94428968,0.1636303067,1457ceaff8102c196a9b549e124c77b058b2e677a965f6542315f3067f56ccaa,0.0,digits world; lr=0.003; payload=development/36900/0.003/ofa_mirror.pt; max_logit=60.1394
development,36900,0.003,ofa_film,w16_d1,40191,134400,1100,556800000,140800000,0.795324,5029588.127,0.93871868,0.1648364365,506013775a1fd8dd89f2bf1b13a2e3513baff10ac5d12d29cd1c060e571cdc70,0.0,digits world; lr=0.003; payload=development/36900/0.003/ofa_film.pt; max_logit=23.1849
development,36900,0.003,ofa_film,w16_d2,40191,134400,1100,556800000,140800000,0.795324,3898065.587,0.91643453,0.1954999417,506013775a1fd8dd89f2bf1b13a2e3513baff10ac5d12d29cd1c060e571cdc70,0.0,digits world; lr=0.003; payload=development/36900/0.003/ofa_film.pt; max_logit=34.9803
development,36900,0.003,ofa_film,w32_d1,40191,134400,1100,556800000,140800000,0.795324,2783242.494,0.94150418,0.1397040486,506013775a1fd8dd89f2bf1b13a2e3513baff10ac5d12d29cd1c060e571cdc70,0.0,digits world; lr=0.003; payload=development/36900/0.003/ofa_film.pt; max_logit=23.9893
development,36900,0.003,ofa_film,w32_d2,40191,134400,1100,556800000,140800000,0.795324,3075383.527,0.93314761,0.1491103172,506013775a1fd8dd89f2bf1b13a2e3513baff10ac5d12d29cd1c060e571cdc70,0.0,digits world; lr=0.003; payload=development/36900/0.003/ofa_film.pt; max_logit=41.2139
development,36900,0.003,ofa_film,w64_d1,40191,134400,1100,556800000,140800000,0.795324,3056300.398,0.94150418,0.1285472810,506013775a1fd8dd89f2bf1b13a2e3513baff10ac5d12d29cd1c060e571cdc70,0.0,digits world; lr=0.003; payload=development/36900/0.003/ofa_film.pt; max_logit=26.5246
development,36900,0.003,ofa_film,w64_d2,40191,134400,1100,556800000,140800000,0.795324,1832562.488,0.94428968,0.1607198268,506013775a1fd8dd89f2bf1b13a2e3513baff10ac5d12d29cd1c060e571cdc70,0.0,digits world; lr=0.003; payload=development/36900/0.003/ofa_film.pt; max_logit=54.6979
development,36900,0.003,ofa_lora,w16_d1,42477,134400,1100,558310400,142310400,0.797368,5646533.636,0.95543176,0.1520242393,5f3ebad5c1efa7e90e8c1b43e8f332d9d6619a5217ee438b3c74dba8652b131e,0.0,digits world; lr=0.003; payload=development/36900/0.003/ofa_lora.pt; max_logit=22.4336
development,36900,0.003,ofa_lora,w16_d2,42477,134400,1100,558310400,142310400,0.797368,2536681.556,0.93036211,0.1812454760,5f3ebad5c1efa7e90e8c1b43e8f332d9d6619a5217ee438b3c74dba8652b131e,0.0,digits world; lr=0.003; payload=development/36900/0.003/ofa_lora.pt; max_logit=36.7184
development,36900,0.003,ofa_lora,w32_d1,42477,134400,1100,558310400,142310400,0.797368,4911454.751,0.95264626,0.1244706959,5f3ebad5c1efa7e90e8c1b43e8f332d9d6619a5217ee438b3c74dba8652b131e,0.0,digits world; lr=0.003; payload=development/36900/0.003/ofa_lora.pt; max_logit=23.8303
development,36900,0.003,ofa_lora,w32_d2,42477,134400,1100,558310400,142310400,0.797368,3550198.205,0.95821726,0.1353206486,5f3ebad5c1efa7e90e8c1b43e8f332d9d6619a5217ee438b3c74dba8652b131e,0.0,digits world; lr=0.003; payload=development/36900/0.003/ofa_lora.pt; max_logit=44.9416
development,36900,0.003,ofa_lora,w64_d1,42477,134400,1100,558310400,142310400,0.797368,3558127.786,0.94428968,0.1218836382,5f3ebad5c1efa7e90e8c1b43e8f332d9d6619a5217ee438b3c74dba8652b131e,0.0,digits world; lr=0.003; payload=development/36900/0.003/ofa_lora.pt; max_logit=26.7581
development,36900,0.003,ofa_lora,w64_d2,42477,134400,1100,558310400,142310400,0.797368,2276834.634,0.96935934,0.1307805181,5f3ebad5c1efa7e90e8c1b43e8f332d9d6619a5217ee438b3c74dba8652b131e,0.0,digits world; lr=0.003; payload=development/36900/0.003/ofa_lora.pt; max_logit=59.1647
development,36900,0.003,independent,w16_d1,98185,192000,3000,702464000,0,1.375147,8002163.11,0.96378833,0.1584384888,0e8c1a9ce5f833dc5e7f46c94bdf70c0d2d6fcf107f0bf51ee61dfbb4b066f2f,0.0,digits world; lr=0.003; payload=development/36900/0.003/independent.pt; max_logit=14.4032
development,36900,0.003,independent,w16_d2,98185,192000,3000,702464000,0,1.375147,5065770.939,0.94707519,0.1872868687,0e8c1a9ce5f833dc5e7f46c94bdf70c0d2d6fcf107f0bf51ee61dfbb4b066f2f,0.0,digits world; lr=0.003; payload=development/36900/0.003/independent.pt; max_logit=21.7977
development,36900,0.003,independent,w32_d1,98185,192000,3000,702464000,0,1.375147,6904019.338,0.96935934,0.1118914783,0e8c1a9ce5f833dc5e7f46c94bdf70c0d2d6fcf107f0bf51ee61dfbb4b066f2f,0.0,digits world; lr=0.003; payload=development/36900/0.003/independent.pt; max_logit=14.9115
development,36900,0.003,independent,w32_d2,98185,192000,3000,702464000,0,1.375147,3945563.561,0.96935934,0.1098888665,0e8c1a9ce5f833dc5e7f46c94bdf70c0d2d6fcf107f0bf51ee61dfbb4b066f2f,0.0,digits world; lr=0.003; payload=development/36900/0.003/independent.pt; max_logit=21.1453
development,36900,0.003,independent,w64_d1,98185,192000,3000,702464000,0,1.375147,4223788.19,0.97493035,0.1049500033,0e8c1a9ce5f833dc5e7f46c94bdf70c0d2d6fcf107f0bf51ee61dfbb4b066f2f,0.0,digits world; lr=0.003; payload=development/36900/0.003/independent.pt; max_logit=19.9253
development,36900,0.003,independent,w64_d2,98185,192000,3000,702464000,0,1.375147,2393244.695,0.97214484,0.1053480431,0e8c1a9ce5f833dc5e7f46c94bdf70c0d2d6fcf107f0bf51ee61dfbb4b066f2f,0.0,digits world; lr=0.003; payload=development/36900/0.003/independent.pt; max_logit=27.0299
development,36900,0.01,ofa_shared,w16_d1,38677,96000,500,416000000,0,0.58593,7792856.117,0.95821726,0.1238963008,d963479d1623ce0ad6747dec5cfbd001774b3f5791fcd421d5895cf5a483e0bd,0.0,digits world; lr=0.01; payload=development/36900/0.01/ofa_shared.pt; max_logit=38.3005
development,36900,0.01,ofa_shared,w16_d2,38677,96000,500,416000000,0,0.58593,5784075.481,0.95543176,0.1802196801,d963479d1623ce0ad6747dec5cfbd001774b3f5791fcd421d5895cf5a483e0bd,0.0,digits world; lr=0.01; payload=development/36900/0.01/ofa_shared.pt; max_logit=70.4863
development,36900,0.01,ofa_shared,w32_d1,38677,96000,500,416000000,0,0.58593,5135540.152,0.95543176,0.1390444338,d963479d1623ce0ad6747dec5cfbd001774b3f5791fcd421d5895cf5a483e0bd,0.0,digits world; lr=0.01; payload=development/36900/0.01/ofa_shared.pt; max_logit=38.3725
development,36900,0.01,ofa_shared,w32_d2,38677,96000,500,416000000,0,0.58593,3291099.693,0.94428968,0.2110400647,d963479d1623ce0ad6747dec5cfbd001774b3f5791fcd421d5895cf5a483e0bd,0.0,digits world; lr=0.01; payload=development/36900/0.01/ofa_shared.pt; max_logit=72.3028
development,36900,0.01,ofa_shared,w64_d1,38677,96000,500,416000000,0,0.58593,3814362.716,0.94986075,0.1253806204,d963479d1623ce0ad6747dec5cfbd001774b3f5791fcd421d5895cf5a483e0bd,0.0,digits world; lr=0.01; payload=development/36900/0.01/ofa_shared.pt; max_logit=39.2233
development,36900,0.01,ofa_shared,w64_d2,38677,96000,500,416000000,0,0.58593,1786212.672,0.95543176,0.1944560260,d963479d1623ce0ad6747dec5cfbd001774b3f5791fcd421d5895cf5a483e0bd,0.0,digits world; lr=0.01; payload=development/36900/0.01/ofa_shared.pt; max_logit=86.0415
development,36900,0.01,ofa_mirror,w16_d1,40191,134400,1100,557414400,141414400,0.862336,2897692.769,0.96935934,0.1193997189,381cf632d7ee96d7d300c3f54d8f684198f49397ac925bcbfe8fd0451ed8794b,0.0,digits world; lr=0.01; payload=development/36900/0.01/ofa_mirror.pt; max_logit=38.2594
development,36900,0.01,ofa_mirror,w16_d2,40191,134400,1100,557414400,141414400,0.862336,3015594.514,0.94707519,0.1904321164,381cf632d7ee96d7d300c3f54d8f684198f49397ac925bcbfe8fd0451ed8794b,0.0,digits world; lr=0.01; payload=development/36900/0.01/ofa_mirror.pt; max_logit=70.141
development,36900,0.01,ofa_mirror,w32_d1,40191,134400,1100,557414400,141414400,0.862336,2358141.878,0.96100277,0.1300571859,381cf632d7ee96d7d300c3f54d8f684198f49397ac925bcbfe8fd0451ed8794b,0.0,digits world; lr=0.01; payload=development/36900/0.01/ofa_mirror.pt; max_logit=38.1299
development,36900,0.01,ofa_mirror,w32_d2,40191,134400,1100,557414400,141414400,0.862336,2252308.727,0.96100277,0.1845056266,381cf632d7ee96d7d300c3f54d8f684198f49397ac925bcbfe8fd0451ed8794b,0.0,digits world; lr=0.01; payload=development/36900/0.01/ofa_mirror.pt; max_logit=73.3674
development,36900,0.01,ofa_mirror,w64_d1,40191,134400,1100,557414400,141414400,0.862336,2326261.863,0.96378833,0.1150099114,381cf632d7ee96d7d300c3f54d8f684198f49397ac925bcbfe8fd0451ed8794b,0.0,digits world; lr=0.01; payload=development/36900/0.01/ofa_mirror.pt; max_logit=39.3603
development,36900,0.01,ofa_mirror,w64_d2,40191,134400,1100,557414400,141414400,0.862336,1617861.7,0.96100277,0.1616536677,381cf632d7ee96d7d300c3f54d8f684198f49397ac925bcbfe8fd0451ed8794b,0.0,digits world; lr=0.01; payload=development/36900/0.01/ofa_mirror.pt; max_logit=87.7839
development,36900,0.01,ofa_film,w16_d1,40191,134400,1100,556800000,140800000,0.799582,5078503.553,0.96100277,0.1240282431,93fb93581e7123d05cd4f9486ed34ad60c93718ab73a13bc537b611482413b27,0.0,digits world; lr=0.01; payload=development/36900/0.01/ofa_film.pt; max_logit=39.3439
development,36900,0.01,ofa_film,w16_d2,40191,134400,1100,556800000,140800000,0.799582,3798605.627,0.94707519,0.1699851155,93fb93581e7123d05cd4f9486ed34ad60c93718ab73a13bc537b611482413b27,0.0,digits world; lr=0.01; payload=development/36900/0.01/ofa_film.pt; max_logit=68.2083
development,36900,0.01,ofa_film,w32_d1,40191,134400,1100,556800000,140800000,0.799582,3967429.88,0.95543176,0.1459456384,93fb93581e7123d05cd4f9486ed34ad60c93718ab73a13bc537b611482413b27,0.0,digits world; lr=0.01; payload=development/36900/0.01/ofa_film.pt; max_logit=39.0654
development,36900,0.01,ofa_film,w32_d2,40191,134400,1100,556800000,140800000,0.799582,1683081.09,0.94707519,0.2142759413,93fb93581e7123d05cd4f9486ed34ad60c93718ab73a13bc537b611482413b27,0.0,digits world; lr=0.01; payload=development/36900/0.01/ofa_film.pt; max_logit=62.3364
development,36900,0.01,ofa_film,w64_d1,40191,134400,1100,556800000,140800000,0.799582,2959590.604,0.94986075,0.1255123317,93fb93581e7123d05cd4f9486ed34ad60c93718ab73a13bc537b611482413b27,0.0,digits world; lr=0.01; payload=development/36900/0.01/ofa_film.pt; max_logit=39.4906
development,36900,0.01,ofa_film,w64_d2,40191,134400,1100,556800000,140800000,0.799582,2024234.672,0.96100277,0.2020615786,93fb93581e7123d05cd4f9486ed34ad60c93718ab73a13bc537b611482413b27,0.0,digits world; lr=0.01; payload=development/36900/0.01/ofa_film.pt; max_logit=72.4365
development,36900,0.01,ofa_lora,w16_d1,42477,134400,1100,558310400,142310400,0.804305,6533453.954,0.96657383,0.1129079089,a74dbc408d55fc0473b28d45766a8d9d2e38b8426ed6a4c799f418efdf60c088,0.0,digits world; lr=0.01; payload=development/36900/0.01/ofa_lora.pt; max_logit=37.8798
development,36900,0.01,ofa_lora,w16_d2,42477,134400,1100,558310400,142310400,0.804305,5043182.27,0.95264626,0.1830522269,a74dbc408d55fc0473b28d45766a8d9d2e38b8426ed6a4c799f418efdf60c088,0.0,digits world; lr=0.01; payload=development/36900/0.01/ofa_lora.pt; max_logit=70.4153
development,36900,0.01,ofa_lora,w32_d1,42477,134400,1100,558310400,142310400,0.804305,4502595.167,0.96657383,0.1230160668,a74dbc408d55fc0473b28d45766a8d9d2e38b8426ed6a4c799f418efdf60c088,0.0,digits world; lr=0.01; payload=development/36900/0.01/ofa_lora.pt; max_logit=38.2203
development,36900,0.01,ofa_lora,w32_d2,42477,134400,1100,558310400,142310400,0.804305,3450378.899,0.96100277,0.1615531296,a74dbc408d55fc0473b28d45766a8d9d2e38b8426ed6a4c799f418efdf60c088,0.0,digits world; lr=0.01; payload=development/36900/0.01/ofa_lora.pt; max_logit=73.8825
development,36900,0.01,ofa_lora,w64_d1,42477,134400,1100,558310400,142310400,0.804305,3180140.019,0.96378833,0.1124862656,a74dbc408d55fc0473b28d45766a8d9d2e38b8426ed6a4c799f418efdf60c088,0.0,digits world; lr=0.01; payload=development/36900/0.01/ofa_lora.pt; max_logit=39.9201
development,36900,0.01,ofa_lora,w64_d2,42477,134400,1100,558310400,142310400,0.804305,2227433.1,0.96657383,0.1582055092,a74dbc408d55fc0473b28d45766a8d9d2e38b8426ed6a4c799f418efdf60c088,0.0,digits world; lr=0.01; payload=development/36900/0.01/ofa_lora.pt; max_logit=88.2618
development,36900,0.01,independent,w16_d1,98185,192000,3000,702464000,0,1.35925,6431853.735,0.96657383,0.0997968167,87f94d23de4fd0e846987c9e174448456ea053df36707b61fce00bab5a98ef35,0.0,digits world; lr=0.01; payload=development/36900/0.01/independent.pt; max_logit=22.0779
development,36900,0.01,independent,w16_d2,98185,192000,3000,702464000,0,1.35925,6544577.916,0.94707519,0.1561141312,87f94d23de4fd0e846987c9e174448456ea053df36707b61fce00bab5a98ef35,0.0,digits world; lr=0.01; payload=development/36900/0.01/independent.pt; max_logit=38.4636
development,36900,0.01,independent,w32_d1,98185,192000,3000,702464000,0,1.35925,6397568.937,0.97493035,0.0818893537,87f94d23de4fd0e846987c9e174448456ea053df36707b61fce00bab5a98ef35,0.0,digits world; lr=0.01; payload=development/36900/0.01/independent.pt; max_logit=22.3231
development,36900,0.01,independent,w32_d2,98185,192000,3000,702464000,0,1.35925,3577100.131,0.97771585,0.0873519927,87f94d23de4fd0e846987c9e174448456ea053df36707b61fce00bab5a98ef35,0.0,digits world; lr=0.01; payload=development/36900/0.01/independent.pt; max_logit=28.7828
development,36900,0.01,independent,w64_d1,98185,192000,3000,702464000,0,1.35925,4190099.594,0.95821726,0.0993061736,87f94d23de4fd0e846987c9e174448456ea053df36707b61fce00bab5a98ef35,0.0,digits world; lr=0.01; payload=development/36900/0.01/independent.pt; max_logit=29.474
development,36900,0.01,independent,w64_d2,98185,192000,3000,702464000,0,1.35925,2892740.35,0.97493035,0.0788662955,87f94d23de4fd0e846987c9e174448456ea053df36707b61fce00bab5a98ef35,0.0,digits world; lr=0.01; payload=development/36900/0.01/independent.pt; max_logit=36.2075
development,36901,0.003,ofa_shared,w16_d1,38677,96000,500,416000000,0,0.538567,6771689.569,0.94150418,0.2253345996,1d324ea2fa9e97c5cc074e05b67fb595cd4fa7eb6e9bcbfdbad56b778a514ee4,0.0,digits world; lr=0.003; payload=development/36901/0.003/ofa_shared.pt; max_logit=21.667
development,36901,0.003,ofa_shared,w16_d2,38677,96000,500,416000000,0,0.538567,5864215.902,0.93314761,0.2715879679,1d324ea2fa9e97c5cc074e05b67fb595cd4fa7eb6e9bcbfdbad56b778a514ee4,0.0,digits world; lr=0.003; payload=development/36901/0.003/ofa_shared.pt; max_logit=39.8301
development,36901,0.003,ofa_shared,w32_d1,38677,96000,500,416000000,0,0.538567,5940260.91,0.92757660,0.2278286815,1d324ea2fa9e97c5cc074e05b67fb595cd4fa7eb6e9bcbfdbad56b778a514ee4,0.0,digits world; lr=0.003; payload=development/36901/0.003/ofa_shared.pt; max_logit=24.8153
development,36901,0.003,ofa_shared,w32_d2,38677,96000,500,416000000,0,0.538567,4522428.85,0.93871868,0.3108823895,1d324ea2fa9e97c5cc074e05b67fb595cd4fa7eb6e9bcbfdbad56b778a514ee4,0.0,digits world; lr=0.003; payload=development/36901/0.003/ofa_shared.pt; max_logit=52.5709
development,36901,0.003,ofa_shared,w64_d1,38677,96000,500,416000000,0,0.538567,4083703.155,0.94150418,0.2123583555,1d324ea2fa9e97c5cc074e05b67fb595cd4fa7eb6e9bcbfdbad56b778a514ee4,0.0,digits world; lr=0.003; payload=development/36901/0.003/ofa_shared.pt; max_logit=26.5544
development,36901,0.003,ofa_shared,w64_d2,38677,96000,500,416000000,0,0.538567,2385039.467,0.95264626,0.3088060319,1d324ea2fa9e97c5cc074e05b67fb595cd4fa7eb6e9bcbfdbad56b778a514ee4,0.0,digits world; lr=0.003; payload=development/36901/0.003/ofa_shared.pt; max_logit=65.0908
development,36901,0.003,ofa_mirror,w16_d1,40191,134400,1100,557414400,141414400,0.819622,2791631.43,0.93871868,0.2236661762,3a7150361c0bd4199bfba3c6f7410a39535f246f052e1a0b72d8ef72b3449c5e,0.0,digits world; lr=0.003; payload=development/36901/0.003/ofa_mirror.pt; max_logit=21.5584
development,36901,0.003,ofa_mirror,w16_d2,40191,134400,1100,557414400,141414400,0.819622,2999618.013,0.93593317,0.2634139359,3a7150361c0bd4199bfba3c6f7410a39535f246f052e1a0b72d8ef72b3449c5e,0.0,digits world; lr=0.003; payload=development/36901/0.003/ofa_mirror.pt; max_logit=38.7637
development,36901,0.003,ofa_mirror,w32_d1,40191,134400,1100,557414400,141414400,0.819622,2638400.057,0.93036211,0.2266908586,3a7150361c0bd4199bfba3c6f7410a39535f246f052e1a0b72d8ef72b3449c5e,0.0,digits world; lr=0.003; payload=development/36901/0.003/ofa_mirror.pt; max_logit=24.7042
development,36901,0.003,ofa_mirror,w32_d2,40191,134400,1100,557414400,141414400,0.819622,2099722.898,0.94150418,0.3056876659,3a7150361c0bd4199bfba3c6f7410a39535f246f052e1a0b72d8ef72b3449c5e,0.0,digits world; lr=0.003; payload=development/36901/0.003/ofa_mirror.pt; max_logit=51.9874
development,36901,0.003,ofa_mirror,w64_d1,40191,134400,1100,557414400,141414400,0.819622,1439779.535,0.94428968,0.2097029984,3a7150361c0bd4199bfba3c6f7410a39535f246f052e1a0b72d8ef72b3449c5e,0.0,digits world; lr=0.003; payload=development/36901/0.003/ofa_mirror.pt; max_logit=26.3262
development,36901,0.003,ofa_mirror,w64_d2,40191,134400,1100,557414400,141414400,0.819622,1747145.107,0.95264626,0.3104877174,3a7150361c0bd4199bfba3c6f7410a39535f246f052e1a0b72d8ef72b3449c5e,0.0,digits world; lr=0.003; payload=development/36901/0.003/ofa_mirror.pt; max_logit=65.8992
development,36901,0.003,ofa_film,w16_d1,40191,134400,1100,556800000,140800000,0.73646,3680598.778,0.93871868,0.2223263383,d63796e8dcb40fbf7f8d8dce200fae0c5acfb85b758ca695b72a514367b3028b,0.0,digits world; lr=0.003; payload=development/36901/0.003/ofa_film.pt; max_logit=22.2545
development,36901,0.003,ofa_film,w16_d2,40191,134400,1100,556800000,140800000,0.73646,4290460.846,0.93036211,0.2748083472,d63796e8dcb40fbf7f8d8dce200fae0c5acfb85b758ca695b72a514367b3028b,0.0,digits world; lr=0.003; payload=development/36901/0.003/ofa_film.pt; max_logit=40.0372
development,36901,0.003,ofa_film,w32_d1,40191,134400,1100,556800000,140800000,0.73646,3448821.708,0.93314761,0.2264672220,d63796e8dcb40fbf7f8d8dce200fae0c5acfb85b758ca695b72a514367b3028b,0.0,digits world; lr=0.003; payload=development/36901/0.003/ofa_film.pt; max_logit=25.0113
development,36901,0.003,ofa_film,w32_d2,40191,134400,1100,556800000,140800000,0.73646,1737833.555,0.93871868,0.3067565858,d63796e8dcb40fbf7f8d8dce200fae0c5acfb85b758ca695b72a514367b3028b,0.0,digits world; lr=0.003; payload=development/36901/0.003/ofa_film.pt; max_logit=53.0399
development,36901,0.003,ofa_film,w64_d1,40191,134400,1100,556800000,140800000,0.73646,2692380.296,0.94150418,0.2096495181,d63796e8dcb40fbf7f8d8dce200fae0c5acfb85b758ca695b72a514367b3028b,0.0,digits world; lr=0.003; payload=development/36901/0.003/ofa_film.pt; max_logit=26.521
development,36901,0.003,ofa_film,w64_d2,40191,134400,1100,556800000,140800000,0.73646,2324200.558,0.94707519,0.3145245612,d63796e8dcb40fbf7f8d8dce200fae0c5acfb85b758ca695b72a514367b3028b,0.0,digits world; lr=0.003; payload=development/36901/0.003/ofa_film.pt; max_logit=64.9432
development,36901,0.003,ofa_lora,w16_d1,42477,134400,1100,558310400,142310400,0.751095,6563143.32,0.93871868,0.2229677737,6334b8cbc483f0cd78b7aa289376e20ddc9b8f888979b0b626ee249457d0ae57,0.0,digits world; lr=0.003; payload=development/36901/0.003/ofa_lora.pt; max_logit=21.454
development,36901,0.003,ofa_lora,w16_d2,42477,134400,1100,558310400,142310400,0.751095,5231445.5,0.92479110,0.2880523503,6334b8cbc483f0cd78b7aa289376e20ddc9b8f888979b0b626ee249457d0ae57,0.0,digits world; lr=0.003; payload=development/36901/0.003/ofa_lora.pt; max_logit=38.8734
development,36901,0.003,ofa_lora,w32_d1,42477,134400,1100,558310400,142310400,0.751095,4496572.686,0.93036211,0.2263328135,6334b8cbc483f0cd78b7aa289376e20ddc9b8f888979b0b626ee249457d0ae57,0.0,digits world; lr=0.003; payload=development/36901/0.003/ofa_lora.pt; max_logit=24.2832
development,36901,0.003,ofa_lora,w32_d2,42477,134400,1100,558310400,142310400,0.751095,2981495.509,0.93314761,0.3154088557,6334b8cbc483f0cd78b7aa289376e20ddc9b8f888979b0b626ee249457d0ae57,0.0,digits world; lr=0.003; payload=development/36901/0.003/ofa_lora.pt; max_logit=52.5209
development,36901,0.003,ofa_lora,w64_d1,42477,134400,1100,558310400,142310400,0.751095,2607888.659,0.94150418,0.2151533514,6334b8cbc483f0cd78b7aa289376e20ddc9b8f888979b0b626ee249457d0ae57,0.0,digits world; lr=0.003; payload=development/36901/0.003/ofa_lora.pt; max_logit=26.1449
development,36901,0.003,ofa_lora,w64_d2,42477,134400,1100,558310400,142310400,0.751095,2079685.249,0.95264626,0.3179966211,6334b8cbc483f0cd78b7aa289376e20ddc9b8f888979b0b626ee249457d0ae57,0.0,digits world; lr=0.003; payload=development/36901/0.003/ofa_lora.pt; max_logit=65.4975
development,36901,0.003,independent,w16_d1,98185,192000,3000,702464000,0,1.337942,6232311.873,0.94428968,0.1909067631,07d6e15898641862fd0535883e7e7875590dd492679b81365891fc0221524ce8,0.0,digits world; lr=0.003; payload=development/36901/0.003/independent.pt; max_logit=15.1211
development,36901,0.003,independent,w16_d2,98185,192000,3000,702464000,0,1.337942,5471757.435,0.92757660,0.2153933644,07d6e15898641862fd0535883e7e7875590dd492679b81365891fc0221524ce8,0.0,digits world; lr=0.003; payload=development/36901/0.003/independent.pt; max_logit=27.9062
development,36901,0.003,independent,w32_d1,98185,192000,3000,702464000,0,1.337942,6057379.443,0.95264626,0.1640399992,07d6e15898641862fd0535883e7e7875590dd492679b81365891fc0221524ce8,0.0,digits world; lr=0.003; payload=development/36901/0.003/independent.pt; max_logit=16.4332
development,36901,0.003,independent,w32_d2,98185,192000,3000,702464000,0,1.337942,3497948.709,0.95821726,0.1864850074,07d6e15898641862fd0535883e7e7875590dd492679b81365891fc0221524ce8,0.0,digits world; lr=0.003; payload=development/36901/0.003/independent.pt; max_logit=22.5438
development,36901,0.003,independent,w64_d1,98185,192000,3000,702464000,0,1.337942,4475712.259,0.95543176,0.1691464931,07d6e15898641862fd0535883e7e7875590dd492679b81365891fc0221524ce8,0.0,digits world; lr=0.003; payload=development/36901/0.003/independent.pt; max_logit=19.423
development,36901,0.003,independent,w64_d2,98185,192000,3000,702464000,0,1.337942,1859896.74,0.96378833,0.1464987993,07d6e15898641862fd0535883e7e7875590dd492679b81365891fc0221524ce8,0.0,digits world; lr=0.003; payload=development/36901/0.003/independent.pt; max_logit=25.3153
development,36901,0.01,ofa_shared,w16_d1,38677,96000,500,416000000,0,0.591395,6386858.997,0.95543176,0.1683901846,12aefa208df06add9d45392c1171b7bdb2f7f11e388d1e7fa085903431abbaf7,0.0,digits world; lr=0.01; payload=development/36901/0.01/ofa_shared.pt; max_logit=32.2592
development,36901,0.01,ofa_shared,w16_d2,38677,96000,500,416000000,0,0.591395,5868262.077,0.93871868,0.2668613493,12aefa208df06add9d45392c1171b7bdb2f7f11e388d1e7fa085903431abbaf7,0.0,digits world; lr=0.01; payload=development/36901/0.01/ofa_shared.pt; max_logit=63.0813
development,36901,0.01,ofa_shared,w32_d1,38677,96000,500,416000000,0,0.591395,6227074.127,0.95543176,0.1853770912,12aefa208df06add9d45392c1171b7bdb2f7f11e388d1e7fa085903431abbaf7,0.0,digits world; lr=0.01; payload=development/36901/0.01/ofa_shared.pt; max_logit=36.2678
development,36901,0.01,ofa_shared,w32_d2,38677,96000,500,416000000,0,0.591395,4441687.675,0.95543176,0.3116780818,12aefa208df06add9d45392c1171b7bdb2f7f11e388d1e7fa085903431abbaf7,0.0,digits world; lr=0.01; payload=development/36901/0.01/ofa_shared.pt; max_logit=73.619
development,36901,0.01,ofa_shared,w64_d1,38677,96000,500,416000000,0,0.591395,3409694.053,0.95264626,0.1866810173,12aefa208df06add9d45392c1171b7bdb2f7f11e388d1e7fa085903431abbaf7,0.0,digits world; lr=0.01; payload=development/36901/0.01/ofa_shared.pt; max_logit=38.2486
development,36901,0.01,ofa_shared,w64_d2,38677,96000,500,416000000,0,0.591395,2796840.657,0.95264626,0.4176513851,12aefa208df06add9d45392c1171b7bdb2f7f11e388d1e7fa085903431abbaf7,0.0,digits world; lr=0.01; payload=development/36901/0.01/ofa_shared.pt; max_logit=95.8709
development,36901,0.01,ofa_mirror,w16_d1,40191,134400,1100,557414400,141414400,0.840621,2907547.927,0.95821726,0.1721944213,ed4578c570e6052bf39e85d773ec2f1462145a2b0e3a35f16df3fb228ae7a23a,0.0,digits world; lr=0.01; payload=development/36901/0.01/ofa_mirror.pt; max_logit=32.1199
development,36901,0.01,ofa_mirror,w16_d2,40191,134400,1100,557414400,141414400,0.840621,2158325.85,0.95264626,0.2626222968,ed4578c570e6052bf39e85d773ec2f1462145a2b0e3a35f16df3fb228ae7a23a,0.0,digits world; lr=0.01; payload=development/36901/0.01/ofa_mirror.pt; max_logit=61.6667
development,36901,0.01,ofa_mirror,w32_d1,40191,134400,1100,557414400,141414400,0.840621,2453804.259,0.94707519,0.1930341870,ed4578c570e6052bf39e85d773ec2f1462145a2b0e3a35f16df3fb228ae7a23a,0.0,digits world; lr=0.01; payload=development/36901/0.01/ofa_mirror.pt; max_logit=36.1141
development,36901,0.01,ofa_mirror,w32_d2,40191,134400,1100,557414400,141414400,0.840621,2573765.791,0.95543176,0.3151374161,ed4578c570e6052bf39e85d773ec2f1462145a2b0e3a35f16df3fb228ae7a23a,0.0,digits world; lr=0.01; payload=development/36901/0.01/ofa_mirror.pt; max_logit=73.4829
development,36901,0.01,ofa_mirror,w64_d1,40191,134400,1100,557414400,141414400,0.840621,1863842.653,0.95264626,0.1904605925,ed4578c570e6052bf39e85d773ec2f1462145a2b0e3a35f16df3fb228ae7a23a,0.0,digits world; lr=0.01; payload=development/36901/0.01/ofa_mirror.pt; max_logit=37.7595
development,36901,0.01,ofa_mirror,w64_d2,40191,134400,1100,557414400,141414400,0.840621,1631736.771,0.95821726,0.4041452110,ed4578c570e6052bf39e85d773ec2f1462145a2b0e3a35f16df3fb228ae7a23a,0.0,digits world; lr=0.01; payload=development/36901/0.01/ofa_mirror.pt; max_logit=92.5907
development,36901,0.01,ofa_film,w16_d1,40191,134400,1100,556800000,140800000,0.791877,3969863.151,0.96378833,0.1729240268,dc3e00adabf8d6810391700ce1b026145dd4987d4bbef4bf19a8cd157131b683,0.0,digits world; lr=0.01; payload=development/36901/0.01/ofa_film.pt; max_logit=34.4839
development,36901,0.01,ofa_film,w16_d2,40191,134400,1100,556800000,140800000,0.791877,3945289.922,0.94428968,0.2616585493,dc3e00adabf8d6810391700ce1b026145dd4987d4bbef4bf19a8cd157131b683,0.0,digits world; lr=0.01; payload=development/36901/0.01/ofa_film.pt; max_logit=62.4559
development,36901,0.01,ofa_film,w32_d1,40191,134400,1100,556800000,140800000,0.791877,3225525.999,0.94986075,0.1963799596,dc3e00adabf8d6810391700ce1b026145dd4987d4bbef4bf19a8cd157131b683,0.0,digits world; lr=0.01; payload=development/36901/0.01/ofa_film.pt; max_logit=37.5544
development,36901,0.01,ofa_film,w32_d2,40191,134400,1100,556800000,140800000,0.791877,3265766.413,0.95264626,0.3161466122,dc3e00adabf8d6810391700ce1b026145dd4987d4bbef4bf19a8cd157131b683,0.0,digits world; lr=0.01; payload=development/36901/0.01/ofa_film.pt; max_logit=76.0741
development,36901,0.01,ofa_film,w64_d1,40191,134400,1100,556800000,140800000,0.791877,1920831.719,0.95264626,0.1924591959,dc3e00adabf8d6810391700ce1b026145dd4987d4bbef4bf19a8cd157131b683,0.0,digits world; lr=0.01; payload=development/36901/0.01/ofa_film.pt; max_logit=39.7881
development,36901,0.01,ofa_film,w64_d2,40191,134400,1100,556800000,140800000,0.791877,1832089.697,0.94707519,0.4086264074,dc3e00adabf8d6810391700ce1b026145dd4987d4bbef4bf19a8cd157131b683,0.0,digits world; lr=0.01; payload=development/36901/0.01/ofa_film.pt; max_logit=97.8469
development,36901,0.01,ofa_lora,w16_d1,42477,134400,1100,558310400,142310400,0.802033,6498245.385,0.95821726,0.1758910716,2b0846279133fd829475d5fc8b7b8f87344888c0f9c129b7a61e06a415c44b8f,0.0,digits world; lr=0.01; payload=development/36901/0.01/ofa_lora.pt; max_logit=32.6424
development,36901,0.01,ofa_lora,w16_d2,42477,134400,1100,558310400,142310400,0.802033,4854557.643,0.95264626,0.2560290396,2b0846279133fd829475d5fc8b7b8f87344888c0f9c129b7a61e06a415c44b8f,0.0,digits world; lr=0.01; payload=development/36901/0.01/ofa_lora.pt; max_logit=62.7811
development,36901,0.01,ofa_lora,w32_d1,42477,134400,1100,558310400,142310400,0.802033,5409974.664,0.95264626,0.1938393265,2b0846279133fd829475d5fc8b7b8f87344888c0f9c129b7a61e06a415c44b8f,0.0,digits world; lr=0.01; payload=development/36901/0.01/ofa_lora.pt; max_logit=35.8668
development,36901,0.01,ofa_lora,w32_d2,42477,134400,1100,558310400,142310400,0.802033,3990967.321,0.95821726,0.3106070459,2b0846279133fd829475d5fc8b7b8f87344888c0f9c129b7a61e06a415c44b8f,0.0,digits world; lr=0.01; payload=development/36901/0.01/ofa_lora.pt; max_logit=76.3481
development,36901,0.01,ofa_lora,w64_d1,42477,134400,1100,558310400,142310400,0.802033,2398010.774,0.94986075,0.1996452957,2b0846279133fd829475d5fc8b7b8f87344888c0f9c129b7a61e06a415c44b8f,0.0,digits world; lr=0.01; payload=development/36901/0.01/ofa_lora.pt; max_logit=37.3763
development,36901,0.01,ofa_lora,w64_d2,42477,134400,1100,558310400,142310400,0.802033,2567498.379,0.96100277,0.3556457162,2b0846279133fd829475d5fc8b7b8f87344888c0f9c129b7a61e06a415c44b8f,0.0,digits world; lr=0.01; payload=development/36901/0.01/ofa_lora.pt; max_logit=100.237
development,36901,0.01,independent,w16_d1,98185,192000,3000,702464000,0,1.374121,6913173.547,0.93593317,0.1545992196,de3f6d29a8a7959ab26d4e2ff0b92e3ad3512d2328a13c611cc30445a5deb6a3,0.0,digits world; lr=0.01; payload=development/36901/0.01/independent.pt; max_logit=27.097
development,36901,0.01,independent,w16_d2,98185,192000,3000,702464000,0,1.374121,6545665.611,0.94707519,0.1860643774,de3f6d29a8a7959ab26d4e2ff0b92e3ad3512d2328a13c611cc30445a5deb6a3,0.0,digits world; lr=0.01; payload=development/36901/0.01/independent.pt; max_logit=41.7201
development,36901,0.01,independent,w32_d1,98185,192000,3000,702464000,0,1.374121,6617509.288,0.96378833,0.1498039216,de3f6d29a8a7959ab26d4e2ff0b92e3ad3512d2328a13c611cc30445a5deb6a3,0.0,digits world; lr=0.01; payload=development/36901/0.01/independent.pt; max_logit=26.8231
development,36901,0.01,independent,w32_d2,98185,192000,3000,702464000,0,1.374121,4173442.405,0.94428968,0.1872594506,de3f6d29a8a7959ab26d4e2ff0b92e3ad3512d2328a13c611cc30445a5deb6a3,0.0,digits world; lr=0.01; payload=development/36901/0.01/independent.pt; max_logit=33.2274
development,36901,0.01,independent,w64_d1,98185,192000,3000,702464000,0,1.374121,4219951.806,0.96100277,0.1322102696,de3f6d29a8a7959ab26d4e2ff0b92e3ad3512d2328a13c611cc30445a5deb6a3,0.0,digits world; lr=0.01; payload=development/36901/0.01/independent.pt; max_logit=29.8711
development,36901,0.01,independent,w64_d2,98185,192000,3000,702464000,0,1.374121,2872471.789,0.96657383,0.1832750142,de3f6d29a8a7959ab26d4e2ff0b92e3ad3512d2328a13c611cc30445a5deb6a3,0.0,digits world; lr=0.01; payload=development/36901/0.01/independent.pt; max_logit=39.8866
fresh,36910,0.01,ofa_shared,w16_d1,38677,96000,500,416000000,0,0.522729,7569586.245,0.96388888,0.1226314306,5ad05b32730f19267b17a07a258f6ea32f385cc882854e13811126c93dedd8db,0.0,digits world; lr=0.01; payload=fresh/36910/0.01/ofa_shared.pt; max_logit=35.6795
fresh,36910,0.01,ofa_shared,w16_d2,38677,96000,500,416000000,0,0.522729,5929446.516,0.95277780,0.2059600204,5ad05b32730f19267b17a07a258f6ea32f385cc882854e13811126c93dedd8db,0.0,digits world; lr=0.01; payload=fresh/36910/0.01/ofa_shared.pt; max_logit=63.8533
fresh,36910,0.01,ofa_shared,w32_d1,38677,96000,500,416000000,0,0.522729,6210509.6,0.96388888,0.1139884666,5ad05b32730f19267b17a07a258f6ea32f385cc882854e13811126c93dedd8db,0.0,digits world; lr=0.01; payload=fresh/36910/0.01/ofa_shared.pt; max_logit=37.2642
fresh,36910,0.01,ofa_shared,w32_d2,38677,96000,500,416000000,0,0.522729,3376544.753,0.97222221,0.1746743023,5ad05b32730f19267b17a07a258f6ea32f385cc882854e13811126c93dedd8db,0.0,digits world; lr=0.01; payload=fresh/36910/0.01/ofa_shared.pt; max_logit=74.1986
fresh,36910,0.01,ofa_shared,w64_d1,38677,96000,500,416000000,0,0.522729,4330142.942,0.96944445,0.1184632853,5ad05b32730f19267b17a07a258f6ea32f385cc882854e13811126c93dedd8db,0.0,digits world; lr=0.01; payload=fresh/36910/0.01/ofa_shared.pt; max_logit=39.3841
fresh,36910,0.01,ofa_shared,w64_d2,38677,96000,500,416000000,0,0.522729,2351968.402,0.96388888,0.2288124859,5ad05b32730f19267b17a07a258f6ea32f385cc882854e13811126c93dedd8db,0.0,digits world; lr=0.01; payload=fresh/36910/0.01/ofa_shared.pt; max_logit=89.4403
fresh,36910,0.01,ofa_mirror,w16_d1,40191,134400,1100,557414400,141414400,0.785845,3437988.283,0.96666664,0.1162957698,5baca3fc88ffad96cc569635eb263aadd86f9c8da8ee4a45eaba25f1ff099824,0.0,digits world; lr=0.01; payload=fresh/36910/0.01/ofa_mirror.pt; max_logit=35.6803
fresh,36910,0.01,ofa_mirror,w16_d2,40191,134400,1100,557414400,141414400,0.785845,2882449.548,0.95555556,0.1995579153,5baca3fc88ffad96cc569635eb263aadd86f9c8da8ee4a45eaba25f1ff099824,0.0,digits world; lr=0.01; payload=fresh/36910/0.01/ofa_mirror.pt; max_logit=63.8564
fresh,36910,0.01,ofa_mirror,w32_d1,40191,134400,1100,557414400,141414400,0.785845,2786473.415,0.96388888,0.1042527854,5baca3fc88ffad96cc569635eb263aadd86f9c8da8ee4a45eaba25f1ff099824,0.0,digits world; lr=0.01; payload=fresh/36910/0.01/ofa_mirror.pt; max_logit=37.0847
fresh,36910,0.01,ofa_mirror,w32_d2,40191,134400,1100,557414400,141414400,0.785845,2015122.866,0.96666664,0.1770606637,5baca3fc88ffad96cc569635eb263aadd86f9c8da8ee4a45eaba25f1ff099824,0.0,digits world; lr=0.01; payload=fresh/36910/0.01/ofa_mirror.pt; max_logit=74.6638
fresh,36910,0.01,ofa_mirror,w64_d1,40191,134400,1100,557414400,141414400,0.785845,2117174.876,0.96388888,0.1062500551,5baca3fc88ffad96cc569635eb263aadd86f9c8da8ee4a45eaba25f1ff099824,0.0,digits world; lr=0.01; payload=fresh/36910/0.01/ofa_mirror.pt; max_logit=39.3576
fresh,36910,0.01,ofa_mirror,w64_d2,40191,134400,1100,557414400,141414400,0.785845,1720035.932,0.96388888,0.2348497659,5baca3fc88ffad96cc569635eb263aadd86f9c8da8ee4a45eaba25f1ff099824,0.0,digits world; lr=0.01; payload=fresh/36910/0.01/ofa_mirror.pt; max_logit=89.7481
fresh,36910,0.01,ofa_film,w16_d1,40191,134400,1100,556800000,140800000,0.731814,5079007.342,0.96666664,0.1205556840,7e12fc33b48083e376fdfcf68fbe2d1c728c59810b38ab54c91cf1557c57df52,0.0,digits world; lr=0.01; payload=fresh/36910/0.01/ofa_film.pt; max_logit=36.7897
fresh,36910,0.01,ofa_film,w16_d2,40191,134400,1100,556800000,140800000,0.731814,4257233.356,0.95555556,0.1978898942,7e12fc33b48083e376fdfcf68fbe2d1c728c59810b38ab54c91cf1557c57df52,0.0,digits world; lr=0.01; payload=fresh/36910/0.01/ofa_film.pt; max_logit=62.0106
fresh,36910,0.01,ofa_film,w32_d1,40191,134400,1100,556800000,140800000,0.731814,4452867.009,0.96944445,0.1153329462,7e12fc33b48083e376fdfcf68fbe2d1c728c59810b38ab54c91cf1557c57df52,0.0,digits world; lr=0.01; payload=fresh/36910/0.01/ofa_film.pt; max_logit=37.8789
fresh,36910,0.01,ofa_film,w32_d2,40191,134400,1100,556800000,140800000,0.731814,3310665.192,0.96666664,0.1722420305,7e12fc33b48083e376fdfcf68fbe2d1c728c59810b38ab54c91cf1557c57df52,0.0,digits world; lr=0.01; payload=fresh/36910/0.01/ofa_film.pt; max_logit=73.635
fresh,36910,0.01,ofa_film,w64_d1,40191,134400,1100,556800000,140800000,0.731814,3220285.793,0.97222221,0.1133458987,7e12fc33b48083e376fdfcf68fbe2d1c728c59810b38ab54c91cf1557c57df52,0.0,digits world; lr=0.01; payload=fresh/36910/0.01/ofa_film.pt; max_logit=39.7991
fresh,36910,0.01,ofa_film,w64_d2,40191,134400,1100,556800000,140800000,0.731814,2039431.939,0.96944445,0.2137747258,7e12fc33b48083e376fdfcf68fbe2d1c728c59810b38ab54c91cf1557c57df52,0.0,digits world; lr=0.01; payload=fresh/36910/0.01/ofa_film.pt; max_logit=87.0243
fresh,36910,0.01,ofa_lora,w16_d1,42477,134400,1100,558310400,142310400,0.718544,3433946.165,0.96388888,0.1193558350,94ce84e3cfb4aebddc5628807617d9b5dc366fe1d284b999810a4ef379c4e76c,0.0,digits world; lr=0.01; payload=fresh/36910/0.01/ofa_lora.pt; max_logit=35.4538
fresh,36910,0.01,ofa_lora,w16_d2,42477,134400,1100,558310400,142310400,0.718544,5213674.074,0.95277780,0.2034274191,94ce84e3cfb4aebddc5628807617d9b5dc366fe1d284b999810a4ef379c4e76c,0.0,digits world; lr=0.01; payload=fresh/36910/0.01/ofa_lora.pt; max_logit=64.5642
fresh,36910,0.01,ofa_lora,w32_d1,42477,134400,1100,558310400,142310400,0.718544,5404595.175,0.97222221,0.1124442816,94ce84e3cfb4aebddc5628807617d9b5dc366fe1d284b999810a4ef379c4e76c,0.0,digits world; lr=0.01; payload=fresh/36910/0.01/ofa_lora.pt; max_logit=37.0117
fresh,36910,0.01,ofa_lora,w32_d2,42477,134400,1100,558310400,142310400,0.718544,4169326.781,0.96944445,0.1732368618,94ce84e3cfb4aebddc5628807617d9b5dc366fe1d284b999810a4ef379c4e76c,0.0,digits world; lr=0.01; payload=fresh/36910/0.01/ofa_lora.pt; max_logit=75.0422
fresh,36910,0.01,ofa_lora,w64_d1,42477,134400,1100,558310400,142310400,0.718544,3161733.147,0.97777778,0.1074169576,94ce84e3cfb4aebddc5628807617d9b5dc366fe1d284b999810a4ef379c4e76c,0.0,digits world; lr=0.01; payload=fresh/36910/0.01/ofa_lora.pt; max_logit=38.9106
fresh,36910,0.01,ofa_lora,w64_d2,42477,134400,1100,558310400,142310400,0.718544,2620628.23,0.96666664,0.2262424678,94ce84e3cfb4aebddc5628807617d9b5dc366fe1d284b999810a4ef379c4e76c,0.0,digits world; lr=0.01; payload=fresh/36910/0.01/ofa_lora.pt; max_logit=88.7967
fresh,36910,0.01,independent,w16_d1,98185,192000,3000,702464000,0,1.296499,7882853.329,0.95555556,0.1315860152,b5bfd1f41319a5ef857394132d67c378981adc8ea55042bb66c3565800d10751,0.0,digits world; lr=0.01; payload=fresh/36910/0.01/independent.pt; max_logit=24.4926
fresh,36910,0.01,independent,w16_d2,98185,192000,3000,702464000,0,1.296499,4551620.873,0.95277780,0.1975647658,b5bfd1f41319a5ef857394132d67c378981adc8ea55042bb66c3565800d10751,0.0,digits world; lr=0.01; payload=fresh/36910/0.01/independent.pt; max_logit=34.5054
fresh,36910,0.01,independent,w32_d1,98185,192000,3000,702464000,0,1.296499,6893691.751,0.96111113,0.0944394767,b5bfd1f41319a5ef857394132d67c378981adc8ea55042bb66c3565800d10751,0.0,digits world; lr=0.01; payload=fresh/36910/0.01/independent.pt; max_logit=29.2894
fresh,36910,0.01,independent,w32_d2,98185,192000,3000,702464000,0,1.296499,4610901.185,0.96944445,0.0970886126,b5bfd1f41319a5ef857394132d67c378981adc8ea55042bb66c3565800d10751,0.0,digits world; lr=0.01; payload=fresh/36910/0.01/independent.pt; max_logit=39.5154
fresh,36910,0.01,independent,w64_d1,98185,192000,3000,702464000,0,1.296499,4521150.952,0.96944445,0.1154350266,b5bfd1f41319a5ef857394132d67c378981adc8ea55042bb66c3565800d10751,0.0,digits world; lr=0.01; payload=fresh/36910/0.01/independent.pt; max_logit=29.6886
fresh,36910,0.01,independent,w64_d2,98185,192000,3000,702464000,0,1.296499,2938362.677,0.96666664,0.1290450990,b5bfd1f41319a5ef857394132d67c378981adc8ea55042bb66c3565800d10751,0.0,digits world; lr=0.01; payload=fresh/36910/0.01/independent.pt; max_logit=40.6629
fresh,36911,0.01,ofa_shared,w16_d1,38677,96000,500,416000000,0,0.498488,6879307.121,0.94722223,0.1728747338,632f5812f0ef36ec267f4677678ecdcbaf49a808e58e566a7d25411e8cf60501,0.0,digits world; lr=0.01; payload=fresh/36911/0.01/ofa_shared.pt; max_logit=29.6353
fresh,36911,0.01,ofa_shared,w16_d2,38677,96000,500,416000000,0,0.498488,5179292.516,0.94166666,0.2573333383,632f5812f0ef36ec267f4677678ecdcbaf49a808e58e566a7d25411e8cf60501,0.0,digits world; lr=0.01; payload=fresh/36911/0.01/ofa_shared.pt; max_logit=52.0704
fresh,36911,0.01,ofa_shared,w32_d1,38677,96000,500,416000000,0,0.498488,5939985.273,0.93888891,0.1956438422,632f5812f0ef36ec267f4677678ecdcbaf49a808e58e566a7d25411e8cf60501,0.0,digits world; lr=0.01; payload=fresh/36911/0.01/ofa_shared.pt; max_logit=33.3504
fresh,36911,0.01,ofa_shared,w32_d2,38677,96000,500,416000000,0,0.498488,4487107.004,0.94722223,0.2859052122,632f5812f0ef36ec267f4677678ecdcbaf49a808e58e566a7d25411e8cf60501,0.0,digits world; lr=0.01; payload=fresh/36911/0.01/ofa_shared.pt; max_logit=69.0213
fresh,36911,0.01,ofa_shared,w64_d1,38677,96000,500,416000000,0,0.498488,3418518.079,0.94722223,0.1914197356,632f5812f0ef36ec267f4677678ecdcbaf49a808e58e566a7d25411e8cf60501,0.0,digits world; lr=0.01; payload=fresh/36911/0.01/ofa_shared.pt; max_logit=35.7858
fresh,36911,0.01,ofa_shared,w64_d2,38677,96000,500,416000000,0,0.498488,2549750.006,0.95277780,0.2977453768,632f5812f0ef36ec267f4677678ecdcbaf49a808e58e566a7d25411e8cf60501,0.0,digits world; lr=0.01; payload=fresh/36911/0.01/ofa_shared.pt; max_logit=87.2433
fresh,36911,0.01,ofa_mirror,w16_d1,40191,134400,1100,557414400,141414400,0.74006,2425744.737,0.94999999,0.1781627685,d0da22f816967d7df5195c34427d0fc8a80f964ea85081a860ea99306d6280d5,0.0,digits world; lr=0.01; payload=fresh/36911/0.01/ofa_mirror.pt; max_logit=29.5205
fresh,36911,0.01,ofa_mirror,w16_d2,40191,134400,1100,557414400,141414400,0.74006,1644607.407,0.93611109,0.2754837871,d0da22f816967d7df5195c34427d0fc8a80f964ea85081a860ea99306d6280d5,0.0,digits world; lr=0.01; payload=fresh/36911/0.01/ofa_mirror.pt; max_logit=50.8406
fresh,36911,0.01,ofa_mirror,w32_d1,40191,134400,1100,557414400,141414400,0.74006,2368586.252,0.94999999,0.2052194774,d0da22f816967d7df5195c34427d0fc8a80f964ea85081a860ea99306d6280d5,0.0,digits world; lr=0.01; payload=fresh/36911/0.01/ofa_mirror.pt; max_logit=33.4484
fresh,36911,0.01,ofa_mirror,w32_d2,40191,134400,1100,557414400,141414400,0.74006,1917172.172,0.93611109,0.2913503349,d0da22f816967d7df5195c34427d0fc8a80f964ea85081a860ea99306d6280d5,0.0,digits world; lr=0.01; payload=fresh/36911/0.01/ofa_mirror.pt; max_logit=68.0173
fresh,36911,0.01,ofa_mirror,w64_d1,40191,134400,1100,557414400,141414400,0.74006,2092932.756,0.94722223,0.2025620639,d0da22f816967d7df5195c34427d0fc8a80f964ea85081a860ea99306d6280d5,0.0,digits world; lr=0.01; payload=fresh/36911/0.01/ofa_mirror.pt; max_logit=35.7617
fresh,36911,0.01,ofa_mirror,w64_d2,40191,134400,1100,557414400,141414400,0.74006,1554047.307,0.94999999,0.3032242358,d0da22f816967d7df5195c34427d0fc8a80f964ea85081a860ea99306d6280d5,0.0,digits world; lr=0.01; payload=fresh/36911/0.01/ofa_mirror.pt; max_logit=86.5969
fresh,36911,0.01,ofa_film,w16_d1,40191,134400,1100,556800000,140800000,0.693584,3982848.856,0.94999999,0.1655791402,b86e7acb6ab45aa8ffbe2c50261357f44bb94fb8f1e7e24b7e3bcabe9ce761fa,0.0,digits world; lr=0.01; payload=fresh/36911/0.01/ofa_film.pt; max_logit=29.2132
fresh,36911,0.01,ofa_film,w16_d2,40191,134400,1100,556800000,140800000,0.693584,4100996.662,0.94722223,0.2208097726,b86e7acb6ab45aa8ffbe2c50261357f44bb94fb8f1e7e24b7e3bcabe9ce761fa,0.0,digits world; lr=0.01; payload=fresh/36911/0.01/ofa_film.pt; max_logit=49.6177
fresh,36911,0.01,ofa_film,w32_d1,40191,134400,1100,556800000,140800000,0.693584,3999771.899,0.94722223,0.1811142117,b86e7acb6ab45aa8ffbe2c50261357f44bb94fb8f1e7e24b7e3bcabe9ce761fa,0.0,digits world; lr=0.01; payload=fresh/36911/0.01/ofa_film.pt; max_logit=32.0655
fresh,36911,0.01,ofa_film,w32_d2,40191,134400,1100,556800000,140800000,0.693584,2903155.928,0.95277780,0.2430075109,b86e7acb6ab45aa8ffbe2c50261357f44bb94fb8f1e7e24b7e3bcabe9ce761fa,0.0,digits world; lr=0.01; payload=fresh/36911/0.01/ofa_film.pt; max_logit=63.6237
fresh,36911,0.01,ofa_film,w64_d1,40191,134400,1100,556800000,140800000,0.693584,2655034.299,0.94444442,0.1793345064,b86e7acb6ab45aa8ffbe2c50261357f44bb94fb8f1e7e24b7e3bcabe9ce761fa,0.0,digits world; lr=0.01; payload=fresh/36911/0.01/ofa_film.pt; max_logit=34.3561
fresh,36911,0.01,ofa_film,w64_d2,40191,134400,1100,556800000,140800000,0.693584,1867860.541,0.95277780,0.2917905450,b86e7acb6ab45aa8ffbe2c50261357f44bb94fb8f1e7e24b7e3bcabe9ce761fa,0.0,digits world; lr=0.01; payload=fresh/36911/0.01/ofa_film.pt; max_logit=87.0207
fresh,36911,0.01,ofa_lora,w16_d1,42477,134400,1100,558310400,142310400,0.695864,5151423.717,0.94722223,0.1760852784,39724f9b7efc7a6cf7590deee8f13d6188f93f92de7af06fc8ee728db7e790c6,0.0,digits world; lr=0.01; payload=fresh/36911/0.01/ofa_lora.pt; max_logit=28.8284
fresh,36911,0.01,ofa_lora,w16_d2,42477,134400,1100,558310400,142310400,0.695864,4033061.642,0.94166666,0.2273285687,39724f9b7efc7a6cf7590deee8f13d6188f93f92de7af06fc8ee728db7e790c6,0.0,digits world; lr=0.01; payload=fresh/36911/0.01/ofa_lora.pt; max_logit=49.4349
fresh,36911,0.01,ofa_lora,w32_d1,42477,134400,1100,558310400,142310400,0.695864,3818177.217,0.94722223,0.1922741979,39724f9b7efc7a6cf7590deee8f13d6188f93f92de7af06fc8ee728db7e790c6,0.0,digits world; lr=0.01; payload=fresh/36911/0.01/ofa_lora.pt; max_logit=33.0484
fresh,36911,0.01,ofa_lora,w32_d2,42477,134400,1100,558310400,142310400,0.695864,3572776.84,0.94999999,0.2583948970,39724f9b7efc7a6cf7590deee8f13d6188f93f92de7af06fc8ee728db7e790c6,0.0,digits world; lr=0.01; payload=fresh/36911/0.01/ofa_lora.pt; max_logit=66.0173
fresh,36911,0.01,ofa_lora,w64_d1,42477,134400,1100,558310400,142310400,0.695864,3046048.882,0.94722223,0.1870857477,39724f9b7efc7a6cf7590deee8f13d6188f93f92de7af06fc8ee728db7e790c6,0.0,digits world; lr=0.01; payload=fresh/36911/0.01/ofa_lora.pt; max_logit=35.7057
fresh,36911,0.01,ofa_lora,w64_d2,42477,134400,1100,558310400,142310400,0.695864,1645407.065,0.95277780,0.3155921996,39724f9b7efc7a6cf7590deee8f13d6188f93f92de7af06fc8ee728db7e790c6,0.0,digits world; lr=0.01; payload=fresh/36911/0.01/ofa_lora.pt; max_logit=86.0623
fresh,36911,0.01,independent,w16_d1,98185,192000,3000,702464000,0,1.370967,5128015.065,0.95555556,0.1701958030,d2b2375e089a36623e8dffaf03c9d446cf631851def3b4041b8b4c8a8327146d,0.0,digits world; lr=0.01; payload=fresh/36911/0.01/independent.pt; max_logit=25.9886
fresh,36911,0.01,independent,w16_d2,98185,192000,3000,702464000,0,1.370967,6172712.993,0.93888891,0.2113147527,d2b2375e089a36623e8dffaf03c9d446cf631851def3b4041b8b4c8a8327146d,0.0,digits world; lr=0.01; payload=fresh/36911/0.01/independent.pt; max_logit=37.0156
fresh,36911,0.01,independent,w32_d1,98185,192000,3000,702464000,0,1.370967,6157842.79,0.95277780,0.1476727724,d2b2375e089a36623e8dffaf03c9d446cf631851def3b4041b8b4c8a8327146d,0.0,digits world; lr=0.01; payload=fresh/36911/0.01/independent.pt; max_logit=25.1033
fresh,36911,0.01,independent,w32_d2,98185,192000,3000,702464000,0,1.370967,4543288.575,0.94722223,0.1729710847,d2b2375e089a36623e8dffaf03c9d446cf631851def3b4041b8b4c8a8327146d,0.0,digits world; lr=0.01; payload=fresh/36911/0.01/independent.pt; max_logit=37.132
fresh,36911,0.01,independent,w64_d1,98185,192000,3000,702464000,0,1.370967,3991651.824,0.96111113,0.1444769800,d2b2375e089a36623e8dffaf03c9d446cf631851def3b4041b8b4c8a8327146d,0.0,digits world; lr=0.01; payload=fresh/36911/0.01/independent.pt; max_logit=24.0285
fresh,36911,0.01,independent,w64_d2,98185,192000,3000,702464000,0,1.370967,2428405.893,0.96111113,0.1516693681,d2b2375e089a36623e8dffaf03c9d446cf631851def3b4041b8b4c8a8327146d,0.0,digits world; lr=0.01; payload=fresh/36911/0.01/independent.pt; max_logit=33.9143
fresh,36912,0.01,ofa_shared,w16_d1,38677,96000,500,416000000,0,0.589314,3937937.5,0.94166666,0.1865433604,67cbb8144a30413358831efdeda47d95d7f6bc41f79565bf0d0ecea66df29cb8,0.0,digits world; lr=0.01; payload=fresh/36912/0.01/ofa_shared.pt; max_logit=37.0592
fresh,36912,0.01,ofa_shared,w16_d2,38677,96000,500,416000000,0,0.589314,2886549.582,0.90277779,0.2854693532,67cbb8144a30413358831efdeda47d95d7f6bc41f79565bf0d0ecea66df29cb8,0.0,digits world; lr=0.01; payload=fresh/36912/0.01/ofa_shared.pt; max_logit=62.6679
fresh,36912,0.01,ofa_shared,w32_d1,38677,96000,500,416000000,0,0.589314,2963177.322,0.94722223,0.1973154098,67cbb8144a30413358831efdeda47d95d7f6bc41f79565bf0d0ecea66df29cb8,0.0,digits world; lr=0.01; payload=fresh/36912/0.01/ofa_shared.pt; max_logit=42.4918
fresh,36912,0.01,ofa_shared,w32_d2,38677,96000,500,416000000,0,0.589314,3335374.512,0.93333334,0.3141190708,67cbb8144a30413358831efdeda47d95d7f6bc41f79565bf0d0ecea66df29cb8,0.0,digits world; lr=0.01; payload=fresh/36912/0.01/ofa_shared.pt; max_logit=84.9742
fresh,36912,0.01,ofa_shared,w64_d1,38677,96000,500,416000000,0,0.589314,3260392.665,0.95277780,0.1715872437,67cbb8144a30413358831efdeda47d95d7f6bc41f79565bf0d0ecea66df29cb8,0.0,digits world; lr=0.01; payload=fresh/36912/0.01/ofa_shared.pt; max_logit=44.228
fresh,36912,0.01,ofa_shared,w64_d2,38677,96000,500,416000000,0,0.589314,2347119.757,0.96111113,0.2185475677,67cbb8144a30413358831efdeda47d95d7f6bc41f79565bf0d0ecea66df29cb8,0.0,digits world; lr=0.01; payload=fresh/36912/0.01/ofa_shared.pt; max_logit=94.4832
fresh,36912,0.01,ofa_mirror,w16_d1,40191,134400,1100,557414400,141414400,0.87549,3186207.7,0.94166666,0.1933803111,69a24913e9f49b5efe62934b4c95d759b40cb41806bb6acf73cede7224e2b0c6,0.0,digits world; lr=0.01; payload=fresh/36912/0.01/ofa_mirror.pt; max_logit=36.8548
fresh,36912,0.01,ofa_mirror,w16_d2,40191,134400,1100,557414400,141414400,0.87549,2673249.547,0.93055558,0.2151000798,69a24913e9f49b5efe62934b4c95d759b40cb41806bb6acf73cede7224e2b0c6,0.0,digits world; lr=0.01; payload=fresh/36912/0.01/ofa_mirror.pt; max_logit=60.4928
fresh,36912,0.01,ofa_mirror,w32_d1,40191,134400,1100,557414400,141414400,0.87549,2663013.344,0.94999999,0.2094283253,69a24913e9f49b5efe62934b4c95d759b40cb41806bb6acf73cede7224e2b0c6,0.0,digits world; lr=0.01; payload=fresh/36912/0.01/ofa_mirror.pt; max_logit=42.0923
fresh,36912,0.01,ofa_mirror,w32_d2,40191,134400,1100,557414400,141414400,0.87549,1861420.177,0.94166666,0.2765556872,69a24913e9f49b5efe62934b4c95d759b40cb41806bb6acf73cede7224e2b0c6,0.0,digits world; lr=0.01; payload=fresh/36912/0.01/ofa_mirror.pt; max_logit=81.5242
fresh,36912,0.01,ofa_mirror,w64_d1,40191,134400,1100,557414400,141414400,0.87549,2110166.347,0.94999999,0.1927348822,69a24913e9f49b5efe62934b4c95d759b40cb41806bb6acf73cede7224e2b0c6,0.0,digits world; lr=0.01; payload=fresh/36912/0.01/ofa_mirror.pt; max_logit=43.5312
fresh,36912,0.01,ofa_mirror,w64_d2,40191,134400,1100,557414400,141414400,0.87549,1659356.744,0.95277780,0.2341779768,69a24913e9f49b5efe62934b4c95d759b40cb41806bb6acf73cede7224e2b0c6,0.0,digits world; lr=0.01; payload=fresh/36912/0.01/ofa_mirror.pt; max_logit=94.151
fresh,36912,0.01,ofa_film,w16_d1,40191,134400,1100,556800000,140800000,0.902418,4535308.092,0.94166666,0.1731274128,fc17e3578e7b7a329217f3089883a74462198ce7f601262151b526e55feb183b,0.0,digits world; lr=0.01; payload=fresh/36912/0.01/ofa_film.pt; max_logit=35.5589
fresh,36912,0.01,ofa_film,w16_d2,40191,134400,1100,556800000,140800000,0.902418,4289238.764,0.90277779,0.2635847032,fc17e3578e7b7a329217f3089883a74462198ce7f601262151b526e55feb183b,0.0,digits world; lr=0.01; payload=fresh/36912/0.01/ofa_film.pt; max_logit=57.5916
fresh,36912,0.01,ofa_film,w32_d1,40191,134400,1100,556800000,140800000,0.902418,3820835.641,0.94444442,0.1909528524,fc17e3578e7b7a329217f3089883a74462198ce7f601262151b526e55feb183b,0.0,digits world; lr=0.01; payload=fresh/36912/0.01/ofa_film.pt; max_logit=40.7079
fresh,36912,0.01,ofa_film,w32_d2,40191,134400,1100,556800000,140800000,0.902418,3020191.038,0.92500001,0.2961621881,fc17e3578e7b7a329217f3089883a74462198ce7f601262151b526e55feb183b,0.0,digits world; lr=0.01; payload=fresh/36912/0.01/ofa_film.pt; max_logit=82.588
fresh,36912,0.01,ofa_film,w64_d1,40191,134400,1100,556800000,140800000,0.902418,2371288.151,0.94722223,0.1672629267,fc17e3578e7b7a329217f3089883a74462198ce7f601262151b526e55feb183b,0.0,digits world; lr=0.01; payload=fresh/36912/0.01/ofa_film.pt; max_logit=42.1979
fresh,36912,0.01,ofa_film,w64_d2,40191,134400,1100,556800000,140800000,0.902418,341094.544,0.96111113,0.2096795887,fc17e3578e7b7a329217f3089883a74462198ce7f601262151b526e55feb183b,0.0,digits world; lr=0.01; payload=fresh/36912/0.01/ofa_film.pt; max_logit=87.2596
fresh,36912,0.01,ofa_lora,w16_d1,42477,134400,1100,558310400,142310400,0.829537,4750351.426,0.94444442,0.1787655652,d73704c8c2cbcc8667ede0153f1a1dc7fd5895273e9dcf226a577e38a1adcfb5,0.0,digits world; lr=0.01; payload=fresh/36912/0.01/ofa_lora.pt; max_logit=37.4572
fresh,36912,0.01,ofa_lora,w16_d2,42477,134400,1100,558310400,142310400,0.829537,3062472.04,0.94166666,0.2555326819,d73704c8c2cbcc8667ede0153f1a1dc7fd5895273e9dcf226a577e38a1adcfb5,0.0,digits world; lr=0.01; payload=fresh/36912/0.01/ofa_lora.pt; max_logit=60.7458
fresh,36912,0.01,ofa_lora,w32_d1,42477,134400,1100,558310400,142310400,0.829537,2877872.54,0.94999999,0.2052301615,d73704c8c2cbcc8667ede0153f1a1dc7fd5895273e9dcf226a577e38a1adcfb5,0.0,digits world; lr=0.01; payload=fresh/36912/0.01/ofa_lora.pt; max_logit=42.8171
fresh,36912,0.01,ofa_lora,w32_d2,42477,134400,1100,558310400,142310400,0.829537,3030735.326,0.95277780,0.2976139486,d73704c8c2cbcc8667ede0153f1a1dc7fd5895273e9dcf226a577e38a1adcfb5,0.0,digits world; lr=0.01; payload=fresh/36912/0.01/ofa_lora.pt; max_logit=85.8232
fresh,36912,0.01,ofa_lora,w64_d1,42477,134400,1100,558310400,142310400,0.829537,2874734.565,0.95277780,0.1989808232,d73704c8c2cbcc8667ede0153f1a1dc7fd5895273e9dcf226a577e38a1adcfb5,0.0,digits world; lr=0.01; payload=fresh/36912/0.01/ofa_lora.pt; max_logit=42.4862
fresh,36912,0.01,ofa_lora,w64_d2,42477,134400,1100,558310400,142310400,0.829537,1898300.761,0.96388888,0.2680706382,d73704c8c2cbcc8667ede0153f1a1dc7fd5895273e9dcf226a577e38a1adcfb5,0.0,digits world; lr=0.01; payload=fresh/36912/0.01/ofa_lora.pt; max_logit=94.6445
fresh,36912,0.01,independent,w16_d1,98185,192000,3000,702464000,0,1.508196,5716812.364,0.95277780,0.1714422256,d1a8333c2822a82236a262a80741e010eb8f515e6e3bed208a706fd750d32d21,0.0,digits world; lr=0.01; payload=fresh/36912/0.01/independent.pt; max_logit=26.123
fresh,36912,0.01,independent,w16_d2,98185,192000,3000,702464000,0,1.508196,6188103.825,0.94166666,0.1964908540,d1a8333c2822a82236a262a80741e010eb8f515e6e3bed208a706fd750d32d21,0.0,digits world; lr=0.01; payload=fresh/36912/0.01/independent.pt; max_logit=44.4792
fresh,36912,0.01,independent,w32_d1,98185,192000,3000,702464000,0,1.508196,4982822.881,0.95277780,0.1472136825,d1a8333c2822a82236a262a80741e010eb8f515e6e3bed208a706fd750d32d21,0.0,digits world; lr=0.01; payload=fresh/36912/0.01/independent.pt; max_logit=25.5937
fresh,36912,0.01,independent,w32_d2,98185,192000,3000,702464000,0,1.508196,3797813.893,0.96666664,0.1211640015,d1a8333c2822a82236a262a80741e010eb8f515e6e3bed208a706fd750d32d21,0.0,digits world; lr=0.01; payload=fresh/36912/0.01/independent.pt; max_logit=40.9983
fresh,36912,0.01,independent,w64_d1,98185,192000,3000,702464000,0,1.508196,4439607.872,0.96388888,0.1404887587,d1a8333c2822a82236a262a80741e010eb8f515e6e3bed208a706fd750d32d21,0.0,digits world; lr=0.01; payload=fresh/36912/0.01/independent.pt; max_logit=27.6496
fresh,36912,0.01,independent,w64_d2,98185,192000,3000,702464000,0,1.508196,2547564.061,0.95833331,0.1315587163,d1a8333c2822a82236a262a80741e010eb8f515e6e3bed208a706fd750d32d21,0.0,digits world; lr=0.01; payload=fresh/36912/0.01/independent.pt; max_logit=38.7561
