split_role,condition,world_or_seed,stage_role,evaluated_role,method,learning_rate,serialized_bytes,incremental_bytes,resume_bytes,train_examples,optimizer_updates,active_compute_proxy,wall_time_s,teacher_nll,teacher_kl,teacher_top1_agreement,ece,inference_batch_size,inference_repeats,inference_wall_time_s,inference_examples_per_s
development,aligned,11101,0,0,hard_tie,0.003,2705,0,4893,0,0,0,0,2.07195544243,0,1,0.814147758589,0,0,0,0
development,aligned,11101,0,0,role_add,0.003,2705,0,4893,0,0,0,0,2.07195544243,0,1,0.814147758589,0,0,0,0
development,aligned,11101,0,0,role_film,0.003,2706,0,4893,0,0,0,0,2.07195544243,0,1,0.814147758589,0,0,0,0
development,aligned,11101,0,0,input_lora_rank2,0.003,2713,0,4893,0,0,0,0,2.07195544243,0,1,0.814147758589,0,0,0,0
development,aligned,11101,0,0,head_lora_rank2,0.003,2712,0,4893,0,0,0,0,2.07195544243,0,1,0.814147758589,0,0,0,0
development,aligned,11101,0,0,full_role_head,0.003,2711,0,4893,0,0,0,0,2.07195544243,0,1,0.814147758589,0,0,0,0
development,aligned,11101,0,0,vsa_sign,0.003,2987,282,5401,0,0,0,0,2.07195544243,0,1,0.814147758589,0,0,0,0
development,aligned,11101,0,0,full_role_map,0.003,2710,0,4893,0,0,0,0,2.07195544243,0,1,0.814147758589,0,0,0,0
development,aligned,11101,0,0,mirror_givens,0.003,2710,0,4893,0,0,0,0,2.07195544243,0,1,0.814147758589,0,0,0,0
development,aligned,11101,0,0,exact_teacher,0.003,2750,40,5145,0,0,0,0,2.07195544243,0,1,0.814147758589,0,0,0,0
development,aligned,11101,1,0,hard_tie,0.003,2706,1,4893,0,0,0,0,2.0719101429,0,1,0.814342566184,0,0,0,0
development,aligned,11101,1,1,hard_tie,0.003,2706,1,4893,0,0,0,0,2.07216453552,3.34141486746e-06,0.9755859375,0.790483971126,0,0,0,0
development,aligned,11101,1,0,role_add,0.003,2785,80,6221,38400,300,5529600,0.0971946099999,2.0719101429,0,1,0.814342566184,0,0,0,0
development,aligned,11101,1,1,role_add,0.003,2785,80,6221,38400,300,5529600,0.0971946099999,2.07216572762,4.22921948484e-06,0.9677734375,0.782716637244,0,0,0,0
development,aligned,11101,1,0,role_film,0.003,2879,173,7295,38400,300,6144000,0.119809199001,2.0719101429,0,1,0.814342566184,0,0,0,0
development,aligned,11101,1,1,role_film,0.003,2879,173,7295,38400,300,6144000,0.119809199001,2.07216477394,3.47520426658e-06,0.9755859375,0.790430749534,0,0,0,0
development,aligned,11101,1,0,input_lora_rank2,0.003,3012,299,7679,38400,300,7372800,0.102241502998,2.0719101429,0,1,0.814342566184,0,0,0,0
development,aligned,11101,1,1,input_lora_rank2,0.003,3012,299,7679,38400,300,7372800,0.102241502998,2.07216143608,8.98369165725e-08,0.9970703125,0.812064196449,0,0,0,0
development,aligned,11101,1,0,head_lora_rank2,0.003,2945,233,7487,38400,300,6758400,0.117911992002,2.0719101429,0,1,0.814342566184,0,0,0,0
development,aligned,11101,1,1,head_lora_rank2,0.003,2945,233,7487,38400,300,6758400,0.117911992002,2.07216143608,4.18131840263e-08,0.9970703125,0.812010230962,0,0,0,0
development,aligned,11101,1,0,full_role_head,0.003,3247,536,7565,38400,300,9830400,0.0784126179969,2.0719101429,0,1,0.814342566184,0,0,0,0
development,aligned,11101,1,1,full_role_head,0.003,3247,536,7565,38400,300,9830400,0.0784126179969,2.07216143608,2.79906986478e-09,1,0.814933054149,0,0,0,0
development,aligned,11101,1,0,vsa_sign,0.003,2988,283,5401,0,0,0,0,2.0719101429,0,1,0.814342566184,0,0,0,0
development,aligned,11101,1,1,vsa_sign,0.003,2988,283,5401,0,0,0,0,2.08341932297,0.0112579902634,0.0947265625,0.0744584425993,0,0,0,0
development,aligned,11101,1,0,full_role_map,0.003,3753,1043,9101,38400,300,14745600,0.0963900139977,2.0719101429,0,1,0.814342566184,0,0,0,0
development,aligned,11101,1,1,full_role_map,0.003,3753,1043,9101,38400,300,14745600,0.0963900139977,2.07216143608,1.58515567339e-09,1,0.814932709327,0,0,0,0
development,aligned,11101,1,0,mirror_givens,0.003,2730,20,6157,38400,300,5222400,0.139374357001,2.0719101429,0,1,0.814342566184,0,0,0,0
development,aligned,11101,1,1,mirror_givens,0.003,2730,20,6157,38400,300,5222400,0.139374357001,2.07216143608,8.51282933034e-12,1,0.814932649722,0,0,0,0
development,aligned,11101,1,0,exact_teacher,0.003,2751,41,5145,0,0,0,0,2.0719101429,0,1,0.814342566184,0,0,0,0
development,aligned,11101,1,1,exact_teacher,0.003,2751,41,5145,0,0,0,0,2.07216143608,0,1,0.814932649722,0,0,0,0
development,aligned,11101,2,0,hard_tie,0.003,2707,2,4893,0,0,0,0,2.07179880142,0,1,0.813177215343,0,0,0,0
development,aligned,11101,2,1,hard_tie,0.003,2707,2,4893,0,0,0,0,2.07212519646,3.49318293047e-06,0.96484375,0.779937505024,0,0,0,0
development,aligned,11101,2,2,hard_tie,0.003,2707,2,4893,0,0,0,0,2.07177472115,0.000129577252665,0.9423828125,0.754528874531,0,0,0,0
development,aligned,11101,2,0,role_add,0.003,2865,160,7359,38400,300,5529600,0.104020479001,2.07179880142,0,1,0.813177215343,0,0,0,0
development,aligned,11101,2,1,role_add,0.003,2865,160,7359,38400,300,5529600,0.104020479001,2.07212638855,4.4859098125e-06,0.958984375,0.774113204796,0,0,0,0
development,aligned,11101,2,2,role_add,0.003,2865,160,7359,38400,300,5529600,0.104020479001,2.07179164886,0.000146524078445,0.9130859375,0.725106242695,0,0,0,0
development,aligned,11101,2,0,role_film,0.003,3052,346,9767,38400,300,6144000,0.0997255309994,2.07179880142,0,1,0.813177215343,0,0,0,0
development,aligned,11101,2,1,role_film,0.003,3052,346,9767,38400,300,6144000,0.0997255309994,2.07212543488,3.49838546754e-06,0.97265625,0.787706752308,0,0,0,0
development,aligned,11101,2,2,role_film,0.003,3052,346,9767,38400,300,6144000,0.0997255309994,2.07177662849,0.000131441949634,0.9541015625,0.766730391188,0,0,0,0
development,aligned,11101,2,0,input_lora_rank2,0.003,3311,598,10535,38400,300,7372800,0.173300074002,2.07179880142,0,1,0.813177215343,0,0,0,0
development,aligned,11101,2,1,input_lora_rank2,0.003,3311,598,10535,38400,300,7372800,0.173300074002,2.0721218586,9.92899700236e-08,0.99609375,0.811240456998,0,0,0,0
development,aligned,11101,2,2,input_lora_rank2,0.003,3311,598,10535,38400,300,7372800,0.173300074002,2.07166147232,1.62553387781e-05,0.9892578125,0.800199803314,0,0,0,0
development,aligned,11101,2,0,head_lora_rank2,0.003,3178,466,10151,38400,300,6758400,0.101192699,2.07179880142,0,1,0.813177215343,0,0,0,0
development,aligned,11101,2,1,head_lora_rank2,0.003,3178,466,10151,38400,300,6758400,0.101192699,2.0721218586,4.47661321346e-08,0.99609375,0.811186974635,0,0,0,0
development,aligned,11101,2,2,head_lora_rank2,0.003,3178,466,10151,38400,300,6758400,0.101192699,2.07164573669,5.45764862636e-07,1,0.811490991211,0,0,0,0
development,aligned,11101,2,0,full_role_head,0.003,3783,1072,10111,38400,300,9830400,0.0974335139981,2.07179880142,0,1,0.813177215343,0,0,0,0
development,aligned,11101,2,1,full_role_head,0.003,3783,1072,10111,38400,300,9830400,0.0974335139981,2.0721218586,3.26465565692e-09,1,0.815075798659,0,0,0,0
development,aligned,11101,2,2,full_role_head,0.003,3783,1072,10111,38400,300,9830400,0.0974335139981,2.07164525986,1.31487976063e-09,1,0.811562104267,0,0,0,0
development,aligned,11101,2,0,vsa_sign,0.003,2989,284,5401,0,0,0,0,2.07179880142,0,1,0.813177215343,0,0,0,0
development,aligned,11101,2,1,vsa_sign,0.003,2989,284,5401,0,0,0,0,2.0832054615,0.0110835842788,0.1259765625,0.0426040960883,0,0,0,0
development,aligned,11101,2,2,vsa_sign,0.003,2989,284,5401,0,0,0,0,2.08970499039,0.0180596988648,0.015625,0.158043731935,0,0,0,0
development,aligned,11101,2,0,full_role_map,0.003,4796,2086,13183,38400,300,14745600,0.0889003579978,2.07179880142,0,1,0.813177215343,0,0,0,0
development,aligned,11101,2,1,full_role_map,0.003,4796,2086,13183,38400,300,14745600,0.0889003579978,2.0721218586,0,1,0.815075335326,0,0,0,0
development,aligned,11101,2,2,full_role_map,0.003,4796,2086,13183,38400,300,14745600,0.0889003579978,2.07164525986,1.61269853027e-09,1,0.811562148796,0,0,0,0
development,aligned,11101,2,0,mirror_givens,0.003,2750,40,7231,38400,300,5222400,0.153660569002,2.07179880142,0,1,0.813177215343,0,0,0,0
development,aligned,11101,2,1,mirror_givens,0.003,2750,40,7231,38400,300,5222400,0.153660569002,2.07212162018,0,1,0.815075335326,0,0,0,0
development,aligned,11101,2,2,mirror_givens,0.003,2750,40,7231,38400,300,5222400,0.153660569002,2.07164525986,2.26661645009e-09,1,0.811562104267,0,0,0,0
development,aligned,11101,2,0,exact_teacher,0.003,2752,42,5145,0,0,0,0,2.07179880142,0,1,0.813177215343,0,0,0,0
development,aligned,11101,2,1,exact_teacher,0.003,2752,42,5145,0,0,0,0,2.07212162018,0,1,0.815075335326,0,0,0,0
development,aligned,11101,2,2,exact_teacher,0.003,2752,42,5145,0,0,0,0,2.07164525986,0,1,0.811562104267,0,0,0,0
development,aligned,11101,3,0,hard_tie,0.003,2708,3,4893,0,0,0,0,2.0718536377,0,1,0.813163981773,2048,50,0.0010632880003,96305046.2071
development,aligned,11101,3,1,hard_tie,0.003,2708,3,4893,0,0,0,0,2.07207274437,3.5417192521e-06,0.97265625,0.78756236285,2048,50,0.0010632880003,96305046.2071
development,aligned,11101,3,2,hard_tie,0.003,2708,3,4893,0,0,0,0,2.0719499588,0.000128931118525,0.912109375,0.724856944871,2048,50,0.0010632880003,96305046.2071
development,aligned,11101,3,3,hard_tie,0.003,2708,3,4893,0,0,0,0,2.07179617882,8.012651233e-05,0.9580078125,0.770186943468,2048,50,0.0010632880003,96305046.2071
development,aligned,11101,3,0,role_add,0.003,2945,240,8627,38400,300,5529600,0.0861014840011,2.0718536377,0,1,0.813163981773,2048,50,0.00176789200123,57922090.2233
development,aligned,11101,3,1,role_add,0.003,2945,240,8627,38400,300,5529600,0.0861014840011,2.07207369804,4.50556899523e-06,0.9658203125,0.780765606556,2048,50,0.00176789200123,57922090.2233
development,aligned,11101,3,2,role_add,0.003,2945,240,8627,38400,300,5529600,0.0861014840011,2.07196736336,0.000146432445035,0.8857421875,0.698276946321,2048,50,0.00176789200123,57922090.2233
development,aligned,11101,3,3,role_add,0.003,2945,240,8627,38400,300,5529600,0.0861014840011,2.07180809975,9.19753802009e-05,0.947265625,0.759439490736,2048,50,0.00176789200123,57922090.2233
development,aligned,11101,3,0,role_film,0.003,3225,519,12175,38400,300,6144000,0.0934832540006,2.0718536377,0,1,0.813163981773,2048,50,0.00243645399678,42028291.9913
development,aligned,11101,3,1,role_film,0.003,3225,519,12175,38400,300,6144000,0.0934832540006,2.07207274437,3.52614824806e-06,0.97265625,0.787498049205,2048,50,0.00243645399678,42028291.9913
development,aligned,11101,3,2,role_film,0.003,3225,519,12175,38400,300,6144000,0.0934832540006,2.07195544243,0.00013435225992,0.9453125,0.758794194728,2048,50,0.00243645399678,42028291.9913
development,aligned,11101,3,3,role_film,0.003,3225,519,12175,38400,300,6144000,0.0934832540006,2.07180404663,8.7854656158e-05,0.947265625,0.759402625263,2048,50,0.00243645399678,42028291.9913
development,aligned,11101,3,0,input_lora_rank2,0.003,3610,897,13327,38400,300,7372800,0.107203684001,2.0718536377,0,1,0.813163981773,2048,50,0.0021905470021,46746314.9167
development,aligned,11101,3,1,input_lora_rank2,0.003,3610,897,13327,38400,300,7372800,0.107203684001,2.07206916809,9.99791325285e-08,0.9951171875,0.810054182773,2048,50,0.0021905470021,46746314.9167
development,aligned,11101,3,2,input_lora_rank2,0.003,3610,897,13327,38400,300,7372800,0.107203684001,2.07183718681,1.62118922162e-05,0.9814453125,0.792784576188,2048,50,0.0021905470021,46746314.9167
development,aligned,11101,3,3,input_lora_rank2,0.003,3610,897,13327,38400,300,7372800,0.107203684001,2.07171654701,4.37944407849e-07,1,0.811986308196,2048,50,0.0021905470021,46746314.9167
development,aligned,11101,3,0,head_lora_rank2,0.003,3411,699,12751,38400,300,6758400,0.103739817001,2.0718536377,0,1,0.813163981773,2048,50,0.00213737499871,47909234.4871
development,aligned,11101,3,1,head_lora_rank2,0.003,3411,699,12751,38400,300,6758400,0.103739817001,2.07206916809,5.04217254615e-08,0.9970703125,0.811952961376,2048,50,0.00213737499871,47909234.4871
development,aligned,11101,3,2,head_lora_rank2,0.003,3411,699,12751,38400,300,6758400,0.103739817001,2.07182168961,5.28336670413e-07,1,0.811948813498,2048,50,0.00213737499871,47909234.4871
development,aligned,11101,3,3,head_lora_rank2,0.003,3411,699,12751,38400,300,6758400,0.103739817001,2.07171702385,9.61743239714e-07,0.994140625,0.805827268865,2048,50,0.00213737499871,47909234.4871
development,aligned,11101,3,0,full_role_head,0.003,4319,1608,12723,38400,300,9830400,0.0930876180028,2.0718536377,0,1,0.813163981773,2048,50,0.0016267730025,62946704.8216
development,aligned,11101,3,1,full_role_head,0.003,4319,1608,12723,38400,300,9830400,0.0930876180028,2.07206916809,3.91237664488e-09,1,0.814860862214,2048,50,0.0016267730025,62946704.8216
development,aligned,11101,3,2,full_role_head,0.003,4319,1608,12723,38400,300,9830400,0.0930876180028,2.07182121277,1.57791013589e-09,1,0.812010746216,2048,50,0.0016267730025,62946704.8216
development,aligned,11101,3,3,full_role_head,0.003,4319,1608,12723,38400,300,9830400,0.0930876180028,2.07171607018,1.24256460676e-09,1,0.811893713195,2048,50,0.0016267730025,62946704.8216
development,aligned,11101,3,0,vsa_sign,0.003,2990,285,5401,0,0,0,0,2.0718536377,0,1,0.813163981773,2048,50,0.0012726069981,80464746.8959
development,aligned,11101,3,1,vsa_sign,0.003,2990,285,5401,0,0,0,0,2.08331084251,0.0112418364733,0.1220703125,0.0471097007685,2048,50,0.0012726069981,80464746.8959
development,aligned,11101,3,2,vsa_sign,0.003,2990,285,5401,0,0,0,0,2.0898938179,0.018072752282,0.015625,0.157522401947,2048,50,0.0012726069981,80464746.8959
development,aligned,11101,3,3,vsa_sign,0.003,2990,285,5401,0,0,0,0,2.08853149414,0.0168152842671,0.0107421875,0.168872733469,2048,50,0.0012726069981,80464746.8959
development,aligned,11101,3,0,full_role_map,0.003,5839,3129,17331,38400,300,14745600,0.0935559790014,2.0718536377,0,1,0.813163981773,2048,50,0.00152039999739,67350697.3006
development,aligned,11101,3,1,full_role_map,0.003,5839,3129,17331,38400,300,14745600,0.0935559790014,2.07206916809,4.28575086531e-09,1,0.814860403538,2048,50,0.00152039999739,67350697.3006
development,aligned,11101,3,2,full_role_map,0.003,5839,3129,17331,38400,300,14745600,0.0935559790014,2.07182121277,0,1,0.812010789639,2048,50,0.00152039999739,67350697.3006
development,aligned,11101,3,3,full_role_map,0.003,5839,3129,17331,38400,300,14745600,0.0935559790014,2.07171607018,0,1,0.811893697595,2048,50,0.00152039999739,67350697.3006
development,aligned,11101,3,0,mirror_givens,0.003,2770,60,8243,38400,300,5222400,0.143985234001,2.0718536377,0,1,0.813163981773,2048,50,0.00404152199917,25336989.3869
development,aligned,11101,3,1,mirror_givens,0.003,2770,60,8243,38400,300,5222400,0.143985234001,2.07206916809,9.2648111405e-13,1,0.814860389801,2048,50,0.00404152199917,25336989.3869
development,aligned,11101,3,2,mirror_givens,0.003,2770,60,8243,38400,300,5222400,0.143985234001,2.07182121277,0,1,0.812010746216,2048,50,0.00404152199917,25336989.3869
development,aligned,11101,3,3,mirror_givens,0.003,2770,60,8243,38400,300,5222400,0.143985234001,2.07171607018,7.14702796945e-10,1,0.811893697595,2048,50,0.00404152199917,25336989.3869
development,aligned,11101,3,0,exact_teacher,0.003,2753,43,5145,0,0,0,0,2.0718536377,0,1,0.813163981773,2048,50,0.00365495399819,28016768.4875
development,aligned,11101,3,1,exact_teacher,0.003,2753,43,5145,0,0,0,0,2.07206916809,0,1,0.814860389801,2048,50,0.00365495399819,28016768.4875
development,aligned,11101,3,2,exact_teacher,0.003,2753,43,5145,0,0,0,0,2.07182121277,0,1,0.812010746216,2048,50,0.00365495399819,28016768.4875
development,aligned,11101,3,3,exact_teacher,0.003,2753,43,5145,0,0,0,0,2.07171607018,0,1,0.811893713195,2048,50,0.00365495399819,28016768.4875
development,aligned,11101,0,0,hard_tie,0.01,2705,0,4893,0,0,0,0,2.07195544243,0,1,0.814147758589,0,0,0,0
development,aligned,11101,0,0,role_add,0.01,2705,0,4893,0,0,0,0,2.07195544243,0,1,0.814147758589,0,0,0,0
development,aligned,11101,0,0,role_film,0.01,2706,0,4893,0,0,0,0,2.07195544243,0,1,0.814147758589,0,0,0,0
development,aligned,11101,0,0,input_lora_rank2,0.01,2713,0,4893,0,0,0,0,2.07195544243,0,1,0.814147758589,0,0,0,0
development,aligned,11101,0,0,head_lora_rank2,0.01,2712,0,4893,0,0,0,0,2.07195544243,0,1,0.814147758589,0,0,0,0
development,aligned,11101,0,0,full_role_head,0.01,2711,0,4893,0,0,0,0,2.07195544243,0,1,0.814147758589,0,0,0,0
development,aligned,11101,0,0,vsa_sign,0.01,2987,282,5401,0,0,0,0,2.07195544243,0,1,0.814147758589,0,0,0,0
development,aligned,11101,0,0,full_role_map,0.01,2710,0,4893,0,0,0,0,2.07195544243,0,1,0.814147758589,0,0,0,0
development,aligned,11101,0,0,mirror_givens,0.01,2710,0,4893,0,0,0,0,2.07195544243,0,1,0.814147758589,0,0,0,0
development,aligned,11101,0,0,exact_teacher,0.01,2750,40,5145,0,0,0,0,2.07195544243,0,1,0.814147758589,0,0,0,0
development,aligned,11101,1,0,hard_tie,0.01,2706,1,4893,0,0,0,0,2.0719101429,0,1,0.814342566184,0,0,0,0
development,aligned,11101,1,1,hard_tie,0.01,2706,1,4893,0,0,0,0,2.07216453552,3.34141486746e-06,0.9755859375,0.790483971126,0,0,0,0
development,aligned,11101,1,0,role_add,0.01,2785,80,6221,38400,300,5529600,0.0908081859998,2.0719101429,0,1,0.814342566184,0,0,0,0
development,aligned,11101,1,1,role_add,0.01,2785,80,6221,38400,300,5529600,0.0908081859998,2.0721654892,4.22862513005e-06,0.9677734375,0.782716637244,0,0,0,0
development,aligned,11101,1,0,role_film,0.01,2879,173,7295,38400,300,6144000,0.120697730999,2.0719101429,0,1,0.814342566184,0,0,0,0
development,aligned,11101,1,1,role_film,0.01,2879,173,7295,38400,300,6144000,0.120697730999,2.07216477394,3.4782090097e-06,0.9755859375,0.790430764202,0,0,0,0
development,aligned,11101,1,0,input_lora_rank2,0.01,3012,299,7679,38400,300,7372800,0.0975993399989,2.0719101429,0,1,0.814342566184,0,0,0,0
development,aligned,11101,1,1,input_lora_rank2,0.01,3012,299,7679,38400,300,7372800,0.0975993399989,2.07216143608,4.39483871517e-09,1,0.814941465389,0,0,0,0
development,aligned,11101,1,0,head_lora_rank2,0.01,2945,233,7487,38400,300,6758400,0.0980049960017,2.0719101429,0,1,0.814342566184,0,0,0,0
development,aligned,11101,1,1,head_lora_rank2,0.01,2945,233,7487,38400,300,6758400,0.0980049960017,2.07216143608,2.51261744744e-09,1,0.814934502123,0,0,0,0
development,aligned,11101,1,0,full_role_head,0.01,3247,536,7565,38400,300,9830400,0.0889021840012,2.0719101429,0,1,0.814342566184,0,0,0,0
development,aligned,11101,1,1,full_role_head,0.01,3247,536,7565,38400,300,9830400,0.0889021840012,2.07216143608,0,1,0.814932380104,0,0,0,0
development,aligned,11101,1,0,vsa_sign,0.01,2988,283,5401,0,0,0,0,2.0719101429,0,1,0.814342566184,0,0,0,0
development,aligned,11101,1,1,vsa_sign,0.01,2988,283,5401,0,0,0,0,2.08341932297,0.0112579902634,0.0947265625,0.0744584425993,0,0,0,0
development,aligned,11101,1,0,full_role_map,0.01,3753,1043,9101,38400,300,14745600,0.0915033790006,2.0719101429,0,1,0.814342566184,0,0,0,0
development,aligned,11101,1,1,full_role_map,0.01,3753,1043,9101,38400,300,14745600,0.0915033790006,2.07216143608,0,1,0.814932723995,0,0,0,0
development,aligned,11101,1,0,mirror_givens,0.01,2730,20,6157,38400,300,5222400,0.137948647,2.0719101429,0,1,0.814342566184,0,0,0,0
development,aligned,11101,1,1,mirror_givens,0.01,2730,20,6157,38400,300,5222400,0.137948647,2.07216143608,5.56823059883e-11,1,0.814932649722,0,0,0,0
development,aligned,11101,1,0,exact_teacher,0.01,2751,41,5145,0,0,0,0,2.0719101429,0,1,0.814342566184,0,0,0,0
development,aligned,11101,1,1,exact_teacher,0.01,2751,41,5145,0,0,0,0,2.07216143608,0,1,0.814932649722,0,0,0,0
development,aligned,11101,2,0,hard_tie,0.01,2707,2,4893,0,0,0,0,2.07179880142,0,1,0.813177215343,0,0,0,0
development,aligned,11101,2,1,hard_tie,0.01,2707,2,4893,0,0,0,0,2.07212519646,3.49318293047e-06,0.96484375,0.779937505024,0,0,0,0
development,aligned,11101,2,2,hard_tie,0.01,2707,2,4893,0,0,0,0,2.07177472115,0.000129577252665,0.9423828125,0.754528874531,0,0,0,0
development,aligned,11101,2,0,role_add,0.01,2865,160,7359,38400,300,5529600,0.0859034040004,2.07179880142,0,1,0.813177215343,0,0,0,0
development,aligned,11101,2,1,role_add,0.01,2865,160,7359,38400,300,5529600,0.0859034040004,2.07212638855,4.48451282864e-06,0.958984375,0.774113204796,0,0,0,0
development,aligned,11101,2,2,role_add,0.01,2865,160,7359,38400,300,5529600,0.0859034040004,2.07179164886,0.000146524005686,0.9130859375,0.725106242695,0,0,0,0
development,aligned,11101,2,0,role_film,0.01,3052,346,9767,38400,300,6144000,0.115436649998,2.07179880142,0,1,0.813177215343,0,0,0,0
development,aligned,11101,2,1,role_film,0.01,3052,346,9767,38400,300,6144000,0.115436649998,2.07212543488,3.50277105099e-06,0.97265625,0.787706752308,0,0,0,0
development,aligned,11101,2,2,role_film,0.01,3052,346,9767,38400,300,6144000,0.115436649998,2.07177662849,0.000131445878651,0.9541015625,0.766730391188,0,0,0,0
development,aligned,11101,2,0,input_lora_rank2,0.01,3311,598,10535,38400,300,7372800,0.138039944999,2.07179880142,0,1,0.813177215343,0,0,0,0
development,aligned,11101,2,1,input_lora_rank2,0.01,3311,598,10535,38400,300,7372800,0.138039944999,2.0721218586,5.98334271018e-09,1,0.81508531142,0,0,0,0
development,aligned,11101,2,2,input_lora_rank2,0.01,3311,598,10535,38400,300,7372800,0.138039944999,2.07164525986,3.39550765283e-09,0.9990234375,0.81057575444,0,0,0,0
development,aligned,11101,2,0,head_lora_rank2,0.01,3178,466,10151,38400,300,6758400,0.145251667996,2.07179880142,0,1,0.813177215343,0,0,0,0
development,aligned,11101,2,1,head_lora_rank2,0.01,3178,466,10151,38400,300,6758400,0.145251667996,2.07212162018,3.5678449084e-10,1,0.815077765146,0,0,0,0
development,aligned,11101,2,2,head_lora_rank2,0.01,3178,466,10151,38400,300,6758400,0.145251667996,2.07164525986,9.06802100076e-09,0.9990234375,0.81057573494,0,0,0,0
development,aligned,11101,2,0,full_role_head,0.01,3783,1072,10111,38400,300,9830400,0.0868853749998,2.07179880142,0,1,0.813177215343,0,0,0,0
development,aligned,11101,2,1,full_role_head,0.01,3783,1072,10111,38400,300,9830400,0.0868853749998,2.07212162018,2.20615525848e-10,1,0.815075044055,0,0,0,0
development,aligned,11101,2,2,full_role_head,0.01,3783,1072,10111,38400,300,9830400,0.0868853749998,2.07164525986,7.82207409955e-10,1,0.811562876333,0,0,0,0
development,aligned,11101,2,0,vsa_sign,0.01,2989,284,5401,0,0,0,0,2.07179880142,0,1,0.813177215343,0,0,0,0
development,aligned,11101,2,1,vsa_sign,0.01,2989,284,5401,0,0,0,0,2.0832054615,0.0110835842788,0.1259765625,0.0426040960883,0,0,0,0
development,aligned,11101,2,2,vsa_sign,0.01,2989,284,5401,0,0,0,0,2.08970499039,0.0180596988648,0.015625,0.158043731935,0,0,0,0
development,aligned,11101,2,0,full_role_map,0.01,4796,2086,13183,38400,300,14745600,0.0800313079999,2.07179880142,0,1,0.813177215343,0,0,0,0
development,aligned,11101,2,1,full_role_map,0.01,4796,2086,13183,38400,300,14745600,0.0800313079999,2.0721218586,3.01864133689e-09,1,0.815075348597,0,0,0,0
development,aligned,11101,2,2,full_role_map,0.01,4796,2086,13183,38400,300,14745600,0.0800313079999,2.07164525986,2.3897470669e-09,1,0.811562119343,0,0,0,0
development,aligned,11101,2,0,mirror_givens,0.01,2750,40,7231,38400,300,5222400,0.142988537998,2.07179880142,0,1,0.813177215343,0,0,0,0
development,aligned,11101,2,1,mirror_givens,0.01,2750,40,7231,38400,300,5222400,0.142988537998,2.07212162018,0,1,0.815075335326,0,0,0,0
development,aligned,11101,2,2,mirror_givens,0.01,2750,40,7231,38400,300,5222400,0.142988537998,2.07164525986,3.17648529702e-09,1,0.811562104267,0,0,0,0
development,aligned,11101,2,0,exact_teacher,0.01,2752,42,5145,0,0,0,0,2.07179880142,0,1,0.813177215343,0,0,0,0
development,aligned,11101,2,1,exact_teacher,0.01,2752,42,5145,0,0,0,0,2.07212162018,0,1,0.815075335326,0,0,0,0
development,aligned,11101,2,2,exact_teacher,0.01,2752,42,5145,0,0,0,0,2.07164525986,0,1,0.811562104267,0,0,0,0
development,aligned,11101,3,0,hard_tie,0.01,2708,3,4893,0,0,0,0,2.0718536377,0,1,0.813163981773,2048,50,0.00103788500201,98662182.9992
development,aligned,11101,3,1,hard_tie,0.01,2708,3,4893,0,0,0,0,2.07207274437,3.5417192521e-06,0.97265625,0.78756236285,2048,50,0.00103788500201,98662182.9992
development,aligned,11101,3,2,hard_tie,0.01,2708,3,4893,0,0,0,0,2.0719499588,0.000128931118525,0.912109375,0.724856944871,2048,50,0.00103788500201,98662182.9992
development,aligned,11101,3,3,hard_tie,0.01,2708,3,4893,0,0,0,0,2.07179617882,8.012651233e-05,0.9580078125,0.770186943468,2048,50,0.00103788500201,98662182.9992
development,aligned,11101,3,0,role_add,0.01,2945,240,8627,38400,300,5529600,0.0940121569984,2.0718536377,0,1,0.813163981773,2048,50,0.00131416799923,77920022.4479
development,aligned,11101,3,1,role_add,0.01,2945,240,8627,38400,300,5529600,0.0940121569984,2.07207345963,4.50723382528e-06,0.9658203125,0.780765606556,2048,50,0.00131416799923,77920022.4479
development,aligned,11101,3,2,role_add,0.01,2945,240,8627,38400,300,5529600,0.0940121569984,2.07196760178,0.000146431353642,0.8857421875,0.698276946321,2048,50,0.00131416799923,77920022.4479
development,aligned,11101,3,3,role_add,0.01,2945,240,8627,38400,300,5529600,0.0940121569984,2.07180809975,9.19752565096e-05,0.947265625,0.759439490736,2048,50,0.00131416799923,77920022.4479
development,aligned,11101,3,0,role_film,0.01,3225,519,12175,38400,300,6144000,0.125252898,2.0718536377,0,1,0.813163981773,2048,50,0.00364966699999,28057354.2738
development,aligned,11101,3,1,role_film,0.01,3225,519,12175,38400,300,6144000,0.125252898,2.07207274437,3.5236819258e-06,0.97265625,0.787498062942,2048,50,0.00364966699999,28057354.2738
development,aligned,11101,3,2,role_film,0.01,3225,519,12175,38400,300,6144000,0.125252898,2.07195544243,0.000134350746521,0.9453125,0.758794178604,2048,50,0.00364966699999,28057354.2738
development,aligned,11101,3,3,role_film,0.01,3225,519,12175,38400,300,6144000,0.125252898,2.07180380821,8.78565188032e-05,0.947265625,0.759402593598,2048,50,0.00364966699999,28057354.2738
development,aligned,11101,3,0,input_lora_rank2,0.01,3610,897,13327,38400,300,7372800,0.103625387001,2.0718536377,0,1,0.813163981773,2048,50,0.00257006399988,39843365.7701
development,aligned,11101,3,1,input_lora_rank2,0.01,3610,897,13327,38400,300,7372800,0.103625387001,2.07206916809,4.07306188777e-09,1,0.814870484406,2048,50,0.00257006399988,39843365.7701
development,aligned,11101,3,2,input_lora_rank2,0.01,3610,897,13327,38400,300,7372800,0.103625387001,2.07182121277,9.90770132603e-09,1,0.81200175453,2048,50,0.00257006399988,39843365.7701
development,aligned,11101,3,3,input_lora_rank2,0.01,3610,897,13327,38400,300,7372800,0.103625387001,2.07171607018,0,1,0.811893697595,2048,50,0.00257006399988,39843365.7701
development,aligned,11101,3,0,head_lora_rank2,0.01,3411,699,12751,38400,300,6758400,0.141131767999,2.0718536377,0,1,0.813163981773,2048,50,0.00197605200083,51820498.6291
development,aligned,11101,3,1,head_lora_rank2,0.01,3411,699,12751,38400,300,6758400,0.141131767999,2.07206916809,0,0.9990234375,0.813886449672,2048,50,0.00197605200083,51820498.6291
development,aligned,11101,3,2,head_lora_rank2,0.01,3411,699,12751,38400,300,6758400,0.141131767999,2.07182121277,7.15838588405e-09,1,0.812002752791,2048,50,0.00197605200083,51820498.6291
development,aligned,11101,3,3,head_lora_rank2,0.01,3411,699,12751,38400,300,6758400,0.141131767999,2.07171607018,1.47446388432e-10,1,0.811891628429,2048,50,0.00197605200083,51820498.6291
development,aligned,11101,3,0,full_role_head,0.01,4319,1608,12723,38400,300,9830400,0.0976513969981,2.0718536377,0,1,0.813163981773,2048,50,0.00175171400042,58457031.2137
development,aligned,11101,3,1,full_role_head,0.01,4319,1608,12723,38400,300,9830400,0.0976513969981,2.07206916809,2.13023376716e-09,1,0.814860100858,2048,50,0.00175171400042,58457031.2137
development,aligned,11101,3,2,full_role_head,0.01,4319,1608,12723,38400,300,9830400,0.0976513969981,2.07182121277,2.52724574601e-09,1,0.812011495465,2048,50,0.00175171400042,58457031.2137
development,aligned,11101,3,3,full_role_head,0.01,4319,1608,12723,38400,300,9830400,0.0976513969981,2.07171607018,1.2828021978e-10,1,0.811893713195,2048,50,0.00175171400042,58457031.2137
development,aligned,11101,3,0,vsa_sign,0.01,2990,285,5401,0,0,0,0,2.0718536377,0,1,0.813163981773,2048,50,0.00125662999926,81487788.8163
development,aligned,11101,3,1,vsa_sign,0.01,2990,285,5401,0,0,0,0,2.08331084251,0.0112418364733,0.1220703125,0.0471097007685,2048,50,0.00125662999926,81487788.8163
development,aligned,11101,3,2,vsa_sign,0.01,2990,285,5401,0,0,0,0,2.0898938179,0.018072752282,0.015625,0.157522401947,2048,50,0.00125662999926,81487788.8163
development,aligned,11101,3,3,vsa_sign,0.01,2990,285,5401,0,0,0,0,2.08853149414,0.0168152842671,0.0107421875,0.168872733469,2048,50,0.00125662999926,81487788.8163
development,aligned,11101,3,0,full_role_map,0.01,5839,3129,17331,38400,300,14745600,0.0951462000012,2.0718536377,0,1,0.813163981773,2048,50,0.00149930900079,68298129.3022
development,aligned,11101,3,1,full_role_map,0.01,5839,3129,17331,38400,300,14745600,0.0951462000012,2.07206916809,3.42597061831e-09,1,0.814860463142,2048,50,0.00149930900079,68298129.3022
development,aligned,11101,3,2,full_role_map,0.01,5839,3129,17331,38400,300,14745600,0.0951462000012,2.07182121277,0,1,0.812010762398,2048,50,0.00149930900079,68298129.3022
development,aligned,11101,3,3,full_role_map,0.01,5839,3129,17331,38400,300,14745600,0.0951462000012,2.07171607018,0,1,0.811893697595,2048,50,0.00149930900079,68298129.3022
development,aligned,11101,3,0,mirror_givens,0.01,2770,60,8243,38400,300,5222400,0.148388201997,2.0718536377,0,1,0.813163981773,2048,50,0.0101696210004,10069205.1352
development,aligned,11101,3,1,mirror_givens,0.01,2770,60,8243,38400,300,5222400,0.148388201997,2.07206916809,5.37464295292e-10,1,0.814860389801,2048,50,0.0101696210004,10069205.1352
development,aligned,11101,3,2,mirror_givens,0.01,2770,60,8243,38400,300,5222400,0.148388201997,2.07182121277,0,1,0.812010746216,2048,50,0.0101696210004,10069205.1352
development,aligned,11101,3,3,mirror_givens,0.01,2770,60,8243,38400,300,5222400,0.148388201997,2.07171607018,8.31811730606e-10,1,0.811893697595,2048,50,0.0101696210004,10069205.1352
development,aligned,11101,3,0,exact_teacher,0.01,2753,43,5145,0,0,0,0,2.0718536377,0,1,0.813163981773,2048,50,0.00798265300182,12827815.5115
development,aligned,11101,3,1,exact_teacher,0.01,2753,43,5145,0,0,0,0,2.07206916809,0,1,0.814860389801,2048,50,0.00798265300182,12827815.5115
development,aligned,11101,3,2,exact_teacher,0.01,2753,43,5145,0,0,0,0,2.07182121277,0,1,0.812010746216,2048,50,0.00798265300182,12827815.5115
development,aligned,11101,3,3,exact_teacher,0.01,2753,43,5145,0,0,0,0,2.07171607018,0,1,0.811893713195,2048,50,0.00798265300182,12827815.5115
development,aligned,11102,0,0,hard_tie,0.003,2705,0,4893,0,0,0,0,2.07302689552,0,1,0.821950378362,0,0,0,0
development,aligned,11102,0,0,role_add,0.003,2705,0,4893,0,0,0,0,2.07302689552,0,1,0.821950378362,0,0,0,0
development,aligned,11102,0,0,role_film,0.003,2706,0,4893,0,0,0,0,2.07302689552,0,1,0.821950378362,0,0,0,0
development,aligned,11102,0,0,input_lora_rank2,0.003,2713,0,4893,0,0,0,0,2.07302689552,0,1,0.821950378362,0,0,0,0
development,aligned,11102,0,0,head_lora_rank2,0.003,2712,0,4893,0,0,0,0,2.07302689552,0,1,0.821950378362,0,0,0,0
development,aligned,11102,0,0,full_role_head,0.003,2711,0,4893,0,0,0,0,2.07302689552,0,1,0.821950378362,0,0,0,0
development,aligned,11102,0,0,vsa_sign,0.003,2987,282,5401,0,0,0,0,2.07302689552,0,1,0.821950378362,0,0,0,0
development,aligned,11102,0,0,full_role_map,0.003,2710,0,4893,0,0,0,0,2.07302689552,0,1,0.821950378362,0,0,0,0
development,aligned,11102,0,0,mirror_givens,0.003,2710,0,4893,0,0,0,0,2.07302689552,0,1,0.821950378362,0,0,0,0
development,aligned,11102,0,0,exact_teacher,0.003,2750,40,5145,0,0,0,0,2.07302689552,0,1,0.821950378362,0,0,0,0
development,aligned,11102,1,0,hard_tie,0.003,2706,1,4893,0,0,0,0,2.07305312157,0,1,0.8220543036,0,0,0,0
development,aligned,11102,1,1,hard_tie,0.003,2706,1,4893,0,0,0,0,2.07319808006,2.06531658478e-05,0.9580078125,0.781132769305,0,0,0,0
development,aligned,11102,1,0,role_add,0.003,2785,80,6221,38400,300,5529600,0.117784814,2.07305312157,0,1,0.8220543036,0,0,0,0
development,aligned,11102,1,1,role_add,0.003,2785,80,6221,38400,300,5529600,0.117784814,2.07319903374,2.15681211557e-05,0.9560546875,0.779072122183,0,0,0,0
development,aligned,11102,1,0,role_film,0.003,2879,173,7295,38400,300,6144000,0.301359115998,2.07305312157,0,1,0.8220543036,0,0,0,0
development,aligned,11102,1,1,role_film,0.003,2879,173,7295,38400,300,6144000,0.301359115998,2.07321691513,3.96415998694e-05,0.955078125,0.777657246217,0,0,0,0
development,aligned,11102,1,0,input_lora_rank2,0.003,3012,299,7679,38400,300,7372800,0.140359987003,2.07305312157,0,1,0.8220543036,0,0,0,0
development,aligned,11102,1,1,input_lora_rank2,0.003,3012,299,7679,38400,300,7372800,0.140359987003,2.07317876816,1.35740936003e-06,0.9921875,0.815822250443,0,0,0,0
development,aligned,11102,1,0,head_lora_rank2,0.003,2945,233,7487,38400,300,6758400,0.0958826589995,2.07305312157,0,1,0.8220543036,0,0,0,0
development,aligned,11102,1,1,head_lora_rank2,0.003,2945,233,7487,38400,300,6758400,0.0958826589995,2.0731883049,1.09303628051e-05,0.9921875,0.815294650791,0,0,0,0
development,aligned,11102,1,0,full_role_head,0.003,3247,536,7565,38400,300,9830400,0.0924778629997,2.07305312157,0,1,0.8220543036,0,0,0,0
development,aligned,11102,1,1,full_role_head,0.003,3247,536,7565,38400,300,9830400,0.0924778629997,2.07317733765,0,1,0.823836698779,0,0,0,0
development,aligned,11102,1,0,vsa_sign,0.003,2988,283,5401,0,0,0,0,2.07305312157,0,1,0.8220543036,0,0,0,0
development,aligned,11102,1,1,vsa_sign,0.003,2988,283,5401,0,0,0,0,2.08159971237,0.00842235423625,0.234375,0.0687930267741,0,0,0,0
development,aligned,11102,1,0,full_role_map,0.003,3753,1043,9101,38400,300,14745600,0.204260847,2.07305312157,0,1,0.8220543036,0,0,0,0
development,aligned,11102,1,1,full_role_map,0.003,3753,1043,9101,38400,300,14745600,0.204260847,2.07317733765,0,1,0.823836751981,0,0,0,0
development,aligned,11102,1,0,mirror_givens,0.003,2730,20,6157,38400,300,5222400,0.150198430001,2.07305312157,0,1,0.8220543036,0,0,0,0
development,aligned,11102,1,1,mirror_givens,0.003,2730,20,6157,38400,300,5222400,0.150198430001,2.07317733765,7.87889253839e-10,1,0.823836698779,0,0,0,0
development,aligned,11102,1,0,exact_teacher,0.003,2751,41,5145,0,0,0,0,2.07305312157,0,1,0.8220543036,0,0,0,0
development,aligned,11102,1,1,exact_teacher,0.003,2751,41,5145,0,0,0,0,2.07317733765,0,1,0.823836698779,0,0,0,0
development,aligned,11102,2,0,hard_tie,0.003,2707,2,4893,0,0,0,0,2.07326006889,0,1,0.823303106241,0,0,0,0
development,aligned,11102,2,1,hard_tie,0.003,2707,2,4893,0,0,0,0,2.073117733,2.14318552025e-05,0.9501953125,0.772345195466,0,0,0,0
development,aligned,11102,2,2,hard_tie,0.003,2707,2,4893,0,0,0,0,2.07306456566,2.81172069663e-05,0.953125,0.775003839983,0,0,0,0
development,aligned,11102,2,0,role_add,0.003,2865,160,7359,38400,300,5529600,0.0966118259967,2.07326006889,0,1,0.823303106241,0,0,0,0
development,aligned,11102,2,1,role_add,0.003,2865,160,7359,38400,300,5529600,0.0966118259967,2.07311868668,2.24830546358e-05,0.9423828125,0.764426855079,0,0,0,0
development,aligned,11102,2,2,role_add,0.003,2865,160,7359,38400,300,5529600,0.0966118259967,2.07306742668,3.0610965041e-05,0.9501953125,0.771925450128,0,0,0,0
development,aligned,11102,2,0,role_film,0.003,3052,346,9767,38400,300,6144000,0.0986882389989,2.07326006889,0,1,0.823303106241,0,0,0,0
development,aligned,11102,2,1,role_film,0.003,3052,346,9767,38400,300,6144000,0.0986882389989,2.07313704491,4.11100336351e-05,0.9423828125,0.764030762482,0,0,0,0
development,aligned,11102,2,2,role_film,0.003,3052,346,9767,38400,300,6144000,0.0986882389989,2.07309031487,5.37734413228e-05,0.951171875,0.7731354516,0,0,0,0
development,aligned,11102,2,0,input_lora_rank2,0.003,3311,598,10535,38400,300,7372800,0.119766134001,2.07326006889,0,1,0.823303106241,0,0,0,0
development,aligned,11102,2,1,input_lora_rank2,0.003,3311,598,10535,38400,300,7372800,0.119766134001,2.07309746742,1.27274984152e-06,0.990234375,0.812929272361,0,0,0,0
development,aligned,11102,2,2,input_lora_rank2,0.003,3311,598,10535,38400,300,7372800,0.119766134001,2.07303762436,1.07510959424e-06,0.9921875,0.814905828913,0,0,0,0
development,aligned,11102,2,0,head_lora_rank2,0.003,3178,466,10151,38400,300,6758400,0.103958504998,2.07326006889,0,1,0.823303106241,0,0,0,0
development,aligned,11102,2,1,head_lora_rank2,0.003,3178,466,10151,38400,300,6758400,0.103958504998,2.07310724258,1.11246445158e-05,0.9873046875,0.809453177731,0,0,0,0
development,aligned,11102,2,2,head_lora_rank2,0.003,3178,466,10151,38400,300,6758400,0.103958504998,2.07303667068,2.93918063221e-08,1,0.822705217404,0,0,0,0
development,aligned,11102,2,0,full_role_head,0.003,3783,1072,10111,38400,300,9830400,0.0848709329985,2.07326006889,0,1,0.823303106241,0,0,0,0
development,aligned,11102,2,1,full_role_head,0.003,3783,1072,10111,38400,300,9830400,0.0848709329985,2.07309579849,0,1,0.82288276637,0,0,0,0
development,aligned,11102,2,2,full_role_head,0.003,3783,1072,10111,38400,300,9830400,0.0848709329985,2.07303667068,0,1,0.822716558352,0,0,0,0
development,aligned,11102,2,0,vsa_sign,0.003,2989,284,5401,0,0,0,0,2.07326006889,0,1,0.823303106241,0,0,0,0
development,aligned,11102,2,1,vsa_sign,0.003,2989,284,5401,0,0,0,0,2.08133506775,0.00823893677443,0.287109375,0.120214947965,0,0,0,0
development,aligned,11102,2,2,vsa_sign,0.003,2989,284,5401,0,0,0,0,2.09046983719,0.0174330957234,0,0.17386558326,0,0,0,0
development,aligned,11102,2,0,full_role_map,0.003,4796,2086,13183,38400,300,14745600,0.0799486120013,2.07326006889,0,1,0.823303106241,0,0,0,0
development,aligned,11102,2,1,full_role_map,0.003,4796,2086,13183,38400,300,14745600,0.0799486120013,2.07309579849,0,1,0.822882825974,0,0,0,0
development,aligned,11102,2,2,full_role_map,0.003,4796,2086,13183,38400,300,14745600,0.0799486120013,2.07303667068,0,1,0.822715740651,0,0,0,0
development,aligned,11102,2,0,mirror_givens,0.003,2750,40,7231,38400,300,5222400,0.131786083999,2.07326006889,0,1,0.823303106241,0,0,0,0
development,aligned,11102,2,1,mirror_givens,0.003,2750,40,7231,38400,300,5222400,0.131786083999,2.07309579849,0,1,0.82288276637,0,0,0,0
development,aligned,11102,2,2,mirror_givens,0.003,2750,40,7231,38400,300,5222400,0.131786083999,2.07303667068,7.23951676385e-10,1,0.822714491514,0,0,0,0
development,aligned,11102,2,0,exact_teacher,0.003,2752,42,5145,0,0,0,0,2.07326006889,0,1,0.823303106241,0,0,0,0
development,aligned,11102,2,1,exact_teacher,0.003,2752,42,5145,0,0,0,0,2.07309579849,0,1,0.82288276637,0,0,0,0
development,aligned,11102,2,2,exact_teacher,0.003,2752,42,5145,0,0,0,0,2.07303667068,0,1,0.822714491514,0,0,0,0
development,aligned,11102,3,0,hard_tie,0.003,2708,3,4893,0,0,0,0,2.07307124138,0,1,0.821818441153,2048,50,0.00159737099966,64105333.089
development,aligned,11102,3,1,hard_tie,0.003,2708,3,4893,0,0,0,0,2.07315206528,2.22273465624e-05,0.9521484375,0.774836906465,2048,50,0.00159737099966,64105333.089
development,aligned,11102,3,2,hard_tie,0.003,2708,3,4893,0,0,0,0,2.07300519943,2.99718267343e-05,0.9443359375,0.765872500895,2048,50,0.00159737099966,64105333.089
development,aligned,11102,3,3,hard_tie,0.003,2708,3,4893,0,0,0,0,2.07314300537,2.57068841165e-05,0.970703125,0.79244643834,2048,50,0.00159737099966,64105333.089
development,aligned,11102,3,0,role_add,0.003,2945,240,8627,38400,300,5529600,0.0940780980018,2.07307124138,0,1,0.821818441153,2048,50,0.00134511799843,76127150.2722
development,aligned,11102,3,1,role_add,0.003,2945,240,8627,38400,300,5529600,0.0940780980018,2.07315349579,2.33096980082e-05,0.9443359375,0.766912283143,2048,50,0.00134511799843,76127150.2722
development,aligned,11102,3,2,role_add,0.003,2945,240,8627,38400,300,5529600,0.0940780980018,2.07300806046,3.26982699335e-05,0.9375,0.75887912116,2048,50,0.00134511799843,76127150.2722
development,aligned,11102,3,3,role_add,0.003,2945,240,8627,38400,300,5529600,0.0940780980018,2.07314348221,2.63891270151e-05,0.9677734375,0.789552017581,2048,50,0.00134511799843,76127150.2722
development,aligned,11102,3,0,role_film,0.003,3225,519,12175,38400,300,6144000,0.106155117999,2.07307124138,0,1,0.821818441153,2048,50,0.00170831799915,59942001.4606
development,aligned,11102,3,1,role_film,0.003,3225,519,12175,38400,300,6144000,0.106155117999,2.07317280769,4.25548314524e-05,0.943359375,0.765539918619,2048,50,0.00170831799915,59942001.4606
development,aligned,11102,3,2,role_film,0.003,3225,519,12175,38400,300,6144000,0.106155117999,2.07303285599,5.79354091315e-05,0.94140625,0.763042655017,2048,50,0.00170831799915,59942001.4606
development,aligned,11102,3,3,role_film,0.003,3225,519,12175,38400,300,6144000,0.106155117999,2.07316303253,4.59561342723e-05,0.9775390625,0.800012384425,2048,50,0.00170831799915,59942001.4606
development,aligned,11102,3,0,input_lora_rank2,0.003,3610,897,13327,38400,300,7372800,0.101376471001,2.07307124138,0,1,0.821818441153,2048,50,0.00209329299832,48918140.0224
development,aligned,11102,3,1,input_lora_rank2,0.003,3610,897,13327,38400,300,7372800,0.101376471001,2.07313132286,1.30801629439e-06,0.9931640625,0.81635167927,2048,50,0.00209329299832,48918140.0224
development,aligned,11102,3,2,input_lora_rank2,0.003,3610,897,13327,38400,300,7372800,0.101376471001,2.07297635078,1.13898192922e-06,0.99609375,0.818374912138,2048,50,0.00209329299832,48918140.0224
development,aligned,11102,3,3,input_lora_rank2,0.003,3610,897,13327,38400,300,7372800,0.101376471001,2.07311940193,2.22859443966e-06,0.998046875,0.819489543734,2048,50,0.00209329299832,48918140.0224
development,aligned,11102,3,0,head_lora_rank2,0.003,3411,699,12751,38400,300,6758400,0.113870192003,2.07307124138,0,1,0.821818441153,2048,50,0.00235262199931,43525904.3017
development,aligned,11102,3,1,head_lora_rank2,0.003,3411,699,12751,38400,300,6758400,0.113870192003,2.07314133644,1.12777433969e-05,0.9912109375,0.813836306916,2048,50,0.00235262199931,43525904.3017
development,aligned,11102,3,2,head_lora_rank2,0.003,3411,699,12751,38400,300,6758400,0.113870192003,2.07297515869,2.77290705952e-08,1,0.822280991473,2048,50,0.00235262199931,43525904.3017
development,aligned,11102,3,3,head_lora_rank2,0.003,3411,699,12751,38400,300,6758400,0.113870192003,2.07312631607,8.89757393452e-06,0.9931640625,0.81459840358,2048,50,0.00235262199931,43525904.3017
development,aligned,11102,3,0,full_role_head,0.003,4319,1608,12723,38400,300,9830400,0.094453234,2.07307124138,0,1,0.821818441153,2048,50,0.00205482700039,49833878.9496
development,aligned,11102,3,1,full_role_head,0.003,4319,1608,12723,38400,300,9830400,0.094453234,2.07312989235,3.1956735036e-09,1,0.823362313677,2048,50,0.00205482700039,49833878.9496
development,aligned,11102,3,2,full_role_head,0.003,4319,1608,12723,38400,300,9830400,0.094453234,2.07297492027,0,1,0.82229226036,2048,50,0.00205482700039,49833878.9496
development,aligned,11102,3,3,full_role_head,0.003,4319,1608,12723,38400,300,9830400,0.094453234,2.07311725616,1.25392229933e-09,1,0.821187578375,2048,50,0.00205482700039,49833878.9496
development,aligned,11102,3,0,vsa_sign,0.003,2990,285,5401,0,0,0,0,2.07307124138,0,1,0.821818441153,2048,50,0.00205648499832,49793701.4292
development,aligned,11102,3,1,vsa_sign,0.003,2990,285,5401,0,0,0,0,2.08147096634,0.00834076292813,0.29296875,0.126126314513,2048,50,0.00205648499832,49793701.4292
development,aligned,11102,3,2,vsa_sign,0.003,2990,285,5401,0,0,0,0,2.09039068222,0.0174155104905,0,0.174760395661,2048,50,0.00205648499832,49793701.4292
development,aligned,11102,3,3,vsa_sign,0.003,2990,285,5401,0,0,0,0,2.08461308479,0.0114959031343,0.0029296875,0.169739779201,2048,50,0.00205648499832,49793701.4292
development,aligned,11102,3,0,full_role_map,0.003,5839,3129,17331,38400,300,14745600,0.0842744469992,2.07307124138,0,1,0.821818441153,2048,50,0.00176526900032,58008156.2536
development,aligned,11102,3,1,full_role_map,0.003,5839,3129,17331,38400,300,14745600,0.0842744469992,2.07313013077,5.24419485615e-09,1,0.823362313677,2048,50,0.00176526900032,58008156.2536
development,aligned,11102,3,2,full_role_map,0.003,5839,3129,17331,38400,300,14745600,0.0842744469992,2.07297492027,3.35953265207e-09,1,0.822290871409,2048,50,0.00176526900032,58008156.2536
development,aligned,11102,3,3,full_role_map,0.003,5839,3129,17331,38400,300,14745600,0.0842744469992,2.07311725616,4.86806683853e-09,1,0.821187528316,2048,50,0.00176526900032,58008156.2536
development,aligned,11102,3,0,mirror_givens,0.003,2770,60,8243,38400,300,5222400,0.131207627001,2.07307124138,0,1,0.821818441153,2048,50,0.00356084799932,28757194.9208
development,aligned,11102,3,1,mirror_givens,0.003,2770,60,8243,38400,300,5222400,0.131207627001,2.07313013077,1.02530672841e-09,1,0.823362305993,2048,50,0.00356084799932,28757194.9208
development,aligned,11102,3,2,mirror_givens,0.003,2770,60,8243,38400,300,5222400,0.131207627001,2.07297515869,7.84457498959e-10,1,0.822290589218,2048,50,0.00356084799932,28757194.9208
development,aligned,11102,3,3,mirror_givens,0.003,2770,60,8243,38400,300,5222400,0.131207627001,2.07311725616,3.89497811781e-09,1,0.821187578375,2048,50,0.00356084799932,28757194.9208
development,aligned,11102,3,0,exact_teacher,0.003,2753,43,5145,0,0,0,0,2.07307124138,0,1,0.821818441153,2048,50,0.00387855600275,26401578.3007
development,aligned,11102,3,1,exact_teacher,0.003,2753,43,5145,0,0,0,0,2.07313013077,0,1,0.823362305993,2048,50,0.00387855600275,26401578.3007
development,aligned,11102,3,2,exact_teacher,0.003,2753,43,5145,0,0,0,0,2.07297515869,0,1,0.822290589218,2048,50,0.00387855600275,26401578.3007
development,aligned,11102,3,3,exact_teacher,0.003,2753,43,5145,0,0,0,0,2.07311725616,0,1,0.821187578375,2048,50,0.00387855600275,26401578.3007
development,aligned,11102,0,0,hard_tie,0.01,2705,0,4893,0,0,0,0,2.07302689552,0,1,0.821950378362,0,0,0,0
development,aligned,11102,0,0,role_add,0.01,2705,0,4893,0,0,0,0,2.07302689552,0,1,0.821950378362,0,0,0,0
development,aligned,11102,0,0,role_film,0.01,2706,0,4893,0,0,0,0,2.07302689552,0,1,0.821950378362,0,0,0,0
development,aligned,11102,0,0,input_lora_rank2,0.01,2713,0,4893,0,0,0,0,2.07302689552,0,1,0.821950378362,0,0,0,0
development,aligned,11102,0,0,head_lora_rank2,0.01,2712,0,4893,0,0,0,0,2.07302689552,0,1,0.821950378362,0,0,0,0
development,aligned,11102,0,0,full_role_head,0.01,2711,0,4893,0,0,0,0,2.07302689552,0,1,0.821950378362,0,0,0,0
development,aligned,11102,0,0,vsa_sign,0.01,2987,282,5401,0,0,0,0,2.07302689552,0,1,0.821950378362,0,0,0,0
development,aligned,11102,0,0,full_role_map,0.01,2710,0,4893,0,0,0,0,2.07302689552,0,1,0.821950378362,0,0,0,0
development,aligned,11102,0,0,mirror_givens,0.01,2710,0,4893,0,0,0,0,2.07302689552,0,1,0.821950378362,0,0,0,0
development,aligned,11102,0,0,exact_teacher,0.01,2750,40,5145,0,0,0,0,2.07302689552,0,1,0.821950378362,0,0,0,0
development,aligned,11102,1,0,hard_tie,0.01,2706,1,4893,0,0,0,0,2.07305312157,0,1,0.8220543036,0,0,0,0
development,aligned,11102,1,1,hard_tie,0.01,2706,1,4893,0,0,0,0,2.07319808006,2.06531658478e-05,0.9580078125,0.781132769305,0,0,0,0
development,aligned,11102,1,0,role_add,0.01,2785,80,6221,38400,300,5529600,0.0771075820012,2.07305312157,0,1,0.8220543036,0,0,0,0
development,aligned,11102,1,1,role_add,0.01,2785,80,6221,38400,300,5529600,0.0771075820012,2.07319903374,2.15697345993e-05,0.9560546875,0.779072122183,0,0,0,0
development,aligned,11102,1,0,role_film,0.01,2879,173,7295,38400,300,6144000,0.128249177,2.07305312157,0,1,0.8220543036,0,0,0,0
development,aligned,11102,1,1,role_film,0.01,2879,173,7295,38400,300,6144000,0.128249177,2.07321691513,3.96431496483e-05,0.955078125,0.777657192666,0,0,0,0
development,aligned,11102,1,0,input_lora_rank2,0.01,3012,299,7679,38400,300,7372800,0.118955339,2.07305312157,0,1,0.8220543036,0,0,0,0
development,aligned,11102,1,1,input_lora_rank2,0.01,3012,299,7679,38400,300,7372800,0.118955339,2.07317733765,0,1,0.823836158379,0,0,0,0
development,aligned,11102,1,0,head_lora_rank2,0.01,2945,233,7487,38400,300,6758400,0.100448599998,2.07305312157,0,1,0.8220543036,0,0,0,0
development,aligned,11102,1,1,head_lora_rank2,0.01,2945,233,7487,38400,300,6758400,0.100448599998,2.07317781448,2.82499200921e-07,0.9990234375,0.822737268754,0,0,0,0
development,aligned,11102,1,0,full_role_head,0.01,3247,536,7565,38400,300,9830400,0.0812064519996,2.07305312157,0,1,0.8220543036,0,0,0,0
development,aligned,11102,1,1,full_role_head,0.01,3247,536,7565,38400,300,9830400,0.0812064519996,2.07317733765,0,1,0.823836692376,0,0,0,0
development,aligned,11102,1,0,vsa_sign,0.01,2988,283,5401,0,0,0,0,2.07305312157,0,1,0.8220543036,0,0,0,0
development,aligned,11102,1,1,vsa_sign,0.01,2988,283,5401,0,0,0,0,2.08159971237,0.00842235423625,0.234375,0.0687930267741,0,0,0,0
development,aligned,11102,1,0,full_role_map,0.01,3753,1043,9101,38400,300,14745600,0.0893204050008,2.07305312157,0,1,0.8220543036,0,0,0,0
development,aligned,11102,1,1,full_role_map,0.01,3753,1043,9101,38400,300,14745600,0.0893204050008,2.07317733765,0,1,0.823836751981,0,0,0,0
development,aligned,11102,1,0,mirror_givens,0.01,2730,20,6157,38400,300,5222400,0.141554229001,2.07305312157,0,1,0.8220543036,0,0,0,0
development,aligned,11102,1,1,mirror_givens,0.01,2730,20,6157,38400,300,5222400,0.141554229001,2.07317733765,2.00696970154e-09,1,0.823836692376,0,0,0,0
development,aligned,11102,1,0,exact_teacher,0.01,2751,41,5145,0,0,0,0,2.07305312157,0,1,0.8220543036,0,0,0,0
development,aligned,11102,1,1,exact_teacher,0.01,2751,41,5145,0,0,0,0,2.07317733765,0,1,0.823836698779,0,0,0,0
development,aligned,11102,2,0,hard_tie,0.01,2707,2,4893,0,0,0,0,2.07326006889,0,1,0.823303106241,0,0,0,0
development,aligned,11102,2,1,hard_tie,0.01,2707,2,4893,0,0,0,0,2.073117733,2.14318552025e-05,0.9501953125,0.772345195466,0,0,0,0
development,aligned,11102,2,2,hard_tie,0.01,2707,2,4893,0,0,0,0,2.07306456566,2.81172069663e-05,0.953125,0.775003839983,0,0,0,0
development,aligned,11102,2,0,role_add,0.01,2865,160,7359,38400,300,5529600,0.10130667,2.07326006889,0,1,0.823303106241,0,0,0,0
development,aligned,11102,2,1,role_add,0.01,2865,160,7359,38400,300,5529600,0.10130667,2.07311868668,2.24844752665e-05,0.9423828125,0.764426862239,0,0,0,0
development,aligned,11102,2,2,role_add,0.01,2865,160,7359,38400,300,5529600,0.10130667,2.07306742668,3.06110305246e-05,0.9501953125,0.771925450128,0,0,0,0
development,aligned,11102,2,0,role_film,0.01,3052,346,9767,38400,300,6144000,0.102205391999,2.07326006889,0,1,0.823303106241,0,0,0,0
development,aligned,11102,2,1,role_film,0.01,3052,346,9767,38400,300,6144000,0.102205391999,2.07313704491,4.11084074585e-05,0.9423828125,0.764030769409,0,0,0,0
development,aligned,11102,2,2,role_film,0.01,3052,346,9767,38400,300,6144000,0.102205391999,2.07309031487,5.37749838259e-05,0.951171875,0.7731354516,0,0,0,0
development,aligned,11102,2,0,input_lora_rank2,0.01,3311,598,10535,38400,300,7372800,0.111161061999,2.07326006889,0,1,0.823303106241,0,0,0,0
development,aligned,11102,2,1,input_lora_rank2,0.01,3311,598,10535,38400,300,7372800,0.111161061999,2.07309579849,0,1,0.822882184177,0,0,0,0
development,aligned,11102,2,2,input_lora_rank2,0.01,3311,598,10535,38400,300,7372800,0.111161061999,2.07303667068,3.8727332452e-09,1,0.82272316562,0,0,0,0
development,aligned,11102,2,0,head_lora_rank2,0.01,3178,466,10151,38400,300,6758400,0.108691343998,2.07326006889,0,1,0.823303106241,0,0,0,0
development,aligned,11102,2,1,head_lora_rank2,0.01,3178,466,10151,38400,300,6758400,0.108691343998,2.07309627533,2.6811716225e-07,0.9951171875,0.817881118623,0,0,0,0
development,aligned,11102,2,2,head_lora_rank2,0.01,3178,466,10151,38400,300,6758400,0.108691343998,2.07303667068,0,1,0.822716042399,0,0,0,0
development,aligned,11102,2,0,full_role_head,0.01,3783,1072,10111,38400,300,9830400,0.0893185620007,2.07326006889,0,1,0.823303106241,0,0,0,0
development,aligned,11102,2,1,full_role_head,0.01,3783,1072,10111,38400,300,9830400,0.0893185620007,2.07309579849,0,1,0.822882758977,0,0,0,0
development,aligned,11102,2,2,full_role_head,0.01,3783,1072,10111,38400,300,9830400,0.0893185620007,2.07303667068,0,1,0.822714498267,0,0,0,0
development,aligned,11102,2,0,vsa_sign,0.01,2989,284,5401,0,0,0,0,2.07326006889,0,1,0.823303106241,0,0,0,0
development,aligned,11102,2,1,vsa_sign,0.01,2989,284,5401,0,0,0,0,2.08133506775,0.00823893677443,0.287109375,0.120214947965,0,0,0,0
development,aligned,11102,2,2,vsa_sign,0.01,2989,284,5401,0,0,0,0,2.09046983719,0.0174330957234,0,0.17386558326,0,0,0,0
development,aligned,11102,2,0,full_role_map,0.01,4796,2086,13183,38400,300,14745600,0.0859550919995,2.07326006889,0,1,0.823303106241,0,0,0,0
development,aligned,11102,2,1,full_role_map,0.01,4796,2086,13183,38400,300,14745600,0.0859550919995,2.07309579849,0,1,0.822882818582,0,0,0,0
development,aligned,11102,2,2,full_role_map,0.01,4796,2086,13183,38400,300,14745600,0.0859550919995,2.07303667068,0,1,0.822714530863,0,0,0,0
development,aligned,11102,2,0,mirror_givens,0.01,2750,40,7231,38400,300,5222400,0.128165713999,2.07326006889,0,1,0.823303106241,0,0,0,0
development,aligned,11102,2,1,mirror_givens,0.01,2750,40,7231,38400,300,5222400,0.128165713999,2.07309579849,0,1,0.82288276637,0,0,0,0
development,aligned,11102,2,2,mirror_givens,0.01,2750,40,7231,38400,300,5222400,0.128165713999,2.07303667068,7.87260479029e-10,1,0.822714491514,0,0,0,0
development,aligned,11102,2,0,exact_teacher,0.01,2752,42,5145,0,0,0,0,2.07326006889,0,1,0.823303106241,0,0,0,0
development,aligned,11102,2,1,exact_teacher,0.01,2752,42,5145,0,0,0,0,2.07309579849,0,1,0.82288276637,0,0,0,0
development,aligned,11102,2,2,exact_teacher,0.01,2752,42,5145,0,0,0,0,2.07303667068,0,1,0.822714491514,0,0,0,0
development,aligned,11102,3,0,hard_tie,0.01,2708,3,4893,0,0,0,0,2.07307124138,0,1,0.821818441153,2048,50,0.00127796699962,80127264.6556
development,aligned,11102,3,1,hard_tie,0.01,2708,3,4893,0,0,0,0,2.07315206528,2.22273465624e-05,0.9521484375,0.774836906465,2048,50,0.00127796699962,80127264.6556
development,aligned,11102,3,2,hard_tie,0.01,2708,3,4893,0,0,0,0,2.07300519943,2.99718267343e-05,0.9443359375,0.765872500895,2048,50,0.00127796699962,80127264.6556
development,aligned,11102,3,3,hard_tie,0.01,2708,3,4893,0,0,0,0,2.07314300537,2.57068841165e-05,0.970703125,0.79244643834,2048,50,0.00127796699962,80127264.6556
development,aligned,11102,3,0,role_add,0.01,2945,240,8627,38400,300,5529600,0.0939146150013,2.07307124138,0,1,0.821818441153,2048,50,0.00158567499966,64578176.5002
development,aligned,11102,3,1,role_add,0.01,2945,240,8627,38400,300,5529600,0.0939146150013,2.07315349579,2.33071841649e-05,0.9443359375,0.766912283143,2048,50,0.00158567499966,64578176.5002
development,aligned,11102,3,2,role_add,0.01,2945,240,8627,38400,300,5529600,0.0939146150013,2.07300806046,3.27004599967e-05,0.9375,0.75887912116,2048,50,0.00158567499966,64578176.5002
development,aligned,11102,3,3,role_add,0.01,2945,240,8627,38400,300,5529600,0.0939146150013,2.07314348221,2.63887050096e-05,0.9677734375,0.789552017581,2048,50,0.00158567499966,64578176.5002
development,aligned,11102,3,0,role_film,0.01,3225,519,12175,38400,300,6144000,0.133291217,2.07307124138,0,1,0.821818441153,2048,50,0.00164514200151,62243867.0377
development,aligned,11102,3,1,role_film,0.01,3225,519,12175,38400,300,6144000,0.133291217,2.07317256927,4.25540711149e-05,0.943359375,0.765539971064,2048,50,0.00164514200151,62243867.0377
development,aligned,11102,3,2,role_film,0.01,3225,519,12175,38400,300,6144000,0.133291217,2.07303309441,5.79351035412e-05,0.94140625,0.763042655017,2048,50,0.00164514200151,62243867.0377
development,aligned,11102,3,3,role_film,0.01,3225,519,12175,38400,300,6144000,0.133291217,2.07316303253,4.59552902612e-05,0.9775390625,0.800012384425,2048,50,0.00164514200151,62243867.0377
development,aligned,11102,3,0,input_lora_rank2,0.01,3610,897,13327,38400,300,7372800,0.111879600001,2.07307124138,0,1,0.821818441153,2048,50,0.00197485099852,51852013.178
development,aligned,11102,3,1,input_lora_rank2,0.01,3610,897,13327,38400,300,7372800,0.111879600001,2.07313013077,7.01407643078e-09,1,0.823361736722,2048,50,0.00197485099852,51852013.178
development,aligned,11102,3,2,input_lora_rank2,0.01,3610,897,13327,38400,300,7372800,0.111879600001,2.07297492027,8.15764344964e-09,1,0.822298960644,2048,50,0.00197485099852,51852013.178
development,aligned,11102,3,3,input_lora_rank2,0.01,3610,897,13327,38400,300,7372800,0.111879600001,2.07311725616,8.10783795657e-09,1,0.82117418386,2048,50,0.00197485099852,51852013.178
development,aligned,11102,3,0,head_lora_rank2,0.01,3411,699,12751,38400,300,6758400,0.0928195369997,2.07307124138,0,1,0.821818441153,2048,50,0.00259431900122,39470859.1935
development,aligned,11102,3,1,head_lora_rank2,0.01,3411,699,12751,38400,300,6758400,0.0928195369997,2.07313036919,2.83251893052e-07,0.9990234375,0.822263664333,2048,50,0.00259431900122,39470859.1935
development,aligned,11102,3,2,head_lora_rank2,0.01,3411,699,12751,38400,300,6758400,0.0928195369997,2.07297492027,3.85985865492e-09,1,0.822291999706,2048,50,0.00259431900122,39470859.1935
development,aligned,11102,3,3,head_lora_rank2,0.01,3411,699,12751,38400,300,6758400,0.0928195369997,2.07311725616,1.63224544991e-08,1,0.821161160944,2048,50,0.00259431900122,39470859.1935
development,aligned,11102,3,0,full_role_head,0.01,4319,1608,12723,38400,300,9830400,0.104528166001,2.07307124138,0,1,0.821818441153,2048,50,0.0019486400015,52549470.3594
development,aligned,11102,3,1,full_role_head,0.01,4319,1608,12723,38400,300,9830400,0.104528166001,2.07313013077,5.9743943126e-09,1,0.823362305993,2048,50,0.0019486400015,52549470.3594
development,aligned,11102,3,2,full_role_head,0.01,4319,1608,12723,38400,300,9830400,0.104528166001,2.07297515869,0,1,0.822290589218,2048,50,0.0019486400015,52549470.3594
development,aligned,11102,3,3,full_role_head,0.01,4319,1608,12723,38400,300,9830400,0.104528166001,2.07311725616,1.67394342832e-09,1,0.821186211891,2048,50,0.0019486400015,52549470.3594
development,aligned,11102,3,0,vsa_sign,0.01,2990,285,5401,0,0,0,0,2.07307124138,0,1,0.821818441153,2048,50,0.012251832999,8357933.05444
development,aligned,11102,3,1,vsa_sign,0.01,2990,285,5401,0,0,0,0,2.08147096634,0.00834076292813,0.29296875,0.126126314513,2048,50,0.012251832999,8357933.05444
development,aligned,11102,3,2,vsa_sign,0.01,2990,285,5401,0,0,0,0,2.09039068222,0.0174155104905,0,0.174760395661,2048,50,0.012251832999,8357933.05444
development,aligned,11102,3,3,vsa_sign,0.01,2990,285,5401,0,0,0,0,2.08461308479,0.0114959031343,0.0029296875,0.169739779201,2048,50,0.012251832999,8357933.05444
development,aligned,11102,3,0,full_role_map,0.01,5839,3129,17331,38400,300,14745600,0.110227786001,2.07307124138,0,1,0.821818441153,2048,50,0.00160546999905,63781945.5117
development,aligned,11102,3,1,full_role_map,0.01,5839,3129,17331,38400,300,14745600,0.110227786001,2.07313013077,4.9924810952e-09,1,0.823362365598,2048,50,0.00160546999905,63781945.5117
development,aligned,11102,3,2,full_role_map,0.01,5839,3129,17331,38400,300,14745600,0.110227786001,2.07297492027,1.05165209874e-10,1,0.822290615761,2048,50,0.00160546999905,63781945.5117
development,aligned,11102,3,3,full_role_map,0.01,5839,3129,17331,38400,300,14745600,0.110227786001,2.07311725616,2.51591192324e-09,1,0.821187563008,2048,50,0.00160546999905,63781945.5117
development,aligned,11102,3,0,mirror_givens,0.01,2770,60,8243,38400,300,5222400,0.192065354,2.07307124138,0,1,0.821818441153,2048,50,0.00415758700183,24629670.9979
development,aligned,11102,3,1,mirror_givens,0.01,2770,60,8243,38400,300,5222400,0.192065354,2.07313013077,0,1,0.823362305993,2048,50,0.00415758700183,24629670.9979
development,aligned,11102,3,2,mirror_givens,0.01,2770,60,8243,38400,300,5222400,0.192065354,2.07297515869,5.9524596363e-10,1,0.822290589218,2048,50,0.00415758700183,24629670.9979
development,aligned,11102,3,3,mirror_givens,0.01,2770,60,8243,38400,300,5222400,0.192065354,2.07311725616,3.07228864571e-09,1,0.821187578375,2048,50,0.00415758700183,24629670.9979
development,aligned,11102,3,0,exact_teacher,0.01,2753,43,5145,0,0,0,0,2.07307124138,0,1,0.821818441153,2048,50,0.00418381899726,24475246.1966
development,aligned,11102,3,1,exact_teacher,0.01,2753,43,5145,0,0,0,0,2.07313013077,0,1,0.823362305993,2048,50,0.00418381899726,24475246.1966
development,aligned,11102,3,2,exact_teacher,0.01,2753,43,5145,0,0,0,0,2.07297515869,0,1,0.822290589218,2048,50,0.00418381899726,24475246.1966
development,aligned,11102,3,3,exact_teacher,0.01,2753,43,5145,0,0,0,0,2.07311725616,0,1,0.821187578375,2048,50,0.00418381899726,24475246.1966
development,independent,11101,0,0,hard_tie,0.003,2705,0,4893,0,0,0,0,2.07195544243,0,1,0.814147758589,0,0,0,0
development,independent,11101,0,0,role_add,0.003,2705,0,4893,0,0,0,0,2.07195544243,0,1,0.814147758589,0,0,0,0
development,independent,11101,0,0,role_film,0.003,2706,0,4893,0,0,0,0,2.07195544243,0,1,0.814147758589,0,0,0,0
development,independent,11101,0,0,input_lora_rank2,0.003,2713,0,4893,0,0,0,0,2.07195544243,0,1,0.814147758589,0,0,0,0
development,independent,11101,0,0,head_lora_rank2,0.003,2712,0,4893,0,0,0,0,2.07195544243,0,1,0.814147758589,0,0,0,0
development,independent,11101,0,0,full_role_head,0.003,2711,0,4893,0,0,0,0,2.07195544243,0,1,0.814147758589,0,0,0,0
development,independent,11101,0,0,vsa_sign,0.003,2987,282,5401,0,0,0,0,2.07195544243,0,1,0.814147758589,0,0,0,0
development,independent,11101,0,0,full_role_map,0.003,2710,0,4893,0,0,0,0,2.07195544243,0,1,0.814147758589,0,0,0,0
development,independent,11101,0,0,mirror_givens,0.003,2710,0,4893,0,0,0,0,2.07195544243,0,1,0.814147758589,0,0,0,0
development,independent,11101,0,0,exact_teacher,0.003,6832,4122,9241,0,0,0,0,2.07195544243,0,1,0.814147758589,0,0,0,0
development,independent,11101,1,0,hard_tie,0.003,2706,1,4893,0,0,0,0,2.0719101429,0,1,0.814342566184,0,0,0,0
development,independent,11101,1,1,hard_tie,0.003,2706,1,4893,0,0,0,0,2.08666968346,0.0127144474536,0.01171875,0.173383207875,0,0,0,0
development,independent,11101,1,0,role_add,0.003,2785,80,6221,38400,300,5529600,0.144635355999,2.0719101429,0,1,0.814342566184,0,0,0,0
development,independent,11101,1,1,role_add,0.003,2785,80,6221,38400,300,5529600,0.144635355999,2.08825159073,0.0142960539088,0.0126953125,0.17669266359,0,0,0,0
development,independent,11101,1,0,role_film,0.003,2879,173,7295,38400,300,6144000,0.124274025999,2.0719101429,0,1,0.814342566184,0,0,0,0
development,independent,11101,1,1,role_film,0.003,2879,173,7295,38400,300,6144000,0.124274025999,2.080047369,0.00609202776104,0.037109375,0.111701488495,0,0,0,0
development,independent,11101,1,0,input_lora_rank2,0.003,3012,299,7679,38400,300,7372800,0.107595895002,2.0719101429,0,1,0.814342566184,0,0,0,0
development,independent,11101,1,1,input_lora_rank2,0.003,3012,299,7679,38400,300,7372800,0.107595895002,2.08442974091,0.0104744080454,0.01171875,0.169994899188,0,0,0,0
development,independent,11101,1,0,head_lora_rank2,0.003,2945,233,7487,38400,300,6758400,0.101384879999,2.0719101429,0,1,0.814342566184,0,0,0,0
development,independent,11101,1,1,head_lora_rank2,0.003,2945,233,7487,38400,300,6758400,0.101384879999,2.08207607269,0.00812086649239,0.0126953125,0.153861671686,0,0,0,0
development,independent,11101,1,0,full_role_head,0.003,3247,536,7565,38400,300,9830400,0.0978137400016,2.0719101429,0,1,0.814342566184,0,0,0,0
development,independent,11101,1,1,full_role_head,0.003,3247,536,7565,38400,300,9830400,0.0978137400016,2.07505393028,0.00109860941302,0.501953125,0.335280908097,0,0,0,0
development,independent,11101,1,0,vsa_sign,0.003,2988,283,5401,0,0,0,0,2.0719101429,0,1,0.814342566184,0,0,0,0
development,independent,11101,1,1,vsa_sign,0.003,2988,283,5401,0,0,0,0,2.08555841446,0.0116028590128,0.212890625,0.0476508052961,0,0,0,0
development,independent,11101,1,0,full_role_map,0.003,3753,1043,9101,38400,300,14745600,0.0961583079988,2.0719101429,0,1,0.814342566184,0,0,0,0
development,independent,11101,1,1,full_role_map,0.003,3753,1043,9101,38400,300,14745600,0.0961583079988,2.07473087311,0.000775484426413,0.6435546875,0.480915129185,0,0,0,0
development,independent,11101,1,0,mirror_givens,0.003,2730,20,6157,38400,300,5222400,0.150212608001,2.0719101429,0,1,0.814342566184,0,0,0,0
development,independent,11101,1,1,mirror_givens,0.003,2730,20,6157,38400,300,5222400,0.150212608001,2.08664774895,0.0126924868673,0.01171875,0.173427987553,0,0,0,0
development,independent,11101,1,0,exact_teacher,0.003,6833,4123,9241,0,0,0,0,2.0719101429,0,1,0.814342566184,0,0,0,0
development,independent,11101,1,1,exact_teacher,0.003,6833,4123,9241,0,0,0,0,2.07395553589,0,1,0.830897922511,0,0,0,0
development,independent,11101,2,0,hard_tie,0.003,2707,2,4893,0,0,0,0,2.07179880142,0,1,0.813177215343,0,0,0,0
development,independent,11101,2,1,hard_tie,0.003,2707,2,4893,0,0,0,0,2.08700418472,0.0129858301952,0.0068359375,0.178070278489,0,0,0,0
development,independent,11101,2,2,hard_tie,0.003,2707,2,4893,0,0,0,0,2.08788943291,0.0132188666612,0.0322265625,0.155627349792,0,0,0,0
development,independent,11101,2,0,role_add,0.003,2865,160,7359,38400,300,5529600,0.0840065820012,2.07179880142,0,1,0.813177215343,0,0,0,0
development,independent,11101,2,1,role_add,0.003,2865,160,7359,38400,300,5529600,0.0840065820012,2.08872151375,0.0147033780813,0.0078125,0.181493762968,0,0,0,0
development,independent,11101,2,2,role_add,0.003,2865,160,7359,38400,300,5529600,0.0840065820012,2.08812046051,0.0134498886764,0,0.186824561868,0,0,0,0
development,independent,11101,2,0,role_film,0.003,3052,346,9767,38400,300,6144000,0.103269544001,2.07179880142,0,1,0.813177215343,0,0,0,0
development,independent,11101,2,1,role_film,0.003,3052,346,9767,38400,300,6144000,0.103269544001,2.08016061783,0.00614244677126,0.0390625,0.109776362777,0,0,0,0
development,independent,11101,2,2,role_film,0.003,3052,346,9767,38400,300,6144000,0.103269544001,2.08100986481,0.00633943872526,0,0.147880166769,0,0,0,0
development,independent,11101,2,0,input_lora_rank2,0.003,3311,598,10535,38400,300,7372800,0.111887757001,2.07179880142,0,1,0.813177215343,0,0,0,0
development,independent,11101,2,1,input_lora_rank2,0.003,3311,598,10535,38400,300,7372800,0.111887757001,2.0846092701,0.0105910338461,0.0068359375,0.174018634265,0,0,0,0
development,independent,11101,2,2,input_lora_rank2,0.003,3311,598,10535,38400,300,7372800,0.111887757001,2.08044457436,0.00577418273315,0.0126953125,0.148576045583,0,0,0,0
development,independent,11101,2,0,head_lora_rank2,0.003,3178,466,10151,38400,300,6758400,0.187570835998,2.07179880142,0,1,0.813177215343,0,0,0,0
development,independent,11101,2,1,head_lora_rank2,0.003,3178,466,10151,38400,300,6758400,0.187570835998,2.08237123489,0.00835302472115,0.0087890625,0.157968752275,0,0,0,0
development,independent,11101,2,2,head_lora_rank2,0.003,3178,466,10151,38400,300,6758400,0.187570835998,2.08041644096,0.00574598787352,0.0087890625,0.153140905037,0,0,0,0
development,independent,11101,2,0,full_role_head,0.003,3783,1072,10111,38400,300,9830400,0.114441767,2.07179880142,0,1,0.813177215343,0,0,0,0
development,independent,11101,2,1,full_role_head,0.003,3783,1072,10111,38400,300,9830400,0.114441767,2.07524061203,0.00122265645768,0.4951171875,0.329233609489,0,0,0,0
development,independent,11101,2,2,full_role_head,0.003,3783,1072,10111,38400,300,9830400,0.114441767,2.07496261597,0.000292039447231,0.9248046875,0.764186382294,0,0,0,0
development,independent,11101,2,0,vsa_sign,0.003,2989,284,5401,0,0,0,0,2.07179880142,0,1,0.813177215343,0,0,0,0
development,independent,11101,2,1,vsa_sign,0.003,2989,284,5401,0,0,0,0,2.08531856537,0.0113002695143,0.2138671875,0.04921961113,0,0,0,0
development,independent,11101,2,2,vsa_sign,0.003,2989,284,5401,0,0,0,0,2.08695626259,0.0122857838869,0.029296875,0.144371853035,0,0,0,0
development,independent,11101,2,0,full_role_map,0.003,4796,2086,13183,38400,300,14745600,0.148639065999,2.07179880142,0,1,0.813177215343,0,0,0,0
development,independent,11101,2,1,full_role_map,0.003,4796,2086,13183,38400,300,14745600,0.148639065999,2.07486534119,0.00084708497161,0.609375,0.447003781796,0,0,0,0
development,independent,11101,2,2,full_role_map,0.003,4796,2086,13183,38400,300,14745600,0.148639065999,2.07490992546,0.00023933860939,0.888671875,0.72488373518,0,0,0,0
development,independent,11101,2,0,mirror_givens,0.003,2750,40,7231,38400,300,5222400,0.147430875997,2.07179880142,0,1,0.813177215343,0,0,0,0
development,independent,11101,2,1,mirror_givens,0.003,2750,40,7231,38400,300,5222400,0.147430875997,2.08697772026,0.0129595240578,0.0068359375,0.178098896227,0,0,0,0
development,independent,11101,2,2,mirror_givens,0.003,2750,40,7231,38400,300,5222400,0.147430875997,2.08914852142,0.0144781600684,0.078125,0.10959953603,0,0,0,0
development,independent,11101,2,0,exact_teacher,0.003,6834,4124,9241,0,0,0,0,2.07179880142,0,1,0.813177215343,0,0,0,0
development,independent,11101,2,1,exact_teacher,0.003,6834,4124,9241,0,0,0,0,2.07401823997,0,1,0.830470466637,0,0,0,0
development,independent,11101,2,2,exact_teacher,0.003,6834,4124,9241,0,0,0,0,2.07467055321,0,1,0.834635972977,0,0,0,0
development,independent,11101,3,0,hard_tie,0.003,2708,3,4893,0,0,0,0,2.0718536377,0,1,0.813163981773,2048,50,0.00130501199965,78466711.4384
development,independent,11101,3,1,hard_tie,0.003,2708,3,4893,0,0,0,0,2.08697628975,0.013014622964,0.013671875,0.171421992825,2048,50,0.00130501199965,78466711.4384
development,independent,11101,3,2,hard_tie,0.003,2708,3,4893,0,0,0,0,2.08798122406,0.0132539486513,0.0478515625,0.139400881744,2048,50,0.00130501199965,78466711.4384
development,independent,11101,3,3,hard_tie,0.003,2708,3,4893,0,0,0,0,2.08966398239,0.0165508259088,0.125,0.0669450676942,2048,50,0.00130501199965,78466711.4384
development,independent,11101,3,0,role_add,0.003,2945,240,8627,38400,300,5529600,0.079873232,2.0718536377,0,1,0.813163981773,2048,50,0.00138582599902,73890950.2868
development,independent,11101,3,1,role_add,0.003,2945,240,8627,38400,300,5529600,0.079873232,2.08863687515,0.0146751645952,0.0166015625,0.172747771547,2048,50,0.00138582599902,73890950.2868
development,independent,11101,3,2,role_add,0.003,2945,240,8627,38400,300,5529600,0.079873232,2.08834338188,0.0136162098497,0.0009765625,0.185248304086,2048,50,0.00138582599902,73890950.2868
development,independent,11101,3,3,role_add,0.003,2945,240,8627,38400,300,5529600,0.079873232,2.09135961533,0.0182462073863,0.078125,0.109276936011,2048,50,0.00138582599902,73890950.2868
development,independent,11101,3,0,role_film,0.003,3225,519,12175,38400,300,6144000,0.0968363549982,2.0718536377,0,1,0.813163981773,2048,50,0.00186559199938,54888743.109
development,independent,11101,3,1,role_film,0.003,3225,519,12175,38400,300,6144000,0.0968363549982,2.08011341095,0.0061519718729,0.056640625,0.0920758843422,2048,50,0.00186559199938,54888743.109
development,independent,11101,3,2,role_film,0.003,3225,519,12175,38400,300,6144000,0.0968363549982,2.08111166954,0.0063846888952,0,0.147490173578,2048,50,0.00186559199938,54888743.109
development,independent,11101,3,3,role_film,0.003,3225,519,12175,38400,300,6144000,0.0968363549982,2.08113503456,0.00802185479552,0,0.145828917623,2048,50,0.00186559199938,54888743.109
development,independent,11101,3,0,input_lora_rank2,0.003,3610,897,13327,38400,300,7372800,0.110240860002,2.0718536377,0,1,0.813163981773,2048,50,0.0023026050003,44471370.4638
development,independent,11101,3,1,input_lora_rank2,0.003,3610,897,13327,38400,300,7372800,0.110240860002,2.08456492424,0.0106032323092,0.013671875,0.167423770647,2048,50,0.0023026050003,44471370.4638
development,independent,11101,3,2,input_lora_rank2,0.003,3610,897,13327,38400,300,7372800,0.110240860002,2.08063673973,0.00590957840905,0.017578125,0.143451734926,2048,50,0.0023026050003,44471370.4638
development,independent,11101,3,3,input_lora_rank2,0.003,3610,897,13327,38400,300,7372800,0.110240860002,2.08480620384,0.0116926841438,0.03515625,0.1272213107,2048,50,0.0023026050003,44471370.4638
development,independent,11101,3,0,head_lora_rank2,0.003,3411,699,12751,38400,300,6758400,0.159956298998,2.0718536377,0,1,0.813163981773,2048,50,0.00301608800146,33951264.005
development,independent,11101,3,1,head_lora_rank2,0.003,3411,699,12751,38400,300,6758400,0.159956298998,2.08229255676,0.00833104923367,0.0146484375,0.152226999402,2048,50,0.00301608800146,33951264.005
development,independent,11101,3,2,head_lora_rank2,0.003,3411,699,12751,38400,300,6758400,0.159956298998,2.08057880402,0.00585157424211,0.0107421875,0.151284206921,2048,50,0.00301608800146,33951264.005
development,independent,11101,3,3,head_lora_rank2,0.003,3411,699,12751,38400,300,6758400,0.159956298998,2.08497190475,0.0118586216122,0.0556640625,0.116975075536,2048,50,0.00301608800146,33951264.005
development,independent,11101,3,0,full_role_head,0.003,4319,1608,12723,38400,300,9830400,0.146305630999,2.0718536377,0,1,0.813163981773,2048,50,0.00163321599757,62698381.6912
development,independent,11101,3,1,full_role_head,0.003,4319,1608,12723,38400,300,9830400,0.146305630999,2.07517814636,0.00121670553926,0.490234375,0.324072731659,2048,50,0.00163321599757,62698381.6912
development,independent,11101,3,2,full_role_head,0.003,4319,1608,12723,38400,300,9830400,0.146305630999,2.0750002861,0.000273212004686,0.93359375,0.772933900356,2048,50,0.00163321599757,62698381.6912
development,independent,11101,3,3,full_role_head,0.003,4319,1608,12723,38400,300,9830400,0.146305630999,2.07402944565,0.000916020944715,0.685546875,0.51775665395,2048,50,0.00163321599757,62698381.6912
development,independent,11101,3,0,vsa_sign,0.003,2990,285,5401,0,0,0,0,2.0718536377,0,1,0.813163981773,2048,50,0.00144670599911,70781485.708
development,independent,11101,3,1,vsa_sign,0.003,2990,285,5401,0,0,0,0,2.08545041084,0.0114884497598,0.2265625,0.0621346501866,2048,50,0.00144670599911,70781485.708
development,independent,11101,3,2,vsa_sign,0.003,2990,285,5401,0,0,0,0,2.08634901047,0.0116219678894,0.0244140625,0.148733336304,2048,50,0.00144670599911,70781485.708
development,independent,11101,3,3,vsa_sign,0.003,2990,285,5401,0,0,0,0,2.08986973763,0.01675645262,0,0.179614925699,2048,50,0.00144670599911,70781485.708
development,independent,11101,3,0,full_role_map,0.003,5839,3129,17331,38400,300,14745600,0.153528914001,2.0718536377,0,1,0.813163981773,2048,50,0.00247118599873,41437593.1446
development,independent,11101,3,1,full_role_map,0.003,5839,3129,17331,38400,300,14745600,0.153528914001,2.07480859756,0.000847082352266,0.6083984375,0.445855379105,2048,50,0.00247118599873,41437593.1446
development,independent,11101,3,2,full_role_map,0.003,5839,3129,17331,38400,300,14745600,0.153528914001,2.07496595383,0.000238828492002,0.9013671875,0.73763012886,2048,50,0.00247118599873,41437593.1446
development,independent,11101,3,3,full_role_map,0.003,5839,3129,17331,38400,300,14745600,0.153528914001,2.07373046875,0.000616995734163,0.5341796875,0.365290854039,2048,50,0.00247118599873,41437593.1446
development,independent,11101,3,0,mirror_givens,0.003,2770,60,8243,38400,300,5222400,0.153310561,2.0718536377,0,1,0.813163981773,2048,50,0.00489995599855,20898146.8467
development,independent,11101,3,1,mirror_givens,0.003,2770,60,8243,38400,300,5222400,0.153310561,2.08694934845,0.012987665832,0.013671875,0.171424769738,2048,50,0.00489995599855,20898146.8467
development,independent,11101,3,2,mirror_givens,0.003,2770,60,8243,38400,300,5222400,0.153310561,2.08892083168,0.0141938803717,0.0830078125,0.103154293,2048,50,0.00489995599855,20898146.8467
development,independent,11101,3,3,mirror_givens,0.003,2770,60,8243,38400,300,5222400,0.153310561,2.08808016777,0.0149667328224,0.123046875,0.0642406491097,2048,50,0.00489995599855,20898146.8467
development,independent,11101,3,0,exact_teacher,0.003,6835,4125,9241,0,0,0,0,2.0718536377,0,1,0.813163981773,2048,50,0.00171976999991,59542845.8488
development,independent,11101,3,1,exact_teacher,0.003,6835,4125,9241,0,0,0,0,2.07396173477,0,1,0.830226659542,2048,50,0.00171976999991,59542845.8488
development,independent,11101,3,2,exact_teacher,0.003,6835,4125,9241,0,0,0,0,2.07472705841,0,1,0.834491074085,2048,50,0.00171976999991,59542845.8488
development,independent,11101,3,3,exact_teacher,0.003,6835,4125,9241,0,0,0,0,2.07311344147,0,1,0.824633839948,2048,50,0.00171976999991,59542845.8488
development,independent,11101,0,0,hard_tie,0.01,2705,0,4893,0,0,0,0,2.07195544243,0,1,0.814147758589,0,0,0,0
development,independent,11101,0,0,role_add,0.01,2705,0,4893,0,0,0,0,2.07195544243,0,1,0.814147758589,0,0,0,0
development,independent,11101,0,0,role_film,0.01,2706,0,4893,0,0,0,0,2.07195544243,0,1,0.814147758589,0,0,0,0
development,independent,11101,0,0,input_lora_rank2,0.01,2713,0,4893,0,0,0,0,2.07195544243,0,1,0.814147758589,0,0,0,0
development,independent,11101,0,0,head_lora_rank2,0.01,2712,0,4893,0,0,0,0,2.07195544243,0,1,0.814147758589,0,0,0,0
development,independent,11101,0,0,full_role_head,0.01,2711,0,4893,0,0,0,0,2.07195544243,0,1,0.814147758589,0,0,0,0
development,independent,11101,0,0,vsa_sign,0.01,2987,282,5401,0,0,0,0,2.07195544243,0,1,0.814147758589,0,0,0,0
development,independent,11101,0,0,full_role_map,0.01,2710,0,4893,0,0,0,0,2.07195544243,0,1,0.814147758589,0,0,0,0
development,independent,11101,0,0,mirror_givens,0.01,2710,0,4893,0,0,0,0,2.07195544243,0,1,0.814147758589,0,0,0,0
development,independent,11101,0,0,exact_teacher,0.01,6832,4122,9241,0,0,0,0,2.07195544243,0,1,0.814147758589,0,0,0,0
development,independent,11101,1,0,hard_tie,0.01,2706,1,4893,0,0,0,0,2.0719101429,0,1,0.814342566184,0,0,0,0
development,independent,11101,1,1,hard_tie,0.01,2706,1,4893,0,0,0,0,2.08666968346,0.0127144474536,0.01171875,0.173383207875,0,0,0,0
development,independent,11101,1,0,role_add,0.01,2785,80,6221,38400,300,5529600,0.0854359150035,2.0719101429,0,1,0.814342566184,0,0,0,0
development,independent,11101,1,1,role_add,0.01,2785,80,6221,38400,300,5529600,0.0854359150035,2.08825159073,0.0142960548401,0.0126953125,0.17669266359,0,0,0,0
development,independent,11101,1,0,role_film,0.01,2879,173,7295,38400,300,6144000,0.109743379999,2.0719101429,0,1,0.814342566184,0,0,0,0
development,independent,11101,1,1,role_film,0.01,2879,173,7295,38400,300,6144000,0.109743379999,2.0792760849,0.00532063934952,0.2490234375,0.103901058435,0,0,0,0
development,independent,11101,1,0,input_lora_rank2,0.01,3012,299,7679,38400,300,7372800,0.113674247001,2.0719101429,0,1,0.814342566184,0,0,0,0
development,independent,11101,1,1,input_lora_rank2,0.01,3012,299,7679,38400,300,7372800,0.113674247001,2.08404898643,0.0100937196985,0.01171875,0.174791528785,0,0,0,0
development,independent,11101,1,0,head_lora_rank2,0.01,2945,233,7487,38400,300,6758400,0.117095578,2.0719101429,0,1,0.814342566184,0,0,0,0
development,independent,11101,1,1,head_lora_rank2,0.01,2945,233,7487,38400,300,6758400,0.117095578,2.08407616615,0.0101207811385,0.01171875,0.174998010538,0,0,0,0
development,independent,11101,1,0,full_role_head,0.01,3247,536,7565,38400,300,9830400,0.214134731999,2.0719101429,0,1,0.814342566184,0,0,0,0
development,independent,11101,1,1,full_role_head,0.01,3247,536,7565,38400,300,9830400,0.214134731999,2.07405471802,9.91780252662e-05,0.8525390625,0.683987509343,0,0,0,0
development,independent,11101,1,0,vsa_sign,0.01,2988,283,5401,0,0,0,0,2.0719101429,0,1,0.814342566184,0,0,0,0
development,independent,11101,1,1,vsa_sign,0.01,2988,283,5401,0,0,0,0,2.08555841446,0.0116028590128,0.212890625,0.0476508052961,0,0,0,0
development,independent,11101,1,0,full_role_map,0.01,3753,1043,9101,38400,300,14745600,0.219720017998,2.0719101429,0,1,0.814342566184,0,0,0,0
development,independent,11101,1,1,full_role_map,0.01,3753,1043,9101,38400,300,14745600,0.219720017998,2.07398271561,2.7541842428e-05,0.9599609375,0.791727722797,0,0,0,0
development,independent,11101,1,0,mirror_givens,0.01,2730,20,6157,38400,300,5222400,0.216746897,2.0719101429,0,1,0.814342566184,0,0,0,0
development,independent,11101,1,1,mirror_givens,0.01,2730,20,6157,38400,300,5222400,0.216746897,2.08664774895,0.0126924896613,0.01171875,0.173427987553,0,0,0,0
development,independent,11101,1,0,exact_teacher,0.01,6833,4123,9241,0,0,0,0,2.0719101429,0,1,0.814342566184,0,0,0,0
development,independent,11101,1,1,exact_teacher,0.01,6833,4123,9241,0,0,0,0,2.07395553589,0,1,0.830897922511,0,0,0,0
development,independent,11101,2,0,hard_tie,0.01,2707,2,4893,0,0,0,0,2.07179880142,0,1,0.813177215343,0,0,0,0
development,independent,11101,2,1,hard_tie,0.01,2707,2,4893,0,0,0,0,2.08700418472,0.0129858301952,0.0068359375,0.178070278489,0,0,0,0
development,independent,11101,2,2,hard_tie,0.01,2707,2,4893,0,0,0,0,2.08788943291,0.0132188666612,0.0322265625,0.155627349792,0,0,0,0
development,independent,11101,2,0,role_add,0.01,2865,160,7359,38400,300,5529600,0.166130286998,2.07179880142,0,1,0.813177215343,0,0,0,0
development,independent,11101,2,1,role_add,0.01,2865,160,7359,38400,300,5529600,0.166130286998,2.08872151375,0.014703379944,0.0078125,0.181493756536,0,0,0,0
development,independent,11101,2,2,role_add,0.01,2865,160,7359,38400,300,5529600,0.166130286998,2.08812046051,0.0134498886764,0,0.186824576769,0,0,0,0
development,independent,11101,2,0,role_film,0.01,3052,346,9767,38400,300,6144000,0.0988501430002,2.07179880142,0,1,0.813177215343,0,0,0,0
development,independent,11101,2,1,role_film,0.01,3052,346,9767,38400,300,6144000,0.0988501430002,2.07921981812,0.00520167313516,0.265625,0.119889900088,0,0,0,0
development,independent,11101,2,2,role_film,0.01,3052,346,9767,38400,300,6144000,0.0988501430002,2.08053731918,0.00586692336947,0.2109375,0.0678345710039,0,0,0,0
development,independent,11101,2,0,input_lora_rank2,0.01,3311,598,10535,38400,300,7372800,0.103546669998,2.07179880142,0,1,0.813177215343,0,0,0,0
development,independent,11101,2,1,input_lora_rank2,0.01,3311,598,10535,38400,300,7372800,0.103546669998,2.08425474167,0.0102364169434,0.0068359375,0.179101106361,0,0,0,0
development,independent,11101,2,2,input_lora_rank2,0.01,3311,598,10535,38400,300,7372800,0.103546669998,2.08029556274,0.00562517717481,0.0107421875,0.150828074111,0,0,0,0
development,independent,11101,2,0,head_lora_rank2,0.01,3178,466,10151,38400,300,6758400,0.097301075999,2.07179880142,0,1,0.813177215343,0,0,0,0
development,independent,11101,2,1,head_lora_rank2,0.01,3178,466,10151,38400,300,6758400,0.097301075999,2.08428883553,0.0102705629542,0.0068359375,0.179044413351,0,0,0,0
development,independent,11101,2,2,head_lora_rank2,0.01,3178,466,10151,38400,300,6758400,0.097301075999,2.08029532433,0.00562462257221,0.0107421875,0.150826077093,0,0,0,0
development,independent,11101,2,0,full_role_head,0.01,3783,1072,10111,38400,300,9830400,0.142633790001,2.07179880142,0,1,0.813177215343,0,0,0,0
development,independent,11101,2,1,full_role_head,0.01,3783,1072,10111,38400,300,9830400,0.142633790001,2.07413125038,0.000113179485197,0.8271484375,0.658487674606,0,0,0,0
development,independent,11101,2,2,full_role_head,0.01,3783,1072,10111,38400,300,9830400,0.142633790001,2.0746717453,1.13055784823e-06,0.9931640625,0.82788413763,0,0,0,0
development,independent,11101,2,0,vsa_sign,0.01,2989,284,5401,0,0,0,0,2.07179880142,0,1,0.813177215343,0,0,0,0
development,independent,11101,2,1,vsa_sign,0.01,2989,284,5401,0,0,0,0,2.08531856537,0.0113002695143,0.2138671875,0.04921961113,0,0,0,0
development,independent,11101,2,2,vsa_sign,0.01,2989,284,5401,0,0,0,0,2.08695626259,0.0122857838869,0.029296875,0.144371853035,0,0,0,0
development,independent,11101,2,0,full_role_map,0.01,4796,2086,13183,38400,300,14745600,0.0892980850003,2.07179880142,0,1,0.813177215343,0,0,0,0
development,independent,11101,2,1,full_role_map,0.01,4796,2086,13183,38400,300,14745600,0.0892980850003,2.07404947281,3.13515520247e-05,0.9423828125,0.774036019749,0,0,0,0
development,independent,11101,2,2,full_role_map,0.01,4796,2086,13183,38400,300,14745600,0.0892980850003,2.0746717453,1.26589532101e-06,0.984375,0.818954825401,0,0,0,0
development,independent,11101,2,0,mirror_givens,0.01,2750,40,7231,38400,300,5222400,0.140369200999,2.07179880142,0,1,0.813177215343,0,0,0,0
development,independent,11101,2,1,mirror_givens,0.01,2750,40,7231,38400,300,5222400,0.140369200999,2.08697772026,0.0129595231265,0.0068359375,0.178098884644,0,0,0,0
development,independent,11101,2,2,mirror_givens,0.01,2750,40,7231,38400,300,5222400,0.140369200999,2.09015488625,0.0154844326898,0.0771484375,0.110191318701,0,0,0,0
development,independent,11101,2,0,exact_teacher,0.01,6834,4124,9241,0,0,0,0,2.07179880142,0,1,0.813177215343,0,0,0,0
development,independent,11101,2,1,exact_teacher,0.01,6834,4124,9241,0,0,0,0,2.07401823997,0,1,0.830470466637,0,0,0,0
development,independent,11101,2,2,exact_teacher,0.01,6834,4124,9241,0,0,0,0,2.07467055321,0,1,0.834635972977,0,0,0,0
development,independent,11101,3,0,hard_tie,0.01,2708,3,4893,0,0,0,0,2.0718536377,0,1,0.813163981773,2048,50,0.00097321100111,105218703.738
development,independent,11101,3,1,hard_tie,0.01,2708,3,4893,0,0,0,0,2.08697628975,0.013014622964,0.013671875,0.171421992825,2048,50,0.00097321100111,105218703.738
development,independent,11101,3,2,hard_tie,0.01,2708,3,4893,0,0,0,0,2.08798122406,0.0132539486513,0.0478515625,0.139400881744,2048,50,0.00097321100111,105218703.738
development,independent,11101,3,3,hard_tie,0.01,2708,3,4893,0,0,0,0,2.08966398239,0.0165508259088,0.125,0.0669450676942,2048,50,0.00097321100111,105218703.738
development,independent,11101,3,0,role_add,0.01,2945,240,8627,38400,300,5529600,0.0900762799974,2.0718536377,0,1,0.813163981773,2048,50,0.00141207100023,72517600.0238
development,independent,11101,3,1,role_add,0.01,2945,240,8627,38400,300,5529600,0.0900762799974,2.08863687515,0.0146751627326,0.0166015625,0.172747771547,2048,50,0.00141207100023,72517600.0238
development,independent,11101,3,2,role_add,0.01,2945,240,8627,38400,300,5529600,0.0900762799974,2.08834338188,0.0136162117124,0.0009765625,0.185248304086,2048,50,0.00141207100023,72517600.0238
development,independent,11101,3,3,role_add,0.01,2945,240,8627,38400,300,5529600,0.0900762799974,2.09135961533,0.0182462055236,0.078125,0.109276936011,2048,50,0.00141207100023,72517600.0238
development,independent,11101,3,0,role_film,0.01,3225,519,12175,38400,300,6144000,0.135212454999,2.0718536377,0,1,0.813163981773,2048,50,0.00186419099919,54929993.7854
development,independent,11101,3,1,role_film,0.01,3225,519,12175,38400,300,6144000,0.135212454999,2.07923960686,0.00527787813917,0.275390625,0.129696726799,2048,50,0.00186419099919,54929993.7854
development,independent,11101,3,2,role_film,0.01,3225,519,12175,38400,300,6144000,0.135212454999,2.08057117462,0.00584411714226,0.21875,0.0762128531933,2048,50,0.00186419099919,54929993.7854
development,independent,11101,3,3,role_film,0.01,3225,519,12175,38400,300,6144000,0.135212454999,2.07926940918,0.00615592254326,0.3857421875,0.23036788404,2048,50,0.00186419099919,54929993.7854
development,independent,11101,3,0,input_lora_rank2,0.01,3610,897,13327,38400,300,7372800,0.104331142,2.0718536377,0,1,0.813163981773,2048,50,0.00217143199916,47157820.2954
development,independent,11101,3,1,input_lora_rank2,0.01,3610,897,13327,38400,300,7372800,0.104331142,2.08420109749,0.0102395843714,0.013671875,0.172513533034,2048,50,0.00217143199916,47157820.2954
development,independent,11101,3,2,input_lora_rank2,0.01,3610,897,13327,38400,300,7372800,0.104331142,2.08046841621,0.00574122928083,0.0146484375,0.146752134431,2048,50,0.00217143199916,47157820.2954
development,independent,11101,3,3,input_lora_rank2,0.01,3610,897,13327,38400,300,7372800,0.104331142,2.08483505249,0.0117215961218,0.0439453125,0.128666008648,2048,50,0.00217143199916,47157820.2954
development,independent,11101,3,0,head_lora_rank2,0.01,3411,699,12751,38400,300,6758400,0.103169465001,2.0718536377,0,1,0.813163981773,2048,50,0.0019022910019,53829829.3467
development,independent,11101,3,1,head_lora_rank2,0.01,3411,699,12751,38400,300,6758400,0.103169465001,2.08422994614,0.0102681024,0.013671875,0.172590055459,2048,50,0.0019022910019,53829829.3467
development,independent,11101,3,2,head_lora_rank2,0.01,3411,699,12751,38400,300,6758400,0.103169465001,2.08046793938,0.00574084185064,0.0146484375,0.146753887893,2048,50,0.0019022910019,53829829.3467
development,independent,11101,3,3,head_lora_rank2,0.01,3411,699,12751,38400,300,6758400,0.103169465001,2.08484792709,0.0117343794554,0.052734375,0.119702392825,2048,50,0.0019022910019,53829829.3467
development,independent,11101,3,0,full_role_head,0.01,4319,1608,12723,38400,300,9830400,0.0863670840008,2.0718536377,0,1,0.813163981773,2048,50,0.0018344880009,55819389.361
development,independent,11101,3,1,full_role_head,0.01,4319,1608,12723,38400,300,9830400,0.0863670840008,2.07407402992,0.000112466572318,0.8193359375,0.650464993028,2048,50,0.0018344880009,55819389.361
development,independent,11101,3,2,full_role_head,0.01,4319,1608,12723,38400,300,9830400,0.0863670840008,2.0747282505,1.0844373719e-06,0.994140625,0.828723371029,2048,50,0.0018344880009,55819389.361
development,independent,11101,3,3,full_role_head,0.01,4319,1608,12723,38400,300,9830400,0.0863670840008,2.07312679291,1.33120374812e-05,0.9912109375,0.815029144054,2048,50,0.0018344880009,55819389.361
development,independent,11101,3,0,vsa_sign,0.01,2990,285,5401,0,0,0,0,2.0718536377,0,1,0.813163981773,2048,50,0.0013061790014,78396605.5877
development,independent,11101,3,1,vsa_sign,0.01,2990,285,5401,0,0,0,0,2.08545041084,0.0114884497598,0.2265625,0.0621346501866,2048,50,0.0013061790014,78396605.5877
development,independent,11101,3,2,vsa_sign,0.01,2990,285,5401,0,0,0,0,2.08634901047,0.0116219678894,0.0244140625,0.148733336304,2048,50,0.0013061790014,78396605.5877
development,independent,11101,3,3,vsa_sign,0.01,2990,285,5401,0,0,0,0,2.08986973763,0.01675645262,0,0.179614925699,2048,50,0.0013061790014,78396605.5877
development,independent,11101,3,0,full_role_map,0.01,5839,3129,17331,38400,300,14745600,0.102709905001,2.0718536377,0,1,0.813163981773,2048,50,0.00138722699921,73816325.7045
development,independent,11101,3,1,full_role_map,0.01,5839,3129,17331,38400,300,14745600,0.102709905001,2.07399296761,3.11938783852e-05,0.935546875,0.766986019036,2048,50,0.00138722699921,73816325.7045
development,independent,11101,3,2,full_role_map,0.01,5839,3129,17331,38400,300,14745600,0.102709905001,2.0747282505,1.18978573482e-06,0.978515625,0.812954366207,2048,50,0.00138722699921,73816325.7045
development,independent,11101,3,3,full_role_map,0.01,5839,3129,17331,38400,300,14745600,0.102709905001,2.07312083244,7.67234450905e-06,0.9912109375,0.816550027346,2048,50,0.00138722699921,73816325.7045
development,independent,11101,3,0,mirror_givens,0.01,2770,60,8243,38400,300,5222400,0.138468335001,2.0718536377,0,1,0.813163981773,2048,50,0.00391503900028,26155550.4282
development,independent,11101,3,1,mirror_givens,0.01,2770,60,8243,38400,300,5222400,0.138468335001,2.08694934845,0.0129876676947,0.013671875,0.171424769738,2048,50,0.00391503900028,26155550.4282
development,independent,11101,3,2,mirror_givens,0.01,2770,60,8243,38400,300,5222400,0.138468335001,2.08960175514,0.0148745272309,0.0791015625,0.105318970862,2048,50,0.00391503900028,26155550.4282
development,independent,11101,3,3,mirror_givens,0.01,2770,60,8243,38400,300,5222400,0.138468335001,2.08625888824,0.0131455240771,0.212890625,0.155089141743,2048,50,0.00391503900028,26155550.4282
development,independent,11101,3,0,exact_teacher,0.01,6835,4125,9241,0,0,0,0,2.0718536377,0,1,0.813163981773,2048,50,0.00148707300104,68860102.9863
development,independent,11101,3,1,exact_teacher,0.01,6835,4125,9241,0,0,0,0,2.07396173477,0,1,0.830226659542,2048,50,0.00148707300104,68860102.9863
development,independent,11101,3,2,exact_teacher,0.01,6835,4125,9241,0,0,0,0,2.07472705841,0,1,0.834491074085,2048,50,0.00148707300104,68860102.9863
development,independent,11101,3,3,exact_teacher,0.01,6835,4125,9241,0,0,0,0,2.07311344147,0,1,0.824633839948,2048,50,0.00148707300104,68860102.9863
development,independent,11102,0,0,hard_tie,0.003,2705,0,4893,0,0,0,0,2.07302689552,0,1,0.821950378362,0,0,0,0
development,independent,11102,0,0,role_add,0.003,2705,0,4893,0,0,0,0,2.07302689552,0,1,0.821950378362,0,0,0,0
development,independent,11102,0,0,role_film,0.003,2706,0,4893,0,0,0,0,2.07302689552,0,1,0.821950378362,0,0,0,0
development,independent,11102,0,0,input_lora_rank2,0.003,2713,0,4893,0,0,0,0,2.07302689552,0,1,0.821950378362,0,0,0,0
development,independent,11102,0,0,head_lora_rank2,0.003,2712,0,4893,0,0,0,0,2.07302689552,0,1,0.821950378362,0,0,0,0
development,independent,11102,0,0,full_role_head,0.003,2711,0,4893,0,0,0,0,2.07302689552,0,1,0.821950378362,0,0,0,0
development,independent,11102,0,0,vsa_sign,0.003,2987,282,5401,0,0,0,0,2.07302689552,0,1,0.821950378362,0,0,0,0
development,independent,11102,0,0,full_role_map,0.003,2710,0,4893,0,0,0,0,2.07302689552,0,1,0.821950378362,0,0,0,0
development,independent,11102,0,0,mirror_givens,0.003,2710,0,4893,0,0,0,0,2.07302689552,0,1,0.821950378362,0,0,0,0
development,independent,11102,0,0,exact_teacher,0.003,6832,4122,9241,0,0,0,0,2.07302689552,0,1,0.821950378362,0,0,0,0
development,independent,11102,1,0,hard_tie,0.003,2706,1,4893,0,0,0,0,2.07305312157,0,1,0.8220543036,0,0,0,0
development,independent,11102,1,1,hard_tie,0.003,2706,1,4893,0,0,0,0,2.08652901649,0.0127197159454,0.0009765625,0.175898498972,0,0,0,0
development,independent,11102,1,0,role_add,0.003,2785,80,6221,38400,300,5529600,0.105206377,2.07305312157,0,1,0.8220543036,0,0,0,0
development,independent,11102,1,1,role_add,0.003,2785,80,6221,38400,300,5529600,0.105206377,2.08512854576,0.0113193308935,0,0.175809625624,0,0,0,0
development,independent,11102,1,0,role_film,0.003,2879,173,7295,38400,300,6144000,0.0981604589979,2.07305312157,0,1,0.8220543036,0,0,0,0
development,independent,11102,1,1,role_film,0.003,2879,173,7295,38400,300,6144000,0.0981604589979,2.07994818687,0.00613884441555,0.0029296875,0.142726927996,0,0,0,0
development,independent,11102,1,0,input_lora_rank2,0.003,3012,299,7679,38400,300,7372800,0.112380210001,2.07305312157,0,1,0.8220543036,0,0,0,0
development,independent,11102,1,1,input_lora_rank2,0.003,3012,299,7679,38400,300,7372800,0.112380210001,2.08143377304,0.00762461591512,0.09375,0.0770705137547,0,0,0,0
development,independent,11102,1,0,head_lora_rank2,0.003,2945,233,7487,38400,300,6758400,0.109465668,2.07305312157,0,1,0.8220543036,0,0,0,0
development,independent,11102,1,1,head_lora_rank2,0.003,2945,233,7487,38400,300,6758400,0.109465668,2.08266782761,0.00885858107358,0.013671875,0.15732794971,0,0,0,0
development,independent,11102,1,0,full_role_head,0.003,3247,536,7565,38400,300,9830400,0.0890329260001,2.07305312157,0,1,0.8220543036,0,0,0,0
development,independent,11102,1,1,full_role_head,0.003,3247,536,7565,38400,300,9830400,0.0890329260001,2.07515573502,0.00134611933026,0.6171875,0.450864333368,0,0,0,0
development,independent,11102,1,0,vsa_sign,0.003,2988,283,5401,0,0,0,0,2.07305312157,0,1,0.8220543036,0,0,0,0
development,independent,11102,1,1,vsa_sign,0.003,2988,283,5401,0,0,0,0,2.08683204651,0.0130226453766,0.0166015625,0.148980406462,0,0,0,0
development,independent,11102,1,0,full_role_map,0.003,3753,1043,9101,38400,300,14745600,0.0944905969991,2.07305312157,0,1,0.8220543036,0,0,0,0
development,independent,11102,1,1,full_role_map,0.003,3753,1043,9101,38400,300,14745600,0.0944905969991,2.07462692261,0.000817669788375,0.595703125,0.430011181714,0,0,0,0
development,independent,11102,1,0,mirror_givens,0.003,2730,20,6157,38400,300,5222400,0.153614431001,2.07305312157,0,1,0.8220543036,0,0,0,0
development,independent,11102,1,1,mirror_givens,0.003,2730,20,6157,38400,300,5222400,0.153614431001,2.08580517769,0.011995873414,0.0615234375,0.111546248314,0,0,0,0
development,independent,11102,1,0,exact_teacher,0.003,6833,4123,9241,0,0,0,0,2.07305312157,0,1,0.8220543036,0,0,0,0
development,independent,11102,1,1,exact_teacher,0.003,6833,4123,9241,0,0,0,0,2.07380914688,0,1,0.830378236366,0,0,0,0
development,independent,11102,2,0,hard_tie,0.003,2707,2,4893,0,0,0,0,2.07326006889,0,1,0.823303106241,0,0,0,0
development,independent,11102,2,1,hard_tie,0.003,2707,2,4893,0,0,0,0,2.08626699448,0.0125938067213,0,0.177850101391,0,0,0,0
development,independent,11102,2,2,hard_tie,0.003,2707,2,4893,0,0,0,0,2.08563303947,0.0120512321591,0.1494140625,0.028707109188,0,0,0,0
development,independent,11102,2,0,role_add,0.003,2865,160,7359,38400,300,5529600,0.128023690999,2.07326006889,0,1,0.823303106241,0,0,0,0
development,independent,11102,2,1,role_add,0.003,2865,160,7359,38400,300,5529600,0.128023690999,2.0849571228,0.0112842805684,0,0.176794185914,0,0,0,0
development,independent,11102,2,2,role_add,0.003,2865,160,7359,38400,300,5529600,0.128023690999,2.08461976051,0.0110380668193,0.173828125,0.0312673768058,0,0,0,0
development,independent,11102,2,0,role_film,0.003,3052,346,9767,38400,300,6144000,0.113152057002,2.07326006889,0,1,0.823303106241,0,0,0,0
development,independent,11102,2,1,role_film,0.003,3052,346,9767,38400,300,6144000,0.113152057002,2.07987809181,0.00620535248891,0.00390625,0.142325341702,0,0,0,0
development,independent,11102,2,2,role_film,0.003,3052,346,9767,38400,300,6144000,0.113152057002,2.08017373085,0.0065922900103,0.26953125,0.116285935044,0,0,0,0
development,independent,11102,2,0,input_lora_rank2,0.003,3311,598,10535,38400,300,7372800,0.114913908001,2.07326006889,0,1,0.823303106241,0,0,0,0
development,independent,11102,2,1,input_lora_rank2,0.003,3311,598,10535,38400,300,7372800,0.114913908001,2.08108043671,0.00740767689422,0.091796875,0.0792323019268,0,0,0,0
development,independent,11102,2,2,input_lora_rank2,0.003,3311,598,10535,38400,300,7372800,0.114913908001,2.0790553093,0.00547388847917,0.427734375,0.261217394378,0,0,0,0
development,independent,11102,2,0,head_lora_rank2,0.003,3178,466,10151,38400,300,6758400,0.112623359,2.07326006889,0,1,0.823303106241,0,0,0,0
development,independent,11102,2,1,head_lora_rank2,0.003,3178,466,10151,38400,300,6758400,0.112623359,2.0823237896,0.00865100044757,0.0146484375,0.156787889238,0,0,0,0
development,independent,11102,2,2,head_lora_rank2,0.003,3178,466,10151,38400,300,6758400,0.112623359,2.07899212837,0.00541047751904,0.4130859375,0.245692014694,0,0,0,0
development,independent,11102,2,0,full_role_head,0.003,3783,1072,10111,38400,300,9830400,0.0897416089974,2.07326006889,0,1,0.823303106241,0,0,0,0
development,independent,11102,2,1,full_role_head,0.003,3783,1072,10111,38400,300,9830400,0.0897416089974,2.07504224777,0.0013694264926,0.6015625,0.435003041755,0,0,0,0
development,independent,11102,2,2,full_role_head,0.003,3783,1072,10111,38400,300,9830400,0.0897416089974,2.07401561737,0.000433963898104,0.7939453125,0.630120275018,0,0,0,0
development,independent,11102,2,0,vsa_sign,0.003,2989,284,5401,0,0,0,0,2.07326006889,0,1,0.823303106241,0,0,0,0
development,independent,11102,2,1,vsa_sign,0.003,2989,284,5401,0,0,0,0,2.08659291267,0.0129199335352,0.029296875,0.137597560999,0,0,0,0
development,independent,11102,2,2,vsa_sign,0.003,2989,284,5401,0,0,0,0,2.08627462387,0.0126930009574,0.0478515625,0.126014021895,0,0,0,0
development,independent,11102,2,0,full_role_map,0.003,4796,2086,13183,38400,300,14745600,0.100304849999,2.07326006889,0,1,0.823303106241,0,0,0,0
development,independent,11102,2,1,full_role_map,0.003,4796,2086,13183,38400,300,14745600,0.100304849999,2.07451820374,0.000845086062327,0.6025390625,0.436647271592,0,0,0,0
development,independent,11102,2,2,full_role_map,0.003,4796,2086,13183,38400,300,14745600,0.100304849999,2.07416367531,0.000581956817768,0.708984375,0.540202008444,0,0,0,0
development,independent,11102,2,0,mirror_givens,0.003,2750,40,7231,38400,300,5222400,0.191061497,2.07326006889,0,1,0.823303106241,0,0,0,0
development,independent,11102,2,1,mirror_givens,0.003,2750,40,7231,38400,300,5222400,0.191061497,2.08555603027,0.0118831191212,0.05859375,0.115249867631,0,0,0,0
development,independent,11102,2,2,mirror_givens,0.003,2750,40,7231,38400,300,5222400,0.191061497,2.08565330505,0.0120717287064,0.1484375,0.0271348061942,0,0,0,0
development,independent,11102,2,0,exact_teacher,0.003,6834,4124,9241,0,0,0,0,2.07326006889,0,1,0.823303106241,0,0,0,0
development,independent,11102,2,1,exact_teacher,0.003,6834,4124,9241,0,0,0,0,2.07367277145,0,1,0.829427027842,0,0,0,0
development,independent,11102,2,2,exact_teacher,0.003,6834,4124,9241,0,0,0,0,2.07358169556,0,1,0.832453182666,0,0,0,0
development,independent,11102,3,0,hard_tie,0.003,2708,3,4893,0,0,0,0,2.07307124138,0,1,0.821818441153,2048,50,0.00102400000105,99999999.8972
development,independent,11102,3,1,hard_tie,0.003,2708,3,4893,0,0,0,0,2.08623600006,0.0125685092062,0.0009765625,0.176335010736,2048,50,0.00102400000105,99999999.8972
development,independent,11102,3,2,hard_tie,0.003,2708,3,4893,0,0,0,0,2.08585071564,0.0122501067817,0.12109375,0.0573696415231,2048,50,0.00102400000105,99999999.8972
development,independent,11102,3,3,hard_tie,0.003,2708,3,4893,0,0,0,0,2.08303284645,0.0097011802718,0.001953125,0.176303602144,2048,50,0.00102400000105,99999999.8972
development,independent,11102,3,0,role_add,0.003,2945,240,8627,38400,300,5529600,0.088300520998,2.07307124138,0,1,0.821818441153,2048,50,0.00148056000035,69163019.3819
development,independent,11102,3,1,role_add,0.003,2945,240,8627,38400,300,5529600,0.088300520998,2.08495092392,0.0112834889442,0,0.176265274247,2048,50,0.00148056000035,69163019.3819
development,independent,11102,3,2,role_add,0.003,2945,240,8627,38400,300,5529600,0.088300520998,2.08489227295,0.011291557923,0.1484375,0.0258178992954,2048,50,0.00148056000035,69163019.3819
development,independent,11102,3,3,role_add,0.003,2945,240,8627,38400,300,5529600,0.088300520998,2.0828294754,0.00949778035283,0.0107421875,0.164406347467,2048,50,0.00148056000035,69163019.3819
development,independent,11102,3,0,role_film,0.003,3225,519,12175,38400,300,6144000,0.101821190001,2.07307124138,0,1,0.821818441153,2048,50,0.00219622399891,46625480.8485
development,independent,11102,3,1,role_film,0.003,3225,519,12175,38400,300,6144000,0.101821190001,2.07990264893,0.0062354048714,0.005859375,0.140114173293,2048,50,0.00219622399891,46625480.8485
development,independent,11102,3,2,role_film,0.003,3225,519,12175,38400,300,6144000,0.101821190001,2.08025836945,0.00665774196386,0.2509765625,0.0971400439739,2048,50,0.00219622399891,46625480.8485
development,independent,11102,3,3,role_film,0.003,3225,519,12175,38400,300,6144000,0.101821190001,2.07935714722,0.00602555368096,0.166015625,0.0180104672909,2048,50,0.00219622399891,46625480.8485
development,independent,11102,3,0,input_lora_rank2,0.003,3610,897,13327,38400,300,7372800,0.110616354999,2.07307124138,0,1,0.821818441153,2048,50,0.00204333700094,50114102.5454
development,independent,11102,3,1,input_lora_rank2,0.003,3610,897,13327,38400,300,7372800,0.110616354999,2.08110713959,0.00743967108428,0.0771484375,0.0936664945039,2048,50,0.00204333700094,50114102.5454
development,independent,11102,3,2,input_lora_rank2,0.003,3610,897,13327,38400,300,7372800,0.110616354999,2.07886838913,0.0052677411586,0.435546875,0.26943770051,2048,50,0.00204333700094,50114102.5454
development,independent,11102,3,3,input_lora_rank2,0.003,3610,897,13327,38400,300,7372800,0.110616354999,2.07779192924,0.00446020672098,0.357421875,0.190399542451,2048,50,0.00204333700094,50114102.5454
development,independent,11102,3,0,head_lora_rank2,0.003,3411,699,12751,38400,300,6758400,0.101038902998,2.07307124138,0,1,0.821818441153,2048,50,0.00218058700193,46959832.3338
development,independent,11102,3,1,head_lora_rank2,0.003,3411,699,12751,38400,300,6758400,0.101038902998,2.08231925964,0.00865184422582,0.0234375,0.147483562818,2048,50,0.00218058700193,46959832.3338
development,independent,11102,3,2,head_lora_rank2,0.003,3411,699,12751,38400,300,6758400,0.101038902998,2.07878112793,0.00518042221665,0.404296875,0.236991614103,2048,50,0.00218058700193,46959832.3338
development,independent,11102,3,3,head_lora_rank2,0.003,3411,699,12751,38400,300,6758400,0.101038902998,2.08032417297,0.00699266744778,0.26171875,0.122209810361,2048,50,0.00218058700193,46959832.3338
development,independent,11102,3,0,full_role_head,0.003,4319,1608,12723,38400,300,9830400,0.0872046289987,2.07307124138,0,1,0.821818441153,2048,50,0.0016491139977,62093948.716
development,independent,11102,3,1,full_role_head,0.003,4319,1608,12723,38400,300,9830400,0.0872046289987,2.07506251335,0.00139513483737,0.60546875,0.438849270344,2048,50,0.0016491139977,62093948.716
development,independent,11102,3,2,full_role_head,0.003,4319,1608,12723,38400,300,9830400,0.0872046289987,2.07402038574,0.000419823307311,0.7861328125,0.622486829758,2048,50,0.0016491139977,62093948.716
development,independent,11102,3,3,full_role_head,0.003,4319,1608,12723,38400,300,9830400,0.0872046289987,2.07368302345,0.000351395807229,0.958984375,0.791724035982,2048,50,0.0016491139977,62093948.716
development,independent,11102,3,0,vsa_sign,0.003,2990,285,5401,0,0,0,0,2.07307124138,0,1,0.821818441153,2048,50,0.00142700399738,71758733.8144
development,independent,11102,3,1,vsa_sign,0.003,2990,285,5401,0,0,0,0,2.08674097061,0.0130735747516,0.0244140625,0.142428360181,2048,50,0.00142700399738,71758733.8144
development,independent,11102,3,2,vsa_sign,0.003,2990,285,5401,0,0,0,0,2.08652973175,0.0129289701581,0.0595703125,0.11519008223,2048,50,0.00142700399738,71758733.8144
development,independent,11102,3,3,vsa_sign,0.003,2990,285,5401,0,0,0,0,2.08632874489,0.0129971290007,0.3779296875,0.205260206843,2048,50,0.00142700399738,71758733.8144
development,independent,11102,3,0,full_role_map,0.003,5839,3129,17331,38400,300,14745600,0.0923682279972,2.07307124138,0,1,0.821818441153,2048,50,0.00138820999928,73764055.9089
development,independent,11102,3,1,full_role_map,0.003,5839,3129,17331,38400,300,14745600,0.0923682279972,2.07452654839,0.000859114632476,0.59375,0.427687693038,2048,50,0.00138820999928,73764055.9089
development,independent,11102,3,2,full_role_map,0.003,5839,3129,17331,38400,300,14745600,0.0923682279972,2.07418036461,0.00057965319138,0.685546875,0.517041762068,2048,50,0.00138820999928,73764055.9089
development,independent,11102,3,3,full_role_map,0.003,5839,3129,17331,38400,300,14745600,0.0923682279972,2.07364749908,0.000315810582833,0.96484375,0.792021530913,2048,50,0.00138820999928,73764055.9089
development,independent,11102,3,0,mirror_givens,0.003,2770,60,8243,38400,300,5222400,0.172669284999,2.07307124138,0,1,0.821818441153,2048,50,0.00372768799934,27470110.1643
development,independent,11102,3,1,mirror_givens,0.003,2770,60,8243,38400,300,5222400,0.172669284999,2.08549499512,0.0118275955319,0.0703125,0.103225686311,2048,50,0.00372768799934,27470110.1643
development,independent,11102,3,2,mirror_givens,0.003,2770,60,8243,38400,300,5222400,0.172669284999,2.08589696884,0.0122961699963,0.119140625,0.0568146052974,2048,50,0.00372768799934,27470110.1643
development,independent,11102,3,3,mirror_givens,0.003,2770,60,8243,38400,300,5222400,0.172669284999,2.08247733116,0.00914562772959,0.001953125,0.177187090332,2048,50,0.00372768799934,27470110.1643
development,independent,11102,3,0,exact_teacher,0.003,6835,4125,9241,0,0,0,0,2.07307124138,0,1,0.821818441153,2048,50,0.00173076599822,59164554.9459
development,independent,11102,3,1,exact_teacher,0.003,6835,4125,9241,0,0,0,0,2.07366752625,0,1,0.829116937064,2048,50,0.00173076599822,59164554.9459
development,independent,11102,3,2,exact_teacher,0.003,6835,4125,9241,0,0,0,0,2.07360053062,0,1,0.832957658917,2048,50,0.00173076599822,59164554.9459
development,independent,11102,3,3,exact_teacher,0.003,6835,4125,9241,0,0,0,0,2.07333183289,0,1,0.826260401634,2048,50,0.00173076599822,59164554.9459
development,independent,11102,0,0,hard_tie,0.01,2705,0,4893,0,0,0,0,2.07302689552,0,1,0.821950378362,0,0,0,0
development,independent,11102,0,0,role_add,0.01,2705,0,4893,0,0,0,0,2.07302689552,0,1,0.821950378362,0,0,0,0
development,independent,11102,0,0,role_film,0.01,2706,0,4893,0,0,0,0,2.07302689552,0,1,0.821950378362,0,0,0,0
development,independent,11102,0,0,input_lora_rank2,0.01,2713,0,4893,0,0,0,0,2.07302689552,0,1,0.821950378362,0,0,0,0
development,independent,11102,0,0,head_lora_rank2,0.01,2712,0,4893,0,0,0,0,2.07302689552,0,1,0.821950378362,0,0,0,0
development,independent,11102,0,0,full_role_head,0.01,2711,0,4893,0,0,0,0,2.07302689552,0,1,0.821950378362,0,0,0,0
development,independent,11102,0,0,vsa_sign,0.01,2987,282,5401,0,0,0,0,2.07302689552,0,1,0.821950378362,0,0,0,0
development,independent,11102,0,0,full_role_map,0.01,2710,0,4893,0,0,0,0,2.07302689552,0,1,0.821950378362,0,0,0,0
development,independent,11102,0,0,mirror_givens,0.01,2710,0,4893,0,0,0,0,2.07302689552,0,1,0.821950378362,0,0,0,0
development,independent,11102,0,0,exact_teacher,0.01,6832,4122,9241,0,0,0,0,2.07302689552,0,1,0.821950378362,0,0,0,0
development,independent,11102,1,0,hard_tie,0.01,2706,1,4893,0,0,0,0,2.07305312157,0,1,0.8220543036,0,0,0,0
development,independent,11102,1,1,hard_tie,0.01,2706,1,4893,0,0,0,0,2.08652901649,0.0127197159454,0.0009765625,0.175898498972,0,0,0,0
development,independent,11102,1,0,role_add,0.01,2785,80,6221,38400,300,5529600,0.100317778,2.07305312157,0,1,0.8220543036,0,0,0,0
development,independent,11102,1,1,role_add,0.01,2785,80,6221,38400,300,5529600,0.100317778,2.08512854576,0.0113193308935,0,0.175809625624,0,0,0,0
development,independent,11102,1,0,role_film,0.01,2879,173,7295,38400,300,6144000,0.201104164,2.07305312157,0,1,0.8220543036,0,0,0,0
development,independent,11102,1,1,role_film,0.01,2879,173,7295,38400,300,6144000,0.201104164,2.07908344269,0.00527397310361,0.2548828125,0.111715763807,0,0,0,0
development,independent,11102,1,0,input_lora_rank2,0.01,3012,299,7679,38400,300,7372800,0.255795885001,2.07305312157,0,1,0.8220543036,0,0,0,0
development,independent,11102,1,1,input_lora_rank2,0.01,3012,299,7679,38400,300,7372800,0.255795885001,2.08227086067,0.00846164952964,0.001953125,0.170903568855,0,0,0,0
development,independent,11102,1,0,head_lora_rank2,0.01,2945,233,7487,38400,300,6758400,0.263923738003,2.07305312157,0,1,0.8220543036,0,0,0,0
development,independent,11102,1,1,head_lora_rank2,0.01,2945,233,7487,38400,300,6758400,0.263923738003,2.08230781555,0.00849849078804,0.001953125,0.169232774526,0,0,0,0
development,independent,11102,1,0,full_role_head,0.01,3247,536,7565,38400,300,9830400,0.191533262998,2.07305312157,0,1,0.8220543036,0,0,0,0
development,independent,11102,1,1,full_role_head,0.01,3247,536,7565,38400,300,9830400,0.191533262998,2.07388067245,7.13192712283e-05,0.8623046875,0.695140242577,0,0,0,0
development,independent,11102,1,0,vsa_sign,0.01,2988,283,5401,0,0,0,0,2.07305312157,0,1,0.8220543036,0,0,0,0
development,independent,11102,1,1,vsa_sign,0.01,2988,283,5401,0,0,0,0,2.08683204651,0.0130226453766,0.0166015625,0.148980406462,0,0,0,0
development,independent,11102,1,0,full_role_map,0.01,3753,1043,9101,38400,300,14745600,0.112506955,2.07305312157,0,1,0.8220543036,0,0,0,0
development,independent,11102,1,1,full_role_map,0.01,3753,1043,9101,38400,300,14745600,0.112506955,2.07385611534,4.68942162115e-05,0.923828125,0.75468333927,0,0,0,0
development,independent,11102,1,0,mirror_givens,0.01,2730,20,6157,38400,300,5222400,0.137213195001,2.07305312157,0,1,0.8220543036,0,0,0,0
development,independent,11102,1,1,mirror_givens,0.01,2730,20,6157,38400,300,5222400,0.137213195001,2.08584952354,0.0120401959866,0.0751953125,0.0976265790814,0,0,0,0
development,independent,11102,1,0,exact_teacher,0.01,6833,4123,9241,0,0,0,0,2.07305312157,0,1,0.8220543036,0,0,0,0
development,independent,11102,1,1,exact_teacher,0.01,6833,4123,9241,0,0,0,0,2.07380914688,0,1,0.830378236366,0,0,0,0
development,independent,11102,2,0,hard_tie,0.01,2707,2,4893,0,0,0,0,2.07326006889,0,1,0.823303106241,0,0,0,0
development,independent,11102,2,1,hard_tie,0.01,2707,2,4893,0,0,0,0,2.08626699448,0.0125938067213,0,0.177850101391,0,0,0,0
development,independent,11102,2,2,hard_tie,0.01,2707,2,4893,0,0,0,0,2.08563303947,0.0120512321591,0.1494140625,0.028707109188,0,0,0,0
development,independent,11102,2,0,role_add,0.01,2865,160,7359,38400,300,5529600,0.111417445998,2.07326006889,0,1,0.823303106241,0,0,0,0
development,independent,11102,2,1,role_add,0.01,2865,160,7359,38400,300,5529600,0.111417445998,2.0849571228,0.011284282431,0,0.176794185914,0,0,0,0
development,independent,11102,2,2,role_add,0.01,2865,160,7359,38400,300,5529600,0.111417445998,2.08461976051,0.0110380668193,0.173828125,0.0312673606095,0,0,0,0
development,independent,11102,2,0,role_film,0.01,3052,346,9767,38400,300,6144000,0.106936600998,2.07326006889,0,1,0.823303106241,0,0,0,0
development,independent,11102,2,1,role_film,0.01,3052,346,9767,38400,300,6144000,0.106936600998,2.07901573181,0.00534268422052,0.21875,0.0756178498268,0,0,0,0
development,independent,11102,2,2,role_film,0.01,3052,346,9767,38400,300,6144000,0.106936600998,2.07876825333,0.0051866164431,0.4990234375,0.348263889551,0,0,0,0
development,independent,11102,2,0,input_lora_rank2,0.01,3311,598,10535,38400,300,7372800,0.121493915998,2.07326006889,0,1,0.823303106241,0,0,0,0
development,independent,11102,2,1,input_lora_rank2,0.01,3311,598,10535,38400,300,7372800,0.121493915998,2.0819272995,0.00825427472591,0.0029296875,0.170610641508,0,0,0,0
development,independent,11102,2,2,input_lora_rank2,0.01,3311,598,10535,38400,300,7372800,0.121493915998,2.07806873322,0.00448699016124,0.4755859375,0.304820294259,0,0,0,0
development,independent,11102,2,0,head_lora_rank2,0.01,3178,466,10151,38400,300,6758400,0.110855603001,2.07326006889,0,1,0.823303106241,0,0,0,0
development,independent,11102,2,1,head_lora_rank2,0.01,3178,466,10151,38400,300,6758400,0.110855603001,2.0819644928,0.00829136092216,0.0029296875,0.168978017187,0,0,0,0
development,independent,11102,2,2,head_lora_rank2,0.01,3178,466,10151,38400,300,6758400,0.110855603001,2.07808971405,0.00450797658414,0.470703125,0.300263910089,0,0,0,0
development,independent,11102,2,0,full_role_head,0.01,3783,1072,10111,38400,300,9830400,0.0799856750018,2.07326006889,0,1,0.823303106241,0,0,0,0
development,independent,11102,2,1,full_role_head,0.01,3783,1072,10111,38400,300,9830400,0.0799856750018,2.07374596596,7.29234743631e-05,0.888671875,0.720791101456,0,0,0,0
development,independent,11102,2,2,full_role_head,0.01,3783,1072,10111,38400,300,9830400,0.0799856750018,2.07360816002,2.65342168859e-05,0.97265625,0.805149486172,0,0,0,0
development,independent,11102,2,0,vsa_sign,0.01,2989,284,5401,0,0,0,0,2.07326006889,0,1,0.823303106241,0,0,0,0
development,independent,11102,2,1,vsa_sign,0.01,2989,284,5401,0,0,0,0,2.08659291267,0.0129199335352,0.029296875,0.137597560999,0,0,0,0
development,independent,11102,2,2,vsa_sign,0.01,2989,284,5401,0,0,0,0,2.08627462387,0.0126930009574,0.0478515625,0.126014021895,0,0,0,0
development,independent,11102,2,0,full_role_map,0.01,4796,2086,13183,38400,300,14745600,0.093683441999,2.07326006889,0,1,0.823303106241,0,0,0,0
development,independent,11102,2,1,full_role_map,0.01,4796,2086,13183,38400,300,14745600,0.093683441999,2.07372069359,4.77334615425e-05,0.9072265625,0.7370853225,0,0,0,0
development,independent,11102,2,2,full_role_map,0.01,4796,2086,13183,38400,300,14745600,0.093683441999,2.07365965843,7.80675327405e-05,0.8984375,0.730198172561,0,0,0,0
development,independent,11102,2,0,mirror_givens,0.01,2750,40,7231,38400,300,5222400,0.130085934001,2.07326006889,0,1,0.823303106241,0,0,0,0
development,independent,11102,2,1,mirror_givens,0.01,2750,40,7231,38400,300,5222400,0.130085934001,2.08561944962,0.0119464779273,0.0703125,0.10342530068,0,0,0,0
development,independent,11102,2,2,mirror_givens,0.01,2750,40,7231,38400,300,5222400,0.130085934001,2.08562016487,0.0120385838673,0.1484375,0.026598931523,0,0,0,0
development,independent,11102,2,0,exact_teacher,0.01,6834,4124,9241,0,0,0,0,2.07326006889,0,1,0.823303106241,0,0,0,0
development,independent,11102,2,1,exact_teacher,0.01,6834,4124,9241,0,0,0,0,2.07367277145,0,1,0.829427027842,0,0,0,0
development,independent,11102,2,2,exact_teacher,0.01,6834,4124,9241,0,0,0,0,2.07358169556,0,1,0.832453182666,0,0,0,0
development,independent,11102,3,0,hard_tie,0.01,2708,3,4893,0,0,0,0,2.07307124138,0,1,0.821818441153,2048,50,0.0011130640014,91998303.6654
development,independent,11102,3,1,hard_tie,0.01,2708,3,4893,0,0,0,0,2.08623600006,0.0125685092062,0.0009765625,0.176335010736,2048,50,0.0011130640014,91998303.6654
development,independent,11102,3,2,hard_tie,0.01,2708,3,4893,0,0,0,0,2.08585071564,0.0122501067817,0.12109375,0.0573696415231,2048,50,0.0011130640014,91998303.6654
development,independent,11102,3,3,hard_tie,0.01,2708,3,4893,0,0,0,0,2.08303284645,0.0097011802718,0.001953125,0.176303602144,2048,50,0.0011130640014,91998303.6654
development,independent,11102,3,0,role_add,0.01,2945,240,8627,38400,300,5529600,0.0932059519982,2.07307124138,0,1,0.821818441153,2048,50,0.00259956999798,39391130.1021
development,independent,11102,3,1,role_add,0.01,2945,240,8627,38400,300,5529600,0.0932059519982,2.08495092392,0.0112834898755,0,0.176265274247,2048,50,0.00259956999798,39391130.1021
development,independent,11102,3,2,role_add,0.01,2945,240,8627,38400,300,5529600,0.0932059519982,2.08489227295,0.011291557923,0.1484375,0.0258179008379,2048,50,0.00259956999798,39391130.1021
development,independent,11102,3,3,role_add,0.01,2945,240,8627,38400,300,5529600,0.0932059519982,2.0828294754,0.00949778128415,0.0107421875,0.164406347467,2048,50,0.00259956999798,39391130.1021
development,independent,11102,3,0,role_film,0.01,3225,519,12175,38400,300,6144000,0.106541046003,2.07307124138,0,1,0.821818441153,2048,50,0.00172412499887,59392445.4822
development,independent,11102,3,1,role_film,0.01,3225,519,12175,38400,300,6144000,0.106541046003,2.07907962799,0.00541220325977,0.2333984375,0.0903573185205,2048,50,0.00172412499887,59392445.4822
development,independent,11102,3,2,role_film,0.01,3225,519,12175,38400,300,6144000,0.106541046003,2.07876086235,0.00516030471772,0.4697265625,0.317997992039,2048,50,0.00172412499887,59392445.4822
development,independent,11102,3,3,role_film,0.01,3225,519,12175,38400,300,6144000,0.106541046003,2.07890844345,0.00557677354664,0.4775390625,0.331955194473,2048,50,0.00172412499887,59392445.4822
development,independent,11102,3,0,input_lora_rank2,0.01,3610,897,13327,38400,300,7372800,0.115912891,2.07307124138,0,1,0.821818441153,2048,50,0.00222234000103,46077557.8682
development,independent,11102,3,1,input_lora_rank2,0.01,3610,897,13327,38400,300,7372800,0.115912891,2.08192586899,0.00825843773782,0.0029296875,0.170243129454,2048,50,0.00222234000103,46077557.8682
development,independent,11102,3,2,input_lora_rank2,0.01,3610,897,13327,38400,300,7372800,0.115912891,2.07792901993,0.00432831374928,0.451171875,0.280928721826,2048,50,0.00222234000103,46077557.8682
development,independent,11102,3,3,input_lora_rank2,0.01,3610,897,13327,38400,300,7372800,0.115912891,2.07708978653,0.00375801883638,0.435546875,0.268238008022,2048,50,0.00222234000103,46077557.8682
development,independent,11102,3,0,head_lora_rank2,0.01,3411,699,12751,38400,300,6758400,0.107946114,2.07307124138,0,1,0.821818441153,2048,50,0.00190101699991,53865904.4106
development,independent,11102,3,1,head_lora_rank2,0.01,3411,699,12751,38400,300,6758400,0.107946114,2.0819606781,0.00829358119518,0.0029296875,0.168528711249,2048,50,0.00190101699991,53865904.4106
development,independent,11102,3,2,head_lora_rank2,0.01,3411,699,12751,38400,300,6758400,0.107946114,2.07794904709,0.00434829387814,0.4423828125,0.272358468035,2048,50,0.00190101699991,53865904.4106
development,independent,11102,3,3,head_lora_rank2,0.01,3411,699,12751,38400,300,6758400,0.107946114,2.07752180099,0.00419004680589,0.3720703125,0.205553814769,2048,50,0.00190101699991,53865904.4106
development,independent,11102,3,0,full_role_head,0.01,4319,1608,12723,38400,300,9830400,0.0921819130017,2.07307124138,0,1,0.821818441153,2048,50,0.00177561199962,57670256.8027
development,independent,11102,3,1,full_role_head,0.01,4319,1608,12723,38400,300,9830400,0.0921819130017,2.073741436,7.41499243304e-05,0.884765625,0.716675110743,2048,50,0.00177561199962,57670256.8027
development,independent,11102,3,2,full_role_head,0.01,4319,1608,12723,38400,300,9830400,0.0921819130017,2.07362675667,2.62508165179e-05,0.9599609375,0.79285420978,2048,50,0.00177561199962,57670256.8027
development,independent,11102,3,3,full_role_head,0.01,4319,1608,12723,38400,300,9830400,0.0921819130017,2.07333445549,2.91246101369e-06,0.998046875,0.82445693668,2048,50,0.00177561199962,57670256.8027
development,independent,11102,3,0,vsa_sign,0.01,2990,285,5401,0,0,0,0,2.07307124138,0,1,0.821818441153,2048,50,0.00225866000255,45336615.4641
development,independent,11102,3,1,vsa_sign,0.01,2990,285,5401,0,0,0,0,2.08674097061,0.0130735747516,0.0244140625,0.142428360181,2048,50,0.00225866000255,45336615.4641
development,independent,11102,3,2,vsa_sign,0.01,2990,285,5401,0,0,0,0,2.08652973175,0.0129289701581,0.0595703125,0.11519008223,2048,50,0.00225866000255,45336615.4641
development,independent,11102,3,3,vsa_sign,0.01,2990,285,5401,0,0,0,0,2.08632874489,0.0129971290007,0.3779296875,0.205260206843,2048,50,0.00225866000255,45336615.4641
development,independent,11102,3,0,full_role_map,0.01,5839,3129,17331,38400,300,14745600,0.088261789002,2.07307124138,0,1,0.821818441153,2048,50,0.00166133100356,61637325.6025
development,independent,11102,3,1,full_role_map,0.01,5839,3129,17331,38400,300,14745600,0.088261789002,2.0737156868,4.84435768158e-05,0.9306640625,0.760229959618,2048,50,0.00166133100356,61637325.6025
development,independent,11102,3,2,full_role_map,0.01,5839,3129,17331,38400,300,14745600,0.088261789002,2.07367563248,7.50914841774e-05,0.873046875,0.705405525863,2048,50,0.00166133100356,61637325.6025
development,independent,11102,3,3,full_role_map,0.01,5839,3129,17331,38400,300,14745600,0.088261789002,2.07337069511,3.89278284274e-05,0.9853515625,0.812722919683,2048,50,0.00166133100356,61637325.6025
development,independent,11102,3,0,mirror_givens,0.01,2770,60,8243,38400,300,5222400,0.141411398999,2.07307124138,0,1,0.821818441153,2048,50,0.00412364500153,24832399.482
development,independent,11102,3,1,mirror_givens,0.01,2770,60,8243,38400,300,5222400,0.141411398999,2.08556294441,0.011895429343,0.0673828125,0.106191588464,2048,50,0.00412364500153,24832399.482
development,independent,11102,3,2,mirror_givens,0.01,2770,60,8243,38400,300,5222400,0.141411398999,2.08587121964,0.0122706564143,0.119140625,0.056231802504,2048,50,0.00412364500153,24832399.482
development,independent,11102,3,3,mirror_givens,0.01,2770,60,8243,38400,300,5222400,0.141411398999,2.08242273331,0.00909081660211,0.001953125,0.177189161535,2048,50,0.00412364500153,24832399.482
development,independent,11102,3,0,exact_teacher,0.01,6835,4125,9241,0,0,0,0,2.07307124138,0,1,0.821818441153,2048,50,0.00180699799967,56668574.0764
development,independent,11102,3,1,exact_teacher,0.01,6835,4125,9241,0,0,0,0,2.07366752625,0,1,0.829116937064,2048,50,0.00180699799967,56668574.0764
development,independent,11102,3,2,exact_teacher,0.01,6835,4125,9241,0,0,0,0,2.07360053062,0,1,0.832957658917,2048,50,0.00180699799967,56668574.0764
development,independent,11102,3,3,exact_teacher,0.01,6835,4125,9241,0,0,0,0,2.07333183289,0,1,0.826260401634,2048,50,0.00180699799967,56668574.0764
fresh,aligned,11111,0,0,hard_tie,0.01,2705,0,4893,0,0,0,0,2.07140922546,0,1,0.816957006522,0,0,0,0
fresh,aligned,11111,0,0,role_add,0.01,2705,0,4893,0,0,0,0,2.07140922546,0,1,0.816957006522,0,0,0,0
fresh,aligned,11111,0,0,role_film,0.01,2706,0,4893,0,0,0,0,2.07140922546,0,1,0.816957006522,0,0,0,0
fresh,aligned,11111,0,0,input_lora_rank2,0.01,2713,0,4893,0,0,0,0,2.07140922546,0,1,0.816957006522,0,0,0,0
fresh,aligned,11111,0,0,head_lora_rank2,0.01,2712,0,4893,0,0,0,0,2.07140922546,0,1,0.816957006522,0,0,0,0
fresh,aligned,11111,0,0,full_role_head,0.01,2711,0,4893,0,0,0,0,2.07140922546,0,1,0.816957006522,0,0,0,0
fresh,aligned,11111,0,0,vsa_sign,0.01,2987,282,5401,0,0,0,0,2.07140922546,0,1,0.816957006522,0,0,0,0
fresh,aligned,11111,0,0,full_role_map,0.01,2710,0,4893,0,0,0,0,2.07140922546,0,1,0.816957006522,0,0,0,0
fresh,aligned,11111,0,0,mirror_givens,0.01,2710,0,4893,0,0,0,0,2.07140922546,0,1,0.816957006522,0,0,0,0
fresh,aligned,11111,0,0,exact_teacher,0.01,2750,40,5145,0,0,0,0,2.07140922546,0,1,0.816957006522,0,0,0,0
fresh,aligned,11111,1,0,hard_tie,0.01,2706,1,4893,0,0,0,0,2.07110738754,0,1,0.816013213014,0,0,0,0
fresh,aligned,11111,1,1,hard_tie,0.01,2706,1,4893,0,0,0,0,2.07126355171,4.55638582935e-05,1,0.816525870119,0,0,0,0
fresh,aligned,11111,1,0,role_add,0.01,2785,80,6221,38400,300,5529600,0.0935136000007,2.07110738754,0,1,0.816013213014,0,0,0,0
fresh,aligned,11111,1,1,role_add,0.01,2785,80,6221,38400,300,5529600,0.0935136000007,2.07126545906,4.73738546134e-05,1,0.816454231332,0,0,0,0
fresh,aligned,11111,1,0,role_film,0.01,2879,173,7295,38400,300,6144000,0.103110577002,2.07110738754,0,1,0.816013213014,0,0,0,0
fresh,aligned,11111,1,1,role_film,0.01,2879,173,7295,38400,300,6144000,0.103110577002,2.0712594986,4.12500594393e-05,0.9970703125,0.813599773683,0,0,0,0
fresh,aligned,11111,1,0,input_lora_rank2,0.01,3012,299,7679,38400,300,7372800,0.111659312002,2.07110738754,0,1,0.816013213014,0,0,0,0
fresh,aligned,11111,1,1,input_lora_rank2,0.01,3012,299,7679,38400,300,7372800,0.111659312002,2.07121825218,1.336378741e-08,1,0.815932221711,0,0,0,0
fresh,aligned,11111,1,0,head_lora_rank2,0.01,2945,233,7487,38400,300,6758400,0.114207302002,2.07110738754,0,1,0.816013213014,0,0,0,0
fresh,aligned,11111,1,1,head_lora_rank2,0.01,2945,233,7487,38400,300,6758400,0.114207302002,2.07121825218,2.79525771418e-08,1,0.815904075745,0,0,0,0
fresh,aligned,11111,1,0,full_role_head,0.01,3247,536,7565,38400,300,9830400,0.0805015570004,2.07110738754,0,1,0.816013213014,0,0,0,0
fresh,aligned,11111,1,1,full_role_head,0.01,3247,536,7565,38400,300,9830400,0.0805015570004,2.07121825218,0,1,0.815917915665,0,0,0,0
fresh,aligned,11111,1,0,vsa_sign,0.01,2988,283,5401,0,0,0,0,2.07110738754,0,1,0.816013213014,0,0,0,0
fresh,aligned,11111,1,1,vsa_sign,0.01,2988,283,5401,0,0,0,0,2.08365249634,0.0124344704673,0.111328125,0.058895841823,0,0,0,0
fresh,aligned,11111,1,0,full_role_map,0.01,3753,1043,9101,38400,300,14745600,0.0875930869988,2.07110738754,0,1,0.816013213014,0,0,0,0
fresh,aligned,11111,1,1,full_role_map,0.01,3753,1043,9101,38400,300,14745600,0.0875930869988,2.07121825218,0,1,0.815917966422,0,0,0,0
fresh,aligned,11111,1,0,mirror_givens,0.01,2730,20,6157,38400,300,5222400,0.147026392999,2.07110738754,0,1,0.816013213014,0,0,0,0
fresh,aligned,11111,1,1,mirror_givens,0.01,2730,20,6157,38400,300,5222400,0.147026392999,2.07121825218,0,1,0.815917906817,0,0,0,0
fresh,aligned,11111,1,0,exact_teacher,0.01,2751,41,5145,0,0,0,0,2.07110738754,0,1,0.816013213014,0,0,0,0
fresh,aligned,11111,1,1,exact_teacher,0.01,2751,41,5145,0,0,0,0,2.07121825218,0,1,0.815917915665,0,0,0,0
fresh,aligned,11111,2,0,hard_tie,0.01,2707,2,4893,0,0,0,0,2.07071781158,0,1,0.814764965675,0,0,0,0
fresh,aligned,11111,2,1,hard_tie,0.01,2707,2,4893,0,0,0,0,2.07100725174,4.33087152487e-05,0.9990234375,0.814608864253,0,0,0,0
fresh,aligned,11111,2,2,hard_tie,0.01,2707,2,4893,0,0,0,0,2.07097101212,1.11926074169e-05,1,0.81567555666,0,0,0,0
fresh,aligned,11111,2,0,role_add,0.01,2865,160,7359,38400,300,5529600,0.0855439570005,2.07071781158,0,1,0.814764965675,0,0,0,0
fresh,aligned,11111,2,1,role_add,0.01,2865,160,7359,38400,300,5529600,0.0855439570005,2.07100915909,4.52000895166e-05,1,0.815515479771,0,0,0,0
fresh,aligned,11111,2,2,role_add,0.01,2865,160,7359,38400,300,5529600,0.0855439570005,2.07097029686,1.04332011688e-05,1,0.815580899362,0,0,0,0
fresh,aligned,11111,2,0,role_film,0.01,3052,346,9767,38400,300,6144000,0.118993247997,2.07071781158,0,1,0.814764965675,0,0,0,0
fresh,aligned,11111,2,1,role_film,0.01,3052,346,9767,38400,300,6144000,0.118993247997,2.07100296021,3.8917947677e-05,0.994140625,0.809822053416,0,0,0,0
fresh,aligned,11111,2,2,role_film,0.01,3052,346,9767,38400,300,6144000,0.118993247997,2.07096886635,9.02476494957e-06,1,0.815594787826,0,0,0,0
fresh,aligned,11111,2,0,input_lora_rank2,0.01,3311,598,10535,38400,300,7372800,0.106831255998,2.07071781158,0,1,0.814764965675,0,0,0,0
fresh,aligned,11111,2,1,input_lora_rank2,0.01,3311,598,10535,38400,300,7372800,0.106831255998,2.07096409798,1.53069219522e-08,1,0.815282759024,0,0,0,0
fresh,aligned,11111,2,2,input_lora_rank2,0.01,3311,598,10535,38400,300,7372800,0.106831255998,2.07096004486,4.29436441962e-09,1,0.815315602114,0,0,0,0
fresh,aligned,11111,2,0,head_lora_rank2,0.01,3178,466,10151,38400,300,6758400,0.105702302,2.07071781158,0,1,0.814764965675,0,0,0,0
fresh,aligned,11111,2,1,head_lora_rank2,0.01,3178,466,10151,38400,300,6758400,0.105702302,2.07096409798,2.70808033775e-08,1,0.815256743517,0,0,0,0
fresh,aligned,11111,2,2,head_lora_rank2,0.01,3178,466,10151,38400,300,6758400,0.105702302,2.07096004486,2.20982010468e-09,1,0.815316913766,0,0,0,0
fresh,aligned,11111,2,0,full_role_head,0.01,3783,1072,10111,38400,300,9830400,0.0960985630009,2.07071781158,0,1,0.814764965675,0,0,0,0
fresh,aligned,11111,2,1,full_role_head,0.01,3783,1072,10111,38400,300,9830400,0.0960985630009,2.07096409798,3.44697870247e-09,1,0.81526901084,0,0,0,0
fresh,aligned,11111,2,2,full_role_head,0.01,3783,1072,10111,38400,300,9830400,0.0960985630009,2.07096004486,5.6151359118e-09,1,0.815317954461,0,0,0,0
fresh,aligned,11111,2,0,vsa_sign,0.01,2989,284,5401,0,0,0,0,2.07071781158,0,1,0.814764965675,0,0,0,0
fresh,aligned,11111,2,1,vsa_sign,0.01,2989,284,5401,0,0,0,0,2.08351707458,0.0125531964004,0.1220703125,0.0484509945381,0,0,0,0
fresh,aligned,11111,2,2,vsa_sign,0.01,2989,284,5401,0,0,0,0,2.09545683861,0.0244968030602,0.0048828125,0.167404261301,0,0,0,0
fresh,aligned,11111,2,0,full_role_map,0.01,4796,2086,13183,38400,300,14745600,0.085715448,2.07071781158,0,1,0.814764965675,0,0,0,0
fresh,aligned,11111,2,1,full_role_map,0.01,4796,2086,13183,38400,300,14745600,0.085715448,2.07096385956,0,1,0.815269060491,0,0,0,0
fresh,aligned,11111,2,2,full_role_map,0.01,4796,2086,13183,38400,300,14745600,0.085715448,2.07096004486,2.114477482e-09,1,0.815318003064,0,0,0,0
fresh,aligned,11111,2,0,mirror_givens,0.01,2750,40,7231,38400,300,5222400,0.145462236,2.07071781158,0,1,0.814764965675,0,0,0,0
fresh,aligned,11111,2,1,mirror_givens,0.01,2750,40,7231,38400,300,5222400,0.145462236,2.07096409798,0,1,0.815269000886,0,0,0,0
fresh,aligned,11111,2,2,mirror_givens,0.01,2750,40,7231,38400,300,5222400,0.145462236,2.07096004486,1.70408043232e-09,1,0.815317943459,0,0,0,0
fresh,aligned,11111,2,0,exact_teacher,0.01,2752,42,5145,0,0,0,0,2.07071781158,0,1,0.814764965675,0,0,0,0
fresh,aligned,11111,2,1,exact_teacher,0.01,2752,42,5145,0,0,0,0,2.07096409798,0,1,0.81526901084,0,0,0,0
fresh,aligned,11111,2,2,exact_teacher,0.01,2752,42,5145,0,0,0,0,2.07096004486,0,1,0.815317943459,0,0,0,0
fresh,aligned,11111,3,0,hard_tie,0.01,2708,3,4893,0,0,0,0,2.07057929039,0,1,0.814641567413,2048,50,0.00130479500149,78479761.099
fresh,aligned,11111,3,1,hard_tie,0.01,2708,3,4893,0,0,0,0,2.07093787193,4.49518120149e-05,0.9990234375,0.814720807481,2048,50,0.00130479500149,78479761.099
fresh,aligned,11111,3,2,hard_tie,0.01,2708,3,4893,0,0,0,0,2.0711042881,1.10328355731e-05,1,0.8161210611,2048,50,0.00130479500149,78479761.099
fresh,aligned,11111,3,3,hard_tie,0.01,2708,3,4893,0,0,0,0,2.07140111923,0.000114428003144,0.9736328125,0.789875628194,2048,50,0.00130479500149,78479761.099
fresh,aligned,11111,3,0,role_add,0.01,2945,240,8627,38400,300,5529600,0.102261516997,2.07057929039,0,1,0.814641567413,2048,50,0.00218692699855,46823693.7346
fresh,aligned,11111,3,1,role_add,0.01,2945,240,8627,38400,300,5529600,0.102261516997,2.0709400177,4.69131045975e-05,0.9990234375,0.814652303001,2048,50,0.00218692699855,46823693.7346
fresh,aligned,11111,3,2,role_add,0.01,2945,240,8627,38400,300,5529600,0.102261516997,2.07110357285,1.03018401205e-05,1,0.816047062166,2048,50,0.00218692699855,46823693.7346
fresh,aligned,11111,3,3,role_add,0.01,2945,240,8627,38400,300,5529600,0.102261516997,2.07138776779,0.000101177371107,0.974609375,0.791197752173,2048,50,0.00218692699855,46823693.7346
fresh,aligned,11111,3,0,role_film,0.01,3225,519,12175,38400,300,6144000,0.110515979999,2.07057929039,0,1,0.814641567413,2048,50,0.00213780099875,47899687.6041
fresh,aligned,11111,3,1,role_film,0.01,3225,519,12175,38400,300,6144000,0.110515979999,2.07093334198,4.03812373406e-05,0.99609375,0.81185523991,2048,50,0.00213780099875,47899687.6041
fresh,aligned,11111,3,2,role_film,0.01,3225,519,12175,38400,300,6144000,0.110515979999,2.07110238075,8.86369525688e-06,0.998046875,0.814118113485,2048,50,0.00213780099875,47899687.6041
fresh,aligned,11111,3,3,role_film,0.01,3225,519,12175,38400,300,6144000,0.110515979999,2.07136583328,7.92107312009e-05,0.9716796875,0.789286696119,2048,50,0.00213780099875,47899687.6041
fresh,aligned,11111,3,0,input_lora_rank2,0.01,3610,897,13327,38400,300,7372800,0.115580802001,2.07057929039,0,1,0.814641567413,2048,50,0.00241144100073,42464236.1015
fresh,aligned,11111,3,1,input_lora_rank2,0.01,3610,897,13327,38400,300,7372800,0.115580802001,2.07089281082,1.65054210299e-08,1,0.815257872222,2048,50,0.00241144100073,42464236.1015
fresh,aligned,11111,3,2,input_lora_rank2,0.01,3610,897,13327,38400,300,7372800,0.115580802001,2.07109308243,2.56407028942e-09,1,0.81583381322,2048,50,0.00241144100073,42464236.1015
fresh,aligned,11111,3,3,input_lora_rank2,0.01,3610,897,13327,38400,300,7372800,0.115580802001,2.07128667831,7.42154995237e-08,1,0.817930459394,2048,50,0.00241144100073,42464236.1015
fresh,aligned,11111,3,0,head_lora_rank2,0.01,3411,699,12751,38400,300,6758400,0.120940981,2.07057929039,0,1,0.814641567413,2048,50,0.0026724950003,38316255.0308
fresh,aligned,11111,3,1,head_lora_rank2,0.01,3411,699,12751,38400,300,6758400,0.120940981,2.07089281082,3.17327319976e-08,1,0.815228239226,2048,50,0.0026724950003,38316255.0308
fresh,aligned,11111,3,2,head_lora_rank2,0.01,3411,699,12751,38400,300,6758400,0.120940981,2.07109332085,1.26246535448e-09,1,0.815835029469,2048,50,0.0026724950003,38316255.0308
fresh,aligned,11111,3,3,head_lora_rank2,0.01,3411,699,12751,38400,300,6758400,0.120940981,2.07128667831,2.51955256658e-09,1,0.817923391936,2048,50,0.0026724950003,38316255.0308
fresh,aligned,11111,3,0,full_role_head,0.01,4319,1608,12723,38400,300,9830400,0.104389070999,2.07057929039,0,1,0.814641567413,2048,50,0.00183518399717,55798219.774
fresh,aligned,11111,3,1,full_role_head,0.01,4319,1608,12723,38400,300,9830400,0.104389070999,2.07089281082,1.93887128574e-10,1,0.815242842247,2048,50,0.00183518399717,55798219.774
fresh,aligned,11111,3,2,full_role_head,0.01,4319,1608,12723,38400,300,9830400,0.104389070999,2.07109332085,1.13358211706e-09,1,0.815835988557,2048,50,0.00183518399717,55798219.774
fresh,aligned,11111,3,3,full_role_head,0.01,4319,1608,12723,38400,300,9830400,0.104389070999,2.07128667831,3.00682123644e-09,1,0.817923067196,2048,50,0.00183518399717,55798219.774
fresh,aligned,11111,3,0,vsa_sign,0.01,2990,285,5401,0,0,0,0,2.07057929039,0,1,0.814641567413,2048,50,0.00132569900234,77242269.7909
fresh,aligned,11111,3,1,vsa_sign,0.01,2990,285,5401,0,0,0,0,2.08322095871,0.0123281423002,0.1318359375,0.0378798542515,2048,50,0.00132569900234,77242269.7909
fresh,aligned,11111,3,2,vsa_sign,0.01,2990,285,5401,0,0,0,0,2.09511566162,0.0240221451968,0.0107421875,0.16158706136,2048,50,0.00132569900234,77242269.7909
fresh,aligned,11111,3,3,vsa_sign,0.01,2990,285,5401,0,0,0,0,2.08369827271,0.0124117555097,0.111328125,0.0497985184193,2048,50,0.00132569900234,77242269.7909
fresh,aligned,11111,3,0,full_role_map,0.01,5839,3129,17331,38400,300,14745600,0.0886583399988,2.07057929039,0,1,0.814641567413,2048,50,0.00161594900055,63368336.4791
fresh,aligned,11111,3,1,full_role_map,0.01,5839,3129,17331,38400,300,14745600,0.0886583399988,2.07089281082,3.52301787743e-09,1,0.815242901852,2048,50,0.00161594900055,63368336.4791
fresh,aligned,11111,3,2,full_role_map,0.01,5839,3129,17331,38400,300,14745600,0.0886583399988,2.07109332085,0,1,0.815835977555,2048,50,0.00161594900055,63368336.4791
fresh,aligned,11111,3,3,full_role_map,0.01,5839,3129,17331,38400,300,14745600,0.0886583399988,2.07128667831,3.29151261802e-09,1,0.817923140014,2048,50,0.00161594900055,63368336.4791
fresh,aligned,11111,3,0,mirror_givens,0.01,2770,60,8243,38400,300,5222400,0.156259080002,2.07057929039,0,1,0.814641567413,2048,50,0.00419832499756,24390679.6305
fresh,aligned,11111,3,1,mirror_givens,0.01,2770,60,8243,38400,300,5222400,0.156259080002,2.07089281082,1.01275299258e-09,1,0.815242842247,2048,50,0.00419832499756,24390679.6305
fresh,aligned,11111,3,2,mirror_givens,0.01,2770,60,8243,38400,300,5222400,0.156259080002,2.07109332085,3.11052544832e-10,1,0.815835977555,2048,50,0.00419832499756,24390679.6305
fresh,aligned,11111,3,3,mirror_givens,0.01,2770,60,8243,38400,300,5222400,0.156259080002,2.07128667831,3.36689898184e-09,1,0.817923067196,2048,50,0.00419832499756,24390679.6305
fresh,aligned,11111,3,0,exact_teacher,0.01,2753,43,5145,0,0,0,0,2.07057929039,0,1,0.814641567413,2048,50,0.00407604900101,25122367.2666
fresh,aligned,11111,3,1,exact_teacher,0.01,2753,43,5145,0,0,0,0,2.07089281082,0,1,0.815242842247,2048,50,0.00407604900101,25122367.2666
fresh,aligned,11111,3,2,exact_teacher,0.01,2753,43,5145,0,0,0,0,2.07109332085,0,1,0.815835977555,2048,50,0.00407604900101,25122367.2666
fresh,aligned,11111,3,3,exact_teacher,0.01,2753,43,5145,0,0,0,0,2.07128667831,0,1,0.817923067196,2048,50,0.00407604900101,25122367.2666
fresh,aligned,11112,0,0,hard_tie,0.01,2705,0,4893,0,0,0,0,2.07408428192,0,1,0.835901069455,0,0,0,0
fresh,aligned,11112,0,0,role_add,0.01,2705,0,4893,0,0,0,0,2.07408428192,0,1,0.835901069455,0,0,0,0
fresh,aligned,11112,0,0,role_film,0.01,2706,0,4893,0,0,0,0,2.07408428192,0,1,0.835901069455,0,0,0,0
fresh,aligned,11112,0,0,input_lora_rank2,0.01,2713,0,4893,0,0,0,0,2.07408428192,0,1,0.835901069455,0,0,0,0
fresh,aligned,11112,0,0,head_lora_rank2,0.01,2712,0,4893,0,0,0,0,2.07408428192,0,1,0.835901069455,0,0,0,0
fresh,aligned,11112,0,0,full_role_head,0.01,2711,0,4893,0,0,0,0,2.07408428192,0,1,0.835901069455,0,0,0,0
fresh,aligned,11112,0,0,vsa_sign,0.01,2987,282,5401,0,0,0,0,2.07408428192,0,1,0.835901069455,0,0,0,0
fresh,aligned,11112,0,0,full_role_map,0.01,2710,0,4893,0,0,0,0,2.07408428192,0,1,0.835901069455,0,0,0,0
fresh,aligned,11112,0,0,mirror_givens,0.01,2710,0,4893,0,0,0,0,2.07408428192,0,1,0.835901069455,0,0,0,0
fresh,aligned,11112,0,0,exact_teacher,0.01,2750,40,5145,0,0,0,0,2.07408428192,0,1,0.835901069455,0,0,0,0
fresh,aligned,11112,1,0,hard_tie,0.01,2706,1,4893,0,0,0,0,2.0740981102,0,1,0.835567864357,0,0,0,0
fresh,aligned,11112,1,1,hard_tie,0.01,2706,1,4893,0,0,0,0,2.0741379261,3.43235005857e-05,0.8916015625,0.728024572134,0,0,0,0
fresh,aligned,11112,1,0,role_add,0.01,2785,80,6221,38400,300,5529600,0.0822138619988,2.0740981102,0,1,0.835567864357,0,0,0,0
fresh,aligned,11112,1,1,role_add,0.01,2785,80,6221,38400,300,5529600,0.0822138619988,2.07413673401,3.33150528604e-05,0.89453125,0.73086187744,0,0,0,0
fresh,aligned,11112,1,0,role_film,0.01,2879,173,7295,38400,300,6144000,0.120155807002,2.0740981102,0,1,0.835567864357,0,0,0,0
fresh,aligned,11112,1,1,role_film,0.01,2879,173,7295,38400,300,6144000,0.120155807002,2.07414221764,3.86909414374e-05,0.875,0.71105451294,0,0,0,0
fresh,aligned,11112,1,0,input_lora_rank2,0.01,3012,299,7679,38400,300,7372800,0.114826625002,2.0740981102,0,1,0.835567864357,0,0,0,0
fresh,aligned,11112,1,1,input_lora_rank2,0.01,3012,299,7679,38400,300,7372800,0.114826625002,2.07410359383,0,1,0.836189654423,0,0,0,0
fresh,aligned,11112,1,0,head_lora_rank2,0.01,2945,233,7487,38400,300,6758400,0.107585921,2.0740981102,0,1,0.835567864357,0,0,0,0
fresh,aligned,11112,1,1,head_lora_rank2,0.01,2945,233,7487,38400,300,6758400,0.107585921,2.07410359383,0,1,0.836189594585,0,0,0,0
fresh,aligned,11112,1,0,full_role_head,0.01,3247,536,7565,38400,300,9830400,0.0815654869984,2.0740981102,0,1,0.835567864357,0,0,0,0
fresh,aligned,11112,1,1,full_role_head,0.01,3247,536,7565,38400,300,9830400,0.0815654869984,2.07410359383,0,1,0.836189654656,0,0,0,0
fresh,aligned,11112,1,0,vsa_sign,0.01,2988,283,5401,0,0,0,0,2.0740981102,0,1,0.835567864357,0,0,0,0
fresh,aligned,11112,1,1,vsa_sign,0.01,2988,283,5401,0,0,0,0,2.09000325203,0.0158998779953,0.12109375,0.102468221216,0,0,0,0
fresh,aligned,11112,1,0,full_role_map,0.01,3753,1043,9101,38400,300,14745600,0.0872440580024,2.0740981102,0,1,0.835567864357,0,0,0,0
fresh,aligned,11112,1,1,full_role_map,0.01,3753,1043,9101,38400,300,14745600,0.0872440580024,2.07410359383,0,1,0.836189654656,0,0,0,0
fresh,aligned,11112,1,0,mirror_givens,0.01,2730,20,6157,38400,300,5222400,0.140929325997,2.0740981102,0,1,0.835567864357,0,0,0,0
fresh,aligned,11112,1,1,mirror_givens,0.01,2730,20,6157,38400,300,5222400,0.140929325997,2.07410359383,0,1,0.83618965419,0,0,0,0
fresh,aligned,11112,1,0,exact_teacher,0.01,2751,41,5145,0,0,0,0,2.0740981102,0,1,0.835567864357,0,0,0,0
fresh,aligned,11112,1,1,exact_teacher,0.01,2751,41,5145,0,0,0,0,2.07410359383,0,1,0.83618965419,0,0,0,0
fresh,aligned,11112,2,0,hard_tie,0.01,2707,2,4893,0,0,0,0,2.07413506508,0,1,0.836023592623,0,0,0,0
fresh,aligned,11112,2,1,hard_tie,0.01,2707,2,4893,0,0,0,0,2.07403373718,3.14693606924e-05,0.904296875,0.739673330798,0,0,0,0
fresh,aligned,11112,2,2,hard_tie,0.01,2707,2,4893,0,0,0,0,2.07413220406,3.97189469368e-05,0.8984375,0.733829495963,0,0,0,0
fresh,aligned,11112,2,0,role_add,0.01,2865,160,7359,38400,300,5529600,0.0863794279976,2.07413506508,0,1,0.836023592623,0,0,0,0
fresh,aligned,11112,2,1,role_add,0.01,2865,160,7359,38400,300,5529600,0.0863794279976,2.07403278351,3.0585040804e-05,0.90625,0.741528892715,0,0,0,0
fresh,aligned,11112,2,2,role_add,0.01,2865,160,7359,38400,300,5529600,0.0863794279976,2.07413053513,3.82691578125e-05,0.90625,0.741484205704,0,0,0,0
fresh,aligned,11112,2,0,role_film,0.01,3052,346,9767,38400,300,6144000,0.108256772,2.07413506508,0,1,0.836023592623,0,0,0,0
fresh,aligned,11112,2,1,role_film,0.01,3052,346,9767,38400,300,6144000,0.108256772,2.07403802872,3.5955250496e-05,0.8857421875,0.720782337245,0,0,0,0
fresh,aligned,11112,2,2,role_film,0.01,3052,346,9767,38400,300,6144000,0.108256772,2.07413578033,4.3846997869e-05,0.890625,0.725476540043,0,0,0,0
fresh,aligned,11112,2,0,input_lora_rank2,0.01,3311,598,10535,38400,300,7372800,0.104087116997,2.07413506508,0,1,0.836023592623,0,0,0,0
fresh,aligned,11112,2,1,input_lora_rank2,0.01,3311,598,10535,38400,300,7372800,0.104087116997,2.07400226593,0,1,0.835089271306,0,0,0,0
fresh,aligned,11112,2,2,input_lora_rank2,0.01,3311,598,10535,38400,300,7372800,0.104087116997,2.07409238815,1.30195065839e-09,1,0.835113141919,0,0,0,0
fresh,aligned,11112,2,0,head_lora_rank2,0.01,3178,466,10151,38400,300,6758400,0.153658158,2.07413506508,0,1,0.836023592623,0,0,0,0
fresh,aligned,11112,2,1,head_lora_rank2,0.01,3178,466,10151,38400,300,6758400,0.153658158,2.07400226593,6.99385660496e-10,1,0.835089211119,0,0,0,0
fresh,aligned,11112,2,2,head_lora_rank2,0.01,3178,466,10151,38400,300,6758400,0.153658158,2.07409214973,0,1,0.835112462286,0,0,0,0
fresh,aligned,11112,2,0,full_role_head,0.01,3783,1072,10111,38400,300,9830400,0.0895801049992,2.07413506508,0,1,0.836023592623,0,0,0,0
fresh,aligned,11112,2,1,full_role_head,0.01,3783,1072,10111,38400,300,9830400,0.0895801049992,2.07400226593,1.18063148147e-09,1,0.835089271888,0,0,0,0
fresh,aligned,11112,2,2,full_role_head,0.01,3783,1072,10111,38400,300,9830400,0.0895801049992,2.07409238815,0,1,0.835111450986,0,0,0,0
fresh,aligned,11112,2,0,vsa_sign,0.01,2989,284,5401,0,0,0,0,2.07413506508,0,1,0.836023592623,0,0,0,0
fresh,aligned,11112,2,1,vsa_sign,0.01,2989,284,5401,0,0,0,0,2.08963322639,0.015631005168,0.1201171875,0.0943854358047,0,0,0,0
fresh,aligned,11112,2,2,vsa_sign,0.01,2989,284,5401,0,0,0,0,2.09380245209,0.0197104047984,0.00390625,0.170864183601,0,0,0,0
fresh,aligned,11112,2,0,full_role_map,0.01,4796,2086,13183,38400,300,14745600,0.091758216,2.07413506508,0,1,0.836023592623,0,0,0,0
fresh,aligned,11112,2,1,full_role_map,0.01,4796,2086,13183,38400,300,14745600,0.091758216,2.07400226593,0,1,0.835089330911,0,0,0,0
fresh,aligned,11112,2,2,full_role_map,0.01,4796,2086,13183,38400,300,14745600,0.091758216,2.07409214973,7.00996261038e-10,1,0.835111336375,0,0,0,0
fresh,aligned,11112,2,0,mirror_givens,0.01,2750,40,7231,38400,300,5222400,0.140298447001,2.07413506508,0,1,0.836023592623,0,0,0,0
fresh,aligned,11112,2,1,mirror_givens,0.01,2750,40,7231,38400,300,5222400,0.140298447001,2.07400226593,0,1,0.835089271306,0,0,0,0
fresh,aligned,11112,2,2,mirror_givens,0.01,2750,40,7231,38400,300,5222400,0.140298447001,2.07409238815,0,1,0.835111450986,0,0,0,0
fresh,aligned,11112,2,0,exact_teacher,0.01,2752,42,5145,0,0,0,0,2.07413506508,0,1,0.836023592623,0,0,0,0
fresh,aligned,11112,2,1,exact_teacher,0.01,2752,42,5145,0,0,0,0,2.07400226593,0,1,0.835089271306,0,0,0,0
fresh,aligned,11112,2,2,exact_teacher,0.01,2752,42,5145,0,0,0,0,2.07409238815,0,1,0.835111450986,0,0,0,0
fresh,aligned,11112,3,0,hard_tie,0.01,2708,3,4893,0,0,0,0,2.07403850555,0,1,0.83537560876,2048,50,0.00107611600106,95157027.5874
fresh,aligned,11112,3,1,hard_tie,0.01,2708,3,4893,0,0,0,0,2.07413434982,3.14789213007e-05,0.8955078125,0.730641932867,2048,50,0.00107611600106,95157027.5874
fresh,aligned,11112,3,2,hard_tie,0.01,2708,3,4893,0,0,0,0,2.07412052155,4.30477666669e-05,0.88671875,0.723058556672,2048,50,0.00107611600106,95157027.5874
fresh,aligned,11112,3,3,hard_tie,0.01,2708,3,4893,0,0,0,0,2.07409667969,4.07638101052e-09,0.9990234375,0.834768994711,2048,50,0.00107611600106,95157027.5874
fresh,aligned,11112,3,0,role_add,0.01,2945,240,8627,38400,300,5529600,0.0988406539982,2.07403850555,0,1,0.83537560876,2048,50,0.00140698300311,72779841.5289
fresh,aligned,11112,3,1,role_add,0.01,2945,240,8627,38400,300,5529600,0.0988406539982,2.07413339615,3.05121011479e-05,0.8994140625,0.734448635718,2048,50,0.00140698300311,72779841.5289
fresh,aligned,11112,3,2,role_add,0.01,2945,240,8627,38400,300,5529600,0.0988406539982,2.0741186142,4.12735498685e-05,0.8935546875,0.729741769959,2048,50,0.00140698300311,72779841.5289
fresh,aligned,11112,3,3,role_add,0.01,2945,240,8627,38400,300,5529600,0.0988406539982,2.07409667969,3.45593198503e-09,0.9990234375,0.834770405665,2048,50,0.00140698300311,72779841.5289
fresh,aligned,11112,3,0,role_film,0.01,3225,519,12175,38400,300,6144000,0.0963800600002,2.07403850555,0,1,0.83537560876,2048,50,0.00177397600055,57723441.5619
fresh,aligned,11112,3,1,role_film,0.01,3225,519,12175,38400,300,6144000,0.0963800600002,2.07413911819,3.61016027455e-05,0.876953125,0.711755432247,2048,50,0.00177397600055,57723441.5619
fresh,aligned,11112,3,2,role_film,0.01,3225,519,12175,38400,300,6144000,0.0963800600002,2.07412409782,4.69405786134e-05,0.8779296875,0.7137071084,2048,50,0.00177397600055,57723441.5619
fresh,aligned,11112,3,3,role_film,0.01,3225,519,12175,38400,300,6144000,0.0963800600002,2.07409667969,1.36533728767e-09,0.9990234375,0.834770930931,2048,50,0.00177397600055,57723441.5619
fresh,aligned,11112,3,0,input_lora_rank2,0.01,3610,897,13327,38400,300,7372800,0.110805695,2.07403850555,0,1,0.83537560876,2048,50,0.00202200499916,50642802.5858
fresh,aligned,11112,3,1,input_lora_rank2,0.01,3610,897,13327,38400,300,7372800,0.110805695,2.07410264015,4.96030549968e-10,1,0.834864581353,2048,50,0.00202200499916,50642802.5858
fresh,aligned,11112,3,2,input_lora_rank2,0.01,3610,897,13327,38400,300,7372800,0.110805695,2.0740776062,6.65410504475e-10,1,0.835945857805,2048,50,0.00202200499916,50642802.5858
fresh,aligned,11112,3,3,input_lora_rank2,0.01,3610,897,13327,38400,300,7372800,0.110805695,2.07409667969,2.67015365374e-09,0.9990234375,0.834769781679,2048,50,0.00202200499916,50642802.5858
fresh,aligned,11112,3,0,head_lora_rank2,0.01,3411,699,12751,38400,300,6758400,0.113849860998,2.07403850555,0,1,0.83537560876,2048,50,0.00231184099903,44293703.6081
fresh,aligned,11112,3,1,head_lora_rank2,0.01,3411,699,12751,38400,300,6758400,0.113849860998,2.07410264015,2.19389950651e-09,1,0.834864521225,2048,50,0.00231184099903,44293703.6081
fresh,aligned,11112,3,2,head_lora_rank2,0.01,3411,699,12751,38400,300,6758400,0.113849860998,2.0740776062,4.45996017895e-12,1,0.835945280967,2048,50,0.00231184099903,44293703.6081
fresh,aligned,11112,3,3,head_lora_rank2,0.01,3411,699,12751,38400,300,6758400,0.113849860998,2.07409667969,2.26643792622e-09,0.9990234375,0.834768800065,2048,50,0.00231184099903,44293703.6081
fresh,aligned,11112,3,0,full_role_head,0.01,4319,1608,12723,38400,300,9830400,0.102717606002,2.07403850555,0,1,0.83537560876,2048,50,0.00180092800292,56859574.5271
fresh,aligned,11112,3,1,full_role_head,0.01,4319,1608,12723,38400,300,9830400,0.102717606002,2.07410264015,0,1,0.834864581877,2048,50,0.00180092800292,56859574.5271
fresh,aligned,11112,3,2,full_role_head,0.01,4319,1608,12723,38400,300,9830400,0.102717606002,2.07407736778,0,1,0.835944177816,2048,50,0.00180092800292,56859574.5271
fresh,aligned,11112,3,3,full_role_head,0.01,4319,1608,12723,38400,300,9830400,0.102717606002,2.07409667969,2.49512766004e-09,1,0.835744290613,2048,50,0.00180092800292,56859574.5271
fresh,aligned,11112,3,0,vsa_sign,0.01,2990,285,5401,0,0,0,0,2.07403850555,0,1,0.83537560876,2048,50,0.00135366199902,75646653.3553
fresh,aligned,11112,3,1,vsa_sign,0.01,2990,285,5401,0,0,0,0,2.09002113342,0.0159183144569,0.12109375,0.0952234542056,2048,50,0.00135366199902,75646653.3553
fresh,aligned,11112,3,2,vsa_sign,0.01,2990,285,5401,0,0,0,0,2.0941991806,0.020121762529,0.0068359375,0.168851314273,2048,50,0.00135366199902,75646653.3553
fresh,aligned,11112,3,3,vsa_sign,0.01,2990,285,5401,0,0,0,0,2.08557868004,0.0114817218855,0.4423828125,0.253729177086,2048,50,0.00135366199902,75646653.3553
fresh,aligned,11112,3,0,full_role_map,0.01,5839,3129,17331,38400,300,14745600,0.0888393370005,2.07403850555,0,1,0.83537560876,2048,50,0.00163624099878,62582468.0328
fresh,aligned,11112,3,1,full_role_map,0.01,5839,3129,17331,38400,300,14745600,0.0888393370005,2.07410264015,1.00761288202e-10,1,0.834864581877,2048,50,0.00163624099878,62582468.0328
fresh,aligned,11112,3,2,full_role_map,0.01,5839,3129,17331,38400,300,14745600,0.0888393370005,2.0740776062,0,1,0.835944087652,2048,50,0.00163624099878,62582468.0328
fresh,aligned,11112,3,3,full_role_map,0.01,5839,3129,17331,38400,300,14745600,0.0888393370005,2.07409667969,2.51321452538e-09,1,0.835744123906,2048,50,0.00163624099878,62582468.0328
fresh,aligned,11112,3,0,mirror_givens,0.01,2770,60,8243,38400,300,5222400,0.146747099003,2.07403850555,0,1,0.83537560876,2048,50,0.00403493200065,25378370.6847
fresh,aligned,11112,3,1,mirror_givens,0.01,2770,60,8243,38400,300,5222400,0.146747099003,2.07410264015,0,1,0.834864580829,2048,50,0.00403493200065,25378370.6847
fresh,aligned,11112,3,2,mirror_givens,0.01,2770,60,8243,38400,300,5222400,0.146747099003,2.0740776062,0,1,0.835944177816,2048,50,0.00403493200065,25378370.6847
fresh,aligned,11112,3,3,mirror_givens,0.01,2770,60,8243,38400,300,5222400,0.146747099003,2.07409667969,0,1,0.835744122975,2048,50,0.00403493200065,25378370.6847
fresh,aligned,11112,3,0,exact_teacher,0.01,2753,43,5145,0,0,0,0,2.07403850555,0,1,0.83537560876,2048,50,0.00473628100008,21620338.8267
fresh,aligned,11112,3,1,exact_teacher,0.01,2753,43,5145,0,0,0,0,2.07410264015,0,1,0.834864580829,2048,50,0.00473628100008,21620338.8267
fresh,aligned,11112,3,2,exact_teacher,0.01,2753,43,5145,0,0,0,0,2.0740776062,0,1,0.835944177816,2048,50,0.00473628100008,21620338.8267
fresh,aligned,11112,3,3,exact_teacher,0.01,2753,43,5145,0,0,0,0,2.07409667969,0,1,0.835744122975,2048,50,0.00473628100008,21620338.8267
fresh,aligned,11113,0,0,hard_tie,0.01,2705,0,4893,0,0,0,0,2.07048821449,0,1,0.817084957904,0,0,0,0
fresh,aligned,11113,0,0,role_add,0.01,2705,0,4893,0,0,0,0,2.07048821449,0,1,0.817084957904,0,0,0,0
fresh,aligned,11113,0,0,role_film,0.01,2706,0,4893,0,0,0,0,2.07048821449,0,1,0.817084957904,0,0,0,0
fresh,aligned,11113,0,0,input_lora_rank2,0.01,2713,0,4893,0,0,0,0,2.07048821449,0,1,0.817084957904,0,0,0,0
fresh,aligned,11113,0,0,head_lora_rank2,0.01,2712,0,4893,0,0,0,0,2.07048821449,0,1,0.817084957904,0,0,0,0
fresh,aligned,11113,0,0,full_role_head,0.01,2711,0,4893,0,0,0,0,2.07048821449,0,1,0.817084957904,0,0,0,0
fresh,aligned,11113,0,0,vsa_sign,0.01,2987,282,5401,0,0,0,0,2.07048821449,0,1,0.817084957904,0,0,0,0
fresh,aligned,11113,0,0,full_role_map,0.01,2710,0,4893,0,0,0,0,2.07048821449,0,1,0.817084957904,0,0,0,0
fresh,aligned,11113,0,0,mirror_givens,0.01,2710,0,4893,0,0,0,0,2.07048821449,0,1,0.817084957904,0,0,0,0
fresh,aligned,11113,0,0,exact_teacher,0.01,2750,40,5145,0,0,0,0,2.07048821449,0,1,0.817084957904,0,0,0,0
fresh,aligned,11113,1,0,hard_tie,0.01,2706,1,4893,0,0,0,0,2.07052779198,0,1,0.816287358291,0,0,0,0
fresh,aligned,11113,1,1,hard_tie,0.01,2706,1,4893,0,0,0,0,2.07063889503,2.79375872196e-05,0.9287109375,0.745828289888,0,0,0,0
fresh,aligned,11113,1,0,role_add,0.01,2785,80,6221,38400,300,5529600,0.0843668279995,2.07052779198,0,1,0.816287358291,0,0,0,0
fresh,aligned,11113,1,1,role_add,0.01,2785,80,6221,38400,300,5529600,0.0843668279995,2.0706410408,2.98365084745e-05,0.9326171875,0.749900344759,0,0,0,0
fresh,aligned,11113,1,0,role_film,0.01,2879,173,7295,38400,300,6144000,0.109676521999,2.07052779198,0,1,0.816287358291,0,0,0,0
fresh,aligned,11113,1,1,role_film,0.01,2879,173,7295,38400,300,6144000,0.109676521999,2.07064914703,3.78049226128e-05,0.923828125,0.741094479105,0,0,0,0
fresh,aligned,11113,1,0,input_lora_rank2,0.01,3012,299,7679,38400,300,7372800,0.0973353499976,2.07052779198,0,1,0.816287358291,0,0,0,0
fresh,aligned,11113,1,1,input_lora_rank2,0.01,3012,299,7679,38400,300,7372800,0.0973353499976,2.07061100006,0,1,0.817874787375,0,0,0,0
fresh,aligned,11113,1,0,head_lora_rank2,0.01,2945,233,7487,38400,300,6758400,0.103482076003,2.07052779198,0,1,0.816287358291,0,0,0,0
fresh,aligned,11113,1,1,head_lora_rank2,0.01,2945,233,7487,38400,300,6758400,0.103482076003,2.07061100006,1.9492178982e-09,1,0.81787110935,0,0,0,0
fresh,aligned,11113,1,0,full_role_head,0.01,3247,536,7565,38400,300,9830400,0.082454673,2.07052779198,0,1,0.816287358291,0,0,0,0
fresh,aligned,11113,1,1,full_role_head,0.01,3247,536,7565,38400,300,9830400,0.082454673,2.07061100006,9.28253973687e-10,1,0.817872894229,0,0,0,0
fresh,aligned,11113,1,0,vsa_sign,0.01,2988,283,5401,0,0,0,0,2.07052779198,0,1,0.816287358291,0,0,0,0
fresh,aligned,11113,1,1,vsa_sign,0.01,2988,283,5401,0,0,0,0,2.09355282784,0.0229415856302,0.1669921875,0.0173504267732,0,0,0,0
fresh,aligned,11113,1,0,full_role_map,0.01,3753,1043,9101,38400,300,14745600,0.0857023230019,2.07052779198,0,1,0.816287358291,0,0,0,0
fresh,aligned,11113,1,1,full_role_map,0.01,3753,1043,9101,38400,300,14745600,0.0857023230019,2.07061100006,1.05831488018e-09,1,0.817863863427,0,0,0,0
fresh,aligned,11113,1,0,mirror_givens,0.01,2730,20,6157,38400,300,5222400,0.166612523,2.07052779198,0,1,0.816287358291,0,0,0,0
fresh,aligned,11113,1,1,mirror_givens,0.01,2730,20,6157,38400,300,5222400,0.166612523,2.07061100006,1.52291845801e-10,1,0.817872792715,0,0,0,0
fresh,aligned,11113,1,0,exact_teacher,0.01,2751,41,5145,0,0,0,0,2.07052779198,0,1,0.816287358291,0,0,0,0
fresh,aligned,11113,1,1,exact_teacher,0.01,2751,41,5145,0,0,0,0,2.07061100006,0,1,0.817872792715,0,0,0,0
fresh,aligned,11113,2,0,hard_tie,0.01,2707,2,4893,0,0,0,0,2.07060432434,0,1,0.817100216693,0,0,0,0
fresh,aligned,11113,2,1,hard_tie,0.01,2707,2,4893,0,0,0,0,2.07068300247,2.93411067105e-05,0.9365234375,0.753355436493,0,0,0,0
fresh,aligned,11113,2,2,hard_tie,0.01,2707,2,4893,0,0,0,0,2.07079052925,5.68046402805e-07,0.9853515625,0.80188105593,0,0,0,0
fresh,aligned,11113,2,0,role_add,0.01,2865,160,7359,38400,300,5529600,0.0953233929977,2.07060432434,0,1,0.817100216693,0,0,0,0
fresh,aligned,11113,2,1,role_add,0.01,2865,160,7359,38400,300,5529600,0.0953233929977,2.07068514824,3.16833975376e-05,0.939453125,0.756461473182,0,0,0,0
fresh,aligned,11113,2,2,role_add,0.01,2865,160,7359,38400,300,5529600,0.0953233929977,2.07079076767,5.95165147388e-07,0.986328125,0.802816011244,0,0,0,0
fresh,aligned,11113,2,0,role_film,0.01,3052,346,9767,38400,300,6144000,0.111800036,2.07060432434,0,1,0.817100216693,0,0,0,0
fresh,aligned,11113,2,1,role_film,0.01,3052,346,9767,38400,300,6144000,0.111800036,2.07069396973,4.05834434787e-05,0.927734375,0.744769001147,0,0,0,0
fresh,aligned,11113,2,2,role_film,0.01,3052,346,9767,38400,300,6144000,0.111800036,2.07079076767,7.58829912684e-07,0.984375,0.800925226533,0,0,0,0
fresh,aligned,11113,2,0,input_lora_rank2,0.01,3311,598,10535,38400,300,7372800,0.108548701002,2.07060432434,0,1,0.817100216693,0,0,0,0
fresh,aligned,11113,2,1,input_lora_rank2,0.01,3311,598,10535,38400,300,7372800,0.108548701002,2.07065343857,1.96934468732e-09,1,0.817559186195,0,0,0,0
fresh,aligned,11113,2,2,input_lora_rank2,0.01,3311,598,10535,38400,300,7372800,0.108548701002,2.070789814,1.81015347156e-09,1,0.816390135675,0,0,0,0
fresh,aligned,11113,2,0,head_lora_rank2,0.01,3178,466,10151,38400,300,6758400,0.113378087997,2.07060432434,0,1,0.817100216693,0,0,0,0
fresh,aligned,11113,2,1,head_lora_rank2,0.01,3178,466,10151,38400,300,6758400,0.113378087997,2.07065343857,9.66213331566e-10,0.9990234375,0.816579823149,0,0,0,0
fresh,aligned,11113,2,2,head_lora_rank2,0.01,3178,466,10151,38400,300,6758400,0.113378087997,2.070789814,7.90371412762e-09,0.9990234375,0.815398372826,0,0,0,0
fresh,aligned,11113,2,0,full_role_head,0.01,3783,1072,10111,38400,300,9830400,0.0813428789988,2.07060432434,0,1,0.817100216693,0,0,0,0
fresh,aligned,11113,2,1,full_role_head,0.01,3783,1072,10111,38400,300,9830400,0.0813428789988,2.07065343857,4.90313301071e-09,1,0.81755754794,0,0,0,0
fresh,aligned,11113,2,2,full_role_head,0.01,3783,1072,10111,38400,300,9830400,0.0813428789988,2.070789814,9.64784696578e-10,1,0.816388979554,0,0,0,0
fresh,aligned,11113,2,0,vsa_sign,0.01,2989,284,5401,0,0,0,0,2.07060432434,0,1,0.817100216693,0,0,0,0
fresh,aligned,11113,2,1,vsa_sign,0.01,2989,284,5401,0,0,0,0,2.09386229515,0.0232088696212,0.166015625,0.0205909432334,0,0,0,0
fresh,aligned,11113,2,2,vsa_sign,0.01,2989,284,5401,0,0,0,0,2.10043048859,0.0296404529363,0,0.18142691048,0,0,0,0
fresh,aligned,11113,2,0,full_role_map,0.01,4796,2086,13183,38400,300,14745600,0.0909844760026,2.07060432434,0,1,0.817100216693,0,0,0,0
fresh,aligned,11113,2,1,full_role_map,0.01,4796,2086,13183,38400,300,14745600,0.0909844760026,2.07065343857,1.70156966295e-09,1,0.817547635525,0,0,0,0
fresh,aligned,11113,2,2,full_role_map,0.01,4796,2086,13183,38400,300,14745600,0.0909844760026,2.070789814,1.89776083737e-09,1,0.816390190623,0,0,0,0
fresh,aligned,11113,2,0,mirror_givens,0.01,2750,40,7231,38400,300,5222400,0.128031623,2.07060432434,0,1,0.817100216693,0,0,0,0
fresh,aligned,11113,2,1,mirror_givens,0.01,2750,40,7231,38400,300,5222400,0.128031623,2.07065343857,0,1,0.81755733781,0,0,0,0
fresh,aligned,11113,2,2,mirror_givens,0.01,2750,40,7231,38400,300,5222400,0.128031623,2.070789814,0,1,0.81638969481,0,0,0,0
fresh,aligned,11113,2,0,exact_teacher,0.01,2752,42,5145,0,0,0,0,2.07060432434,0,1,0.817100216693,0,0,0,0
fresh,aligned,11113,2,1,exact_teacher,0.01,2752,42,5145,0,0,0,0,2.07065343857,0,1,0.81755733781,0,0,0,0
fresh,aligned,11113,2,2,exact_teacher,0.01,2752,42,5145,0,0,0,0,2.070789814,0,1,0.81638969481,0,0,0,0
fresh,aligned,11113,3,0,hard_tie,0.01,2708,3,4893,0,0,0,0,2.07076001167,0,1,0.817495840136,2048,50,0.0024245099994,42235338.285
fresh,aligned,11113,3,1,hard_tie,0.01,2708,3,4893,0,0,0,0,2.07063150406,2.90169682557e-05,0.9287109375,0.745504807215,2048,50,0.0024245099994,42235338.285
fresh,aligned,11113,3,2,hard_tie,0.01,2708,3,4893,0,0,0,0,2.07074332237,5.73059764974e-07,0.9921875,0.809611906589,2048,50,0.0024245099994,42235338.285
fresh,aligned,11113,3,3,hard_tie,0.01,2708,3,4893,0,0,0,0,2.07072687149,6.53042079648e-05,0.947265625,0.764026258723,2048,50,0.0024245099994,42235338.285
fresh,aligned,11113,3,0,role_add,0.01,2945,240,8627,38400,300,5529600,0.0962256380008,2.07076001167,0,1,0.817495840136,2048,50,0.00228752600015,44764518.5207
fresh,aligned,11113,3,1,role_add,0.01,2945,240,8627,38400,300,5529600,0.0962256380008,2.07063412666,3.14072058245e-05,0.9306640625,0.747620665468,2048,50,0.00228752600015,44764518.5207
fresh,aligned,11113,3,2,role_add,0.01,2945,240,8627,38400,300,5529600,0.0962256380008,2.07074332237,5.90858917349e-07,0.994140625,0.811523002572,2048,50,0.00228752600015,44764518.5207
fresh,aligned,11113,3,3,role_add,0.01,2945,240,8627,38400,300,5529600,0.0962256380008,2.07073307037,7.15360802133e-05,0.9521484375,0.768574436195,2048,50,0.00228752600015,44764518.5207
fresh,aligned,11113,3,0,role_film,0.01,3225,519,12175,38400,300,6144000,0.101599508002,2.07076001167,0,1,0.817495840136,2048,50,0.00159715799964,64113882.2978
fresh,aligned,11113,3,1,role_film,0.01,3225,519,12175,38400,300,6144000,0.101599508002,2.07064294815,4.02716323151e-05,0.927734375,0.744715362787,2048,50,0.00159715799964,64113882.2978
fresh,aligned,11113,3,2,role_film,0.01,3225,519,12175,38400,300,6144000,0.101599508002,2.07074356079,7.47733679418e-07,0.990234375,0.807673789852,2048,50,0.00159715799964,64113882.2978
fresh,aligned,11113,3,3,role_film,0.01,3225,519,12175,38400,300,6144000,0.101599508002,2.07074475288,8.28687770991e-05,0.9375,0.754789370461,2048,50,0.00159715799964,64113882.2978
fresh,aligned,11113,3,0,input_lora_rank2,0.01,3610,897,13327,38400,300,7372800,0.111630812,2.07076001167,0,1,0.817495840136,2048,50,0.00209202299811,48947836.6597
fresh,aligned,11113,3,1,input_lora_rank2,0.01,3610,897,13327,38400,300,7372800,0.111630812,2.07060241699,0,1,0.817453117808,2048,50,0.00209202299811,48947836.6597
fresh,aligned,11113,3,2,input_lora_rank2,0.01,3610,897,13327,38400,300,7372800,0.111630812,2.07074260712,8.79224359984e-10,1,0.817287469283,2048,50,0.00209202299811,48947836.6597
fresh,aligned,11113,3,3,input_lora_rank2,0.01,3610,897,13327,38400,300,7372800,0.111630812,2.0706615448,2.86722645626e-09,1,0.815681442618,2048,50,0.00209202299811,48947836.6597
fresh,aligned,11113,3,0,head_lora_rank2,0.01,3411,699,12751,38400,300,6758400,0.109878587002,2.07076001167,0,1,0.817495840136,2048,50,0.00229053500152,44705712.8278
fresh,aligned,11113,3,1,head_lora_rank2,0.01,3411,699,12751,38400,300,6758400,0.109878587002,2.07060241699,0,0.9990234375,0.816472043283,2048,50,0.00229053500152,44705712.8278
fresh,aligned,11113,3,2,head_lora_rank2,0.01,3411,699,12751,38400,300,6758400,0.109878587002,2.07074284554,4.50660975204e-09,0.99609375,0.813366803981,2048,50,0.00229053500152,44705712.8278
fresh,aligned,11113,3,3,head_lora_rank2,0.01,3411,699,12751,38400,300,6758400,0.109878587002,2.0706615448,1.73265846115e-09,1,0.815680712461,2048,50,0.00229053500152,44705712.8278
fresh,aligned,11113,3,0,full_role_head,0.01,4319,1608,12723,38400,300,9830400,0.0830875489992,2.07076001167,0,1,0.817495840136,2048,50,0.00169909300166,60267448.5151
fresh,aligned,11113,3,1,full_role_head,0.01,4319,1608,12723,38400,300,9830400,0.0830875489992,2.07060241699,0,1,0.817451195791,2048,50,0.00169909300166,60267448.5151
fresh,aligned,11113,3,2,full_role_head,0.01,4319,1608,12723,38400,300,9830400,0.0830875489992,2.07074284554,0,0.9990234375,0.816310675815,2048,50,0.00169909300166,60267448.5151
fresh,aligned,11113,3,3,full_role_head,0.01,4319,1608,12723,38400,300,9830400,0.0830875489992,2.0706615448,8.229323889e-10,1,0.815681345761,2048,50,0.00169909300166,60267448.5151
fresh,aligned,11113,3,0,vsa_sign,0.01,2990,285,5401,0,0,0,0,2.07076001167,0,1,0.817495840136,2048,50,0.00123954600349,82610891.1745
fresh,aligned,11113,3,1,vsa_sign,0.01,2990,285,5401,0,0,0,0,2.09358620644,0.0229836869985,0.1533203125,0.0314597904362,2048,50,0.00123954600349,82610891.1745
fresh,aligned,11113,3,2,vsa_sign,0.01,2990,285,5401,0,0,0,0,2.0999019146,0.0291591025889,0,0.181078857946,2048,50,0.00123954600349,82610891.1745
fresh,aligned,11113,3,3,vsa_sign,0.01,2990,285,5401,0,0,0,0,2.09434247017,0.0236807316542,0,0.183817872865,2048,50,0.00123954600349,82610891.1745
fresh,aligned,11113,3,0,full_role_map,0.01,5839,3129,17331,38400,300,14745600,0.0925612589999,2.07076001167,0,1,0.817495840136,2048,50,0.00147589399785,69381676.563
fresh,aligned,11113,3,1,full_role_map,0.01,5839,3129,17331,38400,300,14745600,0.0925612589999,2.07060241699,0,1,0.817442063009,2048,50,0.00147589399785,69381676.563
fresh,aligned,11113,3,2,full_role_map,0.01,5839,3129,17331,38400,300,14745600,0.0925612589999,2.07074260712,0,1,0.817288340884,2048,50,0.00147589399785,69381676.563
fresh,aligned,11113,3,3,full_role_map,0.01,5839,3129,17331,38400,300,14745600,0.0925612589999,2.0706615448,0,1,0.815685318725,2048,50,0.00147589399785,69381676.563
fresh,aligned,11113,3,0,mirror_givens,0.01,2770,60,8243,38400,300,5222400,0.128310336,2.07076001167,0,1,0.817495840136,2048,50,0.00387110600059,26452388.5382
fresh,aligned,11113,3,1,mirror_givens,0.01,2770,60,8243,38400,300,5222400,0.128310336,2.07060241699,0,1,0.817451098701,2048,50,0.00387110600059,26452388.5382
fresh,aligned,11113,3,2,mirror_givens,0.01,2770,60,8243,38400,300,5222400,0.128310336,2.07074260712,7.47131412293e-10,1,0.817288066843,2048,50,0.00387110600059,26452388.5382
fresh,aligned,11113,3,3,mirror_givens,0.01,2770,60,8243,38400,300,5222400,0.128310336,2.0706615448,1.19805265708e-09,1,0.815681442618,2048,50,0.00387110600059,26452388.5382
fresh,aligned,11113,3,0,exact_teacher,0.01,2753,43,5145,0,0,0,0,2.07076001167,0,1,0.817495840136,2048,50,0.00592224499997,17290740.2515
fresh,aligned,11113,3,1,exact_teacher,0.01,2753,43,5145,0,0,0,0,2.07060241699,0,1,0.817451098701,2048,50,0.00592224499997,17290740.2515
fresh,aligned,11113,3,2,exact_teacher,0.01,2753,43,5145,0,0,0,0,2.07074260712,0,1,0.817288066843,2048,50,0.00592224499997,17290740.2515
fresh,aligned,11113,3,3,exact_teacher,0.01,2753,43,5145,0,0,0,0,2.0706615448,0,1,0.815681442618,2048,50,0.00592224499997,17290740.2515
fresh,independent,11111,0,0,hard_tie,0.01,2705,0,4893,0,0,0,0,2.07140922546,0,1,0.816957006522,0,0,0,0
fresh,independent,11111,0,0,role_add,0.01,2705,0,4893,0,0,0,0,2.07140922546,0,1,0.816957006522,0,0,0,0
fresh,independent,11111,0,0,role_film,0.01,2706,0,4893,0,0,0,0,2.07140922546,0,1,0.816957006522,0,0,0,0
fresh,independent,11111,0,0,input_lora_rank2,0.01,2713,0,4893,0,0,0,0,2.07140922546,0,1,0.816957006522,0,0,0,0
fresh,independent,11111,0,0,head_lora_rank2,0.01,2712,0,4893,0,0,0,0,2.07140922546,0,1,0.816957006522,0,0,0,0
fresh,independent,11111,0,0,full_role_head,0.01,2711,0,4893,0,0,0,0,2.07140922546,0,1,0.816957006522,0,0,0,0
fresh,independent,11111,0,0,vsa_sign,0.01,2987,282,5401,0,0,0,0,2.07140922546,0,1,0.816957006522,0,0,0,0
fresh,independent,11111,0,0,full_role_map,0.01,2710,0,4893,0,0,0,0,2.07140922546,0,1,0.816957006522,0,0,0,0
fresh,independent,11111,0,0,mirror_givens,0.01,2710,0,4893,0,0,0,0,2.07140922546,0,1,0.816957006522,0,0,0,0
fresh,independent,11111,0,0,exact_teacher,0.01,6832,4122,9241,0,0,0,0,2.07140922546,0,1,0.816957006522,0,0,0,0
fresh,independent,11111,1,0,hard_tie,0.01,2706,1,4893,0,0,0,0,2.07110738754,0,1,0.816013213014,0,0,0,0
fresh,independent,11111,1,1,hard_tie,0.01,2706,1,4893,0,0,0,0,2.08888673782,0.0171767175198,0.123046875,0.0604272614582,0,0,0,0
fresh,independent,11111,1,0,role_add,0.01,2785,80,6221,38400,300,5529600,0.0950590169996,2.07110738754,0,1,0.816013213014,0,0,0,0
fresh,independent,11111,1,1,role_add,0.01,2785,80,6221,38400,300,5529600,0.0950590169996,2.08957457542,0.0178647562861,0.1171875,0.0554434460792,0,0,0,0
fresh,independent,11111,1,0,role_film,0.01,2879,173,7295,38400,300,6144000,0.111144651,2.07110738754,0,1,0.816013213014,0,0,0,0
fresh,independent,11111,1,1,role_film,0.01,2879,173,7295,38400,300,6144000,0.111144651,2.08182764053,0.010117623955,0.166015625,0.0150504112244,0,0,0,0
fresh,independent,11111,1,0,input_lora_rank2,0.01,3012,299,7679,38400,300,7372800,0.125482660998,2.07110738754,0,1,0.816013213014,0,0,0,0
fresh,independent,11111,1,1,input_lora_rank2,0.01,3012,299,7679,38400,300,7372800,0.125482660998,2.07884883881,0.00713893724605,0.083984375,0.0833777167791,0,0,0,0
fresh,independent,11111,1,0,head_lora_rank2,0.01,2945,233,7487,38400,300,6758400,0.107071130999,2.07110738754,0,1,0.816013213014,0,0,0,0
fresh,independent,11111,1,1,head_lora_rank2,0.01,2945,233,7487,38400,300,6758400,0.107071130999,2.07887125015,0.00716125406325,0.083984375,0.083323458719,0,0,0,0
fresh,independent,11111,1,0,full_role_head,0.01,3247,536,7565,38400,300,9830400,0.091386682001,2.07110738754,0,1,0.816013213014,0,0,0,0
fresh,independent,11111,1,1,full_role_head,0.01,3247,536,7565,38400,300,9830400,0.091386682001,2.07178616524,7.62977360864e-05,0.9404296875,0.763239661115,0,0,0,0
fresh,independent,11111,1,0,vsa_sign,0.01,2988,283,5401,0,0,0,0,2.07110738754,0,1,0.816013213014,0,0,0,0
fresh,independent,11111,1,1,vsa_sign,0.01,2988,283,5401,0,0,0,0,2.08288002014,0.0111699150875,0.1435546875,0.0319244873826,0,0,0,0
fresh,independent,11111,1,0,full_role_map,0.01,3753,1043,9101,38400,300,14745600,0.08641919,2.07110738754,0,1,0.816013213014,0,0,0,0
fresh,independent,11111,1,1,full_role_map,0.01,3753,1043,9101,38400,300,14745600,0.08641919,2.07171797752,7.9233022916e-06,0.9580078125,0.781417722988,0,0,0,0
fresh,independent,11111,1,0,mirror_givens,0.01,2730,20,6157,38400,300,5222400,0.153155984,2.07110738754,0,1,0.816013213014,0,0,0,0
fresh,independent,11111,1,1,mirror_givens,0.01,2730,20,6157,38400,300,5222400,0.153155984,2.08873677254,0.0170268975198,0.123046875,0.0609683330549,0,0,0,0
fresh,independent,11111,1,0,exact_teacher,0.01,6833,4123,9241,0,0,0,0,2.07110738754,0,1,0.816013213014,0,0,0,0
fresh,independent,11111,1,1,exact_teacher,0.01,6833,4123,9241,0,0,0,0,2.07171010971,0,1,0.823024537356,0,0,0,0
fresh,independent,11111,2,0,hard_tie,0.01,2707,2,4893,0,0,0,0,2.07071781158,0,1,0.814764965675,0,0,0,0
fresh,independent,11111,2,1,hard_tie,0.01,2707,2,4893,0,0,0,0,2.08911061287,0.0175449624658,0.1376953125,0.0467192517244,0,0,0,0
fresh,independent,11111,2,2,hard_tie,0.01,2707,2,4893,0,0,0,0,2.08668065071,0.0164121650159,0.0009765625,0.183347869781,0,0,0,0
fresh,independent,11111,2,0,role_add,0.01,2865,160,7359,38400,300,5529600,0.0864121810009,2.07071781158,0,1,0.814764965675,0,0,0,0
fresh,independent,11111,2,1,role_add,0.01,2865,160,7359,38400,300,5529600,0.0864121810009,2.08997583389,0.0184102468193,0.134765625,0.0387038879271,0,0,0,0
fresh,independent,11111,2,2,role_add,0.01,2865,160,7359,38400,300,5529600,0.0864121810009,2.08782672882,0.0175581853837,0.0009765625,0.177669640019,0,0,0,0
fresh,independent,11111,2,0,role_film,0.01,3052,346,9767,38400,300,6144000,0.106913164,2.07071781158,0,1,0.814764965675,0,0,0,0
fresh,independent,11111,2,1,role_film,0.01,3052,346,9767,38400,300,6144000,0.106913164,2.08195495605,0.0103894760832,0.1650390625,0.0142555385828,0,0,0,0
fresh,independent,11111,2,2,role_film,0.01,3052,346,9767,38400,300,6144000,0.106913164,2.07727384567,0.00700515601784,0.26171875,0.110263198614,0,0,0,0
fresh,independent,11111,2,0,input_lora_rank2,0.01,3311,598,10535,38400,300,7372800,0.101634622999,2.07071781158,0,1,0.814764965675,0,0,0,0
fresh,independent,11111,2,1,input_lora_rank2,0.01,3311,598,10535,38400,300,7372800,0.101634622999,2.07875728607,0.00719190202653,0.10546875,0.0604165094992,0,0,0,0
fresh,independent,11111,2,2,input_lora_rank2,0.01,3311,598,10535,38400,300,7372800,0.101634622999,2.07896232605,0.00869369413704,0.2958984375,0.170787526062,0,0,0,0
fresh,independent,11111,2,0,head_lora_rank2,0.01,3178,466,10151,38400,300,6758400,0.117073781999,2.07071781158,0,1,0.814764965675,0,0,0,0
fresh,independent,11111,2,1,head_lora_rank2,0.01,3178,466,10151,38400,300,6758400,0.117073781999,2.07878017426,0.00721449404955,0.10546875,0.060325784274,0,0,0,0
fresh,independent,11111,2,2,head_lora_rank2,0.01,3178,466,10151,38400,300,6758400,0.117073781999,2.07809615135,0.00782769173384,0.330078125,0.258820123592,0,0,0,0
fresh,independent,11111,2,0,full_role_head,0.01,3783,1072,10111,38400,300,9830400,0.0902114609999,2.07071781158,0,1,0.814764965675,0,0,0,0
fresh,independent,11111,2,1,full_role_head,0.01,3783,1072,10111,38400,300,9830400,0.0902114609999,2.07164168358,7.59992399253e-05,0.9384765625,0.760582420509,0,0,0,0
fresh,independent,11111,2,2,full_role_head,0.01,3783,1072,10111,38400,300,9830400,0.0902114609999,2.07030963898,4.12656481785e-05,0.9638671875,0.777533867513,0,0,0,0
fresh,independent,11111,2,0,vsa_sign,0.01,2989,284,5401,0,0,0,0,2.07071781158,0,1,0.814764965675,0,0,0,0
fresh,independent,11111,2,1,vsa_sign,0.01,2989,284,5401,0,0,0,0,2.08266067505,0.0110951382667,0.1455078125,0.0334060902242,0,0,0,0
fresh,independent,11111,2,2,vsa_sign,0.01,2989,284,5401,0,0,0,0,2.08955574036,0.0192872676998,0.0146484375,0.157638636883,0,0,0,0
fresh,independent,11111,2,0,full_role_map,0.01,4796,2086,13183,38400,300,14745600,0.0776235200028,2.07071781158,0,1,0.814764965675,0,0,0,0
fresh,independent,11111,2,1,full_role_map,0.01,4796,2086,13183,38400,300,14745600,0.0776235200028,2.07157325745,7.59172235121e-06,0.9560546875,0.778492319863,0,0,0,0
fresh,independent,11111,2,2,full_role_map,0.01,4796,2086,13183,38400,300,14745600,0.0776235200028,2.07027697563,8.25467668619e-06,0.994140625,0.807001304871,0,0,0,0
fresh,independent,11111,2,0,mirror_givens,0.01,2750,40,7231,38400,300,5222400,0.140736306999,2.07071781158,0,1,0.814764965675,0,0,0,0
fresh,independent,11111,2,1,mirror_givens,0.01,2750,40,7231,38400,300,5222400,0.140736306999,2.08896875381,0.017403325066,0.1376953125,0.0470265842305,0,0,0,0
fresh,independent,11111,2,2,mirror_givens,0.01,2750,40,7231,38400,300,5222400,0.140736306999,2.0861287117,0.0158601179719,0.001953125,0.178992905145,0,0,0,0
fresh,independent,11111,2,0,exact_teacher,0.01,6834,4124,9241,0,0,0,0,2.07071781158,0,1,0.814764965675,0,0,0,0
fresh,independent,11111,2,1,exact_teacher,0.01,6834,4124,9241,0,0,0,0,2.07156538963,0,1,0.822151553002,0,0,0,0
fresh,independent,11111,2,2,exact_teacher,0.01,6834,4124,9241,0,0,0,0,2.07026863098,0,1,0.812841168838,0,0,0,0
fresh,independent,11111,3,0,hard_tie,0.01,2708,3,4893,0,0,0,0,2.07057929039,0,1,0.814641567413,2048,50,0.000946370000747,108202922.661
fresh,independent,11111,3,1,hard_tie,0.01,2708,3,4893,0,0,0,0,2.08917021751,0.0176506321877,0.1240234375,0.0602792165009,2048,50,0.000946370000747,108202922.661
fresh,independent,11111,3,2,hard_tie,0.01,2708,3,4893,0,0,0,0,2.08673834801,0.0165547952056,0,0.183878953801,2048,50,0.000946370000747,108202922.661
fresh,independent,11111,3,3,hard_tie,0.01,2708,3,4893,0,0,0,0,2.09167027473,0.0189393982291,0.123046875,0.0607103410439,2048,50,0.000946370000747,108202922.661
fresh,independent,11111,3,0,role_add,0.01,2945,240,8627,38400,300,5529600,0.0864086549991,2.07057929039,0,1,0.814641567413,2048,50,0.0014068820019,72785066.453
fresh,independent,11111,3,1,role_add,0.01,2945,240,8627,38400,300,5529600,0.0864086549991,2.09006714821,0.0185477659106,0.115234375,0.0581408362632,2048,50,0.0014068820019,72785066.453
fresh,independent,11111,3,2,role_add,0.01,2945,240,8627,38400,300,5529600,0.0864086549991,2.08792734146,0.0177438408136,0,0.177420490072,2048,50,0.0014068820019,72785066.453
fresh,independent,11111,3,3,role_add,0.01,2945,240,8627,38400,300,5529600,0.0864086549991,2.09511518478,0.022384012118,0.099609375,0.0903368987201,2048,50,0.0014068820019,72785066.453
fresh,independent,11111,3,0,role_film,0.01,3225,519,12175,38400,300,6144000,0.103402802,2.07057929039,0,1,0.814641567413,2048,50,0.00162838799952,62884275.7564
fresh,independent,11111,3,1,role_film,0.01,3225,519,12175,38400,300,6144000,0.103402802,2.08195781708,0.0104383276775,0.15234375,0.00150573253632,2048,50,0.00162838799952,62884275.7564
fresh,independent,11111,3,2,role_film,0.01,3225,519,12175,38400,300,6144000,0.103402802,2.07731819153,0.00713461497799,0.2568359375,0.105013713241,2048,50,0.00162838799952,62884275.7564
fresh,independent,11111,3,3,role_film,0.01,3225,519,12175,38400,300,6144000,0.103402802,2.07951807976,0.00678700720891,0.0869140625,0.0693283081055,2048,50,0.00162838799952,62884275.7564
fresh,independent,11111,3,0,input_lora_rank2,0.01,3610,897,13327,38400,300,7372800,0.111222888998,2.07057929039,0,1,0.814641567413,2048,50,0.00207305499862,49395698.6516
fresh,independent,11111,3,1,input_lora_rank2,0.01,3610,897,13327,38400,300,7372800,0.111222888998,2.07879853249,0.00727905100211,0.09375,0.0737125181477,2048,50,0.00207305499862,49395698.6516
fresh,independent,11111,3,2,input_lora_rank2,0.01,3610,897,13327,38400,300,7372800,0.111222888998,2.07899332047,0.00880975276232,0.2939453125,0.173997818376,2048,50,0.00207305499862,49395698.6516
fresh,independent,11111,3,3,input_lora_rank2,0.01,3610,897,13327,38400,300,7372800,0.111222888998,2.07939457893,0.0066636656411,0.21484375,0.049004242057,2048,50,0.00207305499862,49395698.6516
fresh,independent,11111,3,0,head_lora_rank2,0.01,3411,699,12751,38400,300,6758400,0.154008898,2.07057929039,0,1,0.814641567413,2048,50,0.00327148699944,31300751.0094
fresh,independent,11111,3,1,head_lora_rank2,0.01,3411,699,12751,38400,300,6758400,0.154008898,2.07882022858,0.00730095198378,0.09375,0.0736389443337,2048,50,0.00327148699944,31300751.0094
fresh,independent,11111,3,2,head_lora_rank2,0.01,3411,699,12751,38400,300,6758400,0.154008898,2.07795238495,0.0077687012963,0.3251953125,0.255090184568,2048,50,0.00327148699944,31300751.0094
fresh,independent,11111,3,3,head_lora_rank2,0.01,3411,699,12751,38400,300,6758400,0.154008898,2.0793838501,0.00665288837627,0.2265625,0.0600624094077,2048,50,0.00327148699944,31300751.0094
fresh,independent,11111,3,0,full_role_head,0.01,4319,1608,12723,38400,300,9830400,0.113117917001,2.07057929039,0,1,0.814641567413,2048,50,0.00287610799933,35603669.9679
fresh,independent,11111,3,1,full_role_head,0.01,4319,1608,12723,38400,300,9830400,0.113117917001,2.07159948349,7.9993653344e-05,0.9208984375,0.743600338697,2048,50,0.00287610799933,35603669.9679
fresh,independent,11111,3,2,full_role_head,0.01,4319,1608,12723,38400,300,9830400,0.113117917001,2.07022380829,4.00672433898e-05,0.984375,0.797436704393,2048,50,0.00287610799933,35603669.9679
fresh,independent,11111,3,3,full_role_head,0.01,4319,1608,12723,38400,300,9830400,0.113117917001,2.07276058197,2.95157296932e-05,0.96875,0.795736120024,2048,50,0.00287610799933,35603669.9679
fresh,independent,11111,3,0,vsa_sign,0.01,2990,285,5401,0,0,0,0,2.07057929039,0,1,0.814641567413,2048,50,0.00142177199814,72022799.8118
fresh,independent,11111,3,1,vsa_sign,0.01,2990,285,5401,0,0,0,0,2.08264088631,0.0111213102937,0.14453125,0.0293972391519,2048,50,0.00142177199814,72022799.8118
fresh,independent,11111,3,2,vsa_sign,0.01,2990,285,5401,0,0,0,0,2.08943128586,0.0192477442324,0.0185546875,0.153774565086,2048,50,0.00142177199814,72022799.8118
fresh,independent,11111,3,3,vsa_sign,0.01,2990,285,5401,0,0,0,0,2.0837996006,0.0110683720559,0.1259765625,0.0351500809193,2048,50,0.00142177199814,72022799.8118
fresh,independent,11111,3,0,full_role_map,0.01,5839,3129,17331,38400,300,14745600,0.117643425001,2.07057929039,0,1,0.814641567413,2048,50,0.00158974399892,64412886.6469
fresh,independent,11111,3,1,full_role_map,0.01,5839,3129,17331,38400,300,14745600,0.117643425001,2.0715277195,8.13940187072e-06,0.953125,0.776248641312,2048,50,0.00158974399892,64412886.6469
fresh,independent,11111,3,2,full_role_map,0.01,5839,3129,17331,38400,300,14745600,0.117643425001,2.07019162178,8.02273279987e-06,0.9921875,0.804395414889,2048,50,0.00158974399892,64412886.6469
fresh,independent,11111,3,3,full_role_map,0.01,5839,3129,17331,38400,300,14745600,0.117643425001,2.07274031639,9.09494428925e-06,0.9658203125,0.792150387249,2048,50,0.00158974399892,64412886.6469
fresh,independent,11111,3,0,mirror_givens,0.01,2770,60,8243,38400,300,5222400,0.162600525997,2.07057929039,0,1,0.814641567413,2048,50,0.00362756599861,28228294.1342
fresh,independent,11111,3,1,mirror_givens,0.01,2770,60,8243,38400,300,5222400,0.162600525997,2.08902144432,0.0175019241869,0.1240234375,0.0606974080729,2048,50,0.00362756599861,28228294.1342
fresh,independent,11111,3,2,mirror_givens,0.01,2770,60,8243,38400,300,5222400,0.162600525997,2.08611369133,0.01593028754,0.0029296875,0.177901765972,2048,50,0.00362756599861,28228294.1342
fresh,independent,11111,3,3,mirror_givens,0.01,2770,60,8243,38400,300,5222400,0.162600525997,2.08806848526,0.0153374951333,0.20703125,0.0378482155938,2048,50,0.00362756599861,28228294.1342
fresh,independent,11111,3,0,exact_teacher,0.01,6835,4125,9241,0,0,0,0,2.07057929039,0,1,0.814641567413,2048,50,0.00159261999943,64296567.9426
fresh,independent,11111,3,1,exact_teacher,0.01,6835,4125,9241,0,0,0,0,2.07151937485,0,1,0.822763927281,2048,50,0.00159261999943,64296567.9426
fresh,independent,11111,3,2,exact_teacher,0.01,6835,4125,9241,0,0,0,0,2.07018351555,0,1,0.812199770706,2048,50,0.00159261999943,64296567.9426
fresh,independent,11111,3,3,exact_teacher,0.01,6835,4125,9241,0,0,0,0,2.07273101807,0,1,0.826045190915,2048,50,0.00159261999943,64296567.9426
fresh,independent,11112,0,0,hard_tie,0.01,2705,0,4893,0,0,0,0,2.07408428192,0,1,0.835901069455,0,0,0,0
fresh,independent,11112,0,0,role_add,0.01,2705,0,4893,0,0,0,0,2.07408428192,0,1,0.835901069455,0,0,0,0
fresh,independent,11112,0,0,role_film,0.01,2706,0,4893,0,0,0,0,2.07408428192,0,1,0.835901069455,0,0,0,0
fresh,independent,11112,0,0,input_lora_rank2,0.01,2713,0,4893,0,0,0,0,2.07408428192,0,1,0.835901069455,0,0,0,0
fresh,independent,11112,0,0,head_lora_rank2,0.01,2712,0,4893,0,0,0,0,2.07408428192,0,1,0.835901069455,0,0,0,0
fresh,independent,11112,0,0,full_role_head,0.01,2711,0,4893,0,0,0,0,2.07408428192,0,1,0.835901069455,0,0,0,0
fresh,independent,11112,0,0,vsa_sign,0.01,2987,282,5401,0,0,0,0,2.07408428192,0,1,0.835901069455,0,0,0,0
fresh,independent,11112,0,0,full_role_map,0.01,2710,0,4893,0,0,0,0,2.07408428192,0,1,0.835901069455,0,0,0,0
fresh,independent,11112,0,0,mirror_givens,0.01,2710,0,4893,0,0,0,0,2.07408428192,0,1,0.835901069455,0,0,0,0
fresh,independent,11112,0,0,exact_teacher,0.01,6832,4122,9241,0,0,0,0,2.07408428192,0,1,0.835901069455,0,0,0,0
fresh,independent,11112,1,0,hard_tie,0.01,2706,1,4893,0,0,0,0,2.0740981102,0,1,0.835567864357,0,0,0,0
fresh,independent,11112,1,1,hard_tie,0.01,2706,1,4893,0,0,0,0,2.08288860321,0.0153293143958,0.0673828125,0.0961941686983,0,0,0,0
fresh,independent,11112,1,0,role_add,0.01,2785,80,6221,38400,300,5529600,0.0991090780008,2.0740981102,0,1,0.835567864357,0,0,0,0
fresh,independent,11112,1,1,role_add,0.01,2785,80,6221,38400,300,5529600,0.0991090780008,2.082218647,0.0146593898535,0.119140625,0.0437525856105,0,0,0,0
fresh,independent,11112,1,0,role_film,0.01,2879,173,7295,38400,300,6144000,0.104400718999,2.0740981102,0,1,0.835567864357,0,0,0,0
fresh,independent,11112,1,1,role_film,0.01,2879,173,7295,38400,300,6144000,0.104400718999,2.07843589783,0.010876622051,0.2919921875,0.143919080496,0,0,0,0
fresh,independent,11112,1,0,input_lora_rank2,0.01,3012,299,7679,38400,300,7372800,0.237138781002,2.0740981102,0,1,0.835567864357,0,0,0,0
fresh,independent,11112,1,1,input_lora_rank2,0.01,3012,299,7679,38400,300,7372800,0.237138781002,2.07425308228,0.00669398717582,0.5673828125,0.386360652803,0,0,0,0
fresh,independent,11112,1,0,head_lora_rank2,0.01,2945,233,7487,38400,300,6758400,0.0975956370021,2.0740981102,0,1,0.835567864357,0,0,0,0
fresh,independent,11112,1,1,head_lora_rank2,0.01,2945,233,7487,38400,300,6758400,0.0975956370021,2.07425403595,0.00669487938285,0.5712890625,0.39021728636,0,0,0,0
fresh,independent,11112,1,0,full_role_head,0.01,3247,536,7565,38400,300,9830400,0.101631760997,2.0740981102,0,1,0.835567864357,0,0,0,0
fresh,independent,11112,1,1,full_role_head,0.01,3247,536,7565,38400,300,9830400,0.101631760997,2.06764602661,8.66878981469e-05,0.966796875,0.770507253124,0,0,0,0
fresh,independent,11112,1,0,vsa_sign,0.01,2988,283,5401,0,0,0,0,2.0740981102,0,1,0.835567864357,0,0,0,0
fresh,independent,11112,1,1,vsa_sign,0.01,2988,283,5401,0,0,0,0,2.09191298485,0.0243537202477,0.033203125,0.151264435888,0,0,0,0
fresh,independent,11112,1,0,full_role_map,0.01,3753,1043,9101,38400,300,14745600,0.102101357999,2.0740981102,0,1,0.835567864357,0,0,0,0
fresh,independent,11112,1,1,full_role_map,0.01,3753,1043,9101,38400,300,14745600,0.102101357999,2.06761980057,6.07844922342e-05,0.9814453125,0.786857260216,0,0,0,0
fresh,independent,11112,1,0,mirror_givens,0.01,2730,20,6157,38400,300,5222400,0.250240021,2.0740981102,0,1,0.835567864357,0,0,0,0
fresh,independent,11112,1,1,mirror_givens,0.01,2730,20,6157,38400,300,5222400,0.250240021,2.08262515068,0.0150658963248,0.125,0.0587509607285,0,0,0,0
fresh,independent,11112,1,0,exact_teacher,0.01,6833,4123,9241,0,0,0,0,2.0740981102,0,1,0.835567864357,0,0,0,0
fresh,independent,11112,1,1,exact_teacher,0.01,6833,4123,9241,0,0,0,0,2.06755924225,0,1,0.805124750012,0,0,0,0
fresh,independent,11112,2,0,hard_tie,0.01,2707,2,4893,0,0,0,0,2.07413506508,0,1,0.836023592623,0,0,0,0
fresh,independent,11112,2,1,hard_tie,0.01,2707,2,4893,0,0,0,0,2.08359909058,0.0161615293473,0.0576171875,0.107006359729,0,0,0,0
fresh,independent,11112,2,2,hard_tie,0.01,2707,2,4893,0,0,0,0,2.08427834511,0.0153898950666,0.123046875,0.0415611208664,0,0,0,0
fresh,independent,11112,2,0,role_add,0.01,2865,160,7359,38400,300,5529600,0.0986840350015,2.07413506508,0,1,0.836023592623,0,0,0,0
fresh,independent,11112,2,1,role_add,0.01,2865,160,7359,38400,300,5529600,0.0986840350015,2.08283305168,0.0153953973204,0.1025390625,0.0608898929349,0,0,0,0
fresh,independent,11112,2,2,role_add,0.01,2865,160,7359,38400,300,5529600,0.0986840350015,2.08508419991,0.0161956790835,0.1865234375,0.0253974421648,0,0,0,0
fresh,independent,11112,2,0,role_film,0.01,3052,346,9767,38400,300,6144000,0.105053333002,2.07413506508,0,1,0.836023592623,0,0,0,0
fresh,independent,11112,2,1,role_film,0.01,3052,346,9767,38400,300,6144000,0.105053333002,2.07837319374,0.0109359025955,0.2919921875,0.142976939678,0,0,0,0
fresh,independent,11112,2,2,role_film,0.01,3052,346,9767,38400,300,6144000,0.105053333002,2.07838225365,0.00949359405786,0.2666015625,0.109587788582,0,0,0,0
fresh,independent,11112,2,0,input_lora_rank2,0.01,3311,598,10535,38400,300,7372800,0.100809186999,2.07413506508,0,1,0.836023592623,0,0,0,0
fresh,independent,11112,2,1,input_lora_rank2,0.01,3311,598,10535,38400,300,7372800,0.100809186999,2.07397627831,0.00653863884509,0.57421875,0.390140971605,0,0,0,0
fresh,independent,11112,2,2,input_lora_rank2,0.01,3311,598,10535,38400,300,7372800,0.100809186999,2.07680368423,0.00791526306421,0.212890625,0.0344649218023,0,0,0,0
fresh,independent,11112,2,0,head_lora_rank2,0.01,3178,466,10151,38400,300,6758400,0.124069601003,2.07413506508,0,1,0.836023592623,0,0,0,0
fresh,independent,11112,2,1,head_lora_rank2,0.01,3178,466,10151,38400,300,6758400,0.124069601003,2.07397723198,0.00653979927301,0.576171875,0.392033614655,0,0,0,0
fresh,independent,11112,2,2,head_lora_rank2,0.01,3178,466,10151,38400,300,6758400,0.124069601003,2.07681059837,0.00792202074081,0.205078125,0.0491674494697,0,0,0,0
fresh,independent,11112,2,0,full_role_head,0.01,3783,1072,10111,38400,300,9830400,0.0932705029991,2.07413506508,0,1,0.836023592623,0,0,0,0
fresh,independent,11112,2,1,full_role_head,0.01,3783,1072,10111,38400,300,9830400,0.0932705029991,2.06751608849,7.8469478467e-05,0.970703125,0.773973061237,0,0,0,0
fresh,independent,11112,2,2,full_role_head,0.01,3783,1072,10111,38400,300,9830400,0.0932705029991,2.06893467903,4.61148665636e-05,0.9296875,0.745415772253,0,0,0,0
fresh,independent,11112,2,0,vsa_sign,0.01,2989,284,5401,0,0,0,0,2.07413506508,0,1,0.836023592623,0,0,0,0
fresh,independent,11112,2,1,vsa_sign,0.01,2989,284,5401,0,0,0,0,2.09247636795,0.0250387974083,0.0380859375,0.145676429383,0,0,0,0
fresh,independent,11112,2,2,vsa_sign,0.01,2989,284,5401,0,0,0,0,2.08799028397,0.0191015154123,0.0869140625,0.0878563738224,0,0,0,0
fresh,independent,11112,2,0,full_role_map,0.01,4796,2086,13183,38400,300,14745600,0.135849539998,2.07413506508,0,1,0.836023592623,0,0,0,0
fresh,independent,11112,2,1,full_role_map,0.01,4796,2086,13183,38400,300,14745600,0.135849539998,2.06749367714,5.61198685318e-05,0.9775390625,0.782355508185,0,0,0,0
fresh,independent,11112,2,2,full_role_map,0.01,4796,2086,13183,38400,300,14745600,0.135849539998,2.06891560555,2.738889998e-05,0.9638671875,0.780407149112,0,0,0,0
fresh,independent,11112,2,0,mirror_givens,0.01,2750,40,7231,38400,300,5222400,0.165633229,2.07413506508,0,1,0.836023592623,0,0,0,0
fresh,independent,11112,2,1,mirror_givens,0.01,2750,40,7231,38400,300,5222400,0.165633229,2.08330750465,0.0158701632172,0.1259765625,0.0570854638354,0,0,0,0
fresh,independent,11112,2,2,mirror_givens,0.01,2750,40,7231,38400,300,5222400,0.165633229,2.08482956886,0.0159409921616,0.205078125,0.0383547899255,0,0,0,0
fresh,independent,11112,2,0,exact_teacher,0.01,6834,4124,9241,0,0,0,0,2.07413506508,0,1,0.836023592623,0,0,0,0
fresh,independent,11112,2,1,exact_teacher,0.01,6834,4124,9241,0,0,0,0,2.06743741035,0,1,0.804386602831,0,0,0,0
fresh,independent,11112,2,2,exact_teacher,0.01,6834,4124,9241,0,0,0,0,2.06888842583,0,1,0.817670073593,0,0,0,0
fresh,independent,11112,3,0,hard_tie,0.01,2708,3,4893,0,0,0,0,2.07403850555,0,1,0.83537560876,2048,50,0.00133335100327,76798982.2252
fresh,independent,11112,3,1,hard_tie,0.01,2708,3,4893,0,0,0,0,2.08355712891,0.0162658747286,0.0498046875,0.115061189921,2048,50,0.00133335100327,76798982.2252
fresh,independent,11112,3,2,hard_tie,0.01,2708,3,4893,0,0,0,0,2.08410525322,0.0153623335063,0.1513671875,0.0122929625504,2048,50,0.00133335100327,76798982.2252
fresh,independent,11112,3,3,hard_tie,0.01,2708,3,4893,0,0,0,0,2.08534288406,0.0188688486814,0.1181640625,0.0460903876228,2048,50,0.00133335100327,76798982.2252
fresh,independent,11112,3,0,role_add,0.01,2945,240,8627,38400,300,5529600,0.0973039220007,2.07403850555,0,1,0.83537560876,2048,50,0.00149912099732,68306694.5115
fresh,independent,11112,3,1,role_add,0.01,2945,240,8627,38400,300,5529600,0.0973039220007,2.08297967911,0.0156883187592,0.1181640625,0.0458356795425,2048,50,0.00149912099732,68306694.5115
fresh,independent,11112,3,2,role_add,0.01,2945,240,8627,38400,300,5529600,0.0973039220007,2.0847992897,0.0160563532263,0.203125,0.0283121362154,2048,50,0.00149912099732,68306694.5115
fresh,independent,11112,3,3,role_add,0.01,2945,240,8627,38400,300,5529600,0.0973039220007,2.08455300331,0.018078904599,0.0126953125,0.155048846704,2048,50,0.00149912099732,68306694.5115
fresh,independent,11112,3,0,role_film,0.01,3225,519,12175,38400,300,6144000,0.114217300001,2.07403850555,0,1,0.83537560876,2048,50,0.00222880399815,45943923.3261
fresh,independent,11112,3,1,role_film,0.01,3225,519,12175,38400,300,6144000,0.114217300001,2.07863044739,0.0113390963525,0.2646484375,0.116849064827,2048,50,0.00222880399815,45943923.3261
fresh,independent,11112,3,2,role_film,0.01,3225,519,12175,38400,300,6144000,0.114217300001,2.07843375206,0.00969090871513,0.2490234375,0.0923424065113,2048,50,0.00222880399815,45943923.3261
fresh,independent,11112,3,3,role_film,0.01,3225,519,12175,38400,300,6144000,0.114217300001,2.07893443108,0.0124605959281,0.24609375,0.0982271581888,2048,50,0.00222880399815,45943923.3261
fresh,independent,11112,3,0,input_lora_rank2,0.01,3610,897,13327,38400,300,7372800,0.108980073001,2.07403850555,0,1,0.83537560876,2048,50,0.00290764100282,35217552.6142
fresh,independent,11112,3,1,input_lora_rank2,0.01,3610,897,13327,38400,300,7372800,0.108980073001,2.07389116287,0.00659977504984,0.541015625,0.357008709165,2048,50,0.00290764100282,35217552.6142
fresh,independent,11112,3,2,input_lora_rank2,0.01,3610,897,13327,38400,300,7372800,0.108980073001,2.07646942139,0.00772643182427,0.2158203125,0.0376116951811,2048,50,0.00290764100282,35217552.6142
fresh,independent,11112,3,3,input_lora_rank2,0.01,3610,897,13327,38400,300,7372800,0.108980073001,2.07844996452,0.011975842528,0.2314453125,0.110669350353,2048,50,0.00290764100282,35217552.6142
fresh,independent,11112,3,0,head_lora_rank2,0.01,3411,699,12751,38400,300,6758400,0.100312854003,2.07403850555,0,1,0.83537560876,2048,50,0.00206466999953,49596303.5369
fresh,independent,11112,3,1,head_lora_rank2,0.01,3411,699,12751,38400,300,6758400,0.100312854003,2.07389259338,0.00660112407058,0.5390625,0.354982859397,2048,50,0.00206466999953,49596303.5369
fresh,independent,11112,3,2,head_lora_rank2,0.01,3411,699,12751,38400,300,6758400,0.100312854003,2.07647752762,0.0077346637845,0.2080078125,0.0600195486622,2048,50,0.00206466999953,49596303.5369
fresh,independent,11112,3,3,head_lora_rank2,0.01,3411,699,12751,38400,300,6758400,0.100312854003,2.07840299606,0.0119289802387,0.2138671875,0.0925385541923,2048,50,0.00206466999953,49596303.5369
fresh,independent,11112,3,0,full_role_head,0.01,4319,1608,12723,38400,300,9830400,0.108657741002,2.07403850555,0,1,0.83537560876,2048,50,0.00186977400153,54765977.0197
fresh,independent,11112,3,1,full_role_head,0.01,4319,1608,12723,38400,300,9830400,0.108657741002,2.06737518311,8.38864216348e-05,0.96875,0.772923456738,2048,50,0.00186977400153,54765977.0197
fresh,independent,11112,3,2,full_role_head,0.01,4319,1608,12723,38400,300,9830400,0.108657741002,2.06878900528,4.62487732875e-05,0.931640625,0.746202130918,2048,50,0.00186977400153,54765977.0197
fresh,independent,11112,3,3,full_role_head,0.01,4319,1608,12723,38400,300,9830400,0.108657741002,2.06648135185,7.31062755222e-06,0.986328125,0.795417469635,2048,50,0.00186977400153,54765977.0197
fresh,independent,11112,3,0,vsa_sign,0.01,2990,285,5401,0,0,0,0,2.07403850555,0,1,0.83537560876,2048,50,0.00173160999839,59135717.682
fresh,independent,11112,3,1,vsa_sign,0.01,2990,285,5401,0,0,0,0,2.09340715408,0.026115944609,0.0419921875,0.142367287597,2048,50,0.00173160999839,59135717.682
fresh,independent,11112,3,2,vsa_sign,0.01,2990,285,5401,0,0,0,0,2.08840727806,0.0196642968804,0.0859375,0.0897497562983,2048,50,0.00173160999839,59135717.682
fresh,independent,11112,3,3,vsa_sign,0.01,2990,285,5401,0,0,0,0,2.08225440979,0.0157803297043,0.013671875,0.174981771459,2048,50,0.00173160999839,59135717.682
fresh,independent,11112,3,0,full_role_map,0.01,5839,3129,17331,38400,300,14745600,0.0961105399983,2.07403850555,0,1,0.83537560876,2048,50,0.00155597000048,65811037.4675
fresh,independent,11112,3,1,full_role_map,0.01,5839,3129,17331,38400,300,14745600,0.0961105399983,2.06735062599,5.93664080952e-05,0.982421875,0.788262029644,2048,50,0.00155597000048,65811037.4675
fresh,independent,11112,3,2,full_role_map,0.01,5839,3129,17331,38400,300,14745600,0.0961105399983,2.06877112389,2.80810199911e-05,0.95703125,0.772364998353,2048,50,0.00155597000048,65811037.4675
fresh,independent,11112,3,3,full_role_map,0.01,5839,3129,17331,38400,300,14745600,0.0961105399983,2.06649565697,2.15457275772e-05,0.919921875,0.72976245085,2048,50,0.00155597000048,65811037.4675
fresh,independent,11112,3,0,mirror_givens,0.01,2770,60,8243,38400,300,5222400,0.164492049,2.07403850555,0,1,0.83537560876,2048,50,0.00400194100075,25587583.6202
fresh,independent,11112,3,1,mirror_givens,0.01,2770,60,8243,38400,300,5222400,0.164492049,2.08309555054,0.0158041678369,0.1298828125,0.0536540988833,2048,50,0.00400194100075,25587583.6202
fresh,independent,11112,3,2,mirror_givens,0.01,2770,60,8243,38400,300,5222400,0.164492049,2.08494186401,0.0161991082132,0.2197265625,0.0518298431707,2048,50,0.00400194100075,25587583.6202
fresh,independent,11112,3,3,mirror_givens,0.01,2770,60,8243,38400,300,5222400,0.164492049,2.08691859245,0.0204446017742,0.02734375,0.156799467513,2048,50,0.00400194100075,25587583.6202
fresh,independent,11112,3,0,exact_teacher,0.01,6835,4125,9241,0,0,0,0,2.07403850555,0,1,0.83537560876,2048,50,0.00144047899812,71087464.7486
fresh,independent,11112,3,1,exact_teacher,0.01,6835,4125,9241,0,0,0,0,2.06729125977,0,1,0.805453565903,2048,50,0.00144047899812,71087464.7486
fresh,independent,11112,3,2,exact_teacher,0.01,6835,4125,9241,0,0,0,0,2.06874299049,0,1,0.816498393193,2048,50,0.00144047899812,71087464.7486
fresh,independent,11112,3,3,exact_teacher,0.01,6835,4125,9241,0,0,0,0,2.06647396088,0,1,0.808981580776,2048,50,0.00144047899812,71087464.7486
fresh,independent,11113,0,0,hard_tie,0.01,2705,0,4893,0,0,0,0,2.07048821449,0,1,0.817084957904,0,0,0,0
fresh,independent,11113,0,0,role_add,0.01,2705,0,4893,0,0,0,0,2.07048821449,0,1,0.817084957904,0,0,0,0
fresh,independent,11113,0,0,role_film,0.01,2706,0,4893,0,0,0,0,2.07048821449,0,1,0.817084957904,0,0,0,0
fresh,independent,11113,0,0,input_lora_rank2,0.01,2713,0,4893,0,0,0,0,2.07048821449,0,1,0.817084957904,0,0,0,0
fresh,independent,11113,0,0,head_lora_rank2,0.01,2712,0,4893,0,0,0,0,2.07048821449,0,1,0.817084957904,0,0,0,0
fresh,independent,11113,0,0,full_role_head,0.01,2711,0,4893,0,0,0,0,2.07048821449,0,1,0.817084957904,0,0,0,0
fresh,independent,11113,0,0,vsa_sign,0.01,2987,282,5401,0,0,0,0,2.07048821449,0,1,0.817084957904,0,0,0,0
fresh,independent,11113,0,0,full_role_map,0.01,2710,0,4893,0,0,0,0,2.07048821449,0,1,0.817084957904,0,0,0,0
fresh,independent,11113,0,0,mirror_givens,0.01,2710,0,4893,0,0,0,0,2.07048821449,0,1,0.817084957904,0,0,0,0
fresh,independent,11113,0,0,exact_teacher,0.01,6832,4122,9241,0,0,0,0,2.07048821449,0,1,0.817084957904,0,0,0,0
fresh,independent,11113,1,0,hard_tie,0.01,2706,1,4893,0,0,0,0,2.07052779198,0,1,0.816287358291,0,0,0,0
fresh,independent,11113,1,1,hard_tie,0.01,2706,1,4893,0,0,0,0,2.08740329742,0.0158405397087,0.2919921875,0.109109542143,0,0,0,0
fresh,independent,11113,1,0,role_add,0.01,2785,80,6221,38400,300,5529600,0.0911598470011,2.07052779198,0,1,0.816287358291,0,0,0,0
fresh,independent,11113,1,1,role_add,0.01,2785,80,6221,38400,300,5529600,0.0911598470011,2.0879740715,0.0164109580219,0.291015625,0.109639439936,0,0,0,0
fresh,independent,11113,1,0,role_film,0.01,2879,173,7295,38400,300,6144000,0.106409753,2.07052779198,0,1,0.816287358291,0,0,0,0
fresh,independent,11113,1,1,role_film,0.01,2879,173,7295,38400,300,6144000,0.106409753,2.07906222343,0.0074993763119,0.5498046875,0.386789412645,0,0,0,0
fresh,independent,11113,1,0,input_lora_rank2,0.01,3012,299,7679,38400,300,7372800,0.108386127999,2.07052779198,0,1,0.816287358291,0,0,0,0
fresh,independent,11113,1,1,input_lora_rank2,0.01,3012,299,7679,38400,300,7372800,0.108386127999,2.0776257515,0.00606299377978,0.650390625,0.462502464186,0,0,0,0
fresh,independent,11113,1,0,head_lora_rank2,0.01,2945,233,7487,38400,300,6758400,0.100390886,2.07052779198,0,1,0.816287358291,0,0,0,0
fresh,independent,11113,1,1,head_lora_rank2,0.01,2945,233,7487,38400,300,6758400,0.100390886,2.07754659653,0.00598361995071,0.640625,0.4527848945,0,0,0,0
fresh,independent,11113,1,0,full_role_head,0.01,3247,536,7565,38400,300,9830400,0.0910675769992,2.07052779198,0,1,0.816287358291,0,0,0,0
fresh,independent,11113,1,1,full_role_head,0.01,3247,536,7565,38400,300,9830400,0.0910675769992,2.07163619995,7.32220869395e-05,0.8837890625,0.703615243663,0,0,0,0
fresh,independent,11113,1,0,vsa_sign,0.01,2988,283,5401,0,0,0,0,2.07052779198,0,1,0.816287358291,0,0,0,0
fresh,independent,11113,1,1,vsa_sign,0.01,2988,283,5401,0,0,0,0,2.08732295036,0.0157599560916,0.009765625,0.174576989346,0,0,0,0
fresh,independent,11113,1,0,full_role_map,0.01,3753,1043,9101,38400,300,14745600,0.0933737609994,2.07052779198,0,1,0.816287358291,0,0,0,0
fresh,independent,11113,1,1,full_role_map,0.01,3753,1043,9101,38400,300,14745600,0.0933737609994,2.07161235809,4.93524639751e-05,0.8798828125,0.696855071932,0,0,0,0
fresh,independent,11113,1,0,mirror_givens,0.01,2730,20,6157,38400,300,5222400,0.144238625999,2.07052779198,0,1,0.816287358291,0,0,0,0
fresh,independent,11113,1,1,mirror_givens,0.01,2730,20,6157,38400,300,5222400,0.144238625999,2.08807301521,0.0165100321174,0.291015625,0.137015535802,0,0,0,0
fresh,independent,11113,1,0,exact_teacher,0.01,6833,4123,9241,0,0,0,0,2.07052779198,0,1,0.816287358291,0,0,0,0
fresh,independent,11113,1,1,exact_teacher,0.01,6833,4123,9241,0,0,0,0,2.07156300545,0,1,0.816559403902,0,0,0,0
fresh,independent,11113,2,0,hard_tie,0.01,2707,2,4893,0,0,0,0,2.07060432434,0,1,0.817100216693,0,0,0,0
fresh,independent,11113,2,1,hard_tie,0.01,2707,2,4893,0,0,0,0,2.08758997917,0.0159259382635,0.2939453125,0.110777321097,0,0,0,0
fresh,independent,11113,2,2,hard_tie,0.01,2707,2,4893,0,0,0,0,2.0866754055,0.0165489390492,0.30859375,0.125123237522,0,0,0,0
fresh,independent,11113,2,0,role_add,0.01,2865,160,7359,38400,300,5529600,0.0977470069993,2.07060432434,0,1,0.817100216693,0,0,0,0
fresh,independent,11113,2,1,role_add,0.01,2865,160,7359,38400,300,5529600,0.0977470069993,2.08815193176,0.0164880417287,0.2939453125,0.112555208645,0,0,0,0
fresh,independent,11113,2,2,role_add,0.01,2865,160,7359,38400,300,5529600,0.0977470069993,2.08750867844,0.0173822678626,0.3134765625,0.125486821576,0,0,0,0
fresh,independent,11113,2,0,role_film,0.01,3052,346,9767,38400,300,6144000,0.113195869999,2.07060432434,0,1,0.817100216693,0,0,0,0
fresh,independent,11113,2,1,role_film,0.01,3052,346,9767,38400,300,6144000,0.113195869999,2.07925200462,0.00758799817413,0.517578125,0.353893951396,0,0,0,0
fresh,independent,11113,2,2,role_film,0.01,3052,346,9767,38400,300,6144000,0.113195869999,2.08032011986,0.0101935788989,0,0.159727793478,0,0,0,0
fresh,independent,11113,2,0,input_lora_rank2,0.01,3311,598,10535,38400,300,7372800,0.107214144002,2.07060432434,0,1,0.817100216693,0,0,0,0
fresh,independent,11113,2,1,input_lora_rank2,0.01,3311,598,10535,38400,300,7372800,0.107214144002,2.07776761055,0.0061037093401,0.646484375,0.458082275582,0,0,0,0
fresh,independent,11113,2,2,input_lora_rank2,0.01,3311,598,10535,38400,300,7372800,0.107214144002,2.07638120651,0.00625485414639,0.6435546875,0.461829674838,0,0,0,0
fresh,independent,11113,2,0,head_lora_rank2,0.01,3178,466,10151,38400,300,6758400,0.110686585002,2.07060432434,0,1,0.817100216693,0,0,0,0
fresh,independent,11113,2,1,head_lora_rank2,0.01,3178,466,10151,38400,300,6758400,0.110686585002,2.07769203186,0.00602811481804,0.626953125,0.43868493539,0,0,0,0
fresh,independent,11113,2,2,head_lora_rank2,0.01,3178,466,10151,38400,300,6758400,0.110686585002,2.07638692856,0.00626043183729,0.6494140625,0.469600692391,0,0,0,0
fresh,independent,11113,2,0,full_role_head,0.01,3783,1072,10111,38400,300,9830400,0.0895602070013,2.07060432434,0,1,0.817100216693,0,0,0,0
fresh,independent,11113,2,1,full_role_head,0.01,3783,1072,10111,38400,300,9830400,0.0895602070013,2.07173371315,6.98898220435e-05,0.87109375,0.691604941152,0,0,0,0
fresh,independent,11113,2,2,full_role_head,0.01,3783,1072,10111,38400,300,9830400,0.0895602070013,2.07013368607,7.13346798875e-06,0.99609375,0.803803396993,0,0,0,0
fresh,independent,11113,2,0,vsa_sign,0.01,2989,284,5401,0,0,0,0,2.07060432434,0,1,0.817100216693,0,0,0,0
fresh,independent,11113,2,1,vsa_sign,0.01,2989,284,5401,0,0,0,0,2.08719062805,0.0155267752707,0.0029296875,0.182267666998,0,0,0,0
fresh,independent,11113,2,2,vsa_sign,0.01,2989,284,5401,0,0,0,0,2.08390855789,0.0137821026146,0.37109375,0.189666850289,0,0,0,0
fresh,independent,11113,2,0,full_role_map,0.01,4796,2086,13183,38400,300,14745600,0.0891651829988,2.07060432434,0,1,0.817100216693,0,0,0,0
fresh,independent,11113,2,1,full_role_map,0.01,4796,2086,13183,38400,300,14745600,0.0891651829988,2.07170939445,4.55645931652e-05,0.8642578125,0.682119332952,0,0,0,0
fresh,independent,11113,2,2,full_role_map,0.01,4796,2086,13183,38400,300,14745600,0.0891651829988,2.0701315403,4.88404839416e-06,0.99609375,0.803624945111,0,0,0,0
fresh,independent,11113,2,0,mirror_givens,0.01,2750,40,7231,38400,300,5222400,0.131327743999,2.07060432434,0,1,0.817100216693,0,0,0,0
fresh,independent,11113,2,1,mirror_givens,0.01,2750,40,7231,38400,300,5222400,0.131327743999,2.08829236031,0.0166283622384,0.2919921875,0.132630861641,0,0,0,0
fresh,independent,11113,2,2,mirror_givens,0.01,2750,40,7231,38400,300,5222400,0.131327743999,2.08728909492,0.0171623528004,0.37890625,0.19377362635,0,0,0,0
fresh,independent,11113,2,0,exact_teacher,0.01,6834,4124,9241,0,0,0,0,2.07060432434,0,1,0.817100216693,0,0,0,0
fresh,independent,11113,2,1,exact_teacher,0.01,6834,4124,9241,0,0,0,0,2.07166385651,0,1,0.817560641735,0,0,0,0
fresh,independent,11113,2,2,exact_teacher,0.01,6834,4124,9241,0,0,0,0,2.07012653351,0,1,0.807712244045,0,0,0,0
fresh,independent,11113,3,0,hard_tie,0.01,2708,3,4893,0,0,0,0,2.07076001167,0,1,0.817495840136,2048,50,0.000978255000518,104676183.557
fresh,independent,11113,3,1,hard_tie,0.01,2708,3,4893,0,0,0,0,2.08769750595,0.0160738024861,0.298828125,0.115622031866,2048,50,0.000978255000518,104676183.557
fresh,independent,11113,3,2,hard_tie,0.01,2708,3,4893,0,0,0,0,2.08652758598,0.0165426433086,0.318359375,0.135783775026,2048,50,0.000978255000518,104676183.557
fresh,independent,11113,3,3,hard_tie,0.01,2708,3,4893,0,0,0,0,2.08430814743,0.0126682911068,0.3505859375,0.171589453952,2048,50,0.000978255000518,104676183.557
fresh,independent,11113,3,0,role_add,0.01,2945,240,8627,38400,300,5529600,0.105025372999,2.07076001167,0,1,0.817495840136,2048,50,0.00134546800109,76107346.9729
fresh,independent,11113,3,1,role_add,0.01,2945,240,8627,38400,300,5529600,0.105025372999,2.08829545975,0.016671538353,0.298828125,0.117189055221,2048,50,0.00134546800109,76107346.9729
fresh,independent,11113,3,2,role_add,0.01,2945,240,8627,38400,300,5529600,0.105025372999,2.08734035492,0.0173552911729,0.3212890625,0.133979110091,2048,50,0.00134546800109,76107346.9729
fresh,independent,11113,3,3,role_add,0.01,2945,240,8627,38400,300,5529600,0.105025372999,2.08426046371,0.0126204388216,0.3662109375,0.180750203406,2048,50,0.00134546800109,76107346.9729
fresh,independent,11113,3,0,role_film,0.01,3225,519,12175,38400,300,6144000,0.101101491,2.07076001167,0,1,0.817495840136,2048,50,0.00181290500041,56483930.4746
fresh,independent,11113,3,1,role_film,0.01,3225,519,12175,38400,300,6144000,0.101101491,2.07932209969,0.007698379457,0.5048828125,0.340559756631,2048,50,0.00181290500041,56483930.4746
fresh,independent,11113,3,2,role_film,0.01,3225,519,12175,38400,300,6144000,0.101101491,2.08026695251,0.0102819483727,0,0.159359871759,2048,50,0.00181290500041,56483930.4746
fresh,independent,11113,3,3,role_film,0.01,3225,519,12175,38400,300,6144000,0.101101491,2.07893276215,0.00729277171195,0.28515625,0.132137656212,2048,50,0.00181290500041,56483930.4746
fresh,independent,11113,3,0,input_lora_rank2,0.01,3610,897,13327,38400,300,7372800,0.120811500998,2.07076001167,0,1,0.817495840136,2048,50,0.00227695899957,44972263.4528
fresh,independent,11113,3,1,input_lora_rank2,0.01,3610,897,13327,38400,300,7372800,0.120811500998,2.07778263092,0.006158859469,0.6064453125,0.417417419725,2048,50,0.00227695899957,44972263.4528
fresh,independent,11113,3,2,input_lora_rank2,0.01,3610,897,13327,38400,300,7372800,0.120811500998,2.07627677917,0.00629156269133,0.658203125,0.47558095539,2048,50,0.00227695899957,44972263.4528
fresh,independent,11113,3,3,input_lora_rank2,0.01,3610,897,13327,38400,300,7372800,0.120811500998,2.07627677917,0.00463708583266,0.4033203125,0.220501998614,2048,50,0.00227695899957,44972263.4528
fresh,independent,11113,3,0,head_lora_rank2,0.01,3411,699,12751,38400,300,6758400,0.120603857999,2.07076001167,0,1,0.817495840136,2048,50,0.00196064999909,52227577.6133
fresh,independent,11113,3,1,head_lora_rank2,0.01,3411,699,12751,38400,300,6758400,0.120603857999,2.0777053833,0.00608170265332,0.6005859375,0.41148687253,2048,50,0.00196064999909,52227577.6133
fresh,independent,11113,3,2,head_lora_rank2,0.01,3411,699,12751,38400,300,6758400,0.120603857999,2.07628083229,0.00629562325776,0.6708984375,0.490200982225,2048,50,0.00196064999909,52227577.6133
fresh,independent,11113,3,3,head_lora_rank2,0.01,3411,699,12751,38400,300,6758400,0.120603857999,2.07625150681,0.0046117939055,0.39453125,0.212298568295,2048,50,0.00196064999909,52227577.6133
fresh,independent,11113,3,0,full_role_head,0.01,4319,1608,12723,38400,300,9830400,0.0904732480012,2.07076001167,0,1,0.817495840136,2048,50,0.00189252899872,54107493.2374
fresh,independent,11113,3,1,full_role_head,0.01,4319,1608,12723,38400,300,9830400,0.0904732480012,2.07169294357,6.92968606018e-05,0.8564453125,0.677130384836,2048,50,0.00189252899872,54107493.2374
fresh,independent,11113,3,2,full_role_head,0.01,4319,1608,12723,38400,300,9830400,0.0904732480012,2.06999206543,7.21724290997e-06,0.99609375,0.802990054479,2048,50,0.00189252899872,54107493.2374
fresh,independent,11113,3,3,full_role_head,0.01,4319,1608,12723,38400,300,9830400,0.0904732480012,2.07164883614,9.0497369456e-06,0.986328125,0.809972113057,2048,50,0.00189252899872,54107493.2374
fresh,independent,11113,3,0,vsa_sign,0.01,2990,285,5401,0,0,0,0,2.07076001167,0,1,0.817495840136,2048,50,0.00133113700213,76926717.4126
fresh,independent,11113,3,1,vsa_sign,0.01,2990,285,5401,0,0,0,0,2.08705091476,0.0154271386564,0.009765625,0.175014475928,2048,50,0.00133113700213,76926717.4126
fresh,independent,11113,3,2,vsa_sign,0.01,2990,285,5401,0,0,0,0,2.08394646645,0.0139614613727,0.349609375,0.168530526047,2048,50,0.00133113700213,76926717.4126
fresh,independent,11113,3,3,vsa_sign,0.01,2990,285,5401,0,0,0,0,2.0877995491,0.016159677878,0.123046875,0.0995120724401,2048,50,0.00133113700213,76926717.4126
fresh,independent,11113,3,0,full_role_map,0.01,5839,3129,17331,38400,300,14745600,0.0917981480015,2.07076001167,0,1,0.817495840136,2048,50,0.00144722600089,70756053.2611
fresh,independent,11113,3,1,full_role_map,0.01,5839,3129,17331,38400,300,14745600,0.0917981480015,2.07167029381,4.64595905214e-05,0.8671875,0.685306652449,2048,50,0.00144722600089,70756053.2611
fresh,independent,11113,3,2,full_role_map,0.01,5839,3129,17331,38400,300,14745600,0.0917981480015,2.06998991966,4.762626304e-06,0.9921875,0.798973517492,2048,50,0.00144722600089,70756053.2611
fresh,independent,11113,3,3,full_role_map,0.01,5839,3129,17331,38400,300,14745600,0.0917981480015,2.07165336609,1.36596190714e-05,0.962890625,0.785306754988,2048,50,0.00144722600089,70756053.2611
fresh,independent,11113,3,0,mirror_givens,0.01,2770,60,8243,38400,300,5222400,0.137549503001,2.07076001167,0,1,0.817495840136,2048,50,0.00357821000216,28617660.7684
fresh,independent,11113,3,1,mirror_givens,0.01,2770,60,8243,38400,300,5222400,0.137549503001,2.08837938309,0.0167556069791,0.298828125,0.135736146825,2048,50,0.00357821000216,28617660.7684
fresh,independent,11113,3,2,mirror_givens,0.01,2770,60,8243,38400,300,5222400,0.137549503001,2.08713150024,0.0171465910971,0.3955078125,0.210945940838,2048,50,0.00357821000216,28617660.7684
fresh,independent,11113,3,3,mirror_givens,0.01,2770,60,8243,38400,300,5222400,0.137549503001,2.08489489555,0.0132550457492,0.2822265625,0.0982046566933,2048,50,0.00357821000216,28617660.7684
fresh,independent,11113,3,0,exact_teacher,0.01,6835,4125,9241,0,0,0,0,2.07076001167,0,1,0.817495840136,2048,50,0.00154647400268,66215144.7891
fresh,independent,11113,3,1,exact_teacher,0.01,6835,4125,9241,0,0,0,0,2.07162380219,0,1,0.817784499435,2048,50,0.00154647400268,66215144.7891
fresh,independent,11113,3,2,exact_teacher,0.01,6835,4125,9241,0,0,0,0,2.06998515129,0,1,0.806950889528,2048,50,0.00154647400268,66215144.7891
fresh,independent,11113,3,3,exact_teacher,0.01,6835,4125,9241,0,0,0,0,2.07164001465,0,1,0.822661481099,2048,50,0.00154647400268,66215144.7891
