accuracy,active_macs_per_prediction,method,online_examples,payload_sha256,private_active_fraction,retention_ratio,rule_logit_mse,serialized_bytes,stratum,task,update_seconds,updates,world
0.724609375,18,mirror,0,d5c94d2eb6e71893e52e5296e784046e6b7c61e006e2ba1723b747992939dc24,,,,808,easy,0,0.0,0,76711
0.724609375,1,full_rule_bank,0,995d0614c6732e715268f23c96d86dabc8156586f2b3200fdf0c339ed9d85c62,,,,2128,easy,0,0.0,0,76711
0.724609375,18,mirror,8,d5c94d2eb6e71893e52e5296e784046e6b7c61e006e2ba1723b747992939dc24,,,,808,easy,0,0.0013068144376120472,8,76711
0.724609375,1,full_rule_bank,8,995d0614c6732e715268f23c96d86dabc8156586f2b3200fdf0c339ed9d85c62,,,,2128,easy,0,0.001028432687462555,8,76711
0.724609375,18,mirror,32,d5c94d2eb6e71893e52e5296e784046e6b7c61e006e2ba1723b747992939dc24,,,,808,easy,0,0.005227257750448189,32,76711
0.724609375,1,full_rule_bank,32,995d0614c6732e715268f23c96d86dabc8156586f2b3200fdf0c339ed9d85c62,,,,2128,easy,0,0.00411373074985022,32,76711
0.724609375,18,mirror,64,d5c94d2eb6e71893e52e5296e784046e6b7c61e006e2ba1723b747992939dc24,,,,808,easy,0,0.010454515500896377,64,76711
0.724609375,1,full_rule_bank,64,995d0614c6732e715268f23c96d86dabc8156586f2b3200fdf0c339ed9d85c62,,,,2128,easy,0,0.00822746149970044,64,76711
0.724609375,18,mirror,128,d5c94d2eb6e71893e52e5296e784046e6b7c61e006e2ba1723b747992939dc24,,,,808,easy,0,0.020909031001792755,128,76711
0.724609375,1,full_rule_bank,128,995d0614c6732e715268f23c96d86dabc8156586f2b3200fdf0c339ed9d85c62,,,,2128,easy,0,0.01645492299940088,128,76711
0.724609375,18,mirror,256,d5c94d2eb6e71893e52e5296e784046e6b7c61e006e2ba1723b747992939dc24,,,0.04705710709095001,808,easy,0,0.04181806200358551,256,76711
0.724609375,1,full_rule_bank,256,995d0614c6732e715268f23c96d86dabc8156586f2b3200fdf0c339ed9d85c62,,,0.049331456422805786,2128,easy,0,0.03290984599880176,256,76711
0.6328125,18,mirror,0,d5c94d2eb6e71893e52e5296e784046e6b7c61e006e2ba1723b747992939dc24,,,,808,hard,1,0.0,0,76711
0.6328125,1,full_rule_bank,0,995d0614c6732e715268f23c96d86dabc8156586f2b3200fdf0c339ed9d85c62,,,,2128,hard,1,0.0,0,76711
0.6328125,18,mirror,8,d5c94d2eb6e71893e52e5296e784046e6b7c61e006e2ba1723b747992939dc24,,,,808,hard,1,0.0012440906562005694,8,76711
0.6328125,1,full_rule_bank,8,995d0614c6732e715268f23c96d86dabc8156586f2b3200fdf0c339ed9d85c62,,,,2128,hard,1,0.0010420513126518927,8,76711
0.6328125,18,mirror,32,d5c94d2eb6e71893e52e5296e784046e6b7c61e006e2ba1723b747992939dc24,,,,808,hard,1,0.004976362624802277,32,76711
0.697265625,1,full_rule_bank,32,995d0614c6732e715268f23c96d86dabc8156586f2b3200fdf0c339ed9d85c62,,,,2128,hard,1,0.004168205250607571,32,76711
0.6328125,18,mirror,64,d5c94d2eb6e71893e52e5296e784046e6b7c61e006e2ba1723b747992939dc24,,,,808,hard,1,0.009952725249604555,64,76711
0.6328125,1,full_rule_bank,64,995d0614c6732e715268f23c96d86dabc8156586f2b3200fdf0c339ed9d85c62,,,,2128,hard,1,0.008336410501215141,64,76711
0.6328125,18,mirror,128,d5c94d2eb6e71893e52e5296e784046e6b7c61e006e2ba1723b747992939dc24,,,,808,hard,1,0.01990545049920911,128,76711
0.697265625,1,full_rule_bank,128,995d0614c6732e715268f23c96d86dabc8156586f2b3200fdf0c339ed9d85c62,,,,2128,hard,1,0.016672821002430283,128,76711
0.6328125,18,mirror,256,d5c94d2eb6e71893e52e5296e784046e6b7c61e006e2ba1723b747992939dc24,,,0.9049456119537354,808,hard,1,0.03981090099841822,256,76711
0.796875,1,full_rule_bank,256,995d0614c6732e715268f23c96d86dabc8156586f2b3200fdf0c339ed9d85c62,,,0.38305699825286865,2128,hard,1,0.033345642004860565,256,76711
0.736328125,18,mirror,0,d5c94d2eb6e71893e52e5296e784046e6b7c61e006e2ba1723b747992939dc24,,,,808,easy,2,0.0,0,76711
0.736328125,1,full_rule_bank,0,995d0614c6732e715268f23c96d86dabc8156586f2b3200fdf0c339ed9d85c62,,,,2128,easy,2,0.0,0,76711
0.736328125,18,mirror,8,d5c94d2eb6e71893e52e5296e784046e6b7c61e006e2ba1723b747992939dc24,,,,808,easy,2,0.0012463177499739686,8,76711
0.736328125,1,full_rule_bank,8,995d0614c6732e715268f23c96d86dabc8156586f2b3200fdf0c339ed9d85c62,,,,2128,easy,2,0.0010357283435951103,8,76711
0.736328125,18,mirror,32,d5c94d2eb6e71893e52e5296e784046e6b7c61e006e2ba1723b747992939dc24,,,,808,easy,2,0.004985270999895874,32,76711
0.736328125,1,full_rule_bank,32,995d0614c6732e715268f23c96d86dabc8156586f2b3200fdf0c339ed9d85c62,,,,2128,easy,2,0.004142913374380441,32,76711
0.736328125,18,mirror,64,d5c94d2eb6e71893e52e5296e784046e6b7c61e006e2ba1723b747992939dc24,,,,808,easy,2,0.009970541999791749,64,76711
0.736328125,1,full_rule_bank,64,995d0614c6732e715268f23c96d86dabc8156586f2b3200fdf0c339ed9d85c62,,,,2128,easy,2,0.008285826748760883,64,76711
0.736328125,18,mirror,128,d5c94d2eb6e71893e52e5296e784046e6b7c61e006e2ba1723b747992939dc24,,,,808,easy,2,0.019941083999583498,128,76711
0.736328125,1,full_rule_bank,128,995d0614c6732e715268f23c96d86dabc8156586f2b3200fdf0c339ed9d85c62,,,,2128,easy,2,0.016571653497521766,128,76711
0.736328125,18,mirror,256,d5c94d2eb6e71893e52e5296e784046e6b7c61e006e2ba1723b747992939dc24,,,0.05285161733627319,808,easy,2,0.039882167999166995,256,76711
0.736328125,1,full_rule_bank,256,995d0614c6732e715268f23c96d86dabc8156586f2b3200fdf0c339ed9d85c62,,,0.06069411337375641,2128,easy,2,0.03314330699504353,256,76711
0.615234375,18,mirror,0,d5c94d2eb6e71893e52e5296e784046e6b7c61e006e2ba1723b747992939dc24,,,,808,hard,3,0.0,0,76711
0.615234375,1,full_rule_bank,0,995d0614c6732e715268f23c96d86dabc8156586f2b3200fdf0c339ed9d85c62,,,,2128,hard,3,0.0,0,76711
0.615234375,18,mirror,8,d5c94d2eb6e71893e52e5296e784046e6b7c61e006e2ba1723b747992939dc24,,,,808,hard,3,0.001261091249944002,8,76711
0.615234375,1,full_rule_bank,8,995d0614c6732e715268f23c96d86dabc8156586f2b3200fdf0c339ed9d85c62,,,,2128,hard,3,0.0010310128125183837,8,76711
0.615234375,18,mirror,32,d5c94d2eb6e71893e52e5296e784046e6b7c61e006e2ba1723b747992939dc24,,,,808,hard,3,0.005044364999776008,32,76711
0.669921875,1,full_rule_bank,32,995d0614c6732e715268f23c96d86dabc8156586f2b3200fdf0c339ed9d85c62,,,,2128,hard,3,0.004124051250073535,32,76711
0.615234375,18,mirror,64,d5c94d2eb6e71893e52e5296e784046e6b7c61e006e2ba1723b747992939dc24,,,,808,hard,3,0.010088729999552015,64,76711
0.669921875,1,full_rule_bank,64,995d0614c6732e715268f23c96d86dabc8156586f2b3200fdf0c339ed9d85c62,,,,2128,hard,3,0.00824810250014707,64,76711
0.615234375,18,mirror,128,d5c94d2eb6e71893e52e5296e784046e6b7c61e006e2ba1723b747992939dc24,,,,808,hard,3,0.02017745999910403,128,76711
0.615234375,1,full_rule_bank,128,995d0614c6732e715268f23c96d86dabc8156586f2b3200fdf0c339ed9d85c62,,,,2128,hard,3,0.01649620500029414,128,76711
0.669921875,18,mirror,256,d5c94d2eb6e71893e52e5296e784046e6b7c61e006e2ba1723b747992939dc24,,,3.116574764251709,808,hard,3,0.04035491999820806,256,76711
0.75390625,1,full_rule_bank,256,995d0614c6732e715268f23c96d86dabc8156586f2b3200fdf0c339ed9d85c62,,,1.812354564666748,2128,hard,3,0.03299241000058828,256,76711
0.68359375,18,mirror,0,d5c94d2eb6e71893e52e5296e784046e6b7c61e006e2ba1723b747992939dc24,,,,808,hard,4,0.0,0,76711
0.68359375,1,full_rule_bank,0,995d0614c6732e715268f23c96d86dabc8156586f2b3200fdf0c339ed9d85c62,,,,2128,hard,4,0.0,0,76711
0.68359375,18,mirror,8,d5c94d2eb6e71893e52e5296e784046e6b7c61e006e2ba1723b747992939dc24,,,,808,hard,4,0.0012933660625549237,8,76711
0.68359375,1,full_rule_bank,8,995d0614c6732e715268f23c96d86dabc8156586f2b3200fdf0c339ed9d85c62,,,,2128,hard,4,0.0010370500313001685,8,76711
0.68359375,18,mirror,32,d5c94d2eb6e71893e52e5296e784046e6b7c61e006e2ba1723b747992939dc24,,,,808,hard,4,0.005173464250219695,32,76711
0.68359375,1,full_rule_bank,32,995d0614c6732e715268f23c96d86dabc8156586f2b3200fdf0c339ed9d85c62,,,,2128,hard,4,0.004148200125200674,32,76711
0.68359375,18,mirror,64,d5c94d2eb6e71893e52e5296e784046e6b7c61e006e2ba1723b747992939dc24,,,,808,hard,4,0.01034692850043939,64,76711
0.68359375,1,full_rule_bank,64,995d0614c6732e715268f23c96d86dabc8156586f2b3200fdf0c339ed9d85c62,,,,2128,hard,4,0.008296400250401348,64,76711
0.68359375,18,mirror,128,d5c94d2eb6e71893e52e5296e784046e6b7c61e006e2ba1723b747992939dc24,,,,808,hard,4,0.02069385700087878,128,76711
0.68359375,1,full_rule_bank,128,995d0614c6732e715268f23c96d86dabc8156586f2b3200fdf0c339ed9d85c62,,,,2128,hard,4,0.016592800500802696,128,76711
0.68359375,18,mirror,256,d5c94d2eb6e71893e52e5296e784046e6b7c61e006e2ba1723b747992939dc24,,,2.620600700378418,808,hard,4,0.04138771400175756,256,76711
0.689453125,1,full_rule_bank,256,995d0614c6732e715268f23c96d86dabc8156586f2b3200fdf0c339ed9d85c62,,,1.5061464309692383,2128,hard,4,0.03318560100160539,256,76711
0.78515625,18,mirror,0,d5c94d2eb6e71893e52e5296e784046e6b7c61e006e2ba1723b747992939dc24,,,,808,hard,5,0.0,0,76711
0.78515625,1,full_rule_bank,0,995d0614c6732e715268f23c96d86dabc8156586f2b3200fdf0c339ed9d85c62,,,,2128,hard,5,0.0,0,76711
0.78515625,18,mirror,8,d5c94d2eb6e71893e52e5296e784046e6b7c61e006e2ba1723b747992939dc24,,,,808,hard,5,0.0012677975623773818,8,76711
0.78515625,1,full_rule_bank,8,995d0614c6732e715268f23c96d86dabc8156586f2b3200fdf0c339ed9d85c62,,,,2128,hard,5,0.001080923843801429,8,76711
0.78515625,18,mirror,32,d5c94d2eb6e71893e52e5296e784046e6b7c61e006e2ba1723b747992939dc24,,,,808,hard,5,0.005071190249509527,32,76711
0.896484375,1,full_rule_bank,32,995d0614c6732e715268f23c96d86dabc8156586f2b3200fdf0c339ed9d85c62,,,,2128,hard,5,0.004323695375205716,32,76711
0.78515625,18,mirror,64,d5c94d2eb6e71893e52e5296e784046e6b7c61e006e2ba1723b747992939dc24,,,,808,hard,5,0.010142380499019055,64,76711
0.896484375,1,full_rule_bank,64,995d0614c6732e715268f23c96d86dabc8156586f2b3200fdf0c339ed9d85c62,,,,2128,hard,5,0.008647390750411432,64,76711
0.896484375,18,mirror,128,d5c94d2eb6e71893e52e5296e784046e6b7c61e006e2ba1723b747992939dc24,,,,808,hard,5,0.02028476099803811,128,76711
0.896484375,1,full_rule_bank,128,995d0614c6732e715268f23c96d86dabc8156586f2b3200fdf0c339ed9d85c62,,,,2128,hard,5,0.017294781500822864,128,76711
0.896484375,18,mirror,256,d5c94d2eb6e71893e52e5296e784046e6b7c61e006e2ba1723b747992939dc24,,,1.4389617443084717,808,hard,5,0.04056952199607622,256,76711
0.896484375,1,full_rule_bank,256,995d0614c6732e715268f23c96d86dabc8156586f2b3200fdf0c339ed9d85c62,,,0.9304457306861877,2128,hard,5,0.03458956300164573,256,76711
0.716796875,18,mirror,0,d5c94d2eb6e71893e52e5296e784046e6b7c61e006e2ba1723b747992939dc24,,,,808,easy,6,0.0,0,76711
0.716796875,1,full_rule_bank,0,995d0614c6732e715268f23c96d86dabc8156586f2b3200fdf0c339ed9d85c62,,,,2128,easy,6,0.0,0,76711
0.716796875,18,mirror,8,d5c94d2eb6e71893e52e5296e784046e6b7c61e006e2ba1723b747992939dc24,,,,808,easy,6,0.0012470200624647987,8,76711
0.716796875,1,full_rule_bank,8,995d0614c6732e715268f23c96d86dabc8156586f2b3200fdf0c339ed9d85c62,,,,2128,easy,6,0.0010028257186149858,8,76711
0.716796875,18,mirror,32,d5c94d2eb6e71893e52e5296e784046e6b7c61e006e2ba1723b747992939dc24,,,,808,easy,6,0.004988080249859195,32,76711
0.716796875,1,full_rule_bank,32,995d0614c6732e715268f23c96d86dabc8156586f2b3200fdf0c339ed9d85c62,,,,2128,easy,6,0.004011302874459943,32,76711
0.716796875,18,mirror,64,d5c94d2eb6e71893e52e5296e784046e6b7c61e006e2ba1723b747992939dc24,,,,808,easy,6,0.00997616049971839,64,76711
0.716796875,1,full_rule_bank,64,995d0614c6732e715268f23c96d86dabc8156586f2b3200fdf0c339ed9d85c62,,,,2128,easy,6,0.008022605748919887,64,76711
0.716796875,18,mirror,128,d5c94d2eb6e71893e52e5296e784046e6b7c61e006e2ba1723b747992939dc24,,,,808,easy,6,0.01995232099943678,128,76711
0.716796875,1,full_rule_bank,128,995d0614c6732e715268f23c96d86dabc8156586f2b3200fdf0c339ed9d85c62,,,,2128,easy,6,0.016045211497839773,128,76711
0.716796875,18,mirror,256,d5c94d2eb6e71893e52e5296e784046e6b7c61e006e2ba1723b747992939dc24,,,0.006673319265246391,808,easy,6,0.03990464199887356,256,76711
0.7265625,1,full_rule_bank,256,995d0614c6732e715268f23c96d86dabc8156586f2b3200fdf0c339ed9d85c62,,,0.016239356249570847,2128,easy,6,0.032090422995679546,256,76711
0.791015625,18,mirror,0,d5c94d2eb6e71893e52e5296e784046e6b7c61e006e2ba1723b747992939dc24,,,,808,hard,7,0.0,0,76711
0.791015625,1,full_rule_bank,0,995d0614c6732e715268f23c96d86dabc8156586f2b3200fdf0c339ed9d85c62,,,,2128,hard,7,0.0,0,76711
0.791015625,18,mirror,8,d5c94d2eb6e71893e52e5296e784046e6b7c61e006e2ba1723b747992939dc24,,,,808,hard,7,0.0012580948437062034,8,76711
0.791015625,1,full_rule_bank,8,995d0614c6732e715268f23c96d86dabc8156586f2b3200fdf0c339ed9d85c62,,,,2128,hard,7,0.00102295975011657,8,76711
0.791015625,18,mirror,32,d5c94d2eb6e71893e52e5296e784046e6b7c61e006e2ba1723b747992939dc24,,,,808,hard,7,0.005032379374824814,32,76711
0.791015625,1,full_rule_bank,32,995d0614c6732e715268f23c96d86dabc8156586f2b3200fdf0c339ed9d85c62,,,,2128,hard,7,0.00409183900046628,32,76711
0.791015625,18,mirror,64,d5c94d2eb6e71893e52e5296e784046e6b7c61e006e2ba1723b747992939dc24,,,,808,hard,7,0.010064758749649627,64,76711
0.791015625,1,full_rule_bank,64,995d0614c6732e715268f23c96d86dabc8156586f2b3200fdf0c339ed9d85c62,,,,2128,hard,7,0.00818367800093256,64,76711
0.791015625,18,mirror,128,d5c94d2eb6e71893e52e5296e784046e6b7c61e006e2ba1723b747992939dc24,,,,808,hard,7,0.020129517499299254,128,76711
0.791015625,1,full_rule_bank,128,995d0614c6732e715268f23c96d86dabc8156586f2b3200fdf0c339ed9d85c62,,,,2128,hard,7,0.01636735600186512,128,76711
0.791015625,18,mirror,256,d5c94d2eb6e71893e52e5296e784046e6b7c61e006e2ba1723b747992939dc24,,,1.2119853496551514,808,hard,7,0.04025903499859851,256,76711
0.791015625,1,full_rule_bank,256,995d0614c6732e715268f23c96d86dabc8156586f2b3200fdf0c339ed9d85c62,,,0.672775149345398,2128,hard,7,0.03273471200373024,256,76711
0.755859375,18,mirror,0,d5c94d2eb6e71893e52e5296e784046e6b7c61e006e2ba1723b747992939dc24,,,,808,hard,8,0.0,0,76711
0.755859375,1,full_rule_bank,0,995d0614c6732e715268f23c96d86dabc8156586f2b3200fdf0c339ed9d85c62,,,,2128,hard,8,0.0,0,76711
0.755859375,18,mirror,8,d5c94d2eb6e71893e52e5296e784046e6b7c61e006e2ba1723b747992939dc24,,,,808,hard,8,0.0012758493751334754,8,76711
0.755859375,1,full_rule_bank,8,995d0614c6732e715268f23c96d86dabc8156586f2b3200fdf0c339ed9d85c62,,,,2128,hard,8,0.0010114590311331995,8,76711
0.755859375,18,mirror,32,d5c94d2eb6e71893e52e5296e784046e6b7c61e006e2ba1723b747992939dc24,,,,808,hard,8,0.005103397500533902,32,76711
0.755859375,1,full_rule_bank,32,995d0614c6732e715268f23c96d86dabc8156586f2b3200fdf0c339ed9d85c62,,,,2128,hard,8,0.004045836124532798,32,76711
0.755859375,18,mirror,64,d5c94d2eb6e71893e52e5296e784046e6b7c61e006e2ba1723b747992939dc24,,,,808,hard,8,0.010206795001067803,64,76711
0.755859375,1,full_rule_bank,64,995d0614c6732e715268f23c96d86dabc8156586f2b3200fdf0c339ed9d85c62,,,,2128,hard,8,0.008091672249065596,64,76711
0.7890625,18,mirror,128,d5c94d2eb6e71893e52e5296e784046e6b7c61e006e2ba1723b747992939dc24,,,,808,hard,8,0.020413590002135606,128,76711
0.755859375,1,full_rule_bank,128,995d0614c6732e715268f23c96d86dabc8156586f2b3200fdf0c339ed9d85c62,,,,2128,hard,8,0.01618334449813119,128,76711
0.7890625,18,mirror,256,d5c94d2eb6e71893e52e5296e784046e6b7c61e006e2ba1723b747992939dc24,,,0.811347484588623,808,hard,8,0.04082718000427121,256,76711
0.7890625,1,full_rule_bank,256,995d0614c6732e715268f23c96d86dabc8156586f2b3200fdf0c339ed9d85c62,,,0.6930869817733765,2128,hard,8,0.03236668899626238,256,76711
0.638671875,18,mirror,0,d5c94d2eb6e71893e52e5296e784046e6b7c61e006e2ba1723b747992939dc24,,,,808,hard,9,0.0,0,76711
0.638671875,1,full_rule_bank,0,995d0614c6732e715268f23c96d86dabc8156586f2b3200fdf0c339ed9d85c62,,,,2128,hard,9,0.0,0,76711
0.638671875,18,mirror,8,d5c94d2eb6e71893e52e5296e784046e6b7c61e006e2ba1723b747992939dc24,,,,808,hard,9,0.0012433360939212434,8,76711
0.638671875,1,full_rule_bank,8,995d0614c6732e715268f23c96d86dabc8156586f2b3200fdf0c339ed9d85c62,,,,2128,hard,9,0.0010200701251505961,8,76711
0.638671875,18,mirror,32,d5c94d2eb6e71893e52e5296e784046e6b7c61e006e2ba1723b747992939dc24,,,,808,hard,9,0.004973344375684974,32,76711
0.638671875,1,full_rule_bank,32,995d0614c6732e715268f23c96d86dabc8156586f2b3200fdf0c339ed9d85c62,,,,2128,hard,9,0.0040802805006023846,32,76711
0.638671875,18,mirror,64,d5c94d2eb6e71893e52e5296e784046e6b7c61e006e2ba1723b747992939dc24,,,,808,hard,9,0.009946688751369948,64,76711
0.638671875,1,full_rule_bank,64,995d0614c6732e715268f23c96d86dabc8156586f2b3200fdf0c339ed9d85c62,,,,2128,hard,9,0.008160561001204769,64,76711
0.638671875,18,mirror,128,d5c94d2eb6e71893e52e5296e784046e6b7c61e006e2ba1723b747992939dc24,,,,808,hard,9,0.019893377502739895,128,76711
0.638671875,1,full_rule_bank,128,995d0614c6732e715268f23c96d86dabc8156586f2b3200fdf0c339ed9d85c62,,,,2128,hard,9,0.016321122002409538,128,76711
0.71875,18,mirror,256,d5c94d2eb6e71893e52e5296e784046e6b7c61e006e2ba1723b747992939dc24,,,1.4055116176605225,808,hard,9,0.03978675500547979,256,76711
0.71875,1,full_rule_bank,256,995d0614c6732e715268f23c96d86dabc8156586f2b3200fdf0c339ed9d85c62,,,0.6977002620697021,2128,hard,9,0.032642244004819077,256,76711
0.779296875,18,mirror,0,d5c94d2eb6e71893e52e5296e784046e6b7c61e006e2ba1723b747992939dc24,,,,808,easy,10,0.0,0,76711
0.779296875,1,full_rule_bank,0,995d0614c6732e715268f23c96d86dabc8156586f2b3200fdf0c339ed9d85c62,,,,2128,easy,10,0.0,0,76711
0.779296875,18,mirror,8,d5c94d2eb6e71893e52e5296e784046e6b7c61e006e2ba1723b747992939dc24,,,,808,easy,10,0.0012364554063424293,8,76711
0.779296875,1,full_rule_bank,8,995d0614c6732e715268f23c96d86dabc8156586f2b3200fdf0c339ed9d85c62,,,,2128,easy,10,0.0010044881876183354,8,76711
0.779296875,18,mirror,32,d5c94d2eb6e71893e52e5296e784046e6b7c61e006e2ba1723b747992939dc24,,,,808,easy,10,0.004945821625369717,32,76711
0.779296875,1,full_rule_bank,32,995d0614c6732e715268f23c96d86dabc8156586f2b3200fdf0c339ed9d85c62,,,,2128,easy,10,0.0040179527504733414,32,76711
0.779296875,18,mirror,64,d5c94d2eb6e71893e52e5296e784046e6b7c61e006e2ba1723b747992939dc24,,,,808,easy,10,0.009891643250739435,64,76711
0.779296875,1,full_rule_bank,64,995d0614c6732e715268f23c96d86dabc8156586f2b3200fdf0c339ed9d85c62,,,,2128,easy,10,0.008035905500946683,64,76711
0.779296875,18,mirror,128,d5c94d2eb6e71893e52e5296e784046e6b7c61e006e2ba1723b747992939dc24,,,,808,easy,10,0.01978328650147887,128,76711
0.779296875,1,full_rule_bank,128,995d0614c6732e715268f23c96d86dabc8156586f2b3200fdf0c339ed9d85c62,,,,2128,easy,10,0.016071811001893366,128,76711
0.779296875,18,mirror,256,d5c94d2eb6e71893e52e5296e784046e6b7c61e006e2ba1723b747992939dc24,,,0.020241567865014076,808,easy,10,0.03956657300295774,256,76711
0.779296875,1,full_rule_bank,256,995d0614c6732e715268f23c96d86dabc8156586f2b3200fdf0c339ed9d85c62,,,0.041597966104745865,2128,easy,10,0.03214362200378673,256,76711
0.728515625,18,mirror,0,d5c94d2eb6e71893e52e5296e784046e6b7c61e006e2ba1723b747992939dc24,,,,808,hard,11,0.0,0,76711
0.728515625,1,full_rule_bank,0,995d0614c6732e715268f23c96d86dabc8156586f2b3200fdf0c339ed9d85c62,,,,2128,hard,11,0.0,0,76711
0.728515625,18,mirror,8,d5c94d2eb6e71893e52e5296e784046e6b7c61e006e2ba1723b747992939dc24,,,,808,hard,11,0.001328331968807106,8,76711
0.728515625,1,full_rule_bank,8,995d0614c6732e715268f23c96d86dabc8156586f2b3200fdf0c339ed9d85c62,,,,2128,hard,11,0.0010927319376605737,8,76711
0.728515625,18,mirror,32,d5c94d2eb6e71893e52e5296e784046e6b7c61e006e2ba1723b747992939dc24,,,,808,hard,11,0.005313327875228424,32,76711
0.728515625,1,full_rule_bank,32,995d0614c6732e715268f23c96d86dabc8156586f2b3200fdf0c339ed9d85c62,,,,2128,hard,11,0.004370927750642295,32,76711
0.728515625,18,mirror,64,d5c94d2eb6e71893e52e5296e784046e6b7c61e006e2ba1723b747992939dc24,,,,808,hard,11,0.010626655750456848,64,76711
0.728515625,1,full_rule_bank,64,995d0614c6732e715268f23c96d86dabc8156586f2b3200fdf0c339ed9d85c62,,,,2128,hard,11,0.00874185550128459,64,76711
0.728515625,18,mirror,128,d5c94d2eb6e71893e52e5296e784046e6b7c61e006e2ba1723b747992939dc24,,,,808,hard,11,0.021253311500913696,128,76711
0.728515625,1,full_rule_bank,128,995d0614c6732e715268f23c96d86dabc8156586f2b3200fdf0c339ed9d85c62,,,,2128,hard,11,0.01748371100256918,128,76711
0.8125,18,mirror,256,d5c94d2eb6e71893e52e5296e784046e6b7c61e006e2ba1723b747992939dc24,,,1.622255802154541,808,hard,11,0.04250662300182739,256,76711
0.8125,1,full_rule_bank,256,995d0614c6732e715268f23c96d86dabc8156586f2b3200fdf0c339ed9d85c62,,,0.9667083024978638,2128,hard,11,0.03496742200513836,256,76711
0.5859375,18,mirror,0,d5c94d2eb6e71893e52e5296e784046e6b7c61e006e2ba1723b747992939dc24,,,,808,hard,12,0.0,0,76711
0.5859375,1,full_rule_bank,0,995d0614c6732e715268f23c96d86dabc8156586f2b3200fdf0c339ed9d85c62,,,,2128,hard,12,0.0,0,76711
0.5859375,18,mirror,8,d5c94d2eb6e71893e52e5296e784046e6b7c61e006e2ba1723b747992939dc24,,,,808,hard,12,0.0013668206561305851,8,76711
0.5859375,1,full_rule_bank,8,995d0614c6732e715268f23c96d86dabc8156586f2b3200fdf0c339ed9d85c62,,,,2128,hard,12,0.0010599610625376954,8,76711
0.5859375,18,mirror,32,d5c94d2eb6e71893e52e5296e784046e6b7c61e006e2ba1723b747992939dc24,,,,808,hard,12,0.0054672826245223405,32,76711
0.5859375,1,full_rule_bank,32,995d0614c6732e715268f23c96d86dabc8156586f2b3200fdf0c339ed9d85c62,,,,2128,hard,12,0.004239844250150782,32,76711
0.5859375,18,mirror,64,d5c94d2eb6e71893e52e5296e784046e6b7c61e006e2ba1723b747992939dc24,,,,808,hard,12,0.010934565249044681,64,76711
0.681640625,1,full_rule_bank,64,995d0614c6732e715268f23c96d86dabc8156586f2b3200fdf0c339ed9d85c62,,,,2128,hard,12,0.008479688500301563,64,76711
0.5859375,18,mirror,128,d5c94d2eb6e71893e52e5296e784046e6b7c61e006e2ba1723b747992939dc24,,,,808,hard,12,0.021869130498089362,128,76711
0.681640625,1,full_rule_bank,128,995d0614c6732e715268f23c96d86dabc8156586f2b3200fdf0c339ed9d85c62,,,,2128,hard,12,0.016959377000603126,128,76711
0.681640625,18,mirror,256,d5c94d2eb6e71893e52e5296e784046e6b7c61e006e2ba1723b747992939dc24,,,1.7930309772491455,808,hard,12,0.043738260996178724,256,76711
0.79296875,1,full_rule_bank,256,995d0614c6732e715268f23c96d86dabc8156586f2b3200fdf0c339ed9d85c62,,,0.9934375882148743,2128,hard,12,0.03391875400120625,256,76711
0.611328125,18,mirror,0,d5c94d2eb6e71893e52e5296e784046e6b7c61e006e2ba1723b747992939dc24,,,,808,hard,13,0.0,0,76711
0.611328125,1,full_rule_bank,0,995d0614c6732e715268f23c96d86dabc8156586f2b3200fdf0c339ed9d85c62,,,,2128,hard,13,0.0,0,76711
0.611328125,18,mirror,8,d5c94d2eb6e71893e52e5296e784046e6b7c61e006e2ba1723b747992939dc24,,,,808,hard,13,0.0012582726251366694,8,76711
0.611328125,1,full_rule_bank,8,995d0614c6732e715268f23c96d86dabc8156586f2b3200fdf0c339ed9d85c62,,,,2128,hard,13,0.0011019060625585553,8,76711
0.611328125,18,mirror,32,d5c94d2eb6e71893e52e5296e784046e6b7c61e006e2ba1723b747992939dc24,,,,808,hard,13,0.0050330905005466775,32,76711
0.611328125,1,full_rule_bank,32,995d0614c6732e715268f23c96d86dabc8156586f2b3200fdf0c339ed9d85c62,,,,2128,hard,13,0.004407624250234221,32,76711
0.611328125,18,mirror,64,d5c94d2eb6e71893e52e5296e784046e6b7c61e006e2ba1723b747992939dc24,,,,808,hard,13,0.010066181001093355,64,76711
0.611328125,1,full_rule_bank,64,995d0614c6732e715268f23c96d86dabc8156586f2b3200fdf0c339ed9d85c62,,,,2128,hard,13,0.008815248500468442,64,76711
0.611328125,18,mirror,128,d5c94d2eb6e71893e52e5296e784046e6b7c61e006e2ba1723b747992939dc24,,,,808,hard,13,0.02013236200218671,128,76711
0.697265625,1,full_rule_bank,128,995d0614c6732e715268f23c96d86dabc8156586f2b3200fdf0c339ed9d85c62,,,,2128,hard,13,0.017630497000936884,128,76711
0.611328125,18,mirror,256,d5c94d2eb6e71893e52e5296e784046e6b7c61e006e2ba1723b747992939dc24,,,1.7148463726043701,808,hard,13,0.04026472400437342,256,76711
0.796875,1,full_rule_bank,256,995d0614c6732e715268f23c96d86dabc8156586f2b3200fdf0c339ed9d85c62,,,0.8521755337715149,2128,hard,13,0.03526099400187377,256,76711
0.806640625,18,mirror,0,d5c94d2eb6e71893e52e5296e784046e6b7c61e006e2ba1723b747992939dc24,,,,808,hard,14,0.0,0,76711
0.806640625,1,full_rule_bank,0,995d0614c6732e715268f23c96d86dabc8156586f2b3200fdf0c339ed9d85c62,,,,2128,hard,14,0.0,0,76711
0.806640625,18,mirror,8,d5c94d2eb6e71893e52e5296e784046e6b7c61e006e2ba1723b747992939dc24,,,,808,hard,14,0.001274952093808679,8,76711
0.806640625,1,full_rule_bank,8,995d0614c6732e715268f23c96d86dabc8156586f2b3200fdf0c339ed9d85c62,,,,2128,hard,14,0.0010078839061407052,8,76711
0.806640625,18,mirror,32,d5c94d2eb6e71893e52e5296e784046e6b7c61e006e2ba1723b747992939dc24,,,,808,hard,14,0.005099808375234716,32,76711
0.806640625,1,full_rule_bank,32,995d0614c6732e715268f23c96d86dabc8156586f2b3200fdf0c339ed9d85c62,,,,2128,hard,14,0.004031535624562821,32,76711
0.806640625,18,mirror,64,d5c94d2eb6e71893e52e5296e784046e6b7c61e006e2ba1723b747992939dc24,,,,808,hard,14,0.010199616750469431,64,76711
0.806640625,1,full_rule_bank,64,995d0614c6732e715268f23c96d86dabc8156586f2b3200fdf0c339ed9d85c62,,,,2128,hard,14,0.008063071249125642,64,76711
0.806640625,18,mirror,128,d5c94d2eb6e71893e52e5296e784046e6b7c61e006e2ba1723b747992939dc24,,,,808,hard,14,0.020399233500938863,128,76711
0.806640625,1,full_rule_bank,128,995d0614c6732e715268f23c96d86dabc8156586f2b3200fdf0c339ed9d85c62,,,,2128,hard,14,0.016126142498251284,128,76711
0.806640625,18,mirror,256,d5c94d2eb6e71893e52e5296e784046e6b7c61e006e2ba1723b747992939dc24,,,0.2744896411895752,808,hard,14,0.040798467001877725,256,76711
0.806640625,1,full_rule_bank,256,995d0614c6732e715268f23c96d86dabc8156586f2b3200fdf0c339ed9d85c62,,,0.17841200530529022,2128,hard,14,0.03225228499650257,256,76711
0.755859375,18,mirror,0,d5c94d2eb6e71893e52e5296e784046e6b7c61e006e2ba1723b747992939dc24,,,,808,hard,15,0.0,0,76711
0.755859375,1,full_rule_bank,0,995d0614c6732e715268f23c96d86dabc8156586f2b3200fdf0c339ed9d85c62,,,,2128,hard,15,0.0,0,76711
0.755859375,18,mirror,8,d5c94d2eb6e71893e52e5296e784046e6b7c61e006e2ba1723b747992939dc24,,,,808,hard,15,0.0013023480000811105,8,76711
0.755859375,1,full_rule_bank,8,995d0614c6732e715268f23c96d86dabc8156586f2b3200fdf0c339ed9d85c62,,,,2128,hard,15,0.0010304144061592524,8,76711
0.755859375,18,mirror,32,d5c94d2eb6e71893e52e5296e784046e6b7c61e006e2ba1723b747992939dc24,,,,808,hard,15,0.005209392000324442,32,76711
0.755859375,1,full_rule_bank,32,995d0614c6732e715268f23c96d86dabc8156586f2b3200fdf0c339ed9d85c62,,,,2128,hard,15,0.00412165762463701,32,76711
0.755859375,18,mirror,64,d5c94d2eb6e71893e52e5296e784046e6b7c61e006e2ba1723b747992939dc24,,,,808,hard,15,0.010418784000648884,64,76711
0.755859375,1,full_rule_bank,64,995d0614c6732e715268f23c96d86dabc8156586f2b3200fdf0c339ed9d85c62,,,,2128,hard,15,0.00824331524927402,64,76711
0.755859375,18,mirror,128,d5c94d2eb6e71893e52e5296e784046e6b7c61e006e2ba1723b747992939dc24,,,,808,hard,15,0.020837568001297768,128,76711
0.833984375,1,full_rule_bank,128,995d0614c6732e715268f23c96d86dabc8156586f2b3200fdf0c339ed9d85c62,,,,2128,hard,15,0.01648663049854804,128,76711
0.755859375,18,mirror,256,d5c94d2eb6e71893e52e5296e784046e6b7c61e006e2ba1723b747992939dc24,,,3.201606273651123,808,hard,15,0.041675136002595536,256,76711
0.833984375,1,full_rule_bank,256,995d0614c6732e715268f23c96d86dabc8156586f2b3200fdf0c339ed9d85c62,,,1.8574116230010986,2128,hard,15,0.03297326099709608,256,76711
0.689453125,18,mirror,0,d5c94d2eb6e71893e52e5296e784046e6b7c61e006e2ba1723b747992939dc24,,,,808,easy,16,0.0,0,76711
0.689453125,1,full_rule_bank,0,995d0614c6732e715268f23c96d86dabc8156586f2b3200fdf0c339ed9d85c62,,,,2128,easy,16,0.0,0,76711
0.689453125,18,mirror,8,d5c94d2eb6e71893e52e5296e784046e6b7c61e006e2ba1723b747992939dc24,,,,808,easy,16,0.0013024769689309323,8,76711
0.689453125,1,full_rule_bank,8,995d0614c6732e715268f23c96d86dabc8156586f2b3200fdf0c339ed9d85c62,,,,2128,easy,16,0.0010439140937705815,8,76711
0.689453125,18,mirror,32,d5c94d2eb6e71893e52e5296e784046e6b7c61e006e2ba1723b747992939dc24,,,,808,easy,16,0.005209907875723729,32,76711
0.689453125,1,full_rule_bank,32,995d0614c6732e715268f23c96d86dabc8156586f2b3200fdf0c339ed9d85c62,,,,2128,easy,16,0.004175656375082326,32,76711
0.689453125,18,mirror,64,d5c94d2eb6e71893e52e5296e784046e6b7c61e006e2ba1723b747992939dc24,,,,808,easy,16,0.010419815751447459,64,76711
0.689453125,1,full_rule_bank,64,995d0614c6732e715268f23c96d86dabc8156586f2b3200fdf0c339ed9d85c62,,,,2128,easy,16,0.008351312750164652,64,76711
0.689453125,18,mirror,128,d5c94d2eb6e71893e52e5296e784046e6b7c61e006e2ba1723b747992939dc24,,,,808,easy,16,0.020839631502894918,128,76711
0.689453125,1,full_rule_bank,128,995d0614c6732e715268f23c96d86dabc8156586f2b3200fdf0c339ed9d85c62,,,,2128,easy,16,0.016702625500329304,128,76711
0.689453125,18,mirror,256,d5c94d2eb6e71893e52e5296e784046e6b7c61e006e2ba1723b747992939dc24,,,0.010827148333191872,808,easy,16,0.041679263005789835,256,76711
0.689453125,1,full_rule_bank,256,995d0614c6732e715268f23c96d86dabc8156586f2b3200fdf0c339ed9d85c62,,,0.053886778652668,2128,easy,16,0.03340525100065861,256,76711
0.71875,18,mirror,0,d5c94d2eb6e71893e52e5296e784046e6b7c61e006e2ba1723b747992939dc24,,,,808,easy,17,0.0,0,76711
0.71875,1,full_rule_bank,0,995d0614c6732e715268f23c96d86dabc8156586f2b3200fdf0c339ed9d85c62,,,,2128,easy,17,0.0,0,76711
0.71875,18,mirror,8,d5c94d2eb6e71893e52e5296e784046e6b7c61e006e2ba1723b747992939dc24,,,,808,easy,17,0.0012423160937942157,8,76711
0.71875,1,full_rule_bank,8,995d0614c6732e715268f23c96d86dabc8156586f2b3200fdf0c339ed9d85c62,,,,2128,easy,17,0.0011130512812087545,8,76711
0.71875,18,mirror,32,d5c94d2eb6e71893e52e5296e784046e6b7c61e006e2ba1723b747992939dc24,,,,808,easy,17,0.004969264375176863,32,76711
0.71875,1,full_rule_bank,32,995d0614c6732e715268f23c96d86dabc8156586f2b3200fdf0c339ed9d85c62,,,,2128,easy,17,0.004452205124835018,32,76711
0.71875,18,mirror,64,d5c94d2eb6e71893e52e5296e784046e6b7c61e006e2ba1723b747992939dc24,,,,808,easy,17,0.009938528750353726,64,76711
0.71875,1,full_rule_bank,64,995d0614c6732e715268f23c96d86dabc8156586f2b3200fdf0c339ed9d85c62,,,,2128,easy,17,0.008904410249670036,64,76711
0.71875,18,mirror,128,d5c94d2eb6e71893e52e5296e784046e6b7c61e006e2ba1723b747992939dc24,,,,808,easy,17,0.01987705750070745,128,76711
0.71875,1,full_rule_bank,128,995d0614c6732e715268f23c96d86dabc8156586f2b3200fdf0c339ed9d85c62,,,,2128,easy,17,0.017808820499340072,128,76711
0.7265625,18,mirror,256,d5c94d2eb6e71893e52e5296e784046e6b7c61e006e2ba1723b747992939dc24,,,0.017899952828884125,808,easy,17,0.0397541150014149,256,76711
0.71875,1,full_rule_bank,256,995d0614c6732e715268f23c96d86dabc8156586f2b3200fdf0c339ed9d85c62,,,0.03794148564338684,2128,easy,17,0.035617640998680145,256,76711
0.931640625,18,mirror,0,d5c94d2eb6e71893e52e5296e784046e6b7c61e006e2ba1723b747992939dc24,,,,808,hard,18,0.0,0,76711
0.931640625,1,full_rule_bank,0,995d0614c6732e715268f23c96d86dabc8156586f2b3200fdf0c339ed9d85c62,,,,2128,hard,18,0.0,0,76711
0.931640625,18,mirror,8,d5c94d2eb6e71893e52e5296e784046e6b7c61e006e2ba1723b747992939dc24,,,,808,hard,18,0.0012594597187671752,8,76711
0.931640625,1,full_rule_bank,8,995d0614c6732e715268f23c96d86dabc8156586f2b3200fdf0c339ed9d85c62,,,,2128,hard,18,0.001017199531361257,8,76711
0.931640625,18,mirror,32,d5c94d2eb6e71893e52e5296e784046e6b7c61e006e2ba1723b747992939dc24,,,,808,hard,18,0.005037838875068701,32,76711
0.931640625,1,full_rule_bank,32,995d0614c6732e715268f23c96d86dabc8156586f2b3200fdf0c339ed9d85c62,,,,2128,hard,18,0.004068798125445028,32,76711
0.931640625,18,mirror,64,d5c94d2eb6e71893e52e5296e784046e6b7c61e006e2ba1723b747992939dc24,,,,808,hard,18,0.010075677750137402,64,76711
0.931640625,1,full_rule_bank,64,995d0614c6732e715268f23c96d86dabc8156586f2b3200fdf0c339ed9d85c62,,,,2128,hard,18,0.008137596250890056,64,76711
0.931640625,18,mirror,128,d5c94d2eb6e71893e52e5296e784046e6b7c61e006e2ba1723b747992939dc24,,,,808,hard,18,0.020151355500274803,128,76711
0.931640625,1,full_rule_bank,128,995d0614c6732e715268f23c96d86dabc8156586f2b3200fdf0c339ed9d85c62,,,,2128,hard,18,0.01627519250178011,128,76711
0.845703125,18,mirror,256,d5c94d2eb6e71893e52e5296e784046e6b7c61e006e2ba1723b747992939dc24,,,3.776895523071289,808,hard,18,0.04030271100054961,256,76711
0.931640625,1,full_rule_bank,256,995d0614c6732e715268f23c96d86dabc8156586f2b3200fdf0c339ed9d85c62,,,2.4943389892578125,2128,hard,18,0.03255038500356022,256,76711
0.712890625,18,mirror,0,d5c94d2eb6e71893e52e5296e784046e6b7c61e006e2ba1723b747992939dc24,,,,808,easy,19,0.0,0,76711
0.712890625,1,full_rule_bank,0,995d0614c6732e715268f23c96d86dabc8156586f2b3200fdf0c339ed9d85c62,,,,2128,easy,19,0.0,0,76711
0.712890625,18,mirror,8,d5c94d2eb6e71893e52e5296e784046e6b7c61e006e2ba1723b747992939dc24,,,,808,easy,19,0.0013448485312892444,8,76711
0.712890625,1,full_rule_bank,8,995d0614c6732e715268f23c96d86dabc8156586f2b3200fdf0c339ed9d85c62,,,,2128,easy,19,0.0010489858125311002,8,76711
0.712890625,18,mirror,32,d5c94d2eb6e71893e52e5296e784046e6b7c61e006e2ba1723b747992939dc24,,,,808,easy,19,0.005379394125156978,32,76711
0.712890625,1,full_rule_bank,32,995d0614c6732e715268f23c96d86dabc8156586f2b3200fdf0c339ed9d85c62,,,,2128,easy,19,0.004195943250124401,32,76711
0.712890625,18,mirror,64,d5c94d2eb6e71893e52e5296e784046e6b7c61e006e2ba1723b747992939dc24,,,,808,easy,19,0.010758788250313955,64,76711
0.712890625,1,full_rule_bank,64,995d0614c6732e715268f23c96d86dabc8156586f2b3200fdf0c339ed9d85c62,,,,2128,easy,19,0.008391886500248802,64,76711
0.712890625,18,mirror,128,d5c94d2eb6e71893e52e5296e784046e6b7c61e006e2ba1723b747992939dc24,,,,808,easy,19,0.02151757650062791,128,76711
0.712890625,1,full_rule_bank,128,995d0614c6732e715268f23c96d86dabc8156586f2b3200fdf0c339ed9d85c62,,,,2128,easy,19,0.016783773000497604,128,76711
0.712890625,18,mirror,256,d5c94d2eb6e71893e52e5296e784046e6b7c61e006e2ba1723b747992939dc24,,,0.09800004959106445,808,easy,19,0.04303515300125582,256,76711
0.712890625,1,full_rule_bank,256,995d0614c6732e715268f23c96d86dabc8156586f2b3200fdf0c339ed9d85c62,,,0.10236890614032745,2128,easy,19,0.03356754600099521,256,76711
0.5390625,18,mirror,0,d5c94d2eb6e71893e52e5296e784046e6b7c61e006e2ba1723b747992939dc24,,,,808,hard,20,0.0,0,76711
0.5390625,1,full_rule_bank,0,995d0614c6732e715268f23c96d86dabc8156586f2b3200fdf0c339ed9d85c62,,,,2128,hard,20,0.0,0,76711
0.5390625,18,mirror,8,d5c94d2eb6e71893e52e5296e784046e6b7c61e006e2ba1723b747992939dc24,,,,808,hard,20,0.0012899646876576298,8,76711
0.5390625,1,full_rule_bank,8,995d0614c6732e715268f23c96d86dabc8156586f2b3200fdf0c339ed9d85c62,,,,2128,hard,20,0.0010558611561464204,8,76711
0.5390625,18,mirror,32,d5c94d2eb6e71893e52e5296e784046e6b7c61e006e2ba1723b747992939dc24,,,,808,hard,20,0.005159858750630519,32,76711
0.5390625,1,full_rule_bank,32,995d0614c6732e715268f23c96d86dabc8156586f2b3200fdf0c339ed9d85c62,,,,2128,hard,20,0.004223444624585682,32,76711
0.5390625,18,mirror,64,d5c94d2eb6e71893e52e5296e784046e6b7c61e006e2ba1723b747992939dc24,,,,808,hard,20,0.010319717501261039,64,76711
0.5390625,1,full_rule_bank,64,995d0614c6732e715268f23c96d86dabc8156586f2b3200fdf0c339ed9d85c62,,,,2128,hard,20,0.008446889249171363,64,76711
0.5390625,18,mirror,128,d5c94d2eb6e71893e52e5296e784046e6b7c61e006e2ba1723b747992939dc24,,,,808,hard,20,0.020639435002522077,128,76711
0.615234375,1,full_rule_bank,128,995d0614c6732e715268f23c96d86dabc8156586f2b3200fdf0c339ed9d85c62,,,,2128,hard,20,0.016893778498342726,128,76711
0.5390625,18,mirror,256,d5c94d2eb6e71893e52e5296e784046e6b7c61e006e2ba1723b747992939dc24,,,1.8912789821624756,808,hard,20,0.041278870005044155,256,76711
0.685546875,1,full_rule_bank,256,995d0614c6732e715268f23c96d86dabc8156586f2b3200fdf0c339ed9d85c62,,,0.9504638314247131,2128,hard,20,0.03378755699668545,256,76711
0.484375,18,mirror,0,d5c94d2eb6e71893e52e5296e784046e6b7c61e006e2ba1723b747992939dc24,,,,808,hard,21,0.0,0,76711
0.484375,1,full_rule_bank,0,995d0614c6732e715268f23c96d86dabc8156586f2b3200fdf0c339ed9d85c62,,,,2128,hard,21,0.0,0,76711
0.484375,18,mirror,8,d5c94d2eb6e71893e52e5296e784046e6b7c61e006e2ba1723b747992939dc24,,,,808,hard,21,0.001255424593864518,8,76711
0.484375,1,full_rule_bank,8,995d0614c6732e715268f23c96d86dabc8156586f2b3200fdf0c339ed9d85c62,,,,2128,hard,21,0.0011092815311712911,8,76711
0.484375,18,mirror,32,d5c94d2eb6e71893e52e5296e784046e6b7c61e006e2ba1723b747992939dc24,,,,808,hard,21,0.005021698375458072,32,76711
0.578125,1,full_rule_bank,32,995d0614c6732e715268f23c96d86dabc8156586f2b3200fdf0c339ed9d85c62,,,,2128,hard,21,0.0044371261246851645,32,76711
0.484375,18,mirror,64,d5c94d2eb6e71893e52e5296e784046e6b7c61e006e2ba1723b747992939dc24,,,,808,hard,21,0.010043396750916145,64,76711
0.578125,1,full_rule_bank,64,995d0614c6732e715268f23c96d86dabc8156586f2b3200fdf0c339ed9d85c62,,,,2128,hard,21,0.008874252249370329,64,76711
0.484375,18,mirror,128,d5c94d2eb6e71893e52e5296e784046e6b7c61e006e2ba1723b747992939dc24,,,,808,hard,21,0.02008679350183229,128,76711
0.578125,1,full_rule_bank,128,995d0614c6732e715268f23c96d86dabc8156586f2b3200fdf0c339ed9d85c62,,,,2128,hard,21,0.017748504498740658,128,76711
0.484375,18,mirror,256,d5c94d2eb6e71893e52e5296e784046e6b7c61e006e2ba1723b747992939dc24,,,3.429905652999878,808,hard,21,0.04017358700366458,256,76711
0.734375,1,full_rule_bank,256,995d0614c6732e715268f23c96d86dabc8156586f2b3200fdf0c339ed9d85c62,,,1.2937443256378174,2128,hard,21,0.035497008997481316,256,76711
0.546875,18,mirror,0,d5c94d2eb6e71893e52e5296e784046e6b7c61e006e2ba1723b747992939dc24,,,,808,hard,22,0.0,0,76711
0.546875,1,full_rule_bank,0,995d0614c6732e715268f23c96d86dabc8156586f2b3200fdf0c339ed9d85c62,,,,2128,hard,22,0.0,0,76711
0.546875,18,mirror,8,d5c94d2eb6e71893e52e5296e784046e6b7c61e006e2ba1723b747992939dc24,,,,808,hard,22,0.0012450248750610626,8,76711
0.546875,1,full_rule_bank,8,995d0614c6732e715268f23c96d86dabc8156586f2b3200fdf0c339ed9d85c62,,,,2128,hard,22,0.0010339706875583943,8,76711
0.546875,18,mirror,32,d5c94d2eb6e71893e52e5296e784046e6b7c61e006e2ba1723b747992939dc24,,,,808,hard,22,0.0049800995002442505,32,76711
0.546875,1,full_rule_bank,32,995d0614c6732e715268f23c96d86dabc8156586f2b3200fdf0c339ed9d85c62,,,,2128,hard,22,0.004135882750233577,32,76711
0.546875,18,mirror,64,d5c94d2eb6e71893e52e5296e784046e6b7c61e006e2ba1723b747992939dc24,,,,808,hard,22,0.009960199000488501,64,76711
0.546875,1,full_rule_bank,64,995d0614c6732e715268f23c96d86dabc8156586f2b3200fdf0c339ed9d85c62,,,,2128,hard,22,0.008271765500467154,64,76711
0.546875,18,mirror,128,d5c94d2eb6e71893e52e5296e784046e6b7c61e006e2ba1723b747992939dc24,,,,808,hard,22,0.019920398000977002,128,76711
0.546875,1,full_rule_bank,128,995d0614c6732e715268f23c96d86dabc8156586f2b3200fdf0c339ed9d85c62,,,,2128,hard,22,0.01654353100093431,128,76711
0.546875,18,mirror,256,d5c94d2eb6e71893e52e5296e784046e6b7c61e006e2ba1723b747992939dc24,,,3.178616762161255,808,hard,22,0.039840796001954004,256,76711
0.619140625,1,full_rule_bank,256,995d0614c6732e715268f23c96d86dabc8156586f2b3200fdf0c339ed9d85c62,,,1.4145221710205078,2128,hard,22,0.03308706200186862,256,76711
0.689453125,18,mirror,0,d5c94d2eb6e71893e52e5296e784046e6b7c61e006e2ba1723b747992939dc24,,,,808,hard,23,0.0,0,76711
0.689453125,1,full_rule_bank,0,995d0614c6732e715268f23c96d86dabc8156586f2b3200fdf0c339ed9d85c62,,,,2128,hard,23,0.0,0,76711
0.689453125,18,mirror,8,d5c94d2eb6e71893e52e5296e784046e6b7c61e006e2ba1723b747992939dc24,,,,808,hard,23,0.001250908125030037,8,76711
0.689453125,1,full_rule_bank,8,995d0614c6732e715268f23c96d86dabc8156586f2b3200fdf0c339ed9d85c62,,,,2128,hard,23,0.0010109435625054175,8,76711
0.689453125,18,mirror,32,d5c94d2eb6e71893e52e5296e784046e6b7c61e006e2ba1723b747992939dc24,,,,808,hard,23,0.005003632500120148,32,76711
0.689453125,1,full_rule_bank,32,995d0614c6732e715268f23c96d86dabc8156586f2b3200fdf0c339ed9d85c62,,,,2128,hard,23,0.00404377425002167,32,76711
0.689453125,18,mirror,64,d5c94d2eb6e71893e52e5296e784046e6b7c61e006e2ba1723b747992939dc24,,,,808,hard,23,0.010007265000240295,64,76711
0.689453125,1,full_rule_bank,64,995d0614c6732e715268f23c96d86dabc8156586f2b3200fdf0c339ed9d85c62,,,,2128,hard,23,0.00808754850004334,64,76711
0.689453125,18,mirror,128,d5c94d2eb6e71893e52e5296e784046e6b7c61e006e2ba1723b747992939dc24,,,,808,hard,23,0.02001453000048059,128,76711
0.689453125,1,full_rule_bank,128,995d0614c6732e715268f23c96d86dabc8156586f2b3200fdf0c339ed9d85c62,,,,2128,hard,23,0.01617509700008668,128,76711
0.689453125,18,mirror,256,d5c94d2eb6e71893e52e5296e784046e6b7c61e006e2ba1723b747992939dc24,,,1.3443514108657837,808,hard,23,0.04002906000096118,256,76711
0.771484375,1,full_rule_bank,256,995d0614c6732e715268f23c96d86dabc8156586f2b3200fdf0c339ed9d85c62,,,0.8716014623641968,2128,hard,23,0.03235019400017336,256,76711
0.7265625,18,mirror,0,d5c94d2eb6e71893e52e5296e784046e6b7c61e006e2ba1723b747992939dc24,,,,808,easy,24,0.0,0,76711
0.7265625,1,full_rule_bank,0,995d0614c6732e715268f23c96d86dabc8156586f2b3200fdf0c339ed9d85c62,,,,2128,easy,24,0.0,0,76711
0.7265625,18,mirror,8,d5c94d2eb6e71893e52e5296e784046e6b7c61e006e2ba1723b747992939dc24,,,,808,easy,24,0.0014714227500007837,8,76711
0.7265625,1,full_rule_bank,8,995d0614c6732e715268f23c96d86dabc8156586f2b3200fdf0c339ed9d85c62,,,,2128,easy,24,0.0012971548749192152,8,76711
0.7265625,18,mirror,32,d5c94d2eb6e71893e52e5296e784046e6b7c61e006e2ba1723b747992939dc24,,,,808,easy,24,0.005885691000003135,32,76711
0.7265625,1,full_rule_bank,32,995d0614c6732e715268f23c96d86dabc8156586f2b3200fdf0c339ed9d85c62,,,,2128,easy,24,0.005188619499676861,32,76711
0.7265625,18,mirror,64,d5c94d2eb6e71893e52e5296e784046e6b7c61e006e2ba1723b747992939dc24,,,,808,easy,24,0.01177138200000627,64,76711
0.7265625,1,full_rule_bank,64,995d0614c6732e715268f23c96d86dabc8156586f2b3200fdf0c339ed9d85c62,,,,2128,easy,24,0.010377238999353722,64,76711
0.7265625,18,mirror,128,d5c94d2eb6e71893e52e5296e784046e6b7c61e006e2ba1723b747992939dc24,,,,808,easy,24,0.02354276400001254,128,76711
0.7265625,1,full_rule_bank,128,995d0614c6732e715268f23c96d86dabc8156586f2b3200fdf0c339ed9d85c62,,,,2128,easy,24,0.020754477998707443,128,76711
0.7265625,18,mirror,256,d5c94d2eb6e71893e52e5296e784046e6b7c61e006e2ba1723b747992939dc24,,,0.10385710000991821,808,easy,24,0.04708552800002508,256,76711
0.7265625,1,full_rule_bank,256,995d0614c6732e715268f23c96d86dabc8156586f2b3200fdf0c339ed9d85c62,,,0.11797289550304413,2128,easy,24,0.04150895599741489,256,76711
0.732421875,18,mirror,0,d5c94d2eb6e71893e52e5296e784046e6b7c61e006e2ba1723b747992939dc24,,,,808,hard,25,0.0,0,76711
0.732421875,1,full_rule_bank,0,995d0614c6732e715268f23c96d86dabc8156586f2b3200fdf0c339ed9d85c62,,,,2128,hard,25,0.0,0,76711
0.732421875,18,mirror,8,d5c94d2eb6e71893e52e5296e784046e6b7c61e006e2ba1723b747992939dc24,,,,808,hard,25,0.0012455759999738802,8,76711
0.732421875,1,full_rule_bank,8,995d0614c6732e715268f23c96d86dabc8156586f2b3200fdf0c339ed9d85c62,,,,2128,hard,25,0.0010267817810927227,8,76711
0.732421875,18,mirror,32,d5c94d2eb6e71893e52e5296e784046e6b7c61e006e2ba1723b747992939dc24,,,,808,hard,25,0.004982303999895521,32,76711
0.798828125,1,full_rule_bank,32,995d0614c6732e715268f23c96d86dabc8156586f2b3200fdf0c339ed9d85c62,,,,2128,hard,25,0.004107127124370891,32,76711
0.732421875,18,mirror,64,d5c94d2eb6e71893e52e5296e784046e6b7c61e006e2ba1723b747992939dc24,,,,808,hard,25,0.009964607999791042,64,76711
0.798828125,1,full_rule_bank,64,995d0614c6732e715268f23c96d86dabc8156586f2b3200fdf0c339ed9d85c62,,,,2128,hard,25,0.008214254248741781,64,76711
0.732421875,18,mirror,128,d5c94d2eb6e71893e52e5296e784046e6b7c61e006e2ba1723b747992939dc24,,,,808,hard,25,0.019929215999582084,128,76711
0.798828125,1,full_rule_bank,128,995d0614c6732e715268f23c96d86dabc8156586f2b3200fdf0c339ed9d85c62,,,,2128,hard,25,0.016428508497483563,128,76711
0.798828125,18,mirror,256,d5c94d2eb6e71893e52e5296e784046e6b7c61e006e2ba1723b747992939dc24,,,0.6516908407211304,808,hard,25,0.03985843199916417,256,76711
0.798828125,1,full_rule_bank,256,995d0614c6732e715268f23c96d86dabc8156586f2b3200fdf0c339ed9d85c62,,,0.4378192722797394,2128,hard,25,0.032857016994967125,256,76711
0.75,18,mirror,0,d5c94d2eb6e71893e52e5296e784046e6b7c61e006e2ba1723b747992939dc24,,,,808,easy,26,0.0,0,76711
0.75,1,full_rule_bank,0,995d0614c6732e715268f23c96d86dabc8156586f2b3200fdf0c339ed9d85c62,,,,2128,easy,26,0.0,0,76711
0.75,18,mirror,8,d5c94d2eb6e71893e52e5296e784046e6b7c61e006e2ba1723b747992939dc24,,,,808,easy,26,0.001229512468626126,8,76711
0.75,1,full_rule_bank,8,995d0614c6732e715268f23c96d86dabc8156586f2b3200fdf0c339ed9d85c62,,,,2128,easy,26,0.0010035689999767783,8,76711
0.75,18,mirror,32,d5c94d2eb6e71893e52e5296e784046e6b7c61e006e2ba1723b747992939dc24,,,,808,easy,26,0.004918049874504504,32,76711
0.75,1,full_rule_bank,32,995d0614c6732e715268f23c96d86dabc8156586f2b3200fdf0c339ed9d85c62,,,,2128,easy,26,0.004014275999907113,32,76711
0.75,18,mirror,64,d5c94d2eb6e71893e52e5296e784046e6b7c61e006e2ba1723b747992939dc24,,,,808,easy,26,0.009836099749009009,64,76711
0.75,1,full_rule_bank,64,995d0614c6732e715268f23c96d86dabc8156586f2b3200fdf0c339ed9d85c62,,,,2128,easy,26,0.008028551999814226,64,76711
0.75,18,mirror,128,d5c94d2eb6e71893e52e5296e784046e6b7c61e006e2ba1723b747992939dc24,,,,808,easy,26,0.019672199498018017,128,76711
0.75,1,full_rule_bank,128,995d0614c6732e715268f23c96d86dabc8156586f2b3200fdf0c339ed9d85c62,,,,2128,easy,26,0.016057103999628453,128,76711
0.75,18,mirror,256,d5c94d2eb6e71893e52e5296e784046e6b7c61e006e2ba1723b747992939dc24,,,0.04981759563088417,808,easy,26,0.039344398996036034,256,76711
0.75,1,full_rule_bank,256,995d0614c6732e715268f23c96d86dabc8156586f2b3200fdf0c339ed9d85c62,,,0.06073809415102005,2128,easy,26,0.032114207999256905,256,76711
0.740234375,18,mirror,0,d5c94d2eb6e71893e52e5296e784046e6b7c61e006e2ba1723b747992939dc24,,,,808,hard,27,0.0,0,76711
0.740234375,1,full_rule_bank,0,995d0614c6732e715268f23c96d86dabc8156586f2b3200fdf0c339ed9d85c62,,,,2128,hard,27,0.0,0,76711
0.740234375,18,mirror,8,d5c94d2eb6e71893e52e5296e784046e6b7c61e006e2ba1723b747992939dc24,,,,808,hard,27,0.0012356773750070715,8,76711
0.740234375,1,full_rule_bank,8,995d0614c6732e715268f23c96d86dabc8156586f2b3200fdf0c339ed9d85c62,,,,2128,hard,27,0.001005290031343975,8,76711
0.740234375,18,mirror,32,d5c94d2eb6e71893e52e5296e784046e6b7c61e006e2ba1723b747992939dc24,,,,808,hard,27,0.004942709500028286,32,76711
0.740234375,1,full_rule_bank,32,995d0614c6732e715268f23c96d86dabc8156586f2b3200fdf0c339ed9d85c62,,,,2128,hard,27,0.0040211601253759,32,76711
0.740234375,18,mirror,64,d5c94d2eb6e71893e52e5296e784046e6b7c61e006e2ba1723b747992939dc24,,,,808,hard,27,0.009885419000056572,64,76711
0.740234375,1,full_rule_bank,64,995d0614c6732e715268f23c96d86dabc8156586f2b3200fdf0c339ed9d85c62,,,,2128,hard,27,0.0080423202507518,64,76711
0.740234375,18,mirror,128,d5c94d2eb6e71893e52e5296e784046e6b7c61e006e2ba1723b747992939dc24,,,,808,hard,27,0.019770838000113145,128,76711
0.83203125,1,full_rule_bank,128,995d0614c6732e715268f23c96d86dabc8156586f2b3200fdf0c339ed9d85c62,,,,2128,hard,27,0.0160846405015036,128,76711
0.740234375,18,mirror,256,d5c94d2eb6e71893e52e5296e784046e6b7c61e006e2ba1723b747992939dc24,,,1.868760108947754,808,hard,27,0.03954167600022629,256,76711
0.83203125,1,full_rule_bank,256,995d0614c6732e715268f23c96d86dabc8156586f2b3200fdf0c339ed9d85c62,,,1.389608383178711,2128,hard,27,0.0321692810030072,256,76711
0.734375,18,mirror,0,d5c94d2eb6e71893e52e5296e784046e6b7c61e006e2ba1723b747992939dc24,,,,808,easy,28,0.0,0,76711
0.734375,1,full_rule_bank,0,995d0614c6732e715268f23c96d86dabc8156586f2b3200fdf0c339ed9d85c62,,,,2128,easy,28,0.0,0,76711
0.734375,18,mirror,8,d5c94d2eb6e71893e52e5296e784046e6b7c61e006e2ba1723b747992939dc24,,,,808,easy,28,0.0012419358438364725,8,76711
0.734375,1,full_rule_bank,8,995d0614c6732e715268f23c96d86dabc8156586f2b3200fdf0c339ed9d85c62,,,,2128,easy,28,0.0010056215000986413,8,76711
0.734375,18,mirror,32,d5c94d2eb6e71893e52e5296e784046e6b7c61e006e2ba1723b747992939dc24,,,,808,easy,28,0.00496774337534589,32,76711
0.734375,1,full_rule_bank,32,995d0614c6732e715268f23c96d86dabc8156586f2b3200fdf0c339ed9d85c62,,,,2128,easy,28,0.004022486000394565,32,76711
0.734375,18,mirror,64,d5c94d2eb6e71893e52e5296e784046e6b7c61e006e2ba1723b747992939dc24,,,,808,easy,28,0.00993548675069178,64,76711
0.734375,1,full_rule_bank,64,995d0614c6732e715268f23c96d86dabc8156586f2b3200fdf0c339ed9d85c62,,,,2128,easy,28,0.00804497200078913,64,76711
0.734375,18,mirror,128,d5c94d2eb6e71893e52e5296e784046e6b7c61e006e2ba1723b747992939dc24,,,,808,easy,28,0.01987097350138356,128,76711
0.734375,1,full_rule_bank,128,995d0614c6732e715268f23c96d86dabc8156586f2b3200fdf0c339ed9d85c62,,,,2128,easy,28,0.01608994400157826,128,76711
0.734375,18,mirror,256,d5c94d2eb6e71893e52e5296e784046e6b7c61e006e2ba1723b747992939dc24,,,0.019987113773822784,808,easy,28,0.03974194700276712,256,76711
0.734375,1,full_rule_bank,256,995d0614c6732e715268f23c96d86dabc8156586f2b3200fdf0c339ed9d85c62,,,0.037827327847480774,2128,easy,28,0.03217988800315652,256,76711
0.66796875,18,mirror,0,d5c94d2eb6e71893e52e5296e784046e6b7c61e006e2ba1723b747992939dc24,,,,808,hard,29,0.0,0,76711
0.66796875,1,full_rule_bank,0,995d0614c6732e715268f23c96d86dabc8156586f2b3200fdf0c339ed9d85c62,,,,2128,hard,29,0.0,0,76711
0.66796875,18,mirror,8,d5c94d2eb6e71893e52e5296e784046e6b7c61e006e2ba1723b747992939dc24,,,,808,hard,29,0.001234875843692862,8,76711
0.66796875,1,full_rule_bank,8,995d0614c6732e715268f23c96d86dabc8156586f2b3200fdf0c339ed9d85c62,,,,2128,hard,29,0.0010114546250861167,8,76711
0.66796875,18,mirror,32,d5c94d2eb6e71893e52e5296e784046e6b7c61e006e2ba1723b747992939dc24,,,,808,hard,29,0.004939503374771448,32,76711
0.66796875,1,full_rule_bank,32,995d0614c6732e715268f23c96d86dabc8156586f2b3200fdf0c339ed9d85c62,,,,2128,hard,29,0.004045818500344467,32,76711
0.66796875,18,mirror,64,d5c94d2eb6e71893e52e5296e784046e6b7c61e006e2ba1723b747992939dc24,,,,808,hard,29,0.009879006749542896,64,76711
0.66796875,1,full_rule_bank,64,995d0614c6732e715268f23c96d86dabc8156586f2b3200fdf0c339ed9d85c62,,,,2128,hard,29,0.008091637000688934,64,76711
0.66796875,18,mirror,128,d5c94d2eb6e71893e52e5296e784046e6b7c61e006e2ba1723b747992939dc24,,,,808,hard,29,0.01975801349908579,128,76711
0.66796875,1,full_rule_bank,128,995d0614c6732e715268f23c96d86dabc8156586f2b3200fdf0c339ed9d85c62,,,,2128,hard,29,0.016183274001377868,128,76711
0.66796875,18,mirror,256,d5c94d2eb6e71893e52e5296e784046e6b7c61e006e2ba1723b747992939dc24,,,1.0991361141204834,808,hard,29,0.03951602699817158,256,76711
0.740234375,1,full_rule_bank,256,995d0614c6732e715268f23c96d86dabc8156586f2b3200fdf0c339ed9d85c62,,,0.4574112296104431,2128,hard,29,0.032366548002755735,256,76711
0.61328125,18,mirror,0,d5c94d2eb6e71893e52e5296e784046e6b7c61e006e2ba1723b747992939dc24,,,,808,hard,30,0.0,0,76711
0.61328125,1,full_rule_bank,0,995d0614c6732e715268f23c96d86dabc8156586f2b3200fdf0c339ed9d85c62,,,,2128,hard,30,0.0,0,76711
0.61328125,18,mirror,8,d5c94d2eb6e71893e52e5296e784046e6b7c61e006e2ba1723b747992939dc24,,,,808,hard,30,0.0012579909687246982,8,76711
0.61328125,1,full_rule_bank,8,995d0614c6732e715268f23c96d86dabc8156586f2b3200fdf0c339ed9d85c62,,,,2128,hard,30,0.0010083509064315876,8,76711
0.61328125,18,mirror,32,d5c94d2eb6e71893e52e5296e784046e6b7c61e006e2ba1723b747992939dc24,,,,808,hard,30,0.005031963874898793,32,76711
0.646484375,1,full_rule_bank,32,995d0614c6732e715268f23c96d86dabc8156586f2b3200fdf0c339ed9d85c62,,,,2128,hard,30,0.004033403625726351,32,76711
0.61328125,18,mirror,64,d5c94d2eb6e71893e52e5296e784046e6b7c61e006e2ba1723b747992939dc24,,,,808,hard,30,0.010063927749797585,64,76711
0.646484375,1,full_rule_bank,64,995d0614c6732e715268f23c96d86dabc8156586f2b3200fdf0c339ed9d85c62,,,,2128,hard,30,0.008066807251452701,64,76711
0.61328125,18,mirror,128,d5c94d2eb6e71893e52e5296e784046e6b7c61e006e2ba1723b747992939dc24,,,,808,hard,30,0.02012785549959517,128,76711
0.646484375,1,full_rule_bank,128,995d0614c6732e715268f23c96d86dabc8156586f2b3200fdf0c339ed9d85c62,,,,2128,hard,30,0.016133614502905402,128,76711
0.646484375,18,mirror,256,d5c94d2eb6e71893e52e5296e784046e6b7c61e006e2ba1723b747992939dc24,,,1.1979446411132812,808,hard,30,0.04025571099919034,256,76711
0.646484375,1,full_rule_bank,256,995d0614c6732e715268f23c96d86dabc8156586f2b3200fdf0c339ed9d85c62,,,0.6813912987709045,2128,hard,30,0.032267229005810805,256,76711
0.74609375,18,mirror,0,d5c94d2eb6e71893e52e5296e784046e6b7c61e006e2ba1723b747992939dc24,,,,808,hard,31,0.0,0,76711
0.74609375,1,full_rule_bank,0,995d0614c6732e715268f23c96d86dabc8156586f2b3200fdf0c339ed9d85c62,,,,2128,hard,31,0.0,0,76711
0.74609375,18,mirror,8,d5c94d2eb6e71893e52e5296e784046e6b7c61e006e2ba1723b747992939dc24,,,,808,hard,31,0.001234827312600828,8,76711
0.74609375,1,full_rule_bank,8,995d0614c6732e715268f23c96d86dabc8156586f2b3200fdf0c339ed9d85c62,,,,2128,hard,31,0.0010078848749799363,8,76711
0.74609375,18,mirror,32,d5c94d2eb6e71893e52e5296e784046e6b7c61e006e2ba1723b747992939dc24,,,,808,hard,31,0.004939309250403312,32,76711
0.74609375,1,full_rule_bank,32,995d0614c6732e715268f23c96d86dabc8156586f2b3200fdf0c339ed9d85c62,,,,2128,hard,31,0.004031539499919745,32,76711
0.74609375,18,mirror,64,d5c94d2eb6e71893e52e5296e784046e6b7c61e006e2ba1723b747992939dc24,,,,808,hard,31,0.009878618500806624,64,76711
0.7109375,1,full_rule_bank,64,995d0614c6732e715268f23c96d86dabc8156586f2b3200fdf0c339ed9d85c62,,,,2128,hard,31,0.00806307899983949,64,76711
0.74609375,18,mirror,128,d5c94d2eb6e71893e52e5296e784046e6b7c61e006e2ba1723b747992939dc24,,,,808,hard,31,0.019757237001613248,128,76711
0.74609375,1,full_rule_bank,128,995d0614c6732e715268f23c96d86dabc8156586f2b3200fdf0c339ed9d85c62,,,,2128,hard,31,0.01612615799967898,128,76711
0.74609375,18,mirror,256,d5c94d2eb6e71893e52e5296e784046e6b7c61e006e2ba1723b747992939dc24,,,0.9623057842254639,808,hard,31,0.039514474003226496,256,76711
0.7890625,1,full_rule_bank,256,995d0614c6732e715268f23c96d86dabc8156586f2b3200fdf0c339ed9d85c62,,,0.5535905957221985,2128,hard,31,0.03225231599935796,256,76711
0.763671875,18,mirror,0,d5c94d2eb6e71893e52e5296e784046e6b7c61e006e2ba1723b747992939dc24,,,,808,easy,32,0.0,0,76711
0.763671875,1,full_rule_bank,0,995d0614c6732e715268f23c96d86dabc8156586f2b3200fdf0c339ed9d85c62,,,,2128,easy,32,0.0,0,76711
0.763671875,18,mirror,8,d5c94d2eb6e71893e52e5296e784046e6b7c61e006e2ba1723b747992939dc24,,,,808,easy,32,0.0012494334062012058,8,76711
0.763671875,1,full_rule_bank,8,995d0614c6732e715268f23c96d86dabc8156586f2b3200fdf0c339ed9d85c62,,,,2128,easy,32,0.00101688840618408,8,76711
0.763671875,18,mirror,32,d5c94d2eb6e71893e52e5296e784046e6b7c61e006e2ba1723b747992939dc24,,,,808,easy,32,0.004997733624804823,32,76711
0.763671875,1,full_rule_bank,32,995d0614c6732e715268f23c96d86dabc8156586f2b3200fdf0c339ed9d85c62,,,,2128,easy,32,0.00406755362473632,32,76711
0.763671875,18,mirror,64,d5c94d2eb6e71893e52e5296e784046e6b7c61e006e2ba1723b747992939dc24,,,,808,easy,32,0.009995467249609646,64,76711
0.763671875,1,full_rule_bank,64,995d0614c6732e715268f23c96d86dabc8156586f2b3200fdf0c339ed9d85c62,,,,2128,easy,32,0.00813510724947264,64,76711
0.763671875,18,mirror,128,d5c94d2eb6e71893e52e5296e784046e6b7c61e006e2ba1723b747992939dc24,,,,808,easy,32,0.019990934499219293,128,76711
0.763671875,1,full_rule_bank,128,995d0614c6732e715268f23c96d86dabc8156586f2b3200fdf0c339ed9d85c62,,,,2128,easy,32,0.01627021449894528,128,76711
0.763671875,18,mirror,256,d5c94d2eb6e71893e52e5296e784046e6b7c61e006e2ba1723b747992939dc24,,,0.05119545757770538,808,easy,32,0.039981868998438586,256,76711
0.775390625,1,full_rule_bank,256,995d0614c6732e715268f23c96d86dabc8156586f2b3200fdf0c339ed9d85c62,,,0.07426688820123672,2128,easy,32,0.03254042899789056,256,76711
0.73046875,18,mirror,0,d5c94d2eb6e71893e52e5296e784046e6b7c61e006e2ba1723b747992939dc24,,,,808,easy,33,0.0,0,76711
0.73046875,1,full_rule_bank,0,995d0614c6732e715268f23c96d86dabc8156586f2b3200fdf0c339ed9d85c62,,,,2128,easy,33,0.0,0,76711
0.73046875,18,mirror,8,d5c94d2eb6e71893e52e5296e784046e6b7c61e006e2ba1723b747992939dc24,,,,808,easy,33,0.0012895817812932364,8,76711
0.73046875,1,full_rule_bank,8,995d0614c6732e715268f23c96d86dabc8156586f2b3200fdf0c339ed9d85c62,,,,2128,easy,33,0.0010085518124469672,8,76711
0.73046875,18,mirror,32,d5c94d2eb6e71893e52e5296e784046e6b7c61e006e2ba1723b747992939dc24,,,,808,easy,33,0.005158327125172946,32,76711
0.73046875,1,full_rule_bank,32,995d0614c6732e715268f23c96d86dabc8156586f2b3200fdf0c339ed9d85c62,,,,2128,easy,33,0.004034207249787869,32,76711
0.73046875,18,mirror,64,d5c94d2eb6e71893e52e5296e784046e6b7c61e006e2ba1723b747992939dc24,,,,808,easy,33,0.010316654250345891,64,76711
0.73046875,1,full_rule_bank,64,995d0614c6732e715268f23c96d86dabc8156586f2b3200fdf0c339ed9d85c62,,,,2128,easy,33,0.008068414499575738,64,76711
0.73046875,18,mirror,128,d5c94d2eb6e71893e52e5296e784046e6b7c61e006e2ba1723b747992939dc24,,,,808,easy,33,0.020633308500691783,128,76711
0.73046875,1,full_rule_bank,128,995d0614c6732e715268f23c96d86dabc8156586f2b3200fdf0c339ed9d85c62,,,,2128,easy,33,0.016136828999151476,128,76711
0.73046875,18,mirror,256,d5c94d2eb6e71893e52e5296e784046e6b7c61e006e2ba1723b747992939dc24,,,0.015306285582482815,808,easy,33,0.041266617001383565,256,76711
0.73046875,1,full_rule_bank,256,995d0614c6732e715268f23c96d86dabc8156586f2b3200fdf0c339ed9d85c62,,,0.02705126628279686,2128,easy,33,0.03227365799830295,256,76711
0.697265625,18,mirror,0,d5c94d2eb6e71893e52e5296e784046e6b7c61e006e2ba1723b747992939dc24,,,,808,easy,34,0.0,0,76711
0.697265625,1,full_rule_bank,0,995d0614c6732e715268f23c96d86dabc8156586f2b3200fdf0c339ed9d85c62,,,,2128,easy,34,0.0,0,76711
0.697265625,18,mirror,8,d5c94d2eb6e71893e52e5296e784046e6b7c61e006e2ba1723b747992939dc24,,,,808,easy,34,0.0012546308751097968,8,76711
0.697265625,1,full_rule_bank,8,995d0614c6732e715268f23c96d86dabc8156586f2b3200fdf0c339ed9d85c62,,,,2128,easy,34,0.0010076748751544073,8,76711
0.697265625,18,mirror,32,d5c94d2eb6e71893e52e5296e784046e6b7c61e006e2ba1723b747992939dc24,,,,808,easy,34,0.005018523500439187,32,76711
0.697265625,1,full_rule_bank,32,995d0614c6732e715268f23c96d86dabc8156586f2b3200fdf0c339ed9d85c62,,,,2128,easy,34,0.004030699500617629,32,76711
0.697265625,18,mirror,64,d5c94d2eb6e71893e52e5296e784046e6b7c61e006e2ba1723b747992939dc24,,,,808,easy,34,0.010037047000878374,64,76711
0.697265625,1,full_rule_bank,64,995d0614c6732e715268f23c96d86dabc8156586f2b3200fdf0c339ed9d85c62,,,,2128,easy,34,0.008061399001235259,64,76711
0.697265625,18,mirror,128,d5c94d2eb6e71893e52e5296e784046e6b7c61e006e2ba1723b747992939dc24,,,,808,easy,34,0.020074094001756748,128,76711
0.697265625,1,full_rule_bank,128,995d0614c6732e715268f23c96d86dabc8156586f2b3200fdf0c339ed9d85c62,,,,2128,easy,34,0.016122798002470518,128,76711
0.697265625,18,mirror,256,d5c94d2eb6e71893e52e5296e784046e6b7c61e006e2ba1723b747992939dc24,,,0.002773537067696452,808,easy,34,0.040148188003513496,256,76711
0.697265625,1,full_rule_bank,256,995d0614c6732e715268f23c96d86dabc8156586f2b3200fdf0c339ed9d85c62,,,0.018980281427502632,2128,easy,34,0.032245596004941035,256,76711
0.751953125,18,mirror,0,d5c94d2eb6e71893e52e5296e784046e6b7c61e006e2ba1723b747992939dc24,,,,808,easy,35,0.0,0,76711
0.751953125,1,full_rule_bank,0,995d0614c6732e715268f23c96d86dabc8156586f2b3200fdf0c339ed9d85c62,,,,2128,easy,35,0.0,0,76711
0.751953125,18,mirror,8,d5c94d2eb6e71893e52e5296e784046e6b7c61e006e2ba1723b747992939dc24,,,,808,easy,35,0.001245592281293284,8,76711
0.751953125,1,full_rule_bank,8,995d0614c6732e715268f23c96d86dabc8156586f2b3200fdf0c339ed9d85c62,,,,2128,easy,35,0.001010915062352069,8,76711
0.751953125,18,mirror,32,d5c94d2eb6e71893e52e5296e784046e6b7c61e006e2ba1723b747992939dc24,,,,808,easy,35,0.004982369125173136,32,76711
0.751953125,1,full_rule_bank,32,995d0614c6732e715268f23c96d86dabc8156586f2b3200fdf0c339ed9d85c62,,,,2128,easy,35,0.004043660249408276,32,76711
0.751953125,18,mirror,64,d5c94d2eb6e71893e52e5296e784046e6b7c61e006e2ba1723b747992939dc24,,,,808,easy,35,0.009964738250346272,64,76711
0.751953125,1,full_rule_bank,64,995d0614c6732e715268f23c96d86dabc8156586f2b3200fdf0c339ed9d85c62,,,,2128,easy,35,0.008087320498816553,64,76711
0.767578125,18,mirror,128,d5c94d2eb6e71893e52e5296e784046e6b7c61e006e2ba1723b747992939dc24,,,,808,easy,35,0.019929476500692545,128,76711
0.751953125,1,full_rule_bank,128,995d0614c6732e715268f23c96d86dabc8156586f2b3200fdf0c339ed9d85c62,,,,2128,easy,35,0.016174640997633105,128,76711
0.767578125,18,mirror,256,d5c94d2eb6e71893e52e5296e784046e6b7c61e006e2ba1723b747992939dc24,,,0.0492108017206192,808,easy,35,0.03985895300138509,256,76711
0.767578125,1,full_rule_bank,256,995d0614c6732e715268f23c96d86dabc8156586f2b3200fdf0c339ed9d85c62,,,0.06336240470409393,2128,easy,35,0.03234928199526621,256,76711
0.759765625,18,mirror,0,d5c94d2eb6e71893e52e5296e784046e6b7c61e006e2ba1723b747992939dc24,,,,808,easy,36,0.0,0,76711
0.759765625,1,full_rule_bank,0,995d0614c6732e715268f23c96d86dabc8156586f2b3200fdf0c339ed9d85c62,,,,2128,easy,36,0.0,0,76711
0.759765625,18,mirror,8,d5c94d2eb6e71893e52e5296e784046e6b7c61e006e2ba1723b747992939dc24,,,,808,easy,36,0.0012344092187959177,8,76711
0.759765625,1,full_rule_bank,8,995d0614c6732e715268f23c96d86dabc8156586f2b3200fdf0c339ed9d85c62,,,,2128,easy,36,0.001022003312527886,8,76711
0.759765625,18,mirror,32,d5c94d2eb6e71893e52e5296e784046e6b7c61e006e2ba1723b747992939dc24,,,,808,easy,36,0.004937636875183671,32,76711
0.759765625,1,full_rule_bank,32,995d0614c6732e715268f23c96d86dabc8156586f2b3200fdf0c339ed9d85c62,,,,2128,easy,36,0.004088013250111544,32,76711
0.759765625,18,mirror,64,d5c94d2eb6e71893e52e5296e784046e6b7c61e006e2ba1723b747992939dc24,,,,808,easy,36,0.009875273750367342,64,76711
0.759765625,1,full_rule_bank,64,995d0614c6732e715268f23c96d86dabc8156586f2b3200fdf0c339ed9d85c62,,,,2128,easy,36,0.008176026500223088,64,76711
0.759765625,18,mirror,128,d5c94d2eb6e71893e52e5296e784046e6b7c61e006e2ba1723b747992939dc24,,,,808,easy,36,0.019750547500734683,128,76711
0.759765625,1,full_rule_bank,128,995d0614c6732e715268f23c96d86dabc8156586f2b3200fdf0c339ed9d85c62,,,,2128,easy,36,0.016352053000446176,128,76711
0.759765625,18,mirror,256,d5c94d2eb6e71893e52e5296e784046e6b7c61e006e2ba1723b747992939dc24,,,0.03164900839328766,808,easy,36,0.039501095001469366,256,76711
0.759765625,1,full_rule_bank,256,995d0614c6732e715268f23c96d86dabc8156586f2b3200fdf0c339ed9d85c62,,,0.059839434921741486,2128,easy,36,0.03270410600089235,256,76711
0.724609375,18,mirror,0,d5c94d2eb6e71893e52e5296e784046e6b7c61e006e2ba1723b747992939dc24,,,,808,easy,37,0.0,0,76711
0.724609375,1,full_rule_bank,0,995d0614c6732e715268f23c96d86dabc8156586f2b3200fdf0c339ed9d85c62,,,,2128,easy,37,0.0,0,76711
0.724609375,18,mirror,8,d5c94d2eb6e71893e52e5296e784046e6b7c61e006e2ba1723b747992939dc24,,,,808,easy,37,0.0012367083124900091,8,76711
0.724609375,1,full_rule_bank,8,995d0614c6732e715268f23c96d86dabc8156586f2b3200fdf0c339ed9d85c62,,,,2128,easy,37,0.0010031664999132772,8,76711
0.724609375,18,mirror,32,d5c94d2eb6e71893e52e5296e784046e6b7c61e006e2ba1723b747992939dc24,,,,808,easy,37,0.0049468332499600365,32,76711
0.724609375,1,full_rule_bank,32,995d0614c6732e715268f23c96d86dabc8156586f2b3200fdf0c339ed9d85c62,,,,2128,easy,37,0.004012665999653109,32,76711
0.724609375,18,mirror,64,d5c94d2eb6e71893e52e5296e784046e6b7c61e006e2ba1723b747992939dc24,,,,808,easy,37,0.009893666499920073,64,76711
0.724609375,1,full_rule_bank,64,995d0614c6732e715268f23c96d86dabc8156586f2b3200fdf0c339ed9d85c62,,,,2128,easy,37,0.008025331999306218,64,76711
0.724609375,18,mirror,128,d5c94d2eb6e71893e52e5296e784046e6b7c61e006e2ba1723b747992939dc24,,,,808,easy,37,0.019787332999840146,128,76711
0.724609375,1,full_rule_bank,128,995d0614c6732e715268f23c96d86dabc8156586f2b3200fdf0c339ed9d85c62,,,,2128,easy,37,0.016050663998612436,128,76711
0.724609375,18,mirror,256,d5c94d2eb6e71893e52e5296e784046e6b7c61e006e2ba1723b747992939dc24,,,0.00247994065284729,808,easy,37,0.03957466599968029,256,76711
0.724609375,1,full_rule_bank,256,995d0614c6732e715268f23c96d86dabc8156586f2b3200fdf0c339ed9d85c62,,,0.023551618680357933,2128,easy,37,0.03210132799722487,256,76711
0.751953125,18,mirror,0,d5c94d2eb6e71893e52e5296e784046e6b7c61e006e2ba1723b747992939dc24,,,,808,easy,38,0.0,0,76711
0.751953125,1,full_rule_bank,0,995d0614c6732e715268f23c96d86dabc8156586f2b3200fdf0c339ed9d85c62,,,,2128,easy,38,0.0,0,76711
0.751953125,18,mirror,8,d5c94d2eb6e71893e52e5296e784046e6b7c61e006e2ba1723b747992939dc24,,,,808,easy,38,0.001259194625163218,8,76711
0.751953125,1,full_rule_bank,8,995d0614c6732e715268f23c96d86dabc8156586f2b3200fdf0c339ed9d85c62,,,,2128,easy,38,0.001000287500119157,8,76711
0.751953125,18,mirror,32,d5c94d2eb6e71893e52e5296e784046e6b7c61e006e2ba1723b747992939dc24,,,,808,easy,38,0.005036778500652872,32,76711
0.751953125,1,full_rule_bank,32,995d0614c6732e715268f23c96d86dabc8156586f2b3200fdf0c339ed9d85c62,,,,2128,easy,38,0.004001150000476628,32,76711
0.751953125,18,mirror,64,d5c94d2eb6e71893e52e5296e784046e6b7c61e006e2ba1723b747992939dc24,,,,808,easy,38,0.010073557001305744,64,76711
0.751953125,1,full_rule_bank,64,995d0614c6732e715268f23c96d86dabc8156586f2b3200fdf0c339ed9d85c62,,,,2128,easy,38,0.008002300000953255,64,76711
0.751953125,18,mirror,128,d5c94d2eb6e71893e52e5296e784046e6b7c61e006e2ba1723b747992939dc24,,,,808,easy,38,0.020147114002611488,128,76711
0.751953125,1,full_rule_bank,128,995d0614c6732e715268f23c96d86dabc8156586f2b3200fdf0c339ed9d85c62,,,,2128,easy,38,0.01600460000190651,128,76711
0.751953125,18,mirror,256,d5c94d2eb6e71893e52e5296e784046e6b7c61e006e2ba1723b747992939dc24,,,0.040267303586006165,808,easy,38,0.040294228005222976,256,76711
0.751953125,1,full_rule_bank,256,995d0614c6732e715268f23c96d86dabc8156586f2b3200fdf0c339ed9d85c62,,,0.06207822635769844,2128,easy,38,0.03200920000381302,256,76711
0.759765625,18,mirror,0,d5c94d2eb6e71893e52e5296e784046e6b7c61e006e2ba1723b747992939dc24,,,,808,easy,39,0.0,0,76711
0.759765625,1,full_rule_bank,0,995d0614c6732e715268f23c96d86dabc8156586f2b3200fdf0c339ed9d85c62,,,,2128,easy,39,0.0,0,76711
0.759765625,18,mirror,8,d5c94d2eb6e71893e52e5296e784046e6b7c61e006e2ba1723b747992939dc24,,,,808,easy,39,0.0012368078123472515,8,76711
0.759765625,1,full_rule_bank,8,995d0614c6732e715268f23c96d86dabc8156586f2b3200fdf0c339ed9d85c62,,,,2128,easy,39,0.001014644750057414,8,76711
0.759765625,18,mirror,32,d5c94d2eb6e71893e52e5296e784046e6b7c61e006e2ba1723b747992939dc24,,,,808,easy,39,0.004947231249389006,32,76711
0.759765625,1,full_rule_bank,32,995d0614c6732e715268f23c96d86dabc8156586f2b3200fdf0c339ed9d85c62,,,,2128,easy,39,0.004058579000229656,32,76711
0.759765625,18,mirror,64,d5c94d2eb6e71893e52e5296e784046e6b7c61e006e2ba1723b747992939dc24,,,,808,easy,39,0.009894462498778012,64,76711
0.759765625,1,full_rule_bank,64,995d0614c6732e715268f23c96d86dabc8156586f2b3200fdf0c339ed9d85c62,,,,2128,easy,39,0.008117158000459312,64,76711
0.759765625,18,mirror,128,d5c94d2eb6e71893e52e5296e784046e6b7c61e006e2ba1723b747992939dc24,,,,808,easy,39,0.019788924997556023,128,76711
0.759765625,1,full_rule_bank,128,995d0614c6732e715268f23c96d86dabc8156586f2b3200fdf0c339ed9d85c62,,,,2128,easy,39,0.016234316000918625,128,76711
0.759765625,18,mirror,256,d5c94d2eb6e71893e52e5296e784046e6b7c61e006e2ba1723b747992939dc24,,,0.03175397217273712,808,easy,39,0.03957784999511205,256,76711
0.759765625,1,full_rule_bank,256,995d0614c6732e715268f23c96d86dabc8156586f2b3200fdf0c339ed9d85c62,,,0.04579232633113861,2128,easy,39,0.03246863200183725,256,76711
0.7421875,18,mirror,0,d5c94d2eb6e71893e52e5296e784046e6b7c61e006e2ba1723b747992939dc24,,,,808,hard,40,0.0,0,76711
0.7421875,1,full_rule_bank,0,995d0614c6732e715268f23c96d86dabc8156586f2b3200fdf0c339ed9d85c62,,,,2128,hard,40,0.0,0,76711
0.7421875,18,mirror,8,d5c94d2eb6e71893e52e5296e784046e6b7c61e006e2ba1723b747992939dc24,,,,808,hard,40,0.0012320074686158478,8,76711
0.7421875,1,full_rule_bank,8,995d0614c6732e715268f23c96d86dabc8156586f2b3200fdf0c339ed9d85c62,,,,2128,hard,40,0.0010115341249274934,8,76711
0.7421875,18,mirror,32,d5c94d2eb6e71893e52e5296e784046e6b7c61e006e2ba1723b747992939dc24,,,,808,hard,40,0.004928029874463391,32,76711
0.7421875,1,full_rule_bank,32,995d0614c6732e715268f23c96d86dabc8156586f2b3200fdf0c339ed9d85c62,,,,2128,hard,40,0.004046136499709974,32,76711
0.7421875,18,mirror,64,d5c94d2eb6e71893e52e5296e784046e6b7c61e006e2ba1723b747992939dc24,,,,808,hard,40,0.009856059748926782,64,76711
0.7421875,1,full_rule_bank,64,995d0614c6732e715268f23c96d86dabc8156586f2b3200fdf0c339ed9d85c62,,,,2128,hard,40,0.008092272999419947,64,76711
0.7421875,18,mirror,128,d5c94d2eb6e71893e52e5296e784046e6b7c61e006e2ba1723b747992939dc24,,,,808,hard,40,0.019712119497853564,128,76711
0.7421875,1,full_rule_bank,128,995d0614c6732e715268f23c96d86dabc8156586f2b3200fdf0c339ed9d85c62,,,,2128,hard,40,0.016184545998839894,128,76711
0.796875,18,mirror,256,d5c94d2eb6e71893e52e5296e784046e6b7c61e006e2ba1723b747992939dc24,,,1.0428587198257446,808,hard,40,0.03942423899570713,256,76711
0.796875,1,full_rule_bank,256,995d0614c6732e715268f23c96d86dabc8156586f2b3200fdf0c339ed9d85c62,,,0.6459006071090698,2128,hard,40,0.03236909199767979,256,76711
0.7109375,18,mirror,0,d5c94d2eb6e71893e52e5296e784046e6b7c61e006e2ba1723b747992939dc24,,,,808,easy,41,0.0,0,76711
0.7109375,1,full_rule_bank,0,995d0614c6732e715268f23c96d86dabc8156586f2b3200fdf0c339ed9d85c62,,,,2128,easy,41,0.0,0,76711
0.7109375,18,mirror,8,d5c94d2eb6e71893e52e5296e784046e6b7c61e006e2ba1723b747992939dc24,,,,808,easy,41,0.001232942937349435,8,76711
0.7109375,1,full_rule_bank,8,995d0614c6732e715268f23c96d86dabc8156586f2b3200fdf0c339ed9d85c62,,,,2128,easy,41,0.0010067390937820164,8,76711
0.7109375,18,mirror,32,d5c94d2eb6e71893e52e5296e784046e6b7c61e006e2ba1723b747992939dc24,,,,808,easy,41,0.00493177174939774,32,76711
0.7109375,1,full_rule_bank,32,995d0614c6732e715268f23c96d86dabc8156586f2b3200fdf0c339ed9d85c62,,,,2128,easy,41,0.004026956375128066,32,76711
0.7109375,18,mirror,64,d5c94d2eb6e71893e52e5296e784046e6b7c61e006e2ba1723b747992939dc24,,,,808,easy,41,0.00986354349879548,64,76711
0.7109375,1,full_rule_bank,64,995d0614c6732e715268f23c96d86dabc8156586f2b3200fdf0c339ed9d85c62,,,,2128,easy,41,0.008053912750256131,64,76711
0.7109375,18,mirror,128,d5c94d2eb6e71893e52e5296e784046e6b7c61e006e2ba1723b747992939dc24,,,,808,easy,41,0.01972708699759096,128,76711
0.7109375,1,full_rule_bank,128,995d0614c6732e715268f23c96d86dabc8156586f2b3200fdf0c339ed9d85c62,,,,2128,easy,41,0.016107825500512263,128,76711
0.7109375,18,mirror,256,d5c94d2eb6e71893e52e5296e784046e6b7c61e006e2ba1723b747992939dc24,,,0.046009361743927,808,easy,41,0.03945417399518192,256,76711
0.7109375,1,full_rule_bank,256,995d0614c6732e715268f23c96d86dabc8156586f2b3200fdf0c339ed9d85c62,,,0.05049075186252594,2128,easy,41,0.032215651001024526,256,76711
0.751953125,18,mirror,0,d5c94d2eb6e71893e52e5296e784046e6b7c61e006e2ba1723b747992939dc24,,,,808,easy,42,0.0,0,76711
0.751953125,1,full_rule_bank,0,995d0614c6732e715268f23c96d86dabc8156586f2b3200fdf0c339ed9d85c62,,,,2128,easy,42,0.0,0,76711
0.751953125,18,mirror,8,d5c94d2eb6e71893e52e5296e784046e6b7c61e006e2ba1723b747992939dc24,,,,808,easy,42,0.001236495156035744,8,76711
0.751953125,1,full_rule_bank,8,995d0614c6732e715268f23c96d86dabc8156586f2b3200fdf0c339ed9d85c62,,,,2128,easy,42,0.0010143249062366522,8,76711
0.751953125,18,mirror,32,d5c94d2eb6e71893e52e5296e784046e6b7c61e006e2ba1723b747992939dc24,,,,808,easy,42,0.004945980624142976,32,76711
0.736328125,1,full_rule_bank,32,995d0614c6732e715268f23c96d86dabc8156586f2b3200fdf0c339ed9d85c62,,,,2128,easy,42,0.004057299624946609,32,76711
0.751953125,18,mirror,64,d5c94d2eb6e71893e52e5296e784046e6b7c61e006e2ba1723b747992939dc24,,,,808,easy,42,0.009891961248285952,64,76711
0.736328125,1,full_rule_bank,64,995d0614c6732e715268f23c96d86dabc8156586f2b3200fdf0c339ed9d85c62,,,,2128,easy,42,0.008114599249893217,64,76711
0.736328125,18,mirror,128,d5c94d2eb6e71893e52e5296e784046e6b7c61e006e2ba1723b747992939dc24,,,,808,easy,42,0.019783922496571904,128,76711
0.751953125,1,full_rule_bank,128,995d0614c6732e715268f23c96d86dabc8156586f2b3200fdf0c339ed9d85c62,,,,2128,easy,42,0.016229198499786435,128,76711
0.751953125,18,mirror,256,d5c94d2eb6e71893e52e5296e784046e6b7c61e006e2ba1723b747992939dc24,,,0.011162929236888885,808,easy,42,0.03956784499314381,256,76711
0.736328125,1,full_rule_bank,256,995d0614c6732e715268f23c96d86dabc8156586f2b3200fdf0c339ed9d85c62,,,0.021404650062322617,2128,easy,42,0.03245839699957287,256,76711
0.568359375,18,mirror,0,d5c94d2eb6e71893e52e5296e784046e6b7c61e006e2ba1723b747992939dc24,,,,808,hard,43,0.0,0,76711
0.568359375,1,full_rule_bank,0,995d0614c6732e715268f23c96d86dabc8156586f2b3200fdf0c339ed9d85c62,,,,2128,hard,43,0.0,0,76711
0.568359375,18,mirror,8,d5c94d2eb6e71893e52e5296e784046e6b7c61e006e2ba1723b747992939dc24,,,,808,hard,43,0.0012339263125795696,8,76711
0.568359375,1,full_rule_bank,8,995d0614c6732e715268f23c96d86dabc8156586f2b3200fdf0c339ed9d85c62,,,,2128,hard,43,0.0010086388435865956,8,76711
0.568359375,18,mirror,32,d5c94d2eb6e71893e52e5296e784046e6b7c61e006e2ba1723b747992939dc24,,,,808,hard,43,0.0049357052503182786,32,76711
0.568359375,1,full_rule_bank,32,995d0614c6732e715268f23c96d86dabc8156586f2b3200fdf0c339ed9d85c62,,,,2128,hard,43,0.0040345553743463825,32,76711
0.568359375,18,mirror,64,d5c94d2eb6e71893e52e5296e784046e6b7c61e006e2ba1723b747992939dc24,,,,808,hard,43,0.009871410500636557,64,76711
0.568359375,1,full_rule_bank,64,995d0614c6732e715268f23c96d86dabc8156586f2b3200fdf0c339ed9d85c62,,,,2128,hard,43,0.008069110748692765,64,76711
0.568359375,18,mirror,128,d5c94d2eb6e71893e52e5296e784046e6b7c61e006e2ba1723b747992939dc24,,,,808,hard,43,0.019742821001273114,128,76711
0.568359375,1,full_rule_bank,128,995d0614c6732e715268f23c96d86dabc8156586f2b3200fdf0c339ed9d85c62,,,,2128,hard,43,0.01613822149738553,128,76711
0.47265625,18,mirror,256,d5c94d2eb6e71893e52e5296e784046e6b7c61e006e2ba1723b747992939dc24,,,2.1238787174224854,808,hard,43,0.03948564200254623,256,76711
0.568359375,1,full_rule_bank,256,995d0614c6732e715268f23c96d86dabc8156586f2b3200fdf0c339ed9d85c62,,,1.0228185653686523,2128,hard,43,0.03227644299477106,256,76711
0.662109375,18,mirror,0,d5c94d2eb6e71893e52e5296e784046e6b7c61e006e2ba1723b747992939dc24,,,,808,hard,44,0.0,0,76711
0.662109375,1,full_rule_bank,0,995d0614c6732e715268f23c96d86dabc8156586f2b3200fdf0c339ed9d85c62,,,,2128,hard,44,0.0,0,76711
0.662109375,18,mirror,8,d5c94d2eb6e71893e52e5296e784046e6b7c61e006e2ba1723b747992939dc24,,,,808,hard,44,0.001237133906215604,8,76711
0.662109375,1,full_rule_bank,8,995d0614c6732e715268f23c96d86dabc8156586f2b3200fdf0c339ed9d85c62,,,,2128,hard,44,0.0010092522500144696,8,76711
0.662109375,18,mirror,32,d5c94d2eb6e71893e52e5296e784046e6b7c61e006e2ba1723b747992939dc24,,,,808,hard,44,0.004948535624862416,32,76711
0.662109375,1,full_rule_bank,32,995d0614c6732e715268f23c96d86dabc8156586f2b3200fdf0c339ed9d85c62,,,,2128,hard,44,0.0040370090000578784,32,76711
0.662109375,18,mirror,64,d5c94d2eb6e71893e52e5296e784046e6b7c61e006e2ba1723b747992939dc24,,,,808,hard,44,0.009897071249724831,64,76711
0.662109375,1,full_rule_bank,64,995d0614c6732e715268f23c96d86dabc8156586f2b3200fdf0c339ed9d85c62,,,,2128,hard,44,0.008074018000115757,64,76711
0.662109375,18,mirror,128,d5c94d2eb6e71893e52e5296e784046e6b7c61e006e2ba1723b747992939dc24,,,,808,hard,44,0.019794142499449663,128,76711
0.662109375,1,full_rule_bank,128,995d0614c6732e715268f23c96d86dabc8156586f2b3200fdf0c339ed9d85c62,,,,2128,hard,44,0.016148036000231514,128,76711
0.662109375,18,mirror,256,d5c94d2eb6e71893e52e5296e784046e6b7c61e006e2ba1723b747992939dc24,,,1.5751895904541016,808,hard,44,0.039588284998899326,256,76711
0.7421875,1,full_rule_bank,256,995d0614c6732e715268f23c96d86dabc8156586f2b3200fdf0c339ed9d85c62,,,0.7449285984039307,2128,hard,44,0.03229607200046303,256,76711
0.693359375,18,mirror,0,d5c94d2eb6e71893e52e5296e784046e6b7c61e006e2ba1723b747992939dc24,,,,808,easy,45,0.0,0,76711
0.693359375,1,full_rule_bank,0,995d0614c6732e715268f23c96d86dabc8156586f2b3200fdf0c339ed9d85c62,,,,2128,easy,45,0.0,0,76711
0.693359375,18,mirror,8,d5c94d2eb6e71893e52e5296e784046e6b7c61e006e2ba1723b747992939dc24,,,,808,easy,45,0.0012429805624378787,8,76711
0.693359375,1,full_rule_bank,8,995d0614c6732e715268f23c96d86dabc8156586f2b3200fdf0c339ed9d85c62,,,,2128,easy,45,0.0010104906875767483,8,76711
0.693359375,18,mirror,32,d5c94d2eb6e71893e52e5296e784046e6b7c61e006e2ba1723b747992939dc24,,,,808,easy,45,0.004971922249751515,32,76711
0.693359375,1,full_rule_bank,32,995d0614c6732e715268f23c96d86dabc8156586f2b3200fdf0c339ed9d85c62,,,,2128,easy,45,0.004041962750306993,32,76711
0.693359375,18,mirror,64,d5c94d2eb6e71893e52e5296e784046e6b7c61e006e2ba1723b747992939dc24,,,,808,easy,45,0.00994384449950303,64,76711
0.693359375,1,full_rule_bank,64,995d0614c6732e715268f23c96d86dabc8156586f2b3200fdf0c339ed9d85c62,,,,2128,easy,45,0.008083925500613987,64,76711
0.693359375,18,mirror,128,d5c94d2eb6e71893e52e5296e784046e6b7c61e006e2ba1723b747992939dc24,,,,808,easy,45,0.01988768899900606,128,76711
0.693359375,1,full_rule_bank,128,995d0614c6732e715268f23c96d86dabc8156586f2b3200fdf0c339ed9d85c62,,,,2128,easy,45,0.016167851001227973,128,76711
0.693359375,18,mirror,256,d5c94d2eb6e71893e52e5296e784046e6b7c61e006e2ba1723b747992939dc24,,,0.10524565726518631,808,easy,45,0.03977537799801212,256,76711
0.693359375,1,full_rule_bank,256,995d0614c6732e715268f23c96d86dabc8156586f2b3200fdf0c339ed9d85c62,,,0.1134328693151474,2128,easy,45,0.032335702002455946,256,76711
0.767578125,18,mirror,0,d5c94d2eb6e71893e52e5296e784046e6b7c61e006e2ba1723b747992939dc24,,,,808,hard,46,0.0,0,76711
0.767578125,1,full_rule_bank,0,995d0614c6732e715268f23c96d86dabc8156586f2b3200fdf0c339ed9d85c62,,,,2128,hard,46,0.0,0,76711
0.767578125,18,mirror,8,d5c94d2eb6e71893e52e5296e784046e6b7c61e006e2ba1723b747992939dc24,,,,808,hard,46,0.001242657562443128,8,76711
0.767578125,1,full_rule_bank,8,995d0614c6732e715268f23c96d86dabc8156586f2b3200fdf0c339ed9d85c62,,,,2128,hard,46,0.0010240726874144457,8,76711
0.767578125,18,mirror,32,d5c94d2eb6e71893e52e5296e784046e6b7c61e006e2ba1723b747992939dc24,,,,808,hard,46,0.004970630249772512,32,76711
0.767578125,1,full_rule_bank,32,995d0614c6732e715268f23c96d86dabc8156586f2b3200fdf0c339ed9d85c62,,,,2128,hard,46,0.004096290749657783,32,76711
0.767578125,18,mirror,64,d5c94d2eb6e71893e52e5296e784046e6b7c61e006e2ba1723b747992939dc24,,,,808,hard,46,0.009941260499545024,64,76711
0.767578125,1,full_rule_bank,64,995d0614c6732e715268f23c96d86dabc8156586f2b3200fdf0c339ed9d85c62,,,,2128,hard,46,0.008192581499315565,64,76711
0.767578125,18,mirror,128,d5c94d2eb6e71893e52e5296e784046e6b7c61e006e2ba1723b747992939dc24,,,,808,hard,46,0.019882520999090048,128,76711
0.767578125,1,full_rule_bank,128,995d0614c6732e715268f23c96d86dabc8156586f2b3200fdf0c339ed9d85c62,,,,2128,hard,46,0.01638516299863113,128,76711
0.767578125,18,mirror,256,d5c94d2eb6e71893e52e5296e784046e6b7c61e006e2ba1723b747992939dc24,,,6.868310451507568,808,hard,46,0.039765041998180095,256,76711
0.873046875,1,full_rule_bank,256,995d0614c6732e715268f23c96d86dabc8156586f2b3200fdf0c339ed9d85c62,,,5.003237247467041,2128,hard,46,0.03277032599726226,256,76711
0.765625,18,mirror,0,d5c94d2eb6e71893e52e5296e784046e6b7c61e006e2ba1723b747992939dc24,,,,808,easy,47,0.0,0,76711
0.765625,1,full_rule_bank,0,995d0614c6732e715268f23c96d86dabc8156586f2b3200fdf0c339ed9d85c62,,,,2128,easy,47,0.0,0,76711
0.765625,18,mirror,8,d5c94d2eb6e71893e52e5296e784046e6b7c61e006e2ba1723b747992939dc24,,,,808,easy,47,0.0012960582187133696,8,76711
0.765625,1,full_rule_bank,8,995d0614c6732e715268f23c96d86dabc8156586f2b3200fdf0c339ed9d85c62,,,,2128,easy,47,0.0010004884375121037,8,76711
0.765625,18,mirror,32,d5c94d2eb6e71893e52e5296e784046e6b7c61e006e2ba1723b747992939dc24,,,,808,easy,47,0.005184232874853478,32,76711
0.765625,1,full_rule_bank,32,995d0614c6732e715268f23c96d86dabc8156586f2b3200fdf0c339ed9d85c62,,,,2128,easy,47,0.004001953750048415,32,76711
0.765625,18,mirror,64,d5c94d2eb6e71893e52e5296e784046e6b7c61e006e2ba1723b747992939dc24,,,,808,easy,47,0.010368465749706957,64,76711
0.765625,1,full_rule_bank,64,995d0614c6732e715268f23c96d86dabc8156586f2b3200fdf0c339ed9d85c62,,,,2128,easy,47,0.00800390750009683,64,76711
0.765625,18,mirror,128,d5c94d2eb6e71893e52e5296e784046e6b7c61e006e2ba1723b747992939dc24,,,,808,easy,47,0.020736931499413913,128,76711
0.765625,1,full_rule_bank,128,995d0614c6732e715268f23c96d86dabc8156586f2b3200fdf0c339ed9d85c62,,,,2128,easy,47,0.01600781500019366,128,76711
0.765625,18,mirror,256,d5c94d2eb6e71893e52e5296e784046e6b7c61e006e2ba1723b747992939dc24,,,0.11216361820697784,808,easy,47,0.041473862998827826,256,76711
0.765625,1,full_rule_bank,256,995d0614c6732e715268f23c96d86dabc8156586f2b3200fdf0c339ed9d85c62,,,0.13167965412139893,2128,easy,47,0.03201563000038732,256,76711
0.64453125,18,mirror,0,d5c94d2eb6e71893e52e5296e784046e6b7c61e006e2ba1723b747992939dc24,,,,808,hard,48,0.0,0,76711
0.64453125,1,full_rule_bank,0,995d0614c6732e715268f23c96d86dabc8156586f2b3200fdf0c339ed9d85c62,,,,2128,hard,48,0.0,0,76711
0.64453125,18,mirror,8,d5c94d2eb6e71893e52e5296e784046e6b7c61e006e2ba1723b747992939dc24,,,,808,hard,48,0.0012297528437557048,8,76711
0.64453125,1,full_rule_bank,8,995d0614c6732e715268f23c96d86dabc8156586f2b3200fdf0c339ed9d85c62,,,,2128,hard,48,0.0010161820314351644,8,76711
0.64453125,18,mirror,32,d5c94d2eb6e71893e52e5296e784046e6b7c61e006e2ba1723b747992939dc24,,,,808,hard,48,0.004919011375022819,32,76711
0.64453125,1,full_rule_bank,32,995d0614c6732e715268f23c96d86dabc8156586f2b3200fdf0c339ed9d85c62,,,,2128,hard,48,0.0040647281257406576,32,76711
0.64453125,18,mirror,64,d5c94d2eb6e71893e52e5296e784046e6b7c61e006e2ba1723b747992939dc24,,,,808,hard,48,0.009838022750045639,64,76711
0.64453125,1,full_rule_bank,64,995d0614c6732e715268f23c96d86dabc8156586f2b3200fdf0c339ed9d85c62,,,,2128,hard,48,0.008129456251481315,64,76711
0.64453125,18,mirror,128,d5c94d2eb6e71893e52e5296e784046e6b7c61e006e2ba1723b747992939dc24,,,,808,hard,48,0.019676045500091277,128,76711
0.759765625,1,full_rule_bank,128,995d0614c6732e715268f23c96d86dabc8156586f2b3200fdf0c339ed9d85c62,,,,2128,hard,48,0.01625891250296263,128,76711
0.759765625,18,mirror,256,d5c94d2eb6e71893e52e5296e784046e6b7c61e006e2ba1723b747992939dc24,,,1.5350964069366455,808,hard,48,0.039352091000182554,256,76711
0.759765625,1,full_rule_bank,256,995d0614c6732e715268f23c96d86dabc8156586f2b3200fdf0c339ed9d85c62,,,0.8512639403343201,2128,hard,48,0.03251782500592526,256,76711
0.701171875,18,mirror,0,d5c94d2eb6e71893e52e5296e784046e6b7c61e006e2ba1723b747992939dc24,,,,808,easy,49,0.0,0,76711
0.701171875,1,full_rule_bank,0,995d0614c6732e715268f23c96d86dabc8156586f2b3200fdf0c339ed9d85c62,,,,2128,easy,49,0.0,0,76711
0.701171875,18,mirror,8,d5c94d2eb6e71893e52e5296e784046e6b7c61e006e2ba1723b747992939dc24,,,,808,easy,49,0.0012378597186852858,8,76711
0.701171875,1,full_rule_bank,8,995d0614c6732e715268f23c96d86dabc8156586f2b3200fdf0c339ed9d85c62,,,,2128,easy,49,0.0010100118126956659,8,76711
0.701171875,18,mirror,32,d5c94d2eb6e71893e52e5296e784046e6b7c61e006e2ba1723b747992939dc24,,,,808,easy,49,0.004951438874741143,32,76711
0.701171875,1,full_rule_bank,32,995d0614c6732e715268f23c96d86dabc8156586f2b3200fdf0c339ed9d85c62,,,,2128,easy,49,0.0040400472507826635,32,76711
0.701171875,18,mirror,64,d5c94d2eb6e71893e52e5296e784046e6b7c61e006e2ba1723b747992939dc24,,,,808,easy,49,0.009902877749482286,64,76711
0.701171875,1,full_rule_bank,64,995d0614c6732e715268f23c96d86dabc8156586f2b3200fdf0c339ed9d85c62,,,,2128,easy,49,0.008080094501565327,64,76711
0.701171875,18,mirror,128,d5c94d2eb6e71893e52e5296e784046e6b7c61e006e2ba1723b747992939dc24,,,,808,easy,49,0.019805755498964572,128,76711
0.701171875,1,full_rule_bank,128,995d0614c6732e715268f23c96d86dabc8156586f2b3200fdf0c339ed9d85c62,,,,2128,easy,49,0.016160189003130654,128,76711
0.701171875,18,mirror,256,d5c94d2eb6e71893e52e5296e784046e6b7c61e006e2ba1723b747992939dc24,,,0.06081153824925423,808,easy,49,0.039611510997929145,256,76711
0.701171875,1,full_rule_bank,256,995d0614c6732e715268f23c96d86dabc8156586f2b3200fdf0c339ed9d85c62,,,0.07197858393192291,2128,easy,49,0.03232037800626131,256,76711
0.705078125,18,mirror,0,d5c94d2eb6e71893e52e5296e784046e6b7c61e006e2ba1723b747992939dc24,,,,808,easy,50,0.0,0,76711
0.705078125,1,full_rule_bank,0,995d0614c6732e715268f23c96d86dabc8156586f2b3200fdf0c339ed9d85c62,,,,2128,easy,50,0.0,0,76711
0.705078125,18,mirror,8,d5c94d2eb6e71893e52e5296e784046e6b7c61e006e2ba1723b747992939dc24,,,,808,easy,50,0.0012379883437461103,8,76711
0.705078125,1,full_rule_bank,8,995d0614c6732e715268f23c96d86dabc8156586f2b3200fdf0c339ed9d85c62,,,,2128,easy,50,0.0010127713126166782,8,76711
0.705078125,18,mirror,32,d5c94d2eb6e71893e52e5296e784046e6b7c61e006e2ba1723b747992939dc24,,,,808,easy,50,0.004951953374984441,32,76711
0.705078125,1,full_rule_bank,32,995d0614c6732e715268f23c96d86dabc8156586f2b3200fdf0c339ed9d85c62,,,,2128,easy,50,0.004051085250466713,32,76711
0.705078125,18,mirror,64,d5c94d2eb6e71893e52e5296e784046e6b7c61e006e2ba1723b747992939dc24,,,,808,easy,50,0.009903906749968883,64,76711
0.705078125,1,full_rule_bank,64,995d0614c6732e715268f23c96d86dabc8156586f2b3200fdf0c339ed9d85c62,,,,2128,easy,50,0.008102170500933426,64,76711
0.705078125,18,mirror,128,d5c94d2eb6e71893e52e5296e784046e6b7c61e006e2ba1723b747992939dc24,,,,808,easy,50,0.019807813499937765,128,76711
0.705078125,1,full_rule_bank,128,995d0614c6732e715268f23c96d86dabc8156586f2b3200fdf0c339ed9d85c62,,,,2128,easy,50,0.01620434100186685,128,76711
0.705078125,18,mirror,256,d5c94d2eb6e71893e52e5296e784046e6b7c61e006e2ba1723b747992939dc24,,,0.00242025637999177,808,easy,50,0.03961562699987553,256,76711
0.7109375,1,full_rule_bank,256,995d0614c6732e715268f23c96d86dabc8156586f2b3200fdf0c339ed9d85c62,,,0.017069341614842415,2128,easy,50,0.0324086820037337,256,76711
0.728515625,18,mirror,0,d5c94d2eb6e71893e52e5296e784046e6b7c61e006e2ba1723b747992939dc24,,,,808,easy,51,0.0,0,76711
0.728515625,1,full_rule_bank,0,995d0614c6732e715268f23c96d86dabc8156586f2b3200fdf0c339ed9d85c62,,,,2128,easy,51,0.0,0,76711
0.728515625,18,mirror,8,d5c94d2eb6e71893e52e5296e784046e6b7c61e006e2ba1723b747992939dc24,,,,808,easy,51,0.0012350304687060998,8,76711
0.728515625,1,full_rule_bank,8,995d0614c6732e715268f23c96d86dabc8156586f2b3200fdf0c339ed9d85c62,,,,2128,easy,51,0.0010092184375025681,8,76711
0.728515625,18,mirror,32,d5c94d2eb6e71893e52e5296e784046e6b7c61e006e2ba1723b747992939dc24,,,,808,easy,51,0.004940121874824399,32,76711
0.728515625,1,full_rule_bank,32,995d0614c6732e715268f23c96d86dabc8156586f2b3200fdf0c339ed9d85c62,,,,2128,easy,51,0.0040368737500102725,32,76711
0.728515625,18,mirror,64,d5c94d2eb6e71893e52e5296e784046e6b7c61e006e2ba1723b747992939dc24,,,,808,easy,51,0.009880243749648798,64,76711
0.728515625,1,full_rule_bank,64,995d0614c6732e715268f23c96d86dabc8156586f2b3200fdf0c339ed9d85c62,,,,2128,easy,51,0.008073747500020545,64,76711
0.728515625,18,mirror,128,d5c94d2eb6e71893e52e5296e784046e6b7c61e006e2ba1723b747992939dc24,,,,808,easy,51,0.019760487499297597,128,76711
0.728515625,1,full_rule_bank,128,995d0614c6732e715268f23c96d86dabc8156586f2b3200fdf0c339ed9d85c62,,,,2128,easy,51,0.01614749500004109,128,76711
0.728515625,18,mirror,256,d5c94d2eb6e71893e52e5296e784046e6b7c61e006e2ba1723b747992939dc24,,,0.08582906424999237,808,easy,51,0.03952097499859519,256,76711
0.728515625,1,full_rule_bank,256,995d0614c6732e715268f23c96d86dabc8156586f2b3200fdf0c339ed9d85c62,,,0.08898162096738815,2128,easy,51,0.03229499000008218,256,76711
0.734375,18,mirror,0,d5c94d2eb6e71893e52e5296e784046e6b7c61e006e2ba1723b747992939dc24,,,,808,easy,52,0.0,0,76711
0.734375,1,full_rule_bank,0,995d0614c6732e715268f23c96d86dabc8156586f2b3200fdf0c339ed9d85c62,,,,2128,easy,52,0.0,0,76711
0.734375,18,mirror,8,d5c94d2eb6e71893e52e5296e784046e6b7c61e006e2ba1723b747992939dc24,,,,808,easy,52,0.0012307067811434536,8,76711
0.734375,1,full_rule_bank,8,995d0614c6732e715268f23c96d86dabc8156586f2b3200fdf0c339ed9d85c62,,,,2128,easy,52,0.0010052155623725412,8,76711
0.734375,18,mirror,32,d5c94d2eb6e71893e52e5296e784046e6b7c61e006e2ba1723b747992939dc24,,,,808,easy,52,0.004922827124573814,32,76711
0.734375,1,full_rule_bank,32,995d0614c6732e715268f23c96d86dabc8156586f2b3200fdf0c339ed9d85c62,,,,2128,easy,52,0.004020862249490165,32,76711
0.734375,18,mirror,64,d5c94d2eb6e71893e52e5296e784046e6b7c61e006e2ba1723b747992939dc24,,,,808,easy,52,0.009845654249147628,64,76711
0.734375,1,full_rule_bank,64,995d0614c6732e715268f23c96d86dabc8156586f2b3200fdf0c339ed9d85c62,,,,2128,easy,52,0.00804172449898033,64,76711
0.734375,18,mirror,128,d5c94d2eb6e71893e52e5296e784046e6b7c61e006e2ba1723b747992939dc24,,,,808,easy,52,0.019691308498295257,128,76711
0.734375,1,full_rule_bank,128,995d0614c6732e715268f23c96d86dabc8156586f2b3200fdf0c339ed9d85c62,,,,2128,easy,52,0.01608344899796066,128,76711
0.734375,18,mirror,256,d5c94d2eb6e71893e52e5296e784046e6b7c61e006e2ba1723b747992939dc24,,,0.018281135708093643,808,easy,52,0.039382616996590514,256,76711
0.734375,1,full_rule_bank,256,995d0614c6732e715268f23c96d86dabc8156586f2b3200fdf0c339ed9d85c62,,,0.022595353424549103,2128,easy,52,0.03216689799592132,256,76711
0.70703125,18,mirror,0,d5c94d2eb6e71893e52e5296e784046e6b7c61e006e2ba1723b747992939dc24,,,,808,easy,53,0.0,0,76711
0.70703125,1,full_rule_bank,0,995d0614c6732e715268f23c96d86dabc8156586f2b3200fdf0c339ed9d85c62,,,,2128,easy,53,0.0,0,76711
0.70703125,18,mirror,8,d5c94d2eb6e71893e52e5296e784046e6b7c61e006e2ba1723b747992939dc24,,,,808,easy,53,0.0012483733437420597,8,76711
0.70703125,1,full_rule_bank,8,995d0614c6732e715268f23c96d86dabc8156586f2b3200fdf0c339ed9d85c62,,,,2128,easy,53,0.0010187709688125324,8,76711
0.70703125,18,mirror,32,d5c94d2eb6e71893e52e5296e784046e6b7c61e006e2ba1723b747992939dc24,,,,808,easy,53,0.004993493374968239,32,76711
0.70703125,1,full_rule_bank,32,995d0614c6732e715268f23c96d86dabc8156586f2b3200fdf0c339ed9d85c62,,,,2128,easy,53,0.0040750838752501295,32,76711
0.70703125,18,mirror,64,d5c94d2eb6e71893e52e5296e784046e6b7c61e006e2ba1723b747992939dc24,,,,808,easy,53,0.009986986749936477,64,76711
0.70703125,1,full_rule_bank,64,995d0614c6732e715268f23c96d86dabc8156586f2b3200fdf0c339ed9d85c62,,,,2128,easy,53,0.008150167750500259,64,76711
0.70703125,18,mirror,128,d5c94d2eb6e71893e52e5296e784046e6b7c61e006e2ba1723b747992939dc24,,,,808,easy,53,0.019973973499872955,128,76711
0.70703125,1,full_rule_bank,128,995d0614c6732e715268f23c96d86dabc8156586f2b3200fdf0c339ed9d85c62,,,,2128,easy,53,0.016300335501000518,128,76711
0.72265625,18,mirror,256,d5c94d2eb6e71893e52e5296e784046e6b7c61e006e2ba1723b747992939dc24,,,0.10626640915870667,808,easy,53,0.03994794699974591,256,76711
0.70703125,1,full_rule_bank,256,995d0614c6732e715268f23c96d86dabc8156586f2b3200fdf0c339ed9d85c62,,,0.1256764829158783,2128,easy,53,0.032600671002001036,256,76711
0.759765625,18,mirror,0,d5c94d2eb6e71893e52e5296e784046e6b7c61e006e2ba1723b747992939dc24,,,,808,easy,54,0.0,0,76711
0.759765625,1,full_rule_bank,0,995d0614c6732e715268f23c96d86dabc8156586f2b3200fdf0c339ed9d85c62,,,,2128,easy,54,0.0,0,76711
0.759765625,18,mirror,8,d5c94d2eb6e71893e52e5296e784046e6b7c61e006e2ba1723b747992939dc24,,,,808,easy,54,0.0012400817811339948,8,76711
0.759765625,1,full_rule_bank,8,995d0614c6732e715268f23c96d86dabc8156586f2b3200fdf0c339ed9d85c62,,,,2128,easy,54,0.0010132291561149032,8,76711
0.759765625,18,mirror,32,d5c94d2eb6e71893e52e5296e784046e6b7c61e006e2ba1723b747992939dc24,,,,808,easy,54,0.004960327124535979,32,76711
0.759765625,1,full_rule_bank,32,995d0614c6732e715268f23c96d86dabc8156586f2b3200fdf0c339ed9d85c62,,,,2128,easy,54,0.004052916624459613,32,76711
0.759765625,18,mirror,64,d5c94d2eb6e71893e52e5296e784046e6b7c61e006e2ba1723b747992939dc24,,,,808,easy,54,0.009920654249071958,64,76711
0.759765625,1,full_rule_bank,64,995d0614c6732e715268f23c96d86dabc8156586f2b3200fdf0c339ed9d85c62,,,,2128,easy,54,0.008105833248919225,64,76711
0.759765625,18,mirror,128,d5c94d2eb6e71893e52e5296e784046e6b7c61e006e2ba1723b747992939dc24,,,,808,easy,54,0.019841308498143917,128,76711
0.759765625,1,full_rule_bank,128,995d0614c6732e715268f23c96d86dabc8156586f2b3200fdf0c339ed9d85c62,,,,2128,easy,54,0.01621166649783845,128,76711
0.759765625,18,mirror,256,d5c94d2eb6e71893e52e5296e784046e6b7c61e006e2ba1723b747992939dc24,,,0.2098621428012848,808,easy,54,0.039682616996287834,256,76711
0.759765625,1,full_rule_bank,256,995d0614c6732e715268f23c96d86dabc8156586f2b3200fdf0c339ed9d85c62,,,0.23485876619815826,2128,easy,54,0.0324233329956769,256,76711
0.66015625,18,mirror,0,d5c94d2eb6e71893e52e5296e784046e6b7c61e006e2ba1723b747992939dc24,,,,808,easy,55,0.0,0,76711
0.66015625,1,full_rule_bank,0,995d0614c6732e715268f23c96d86dabc8156586f2b3200fdf0c339ed9d85c62,,,,2128,easy,55,0.0,0,76711
0.66015625,18,mirror,8,d5c94d2eb6e71893e52e5296e784046e6b7c61e006e2ba1723b747992939dc24,,,,808,easy,55,0.0012441820624644606,8,76711
0.66015625,1,full_rule_bank,8,995d0614c6732e715268f23c96d86dabc8156586f2b3200fdf0c339ed9d85c62,,,,2128,easy,55,0.0010127963437298604,8,76711
0.66015625,18,mirror,32,d5c94d2eb6e71893e52e5296e784046e6b7c61e006e2ba1723b747992939dc24,,,,808,easy,55,0.0049767282498578425,32,76711
0.66015625,1,full_rule_bank,32,995d0614c6732e715268f23c96d86dabc8156586f2b3200fdf0c339ed9d85c62,,,,2128,easy,55,0.0040511853749194415,32,76711
0.66015625,18,mirror,64,d5c94d2eb6e71893e52e5296e784046e6b7c61e006e2ba1723b747992939dc24,,,,808,easy,55,0.009953456499715685,64,76711
0.66015625,1,full_rule_bank,64,995d0614c6732e715268f23c96d86dabc8156586f2b3200fdf0c339ed9d85c62,,,,2128,easy,55,0.008102370749838883,64,76711
0.66015625,18,mirror,128,d5c94d2eb6e71893e52e5296e784046e6b7c61e006e2ba1723b747992939dc24,,,,808,easy,55,0.01990691299943137,128,76711
0.66015625,1,full_rule_bank,128,995d0614c6732e715268f23c96d86dabc8156586f2b3200fdf0c339ed9d85c62,,,,2128,easy,55,0.016204741499677766,128,76711
0.66015625,18,mirror,256,d5c94d2eb6e71893e52e5296e784046e6b7c61e006e2ba1723b747992939dc24,,,0.03446577489376068,808,easy,55,0.03981382599886274,256,76711
0.66015625,1,full_rule_bank,256,995d0614c6732e715268f23c96d86dabc8156586f2b3200fdf0c339ed9d85c62,,,0.0462188720703125,2128,easy,55,0.03240948299935553,256,76711
0.640625,18,mirror,0,d5c94d2eb6e71893e52e5296e784046e6b7c61e006e2ba1723b747992939dc24,,,,808,hard,56,0.0,0,76711
0.640625,1,full_rule_bank,0,995d0614c6732e715268f23c96d86dabc8156586f2b3200fdf0c339ed9d85c62,,,,2128,hard,56,0.0,0,76711
0.640625,18,mirror,8,d5c94d2eb6e71893e52e5296e784046e6b7c61e006e2ba1723b747992939dc24,,,,808,hard,56,0.0012559068750306324,8,76711
0.640625,1,full_rule_bank,8,995d0614c6732e715268f23c96d86dabc8156586f2b3200fdf0c339ed9d85c62,,,,2128,hard,56,0.001013994718732647,8,76711
0.640625,18,mirror,32,d5c94d2eb6e71893e52e5296e784046e6b7c61e006e2ba1723b747992939dc24,,,,808,hard,56,0.0050236275001225295,32,76711
0.650390625,1,full_rule_bank,32,995d0614c6732e715268f23c96d86dabc8156586f2b3200fdf0c339ed9d85c62,,,,2128,hard,56,0.004055978874930588,32,76711
0.640625,18,mirror,64,d5c94d2eb6e71893e52e5296e784046e6b7c61e006e2ba1723b747992939dc24,,,,808,hard,56,0.010047255000245059,64,76711
0.650390625,1,full_rule_bank,64,995d0614c6732e715268f23c96d86dabc8156586f2b3200fdf0c339ed9d85c62,,,,2128,hard,56,0.008111957749861176,64,76711
0.640625,18,mirror,128,d5c94d2eb6e71893e52e5296e784046e6b7c61e006e2ba1723b747992939dc24,,,,808,hard,56,0.020094510000490118,128,76711
0.650390625,1,full_rule_bank,128,995d0614c6732e715268f23c96d86dabc8156586f2b3200fdf0c339ed9d85c62,,,,2128,hard,56,0.016223915499722352,128,76711
0.724609375,18,mirror,256,d5c94d2eb6e71893e52e5296e784046e6b7c61e006e2ba1723b747992939dc24,,,2.745670795440674,808,hard,56,0.040189020000980236,256,76711
0.75,1,full_rule_bank,256,995d0614c6732e715268f23c96d86dabc8156586f2b3200fdf0c339ed9d85c62,,,2.1264278888702393,2128,hard,56,0.032447830999444705,256,76711
0.685546875,18,mirror,0,d5c94d2eb6e71893e52e5296e784046e6b7c61e006e2ba1723b747992939dc24,,,,808,hard,57,0.0,0,76711
0.685546875,1,full_rule_bank,0,995d0614c6732e715268f23c96d86dabc8156586f2b3200fdf0c339ed9d85c62,,,,2128,hard,57,0.0,0,76711
0.685546875,18,mirror,8,d5c94d2eb6e71893e52e5296e784046e6b7c61e006e2ba1723b747992939dc24,,,,808,hard,57,0.0012468078748497646,8,76711
0.685546875,1,full_rule_bank,8,995d0614c6732e715268f23c96d86dabc8156586f2b3200fdf0c339ed9d85c62,,,,2128,hard,57,0.0011111309063380759,8,76711
0.685546875,18,mirror,32,d5c94d2eb6e71893e52e5296e784046e6b7c61e006e2ba1723b747992939dc24,,,,808,hard,57,0.0049872314993990585,32,76711
0.685546875,1,full_rule_bank,32,995d0614c6732e715268f23c96d86dabc8156586f2b3200fdf0c339ed9d85c62,,,,2128,hard,57,0.0044445236253523035,32,76711
0.685546875,18,mirror,64,d5c94d2eb6e71893e52e5296e784046e6b7c61e006e2ba1723b747992939dc24,,,,808,hard,57,0.009974462998798117,64,76711
0.685546875,1,full_rule_bank,64,995d0614c6732e715268f23c96d86dabc8156586f2b3200fdf0c339ed9d85c62,,,,2128,hard,57,0.008889047250704607,64,76711
0.685546875,18,mirror,128,d5c94d2eb6e71893e52e5296e784046e6b7c61e006e2ba1723b747992939dc24,,,,808,hard,57,0.019948925997596234,128,76711
0.685546875,1,full_rule_bank,128,995d0614c6732e715268f23c96d86dabc8156586f2b3200fdf0c339ed9d85c62,,,,2128,hard,57,0.017778094501409214,128,76711
0.685546875,18,mirror,256,d5c94d2eb6e71893e52e5296e784046e6b7c61e006e2ba1723b747992939dc24,,,1.5062249898910522,808,hard,57,0.03989785199519247,256,76711
0.73828125,1,full_rule_bank,256,995d0614c6732e715268f23c96d86dabc8156586f2b3200fdf0c339ed9d85c62,,,0.930749773979187,2128,hard,57,0.03555618900281843,256,76711
0.65625,18,mirror,0,d5c94d2eb6e71893e52e5296e784046e6b7c61e006e2ba1723b747992939dc24,,,,808,hard,58,0.0,0,76711
0.65625,1,full_rule_bank,0,995d0614c6732e715268f23c96d86dabc8156586f2b3200fdf0c339ed9d85c62,,,,2128,hard,58,0.0,0,76711
0.65625,18,mirror,8,d5c94d2eb6e71893e52e5296e784046e6b7c61e006e2ba1723b747992939dc24,,,,808,hard,58,0.0012419270624377532,8,76711
0.65625,1,full_rule_bank,8,995d0614c6732e715268f23c96d86dabc8156586f2b3200fdf0c339ed9d85c62,,,,2128,hard,58,0.0010165363437408814,8,76711
0.65625,18,mirror,32,d5c94d2eb6e71893e52e5296e784046e6b7c61e006e2ba1723b747992939dc24,,,,808,hard,58,0.004967708249751013,32,76711
0.65625,1,full_rule_bank,32,995d0614c6732e715268f23c96d86dabc8156586f2b3200fdf0c339ed9d85c62,,,,2128,hard,58,0.004066145374963526,32,76711
0.65625,18,mirror,64,d5c94d2eb6e71893e52e5296e784046e6b7c61e006e2ba1723b747992939dc24,,,,808,hard,58,0.009935416499502026,64,76711
0.65625,1,full_rule_bank,64,995d0614c6732e715268f23c96d86dabc8156586f2b3200fdf0c339ed9d85c62,,,,2128,hard,58,0.008132290749927051,64,76711
0.65625,18,mirror,128,d5c94d2eb6e71893e52e5296e784046e6b7c61e006e2ba1723b747992939dc24,,,,808,hard,58,0.01987083299900405,128,76711
0.65625,1,full_rule_bank,128,995d0614c6732e715268f23c96d86dabc8156586f2b3200fdf0c339ed9d85c62,,,,2128,hard,58,0.016264581499854103,128,76711
0.65625,18,mirror,256,d5c94d2eb6e71893e52e5296e784046e6b7c61e006e2ba1723b747992939dc24,,,2.848616600036621,808,hard,58,0.0397416659980081,256,76711
0.751953125,1,full_rule_bank,256,995d0614c6732e715268f23c96d86dabc8156586f2b3200fdf0c339ed9d85c62,,,1.7765331268310547,2128,hard,58,0.032529162999708205,256,76711
0.6328125,18,mirror,0,d5c94d2eb6e71893e52e5296e784046e6b7c61e006e2ba1723b747992939dc24,,,,808,hard,59,0.0,0,76711
0.6328125,1,full_rule_bank,0,995d0614c6732e715268f23c96d86dabc8156586f2b3200fdf0c339ed9d85c62,,,,2128,hard,59,0.0,0,76711
0.6328125,18,mirror,8,d5c94d2eb6e71893e52e5296e784046e6b7c61e006e2ba1723b747992939dc24,,,,808,hard,59,0.0012416911251875717,8,76711
0.6328125,1,full_rule_bank,8,995d0614c6732e715268f23c96d86dabc8156586f2b3200fdf0c339ed9d85c62,,,,2128,hard,59,0.0010191543124165037,8,76711
0.6328125,18,mirror,32,d5c94d2eb6e71893e52e5296e784046e6b7c61e006e2ba1723b747992939dc24,,,,808,hard,59,0.004966764500750287,32,76711
0.6328125,1,full_rule_bank,32,995d0614c6732e715268f23c96d86dabc8156586f2b3200fdf0c339ed9d85c62,,,,2128,hard,59,0.004076617249666015,32,76711
0.6328125,18,mirror,64,d5c94d2eb6e71893e52e5296e784046e6b7c61e006e2ba1723b747992939dc24,,,,808,hard,59,0.009933529001500574,64,76711
0.6328125,1,full_rule_bank,64,995d0614c6732e715268f23c96d86dabc8156586f2b3200fdf0c339ed9d85c62,,,,2128,hard,59,0.00815323449933203,64,76711
0.6328125,18,mirror,128,d5c94d2eb6e71893e52e5296e784046e6b7c61e006e2ba1723b747992939dc24,,,,808,hard,59,0.019867058003001148,128,76711
0.6328125,1,full_rule_bank,128,995d0614c6732e715268f23c96d86dabc8156586f2b3200fdf0c339ed9d85c62,,,,2128,hard,59,0.01630646899866406,128,76711
0.6328125,18,mirror,256,d5c94d2eb6e71893e52e5296e784046e6b7c61e006e2ba1723b747992939dc24,,,2.607236862182617,808,hard,59,0.039734116006002296,256,76711
0.6875,1,full_rule_bank,256,995d0614c6732e715268f23c96d86dabc8156586f2b3200fdf0c339ed9d85c62,,,1.1955747604370117,2128,hard,59,0.03261293799732812,256,76711
0.72265625,18,mirror,0,d5c94d2eb6e71893e52e5296e784046e6b7c61e006e2ba1723b747992939dc24,,,,808,hard,60,0.0,0,76711
0.72265625,1,full_rule_bank,0,995d0614c6732e715268f23c96d86dabc8156586f2b3200fdf0c339ed9d85c62,,,,2128,hard,60,0.0,0,76711
0.72265625,18,mirror,8,d5c94d2eb6e71893e52e5296e784046e6b7c61e006e2ba1723b747992939dc24,,,,808,hard,60,0.0012562245312892628,8,76711
0.72265625,1,full_rule_bank,8,995d0614c6732e715268f23c96d86dabc8156586f2b3200fdf0c339ed9d85c62,,,,2128,hard,60,0.0010083524687161116,8,76711
0.72265625,18,mirror,32,d5c94d2eb6e71893e52e5296e784046e6b7c61e006e2ba1723b747992939dc24,,,,808,hard,60,0.005024898125157051,32,76711
0.72265625,1,full_rule_bank,32,995d0614c6732e715268f23c96d86dabc8156586f2b3200fdf0c339ed9d85c62,,,,2128,hard,60,0.0040334098748644465,32,76711
0.72265625,18,mirror,64,d5c94d2eb6e71893e52e5296e784046e6b7c61e006e2ba1723b747992939dc24,,,,808,hard,60,0.010049796250314103,64,76711
0.72265625,1,full_rule_bank,64,995d0614c6732e715268f23c96d86dabc8156586f2b3200fdf0c339ed9d85c62,,,,2128,hard,60,0.008066819749728893,64,76711
0.630859375,18,mirror,128,d5c94d2eb6e71893e52e5296e784046e6b7c61e006e2ba1723b747992939dc24,,,,808,hard,60,0.020099592500628205,128,76711
0.72265625,1,full_rule_bank,128,995d0614c6732e715268f23c96d86dabc8156586f2b3200fdf0c339ed9d85c62,,,,2128,hard,60,0.016133639499457786,128,76711
0.630859375,18,mirror,256,d5c94d2eb6e71893e52e5296e784046e6b7c61e006e2ba1723b747992939dc24,,,1.607270359992981,808,hard,60,0.04019918500125641,256,76711
0.72265625,1,full_rule_bank,256,995d0614c6732e715268f23c96d86dabc8156586f2b3200fdf0c339ed9d85c62,,,0.8023459911346436,2128,hard,60,0.03226727899891557,256,76711
0.77734375,18,mirror,0,d5c94d2eb6e71893e52e5296e784046e6b7c61e006e2ba1723b747992939dc24,,,,808,easy,61,0.0,0,76711
0.77734375,1,full_rule_bank,0,995d0614c6732e715268f23c96d86dabc8156586f2b3200fdf0c339ed9d85c62,,,,2128,easy,61,0.0,0,76711
0.77734375,18,mirror,8,d5c94d2eb6e71893e52e5296e784046e6b7c61e006e2ba1723b747992939dc24,,,,808,easy,61,0.0012620273437278229,8,76711
0.77734375,1,full_rule_bank,8,995d0614c6732e715268f23c96d86dabc8156586f2b3200fdf0c339ed9d85c62,,,,2128,easy,61,0.0010040491249583283,8,76711
0.77734375,18,mirror,32,d5c94d2eb6e71893e52e5296e784046e6b7c61e006e2ba1723b747992939dc24,,,,808,easy,61,0.0050481093749112915,32,76711
0.77734375,1,full_rule_bank,32,995d0614c6732e715268f23c96d86dabc8156586f2b3200fdf0c339ed9d85c62,,,,2128,easy,61,0.004016196499833313,32,76711
0.77734375,18,mirror,64,d5c94d2eb6e71893e52e5296e784046e6b7c61e006e2ba1723b747992939dc24,,,,808,easy,61,0.010096218749822583,64,76711
0.77734375,1,full_rule_bank,64,995d0614c6732e715268f23c96d86dabc8156586f2b3200fdf0c339ed9d85c62,,,,2128,easy,61,0.008032392999666627,64,76711
0.77734375,18,mirror,128,d5c94d2eb6e71893e52e5296e784046e6b7c61e006e2ba1723b747992939dc24,,,,808,easy,61,0.020192437499645166,128,76711
0.77734375,1,full_rule_bank,128,995d0614c6732e715268f23c96d86dabc8156586f2b3200fdf0c339ed9d85c62,,,,2128,easy,61,0.016064785999333253,128,76711
0.77734375,18,mirror,256,d5c94d2eb6e71893e52e5296e784046e6b7c61e006e2ba1723b747992939dc24,,,0.038963109254837036,808,easy,61,0.04038487499929033,256,76711
0.77734375,1,full_rule_bank,256,995d0614c6732e715268f23c96d86dabc8156586f2b3200fdf0c339ed9d85c62,,,0.04445448890328407,2128,easy,61,0.032129571998666506,256,76711
0.736328125,18,mirror,0,d5c94d2eb6e71893e52e5296e784046e6b7c61e006e2ba1723b747992939dc24,,,,808,easy,62,0.0,0,76711
0.736328125,1,full_rule_bank,0,995d0614c6732e715268f23c96d86dabc8156586f2b3200fdf0c339ed9d85c62,,,,2128,easy,62,0.0,0,76711
0.736328125,18,mirror,8,d5c94d2eb6e71893e52e5296e784046e6b7c61e006e2ba1723b747992939dc24,,,,808,easy,62,0.0012393391250498098,8,76711
0.736328125,1,full_rule_bank,8,995d0614c6732e715268f23c96d86dabc8156586f2b3200fdf0c339ed9d85c62,,,,2128,easy,62,0.0010176542500630603,8,76711
0.736328125,18,mirror,32,d5c94d2eb6e71893e52e5296e784046e6b7c61e006e2ba1723b747992939dc24,,,,808,easy,62,0.004957356500199239,32,76711
0.736328125,1,full_rule_bank,32,995d0614c6732e715268f23c96d86dabc8156586f2b3200fdf0c339ed9d85c62,,,,2128,easy,62,0.004070617000252241,32,76711
0.736328125,18,mirror,64,d5c94d2eb6e71893e52e5296e784046e6b7c61e006e2ba1723b747992939dc24,,,,808,easy,62,0.009914713000398478,64,76711
0.736328125,1,full_rule_bank,64,995d0614c6732e715268f23c96d86dabc8156586f2b3200fdf0c339ed9d85c62,,,,2128,easy,62,0.008141234000504483,64,76711
0.736328125,18,mirror,128,d5c94d2eb6e71893e52e5296e784046e6b7c61e006e2ba1723b747992939dc24,,,,808,easy,62,0.019829426000796957,128,76711
0.736328125,1,full_rule_bank,128,995d0614c6732e715268f23c96d86dabc8156586f2b3200fdf0c339ed9d85c62,,,,2128,easy,62,0.016282468001008965,128,76711
0.736328125,18,mirror,256,d5c94d2eb6e71893e52e5296e784046e6b7c61e006e2ba1723b747992939dc24,,,0.007273118942975998,808,easy,62,0.039658852001593914,256,76711
0.736328125,1,full_rule_bank,256,995d0614c6732e715268f23c96d86dabc8156586f2b3200fdf0c339ed9d85c62,,,0.01696096733212471,2128,easy,62,0.03256493600201793,256,76711
0.703125,18,mirror,0,d5c94d2eb6e71893e52e5296e784046e6b7c61e006e2ba1723b747992939dc24,,,,808,easy,63,0.0,0,76711
0.703125,1,full_rule_bank,0,995d0614c6732e715268f23c96d86dabc8156586f2b3200fdf0c339ed9d85c62,,,,2128,easy,63,0.0,0,76711
0.703125,18,mirror,8,d5c94d2eb6e71893e52e5296e784046e6b7c61e006e2ba1723b747992939dc24,,,,808,easy,63,0.001240449562374124,8,76711
0.703125,1,full_rule_bank,8,995d0614c6732e715268f23c96d86dabc8156586f2b3200fdf0c339ed9d85c62,,,,2128,easy,63,0.0010127684688541194,8,76711
0.703125,18,mirror,32,d5c94d2eb6e71893e52e5296e784046e6b7c61e006e2ba1723b747992939dc24,,,,808,easy,63,0.004961798249496496,32,76711
0.703125,1,full_rule_bank,32,995d0614c6732e715268f23c96d86dabc8156586f2b3200fdf0c339ed9d85c62,,,,2128,easy,63,0.004051073875416478,32,76711
0.703125,18,mirror,64,d5c94d2eb6e71893e52e5296e784046e6b7c61e006e2ba1723b747992939dc24,,,,808,easy,63,0.009923596498992993,64,76711
0.703125,1,full_rule_bank,64,995d0614c6732e715268f23c96d86dabc8156586f2b3200fdf0c339ed9d85c62,,,,2128,easy,63,0.008102147750832955,64,76711
0.703125,18,mirror,128,d5c94d2eb6e71893e52e5296e784046e6b7c61e006e2ba1723b747992939dc24,,,,808,easy,63,0.019847192997985985,128,76711
0.703125,1,full_rule_bank,128,995d0614c6732e715268f23c96d86dabc8156586f2b3200fdf0c339ed9d85c62,,,,2128,easy,63,0.01620429550166591,128,76711
0.703125,18,mirror,256,d5c94d2eb6e71893e52e5296e784046e6b7c61e006e2ba1723b747992939dc24,,,0.021089809015393257,808,easy,63,0.03969438599597197,256,76711
0.703125,1,full_rule_bank,256,995d0614c6732e715268f23c96d86dabc8156586f2b3200fdf0c339ed9d85c62,,,0.04374709725379944,2128,easy,63,0.03240859100333182,256,76711
0.765625,1,frozen_shared,0,,,,0.031464919447898865,,easy,0,0.0,0,76711
0.765625,1,full_overwrite_final,256,c02c3f54f6b4432699884ff2b0d5567d748688b165869a13000979f1e375216b,,,0.03320825845003128,112,easy,0,0.0,256,76711
0.65625,1,frozen_shared,0,,,,0.9984856843948364,,hard,1,0.0,0,76711
0.65625,1,full_overwrite_final,256,c02c3f54f6b4432699884ff2b0d5567d748688b165869a13000979f1e375216b,,,0.8396575450897217,112,hard,1,0.0,256,76711
0.75,1,frozen_shared,0,,,,0.08891778439283371,,easy,2,0.0,0,76711
0.75,1,full_overwrite_final,256,c02c3f54f6b4432699884ff2b0d5567d748688b165869a13000979f1e375216b,,,0.07295145094394684,112,easy,2,0.0,256,76711
0.62890625,1,frozen_shared,0,,,,3.578678846359253,,hard,3,0.0,0,76711
0.62890625,1,full_overwrite_final,256,c02c3f54f6b4432699884ff2b0d5567d748688b165869a13000979f1e375216b,,,3.3525161743164062,112,hard,3,0.0,256,76711
0.630859375,1,frozen_shared,0,,,,2.5443453788757324,,hard,4,0.0,0,76711
0.630859375,1,full_overwrite_final,256,c02c3f54f6b4432699884ff2b0d5567d748688b165869a13000979f1e375216b,,,3.002275228500366,112,hard,4,0.0,256,76711
0.814453125,1,frozen_shared,0,,,,1.7999212741851807,,hard,5,0.0,0,76711
0.814453125,1,full_overwrite_final,256,c02c3f54f6b4432699884ff2b0d5567d748688b165869a13000979f1e375216b,,,1.7800250053405762,112,hard,5,0.0,256,76711
0.767578125,1,frozen_shared,0,,,,0.06373296678066254,,easy,6,0.0,0,76711
0.767578125,1,full_overwrite_final,256,c02c3f54f6b4432699884ff2b0d5567d748688b165869a13000979f1e375216b,,,0.06130253151059151,112,easy,6,0.0,256,76711
0.83203125,1,frozen_shared,0,,,,1.253979206085205,,hard,7,0.0,0,76711
0.83203125,1,full_overwrite_final,256,c02c3f54f6b4432699884ff2b0d5567d748688b165869a13000979f1e375216b,,,1.3800568580627441,112,hard,7,0.0,256,76711
0.791015625,1,frozen_shared,0,,,,1.126691460609436,,hard,8,0.0,0,76711
0.791015625,1,full_overwrite_final,256,c02c3f54f6b4432699884ff2b0d5567d748688b165869a13000979f1e375216b,,,1.2696031332015991,112,hard,8,0.0,256,76711
0.623046875,1,frozen_shared,0,,,,1.8946623802185059,,hard,9,0.0,0,76711
0.623046875,1,full_overwrite_final,256,c02c3f54f6b4432699884ff2b0d5567d748688b165869a13000979f1e375216b,,,2.040921449661255,112,hard,9,0.0,256,76711
0.71875,1,frozen_shared,0,,,,0.06074167788028717,,easy,10,0.0,0,76711
0.71875,1,full_overwrite_final,256,c02c3f54f6b4432699884ff2b0d5567d748688b165869a13000979f1e375216b,,,0.06097578629851341,112,easy,10,0.0,256,76711
0.708984375,1,frozen_shared,0,,,,1.7110764980316162,,hard,11,0.0,0,76711
0.708984375,1,full_overwrite_final,256,c02c3f54f6b4432699884ff2b0d5567d748688b165869a13000979f1e375216b,,,1.7590663433074951,112,hard,11,0.0,256,76711
0.583984375,1,frozen_shared,0,,,,2.03717041015625,,hard,12,0.0,0,76711
0.583984375,1,full_overwrite_final,256,c02c3f54f6b4432699884ff2b0d5567d748688b165869a13000979f1e375216b,,,1.9137097597122192,112,hard,12,0.0,256,76711
0.5703125,1,frozen_shared,0,,,,2.2311880588531494,,hard,13,0.0,0,76711
0.5703125,1,full_overwrite_final,256,c02c3f54f6b4432699884ff2b0d5567d748688b165869a13000979f1e375216b,,,2.1501941680908203,112,hard,13,0.0,256,76711
0.84375,1,frozen_shared,0,,,,0.30148783326148987,,hard,14,0.0,0,76711
0.84375,1,full_overwrite_final,256,c02c3f54f6b4432699884ff2b0d5567d748688b165869a13000979f1e375216b,,,0.2598283886909485,112,hard,14,0.0,256,76711
0.724609375,1,frozen_shared,0,,,,3.3232192993164062,,hard,15,0.0,0,76711
0.724609375,1,full_overwrite_final,256,c02c3f54f6b4432699884ff2b0d5567d748688b165869a13000979f1e375216b,,,3.158775806427002,112,hard,15,0.0,256,76711
0.69140625,1,frozen_shared,0,,,,0.05118454620242119,,easy,16,0.0,0,76711
0.69140625,1,full_overwrite_final,256,c02c3f54f6b4432699884ff2b0d5567d748688b165869a13000979f1e375216b,,,0.1032380610704422,112,easy,16,0.0,256,76711
0.734375,1,frozen_shared,0,,,,0.06501919031143188,,easy,17,0.0,0,76711
0.734375,1,full_overwrite_final,256,c02c3f54f6b4432699884ff2b0d5567d748688b165869a13000979f1e375216b,,,0.11689938604831696,112,easy,17,0.0,256,76711
0.921875,1,frozen_shared,0,,,,4.038989067077637,,hard,18,0.0,0,76711
0.921875,1,full_overwrite_final,256,c02c3f54f6b4432699884ff2b0d5567d748688b165869a13000979f1e375216b,,,4.034001350402832,112,hard,18,0.0,256,76711
0.7421875,1,frozen_shared,0,,,,0.2322688102722168,,easy,19,0.0,0,76711
0.7421875,1,full_overwrite_final,256,c02c3f54f6b4432699884ff2b0d5567d748688b165869a13000979f1e375216b,,,0.24210971593856812,112,easy,19,0.0,256,76711
0.599609375,1,frozen_shared,0,,,,2.2373270988464355,,hard,20,0.0,0,76711
0.599609375,1,full_overwrite_final,256,c02c3f54f6b4432699884ff2b0d5567d748688b165869a13000979f1e375216b,,,1.9883753061294556,112,hard,20,0.0,256,76711
0.4296875,1,frozen_shared,0,,,,3.5985352993011475,,hard,21,0.0,0,76711
0.4296875,1,full_overwrite_final,256,c02c3f54f6b4432699884ff2b0d5567d748688b165869a13000979f1e375216b,,,3.741246223449707,112,hard,21,0.0,256,76711
0.521484375,1,frozen_shared,0,,,,3.2917978763580322,,hard,22,0.0,0,76711
0.521484375,1,full_overwrite_final,256,c02c3f54f6b4432699884ff2b0d5567d748688b165869a13000979f1e375216b,,,3.3291776180267334,112,hard,22,0.0,256,76711
0.716796875,1,frozen_shared,0,,,,1.390891432762146,,hard,23,0.0,0,76711
0.716796875,1,full_overwrite_final,256,c02c3f54f6b4432699884ff2b0d5567d748688b165869a13000979f1e375216b,,,1.526288628578186,112,hard,23,0.0,256,76711
0.728515625,1,frozen_shared,0,,,,0.10005905479192734,,easy,24,0.0,0,76711
0.728515625,1,full_overwrite_final,256,c02c3f54f6b4432699884ff2b0d5567d748688b165869a13000979f1e375216b,,,0.10216633230447769,112,easy,24,0.0,256,76711
0.73046875,1,frozen_shared,0,,,,0.8094136714935303,,hard,25,0.0,0,76711
0.73046875,1,full_overwrite_final,256,c02c3f54f6b4432699884ff2b0d5567d748688b165869a13000979f1e375216b,,,0.943446159362793,112,hard,25,0.0,256,76711
0.736328125,1,frozen_shared,0,,,,0.06648935377597809,,easy,26,0.0,0,76711
0.736328125,1,full_overwrite_final,256,c02c3f54f6b4432699884ff2b0d5567d748688b165869a13000979f1e375216b,,,0.1336994767189026,112,easy,26,0.0,256,76711
0.775390625,1,frozen_shared,0,,,,1.950190782546997,,hard,27,0.0,0,76711
0.775390625,1,full_overwrite_final,256,c02c3f54f6b4432699884ff2b0d5567d748688b165869a13000979f1e375216b,,,1.8981449604034424,112,hard,27,0.0,256,76711
0.744140625,1,frozen_shared,0,,,,0.08040443807840347,,easy,28,0.0,0,76711
0.744140625,1,full_overwrite_final,256,c02c3f54f6b4432699884ff2b0d5567d748688b165869a13000979f1e375216b,,,0.06424260139465332,112,easy,28,0.0,256,76711
0.701171875,1,frozen_shared,0,,,,1.1722731590270996,,hard,29,0.0,0,76711
0.701171875,1,full_overwrite_final,256,c02c3f54f6b4432699884ff2b0d5567d748688b165869a13000979f1e375216b,,,1.3164215087890625,112,hard,29,0.0,256,76711
0.607421875,1,frozen_shared,0,,,,1.5564298629760742,,hard,30,0.0,0,76711
0.607421875,1,full_overwrite_final,256,c02c3f54f6b4432699884ff2b0d5567d748688b165869a13000979f1e375216b,,,1.7290478944778442,112,hard,30,0.0,256,76711
0.76953125,1,frozen_shared,0,,,,1.0033016204833984,,hard,31,0.0,0,76711
0.76953125,1,full_overwrite_final,256,c02c3f54f6b4432699884ff2b0d5567d748688b165869a13000979f1e375216b,,,1.0938383340835571,112,hard,31,0.0,256,76711
0.76953125,1,frozen_shared,0,,,,0.08735115826129913,,easy,32,0.0,0,76711
0.76953125,1,full_overwrite_final,256,c02c3f54f6b4432699884ff2b0d5567d748688b165869a13000979f1e375216b,,,0.09844135493040085,112,easy,32,0.0,256,76711
0.7265625,1,frozen_shared,0,,,,0.014914503321051598,,easy,33,0.0,0,76711
0.7265625,1,full_overwrite_final,256,c02c3f54f6b4432699884ff2b0d5567d748688b165869a13000979f1e375216b,,,0.06509654223918915,112,easy,33,0.0,256,76711
0.7421875,1,frozen_shared,0,,,,0.009723462164402008,,easy,34,0.0,0,76711
0.7421875,1,full_overwrite_final,256,c02c3f54f6b4432699884ff2b0d5567d748688b165869a13000979f1e375216b,,,0.038815464824438095,112,easy,34,0.0,256,76711
0.748046875,1,frozen_shared,0,,,,0.1302892416715622,,easy,35,0.0,0,76711
0.748046875,1,full_overwrite_final,256,c02c3f54f6b4432699884ff2b0d5567d748688b165869a13000979f1e375216b,,,0.17033475637435913,112,easy,35,0.0,256,76711
0.787109375,1,frozen_shared,0,,,,0.010513992980122566,,easy,36,0.0,0,76711
0.787109375,1,full_overwrite_final,256,c02c3f54f6b4432699884ff2b0d5567d748688b165869a13000979f1e375216b,,,0.02845539152622223,112,easy,36,0.0,256,76711
0.732421875,1,frozen_shared,0,,,,0.012072816491127014,,easy,37,0.0,0,76711
0.732421875,1,full_overwrite_final,256,c02c3f54f6b4432699884ff2b0d5567d748688b165869a13000979f1e375216b,,,0.04554656147956848,112,easy,37,0.0,256,76711
0.75390625,1,frozen_shared,0,,,,0.10178795456886292,,easy,38,0.0,0,76711
0.75390625,1,full_overwrite_final,256,c02c3f54f6b4432699884ff2b0d5567d748688b165869a13000979f1e375216b,,,0.15299972891807556,112,easy,38,0.0,256,76711
0.708984375,1,frozen_shared,0,,,,0.09325967729091644,,easy,39,0.0,0,76711
0.708984375,1,full_overwrite_final,256,c02c3f54f6b4432699884ff2b0d5567d748688b165869a13000979f1e375216b,,,0.0949704572558403,112,easy,39,0.0,256,76711
0.7734375,1,frozen_shared,0,,,,1.3149330615997314,,hard,40,0.0,0,76711
0.7734375,1,full_overwrite_final,256,c02c3f54f6b4432699884ff2b0d5567d748688b165869a13000979f1e375216b,,,1.3889961242675781,112,hard,40,0.0,256,76711
0.69921875,1,frozen_shared,0,,,,0.10017072409391403,,easy,41,0.0,0,76711
0.69921875,1,full_overwrite_final,256,c02c3f54f6b4432699884ff2b0d5567d748688b165869a13000979f1e375216b,,,0.08524049073457718,112,easy,41,0.0,256,76711
0.736328125,1,frozen_shared,0,,,,0.03321857377886772,,easy,42,0.0,0,76711
0.736328125,1,full_overwrite_final,256,c02c3f54f6b4432699884ff2b0d5567d748688b165869a13000979f1e375216b,,,0.08882124722003937,112,easy,42,0.0,256,76711
0.5234375,1,frozen_shared,0,,,,3.1522274017333984,,hard,43,0.0,0,76711
0.5234375,1,full_overwrite_final,256,c02c3f54f6b4432699884ff2b0d5567d748688b165869a13000979f1e375216b,,,3.514863967895508,112,hard,43,0.0,256,76711
0.677734375,1,frozen_shared,0,,,,1.579470157623291,,hard,44,0.0,0,76711
0.677734375,1,full_overwrite_final,256,c02c3f54f6b4432699884ff2b0d5567d748688b165869a13000979f1e375216b,,,1.8918859958648682,112,hard,44,0.0,256,76711
0.68359375,1,frozen_shared,0,,,,0.33684736490249634,,easy,45,0.0,0,76711
0.68359375,1,full_overwrite_final,256,c02c3f54f6b4432699884ff2b0d5567d748688b165869a13000979f1e375216b,,,0.4618642032146454,112,easy,45,0.0,256,76711
0.771484375,1,frozen_shared,0,,,,7.116751670837402,,hard,46,0.0,0,76711
0.771484375,1,full_overwrite_final,256,c02c3f54f6b4432699884ff2b0d5567d748688b165869a13000979f1e375216b,,,7.517952919006348,112,hard,46,0.0,256,76711
0.751953125,1,frozen_shared,0,,,,0.11899985373020172,,easy,47,0.0,0,76711
0.751953125,1,full_overwrite_final,256,c02c3f54f6b4432699884ff2b0d5567d748688b165869a13000979f1e375216b,,,0.16216984391212463,112,easy,47,0.0,256,76711
0.66796875,1,frozen_shared,0,,,,1.9522473812103271,,hard,48,0.0,0,76711
0.66796875,1,full_overwrite_final,256,c02c3f54f6b4432699884ff2b0d5567d748688b165869a13000979f1e375216b,,,2.0166521072387695,112,hard,48,0.0,256,76711
0.701171875,1,frozen_shared,0,,,,0.06395003199577332,,easy,49,0.0,0,76711
0.701171875,1,full_overwrite_final,256,c02c3f54f6b4432699884ff2b0d5567d748688b165869a13000979f1e375216b,,,0.10747712105512619,112,easy,49,0.0,256,76711
0.73828125,1,frozen_shared,0,,,,0.03491025045514107,,easy,50,0.0,0,76711
0.73828125,1,full_overwrite_final,256,c02c3f54f6b4432699884ff2b0d5567d748688b165869a13000979f1e375216b,,,0.050839755684137344,112,easy,50,0.0,256,76711
0.740234375,1,frozen_shared,0,,,,0.13931478559970856,,easy,51,0.0,0,76711
0.740234375,1,full_overwrite_final,256,c02c3f54f6b4432699884ff2b0d5567d748688b165869a13000979f1e375216b,,,0.1194559782743454,112,easy,51,0.0,256,76711
0.728515625,1,frozen_shared,0,,,,0.03451693058013916,,easy,52,0.0,0,76711
0.728515625,1,full_overwrite_final,256,c02c3f54f6b4432699884ff2b0d5567d748688b165869a13000979f1e375216b,,,0.08795395493507385,112,easy,52,0.0,256,76711
0.72265625,1,frozen_shared,0,,,,0.19014066457748413,,easy,53,0.0,0,76711
0.72265625,1,full_overwrite_final,256,c02c3f54f6b4432699884ff2b0d5567d748688b165869a13000979f1e375216b,,,0.2856813967227936,112,easy,53,0.0,256,76711
0.7578125,1,frozen_shared,0,,,,0.35756009817123413,,easy,54,0.0,0,76711
0.7578125,1,full_overwrite_final,256,c02c3f54f6b4432699884ff2b0d5567d748688b165869a13000979f1e375216b,,,0.3534497618675232,112,easy,54,0.0,256,76711
0.734375,1,frozen_shared,0,,,,0.0539717935025692,,easy,55,0.0,0,76711
0.734375,1,full_overwrite_final,256,c02c3f54f6b4432699884ff2b0d5567d748688b165869a13000979f1e375216b,,,0.11314813792705536,112,easy,55,0.0,256,76711
0.58984375,1,frozen_shared,0,,,,3.630317211151123,,hard,56,0.0,0,76711
0.58984375,1,full_overwrite_final,256,c02c3f54f6b4432699884ff2b0d5567d748688b165869a13000979f1e375216b,,,3.8361129760742188,112,hard,56,0.0,256,76711
0.71875,1,frozen_shared,0,,,,1.638994574546814,,hard,57,0.0,0,76711
0.71875,1,full_overwrite_final,256,c02c3f54f6b4432699884ff2b0d5567d748688b165869a13000979f1e375216b,,,1.3333251476287842,112,hard,57,0.0,256,76711
0.63671875,1,frozen_shared,0,,,,2.871208906173706,,hard,58,0.0,0,76711
0.63671875,1,full_overwrite_final,256,c02c3f54f6b4432699884ff2b0d5567d748688b165869a13000979f1e375216b,,,2.9675722122192383,112,hard,58,0.0,256,76711
0.6484375,1,frozen_shared,0,,,,2.5371694564819336,,hard,59,0.0,0,76711
0.6484375,1,full_overwrite_final,256,c02c3f54f6b4432699884ff2b0d5567d748688b165869a13000979f1e375216b,,,2.5372040271759033,112,hard,59,0.0,256,76711
0.755859375,1,frozen_shared,0,,,,2.210953712463379,,hard,60,0.0,0,76711
0.755859375,1,full_overwrite_final,256,c02c3f54f6b4432699884ff2b0d5567d748688b165869a13000979f1e375216b,,,2.6168007850646973,112,hard,60,0.0,256,76711
0.76953125,1,frozen_shared,0,,,,0.0748426765203476,,easy,61,0.0,0,76711
0.76953125,1,full_overwrite_final,256,c02c3f54f6b4432699884ff2b0d5567d748688b165869a13000979f1e375216b,,,0.07777073979377747,112,easy,61,0.0,256,76711
0.720703125,1,frozen_shared,0,,,,0.037354279309511185,,easy,62,0.0,0,76711
0.720703125,1,full_overwrite_final,256,c02c3f54f6b4432699884ff2b0d5567d748688b165869a13000979f1e375216b,,,0.037961993366479874,112,easy,62,0.0,256,76711
0.70703125,1,frozen_shared,0,,,,0.04178415983915329,,easy,63,0.0,0,76711
0.70703125,1,full_overwrite_final,256,c02c3f54f6b4432699884ff2b0d5567d748688b165869a13000979f1e375216b,,,0.04374709725379944,112,easy,63,0.0,256,76711
0.724609375,18,mirror_bank_after_all,256,,0.0,1.0,0.04705710709095001,,easy,0,0.0,256,76711
0.724609375,1,full_rule_bank_after_all,256,995d0614c6732e715268f23c96d86dabc8156586f2b3200fdf0c339ed9d85c62,1.0,1.0,0.049331456422805786,2128,easy,0,0.0,256,76711
0.6328125,18,mirror_bank_after_all,256,,0.0,1.0,0.9049456119537354,,hard,1,0.0,256,76711
0.796875,1,full_rule_bank_after_all,256,995d0614c6732e715268f23c96d86dabc8156586f2b3200fdf0c339ed9d85c62,1.0,1.0,0.38305699825286865,2128,hard,1,0.0,256,76711
0.736328125,18,mirror_bank_after_all,256,,0.0,1.0,0.05285161733627319,,easy,2,0.0,256,76711
0.736328125,1,full_rule_bank_after_all,256,995d0614c6732e715268f23c96d86dabc8156586f2b3200fdf0c339ed9d85c62,1.0,1.0,0.06069411337375641,2128,easy,2,0.0,256,76711
0.669921875,18,mirror_bank_after_all,256,,0.0,1.0,3.116574764251709,,hard,3,0.0,256,76711
0.75390625,1,full_rule_bank_after_all,256,995d0614c6732e715268f23c96d86dabc8156586f2b3200fdf0c339ed9d85c62,1.0,1.0,1.812354564666748,2128,hard,3,0.0,256,76711
0.68359375,18,mirror_bank_after_all,256,,0.0,1.0,2.620600700378418,,hard,4,0.0,256,76711
0.689453125,1,full_rule_bank_after_all,256,995d0614c6732e715268f23c96d86dabc8156586f2b3200fdf0c339ed9d85c62,1.0,1.0,1.5061464309692383,2128,hard,4,0.0,256,76711
0.896484375,18,mirror_bank_after_all,256,,0.0,1.0,1.4389617443084717,,hard,5,0.0,256,76711
0.896484375,1,full_rule_bank_after_all,256,995d0614c6732e715268f23c96d86dabc8156586f2b3200fdf0c339ed9d85c62,1.0,1.0,0.9304457306861877,2128,hard,5,0.0,256,76711
0.716796875,18,mirror_bank_after_all,256,,0.0,1.0,0.006673319265246391,,easy,6,0.0,256,76711
0.7265625,1,full_rule_bank_after_all,256,995d0614c6732e715268f23c96d86dabc8156586f2b3200fdf0c339ed9d85c62,1.0,1.0,0.016239356249570847,2128,easy,6,0.0,256,76711
0.791015625,18,mirror_bank_after_all,256,,0.0,1.0,1.2119853496551514,,hard,7,0.0,256,76711
0.791015625,1,full_rule_bank_after_all,256,995d0614c6732e715268f23c96d86dabc8156586f2b3200fdf0c339ed9d85c62,1.0,1.0,0.672775149345398,2128,hard,7,0.0,256,76711
0.7890625,18,mirror_bank_after_all,256,,0.0,1.0,0.811347484588623,,hard,8,0.0,256,76711
0.7890625,1,full_rule_bank_after_all,256,995d0614c6732e715268f23c96d86dabc8156586f2b3200fdf0c339ed9d85c62,1.0,1.0,0.6930869817733765,2128,hard,8,0.0,256,76711
0.71875,18,mirror_bank_after_all,256,,0.0,1.0,1.4055116176605225,,hard,9,0.0,256,76711
0.71875,1,full_rule_bank_after_all,256,995d0614c6732e715268f23c96d86dabc8156586f2b3200fdf0c339ed9d85c62,1.0,1.0,0.6977002620697021,2128,hard,9,0.0,256,76711
0.779296875,18,mirror_bank_after_all,256,,0.0,1.0,0.020241567865014076,,easy,10,0.0,256,76711
0.779296875,1,full_rule_bank_after_all,256,995d0614c6732e715268f23c96d86dabc8156586f2b3200fdf0c339ed9d85c62,1.0,1.0,0.041597966104745865,2128,easy,10,0.0,256,76711
0.8125,18,mirror_bank_after_all,256,,0.0,1.0,1.622255802154541,,hard,11,0.0,256,76711
0.8125,1,full_rule_bank_after_all,256,995d0614c6732e715268f23c96d86dabc8156586f2b3200fdf0c339ed9d85c62,1.0,1.0,0.9667083024978638,2128,hard,11,0.0,256,76711
0.681640625,18,mirror_bank_after_all,256,,0.0,1.0,1.7930309772491455,,hard,12,0.0,256,76711
0.79296875,1,full_rule_bank_after_all,256,995d0614c6732e715268f23c96d86dabc8156586f2b3200fdf0c339ed9d85c62,1.0,1.0,0.9934375882148743,2128,hard,12,0.0,256,76711
0.611328125,18,mirror_bank_after_all,256,,0.0,1.0,1.7148463726043701,,hard,13,0.0,256,76711
0.796875,1,full_rule_bank_after_all,256,995d0614c6732e715268f23c96d86dabc8156586f2b3200fdf0c339ed9d85c62,1.0,1.0,0.8521755337715149,2128,hard,13,0.0,256,76711
0.806640625,18,mirror_bank_after_all,256,,0.0,1.0,0.2744896411895752,,hard,14,0.0,256,76711
0.806640625,1,full_rule_bank_after_all,256,995d0614c6732e715268f23c96d86dabc8156586f2b3200fdf0c339ed9d85c62,1.0,1.0,0.17841200530529022,2128,hard,14,0.0,256,76711
0.755859375,18,mirror_bank_after_all,256,,0.0,1.0,3.201606273651123,,hard,15,0.0,256,76711
0.833984375,1,full_rule_bank_after_all,256,995d0614c6732e715268f23c96d86dabc8156586f2b3200fdf0c339ed9d85c62,1.0,1.0,1.8574116230010986,2128,hard,15,0.0,256,76711
0.689453125,18,mirror_bank_after_all,256,,0.0,1.0,0.010827148333191872,,easy,16,0.0,256,76711
0.689453125,1,full_rule_bank_after_all,256,995d0614c6732e715268f23c96d86dabc8156586f2b3200fdf0c339ed9d85c62,1.0,1.0,0.053886778652668,2128,easy,16,0.0,256,76711
0.7265625,18,mirror_bank_after_all,256,,0.0,1.0,0.017899952828884125,,easy,17,0.0,256,76711
0.71875,1,full_rule_bank_after_all,256,995d0614c6732e715268f23c96d86dabc8156586f2b3200fdf0c339ed9d85c62,1.0,1.0,0.03794148564338684,2128,easy,17,0.0,256,76711
0.845703125,18,mirror_bank_after_all,256,,0.0,1.0,3.776895523071289,,hard,18,0.0,256,76711
0.931640625,1,full_rule_bank_after_all,256,995d0614c6732e715268f23c96d86dabc8156586f2b3200fdf0c339ed9d85c62,1.0,1.0,2.4943389892578125,2128,hard,18,0.0,256,76711
0.712890625,18,mirror_bank_after_all,256,,0.0,1.0,0.09800004959106445,,easy,19,0.0,256,76711
0.712890625,1,full_rule_bank_after_all,256,995d0614c6732e715268f23c96d86dabc8156586f2b3200fdf0c339ed9d85c62,1.0,1.0,0.10236890614032745,2128,easy,19,0.0,256,76711
0.5390625,18,mirror_bank_after_all,256,,0.0,1.0,1.8912789821624756,,hard,20,0.0,256,76711
0.685546875,1,full_rule_bank_after_all,256,995d0614c6732e715268f23c96d86dabc8156586f2b3200fdf0c339ed9d85c62,1.0,1.0,0.9504638314247131,2128,hard,20,0.0,256,76711
0.484375,18,mirror_bank_after_all,256,,0.0,1.0,3.429905652999878,,hard,21,0.0,256,76711
0.734375,1,full_rule_bank_after_all,256,995d0614c6732e715268f23c96d86dabc8156586f2b3200fdf0c339ed9d85c62,1.0,1.0,1.2937443256378174,2128,hard,21,0.0,256,76711
0.546875,18,mirror_bank_after_all,256,,0.0,1.0,3.178616762161255,,hard,22,0.0,256,76711
0.619140625,1,full_rule_bank_after_all,256,995d0614c6732e715268f23c96d86dabc8156586f2b3200fdf0c339ed9d85c62,1.0,1.0,1.4145221710205078,2128,hard,22,0.0,256,76711
0.689453125,18,mirror_bank_after_all,256,,0.0,1.0,1.3443514108657837,,hard,23,0.0,256,76711
0.771484375,1,full_rule_bank_after_all,256,995d0614c6732e715268f23c96d86dabc8156586f2b3200fdf0c339ed9d85c62,1.0,1.0,0.8716014623641968,2128,hard,23,0.0,256,76711
0.7265625,18,mirror_bank_after_all,256,,0.0,1.0,0.10385710000991821,,easy,24,0.0,256,76711
0.7265625,1,full_rule_bank_after_all,256,995d0614c6732e715268f23c96d86dabc8156586f2b3200fdf0c339ed9d85c62,1.0,1.0,0.11797289550304413,2128,easy,24,0.0,256,76711
0.798828125,18,mirror_bank_after_all,256,,0.0,1.0,0.6516908407211304,,hard,25,0.0,256,76711
0.798828125,1,full_rule_bank_after_all,256,995d0614c6732e715268f23c96d86dabc8156586f2b3200fdf0c339ed9d85c62,1.0,1.0,0.4378192722797394,2128,hard,25,0.0,256,76711
0.75,18,mirror_bank_after_all,256,,0.0,1.0,0.04981759563088417,,easy,26,0.0,256,76711
0.75,1,full_rule_bank_after_all,256,995d0614c6732e715268f23c96d86dabc8156586f2b3200fdf0c339ed9d85c62,1.0,1.0,0.06073809415102005,2128,easy,26,0.0,256,76711
0.740234375,18,mirror_bank_after_all,256,,0.0,1.0,1.868760108947754,,hard,27,0.0,256,76711
0.83203125,1,full_rule_bank_after_all,256,995d0614c6732e715268f23c96d86dabc8156586f2b3200fdf0c339ed9d85c62,1.0,1.0,1.389608383178711,2128,hard,27,0.0,256,76711
0.734375,18,mirror_bank_after_all,256,,0.0,1.0,0.019987113773822784,,easy,28,0.0,256,76711
0.734375,1,full_rule_bank_after_all,256,995d0614c6732e715268f23c96d86dabc8156586f2b3200fdf0c339ed9d85c62,1.0,1.0,0.037827327847480774,2128,easy,28,0.0,256,76711
0.66796875,18,mirror_bank_after_all,256,,0.0,1.0,1.0991361141204834,,hard,29,0.0,256,76711
0.740234375,1,full_rule_bank_after_all,256,995d0614c6732e715268f23c96d86dabc8156586f2b3200fdf0c339ed9d85c62,1.0,1.0,0.4574112296104431,2128,hard,29,0.0,256,76711
0.646484375,18,mirror_bank_after_all,256,,0.0,1.0,1.1979446411132812,,hard,30,0.0,256,76711
0.646484375,1,full_rule_bank_after_all,256,995d0614c6732e715268f23c96d86dabc8156586f2b3200fdf0c339ed9d85c62,1.0,1.0,0.6813912987709045,2128,hard,30,0.0,256,76711
0.74609375,18,mirror_bank_after_all,256,,0.0,1.0,0.9623057842254639,,hard,31,0.0,256,76711
0.7890625,1,full_rule_bank_after_all,256,995d0614c6732e715268f23c96d86dabc8156586f2b3200fdf0c339ed9d85c62,1.0,1.0,0.5535905957221985,2128,hard,31,0.0,256,76711
0.763671875,18,mirror_bank_after_all,256,,0.0,1.0,0.05119545757770538,,easy,32,0.0,256,76711
0.775390625,1,full_rule_bank_after_all,256,995d0614c6732e715268f23c96d86dabc8156586f2b3200fdf0c339ed9d85c62,1.0,1.0,0.07426688820123672,2128,easy,32,0.0,256,76711
0.73046875,18,mirror_bank_after_all,256,,0.0,1.0,0.015306285582482815,,easy,33,0.0,256,76711
0.73046875,1,full_rule_bank_after_all,256,995d0614c6732e715268f23c96d86dabc8156586f2b3200fdf0c339ed9d85c62,1.0,1.0,0.02705126628279686,2128,easy,33,0.0,256,76711
0.697265625,18,mirror_bank_after_all,256,,0.0,1.0,0.002773537067696452,,easy,34,0.0,256,76711
0.697265625,1,full_rule_bank_after_all,256,995d0614c6732e715268f23c96d86dabc8156586f2b3200fdf0c339ed9d85c62,1.0,1.0,0.018980281427502632,2128,easy,34,0.0,256,76711
0.767578125,18,mirror_bank_after_all,256,,0.0,1.0,0.0492108017206192,,easy,35,0.0,256,76711
0.767578125,1,full_rule_bank_after_all,256,995d0614c6732e715268f23c96d86dabc8156586f2b3200fdf0c339ed9d85c62,1.0,1.0,0.06336240470409393,2128,easy,35,0.0,256,76711
0.759765625,18,mirror_bank_after_all,256,,0.0,1.0,0.03164900839328766,,easy,36,0.0,256,76711
0.759765625,1,full_rule_bank_after_all,256,995d0614c6732e715268f23c96d86dabc8156586f2b3200fdf0c339ed9d85c62,1.0,1.0,0.059839434921741486,2128,easy,36,0.0,256,76711
0.724609375,18,mirror_bank_after_all,256,,0.0,1.0,0.00247994065284729,,easy,37,0.0,256,76711
0.724609375,1,full_rule_bank_after_all,256,995d0614c6732e715268f23c96d86dabc8156586f2b3200fdf0c339ed9d85c62,1.0,1.0,0.023551618680357933,2128,easy,37,0.0,256,76711
0.751953125,18,mirror_bank_after_all,256,,0.0,1.0,0.040267303586006165,,easy,38,0.0,256,76711
0.751953125,1,full_rule_bank_after_all,256,995d0614c6732e715268f23c96d86dabc8156586f2b3200fdf0c339ed9d85c62,1.0,1.0,0.06207822635769844,2128,easy,38,0.0,256,76711
0.759765625,18,mirror_bank_after_all,256,,0.0,1.0,0.03175397217273712,,easy,39,0.0,256,76711
0.759765625,1,full_rule_bank_after_all,256,995d0614c6732e715268f23c96d86dabc8156586f2b3200fdf0c339ed9d85c62,1.0,1.0,0.04579232633113861,2128,easy,39,0.0,256,76711
0.796875,18,mirror_bank_after_all,256,,0.0,1.0,1.0428587198257446,,hard,40,0.0,256,76711
0.796875,1,full_rule_bank_after_all,256,995d0614c6732e715268f23c96d86dabc8156586f2b3200fdf0c339ed9d85c62,1.0,1.0,0.6459006071090698,2128,hard,40,0.0,256,76711
0.7109375,18,mirror_bank_after_all,256,,0.0,1.0,0.046009361743927,,easy,41,0.0,256,76711
0.7109375,1,full_rule_bank_after_all,256,995d0614c6732e715268f23c96d86dabc8156586f2b3200fdf0c339ed9d85c62,1.0,1.0,0.05049075186252594,2128,easy,41,0.0,256,76711
0.751953125,18,mirror_bank_after_all,256,,0.0,1.0,0.011162929236888885,,easy,42,0.0,256,76711
0.736328125,1,full_rule_bank_after_all,256,995d0614c6732e715268f23c96d86dabc8156586f2b3200fdf0c339ed9d85c62,1.0,1.0,0.021404650062322617,2128,easy,42,0.0,256,76711
0.47265625,18,mirror_bank_after_all,256,,0.0,1.0,2.1238787174224854,,hard,43,0.0,256,76711
0.568359375,1,full_rule_bank_after_all,256,995d0614c6732e715268f23c96d86dabc8156586f2b3200fdf0c339ed9d85c62,1.0,1.0,1.0228185653686523,2128,hard,43,0.0,256,76711
0.662109375,18,mirror_bank_after_all,256,,0.0,1.0,1.5751895904541016,,hard,44,0.0,256,76711
0.7421875,1,full_rule_bank_after_all,256,995d0614c6732e715268f23c96d86dabc8156586f2b3200fdf0c339ed9d85c62,1.0,1.0,0.7449285984039307,2128,hard,44,0.0,256,76711
0.693359375,18,mirror_bank_after_all,256,,0.0,1.0,0.10524565726518631,,easy,45,0.0,256,76711
0.693359375,1,full_rule_bank_after_all,256,995d0614c6732e715268f23c96d86dabc8156586f2b3200fdf0c339ed9d85c62,1.0,1.0,0.1134328693151474,2128,easy,45,0.0,256,76711
0.767578125,18,mirror_bank_after_all,256,,0.0,1.0,6.868310451507568,,hard,46,0.0,256,76711
0.873046875,1,full_rule_bank_after_all,256,995d0614c6732e715268f23c96d86dabc8156586f2b3200fdf0c339ed9d85c62,1.0,1.0,5.003237247467041,2128,hard,46,0.0,256,76711
0.765625,18,mirror_bank_after_all,256,,0.0,1.0,0.11216361820697784,,easy,47,0.0,256,76711
0.765625,1,full_rule_bank_after_all,256,995d0614c6732e715268f23c96d86dabc8156586f2b3200fdf0c339ed9d85c62,1.0,1.0,0.13167965412139893,2128,easy,47,0.0,256,76711
0.759765625,18,mirror_bank_after_all,256,,0.0,1.0,1.5350964069366455,,hard,48,0.0,256,76711
0.759765625,1,full_rule_bank_after_all,256,995d0614c6732e715268f23c96d86dabc8156586f2b3200fdf0c339ed9d85c62,1.0,1.0,0.8512639403343201,2128,hard,48,0.0,256,76711
0.701171875,18,mirror_bank_after_all,256,,0.0,1.0,0.06081153824925423,,easy,49,0.0,256,76711
0.701171875,1,full_rule_bank_after_all,256,995d0614c6732e715268f23c96d86dabc8156586f2b3200fdf0c339ed9d85c62,1.0,1.0,0.07197858393192291,2128,easy,49,0.0,256,76711
0.705078125,18,mirror_bank_after_all,256,,0.0,1.0,0.00242025637999177,,easy,50,0.0,256,76711
0.7109375,1,full_rule_bank_after_all,256,995d0614c6732e715268f23c96d86dabc8156586f2b3200fdf0c339ed9d85c62,1.0,1.0,0.017069341614842415,2128,easy,50,0.0,256,76711
0.728515625,18,mirror_bank_after_all,256,,0.0,1.0,0.08582906424999237,,easy,51,0.0,256,76711
0.728515625,1,full_rule_bank_after_all,256,995d0614c6732e715268f23c96d86dabc8156586f2b3200fdf0c339ed9d85c62,1.0,1.0,0.08898162096738815,2128,easy,51,0.0,256,76711
0.734375,18,mirror_bank_after_all,256,,0.0,1.0,0.018281135708093643,,easy,52,0.0,256,76711
0.734375,1,full_rule_bank_after_all,256,995d0614c6732e715268f23c96d86dabc8156586f2b3200fdf0c339ed9d85c62,1.0,1.0,0.022595353424549103,2128,easy,52,0.0,256,76711
0.72265625,18,mirror_bank_after_all,256,,0.0,1.0,0.10626640915870667,,easy,53,0.0,256,76711
0.70703125,1,full_rule_bank_after_all,256,995d0614c6732e715268f23c96d86dabc8156586f2b3200fdf0c339ed9d85c62,1.0,1.0,0.1256764829158783,2128,easy,53,0.0,256,76711
0.759765625,18,mirror_bank_after_all,256,,0.0,1.0,0.2098621428012848,,easy,54,0.0,256,76711
0.759765625,1,full_rule_bank_after_all,256,995d0614c6732e715268f23c96d86dabc8156586f2b3200fdf0c339ed9d85c62,1.0,1.0,0.23485876619815826,2128,easy,54,0.0,256,76711
0.66015625,18,mirror_bank_after_all,256,,0.0,1.0,0.03446577489376068,,easy,55,0.0,256,76711
0.66015625,1,full_rule_bank_after_all,256,995d0614c6732e715268f23c96d86dabc8156586f2b3200fdf0c339ed9d85c62,1.0,1.0,0.0462188720703125,2128,easy,55,0.0,256,76711
0.724609375,18,mirror_bank_after_all,256,,0.0,1.0,2.745670795440674,,hard,56,0.0,256,76711
0.75,1,full_rule_bank_after_all,256,995d0614c6732e715268f23c96d86dabc8156586f2b3200fdf0c339ed9d85c62,1.0,1.0,2.1264278888702393,2128,hard,56,0.0,256,76711
0.685546875,18,mirror_bank_after_all,256,,0.0,1.0,1.5062249898910522,,hard,57,0.0,256,76711
0.73828125,1,full_rule_bank_after_all,256,995d0614c6732e715268f23c96d86dabc8156586f2b3200fdf0c339ed9d85c62,1.0,1.0,0.930749773979187,2128,hard,57,0.0,256,76711
0.65625,18,mirror_bank_after_all,256,,0.0,1.0,2.848616600036621,,hard,58,0.0,256,76711
0.751953125,1,full_rule_bank_after_all,256,995d0614c6732e715268f23c96d86dabc8156586f2b3200fdf0c339ed9d85c62,1.0,1.0,1.7765331268310547,2128,hard,58,0.0,256,76711
0.6328125,18,mirror_bank_after_all,256,,0.0,1.0,2.607236862182617,,hard,59,0.0,256,76711
0.6875,1,full_rule_bank_after_all,256,995d0614c6732e715268f23c96d86dabc8156586f2b3200fdf0c339ed9d85c62,1.0,1.0,1.1955747604370117,2128,hard,59,0.0,256,76711
0.630859375,18,mirror_bank_after_all,256,,0.0,1.0,1.607270359992981,,hard,60,0.0,256,76711
0.72265625,1,full_rule_bank_after_all,256,995d0614c6732e715268f23c96d86dabc8156586f2b3200fdf0c339ed9d85c62,1.0,1.0,0.8023459911346436,2128,hard,60,0.0,256,76711
0.77734375,18,mirror_bank_after_all,256,,0.0,1.0,0.038963109254837036,,easy,61,0.0,256,76711
0.77734375,1,full_rule_bank_after_all,256,995d0614c6732e715268f23c96d86dabc8156586f2b3200fdf0c339ed9d85c62,1.0,1.0,0.04445448890328407,2128,easy,61,0.0,256,76711
0.736328125,18,mirror_bank_after_all,256,,0.0,1.0,0.007273118942975998,,easy,62,0.0,256,76711
0.736328125,1,full_rule_bank_after_all,256,995d0614c6732e715268f23c96d86dabc8156586f2b3200fdf0c339ed9d85c62,1.0,1.0,0.01696096733212471,2128,easy,62,0.0,256,76711
0.703125,18,mirror_bank_after_all,256,,0.0,1.0,0.021089809015393257,,easy,63,0.0,256,76711
0.703125,1,full_rule_bank_after_all,256,995d0614c6732e715268f23c96d86dabc8156586f2b3200fdf0c339ed9d85c62,1.0,1.0,0.04374709725379944,2128,easy,63,0.0,256,76711
0.759765625,18,mirror,0,5c9476efd9bee32580a770e74c724dcbec3f8badcfa9d6eeebff4dbc3dd8405f,,,,808,hard,0,0.0,0,76712
0.759765625,1,full_rule_bank,0,f23fdcb7d953f38821eb1b3773453e8ca886c59999f377fa142dd48aef5d6537,,,,2128,hard,0,0.0,0,76712
0.759765625,18,mirror,8,5c9476efd9bee32580a770e74c724dcbec3f8badcfa9d6eeebff4dbc3dd8405f,,,,808,hard,0,0.001250804812343631,8,76712
0.759765625,1,full_rule_bank,8,f23fdcb7d953f38821eb1b3773453e8ca886c59999f377fa142dd48aef5d6537,,,,2128,hard,0,0.0010053707812858192,8,76712
0.759765625,18,mirror,32,5c9476efd9bee32580a770e74c724dcbec3f8badcfa9d6eeebff4dbc3dd8405f,,,,808,hard,0,0.005003219249374524,32,76712
0.759765625,1,full_rule_bank,32,f23fdcb7d953f38821eb1b3773453e8ca886c59999f377fa142dd48aef5d6537,,,,2128,hard,0,0.004021483125143277,32,76712
0.759765625,18,mirror,64,5c9476efd9bee32580a770e74c724dcbec3f8badcfa9d6eeebff4dbc3dd8405f,,,,808,hard,0,0.010006438498749048,64,76712
0.759765625,1,full_rule_bank,64,f23fdcb7d953f38821eb1b3773453e8ca886c59999f377fa142dd48aef5d6537,,,,2128,hard,0,0.008042966250286554,64,76712
0.759765625,18,mirror,128,5c9476efd9bee32580a770e74c724dcbec3f8badcfa9d6eeebff4dbc3dd8405f,,,,808,hard,0,0.020012876997498097,128,76712
0.759765625,1,full_rule_bank,128,f23fdcb7d953f38821eb1b3773453e8ca886c59999f377fa142dd48aef5d6537,,,,2128,hard,0,0.016085932500573108,128,76712
0.759765625,18,mirror,256,5c9476efd9bee32580a770e74c724dcbec3f8badcfa9d6eeebff4dbc3dd8405f,,,2.5677096843719482,808,hard,0,0.040025753994996194,256,76712
0.759765625,1,full_rule_bank,256,f23fdcb7d953f38821eb1b3773453e8ca886c59999f377fa142dd48aef5d6537,,,1.7906014919281006,2128,hard,0,0.032171865001146216,256,76712
0.6796875,18,mirror,0,5c9476efd9bee32580a770e74c724dcbec3f8badcfa9d6eeebff4dbc3dd8405f,,,,808,hard,1,0.0,0,76712
0.6796875,1,full_rule_bank,0,f23fdcb7d953f38821eb1b3773453e8ca886c59999f377fa142dd48aef5d6537,,,,2128,hard,1,0.0,0,76712
0.6796875,18,mirror,8,5c9476efd9bee32580a770e74c724dcbec3f8badcfa9d6eeebff4dbc3dd8405f,,,,808,hard,1,0.001232214343644955,8,76712
0.6796875,1,full_rule_bank,8,f23fdcb7d953f38821eb1b3773453e8ca886c59999f377fa142dd48aef5d6537,,,,2128,hard,1,0.000991652624861672,8,76712
0.6796875,18,mirror,32,5c9476efd9bee32580a770e74c724dcbec3f8badcfa9d6eeebff4dbc3dd8405f,,,,808,hard,1,0.00492885737457982,32,76712
0.6796875,1,full_rule_bank,32,f23fdcb7d953f38821eb1b3773453e8ca886c59999f377fa142dd48aef5d6537,,,,2128,hard,1,0.003966610499446688,32,76712
0.6796875,18,mirror,64,5c9476efd9bee32580a770e74c724dcbec3f8badcfa9d6eeebff4dbc3dd8405f,,,,808,hard,1,0.00985771474915964,64,76712
0.6796875,1,full_rule_bank,64,f23fdcb7d953f38821eb1b3773453e8ca886c59999f377fa142dd48aef5d6537,,,,2128,hard,1,0.007933220998893376,64,76712
0.6796875,18,mirror,128,5c9476efd9bee32580a770e74c724dcbec3f8badcfa9d6eeebff4dbc3dd8405f,,,,808,hard,1,0.01971542949831928,128,76712
0.6796875,1,full_rule_bank,128,f23fdcb7d953f38821eb1b3773453e8ca886c59999f377fa142dd48aef5d6537,,,,2128,hard,1,0.01586644199778675,128,76712
0.6796875,18,mirror,256,5c9476efd9bee32580a770e74c724dcbec3f8badcfa9d6eeebff4dbc3dd8405f,,,4.075039863586426,808,hard,1,0.03943085899663856,256,76712
0.748046875,1,full_rule_bank,256,f23fdcb7d953f38821eb1b3773453e8ca886c59999f377fa142dd48aef5d6537,,,1.8308913707733154,2128,hard,1,0.0317328839955735,256,76712
0.775390625,18,mirror,0,5c9476efd9bee32580a770e74c724dcbec3f8badcfa9d6eeebff4dbc3dd8405f,,,,808,easy,2,0.0,0,76712
0.775390625,1,full_rule_bank,0,f23fdcb7d953f38821eb1b3773453e8ca886c59999f377fa142dd48aef5d6537,,,,2128,easy,2,0.0,0,76712
0.775390625,18,mirror,8,5c9476efd9bee32580a770e74c724dcbec3f8badcfa9d6eeebff4dbc3dd8405f,,,,808,easy,2,0.0012187190311578888,8,76712
0.775390625,1,full_rule_bank,8,f23fdcb7d953f38821eb1b3773453e8ca886c59999f377fa142dd48aef5d6537,,,,2128,easy,2,0.001004624968572898,8,76712
0.775390625,18,mirror,32,5c9476efd9bee32580a770e74c724dcbec3f8badcfa9d6eeebff4dbc3dd8405f,,,,808,easy,2,0.004874876124631555,32,76712
0.775390625,1,full_rule_bank,32,f23fdcb7d953f38821eb1b3773453e8ca886c59999f377fa142dd48aef5d6537,,,,2128,easy,2,0.004018499874291592,32,76712
0.775390625,18,mirror,64,5c9476efd9bee32580a770e74c724dcbec3f8badcfa9d6eeebff4dbc3dd8405f,,,,808,easy,2,0.00974975224926311,64,76712
0.775390625,1,full_rule_bank,64,f23fdcb7d953f38821eb1b3773453e8ca886c59999f377fa142dd48aef5d6537,,,,2128,easy,2,0.008036999748583185,64,76712
0.775390625,18,mirror,128,5c9476efd9bee32580a770e74c724dcbec3f8badcfa9d6eeebff4dbc3dd8405f,,,,808,easy,2,0.01949950449852622,128,76712
0.775390625,1,full_rule_bank,128,f23fdcb7d953f38821eb1b3773453e8ca886c59999f377fa142dd48aef5d6537,,,,2128,easy,2,0.01607399949716637,128,76712
0.775390625,18,mirror,256,5c9476efd9bee32580a770e74c724dcbec3f8badcfa9d6eeebff4dbc3dd8405f,,,0.005590822547674179,808,easy,2,0.03899900899705244,256,76712
0.775390625,1,full_rule_bank,256,f23fdcb7d953f38821eb1b3773453e8ca886c59999f377fa142dd48aef5d6537,,,0.02493150159716606,2128,easy,2,0.03214799899433274,256,76712
0.66796875,18,mirror,0,5c9476efd9bee32580a770e74c724dcbec3f8badcfa9d6eeebff4dbc3dd8405f,,,,808,hard,3,0.0,0,76712
0.66796875,1,full_rule_bank,0,f23fdcb7d953f38821eb1b3773453e8ca886c59999f377fa142dd48aef5d6537,,,,2128,hard,3,0.0,0,76712
0.66796875,18,mirror,8,5c9476efd9bee32580a770e74c724dcbec3f8badcfa9d6eeebff4dbc3dd8405f,,,,808,hard,3,0.0012414685936619207,8,76712
0.66796875,1,full_rule_bank,8,f23fdcb7d953f38821eb1b3773453e8ca886c59999f377fa142dd48aef5d6537,,,,2128,hard,3,0.0009951144063506945,8,76712
0.66796875,18,mirror,32,5c9476efd9bee32580a770e74c724dcbec3f8badcfa9d6eeebff4dbc3dd8405f,,,,808,hard,3,0.004965874374647683,32,76712
0.66796875,1,full_rule_bank,32,f23fdcb7d953f38821eb1b3773453e8ca886c59999f377fa142dd48aef5d6537,,,,2128,hard,3,0.003980457625402778,32,76712
0.66796875,18,mirror,64,5c9476efd9bee32580a770e74c724dcbec3f8badcfa9d6eeebff4dbc3dd8405f,,,,808,hard,3,0.009931748749295366,64,76712
0.66796875,1,full_rule_bank,64,f23fdcb7d953f38821eb1b3773453e8ca886c59999f377fa142dd48aef5d6537,,,,2128,hard,3,0.007960915250805556,64,76712
0.66796875,18,mirror,128,5c9476efd9bee32580a770e74c724dcbec3f8badcfa9d6eeebff4dbc3dd8405f,,,,808,hard,3,0.019863497498590732,128,76712
0.66796875,1,full_rule_bank,128,f23fdcb7d953f38821eb1b3773453e8ca886c59999f377fa142dd48aef5d6537,,,,2128,hard,3,0.01592183050161111,128,76712
0.66796875,18,mirror,256,5c9476efd9bee32580a770e74c724dcbec3f8badcfa9d6eeebff4dbc3dd8405f,,,1.58310067653656,808,hard,3,0.039726994997181464,256,76712
0.66796875,1,full_rule_bank,256,f23fdcb7d953f38821eb1b3773453e8ca886c59999f377fa142dd48aef5d6537,,,0.9604958891868591,2128,hard,3,0.03184366100322222,256,76712
0.810546875,18,mirror,0,5c9476efd9bee32580a770e74c724dcbec3f8badcfa9d6eeebff4dbc3dd8405f,,,,808,hard,4,0.0,0,76712
0.810546875,1,full_rule_bank,0,f23fdcb7d953f38821eb1b3773453e8ca886c59999f377fa142dd48aef5d6537,,,,2128,hard,4,0.0,0,76712
0.810546875,18,mirror,8,5c9476efd9bee32580a770e74c724dcbec3f8badcfa9d6eeebff4dbc3dd8405f,,,,808,hard,4,0.0012292868125314271,8,76712
0.810546875,1,full_rule_bank,8,f23fdcb7d953f38821eb1b3773453e8ca886c59999f377fa142dd48aef5d6537,,,,2128,hard,4,0.0010047072812540137,8,76712
0.810546875,18,mirror,32,5c9476efd9bee32580a770e74c724dcbec3f8badcfa9d6eeebff4dbc3dd8405f,,,,808,hard,4,0.0049171472501257085,32,76712
0.810546875,1,full_rule_bank,32,f23fdcb7d953f38821eb1b3773453e8ca886c59999f377fa142dd48aef5d6537,,,,2128,hard,4,0.004018829125016055,32,76712
0.810546875,18,mirror,64,5c9476efd9bee32580a770e74c724dcbec3f8badcfa9d6eeebff4dbc3dd8405f,,,,808,hard,4,0.009834294500251417,64,76712
0.810546875,1,full_rule_bank,64,f23fdcb7d953f38821eb1b3773453e8ca886c59999f377fa142dd48aef5d6537,,,,2128,hard,4,0.00803765825003211,64,76712
0.810546875,18,mirror,128,5c9476efd9bee32580a770e74c724dcbec3f8badcfa9d6eeebff4dbc3dd8405f,,,,808,hard,4,0.019668589000502834,128,76712
0.810546875,1,full_rule_bank,128,f23fdcb7d953f38821eb1b3773453e8ca886c59999f377fa142dd48aef5d6537,,,,2128,hard,4,0.01607531650006422,128,76712
0.810546875,18,mirror,256,5c9476efd9bee32580a770e74c724dcbec3f8badcfa9d6eeebff4dbc3dd8405f,,,0.678087592124939,808,hard,4,0.03933717800100567,256,76712
0.810546875,1,full_rule_bank,256,f23fdcb7d953f38821eb1b3773453e8ca886c59999f377fa142dd48aef5d6537,,,0.37499600648880005,2128,hard,4,0.03215063300012844,256,76712
0.908203125,18,mirror,0,5c9476efd9bee32580a770e74c724dcbec3f8badcfa9d6eeebff4dbc3dd8405f,,,,808,hard,5,0.0,0,76712
0.908203125,1,full_rule_bank,0,f23fdcb7d953f38821eb1b3773453e8ca886c59999f377fa142dd48aef5d6537,,,,2128,hard,5,0.0,0,76712
0.908203125,18,mirror,8,5c9476efd9bee32580a770e74c724dcbec3f8badcfa9d6eeebff4dbc3dd8405f,,,,808,hard,5,0.0012257862188107538,8,76712
0.908203125,1,full_rule_bank,8,f23fdcb7d953f38821eb1b3773453e8ca886c59999f377fa142dd48aef5d6537,,,,2128,hard,5,0.0009984597500078962,8,76712
0.908203125,18,mirror,32,5c9476efd9bee32580a770e74c724dcbec3f8badcfa9d6eeebff4dbc3dd8405f,,,,808,hard,5,0.004903144875243015,32,76712
0.908203125,1,full_rule_bank,32,f23fdcb7d953f38821eb1b3773453e8ca886c59999f377fa142dd48aef5d6537,,,,2128,hard,5,0.003993839000031585,32,76712
0.908203125,18,mirror,64,5c9476efd9bee32580a770e74c724dcbec3f8badcfa9d6eeebff4dbc3dd8405f,,,,808,hard,5,0.00980628975048603,64,76712
0.908203125,1,full_rule_bank,64,f23fdcb7d953f38821eb1b3773453e8ca886c59999f377fa142dd48aef5d6537,,,,2128,hard,5,0.00798767800006317,64,76712
0.908203125,18,mirror,128,5c9476efd9bee32580a770e74c724dcbec3f8badcfa9d6eeebff4dbc3dd8405f,,,,808,hard,5,0.01961257950097206,128,76712
0.908203125,1,full_rule_bank,128,f23fdcb7d953f38821eb1b3773453e8ca886c59999f377fa142dd48aef5d6537,,,,2128,hard,5,0.01597535600012634,128,76712
0.908203125,18,mirror,256,5c9476efd9bee32580a770e74c724dcbec3f8badcfa9d6eeebff4dbc3dd8405f,,,1.5894469022750854,808,hard,5,0.03922515900194412,256,76712
0.908203125,1,full_rule_bank,256,f23fdcb7d953f38821eb1b3773453e8ca886c59999f377fa142dd48aef5d6537,,,1.1780781745910645,2128,hard,5,0.03195071200025268,256,76712
0.794921875,18,mirror,0,5c9476efd9bee32580a770e74c724dcbec3f8badcfa9d6eeebff4dbc3dd8405f,,,,808,easy,6,0.0,0,76712
0.794921875,1,full_rule_bank,0,f23fdcb7d953f38821eb1b3773453e8ca886c59999f377fa142dd48aef5d6537,,,,2128,easy,6,0.0,0,76712
0.794921875,18,mirror,8,5c9476efd9bee32580a770e74c724dcbec3f8badcfa9d6eeebff4dbc3dd8405f,,,,808,easy,6,0.0012391219374876528,8,76712
0.794921875,1,full_rule_bank,8,f23fdcb7d953f38821eb1b3773453e8ca886c59999f377fa142dd48aef5d6537,,,,2128,easy,6,0.0010067294062992005,8,76712
0.794921875,18,mirror,32,5c9476efd9bee32580a770e74c724dcbec3f8badcfa9d6eeebff4dbc3dd8405f,,,,808,easy,6,0.004956487749950611,32,76712
0.794921875,1,full_rule_bank,32,f23fdcb7d953f38821eb1b3773453e8ca886c59999f377fa142dd48aef5d6537,,,,2128,easy,6,0.004026917625196802,32,76712
0.794921875,18,mirror,64,5c9476efd9bee32580a770e74c724dcbec3f8badcfa9d6eeebff4dbc3dd8405f,,,,808,easy,6,0.009912975499901222,64,76712
0.794921875,1,full_rule_bank,64,f23fdcb7d953f38821eb1b3773453e8ca886c59999f377fa142dd48aef5d6537,,,,2128,easy,6,0.008053835250393604,64,76712
0.794921875,18,mirror,128,5c9476efd9bee32580a770e74c724dcbec3f8badcfa9d6eeebff4dbc3dd8405f,,,,808,easy,6,0.019825950999802444,128,76712
0.794921875,1,full_rule_bank,128,f23fdcb7d953f38821eb1b3773453e8ca886c59999f377fa142dd48aef5d6537,,,,2128,easy,6,0.016107670500787208,128,76712
0.794921875,18,mirror,256,5c9476efd9bee32580a770e74c724dcbec3f8badcfa9d6eeebff4dbc3dd8405f,,,0.03096962533891201,808,easy,6,0.03965190199960489,256,76712
0.794921875,1,full_rule_bank,256,f23fdcb7d953f38821eb1b3773453e8ca886c59999f377fa142dd48aef5d6537,,,0.04103658348321915,2128,easy,6,0.032215341001574416,256,76712
0.833984375,18,mirror,0,5c9476efd9bee32580a770e74c724dcbec3f8badcfa9d6eeebff4dbc3dd8405f,,,,808,easy,7,0.0,0,76712
0.833984375,1,full_rule_bank,0,f23fdcb7d953f38821eb1b3773453e8ca886c59999f377fa142dd48aef5d6537,,,,2128,easy,7,0.0,0,76712
0.833984375,18,mirror,8,5c9476efd9bee32580a770e74c724dcbec3f8badcfa9d6eeebff4dbc3dd8405f,,,,808,easy,7,0.0012368823124688788,8,76712
0.833984375,1,full_rule_bank,8,f23fdcb7d953f38821eb1b3773453e8ca886c59999f377fa142dd48aef5d6537,,,,2128,easy,7,0.0010002690626151889,8,76712
0.833984375,18,mirror,32,5c9476efd9bee32580a770e74c724dcbec3f8badcfa9d6eeebff4dbc3dd8405f,,,,808,easy,7,0.004947529249875515,32,76712
0.833984375,1,full_rule_bank,32,f23fdcb7d953f38821eb1b3773453e8ca886c59999f377fa142dd48aef5d6537,,,,2128,easy,7,0.0040010762504607555,32,76712
0.833984375,18,mirror,64,5c9476efd9bee32580a770e74c724dcbec3f8badcfa9d6eeebff4dbc3dd8405f,,,,808,easy,7,0.00989505849975103,64,76712
0.833984375,1,full_rule_bank,64,f23fdcb7d953f38821eb1b3773453e8ca886c59999f377fa142dd48aef5d6537,,,,2128,easy,7,0.008002152500921511,64,76712
0.833984375,18,mirror,128,5c9476efd9bee32580a770e74c724dcbec3f8badcfa9d6eeebff4dbc3dd8405f,,,,808,easy,7,0.01979011699950206,128,76712
0.833984375,1,full_rule_bank,128,f23fdcb7d953f38821eb1b3773453e8ca886c59999f377fa142dd48aef5d6537,,,,2128,easy,7,0.016004305001843022,128,76712
0.833984375,18,mirror,256,5c9476efd9bee32580a770e74c724dcbec3f8badcfa9d6eeebff4dbc3dd8405f,,,0.013955757021903992,808,easy,7,0.03958023399900412,256,76712
0.833984375,1,full_rule_bank,256,f23fdcb7d953f38821eb1b3773453e8ca886c59999f377fa142dd48aef5d6537,,,0.024841252714395523,2128,easy,7,0.032008610003686044,256,76712
0.826171875,18,mirror,0,5c9476efd9bee32580a770e74c724dcbec3f8badcfa9d6eeebff4dbc3dd8405f,,,,808,easy,8,0.0,0,76712
0.826171875,1,full_rule_bank,0,f23fdcb7d953f38821eb1b3773453e8ca886c59999f377fa142dd48aef5d6537,,,,2128,easy,8,0.0,0,76712
0.826171875,18,mirror,8,5c9476efd9bee32580a770e74c724dcbec3f8badcfa9d6eeebff4dbc3dd8405f,,,,808,easy,8,0.0012370825936613983,8,76712
0.826171875,1,full_rule_bank,8,f23fdcb7d953f38821eb1b3773453e8ca886c59999f377fa142dd48aef5d6537,,,,2128,easy,8,0.0009999801561662025,8,76712
0.826171875,18,mirror,32,5c9476efd9bee32580a770e74c724dcbec3f8badcfa9d6eeebff4dbc3dd8405f,,,,808,easy,8,0.004948330374645593,32,76712
0.826171875,1,full_rule_bank,32,f23fdcb7d953f38821eb1b3773453e8ca886c59999f377fa142dd48aef5d6537,,,,2128,easy,8,0.00399992062466481,32,76712
0.826171875,18,mirror,64,5c9476efd9bee32580a770e74c724dcbec3f8badcfa9d6eeebff4dbc3dd8405f,,,,808,easy,8,0.009896660749291186,64,76712
0.826171875,1,full_rule_bank,64,f23fdcb7d953f38821eb1b3773453e8ca886c59999f377fa142dd48aef5d6537,,,,2128,easy,8,0.00799984124932962,64,76712
0.826171875,18,mirror,128,5c9476efd9bee32580a770e74c724dcbec3f8badcfa9d6eeebff4dbc3dd8405f,,,,808,easy,8,0.019793321498582372,128,76712
0.826171875,1,full_rule_bank,128,f23fdcb7d953f38821eb1b3773453e8ca886c59999f377fa142dd48aef5d6537,,,,2128,easy,8,0.01599968249865924,128,76712
0.826171875,18,mirror,256,5c9476efd9bee32580a770e74c724dcbec3f8badcfa9d6eeebff4dbc3dd8405f,,,0.01889106258749962,808,easy,8,0.039586642997164745,256,76712
0.826171875,1,full_rule_bank,256,f23fdcb7d953f38821eb1b3773453e8ca886c59999f377fa142dd48aef5d6537,,,0.03782449662685394,2128,easy,8,0.03199936499731848,256,76712
0.8984375,18,mirror,0,5c9476efd9bee32580a770e74c724dcbec3f8badcfa9d6eeebff4dbc3dd8405f,,,,808,hard,9,0.0,0,76712
0.8984375,1,full_rule_bank,0,f23fdcb7d953f38821eb1b3773453e8ca886c59999f377fa142dd48aef5d6537,,,,2128,hard,9,0.0,0,76712
0.8984375,18,mirror,8,5c9476efd9bee32580a770e74c724dcbec3f8badcfa9d6eeebff4dbc3dd8405f,,,,808,hard,9,0.0012325517186582147,8,76712
0.8984375,1,full_rule_bank,8,f23fdcb7d953f38821eb1b3773453e8ca886c59999f377fa142dd48aef5d6537,,,,2128,hard,9,0.001010359875181166,8,76712
0.8984375,18,mirror,32,5c9476efd9bee32580a770e74c724dcbec3f8badcfa9d6eeebff4dbc3dd8405f,,,,808,hard,9,0.004930206874632859,32,76712
0.8984375,1,full_rule_bank,32,f23fdcb7d953f38821eb1b3773453e8ca886c59999f377fa142dd48aef5d6537,,,,2128,hard,9,0.004041439500724664,32,76712
0.8984375,18,mirror,64,5c9476efd9bee32580a770e74c724dcbec3f8badcfa9d6eeebff4dbc3dd8405f,,,,808,hard,9,0.009860413749265717,64,76712
0.8984375,1,full_rule_bank,64,f23fdcb7d953f38821eb1b3773453e8ca886c59999f377fa142dd48aef5d6537,,,,2128,hard,9,0.008082879001449328,64,76712
0.8984375,18,mirror,128,5c9476efd9bee32580a770e74c724dcbec3f8badcfa9d6eeebff4dbc3dd8405f,,,,808,hard,9,0.019720827498531435,128,76712
0.8984375,1,full_rule_bank,128,f23fdcb7d953f38821eb1b3773453e8ca886c59999f377fa142dd48aef5d6537,,,,2128,hard,9,0.016165758002898656,128,76712
0.8984375,18,mirror,256,5c9476efd9bee32580a770e74c724dcbec3f8badcfa9d6eeebff4dbc3dd8405f,,,2.6432130336761475,808,hard,9,0.03944165499706287,256,76712
0.8984375,1,full_rule_bank,256,f23fdcb7d953f38821eb1b3773453e8ca886c59999f377fa142dd48aef5d6537,,,1.8044874668121338,2128,hard,9,0.03233151600579731,256,76712
0.8203125,18,mirror,0,5c9476efd9bee32580a770e74c724dcbec3f8badcfa9d6eeebff4dbc3dd8405f,,,,808,easy,10,0.0,0,76712
0.8203125,1,full_rule_bank,0,f23fdcb7d953f38821eb1b3773453e8ca886c59999f377fa142dd48aef5d6537,,,,2128,easy,10,0.0,0,76712
0.8203125,18,mirror,8,5c9476efd9bee32580a770e74c724dcbec3f8badcfa9d6eeebff4dbc3dd8405f,,,,808,easy,10,0.0012858315938046871,8,76712
0.8203125,1,full_rule_bank,8,f23fdcb7d953f38821eb1b3773453e8ca886c59999f377fa142dd48aef5d6537,,,,2128,easy,10,0.0010076013436446374,8,76712
0.8203125,18,mirror,32,5c9476efd9bee32580a770e74c724dcbec3f8badcfa9d6eeebff4dbc3dd8405f,,,,808,easy,10,0.005143326375218749,32,76712
0.8203125,1,full_rule_bank,32,f23fdcb7d953f38821eb1b3773453e8ca886c59999f377fa142dd48aef5d6537,,,,2128,easy,10,0.0040304053745785495,32,76712
0.8203125,18,mirror,64,5c9476efd9bee32580a770e74c724dcbec3f8badcfa9d6eeebff4dbc3dd8405f,,,,808,easy,10,0.010286652750437497,64,76712
0.8203125,1,full_rule_bank,64,f23fdcb7d953f38821eb1b3773453e8ca886c59999f377fa142dd48aef5d6537,,,,2128,easy,10,0.008060810749157099,64,76712
0.8203125,18,mirror,128,5c9476efd9bee32580a770e74c724dcbec3f8badcfa9d6eeebff4dbc3dd8405f,,,,808,easy,10,0.020573305500874994,128,76712
0.8203125,1,full_rule_bank,128,f23fdcb7d953f38821eb1b3773453e8ca886c59999f377fa142dd48aef5d6537,,,,2128,easy,10,0.016121621498314198,128,76712
0.8203125,18,mirror,256,5c9476efd9bee32580a770e74c724dcbec3f8badcfa9d6eeebff4dbc3dd8405f,,,0.036060456186532974,808,easy,10,0.04114661100174999,256,76712
0.8203125,1,full_rule_bank,256,f23fdcb7d953f38821eb1b3773453e8ca886c59999f377fa142dd48aef5d6537,,,0.05524317920207977,2128,easy,10,0.032243242996628396,256,76712
0.80859375,18,mirror,0,5c9476efd9bee32580a770e74c724dcbec3f8badcfa9d6eeebff4dbc3dd8405f,,,,808,easy,11,0.0,0,76712
0.80859375,1,full_rule_bank,0,f23fdcb7d953f38821eb1b3773453e8ca886c59999f377fa142dd48aef5d6537,,,,2128,easy,11,0.0,0,76712
0.80859375,18,mirror,8,5c9476efd9bee32580a770e74c724dcbec3f8badcfa9d6eeebff4dbc3dd8405f,,,,808,easy,11,0.0012320616249326122,8,76712
0.80859375,1,full_rule_bank,8,f23fdcb7d953f38821eb1b3773453e8ca886c59999f377fa142dd48aef5d6537,,,,2128,easy,11,0.0011626449686445994,8,76712
0.80859375,18,mirror,32,5c9476efd9bee32580a770e74c724dcbec3f8badcfa9d6eeebff4dbc3dd8405f,,,,808,easy,11,0.004928246499730449,32,76712
0.80859375,1,full_rule_bank,32,f23fdcb7d953f38821eb1b3773453e8ca886c59999f377fa142dd48aef5d6537,,,,2128,easy,11,0.004650579874578398,32,76712
0.80859375,18,mirror,64,5c9476efd9bee32580a770e74c724dcbec3f8badcfa9d6eeebff4dbc3dd8405f,,,,808,easy,11,0.009856492999460897,64,76712
0.80859375,1,full_rule_bank,64,f23fdcb7d953f38821eb1b3773453e8ca886c59999f377fa142dd48aef5d6537,,,,2128,easy,11,0.009301159749156795,64,76712
0.80859375,18,mirror,128,5c9476efd9bee32580a770e74c724dcbec3f8badcfa9d6eeebff4dbc3dd8405f,,,,808,easy,11,0.019712985998921795,128,76712
0.80859375,1,full_rule_bank,128,f23fdcb7d953f38821eb1b3773453e8ca886c59999f377fa142dd48aef5d6537,,,,2128,easy,11,0.01860231949831359,128,76712
0.80859375,18,mirror,256,5c9476efd9bee32580a770e74c724dcbec3f8badcfa9d6eeebff4dbc3dd8405f,,,0.033303532749414444,808,easy,11,0.03942597199784359,256,76712
0.80859375,1,full_rule_bank,256,f23fdcb7d953f38821eb1b3773453e8ca886c59999f377fa142dd48aef5d6537,,,0.04134266451001167,2128,easy,11,0.03720463899662718,256,76712
0.79296875,18,mirror,0,5c9476efd9bee32580a770e74c724dcbec3f8badcfa9d6eeebff4dbc3dd8405f,,,,808,easy,12,0.0,0,76712
0.79296875,1,full_rule_bank,0,f23fdcb7d953f38821eb1b3773453e8ca886c59999f377fa142dd48aef5d6537,,,,2128,easy,12,0.0,0,76712
0.79296875,18,mirror,8,5c9476efd9bee32580a770e74c724dcbec3f8badcfa9d6eeebff4dbc3dd8405f,,,,808,easy,12,0.001234250218658417,8,76712
0.79296875,1,full_rule_bank,8,f23fdcb7d953f38821eb1b3773453e8ca886c59999f377fa142dd48aef5d6537,,,,2128,easy,12,0.0010053260311906342,8,76712
0.79296875,18,mirror,32,5c9476efd9bee32580a770e74c724dcbec3f8badcfa9d6eeebff4dbc3dd8405f,,,,808,easy,12,0.004937000874633668,32,76712
0.79296875,1,full_rule_bank,32,f23fdcb7d953f38821eb1b3773453e8ca886c59999f377fa142dd48aef5d6537,,,,2128,easy,12,0.004021304124762537,32,76712
0.79296875,18,mirror,64,5c9476efd9bee32580a770e74c724dcbec3f8badcfa9d6eeebff4dbc3dd8405f,,,,808,easy,12,0.009874001749267336,64,76712
0.79296875,1,full_rule_bank,64,f23fdcb7d953f38821eb1b3773453e8ca886c59999f377fa142dd48aef5d6537,,,,2128,easy,12,0.008042608249525074,64,76712
0.79296875,18,mirror,128,5c9476efd9bee32580a770e74c724dcbec3f8badcfa9d6eeebff4dbc3dd8405f,,,,808,easy,12,0.019748003498534672,128,76712
0.79296875,1,full_rule_bank,128,f23fdcb7d953f38821eb1b3773453e8ca886c59999f377fa142dd48aef5d6537,,,,2128,easy,12,0.016085216499050148,128,76712
0.79296875,18,mirror,256,5c9476efd9bee32580a770e74c724dcbec3f8badcfa9d6eeebff4dbc3dd8405f,,,0.07789000868797302,808,easy,12,0.039496006997069344,256,76712
0.79296875,1,full_rule_bank,256,f23fdcb7d953f38821eb1b3773453e8ca886c59999f377fa142dd48aef5d6537,,,0.099249929189682,2128,easy,12,0.032170432998100296,256,76712
0.650390625,18,mirror,0,5c9476efd9bee32580a770e74c724dcbec3f8badcfa9d6eeebff4dbc3dd8405f,,,,808,hard,13,0.0,0,76712
0.650390625,1,full_rule_bank,0,f23fdcb7d953f38821eb1b3773453e8ca886c59999f377fa142dd48aef5d6537,,,,2128,hard,13,0.0,0,76712
0.650390625,18,mirror,8,5c9476efd9bee32580a770e74c724dcbec3f8badcfa9d6eeebff4dbc3dd8405f,,,,808,hard,13,0.0012574692186717584,8,76712
0.650390625,1,full_rule_bank,8,f23fdcb7d953f38821eb1b3773453e8ca886c59999f377fa142dd48aef5d6537,,,,2128,hard,13,0.0010025725312061695,8,76712
0.650390625,18,mirror,32,5c9476efd9bee32580a770e74c724dcbec3f8badcfa9d6eeebff4dbc3dd8405f,,,,808,hard,13,0.005029876874687034,32,76712
0.650390625,1,full_rule_bank,32,f23fdcb7d953f38821eb1b3773453e8ca886c59999f377fa142dd48aef5d6537,,,,2128,hard,13,0.004010290124824678,32,76712
0.650390625,18,mirror,64,5c9476efd9bee32580a770e74c724dcbec3f8badcfa9d6eeebff4dbc3dd8405f,,,,808,hard,13,0.010059753749374067,64,76712
0.650390625,1,full_rule_bank,64,f23fdcb7d953f38821eb1b3773453e8ca886c59999f377fa142dd48aef5d6537,,,,2128,hard,13,0.008020580249649356,64,76712
0.650390625,18,mirror,128,5c9476efd9bee32580a770e74c724dcbec3f8badcfa9d6eeebff4dbc3dd8405f,,,,808,hard,13,0.020119507498748135,128,76712
0.650390625,1,full_rule_bank,128,f23fdcb7d953f38821eb1b3773453e8ca886c59999f377fa142dd48aef5d6537,,,,2128,hard,13,0.016041160499298712,128,76712
0.650390625,18,mirror,256,5c9476efd9bee32580a770e74c724dcbec3f8badcfa9d6eeebff4dbc3dd8405f,,,2.3086533546447754,808,hard,13,0.04023901499749627,256,76712
0.650390625,1,full_rule_bank,256,f23fdcb7d953f38821eb1b3773453e8ca886c59999f377fa142dd48aef5d6537,,,0.7171987295150757,2128,hard,13,0.032082320998597424,256,76712
0.80078125,18,mirror,0,5c9476efd9bee32580a770e74c724dcbec3f8badcfa9d6eeebff4dbc3dd8405f,,,,808,easy,14,0.0,0,76712
0.80078125,1,full_rule_bank,0,f23fdcb7d953f38821eb1b3773453e8ca886c59999f377fa142dd48aef5d6537,,,,2128,easy,14,0.0,0,76712
0.80078125,18,mirror,8,5c9476efd9bee32580a770e74c724dcbec3f8badcfa9d6eeebff4dbc3dd8405f,,,,808,easy,14,0.0012916619061797974,8,76712
0.80078125,1,full_rule_bank,8,f23fdcb7d953f38821eb1b3773453e8ca886c59999f377fa142dd48aef5d6537,,,,2128,easy,14,0.0010019193437074136,8,76712
0.80078125,18,mirror,32,5c9476efd9bee32580a770e74c724dcbec3f8badcfa9d6eeebff4dbc3dd8405f,,,,808,easy,14,0.0051666476247191895,32,76712
0.80078125,1,full_rule_bank,32,f23fdcb7d953f38821eb1b3773453e8ca886c59999f377fa142dd48aef5d6537,,,,2128,easy,14,0.004007677374829655,32,76712
0.80078125,18,mirror,64,5c9476efd9bee32580a770e74c724dcbec3f8badcfa9d6eeebff4dbc3dd8405f,,,,808,easy,14,0.010333295249438379,64,76712
0.80078125,1,full_rule_bank,64,f23fdcb7d953f38821eb1b3773453e8ca886c59999f377fa142dd48aef5d6537,,,,2128,easy,14,0.00801535474965931,64,76712
0.80078125,18,mirror,128,5c9476efd9bee32580a770e74c724dcbec3f8badcfa9d6eeebff4dbc3dd8405f,,,,808,easy,14,0.020666590498876758,128,76712
0.80078125,1,full_rule_bank,128,f23fdcb7d953f38821eb1b3773453e8ca886c59999f377fa142dd48aef5d6537,,,,2128,easy,14,0.01603070949931862,128,76712
0.80078125,18,mirror,256,5c9476efd9bee32580a770e74c724dcbec3f8badcfa9d6eeebff4dbc3dd8405f,,,0.006744096986949444,808,easy,14,0.041333180997753516,256,76712
0.80078125,1,full_rule_bank,256,f23fdcb7d953f38821eb1b3773453e8ca886c59999f377fa142dd48aef5d6537,,,0.010044043883681297,2128,easy,14,0.03206141899863724,256,76712
0.818359375,18,mirror,0,5c9476efd9bee32580a770e74c724dcbec3f8badcfa9d6eeebff4dbc3dd8405f,,,,808,easy,15,0.0,0,76712
0.818359375,1,full_rule_bank,0,f23fdcb7d953f38821eb1b3773453e8ca886c59999f377fa142dd48aef5d6537,,,,2128,easy,15,0.0,0,76712
0.818359375,18,mirror,8,5c9476efd9bee32580a770e74c724dcbec3f8badcfa9d6eeebff4dbc3dd8405f,,,,808,easy,15,0.001224071781280145,8,76712
0.818359375,1,full_rule_bank,8,f23fdcb7d953f38821eb1b3773453e8ca886c59999f377fa142dd48aef5d6537,,,,2128,easy,15,0.0010037079687208461,8,76712
0.818359375,18,mirror,32,5c9476efd9bee32580a770e74c724dcbec3f8badcfa9d6eeebff4dbc3dd8405f,,,,808,easy,15,0.00489628712512058,32,76712
0.818359375,1,full_rule_bank,32,f23fdcb7d953f38821eb1b3773453e8ca886c59999f377fa142dd48aef5d6537,,,,2128,easy,15,0.0040148318748833844,32,76712
0.818359375,18,mirror,64,5c9476efd9bee32580a770e74c724dcbec3f8badcfa9d6eeebff4dbc3dd8405f,,,,808,easy,15,0.00979257425024116,64,76712
0.818359375,1,full_rule_bank,64,f23fdcb7d953f38821eb1b3773453e8ca886c59999f377fa142dd48aef5d6537,,,,2128,easy,15,0.008029663749766769,64,76712
0.818359375,18,mirror,128,5c9476efd9bee32580a770e74c724dcbec3f8badcfa9d6eeebff4dbc3dd8405f,,,,808,easy,15,0.01958514850048232,128,76712
0.818359375,1,full_rule_bank,128,f23fdcb7d953f38821eb1b3773453e8ca886c59999f377fa142dd48aef5d6537,,,,2128,easy,15,0.016059327499533538,128,76712
0.818359375,18,mirror,256,5c9476efd9bee32580a770e74c724dcbec3f8badcfa9d6eeebff4dbc3dd8405f,,,0.027906419709324837,808,easy,15,0.03917029700096464,256,76712
0.818359375,1,full_rule_bank,256,f23fdcb7d953f38821eb1b3773453e8ca886c59999f377fa142dd48aef5d6537,,,0.0413813516497612,2128,easy,15,0.032118654999067076,256,76712
0.705078125,18,mirror,0,5c9476efd9bee32580a770e74c724dcbec3f8badcfa9d6eeebff4dbc3dd8405f,,,,808,hard,16,0.0,0,76712
0.705078125,1,full_rule_bank,0,f23fdcb7d953f38821eb1b3773453e8ca886c59999f377fa142dd48aef5d6537,,,,2128,hard,16,0.0,0,76712
0.705078125,18,mirror,8,5c9476efd9bee32580a770e74c724dcbec3f8badcfa9d6eeebff4dbc3dd8405f,,,,808,hard,16,0.0012313474062466412,8,76712
0.705078125,1,full_rule_bank,8,f23fdcb7d953f38821eb1b3773453e8ca886c59999f377fa142dd48aef5d6537,,,,2128,hard,16,0.0010017888437232614,8,76712
0.705078125,18,mirror,32,5c9476efd9bee32580a770e74c724dcbec3f8badcfa9d6eeebff4dbc3dd8405f,,,,808,hard,16,0.004925389624986565,32,76712
0.705078125,1,full_rule_bank,32,f23fdcb7d953f38821eb1b3773453e8ca886c59999f377fa142dd48aef5d6537,,,,2128,hard,16,0.0040071553748930455,32,76712
0.705078125,18,mirror,64,5c9476efd9bee32580a770e74c724dcbec3f8badcfa9d6eeebff4dbc3dd8405f,,,,808,hard,16,0.00985077924997313,64,76712
0.705078125,1,full_rule_bank,64,f23fdcb7d953f38821eb1b3773453e8ca886c59999f377fa142dd48aef5d6537,,,,2128,hard,16,0.008014310749786091,64,76712
0.705078125,18,mirror,128,5c9476efd9bee32580a770e74c724dcbec3f8badcfa9d6eeebff4dbc3dd8405f,,,,808,hard,16,0.01970155849994626,128,76712
0.705078125,1,full_rule_bank,128,f23fdcb7d953f38821eb1b3773453e8ca886c59999f377fa142dd48aef5d6537,,,,2128,hard,16,0.016028621499572182,128,76712
0.705078125,18,mirror,256,5c9476efd9bee32580a770e74c724dcbec3f8badcfa9d6eeebff4dbc3dd8405f,,,1.0858228206634521,808,hard,16,0.03940311699989252,256,76712
0.705078125,1,full_rule_bank,256,f23fdcb7d953f38821eb1b3773453e8ca886c59999f377fa142dd48aef5d6537,,,0.7641393542289734,2128,hard,16,0.032057242999144364,256,76712
0.7421875,18,mirror,0,5c9476efd9bee32580a770e74c724dcbec3f8badcfa9d6eeebff4dbc3dd8405f,,,,808,hard,17,0.0,0,76712
0.7421875,1,full_rule_bank,0,f23fdcb7d953f38821eb1b3773453e8ca886c59999f377fa142dd48aef5d6537,,,,2128,hard,17,0.0,0,76712
0.7421875,18,mirror,8,5c9476efd9bee32580a770e74c724dcbec3f8badcfa9d6eeebff4dbc3dd8405f,,,,808,hard,17,0.0012460673749501439,8,76712
0.7421875,1,full_rule_bank,8,f23fdcb7d953f38821eb1b3773453e8ca886c59999f377fa142dd48aef5d6537,,,,2128,hard,17,0.001008547437550078,8,76712
0.7421875,18,mirror,32,5c9476efd9bee32580a770e74c724dcbec3f8badcfa9d6eeebff4dbc3dd8405f,,,,808,hard,17,0.004984269499800575,32,76712
0.7421875,1,full_rule_bank,32,f23fdcb7d953f38821eb1b3773453e8ca886c59999f377fa142dd48aef5d6537,,,,2128,hard,17,0.004034189750200312,32,76712
0.7421875,18,mirror,64,5c9476efd9bee32580a770e74c724dcbec3f8badcfa9d6eeebff4dbc3dd8405f,,,,808,hard,17,0.00996853899960115,64,76712
0.7421875,1,full_rule_bank,64,f23fdcb7d953f38821eb1b3773453e8ca886c59999f377fa142dd48aef5d6537,,,,2128,hard,17,0.008068379500400624,64,76712
0.7421875,18,mirror,128,5c9476efd9bee32580a770e74c724dcbec3f8badcfa9d6eeebff4dbc3dd8405f,,,,808,hard,17,0.0199370779992023,128,76712
0.7421875,1,full_rule_bank,128,f23fdcb7d953f38821eb1b3773453e8ca886c59999f377fa142dd48aef5d6537,,,,2128,hard,17,0.01613675900080125,128,76712
0.7421875,18,mirror,256,5c9476efd9bee32580a770e74c724dcbec3f8badcfa9d6eeebff4dbc3dd8405f,,,0.45133984088897705,808,hard,17,0.0398741559984046,256,76712
0.7421875,1,full_rule_bank,256,f23fdcb7d953f38821eb1b3773453e8ca886c59999f377fa142dd48aef5d6537,,,0.17624622583389282,2128,hard,17,0.0322735180016025,256,76712
0.728515625,18,mirror,0,5c9476efd9bee32580a770e74c724dcbec3f8badcfa9d6eeebff4dbc3dd8405f,,,,808,hard,18,0.0,0,76712
0.728515625,1,full_rule_bank,0,f23fdcb7d953f38821eb1b3773453e8ca886c59999f377fa142dd48aef5d6537,,,,2128,hard,18,0.0,0,76712
0.728515625,18,mirror,8,5c9476efd9bee32580a770e74c724dcbec3f8badcfa9d6eeebff4dbc3dd8405f,,,,808,hard,18,0.0012338342812654446,8,76712
0.728515625,1,full_rule_bank,8,f23fdcb7d953f38821eb1b3773453e8ca886c59999f377fa142dd48aef5d6537,,,,2128,hard,18,0.0010054271249373414,8,76712
0.728515625,18,mirror,32,5c9476efd9bee32580a770e74c724dcbec3f8badcfa9d6eeebff4dbc3dd8405f,,,,808,hard,18,0.004935337125061778,32,76712
0.728515625,1,full_rule_bank,32,f23fdcb7d953f38821eb1b3773453e8ca886c59999f377fa142dd48aef5d6537,,,,2128,hard,18,0.004021708499749366,32,76712
0.728515625,18,mirror,64,5c9476efd9bee32580a770e74c724dcbec3f8badcfa9d6eeebff4dbc3dd8405f,,,,808,hard,18,0.009870674250123557,64,76712
0.728515625,1,full_rule_bank,64,f23fdcb7d953f38821eb1b3773453e8ca886c59999f377fa142dd48aef5d6537,,,,2128,hard,18,0.008043416999498731,64,76712
0.728515625,18,mirror,128,5c9476efd9bee32580a770e74c724dcbec3f8badcfa9d6eeebff4dbc3dd8405f,,,,808,hard,18,0.019741348500247113,128,76712
0.728515625,1,full_rule_bank,128,f23fdcb7d953f38821eb1b3773453e8ca886c59999f377fa142dd48aef5d6537,,,,2128,hard,18,0.016086833998997463,128,76712
0.728515625,18,mirror,256,5c9476efd9bee32580a770e74c724dcbec3f8badcfa9d6eeebff4dbc3dd8405f,,,1.4958782196044922,808,hard,18,0.03948269700049423,256,76712
0.728515625,1,full_rule_bank,256,f23fdcb7d953f38821eb1b3773453e8ca886c59999f377fa142dd48aef5d6537,,,0.8674176931381226,2128,hard,18,0.032173667997994926,256,76712
0.798828125,18,mirror,0,5c9476efd9bee32580a770e74c724dcbec3f8badcfa9d6eeebff4dbc3dd8405f,,,,808,easy,19,0.0,0,76712
0.798828125,1,full_rule_bank,0,f23fdcb7d953f38821eb1b3773453e8ca886c59999f377fa142dd48aef5d6537,,,,2128,easy,19,0.0,0,76712
0.798828125,18,mirror,8,5c9476efd9bee32580a770e74c724dcbec3f8badcfa9d6eeebff4dbc3dd8405f,,,,808,easy,19,0.0012399970000842586,8,76712
0.798828125,1,full_rule_bank,8,f23fdcb7d953f38821eb1b3773453e8ca886c59999f377fa142dd48aef5d6537,,,,2128,easy,19,0.001005454343612655,8,76712
0.798828125,18,mirror,32,5c9476efd9bee32580a770e74c724dcbec3f8badcfa9d6eeebff4dbc3dd8405f,,,,808,easy,19,0.0049599880003370345,32,76712
0.798828125,1,full_rule_bank,32,f23fdcb7d953f38821eb1b3773453e8ca886c59999f377fa142dd48aef5d6537,,,,2128,easy,19,0.00402181737445062,32,76712
0.798828125,18,mirror,64,5c9476efd9bee32580a770e74c724dcbec3f8badcfa9d6eeebff4dbc3dd8405f,,,,808,easy,19,0.009919976000674069,64,76712
0.798828125,1,full_rule_bank,64,f23fdcb7d953f38821eb1b3773453e8ca886c59999f377fa142dd48aef5d6537,,,,2128,easy,19,0.00804363474890124,64,76712
0.798828125,18,mirror,128,5c9476efd9bee32580a770e74c724dcbec3f8badcfa9d6eeebff4dbc3dd8405f,,,,808,easy,19,0.019839952001348138,128,76712
0.798828125,1,full_rule_bank,128,f23fdcb7d953f38821eb1b3773453e8ca886c59999f377fa142dd48aef5d6537,,,,2128,easy,19,0.01608726949780248,128,76712
0.798828125,18,mirror,256,5c9476efd9bee32580a770e74c724dcbec3f8badcfa9d6eeebff4dbc3dd8405f,,,0.05010228604078293,808,easy,19,0.039679904002696276,256,76712
0.798828125,1,full_rule_bank,256,f23fdcb7d953f38821eb1b3773453e8ca886c59999f377fa142dd48aef5d6537,,,0.055936574935913086,2128,easy,19,0.03217453899560496,256,76712
0.740234375,18,mirror,0,5c9476efd9bee32580a770e74c724dcbec3f8badcfa9d6eeebff4dbc3dd8405f,,,,808,hard,20,0.0,0,76712
0.740234375,1,full_rule_bank,0,f23fdcb7d953f38821eb1b3773453e8ca886c59999f377fa142dd48aef5d6537,,,,2128,hard,20,0.0,0,76712
0.740234375,18,mirror,8,5c9476efd9bee32580a770e74c724dcbec3f8badcfa9d6eeebff4dbc3dd8405f,,,,808,hard,20,0.0012410539061420423,8,76712
0.740234375,1,full_rule_bank,8,f23fdcb7d953f38821eb1b3773453e8ca886c59999f377fa142dd48aef5d6537,,,,2128,hard,20,0.0010121957500359713,8,76712
0.740234375,18,mirror,32,5c9476efd9bee32580a770e74c724dcbec3f8badcfa9d6eeebff4dbc3dd8405f,,,,808,hard,20,0.004964215624568169,32,76712
0.740234375,1,full_rule_bank,32,f23fdcb7d953f38821eb1b3773453e8ca886c59999f377fa142dd48aef5d6537,,,,2128,hard,20,0.004048783000143885,32,76712
0.740234375,18,mirror,64,5c9476efd9bee32580a770e74c724dcbec3f8badcfa9d6eeebff4dbc3dd8405f,,,,808,hard,20,0.009928431249136338,64,76712
0.740234375,1,full_rule_bank,64,f23fdcb7d953f38821eb1b3773453e8ca886c59999f377fa142dd48aef5d6537,,,,2128,hard,20,0.00809756600028777,64,76712
0.740234375,18,mirror,128,5c9476efd9bee32580a770e74c724dcbec3f8badcfa9d6eeebff4dbc3dd8405f,,,,808,hard,20,0.019856862498272676,128,76712
0.740234375,1,full_rule_bank,128,f23fdcb7d953f38821eb1b3773453e8ca886c59999f377fa142dd48aef5d6537,,,,2128,hard,20,0.01619513200057554,128,76712
0.740234375,18,mirror,256,5c9476efd9bee32580a770e74c724dcbec3f8badcfa9d6eeebff4dbc3dd8405f,,,3.475327253341675,808,hard,20,0.03971372499654535,256,76712
0.81640625,1,full_rule_bank,256,f23fdcb7d953f38821eb1b3773453e8ca886c59999f377fa142dd48aef5d6537,,,2.1906347274780273,2128,hard,20,0.03239026400115108,256,76712
0.74609375,18,mirror,0,5c9476efd9bee32580a770e74c724dcbec3f8badcfa9d6eeebff4dbc3dd8405f,,,,808,hard,21,0.0,0,76712
0.74609375,1,full_rule_bank,0,f23fdcb7d953f38821eb1b3773453e8ca886c59999f377fa142dd48aef5d6537,,,,2128,hard,21,0.0,0,76712
0.74609375,18,mirror,8,5c9476efd9bee32580a770e74c724dcbec3f8badcfa9d6eeebff4dbc3dd8405f,,,,808,hard,21,0.0012372716562367714,8,76712
0.74609375,1,full_rule_bank,8,f23fdcb7d953f38821eb1b3773453e8ca886c59999f377fa142dd48aef5d6537,,,,2128,hard,21,0.0010073043124521064,8,76712
0.74609375,18,mirror,32,5c9476efd9bee32580a770e74c724dcbec3f8badcfa9d6eeebff4dbc3dd8405f,,,,808,hard,21,0.0049490866249470855,32,76712
0.74609375,1,full_rule_bank,32,f23fdcb7d953f38821eb1b3773453e8ca886c59999f377fa142dd48aef5d6537,,,,2128,hard,21,0.0040292172498084255,32,76712
0.74609375,18,mirror,64,5c9476efd9bee32580a770e74c724dcbec3f8badcfa9d6eeebff4dbc3dd8405f,,,,808,hard,21,0.009898173249894171,64,76712
0.74609375,1,full_rule_bank,64,f23fdcb7d953f38821eb1b3773453e8ca886c59999f377fa142dd48aef5d6537,,,,2128,hard,21,0.008058434499616851,64,76712
0.74609375,18,mirror,128,5c9476efd9bee32580a770e74c724dcbec3f8badcfa9d6eeebff4dbc3dd8405f,,,,808,hard,21,0.019796346499788342,128,76712
0.74609375,1,full_rule_bank,128,f23fdcb7d953f38821eb1b3773453e8ca886c59999f377fa142dd48aef5d6537,,,,2128,hard,21,0.016116868999233702,128,76712
0.74609375,18,mirror,256,5c9476efd9bee32580a770e74c724dcbec3f8badcfa9d6eeebff4dbc3dd8405f,,,2.062105655670166,808,hard,21,0.039592692999576684,256,76712
0.74609375,1,full_rule_bank,256,f23fdcb7d953f38821eb1b3773453e8ca886c59999f377fa142dd48aef5d6537,,,1.5218923091888428,2128,hard,21,0.032233737998467404,256,76712
0.826171875,18,mirror,0,5c9476efd9bee32580a770e74c724dcbec3f8badcfa9d6eeebff4dbc3dd8405f,,,,808,easy,22,0.0,0,76712
0.826171875,1,full_rule_bank,0,f23fdcb7d953f38821eb1b3773453e8ca886c59999f377fa142dd48aef5d6537,,,,2128,easy,22,0.0,0,76712
0.826171875,18,mirror,8,5c9476efd9bee32580a770e74c724dcbec3f8badcfa9d6eeebff4dbc3dd8405f,,,,808,easy,22,0.0012369248750019324,8,76712
0.826171875,1,full_rule_bank,8,f23fdcb7d953f38821eb1b3773453e8ca886c59999f377fa142dd48aef5d6537,,,,2128,easy,22,0.001006234875148948,8,76712
0.826171875,18,mirror,32,5c9476efd9bee32580a770e74c724dcbec3f8badcfa9d6eeebff4dbc3dd8405f,,,,808,easy,22,0.0049476995000077295,32,76712
0.826171875,1,full_rule_bank,32,f23fdcb7d953f38821eb1b3773453e8ca886c59999f377fa142dd48aef5d6537,,,,2128,easy,22,0.004024939500595792,32,76712
0.826171875,18,mirror,64,5c9476efd9bee32580a770e74c724dcbec3f8badcfa9d6eeebff4dbc3dd8405f,,,,808,easy,22,0.009895399000015459,64,76712
0.826171875,1,full_rule_bank,64,f23fdcb7d953f38821eb1b3773453e8ca886c59999f377fa142dd48aef5d6537,,,,2128,easy,22,0.008049879001191584,64,76712
0.826171875,18,mirror,128,5c9476efd9bee32580a770e74c724dcbec3f8badcfa9d6eeebff4dbc3dd8405f,,,,808,easy,22,0.019790798000030918,128,76712
0.826171875,1,full_rule_bank,128,f23fdcb7d953f38821eb1b3773453e8ca886c59999f377fa142dd48aef5d6537,,,,2128,easy,22,0.01609975800238317,128,76712
0.826171875,18,mirror,256,5c9476efd9bee32580a770e74c724dcbec3f8badcfa9d6eeebff4dbc3dd8405f,,,0.036605462431907654,808,easy,22,0.039581596000061836,256,76712
0.826171875,1,full_rule_bank,256,f23fdcb7d953f38821eb1b3773453e8ca886c59999f377fa142dd48aef5d6537,,,0.049277156591415405,2128,easy,22,0.03219951600476634,256,76712
0.806640625,18,mirror,0,5c9476efd9bee32580a770e74c724dcbec3f8badcfa9d6eeebff4dbc3dd8405f,,,,808,easy,23,0.0,0,76712
0.806640625,1,full_rule_bank,0,f23fdcb7d953f38821eb1b3773453e8ca886c59999f377fa142dd48aef5d6537,,,,2128,easy,23,0.0,0,76712
0.806640625,18,mirror,8,5c9476efd9bee32580a770e74c724dcbec3f8badcfa9d6eeebff4dbc3dd8405f,,,,808,easy,23,0.0012382011564113782,8,76712
0.806640625,1,full_rule_bank,8,f23fdcb7d953f38821eb1b3773453e8ca886c59999f377fa142dd48aef5d6537,,,,2128,easy,23,0.0010158240311284317,8,76712
0.806640625,18,mirror,32,5c9476efd9bee32580a770e74c724dcbec3f8badcfa9d6eeebff4dbc3dd8405f,,,,808,easy,23,0.004952804625645513,32,76712
0.806640625,1,full_rule_bank,32,f23fdcb7d953f38821eb1b3773453e8ca886c59999f377fa142dd48aef5d6537,,,,2128,easy,23,0.004063296124513727,32,76712
0.806640625,18,mirror,64,5c9476efd9bee32580a770e74c724dcbec3f8badcfa9d6eeebff4dbc3dd8405f,,,,808,easy,23,0.009905609251291025,64,76712
0.806640625,1,full_rule_bank,64,f23fdcb7d953f38821eb1b3773453e8ca886c59999f377fa142dd48aef5d6537,,,,2128,easy,23,0.008126592249027453,64,76712
0.806640625,18,mirror,128,5c9476efd9bee32580a770e74c724dcbec3f8badcfa9d6eeebff4dbc3dd8405f,,,,808,easy,23,0.01981121850258205,128,76712
0.806640625,1,full_rule_bank,128,f23fdcb7d953f38821eb1b3773453e8ca886c59999f377fa142dd48aef5d6537,,,,2128,easy,23,0.016253184498054907,128,76712
0.806640625,18,mirror,256,5c9476efd9bee32580a770e74c724dcbec3f8badcfa9d6eeebff4dbc3dd8405f,,,0.005167529918253422,808,easy,23,0.0396224370051641,256,76712
0.806640625,1,full_rule_bank,256,f23fdcb7d953f38821eb1b3773453e8ca886c59999f377fa142dd48aef5d6537,,,0.010779079049825668,2128,easy,23,0.03250636899610981,256,76712
0.791015625,18,mirror,0,5c9476efd9bee32580a770e74c724dcbec3f8badcfa9d6eeebff4dbc3dd8405f,,,,808,easy,24,0.0,0,76712
0.791015625,1,full_rule_bank,0,f23fdcb7d953f38821eb1b3773453e8ca886c59999f377fa142dd48aef5d6537,,,,2128,easy,24,0.0,0,76712
0.791015625,18,mirror,8,5c9476efd9bee32580a770e74c724dcbec3f8badcfa9d6eeebff4dbc3dd8405f,,,,808,easy,24,0.0012486421876474196,8,76712
0.791015625,1,full_rule_bank,8,f23fdcb7d953f38821eb1b3773453e8ca886c59999f377fa142dd48aef5d6537,,,,2128,easy,24,0.0010129706563475338,8,76712
0.791015625,18,mirror,32,5c9476efd9bee32580a770e74c724dcbec3f8badcfa9d6eeebff4dbc3dd8405f,,,,808,easy,24,0.0049945687505896785,32,76712
0.791015625,1,full_rule_bank,32,f23fdcb7d953f38821eb1b3773453e8ca886c59999f377fa142dd48aef5d6537,,,,2128,easy,24,0.004051882625390135,32,76712
0.791015625,18,mirror,64,5c9476efd9bee32580a770e74c724dcbec3f8badcfa9d6eeebff4dbc3dd8405f,,,,808,easy,24,0.009989137501179357,64,76712
0.791015625,1,full_rule_bank,64,f23fdcb7d953f38821eb1b3773453e8ca886c59999f377fa142dd48aef5d6537,,,,2128,easy,24,0.00810376525078027,64,76712
0.791015625,18,mirror,128,5c9476efd9bee32580a770e74c724dcbec3f8badcfa9d6eeebff4dbc3dd8405f,,,,808,easy,24,0.019978275002358714,128,76712
0.791015625,1,full_rule_bank,128,f23fdcb7d953f38821eb1b3773453e8ca886c59999f377fa142dd48aef5d6537,,,,2128,easy,24,0.01620753050156054,128,76712
0.791015625,18,mirror,256,5c9476efd9bee32580a770e74c724dcbec3f8badcfa9d6eeebff4dbc3dd8405f,,,0.011029812507331371,808,easy,24,0.03995655000471743,256,76712
0.791015625,1,full_rule_bank,256,f23fdcb7d953f38821eb1b3773453e8ca886c59999f377fa142dd48aef5d6537,,,0.014333546161651611,2128,easy,24,0.03241506100312108,256,76712
0.787109375,18,mirror,0,5c9476efd9bee32580a770e74c724dcbec3f8badcfa9d6eeebff4dbc3dd8405f,,,,808,easy,25,0.0,0,76712
0.787109375,1,full_rule_bank,0,f23fdcb7d953f38821eb1b3773453e8ca886c59999f377fa142dd48aef5d6537,,,,2128,easy,25,0.0,0,76712
0.787109375,18,mirror,8,5c9476efd9bee32580a770e74c724dcbec3f8badcfa9d6eeebff4dbc3dd8405f,,,,808,easy,25,0.0012449121875306446,8,76712
0.787109375,1,full_rule_bank,8,f23fdcb7d953f38821eb1b3773453e8ca886c59999f377fa142dd48aef5d6537,,,,2128,easy,25,0.0010044903749530931,8,76712
0.787109375,18,mirror,32,5c9476efd9bee32580a770e74c724dcbec3f8badcfa9d6eeebff4dbc3dd8405f,,,,808,easy,25,0.004979648750122578,32,76712
0.787109375,1,full_rule_bank,32,f23fdcb7d953f38821eb1b3773453e8ca886c59999f377fa142dd48aef5d6537,,,,2128,easy,25,0.0040179614998123725,32,76712
0.787109375,18,mirror,64,5c9476efd9bee32580a770e74c724dcbec3f8badcfa9d6eeebff4dbc3dd8405f,,,,808,easy,25,0.009959297500245157,64,76712
0.787109375,1,full_rule_bank,64,f23fdcb7d953f38821eb1b3773453e8ca886c59999f377fa142dd48aef5d6537,,,,2128,easy,25,0.008035922999624745,64,76712
0.787109375,18,mirror,128,5c9476efd9bee32580a770e74c724dcbec3f8badcfa9d6eeebff4dbc3dd8405f,,,,808,easy,25,0.019918595000490313,128,76712
0.787109375,1,full_rule_bank,128,f23fdcb7d953f38821eb1b3773453e8ca886c59999f377fa142dd48aef5d6537,,,,2128,easy,25,0.01607184599924949,128,76712
0.787109375,18,mirror,256,5c9476efd9bee32580a770e74c724dcbec3f8badcfa9d6eeebff4dbc3dd8405f,,,0.04144155979156494,808,easy,25,0.03983719000098063,256,76712
0.787109375,1,full_rule_bank,256,f23fdcb7d953f38821eb1b3773453e8ca886c59999f377fa142dd48aef5d6537,,,0.0595620721578598,2128,easy,25,0.03214369199849898,256,76712
0.814453125,18,mirror,0,5c9476efd9bee32580a770e74c724dcbec3f8badcfa9d6eeebff4dbc3dd8405f,,,,808,easy,26,0.0,0,76712
0.814453125,1,full_rule_bank,0,f23fdcb7d953f38821eb1b3773453e8ca886c59999f377fa142dd48aef5d6537,,,,2128,easy,26,0.0,0,76712
0.814453125,18,mirror,8,5c9476efd9bee32580a770e74c724dcbec3f8badcfa9d6eeebff4dbc3dd8405f,,,,808,easy,26,0.0012484907188081706,8,76712
0.814453125,1,full_rule_bank,8,f23fdcb7d953f38821eb1b3773453e8ca886c59999f377fa142dd48aef5d6537,,,,2128,easy,26,0.0009994305937652825,8,76712
0.814453125,18,mirror,32,5c9476efd9bee32580a770e74c724dcbec3f8badcfa9d6eeebff4dbc3dd8405f,,,,808,easy,26,0.0049939628752326826,32,76712
0.814453125,1,full_rule_bank,32,f23fdcb7d953f38821eb1b3773453e8ca886c59999f377fa142dd48aef5d6537,,,,2128,easy,26,0.00399772237506113,32,76712
0.814453125,18,mirror,64,5c9476efd9bee32580a770e74c724dcbec3f8badcfa9d6eeebff4dbc3dd8405f,,,,808,easy,26,0.009987925750465365,64,76712
0.814453125,1,full_rule_bank,64,f23fdcb7d953f38821eb1b3773453e8ca886c59999f377fa142dd48aef5d6537,,,,2128,easy,26,0.00799544475012226,64,76712
0.814453125,18,mirror,128,5c9476efd9bee32580a770e74c724dcbec3f8badcfa9d6eeebff4dbc3dd8405f,,,,808,easy,26,0.01997585150093073,128,76712
0.814453125,1,full_rule_bank,128,f23fdcb7d953f38821eb1b3773453e8ca886c59999f377fa142dd48aef5d6537,,,,2128,easy,26,0.01599088950024452,128,76712
0.814453125,18,mirror,256,5c9476efd9bee32580a770e74c724dcbec3f8badcfa9d6eeebff4dbc3dd8405f,,,0.014792688190937042,808,easy,26,0.03995170300186146,256,76712
0.814453125,1,full_rule_bank,256,f23fdcb7d953f38821eb1b3773453e8ca886c59999f377fa142dd48aef5d6537,,,0.02588728256523609,2128,easy,26,0.03198177900048904,256,76712
0.771484375,18,mirror,0,5c9476efd9bee32580a770e74c724dcbec3f8badcfa9d6eeebff4dbc3dd8405f,,,,808,easy,27,0.0,0,76712
0.771484375,1,full_rule_bank,0,f23fdcb7d953f38821eb1b3773453e8ca886c59999f377fa142dd48aef5d6537,,,,2128,easy,27,0.0,0,76712
0.771484375,18,mirror,8,5c9476efd9bee32580a770e74c724dcbec3f8badcfa9d6eeebff4dbc3dd8405f,,,,808,easy,27,0.0012397416248859372,8,76712
0.771484375,1,full_rule_bank,8,f23fdcb7d953f38821eb1b3773453e8ca886c59999f377fa142dd48aef5d6537,,,,2128,easy,27,0.0010067488126423996,8,76712
0.771484375,18,mirror,32,5c9476efd9bee32580a770e74c724dcbec3f8badcfa9d6eeebff4dbc3dd8405f,,,,808,easy,27,0.004958966499543749,32,76712
0.771484375,1,full_rule_bank,32,f23fdcb7d953f38821eb1b3773453e8ca886c59999f377fa142dd48aef5d6537,,,,2128,easy,27,0.004026995250569598,32,76712
0.771484375,18,mirror,64,5c9476efd9bee32580a770e74c724dcbec3f8badcfa9d6eeebff4dbc3dd8405f,,,,808,easy,27,0.009917932999087498,64,76712
0.771484375,1,full_rule_bank,64,f23fdcb7d953f38821eb1b3773453e8ca886c59999f377fa142dd48aef5d6537,,,,2128,easy,27,0.008053990501139197,64,76712
0.771484375,18,mirror,128,5c9476efd9bee32580a770e74c724dcbec3f8badcfa9d6eeebff4dbc3dd8405f,,,,808,easy,27,0.019835865998174995,128,76712
0.771484375,1,full_rule_bank,128,f23fdcb7d953f38821eb1b3773453e8ca886c59999f377fa142dd48aef5d6537,,,,2128,easy,27,0.016107981002278393,128,76712
0.771484375,18,mirror,256,5c9476efd9bee32580a770e74c724dcbec3f8badcfa9d6eeebff4dbc3dd8405f,,,0.024428054690361023,808,easy,27,0.03967173199634999,256,76712
0.771484375,1,full_rule_bank,256,f23fdcb7d953f38821eb1b3773453e8ca886c59999f377fa142dd48aef5d6537,,,0.038219351321458817,2128,easy,27,0.032215962004556786,256,76712
0.857421875,18,mirror,0,5c9476efd9bee32580a770e74c724dcbec3f8badcfa9d6eeebff4dbc3dd8405f,,,,808,hard,28,0.0,0,76712
0.857421875,1,full_rule_bank,0,f23fdcb7d953f38821eb1b3773453e8ca886c59999f377fa142dd48aef5d6537,,,,2128,hard,28,0.0,0,76712
0.857421875,18,mirror,8,5c9476efd9bee32580a770e74c724dcbec3f8badcfa9d6eeebff4dbc3dd8405f,,,,808,hard,28,0.0012488368438425823,8,76712
0.857421875,1,full_rule_bank,8,f23fdcb7d953f38821eb1b3773453e8ca886c59999f377fa142dd48aef5d6537,,,,2128,hard,28,0.0010122301562205394,8,76712
0.857421875,18,mirror,32,5c9476efd9bee32580a770e74c724dcbec3f8badcfa9d6eeebff4dbc3dd8405f,,,,808,hard,28,0.004995347375370329,32,76712
0.857421875,1,full_rule_bank,32,f23fdcb7d953f38821eb1b3773453e8ca886c59999f377fa142dd48aef5d6537,,,,2128,hard,28,0.004048920624882157,32,76712
0.857421875,18,mirror,64,5c9476efd9bee32580a770e74c724dcbec3f8badcfa9d6eeebff4dbc3dd8405f,,,,808,hard,28,0.009990694750740658,64,76712
0.857421875,1,full_rule_bank,64,f23fdcb7d953f38821eb1b3773453e8ca886c59999f377fa142dd48aef5d6537,,,,2128,hard,28,0.008097841249764315,64,76712
0.857421875,18,mirror,128,5c9476efd9bee32580a770e74c724dcbec3f8badcfa9d6eeebff4dbc3dd8405f,,,,808,hard,28,0.019981389501481317,128,76712
0.857421875,1,full_rule_bank,128,f23fdcb7d953f38821eb1b3773453e8ca886c59999f377fa142dd48aef5d6537,,,,2128,hard,28,0.01619568249952863,128,76712
0.857421875,18,mirror,256,5c9476efd9bee32580a770e74c724dcbec3f8badcfa9d6eeebff4dbc3dd8405f,,,1.5340957641601562,808,hard,28,0.039962779002962634,256,76712
0.857421875,1,full_rule_bank,256,f23fdcb7d953f38821eb1b3773453e8ca886c59999f377fa142dd48aef5d6537,,,1.0692225694656372,2128,hard,28,0.03239136499905726,256,76712
0.818359375,18,mirror,0,5c9476efd9bee32580a770e74c724dcbec3f8badcfa9d6eeebff4dbc3dd8405f,,,,808,easy,29,0.0,0,76712
0.818359375,1,full_rule_bank,0,f23fdcb7d953f38821eb1b3773453e8ca886c59999f377fa142dd48aef5d6537,,,,2128,easy,29,0.0,0,76712
0.818359375,18,mirror,8,5c9476efd9bee32580a770e74c724dcbec3f8badcfa9d6eeebff4dbc3dd8405f,,,,808,easy,29,0.0012515950625129335,8,76712
0.818359375,1,full_rule_bank,8,f23fdcb7d953f38821eb1b3773453e8ca886c59999f377fa142dd48aef5d6537,,,,2128,easy,29,0.001012606062431587,8,76712
0.818359375,18,mirror,32,5c9476efd9bee32580a770e74c724dcbec3f8badcfa9d6eeebff4dbc3dd8405f,,,,808,easy,29,0.005006380250051734,32,76712
0.818359375,1,full_rule_bank,32,f23fdcb7d953f38821eb1b3773453e8ca886c59999f377fa142dd48aef5d6537,,,,2128,easy,29,0.004050424249726348,32,76712
0.818359375,18,mirror,64,5c9476efd9bee32580a770e74c724dcbec3f8badcfa9d6eeebff4dbc3dd8405f,,,,808,easy,29,0.010012760500103468,64,76712
0.818359375,1,full_rule_bank,64,f23fdcb7d953f38821eb1b3773453e8ca886c59999f377fa142dd48aef5d6537,,,,2128,easy,29,0.008100848499452695,64,76712
0.818359375,18,mirror,128,5c9476efd9bee32580a770e74c724dcbec3f8badcfa9d6eeebff4dbc3dd8405f,,,,808,easy,29,0.020025521000206936,128,76712
0.818359375,1,full_rule_bank,128,f23fdcb7d953f38821eb1b3773453e8ca886c59999f377fa142dd48aef5d6537,,,,2128,easy,29,0.01620169699890539,128,76712
0.818359375,18,mirror,256,5c9476efd9bee32580a770e74c724dcbec3f8badcfa9d6eeebff4dbc3dd8405f,,,0.007802695967257023,808,easy,29,0.04005104200041387,256,76712
0.818359375,1,full_rule_bank,256,f23fdcb7d953f38821eb1b3773453e8ca886c59999f377fa142dd48aef5d6537,,,0.012265156954526901,2128,easy,29,0.03240339399781078,256,76712
0.759765625,18,mirror,0,5c9476efd9bee32580a770e74c724dcbec3f8badcfa9d6eeebff4dbc3dd8405f,,,,808,hard,30,0.0,0,76712
0.759765625,1,full_rule_bank,0,f23fdcb7d953f38821eb1b3773453e8ca886c59999f377fa142dd48aef5d6537,,,,2128,hard,30,0.0,0,76712
0.759765625,18,mirror,8,5c9476efd9bee32580a770e74c724dcbec3f8badcfa9d6eeebff4dbc3dd8405f,,,,808,hard,30,0.001231251968874858,8,76712
0.759765625,1,full_rule_bank,8,f23fdcb7d953f38821eb1b3773453e8ca886c59999f377fa142dd48aef5d6537,,,,2128,hard,30,0.0010025978749581554,8,76712
0.759765625,18,mirror,32,5c9476efd9bee32580a770e74c724dcbec3f8badcfa9d6eeebff4dbc3dd8405f,,,,808,hard,30,0.004925007875499432,32,76712
0.759765625,1,full_rule_bank,32,f23fdcb7d953f38821eb1b3773453e8ca886c59999f377fa142dd48aef5d6537,,,,2128,hard,30,0.004010391499832622,32,76712
0.759765625,18,mirror,64,5c9476efd9bee32580a770e74c724dcbec3f8badcfa9d6eeebff4dbc3dd8405f,,,,808,hard,30,0.009850015750998864,64,76712
0.759765625,1,full_rule_bank,64,f23fdcb7d953f38821eb1b3773453e8ca886c59999f377fa142dd48aef5d6537,,,,2128,hard,30,0.008020782999665244,64,76712
0.759765625,18,mirror,128,5c9476efd9bee32580a770e74c724dcbec3f8badcfa9d6eeebff4dbc3dd8405f,,,,808,hard,30,0.019700031501997728,128,76712
0.759765625,1,full_rule_bank,128,f23fdcb7d953f38821eb1b3773453e8ca886c59999f377fa142dd48aef5d6537,,,,2128,hard,30,0.016041565999330487,128,76712
0.759765625,18,mirror,256,5c9476efd9bee32580a770e74c724dcbec3f8badcfa9d6eeebff4dbc3dd8405f,,,4.092960357666016,808,hard,30,0.039400063003995456,256,76712
0.759765625,1,full_rule_bank,256,f23fdcb7d953f38821eb1b3773453e8ca886c59999f377fa142dd48aef5d6537,,,3.1873981952667236,2128,hard,30,0.032083131998660974,256,76712
0.8203125,18,mirror,0,5c9476efd9bee32580a770e74c724dcbec3f8badcfa9d6eeebff4dbc3dd8405f,,,,808,easy,31,0.0,0,76712
0.8203125,1,full_rule_bank,0,f23fdcb7d953f38821eb1b3773453e8ca886c59999f377fa142dd48aef5d6537,,,,2128,easy,31,0.0,0,76712
0.8203125,18,mirror,8,5c9476efd9bee32580a770e74c724dcbec3f8badcfa9d6eeebff4dbc3dd8405f,,,,808,easy,31,0.0012380036873764766,8,76712
0.8203125,1,full_rule_bank,8,f23fdcb7d953f38821eb1b3773453e8ca886c59999f377fa142dd48aef5d6537,,,,2128,easy,31,0.0010749173125077505,8,76712
0.8203125,18,mirror,32,5c9476efd9bee32580a770e74c724dcbec3f8badcfa9d6eeebff4dbc3dd8405f,,,,808,easy,31,0.004952014749505906,32,76712
0.8203125,1,full_rule_bank,32,f23fdcb7d953f38821eb1b3773453e8ca886c59999f377fa142dd48aef5d6537,,,,2128,easy,31,0.004299669250031002,32,76712
0.8203125,18,mirror,64,5c9476efd9bee32580a770e74c724dcbec3f8badcfa9d6eeebff4dbc3dd8405f,,,,808,easy,31,0.009904029499011813,64,76712
0.8203125,1,full_rule_bank,64,f23fdcb7d953f38821eb1b3773453e8ca886c59999f377fa142dd48aef5d6537,,,,2128,easy,31,0.008599338500062004,64,76712
0.8203125,18,mirror,128,5c9476efd9bee32580a770e74c724dcbec3f8badcfa9d6eeebff4dbc3dd8405f,,,,808,easy,31,0.019808058998023625,128,76712
0.8203125,1,full_rule_bank,128,f23fdcb7d953f38821eb1b3773453e8ca886c59999f377fa142dd48aef5d6537,,,,2128,easy,31,0.017198677000124007,128,76712
0.8203125,18,mirror,256,5c9476efd9bee32580a770e74c724dcbec3f8badcfa9d6eeebff4dbc3dd8405f,,,0.02907753176987171,808,easy,31,0.03961611799604725,256,76712
0.8203125,1,full_rule_bank,256,f23fdcb7d953f38821eb1b3773453e8ca886c59999f377fa142dd48aef5d6537,,,0.03566567599773407,2128,easy,31,0.034397354000248015,256,76712
0.642578125,18,mirror,0,5c9476efd9bee32580a770e74c724dcbec3f8badcfa9d6eeebff4dbc3dd8405f,,,,808,hard,32,0.0,0,76712
0.642578125,1,full_rule_bank,0,f23fdcb7d953f38821eb1b3773453e8ca886c59999f377fa142dd48aef5d6537,,,,2128,hard,32,0.0,0,76712
0.642578125,18,mirror,8,5c9476efd9bee32580a770e74c724dcbec3f8badcfa9d6eeebff4dbc3dd8405f,,,,808,hard,32,0.0012438443436622038,8,76712
0.642578125,1,full_rule_bank,8,f23fdcb7d953f38821eb1b3773453e8ca886c59999f377fa142dd48aef5d6537,,,,2128,hard,32,0.0010025815624885581,8,76712
0.642578125,18,mirror,32,5c9476efd9bee32580a770e74c724dcbec3f8badcfa9d6eeebff4dbc3dd8405f,,,,808,hard,32,0.004975377374648815,32,76712
0.642578125,1,full_rule_bank,32,f23fdcb7d953f38821eb1b3773453e8ca886c59999f377fa142dd48aef5d6537,,,,2128,hard,32,0.0040103262499542325,32,76712
0.642578125,18,mirror,64,5c9476efd9bee32580a770e74c724dcbec3f8badcfa9d6eeebff4dbc3dd8405f,,,,808,hard,32,0.00995075474929763,64,76712
0.642578125,1,full_rule_bank,64,f23fdcb7d953f38821eb1b3773453e8ca886c59999f377fa142dd48aef5d6537,,,,2128,hard,32,0.008020652499908465,64,76712
0.642578125,18,mirror,128,5c9476efd9bee32580a770e74c724dcbec3f8badcfa9d6eeebff4dbc3dd8405f,,,,808,hard,32,0.01990150949859526,128,76712
0.642578125,1,full_rule_bank,128,f23fdcb7d953f38821eb1b3773453e8ca886c59999f377fa142dd48aef5d6537,,,,2128,hard,32,0.01604130499981693,128,76712
0.642578125,18,mirror,256,5c9476efd9bee32580a770e74c724dcbec3f8badcfa9d6eeebff4dbc3dd8405f,,,3.757418155670166,808,hard,32,0.03980301899719052,256,76712
0.642578125,1,full_rule_bank,256,f23fdcb7d953f38821eb1b3773453e8ca886c59999f377fa142dd48aef5d6537,,,2.0754735469818115,2128,hard,32,0.03208260999963386,256,76712
0.853515625,18,mirror,0,5c9476efd9bee32580a770e74c724dcbec3f8badcfa9d6eeebff4dbc3dd8405f,,,,808,hard,33,0.0,0,76712
0.853515625,1,full_rule_bank,0,f23fdcb7d953f38821eb1b3773453e8ca886c59999f377fa142dd48aef5d6537,,,,2128,hard,33,0.0,0,76712
0.853515625,18,mirror,8,5c9476efd9bee32580a770e74c724dcbec3f8badcfa9d6eeebff4dbc3dd8405f,,,,808,hard,33,0.0012431289062533324,8,76712
0.853515625,1,full_rule_bank,8,f23fdcb7d953f38821eb1b3773453e8ca886c59999f377fa142dd48aef5d6537,,,,2128,hard,33,0.001010588312510663,8,76712
0.853515625,18,mirror,32,5c9476efd9bee32580a770e74c724dcbec3f8badcfa9d6eeebff4dbc3dd8405f,,,,808,hard,33,0.0049725156250133296,32,76712
0.853515625,1,full_rule_bank,32,f23fdcb7d953f38821eb1b3773453e8ca886c59999f377fa142dd48aef5d6537,,,,2128,hard,33,0.004042353250042652,32,76712
0.853515625,18,mirror,64,5c9476efd9bee32580a770e74c724dcbec3f8badcfa9d6eeebff4dbc3dd8405f,,,,808,hard,33,0.009945031250026659,64,76712
0.853515625,1,full_rule_bank,64,f23fdcb7d953f38821eb1b3773453e8ca886c59999f377fa142dd48aef5d6537,,,,2128,hard,33,0.008084706500085304,64,76712
0.853515625,18,mirror,128,5c9476efd9bee32580a770e74c724dcbec3f8badcfa9d6eeebff4dbc3dd8405f,,,,808,hard,33,0.019890062500053318,128,76712
0.853515625,1,full_rule_bank,128,f23fdcb7d953f38821eb1b3773453e8ca886c59999f377fa142dd48aef5d6537,,,,2128,hard,33,0.016169413000170607,128,76712
0.853515625,18,mirror,256,5c9476efd9bee32580a770e74c724dcbec3f8badcfa9d6eeebff4dbc3dd8405f,,,2.144366979598999,808,hard,33,0.039780125000106636,256,76712
0.853515625,1,full_rule_bank,256,f23fdcb7d953f38821eb1b3773453e8ca886c59999f377fa142dd48aef5d6537,,,1.5471365451812744,2128,hard,33,0.032338826000341214,256,76712
0.80859375,18,mirror,0,5c9476efd9bee32580a770e74c724dcbec3f8badcfa9d6eeebff4dbc3dd8405f,,,,808,hard,34,0.0,0,76712
0.80859375,1,full_rule_bank,0,f23fdcb7d953f38821eb1b3773453e8ca886c59999f377fa142dd48aef5d6537,,,,2128,hard,34,0.0,0,76712
0.80859375,18,mirror,8,5c9476efd9bee32580a770e74c724dcbec3f8badcfa9d6eeebff4dbc3dd8405f,,,,808,hard,34,0.0012441826563645009,8,76712
0.80859375,1,full_rule_bank,8,f23fdcb7d953f38821eb1b3773453e8ca886c59999f377fa142dd48aef5d6537,,,,2128,hard,34,0.0010283084372986195,8,76712
0.80859375,18,mirror,32,5c9476efd9bee32580a770e74c724dcbec3f8badcfa9d6eeebff4dbc3dd8405f,,,,808,hard,34,0.0049767306254580035,32,76712
0.80859375,1,full_rule_bank,32,f23fdcb7d953f38821eb1b3773453e8ca886c59999f377fa142dd48aef5d6537,,,,2128,hard,34,0.004113233749194478,32,76712
0.80859375,18,mirror,64,5c9476efd9bee32580a770e74c724dcbec3f8badcfa9d6eeebff4dbc3dd8405f,,,,808,hard,34,0.009953461250916007,64,76712
0.80859375,1,full_rule_bank,64,f23fdcb7d953f38821eb1b3773453e8ca886c59999f377fa142dd48aef5d6537,,,,2128,hard,34,0.008226467498388956,64,76712
0.80859375,18,mirror,128,5c9476efd9bee32580a770e74c724dcbec3f8badcfa9d6eeebff4dbc3dd8405f,,,,808,hard,34,0.019906922501832014,128,76712
0.80859375,1,full_rule_bank,128,f23fdcb7d953f38821eb1b3773453e8ca886c59999f377fa142dd48aef5d6537,,,,2128,hard,34,0.016452934996777913,128,76712
0.80859375,18,mirror,256,5c9476efd9bee32580a770e74c724dcbec3f8badcfa9d6eeebff4dbc3dd8405f,,,2.7509734630584717,808,hard,34,0.03981384500366403,256,76712
0.873046875,1,full_rule_bank,256,f23fdcb7d953f38821eb1b3773453e8ca886c59999f377fa142dd48aef5d6537,,,1.5620921850204468,2128,hard,34,0.032905869993555825,256,76712
0.845703125,18,mirror,0,5c9476efd9bee32580a770e74c724dcbec3f8badcfa9d6eeebff4dbc3dd8405f,,,,808,hard,35,0.0,0,76712
0.845703125,1,full_rule_bank,0,f23fdcb7d953f38821eb1b3773453e8ca886c59999f377fa142dd48aef5d6537,,,,2128,hard,35,0.0,0,76712
0.845703125,18,mirror,8,5c9476efd9bee32580a770e74c724dcbec3f8badcfa9d6eeebff4dbc3dd8405f,,,,808,hard,35,0.0012642644373954681,8,76712
0.845703125,1,full_rule_bank,8,f23fdcb7d953f38821eb1b3773453e8ca886c59999f377fa142dd48aef5d6537,,,,2128,hard,35,0.0010218618438102567,8,76712
0.845703125,18,mirror,32,5c9476efd9bee32580a770e74c724dcbec3f8badcfa9d6eeebff4dbc3dd8405f,,,,808,hard,35,0.0050570577495818725,32,76712
0.845703125,1,full_rule_bank,32,f23fdcb7d953f38821eb1b3773453e8ca886c59999f377fa142dd48aef5d6537,,,,2128,hard,35,0.004087447375241027,32,76712
0.845703125,18,mirror,64,5c9476efd9bee32580a770e74c724dcbec3f8badcfa9d6eeebff4dbc3dd8405f,,,,808,hard,35,0.010114115499163745,64,76712
0.845703125,1,full_rule_bank,64,f23fdcb7d953f38821eb1b3773453e8ca886c59999f377fa142dd48aef5d6537,,,,2128,hard,35,0.008174894750482053,64,76712
0.845703125,18,mirror,128,5c9476efd9bee32580a770e74c724dcbec3f8badcfa9d6eeebff4dbc3dd8405f,,,,808,hard,35,0.02022823099832749,128,76712
0.845703125,1,full_rule_bank,128,f23fdcb7d953f38821eb1b3773453e8ca886c59999f377fa142dd48aef5d6537,,,,2128,hard,35,0.016349789500964107,128,76712
0.845703125,18,mirror,256,5c9476efd9bee32580a770e74c724dcbec3f8badcfa9d6eeebff4dbc3dd8405f,,,0.5215376615524292,808,hard,35,0.04045646199665498,256,76712
0.845703125,1,full_rule_bank,256,f23fdcb7d953f38821eb1b3773453e8ca886c59999f377fa142dd48aef5d6537,,,0.3799681067466736,2128,hard,35,0.032699579001928214,256,76712
0.75390625,18,mirror,0,5c9476efd9bee32580a770e74c724dcbec3f8badcfa9d6eeebff4dbc3dd8405f,,,,808,hard,36,0.0,0,76712
0.75390625,1,full_rule_bank,0,f23fdcb7d953f38821eb1b3773453e8ca886c59999f377fa142dd48aef5d6537,,,,2128,hard,36,0.0,0,76712
0.75390625,18,mirror,8,5c9476efd9bee32580a770e74c724dcbec3f8badcfa9d6eeebff4dbc3dd8405f,,,,808,hard,36,0.001254197093885523,8,76712
0.75390625,1,full_rule_bank,8,f23fdcb7d953f38821eb1b3773453e8ca886c59999f377fa142dd48aef5d6537,,,,2128,hard,36,0.0009970579687887948,8,76712
0.75390625,18,mirror,32,5c9476efd9bee32580a770e74c724dcbec3f8badcfa9d6eeebff4dbc3dd8405f,,,,808,hard,36,0.005016788375542092,32,76712
0.75390625,1,full_rule_bank,32,f23fdcb7d953f38821eb1b3773453e8ca886c59999f377fa142dd48aef5d6537,,,,2128,hard,36,0.003988231875155179,32,76712
0.75390625,18,mirror,64,5c9476efd9bee32580a770e74c724dcbec3f8badcfa9d6eeebff4dbc3dd8405f,,,,808,hard,36,0.010033576751084183,64,76712
0.75390625,1,full_rule_bank,64,f23fdcb7d953f38821eb1b3773453e8ca886c59999f377fa142dd48aef5d6537,,,,2128,hard,36,0.007976463750310359,64,76712
0.75390625,18,mirror,128,5c9476efd9bee32580a770e74c724dcbec3f8badcfa9d6eeebff4dbc3dd8405f,,,,808,hard,36,0.020067153502168367,128,76712
0.75390625,1,full_rule_bank,128,f23fdcb7d953f38821eb1b3773453e8ca886c59999f377fa142dd48aef5d6537,,,,2128,hard,36,0.015952927500620717,128,76712
0.75390625,18,mirror,256,5c9476efd9bee32580a770e74c724dcbec3f8badcfa9d6eeebff4dbc3dd8405f,,,1.65146005153656,808,hard,36,0.04013430700433673,256,76712
0.75390625,1,full_rule_bank,256,f23fdcb7d953f38821eb1b3773453e8ca886c59999f377fa142dd48aef5d6537,,,0.9154313206672668,2128,hard,36,0.031905855001241434,256,76712
0.8125,18,mirror,0,5c9476efd9bee32580a770e74c724dcbec3f8badcfa9d6eeebff4dbc3dd8405f,,,,808,hard,37,0.0,0,76712
0.8125,1,full_rule_bank,0,f23fdcb7d953f38821eb1b3773453e8ca886c59999f377fa142dd48aef5d6537,,,,2128,hard,37,0.0,0,76712
0.8125,18,mirror,8,5c9476efd9bee32580a770e74c724dcbec3f8badcfa9d6eeebff4dbc3dd8405f,,,,808,hard,37,0.0012382587499359943,8,76712
0.8125,1,full_rule_bank,8,f23fdcb7d953f38821eb1b3773453e8ca886c59999f377fa142dd48aef5d6537,,,,2128,hard,37,0.001015713218748715,8,76712
0.8125,18,mirror,32,5c9476efd9bee32580a770e74c724dcbec3f8badcfa9d6eeebff4dbc3dd8405f,,,,808,hard,37,0.004953034999743977,32,76712
0.8125,1,full_rule_bank,32,f23fdcb7d953f38821eb1b3773453e8ca886c59999f377fa142dd48aef5d6537,,,,2128,hard,37,0.00406285287499486,32,76712
0.8125,18,mirror,64,5c9476efd9bee32580a770e74c724dcbec3f8badcfa9d6eeebff4dbc3dd8405f,,,,808,hard,37,0.009906069999487954,64,76712
0.8125,1,full_rule_bank,64,f23fdcb7d953f38821eb1b3773453e8ca886c59999f377fa142dd48aef5d6537,,,,2128,hard,37,0.00812570574998972,64,76712
0.8125,18,mirror,128,5c9476efd9bee32580a770e74c724dcbec3f8badcfa9d6eeebff4dbc3dd8405f,,,,808,hard,37,0.01981213999897591,128,76712
0.8125,1,full_rule_bank,128,f23fdcb7d953f38821eb1b3773453e8ca886c59999f377fa142dd48aef5d6537,,,,2128,hard,37,0.01625141149997944,128,76712
0.8125,18,mirror,256,5c9476efd9bee32580a770e74c724dcbec3f8badcfa9d6eeebff4dbc3dd8405f,,,0.8527320027351379,808,hard,37,0.03962427999795182,256,76712
0.8125,1,full_rule_bank,256,f23fdcb7d953f38821eb1b3773453e8ca886c59999f377fa142dd48aef5d6537,,,0.4556853771209717,2128,hard,37,0.03250282299995888,256,76712
0.796875,18,mirror,0,5c9476efd9bee32580a770e74c724dcbec3f8badcfa9d6eeebff4dbc3dd8405f,,,,808,easy,38,0.0,0,76712
0.796875,1,full_rule_bank,0,f23fdcb7d953f38821eb1b3773453e8ca886c59999f377fa142dd48aef5d6537,,,,2128,easy,38,0.0,0,76712
0.796875,18,mirror,8,5c9476efd9bee32580a770e74c724dcbec3f8badcfa9d6eeebff4dbc3dd8405f,,,,808,easy,38,0.0012325298437190213,8,76712
0.796875,1,full_rule_bank,8,f23fdcb7d953f38821eb1b3773453e8ca886c59999f377fa142dd48aef5d6537,,,,2128,easy,38,0.0010081458749482408,8,76712
0.796875,18,mirror,32,5c9476efd9bee32580a770e74c724dcbec3f8badcfa9d6eeebff4dbc3dd8405f,,,,808,easy,38,0.004930119374876085,32,76712
0.796875,1,full_rule_bank,32,f23fdcb7d953f38821eb1b3773453e8ca886c59999f377fa142dd48aef5d6537,,,,2128,easy,38,0.004032583499792963,32,76712
0.796875,18,mirror,64,5c9476efd9bee32580a770e74c724dcbec3f8badcfa9d6eeebff4dbc3dd8405f,,,,808,easy,38,0.00986023874975217,64,76712
0.796875,1,full_rule_bank,64,f23fdcb7d953f38821eb1b3773453e8ca886c59999f377fa142dd48aef5d6537,,,,2128,easy,38,0.008065166999585927,64,76712
0.796875,18,mirror,128,5c9476efd9bee32580a770e74c724dcbec3f8badcfa9d6eeebff4dbc3dd8405f,,,,808,easy,38,0.01972047749950434,128,76712
0.796875,1,full_rule_bank,128,f23fdcb7d953f38821eb1b3773453e8ca886c59999f377fa142dd48aef5d6537,,,,2128,easy,38,0.016130333999171853,128,76712
0.796875,18,mirror,256,5c9476efd9bee32580a770e74c724dcbec3f8badcfa9d6eeebff4dbc3dd8405f,,,0.15617221593856812,808,easy,38,0.03944095499900868,256,76712
0.796875,1,full_rule_bank,256,f23fdcb7d953f38821eb1b3773453e8ca886c59999f377fa142dd48aef5d6537,,,0.16247574985027313,2128,easy,38,0.032260667998343706,256,76712
0.875,18,mirror,0,5c9476efd9bee32580a770e74c724dcbec3f8badcfa9d6eeebff4dbc3dd8405f,,,,808,hard,39,0.0,0,76712
0.875,1,full_rule_bank,0,f23fdcb7d953f38821eb1b3773453e8ca886c59999f377fa142dd48aef5d6537,,,,2128,hard,39,0.0,0,76712
0.875,18,mirror,8,5c9476efd9bee32580a770e74c724dcbec3f8badcfa9d6eeebff4dbc3dd8405f,,,,808,hard,39,0.0012416989375196863,8,76712
0.875,1,full_rule_bank,8,f23fdcb7d953f38821eb1b3773453e8ca886c59999f377fa142dd48aef5d6537,,,,2128,hard,39,0.0010136197813608305,8,76712
0.875,18,mirror,32,5c9476efd9bee32580a770e74c724dcbec3f8badcfa9d6eeebff4dbc3dd8405f,,,,808,hard,39,0.004966795750078745,32,76712
0.875,1,full_rule_bank,32,f23fdcb7d953f38821eb1b3773453e8ca886c59999f377fa142dd48aef5d6537,,,,2128,hard,39,0.004054479125443322,32,76712
0.875,18,mirror,64,5c9476efd9bee32580a770e74c724dcbec3f8badcfa9d6eeebff4dbc3dd8405f,,,,808,hard,39,0.00993359150015749,64,76712
0.875,1,full_rule_bank,64,f23fdcb7d953f38821eb1b3773453e8ca886c59999f377fa142dd48aef5d6537,,,,2128,hard,39,0.008108958250886644,64,76712
0.875,18,mirror,128,5c9476efd9bee32580a770e74c724dcbec3f8badcfa9d6eeebff4dbc3dd8405f,,,,808,hard,39,0.01986718300031498,128,76712
0.875,1,full_rule_bank,128,f23fdcb7d953f38821eb1b3773453e8ca886c59999f377fa142dd48aef5d6537,,,,2128,hard,39,0.01621791650177329,128,76712
0.875,18,mirror,256,5c9476efd9bee32580a770e74c724dcbec3f8badcfa9d6eeebff4dbc3dd8405f,,,3.335771083831787,808,hard,39,0.03973436600062996,256,76712
0.875,1,full_rule_bank,256,f23fdcb7d953f38821eb1b3773453e8ca886c59999f377fa142dd48aef5d6537,,,2.7127323150634766,2128,hard,39,0.03243583300354658,256,76712
0.82421875,18,mirror,0,5c9476efd9bee32580a770e74c724dcbec3f8badcfa9d6eeebff4dbc3dd8405f,,,,808,easy,40,0.0,0,76712
0.82421875,1,full_rule_bank,0,f23fdcb7d953f38821eb1b3773453e8ca886c59999f377fa142dd48aef5d6537,,,,2128,easy,40,0.0,0,76712
0.82421875,18,mirror,8,5c9476efd9bee32580a770e74c724dcbec3f8badcfa9d6eeebff4dbc3dd8405f,,,,808,easy,40,0.0012532738437585067,8,76712
0.82421875,1,full_rule_bank,8,f23fdcb7d953f38821eb1b3773453e8ca886c59999f377fa142dd48aef5d6537,,,,2128,easy,40,0.0010129637812497094,8,76712
0.82421875,18,mirror,32,5c9476efd9bee32580a770e74c724dcbec3f8badcfa9d6eeebff4dbc3dd8405f,,,,808,easy,40,0.005013095375034027,32,76712
0.82421875,1,full_rule_bank,32,f23fdcb7d953f38821eb1b3773453e8ca886c59999f377fa142dd48aef5d6537,,,,2128,easy,40,0.004051855124998838,32,76712
0.82421875,18,mirror,64,5c9476efd9bee32580a770e74c724dcbec3f8badcfa9d6eeebff4dbc3dd8405f,,,,808,easy,40,0.010026190750068054,64,76712
0.82421875,1,full_rule_bank,64,f23fdcb7d953f38821eb1b3773453e8ca886c59999f377fa142dd48aef5d6537,,,,2128,easy,40,0.008103710249997675,64,76712
0.82421875,18,mirror,128,5c9476efd9bee32580a770e74c724dcbec3f8badcfa9d6eeebff4dbc3dd8405f,,,,808,easy,40,0.020052381500136107,128,76712
0.82421875,1,full_rule_bank,128,f23fdcb7d953f38821eb1b3773453e8ca886c59999f377fa142dd48aef5d6537,,,,2128,easy,40,0.01620742049999535,128,76712
0.82421875,18,mirror,256,5c9476efd9bee32580a770e74c724dcbec3f8badcfa9d6eeebff4dbc3dd8405f,,,0.006281697191298008,808,easy,40,0.040104763000272214,256,76712
0.82421875,1,full_rule_bank,256,f23fdcb7d953f38821eb1b3773453e8ca886c59999f377fa142dd48aef5d6537,,,0.020660948008298874,2128,easy,40,0.0324148409999907,256,76712
0.779296875,18,mirror,0,5c9476efd9bee32580a770e74c724dcbec3f8badcfa9d6eeebff4dbc3dd8405f,,,,808,hard,41,0.0,0,76712
0.779296875,1,full_rule_bank,0,f23fdcb7d953f38821eb1b3773453e8ca886c59999f377fa142dd48aef5d6537,,,,2128,hard,41,0.0,0,76712
0.779296875,18,mirror,8,5c9476efd9bee32580a770e74c724dcbec3f8badcfa9d6eeebff4dbc3dd8405f,,,,808,hard,41,0.0012568257500333857,8,76712
0.779296875,1,full_rule_bank,8,f23fdcb7d953f38821eb1b3773453e8ca886c59999f377fa142dd48aef5d6537,,,,2128,hard,41,0.0010080060001200764,8,76712
0.779296875,18,mirror,32,5c9476efd9bee32580a770e74c724dcbec3f8badcfa9d6eeebff4dbc3dd8405f,,,,808,hard,41,0.005027303000133543,32,76712
0.779296875,1,full_rule_bank,32,f23fdcb7d953f38821eb1b3773453e8ca886c59999f377fa142dd48aef5d6537,,,,2128,hard,41,0.004032024000480305,32,76712
0.779296875,18,mirror,64,5c9476efd9bee32580a770e74c724dcbec3f8badcfa9d6eeebff4dbc3dd8405f,,,,808,hard,41,0.010054606000267086,64,76712
0.779296875,1,full_rule_bank,64,f23fdcb7d953f38821eb1b3773453e8ca886c59999f377fa142dd48aef5d6537,,,,2128,hard,41,0.00806404800096061,64,76712
0.779296875,18,mirror,128,5c9476efd9bee32580a770e74c724dcbec3f8badcfa9d6eeebff4dbc3dd8405f,,,,808,hard,41,0.02010921200053417,128,76712
0.779296875,1,full_rule_bank,128,f23fdcb7d953f38821eb1b3773453e8ca886c59999f377fa142dd48aef5d6537,,,,2128,hard,41,0.01612809600192122,128,76712
0.779296875,18,mirror,256,5c9476efd9bee32580a770e74c724dcbec3f8badcfa9d6eeebff4dbc3dd8405f,,,2.206601858139038,808,hard,41,0.04021842400106834,256,76712
0.779296875,1,full_rule_bank,256,f23fdcb7d953f38821eb1b3773453e8ca886c59999f377fa142dd48aef5d6537,,,1.8606007099151611,2128,hard,41,0.03225619200384244,256,76712
0.8203125,18,mirror,0,5c9476efd9bee32580a770e74c724dcbec3f8badcfa9d6eeebff4dbc3dd8405f,,,,808,easy,42,0.0,0,76712
0.8203125,1,full_rule_bank,0,f23fdcb7d953f38821eb1b3773453e8ca886c59999f377fa142dd48aef5d6537,,,,2128,easy,42,0.0,0,76712
0.8203125,18,mirror,8,5c9476efd9bee32580a770e74c724dcbec3f8badcfa9d6eeebff4dbc3dd8405f,,,,808,easy,42,0.0012334947186900536,8,76712
0.8203125,1,full_rule_bank,8,f23fdcb7d953f38821eb1b3773453e8ca886c59999f377fa142dd48aef5d6537,,,,2128,easy,42,0.0010059040937449026,8,76712
0.8203125,18,mirror,32,5c9476efd9bee32580a770e74c724dcbec3f8badcfa9d6eeebff4dbc3dd8405f,,,,808,easy,42,0.004933978874760214,32,76712
0.8203125,1,full_rule_bank,32,f23fdcb7d953f38821eb1b3773453e8ca886c59999f377fa142dd48aef5d6537,,,,2128,easy,42,0.0040236163749796106,32,76712
0.8203125,18,mirror,64,5c9476efd9bee32580a770e74c724dcbec3f8badcfa9d6eeebff4dbc3dd8405f,,,,808,easy,42,0.009867957749520428,64,76712
0.8203125,1,full_rule_bank,64,f23fdcb7d953f38821eb1b3773453e8ca886c59999f377fa142dd48aef5d6537,,,,2128,easy,42,0.008047232749959221,64,76712
0.8203125,18,mirror,128,5c9476efd9bee32580a770e74c724dcbec3f8badcfa9d6eeebff4dbc3dd8405f,,,,808,easy,42,0.019735915499040857,128,76712
0.8203125,1,full_rule_bank,128,f23fdcb7d953f38821eb1b3773453e8ca886c59999f377fa142dd48aef5d6537,,,,2128,easy,42,0.016094465499918442,128,76712
0.8203125,18,mirror,256,5c9476efd9bee32580a770e74c724dcbec3f8badcfa9d6eeebff4dbc3dd8405f,,,0.011882483959197998,808,easy,42,0.039471830998081714,256,76712
0.8203125,1,full_rule_bank,256,f23fdcb7d953f38821eb1b3773453e8ca886c59999f377fa142dd48aef5d6537,,,0.02176373079419136,2128,easy,42,0.032188930999836884,256,76712
0.845703125,18,mirror,0,5c9476efd9bee32580a770e74c724dcbec3f8badcfa9d6eeebff4dbc3dd8405f,,,,808,hard,43,0.0,0,76712
0.845703125,1,full_rule_bank,0,f23fdcb7d953f38821eb1b3773453e8ca886c59999f377fa142dd48aef5d6537,,,,2128,hard,43,0.0,0,76712
0.845703125,18,mirror,8,5c9476efd9bee32580a770e74c724dcbec3f8badcfa9d6eeebff4dbc3dd8405f,,,,808,hard,43,0.0012568398435632844,8,76712
0.845703125,1,full_rule_bank,8,f23fdcb7d953f38821eb1b3773453e8ca886c59999f377fa142dd48aef5d6537,,,,2128,hard,43,0.0010049961563254328,8,76712
0.845703125,18,mirror,32,5c9476efd9bee32580a770e74c724dcbec3f8badcfa9d6eeebff4dbc3dd8405f,,,,808,hard,43,0.0050273593742531375,32,76712
0.845703125,1,full_rule_bank,32,f23fdcb7d953f38821eb1b3773453e8ca886c59999f377fa142dd48aef5d6537,,,,2128,hard,43,0.004019984625301731,32,76712
0.845703125,18,mirror,64,5c9476efd9bee32580a770e74c724dcbec3f8badcfa9d6eeebff4dbc3dd8405f,,,,808,hard,43,0.010054718748506275,64,76712
0.845703125,1,full_rule_bank,64,f23fdcb7d953f38821eb1b3773453e8ca886c59999f377fa142dd48aef5d6537,,,,2128,hard,43,0.008039969250603463,64,76712
0.845703125,18,mirror,128,5c9476efd9bee32580a770e74c724dcbec3f8badcfa9d6eeebff4dbc3dd8405f,,,,808,hard,43,0.02010943749701255,128,76712
0.845703125,1,full_rule_bank,128,f23fdcb7d953f38821eb1b3773453e8ca886c59999f377fa142dd48aef5d6537,,,,2128,hard,43,0.016079938501206925,128,76712
0.845703125,18,mirror,256,5c9476efd9bee32580a770e74c724dcbec3f8badcfa9d6eeebff4dbc3dd8405f,,,2.8561155796051025,808,hard,43,0.0402188749940251,256,76712
0.845703125,1,full_rule_bank,256,f23fdcb7d953f38821eb1b3773453e8ca886c59999f377fa142dd48aef5d6537,,,2.0532615184783936,2128,hard,43,0.03215987700241385,256,76712
0.833984375,18,mirror,0,5c9476efd9bee32580a770e74c724dcbec3f8badcfa9d6eeebff4dbc3dd8405f,,,,808,easy,44,0.0,0,76712
0.833984375,1,full_rule_bank,0,f23fdcb7d953f38821eb1b3773453e8ca886c59999f377fa142dd48aef5d6537,,,,2128,easy,44,0.0,0,76712
0.833984375,18,mirror,8,5c9476efd9bee32580a770e74c724dcbec3f8badcfa9d6eeebff4dbc3dd8405f,,,,808,easy,44,0.0012584141250044922,8,76712
0.833984375,1,full_rule_bank,8,f23fdcb7d953f38821eb1b3773453e8ca886c59999f377fa142dd48aef5d6537,,,,2128,easy,44,0.0010016974374593701,8,76712
0.833984375,18,mirror,32,5c9476efd9bee32580a770e74c724dcbec3f8badcfa9d6eeebff4dbc3dd8405f,,,,808,easy,44,0.005033656500017969,32,76712
0.833984375,1,full_rule_bank,32,f23fdcb7d953f38821eb1b3773453e8ca886c59999f377fa142dd48aef5d6537,,,,2128,easy,44,0.0040067897498374805,32,76712
0.833984375,18,mirror,64,5c9476efd9bee32580a770e74c724dcbec3f8badcfa9d6eeebff4dbc3dd8405f,,,,808,easy,44,0.010067313000035938,64,76712
0.833984375,1,full_rule_bank,64,f23fdcb7d953f38821eb1b3773453e8ca886c59999f377fa142dd48aef5d6537,,,,2128,easy,44,0.008013579499674961,64,76712
0.833984375,18,mirror,128,5c9476efd9bee32580a770e74c724dcbec3f8badcfa9d6eeebff4dbc3dd8405f,,,,808,easy,44,0.020134626000071876,128,76712
0.833984375,1,full_rule_bank,128,f23fdcb7d953f38821eb1b3773453e8ca886c59999f377fa142dd48aef5d6537,,,,2128,easy,44,0.016027158999349922,128,76712
0.833984375,18,mirror,256,5c9476efd9bee32580a770e74c724dcbec3f8badcfa9d6eeebff4dbc3dd8405f,,,0.050496332347393036,808,easy,44,0.04026925200014375,256,76712
0.833984375,1,full_rule_bank,256,f23fdcb7d953f38821eb1b3773453e8ca886c59999f377fa142dd48aef5d6537,,,0.05950989946722984,2128,easy,44,0.032054317998699844,256,76712
0.77734375,18,mirror,0,5c9476efd9bee32580a770e74c724dcbec3f8badcfa9d6eeebff4dbc3dd8405f,,,,808,easy,45,0.0,0,76712
0.77734375,1,full_rule_bank,0,f23fdcb7d953f38821eb1b3773453e8ca886c59999f377fa142dd48aef5d6537,,,,2128,easy,45,0.0,0,76712
0.77734375,18,mirror,8,5c9476efd9bee32580a770e74c724dcbec3f8badcfa9d6eeebff4dbc3dd8405f,,,,808,easy,45,0.0012333845622833906,8,76712
0.77734375,1,full_rule_bank,8,f23fdcb7d953f38821eb1b3773453e8ca886c59999f377fa142dd48aef5d6537,,,,2128,easy,45,0.0010157849062579771,8,76712
0.77734375,18,mirror,32,5c9476efd9bee32580a770e74c724dcbec3f8badcfa9d6eeebff4dbc3dd8405f,,,,808,easy,45,0.004933538249133562,32,76712
0.77734375,1,full_rule_bank,32,f23fdcb7d953f38821eb1b3773453e8ca886c59999f377fa142dd48aef5d6537,,,,2128,easy,45,0.0040631396250319085,32,76712
0.77734375,18,mirror,64,5c9476efd9bee32580a770e74c724dcbec3f8badcfa9d6eeebff4dbc3dd8405f,,,,808,easy,45,0.009867076498267124,64,76712
0.77734375,1,full_rule_bank,64,f23fdcb7d953f38821eb1b3773453e8ca886c59999f377fa142dd48aef5d6537,,,,2128,easy,45,0.008126279250063817,64,76712
0.77734375,18,mirror,128,5c9476efd9bee32580a770e74c724dcbec3f8badcfa9d6eeebff4dbc3dd8405f,,,,808,easy,45,0.01973415299653425,128,76712
0.77734375,1,full_rule_bank,128,f23fdcb7d953f38821eb1b3773453e8ca886c59999f377fa142dd48aef5d6537,,,,2128,easy,45,0.016252558500127634,128,76712
0.77734375,18,mirror,256,5c9476efd9bee32580a770e74c724dcbec3f8badcfa9d6eeebff4dbc3dd8405f,,,0.04235009476542473,808,easy,45,0.0394683059930685,256,76712
0.77734375,1,full_rule_bank,256,f23fdcb7d953f38821eb1b3773453e8ca886c59999f377fa142dd48aef5d6537,,,0.05010608211159706,2128,easy,45,0.03250511700025527,256,76712
0.810546875,18,mirror,0,5c9476efd9bee32580a770e74c724dcbec3f8badcfa9d6eeebff4dbc3dd8405f,,,,808,easy,46,0.0,0,76712
0.810546875,1,full_rule_bank,0,f23fdcb7d953f38821eb1b3773453e8ca886c59999f377fa142dd48aef5d6537,,,,2128,easy,46,0.0,0,76712
0.810546875,18,mirror,8,5c9476efd9bee32580a770e74c724dcbec3f8badcfa9d6eeebff4dbc3dd8405f,,,,808,easy,46,0.0012416907811712008,8,76712
0.810546875,1,full_rule_bank,8,f23fdcb7d953f38821eb1b3773453e8ca886c59999f377fa142dd48aef5d6537,,,,2128,easy,46,0.0010087671564633638,8,76712
0.810546875,18,mirror,32,5c9476efd9bee32580a770e74c724dcbec3f8badcfa9d6eeebff4dbc3dd8405f,,,,808,easy,46,0.004966763124684803,32,76712
0.810546875,1,full_rule_bank,32,f23fdcb7d953f38821eb1b3773453e8ca886c59999f377fa142dd48aef5d6537,,,,2128,easy,46,0.004035068625853455,32,76712
0.810546875,18,mirror,64,5c9476efd9bee32580a770e74c724dcbec3f8badcfa9d6eeebff4dbc3dd8405f,,,,808,easy,46,0.009933526249369606,64,76712
0.810546875,1,full_rule_bank,64,f23fdcb7d953f38821eb1b3773453e8ca886c59999f377fa142dd48aef5d6537,,,,2128,easy,46,0.00807013725170691,64,76712
0.810546875,18,mirror,128,5c9476efd9bee32580a770e74c724dcbec3f8badcfa9d6eeebff4dbc3dd8405f,,,,808,easy,46,0.019867052498739213,128,76712
0.810546875,1,full_rule_bank,128,f23fdcb7d953f38821eb1b3773453e8ca886c59999f377fa142dd48aef5d6537,,,,2128,easy,46,0.01614027450341382,128,76712
0.810546875,18,mirror,256,5c9476efd9bee32580a770e74c724dcbec3f8badcfa9d6eeebff4dbc3dd8405f,,,0.053470809012651443,808,easy,46,0.039734104997478426,256,76712
0.810546875,1,full_rule_bank,256,f23fdcb7d953f38821eb1b3773453e8ca886c59999f377fa142dd48aef5d6537,,,0.0718623548746109,2128,easy,46,0.03228054900682764,256,76712
0.654296875,18,mirror,0,5c9476efd9bee32580a770e74c724dcbec3f8badcfa9d6eeebff4dbc3dd8405f,,,,808,hard,47,0.0,0,76712
0.654296875,1,full_rule_bank,0,f23fdcb7d953f38821eb1b3773453e8ca886c59999f377fa142dd48aef5d6537,,,,2128,hard,47,0.0,0,76712
0.654296875,18,mirror,8,5c9476efd9bee32580a770e74c724dcbec3f8badcfa9d6eeebff4dbc3dd8405f,,,,808,hard,47,0.001240174781287351,8,76712
0.654296875,1,full_rule_bank,8,f23fdcb7d953f38821eb1b3773453e8ca886c59999f377fa142dd48aef5d6537,,,,2128,hard,47,0.0010155188749649824,8,76712
0.654296875,18,mirror,32,5c9476efd9bee32580a770e74c724dcbec3f8badcfa9d6eeebff4dbc3dd8405f,,,,808,hard,47,0.004960699125149404,32,76712
0.654296875,1,full_rule_bank,32,f23fdcb7d953f38821eb1b3773453e8ca886c59999f377fa142dd48aef5d6537,,,,2128,hard,47,0.0040620754998599296,32,76712
0.654296875,18,mirror,64,5c9476efd9bee32580a770e74c724dcbec3f8badcfa9d6eeebff4dbc3dd8405f,,,,808,hard,47,0.009921398250298807,64,76712
0.654296875,1,full_rule_bank,64,f23fdcb7d953f38821eb1b3773453e8ca886c59999f377fa142dd48aef5d6537,,,,2128,hard,47,0.008124150999719859,64,76712
0.654296875,18,mirror,128,5c9476efd9bee32580a770e74c724dcbec3f8badcfa9d6eeebff4dbc3dd8405f,,,,808,hard,47,0.019842796500597615,128,76712
0.6875,1,full_rule_bank,128,f23fdcb7d953f38821eb1b3773453e8ca886c59999f377fa142dd48aef5d6537,,,,2128,hard,47,0.016248301999439718,128,76712
0.654296875,18,mirror,256,5c9476efd9bee32580a770e74c724dcbec3f8badcfa9d6eeebff4dbc3dd8405f,,,2.335118293762207,808,hard,47,0.03968559300119523,256,76712
0.6875,1,full_rule_bank,256,f23fdcb7d953f38821eb1b3773453e8ca886c59999f377fa142dd48aef5d6537,,,1.4996745586395264,2128,hard,47,0.032496603998879436,256,76712
0.83203125,18,mirror,0,5c9476efd9bee32580a770e74c724dcbec3f8badcfa9d6eeebff4dbc3dd8405f,,,,808,easy,48,0.0,0,76712
0.83203125,1,full_rule_bank,0,f23fdcb7d953f38821eb1b3773453e8ca886c59999f377fa142dd48aef5d6537,,,,2128,easy,48,0.0,0,76712
0.83203125,18,mirror,8,5c9476efd9bee32580a770e74c724dcbec3f8badcfa9d6eeebff4dbc3dd8405f,,,,808,easy,48,0.0012648424999497365,8,76712
0.83203125,1,full_rule_bank,8,f23fdcb7d953f38821eb1b3773453e8ca886c59999f377fa142dd48aef5d6537,,,,2128,easy,48,0.001003203437448974,8,76712
0.83203125,18,mirror,32,5c9476efd9bee32580a770e74c724dcbec3f8badcfa9d6eeebff4dbc3dd8405f,,,,808,easy,48,0.005059369999798946,32,76712
0.83203125,1,full_rule_bank,32,f23fdcb7d953f38821eb1b3773453e8ca886c59999f377fa142dd48aef5d6537,,,,2128,easy,48,0.004012813749795896,32,76712
0.83203125,18,mirror,64,5c9476efd9bee32580a770e74c724dcbec3f8badcfa9d6eeebff4dbc3dd8405f,,,,808,easy,48,0.010118739999597892,64,76712
0.83203125,1,full_rule_bank,64,f23fdcb7d953f38821eb1b3773453e8ca886c59999f377fa142dd48aef5d6537,,,,2128,easy,48,0.008025627499591792,64,76712
0.83203125,18,mirror,128,5c9476efd9bee32580a770e74c724dcbec3f8badcfa9d6eeebff4dbc3dd8405f,,,,808,easy,48,0.020237479999195784,128,76712
0.83203125,1,full_rule_bank,128,f23fdcb7d953f38821eb1b3773453e8ca886c59999f377fa142dd48aef5d6537,,,,2128,easy,48,0.016051254999183584,128,76712
0.83203125,18,mirror,256,5c9476efd9bee32580a770e74c724dcbec3f8badcfa9d6eeebff4dbc3dd8405f,,,0.0021875223610550165,808,easy,48,0.04047495999839157,256,76712
0.83203125,1,full_rule_bank,256,f23fdcb7d953f38821eb1b3773453e8ca886c59999f377fa142dd48aef5d6537,,,0.024322116747498512,2128,easy,48,0.03210250999836717,256,76712
0.82421875,18,mirror,0,5c9476efd9bee32580a770e74c724dcbec3f8badcfa9d6eeebff4dbc3dd8405f,,,,808,easy,49,0.0,0,76712
0.82421875,1,full_rule_bank,0,f23fdcb7d953f38821eb1b3773453e8ca886c59999f377fa142dd48aef5d6537,,,,2128,easy,49,0.0,0,76712
0.82421875,18,mirror,8,5c9476efd9bee32580a770e74c724dcbec3f8badcfa9d6eeebff4dbc3dd8405f,,,,808,easy,49,0.0012414685625117272,8,76712
0.82421875,1,full_rule_bank,8,f23fdcb7d953f38821eb1b3773453e8ca886c59999f377fa142dd48aef5d6537,,,,2128,easy,49,0.001008430062483967,8,76712
0.82421875,18,mirror,32,5c9476efd9bee32580a770e74c724dcbec3f8badcfa9d6eeebff4dbc3dd8405f,,,,808,easy,49,0.004965874250046909,32,76712
0.82421875,1,full_rule_bank,32,f23fdcb7d953f38821eb1b3773453e8ca886c59999f377fa142dd48aef5d6537,,,,2128,easy,49,0.004033720249935868,32,76712
0.82421875,18,mirror,64,5c9476efd9bee32580a770e74c724dcbec3f8badcfa9d6eeebff4dbc3dd8405f,,,,808,easy,49,0.009931748500093818,64,76712
0.82421875,1,full_rule_bank,64,f23fdcb7d953f38821eb1b3773453e8ca886c59999f377fa142dd48aef5d6537,,,,2128,easy,49,0.008067440499871736,64,76712
0.82421875,18,mirror,128,5c9476efd9bee32580a770e74c724dcbec3f8badcfa9d6eeebff4dbc3dd8405f,,,,808,easy,49,0.019863497000187635,128,76712
0.82421875,1,full_rule_bank,128,f23fdcb7d953f38821eb1b3773453e8ca886c59999f377fa142dd48aef5d6537,,,,2128,easy,49,0.016134880999743473,128,76712
0.82421875,18,mirror,256,5c9476efd9bee32580a770e74c724dcbec3f8badcfa9d6eeebff4dbc3dd8405f,,,0.013559422455728054,808,easy,49,0.03972699400037527,256,76712
0.82421875,1,full_rule_bank,256,f23fdcb7d953f38821eb1b3773453e8ca886c59999f377fa142dd48aef5d6537,,,0.048049040138721466,2128,easy,49,0.032269761999486946,256,76712
0.859375,18,mirror,0,5c9476efd9bee32580a770e74c724dcbec3f8badcfa9d6eeebff4dbc3dd8405f,,,,808,hard,50,0.0,0,76712
0.859375,1,full_rule_bank,0,f23fdcb7d953f38821eb1b3773453e8ca886c59999f377fa142dd48aef5d6537,,,,2128,hard,50,0.0,0,76712
0.859375,18,mirror,8,5c9476efd9bee32580a770e74c724dcbec3f8badcfa9d6eeebff4dbc3dd8405f,,,,808,hard,50,0.0012527549374681257,8,76712
0.859375,1,full_rule_bank,8,f23fdcb7d953f38821eb1b3773453e8ca886c59999f377fa142dd48aef5d6537,,,,2128,hard,50,0.0010059275311959937,8,76712
0.859375,18,mirror,32,5c9476efd9bee32580a770e74c724dcbec3f8badcfa9d6eeebff4dbc3dd8405f,,,,808,hard,50,0.005011019749872503,32,76712
0.859375,1,full_rule_bank,32,f23fdcb7d953f38821eb1b3773453e8ca886c59999f377fa142dd48aef5d6537,,,,2128,hard,50,0.004023710124783975,32,76712
0.859375,18,mirror,64,5c9476efd9bee32580a770e74c724dcbec3f8badcfa9d6eeebff4dbc3dd8405f,,,,808,hard,50,0.010022039499745006,64,76712
0.859375,1,full_rule_bank,64,f23fdcb7d953f38821eb1b3773453e8ca886c59999f377fa142dd48aef5d6537,,,,2128,hard,50,0.00804742024956795,64,76712
0.859375,18,mirror,128,5c9476efd9bee32580a770e74c724dcbec3f8badcfa9d6eeebff4dbc3dd8405f,,,,808,hard,50,0.02004407899949001,128,76712
0.859375,1,full_rule_bank,128,f23fdcb7d953f38821eb1b3773453e8ca886c59999f377fa142dd48aef5d6537,,,,2128,hard,50,0.0160948404991359,128,76712
0.859375,18,mirror,256,5c9476efd9bee32580a770e74c724dcbec3f8badcfa9d6eeebff4dbc3dd8405f,,,2.260131597518921,808,hard,50,0.04008815799898002,256,76712
0.859375,1,full_rule_bank,256,f23fdcb7d953f38821eb1b3773453e8ca886c59999f377fa142dd48aef5d6537,,,1.7341984510421753,2128,hard,50,0.0321896809982718,256,76712
0.791015625,18,mirror,0,5c9476efd9bee32580a770e74c724dcbec3f8badcfa9d6eeebff4dbc3dd8405f,,,,808,hard,51,0.0,0,76712
0.791015625,1,full_rule_bank,0,f23fdcb7d953f38821eb1b3773453e8ca886c59999f377fa142dd48aef5d6537,,,,2128,hard,51,0.0,0,76712
0.791015625,18,mirror,8,5c9476efd9bee32580a770e74c724dcbec3f8badcfa9d6eeebff4dbc3dd8405f,,,,808,hard,51,0.0012453215938421636,8,76712
0.791015625,1,full_rule_bank,8,f23fdcb7d953f38821eb1b3773453e8ca886c59999f377fa142dd48aef5d6537,,,,2128,hard,51,0.001009768343919859,8,76712
0.791015625,18,mirror,32,5c9476efd9bee32580a770e74c724dcbec3f8badcfa9d6eeebff4dbc3dd8405f,,,,808,hard,51,0.004981286375368654,32,76712
0.791015625,1,full_rule_bank,32,f23fdcb7d953f38821eb1b3773453e8ca886c59999f377fa142dd48aef5d6537,,,,2128,hard,51,0.004039073375679436,32,76712
0.791015625,18,mirror,64,5c9476efd9bee32580a770e74c724dcbec3f8badcfa9d6eeebff4dbc3dd8405f,,,,808,hard,51,0.009962572750737309,64,76712
0.791015625,1,full_rule_bank,64,f23fdcb7d953f38821eb1b3773453e8ca886c59999f377fa142dd48aef5d6537,,,,2128,hard,51,0.008078146751358872,64,76712
0.791015625,18,mirror,128,5c9476efd9bee32580a770e74c724dcbec3f8badcfa9d6eeebff4dbc3dd8405f,,,,808,hard,51,0.019925145501474617,128,76712
0.791015625,1,full_rule_bank,128,f23fdcb7d953f38821eb1b3773453e8ca886c59999f377fa142dd48aef5d6537,,,,2128,hard,51,0.016156293502717745,128,76712
0.791015625,18,mirror,256,5c9476efd9bee32580a770e74c724dcbec3f8badcfa9d6eeebff4dbc3dd8405f,,,1.3441957235336304,808,hard,51,0.039850291002949234,256,76712
0.791015625,1,full_rule_bank,256,f23fdcb7d953f38821eb1b3773453e8ca886c59999f377fa142dd48aef5d6537,,,0.9082189202308655,2128,hard,51,0.03231258700543549,256,76712
0.841796875,18,mirror,0,5c9476efd9bee32580a770e74c724dcbec3f8badcfa9d6eeebff4dbc3dd8405f,,,,808,easy,52,0.0,0,76712
0.841796875,1,full_rule_bank,0,f23fdcb7d953f38821eb1b3773453e8ca886c59999f377fa142dd48aef5d6537,,,,2128,easy,52,0.0,0,76712
0.841796875,18,mirror,8,5c9476efd9bee32580a770e74c724dcbec3f8badcfa9d6eeebff4dbc3dd8405f,,,,808,easy,52,0.0012604462187937315,8,76712
0.841796875,1,full_rule_bank,8,f23fdcb7d953f38821eb1b3773453e8ca886c59999f377fa142dd48aef5d6537,,,,2128,easy,52,0.0010120533438566781,8,76712
0.841796875,18,mirror,32,5c9476efd9bee32580a770e74c724dcbec3f8badcfa9d6eeebff4dbc3dd8405f,,,,808,easy,52,0.005041784875174926,32,76712
0.841796875,1,full_rule_bank,32,f23fdcb7d953f38821eb1b3773453e8ca886c59999f377fa142dd48aef5d6537,,,,2128,easy,52,0.0040482133754267124,32,76712
0.841796875,18,mirror,64,5c9476efd9bee32580a770e74c724dcbec3f8badcfa9d6eeebff4dbc3dd8405f,,,,808,easy,52,0.010083569750349852,64,76712
0.841796875,1,full_rule_bank,64,f23fdcb7d953f38821eb1b3773453e8ca886c59999f377fa142dd48aef5d6537,,,,2128,easy,52,0.008096426750853425,64,76712
0.841796875,18,mirror,128,5c9476efd9bee32580a770e74c724dcbec3f8badcfa9d6eeebff4dbc3dd8405f,,,,808,easy,52,0.020167139500699705,128,76712
0.841796875,1,full_rule_bank,128,f23fdcb7d953f38821eb1b3773453e8ca886c59999f377fa142dd48aef5d6537,,,,2128,easy,52,0.01619285350170685,128,76712
0.841796875,18,mirror,256,5c9476efd9bee32580a770e74c724dcbec3f8badcfa9d6eeebff4dbc3dd8405f,,,0.08031322062015533,808,easy,52,0.04033427900139941,256,76712
0.841796875,1,full_rule_bank,256,f23fdcb7d953f38821eb1b3773453e8ca886c59999f377fa142dd48aef5d6537,,,0.09747156500816345,2128,easy,52,0.0323857070034137,256,76712
0.78125,18,mirror,0,5c9476efd9bee32580a770e74c724dcbec3f8badcfa9d6eeebff4dbc3dd8405f,,,,808,hard,53,0.0,0,76712
0.78125,1,full_rule_bank,0,f23fdcb7d953f38821eb1b3773453e8ca886c59999f377fa142dd48aef5d6537,,,,2128,hard,53,0.0,0,76712
0.78125,18,mirror,8,5c9476efd9bee32580a770e74c724dcbec3f8badcfa9d6eeebff4dbc3dd8405f,,,,808,hard,53,0.0012406754999574332,8,76712
0.78125,1,full_rule_bank,8,f23fdcb7d953f38821eb1b3773453e8ca886c59999f377fa142dd48aef5d6537,,,,2128,hard,53,0.001011814843650427,8,76712
0.78125,18,mirror,32,5c9476efd9bee32580a770e74c724dcbec3f8badcfa9d6eeebff4dbc3dd8405f,,,,808,hard,53,0.004962701999829733,32,76712
0.78125,1,full_rule_bank,32,f23fdcb7d953f38821eb1b3773453e8ca886c59999f377fa142dd48aef5d6537,,,,2128,hard,53,0.004047259374601708,32,76712
0.78125,18,mirror,64,5c9476efd9bee32580a770e74c724dcbec3f8badcfa9d6eeebff4dbc3dd8405f,,,,808,hard,53,0.009925403999659466,64,76712
0.78125,1,full_rule_bank,64,f23fdcb7d953f38821eb1b3773453e8ca886c59999f377fa142dd48aef5d6537,,,,2128,hard,53,0.008094518749203417,64,76712
0.78125,18,mirror,128,5c9476efd9bee32580a770e74c724dcbec3f8badcfa9d6eeebff4dbc3dd8405f,,,,808,hard,53,0.01985080799931893,128,76712
0.78125,1,full_rule_bank,128,f23fdcb7d953f38821eb1b3773453e8ca886c59999f377fa142dd48aef5d6537,,,,2128,hard,53,0.016189037498406833,128,76712
0.78125,18,mirror,256,5c9476efd9bee32580a770e74c724dcbec3f8badcfa9d6eeebff4dbc3dd8405f,,,2.2544493675231934,808,hard,53,0.03970161599863786,256,76712
0.78125,1,full_rule_bank,256,f23fdcb7d953f38821eb1b3773453e8ca886c59999f377fa142dd48aef5d6537,,,1.2109217643737793,2128,hard,53,0.032378074996813666,256,76712
0.708984375,18,mirror,0,5c9476efd9bee32580a770e74c724dcbec3f8badcfa9d6eeebff4dbc3dd8405f,,,,808,hard,54,0.0,0,76712
0.708984375,1,full_rule_bank,0,f23fdcb7d953f38821eb1b3773453e8ca886c59999f377fa142dd48aef5d6537,,,,2128,hard,54,0.0,0,76712
0.708984375,18,mirror,8,5c9476efd9bee32580a770e74c724dcbec3f8badcfa9d6eeebff4dbc3dd8405f,,,,808,hard,54,0.0012334427499354206,8,76712
0.708984375,1,full_rule_bank,8,f23fdcb7d953f38821eb1b3773453e8ca886c59999f377fa142dd48aef5d6537,,,,2128,hard,54,0.0010165673438677914,8,76712
0.708984375,18,mirror,32,5c9476efd9bee32580a770e74c724dcbec3f8badcfa9d6eeebff4dbc3dd8405f,,,,808,hard,54,0.004933770999741682,32,76712
0.708984375,1,full_rule_bank,32,f23fdcb7d953f38821eb1b3773453e8ca886c59999f377fa142dd48aef5d6537,,,,2128,hard,54,0.004066269375471165,32,76712
0.708984375,18,mirror,64,5c9476efd9bee32580a770e74c724dcbec3f8badcfa9d6eeebff4dbc3dd8405f,,,,808,hard,54,0.009867541999483365,64,76712
0.708984375,1,full_rule_bank,64,f23fdcb7d953f38821eb1b3773453e8ca886c59999f377fa142dd48aef5d6537,,,,2128,hard,54,0.00813253875094233,64,76712
0.708984375,18,mirror,128,5c9476efd9bee32580a770e74c724dcbec3f8badcfa9d6eeebff4dbc3dd8405f,,,,808,hard,54,0.01973508399896673,128,76712
0.708984375,1,full_rule_bank,128,f23fdcb7d953f38821eb1b3773453e8ca886c59999f377fa142dd48aef5d6537,,,,2128,hard,54,0.01626507750188466,128,76712
0.708984375,18,mirror,256,5c9476efd9bee32580a770e74c724dcbec3f8badcfa9d6eeebff4dbc3dd8405f,,,2.153331995010376,808,hard,54,0.03947016799793346,256,76712
0.708984375,1,full_rule_bank,256,f23fdcb7d953f38821eb1b3773453e8ca886c59999f377fa142dd48aef5d6537,,,1.0807101726531982,2128,hard,54,0.03253015500376932,256,76712
0.798828125,18,mirror,0,5c9476efd9bee32580a770e74c724dcbec3f8badcfa9d6eeebff4dbc3dd8405f,,,,808,easy,55,0.0,0,76712
0.798828125,1,full_rule_bank,0,f23fdcb7d953f38821eb1b3773453e8ca886c59999f377fa142dd48aef5d6537,,,,2128,easy,55,0.0,0,76712
0.798828125,18,mirror,8,5c9476efd9bee32580a770e74c724dcbec3f8badcfa9d6eeebff4dbc3dd8405f,,,,808,easy,55,0.0012355884998669353,8,76712
0.798828125,1,full_rule_bank,8,f23fdcb7d953f38821eb1b3773453e8ca886c59999f377fa142dd48aef5d6537,,,,2128,easy,55,0.001010459968711075,8,76712
0.798828125,18,mirror,32,5c9476efd9bee32580a770e74c724dcbec3f8badcfa9d6eeebff4dbc3dd8405f,,,,808,easy,55,0.004942353999467741,32,76712
0.798828125,1,full_rule_bank,32,f23fdcb7d953f38821eb1b3773453e8ca886c59999f377fa142dd48aef5d6537,,,,2128,easy,55,0.0040418398748443,32,76712
0.798828125,18,mirror,64,5c9476efd9bee32580a770e74c724dcbec3f8badcfa9d6eeebff4dbc3dd8405f,,,,808,easy,55,0.009884707998935482,64,76712
0.798828125,1,full_rule_bank,64,f23fdcb7d953f38821eb1b3773453e8ca886c59999f377fa142dd48aef5d6537,,,,2128,easy,55,0.0080836797496886,64,76712
0.798828125,18,mirror,128,5c9476efd9bee32580a770e74c724dcbec3f8badcfa9d6eeebff4dbc3dd8405f,,,,808,easy,55,0.019769415997870965,128,76712
0.798828125,1,full_rule_bank,128,f23fdcb7d953f38821eb1b3773453e8ca886c59999f377fa142dd48aef5d6537,,,,2128,easy,55,0.0161673594993772,128,76712
0.798828125,18,mirror,256,5c9476efd9bee32580a770e74c724dcbec3f8badcfa9d6eeebff4dbc3dd8405f,,,0.06062762811779976,808,easy,55,0.03953883199574193,256,76712
0.798828125,1,full_rule_bank,256,f23fdcb7d953f38821eb1b3773453e8ca886c59999f377fa142dd48aef5d6537,,,0.09487824141979218,2128,easy,55,0.0323347189987544,256,76712
0.66796875,18,mirror,0,5c9476efd9bee32580a770e74c724dcbec3f8badcfa9d6eeebff4dbc3dd8405f,,,,808,hard,56,0.0,0,76712
0.66796875,1,full_rule_bank,0,f23fdcb7d953f38821eb1b3773453e8ca886c59999f377fa142dd48aef5d6537,,,,2128,hard,56,0.0,0,76712
0.66796875,18,mirror,8,5c9476efd9bee32580a770e74c724dcbec3f8badcfa9d6eeebff4dbc3dd8405f,,,,808,hard,56,0.0012312560311329435,8,76712
0.66796875,1,full_rule_bank,8,f23fdcb7d953f38821eb1b3773453e8ca886c59999f377fa142dd48aef5d6537,,,,2128,hard,56,0.0010311987186923943,8,76712
0.66796875,18,mirror,32,5c9476efd9bee32580a770e74c724dcbec3f8badcfa9d6eeebff4dbc3dd8405f,,,,808,hard,56,0.004925024124531774,32,76712
0.66796875,1,full_rule_bank,32,f23fdcb7d953f38821eb1b3773453e8ca886c59999f377fa142dd48aef5d6537,,,,2128,hard,56,0.004124794874769577,32,76712
0.66796875,18,mirror,64,5c9476efd9bee32580a770e74c724dcbec3f8badcfa9d6eeebff4dbc3dd8405f,,,,808,hard,56,0.009850048249063548,64,76712
0.66796875,1,full_rule_bank,64,f23fdcb7d953f38821eb1b3773453e8ca886c59999f377fa142dd48aef5d6537,,,,2128,hard,56,0.008249589749539155,64,76712
0.66796875,18,mirror,128,5c9476efd9bee32580a770e74c724dcbec3f8badcfa9d6eeebff4dbc3dd8405f,,,,808,hard,56,0.019700096498127095,128,76712
0.66796875,1,full_rule_bank,128,f23fdcb7d953f38821eb1b3773453e8ca886c59999f377fa142dd48aef5d6537,,,,2128,hard,56,0.01649917949907831,128,76712
0.66796875,18,mirror,256,5c9476efd9bee32580a770e74c724dcbec3f8badcfa9d6eeebff4dbc3dd8405f,,,3.80313777923584,808,hard,56,0.03940019299625419,256,76712
0.833984375,1,full_rule_bank,256,f23fdcb7d953f38821eb1b3773453e8ca886c59999f377fa142dd48aef5d6537,,,1.87442946434021,2128,hard,56,0.03299835899815662,256,76712
0.84765625,18,mirror,0,5c9476efd9bee32580a770e74c724dcbec3f8badcfa9d6eeebff4dbc3dd8405f,,,,808,easy,57,0.0,0,76712
0.84765625,1,full_rule_bank,0,f23fdcb7d953f38821eb1b3773453e8ca886c59999f377fa142dd48aef5d6537,,,,2128,easy,57,0.0,0,76712
0.84765625,18,mirror,8,5c9476efd9bee32580a770e74c724dcbec3f8badcfa9d6eeebff4dbc3dd8405f,,,,808,easy,57,0.0012540797501969791,8,76712
0.84765625,1,full_rule_bank,8,f23fdcb7d953f38821eb1b3773453e8ca886c59999f377fa142dd48aef5d6537,,,,2128,easy,57,0.0010092087500197522,8,76712
0.84765625,18,mirror,32,5c9476efd9bee32580a770e74c724dcbec3f8badcfa9d6eeebff4dbc3dd8405f,,,,808,easy,57,0.005016319000787917,32,76712
0.84765625,1,full_rule_bank,32,f23fdcb7d953f38821eb1b3773453e8ca886c59999f377fa142dd48aef5d6537,,,,2128,easy,57,0.004036835000079009,32,76712
0.84765625,18,mirror,64,5c9476efd9bee32580a770e74c724dcbec3f8badcfa9d6eeebff4dbc3dd8405f,,,,808,easy,57,0.010032638001575833,64,76712
0.84765625,1,full_rule_bank,64,f23fdcb7d953f38821eb1b3773453e8ca886c59999f377fa142dd48aef5d6537,,,,2128,easy,57,0.008073670000158018,64,76712
0.84765625,18,mirror,128,5c9476efd9bee32580a770e74c724dcbec3f8badcfa9d6eeebff4dbc3dd8405f,,,,808,easy,57,0.020065276003151666,128,76712
0.84765625,1,full_rule_bank,128,f23fdcb7d953f38821eb1b3773453e8ca886c59999f377fa142dd48aef5d6537,,,,2128,easy,57,0.016147340000316035,128,76712
0.84765625,18,mirror,256,5c9476efd9bee32580a770e74c724dcbec3f8badcfa9d6eeebff4dbc3dd8405f,,,0.06864409148693085,808,easy,57,0.04013055200630333,256,76712
0.84765625,1,full_rule_bank,256,f23fdcb7d953f38821eb1b3773453e8ca886c59999f377fa142dd48aef5d6537,,,0.07631324976682663,2128,easy,57,0.03229468000063207,256,76712
0.796875,18,mirror,0,5c9476efd9bee32580a770e74c724dcbec3f8badcfa9d6eeebff4dbc3dd8405f,,,,808,easy,58,0.0,0,76712
0.796875,1,full_rule_bank,0,f23fdcb7d953f38821eb1b3773453e8ca886c59999f377fa142dd48aef5d6537,,,,2128,easy,58,0.0,0,76712
0.796875,18,mirror,8,5c9476efd9bee32580a770e74c724dcbec3f8badcfa9d6eeebff4dbc3dd8405f,,,,808,easy,58,0.001237373031244715,8,76712
0.796875,1,full_rule_bank,8,f23fdcb7d953f38821eb1b3773453e8ca886c59999f377fa142dd48aef5d6537,,,,2128,easy,58,0.001008054187423113,8,76712
0.796875,18,mirror,32,5c9476efd9bee32580a770e74c724dcbec3f8badcfa9d6eeebff4dbc3dd8405f,,,,808,easy,58,0.00494949212497886,32,76712
0.796875,1,full_rule_bank,32,f23fdcb7d953f38821eb1b3773453e8ca886c59999f377fa142dd48aef5d6537,,,,2128,easy,58,0.004032216749692452,32,76712
0.796875,18,mirror,64,5c9476efd9bee32580a770e74c724dcbec3f8badcfa9d6eeebff4dbc3dd8405f,,,,808,easy,58,0.00989898424995772,64,76712
0.796875,1,full_rule_bank,64,f23fdcb7d953f38821eb1b3773453e8ca886c59999f377fa142dd48aef5d6537,,,,2128,easy,58,0.008064433499384904,64,76712
0.796875,18,mirror,128,5c9476efd9bee32580a770e74c724dcbec3f8badcfa9d6eeebff4dbc3dd8405f,,,,808,easy,58,0.01979796849991544,128,76712
0.796875,1,full_rule_bank,128,f23fdcb7d953f38821eb1b3773453e8ca886c59999f377fa142dd48aef5d6537,,,,2128,easy,58,0.01612886699876981,128,76712
0.796875,18,mirror,256,5c9476efd9bee32580a770e74c724dcbec3f8badcfa9d6eeebff4dbc3dd8405f,,,0.012110811658203602,808,easy,58,0.03959593699983088,256,76712
0.796875,1,full_rule_bank,256,f23fdcb7d953f38821eb1b3773453e8ca886c59999f377fa142dd48aef5d6537,,,0.021446485072374344,2128,easy,58,0.03225773399753962,256,76712
0.787109375,18,mirror,0,5c9476efd9bee32580a770e74c724dcbec3f8badcfa9d6eeebff4dbc3dd8405f,,,,808,easy,59,0.0,0,76712
0.787109375,1,full_rule_bank,0,f23fdcb7d953f38821eb1b3773453e8ca886c59999f377fa142dd48aef5d6537,,,,2128,easy,59,0.0,0,76712
0.787109375,18,mirror,8,5c9476efd9bee32580a770e74c724dcbec3f8badcfa9d6eeebff4dbc3dd8405f,,,,808,easy,59,0.0012403005625856167,8,76712
0.787109375,1,full_rule_bank,8,f23fdcb7d953f38821eb1b3773453e8ca886c59999f377fa142dd48aef5d6537,,,,2128,easy,59,0.0010232298436676501,8,76712
0.787109375,18,mirror,32,5c9476efd9bee32580a770e74c724dcbec3f8badcfa9d6eeebff4dbc3dd8405f,,,,808,easy,59,0.004961202250342467,32,76712
0.787109375,1,full_rule_bank,32,f23fdcb7d953f38821eb1b3773453e8ca886c59999f377fa142dd48aef5d6537,,,,2128,easy,59,0.0040929193746706005,32,76712
0.787109375,18,mirror,64,5c9476efd9bee32580a770e74c724dcbec3f8badcfa9d6eeebff4dbc3dd8405f,,,,808,easy,59,0.009922404500684934,64,76712
0.787109375,1,full_rule_bank,64,f23fdcb7d953f38821eb1b3773453e8ca886c59999f377fa142dd48aef5d6537,,,,2128,easy,59,0.008185838749341201,64,76712
0.787109375,18,mirror,128,5c9476efd9bee32580a770e74c724dcbec3f8badcfa9d6eeebff4dbc3dd8405f,,,,808,easy,59,0.019844809001369867,128,76712
0.787109375,1,full_rule_bank,128,f23fdcb7d953f38821eb1b3773453e8ca886c59999f377fa142dd48aef5d6537,,,,2128,easy,59,0.016371677498682402,128,76712
0.787109375,18,mirror,256,5c9476efd9bee32580a770e74c724dcbec3f8badcfa9d6eeebff4dbc3dd8405f,,,0.040033817291259766,808,easy,59,0.039689618002739735,256,76712
0.787109375,1,full_rule_bank,256,f23fdcb7d953f38821eb1b3773453e8ca886c59999f377fa142dd48aef5d6537,,,0.05307849869132042,2128,easy,59,0.032743354997364804,256,76712
0.74609375,18,mirror,0,5c9476efd9bee32580a770e74c724dcbec3f8badcfa9d6eeebff4dbc3dd8405f,,,,808,hard,60,0.0,0,76712
0.74609375,1,full_rule_bank,0,f23fdcb7d953f38821eb1b3773453e8ca886c59999f377fa142dd48aef5d6537,,,,2128,hard,60,0.0,0,76712
0.74609375,18,mirror,8,5c9476efd9bee32580a770e74c724dcbec3f8badcfa9d6eeebff4dbc3dd8405f,,,,808,hard,60,0.0012501009687184705,8,76712
0.74609375,1,full_rule_bank,8,f23fdcb7d953f38821eb1b3773453e8ca886c59999f377fa142dd48aef5d6537,,,,2128,hard,60,0.001028644875077589,8,76712
0.74609375,18,mirror,32,5c9476efd9bee32580a770e74c724dcbec3f8badcfa9d6eeebff4dbc3dd8405f,,,,808,hard,60,0.005000403874873882,32,76712
0.74609375,1,full_rule_bank,32,f23fdcb7d953f38821eb1b3773453e8ca886c59999f377fa142dd48aef5d6537,,,,2128,hard,60,0.004114579500310356,32,76712
0.74609375,18,mirror,64,5c9476efd9bee32580a770e74c724dcbec3f8badcfa9d6eeebff4dbc3dd8405f,,,,808,hard,60,0.010000807749747764,64,76712
0.74609375,1,full_rule_bank,64,f23fdcb7d953f38821eb1b3773453e8ca886c59999f377fa142dd48aef5d6537,,,,2128,hard,60,0.008229159000620712,64,76712
0.74609375,18,mirror,128,5c9476efd9bee32580a770e74c724dcbec3f8badcfa9d6eeebff4dbc3dd8405f,,,,808,hard,60,0.02000161549949553,128,76712
0.74609375,1,full_rule_bank,128,f23fdcb7d953f38821eb1b3773453e8ca886c59999f377fa142dd48aef5d6537,,,,2128,hard,60,0.016458318001241423,128,76712
0.74609375,18,mirror,256,5c9476efd9bee32580a770e74c724dcbec3f8badcfa9d6eeebff4dbc3dd8405f,,,1.4923204183578491,808,hard,60,0.04000323099899106,256,76712
0.83984375,1,full_rule_bank,256,f23fdcb7d953f38821eb1b3773453e8ca886c59999f377fa142dd48aef5d6537,,,0.773311197757721,2128,hard,60,0.032916636002482846,256,76712
0.63671875,18,mirror,0,5c9476efd9bee32580a770e74c724dcbec3f8badcfa9d6eeebff4dbc3dd8405f,,,,808,hard,61,0.0,0,76712
0.63671875,1,full_rule_bank,0,f23fdcb7d953f38821eb1b3773453e8ca886c59999f377fa142dd48aef5d6537,,,,2128,hard,61,0.0,0,76712
0.63671875,18,mirror,8,5c9476efd9bee32580a770e74c724dcbec3f8badcfa9d6eeebff4dbc3dd8405f,,,,808,hard,61,0.0012882461876415618,8,76712
0.63671875,1,full_rule_bank,8,f23fdcb7d953f38821eb1b3773453e8ca886c59999f377fa142dd48aef5d6537,,,,2128,hard,61,0.0010130864686743735,8,76712
0.63671875,18,mirror,32,5c9476efd9bee32580a770e74c724dcbec3f8badcfa9d6eeebff4dbc3dd8405f,,,,808,hard,61,0.005152984750566247,32,76712
0.63671875,1,full_rule_bank,32,f23fdcb7d953f38821eb1b3773453e8ca886c59999f377fa142dd48aef5d6537,,,,2128,hard,61,0.004052345874697494,32,76712
0.63671875,18,mirror,64,5c9476efd9bee32580a770e74c724dcbec3f8badcfa9d6eeebff4dbc3dd8405f,,,,808,hard,61,0.010305969501132495,64,76712
0.63671875,1,full_rule_bank,64,f23fdcb7d953f38821eb1b3773453e8ca886c59999f377fa142dd48aef5d6537,,,,2128,hard,61,0.008104691749394988,64,76712
0.63671875,18,mirror,128,5c9476efd9bee32580a770e74c724dcbec3f8badcfa9d6eeebff4dbc3dd8405f,,,,808,hard,61,0.02061193900226499,128,76712
0.63671875,1,full_rule_bank,128,f23fdcb7d953f38821eb1b3773453e8ca886c59999f377fa142dd48aef5d6537,,,,2128,hard,61,0.016209383498789975,128,76712
0.63671875,18,mirror,256,5c9476efd9bee32580a770e74c724dcbec3f8badcfa9d6eeebff4dbc3dd8405f,,,1.3392057418823242,808,hard,61,0.04122387800452998,256,76712
0.697265625,1,full_rule_bank,256,f23fdcb7d953f38821eb1b3773453e8ca886c59999f377fa142dd48aef5d6537,,,0.619424045085907,2128,hard,61,0.03241876699757995,256,76712
0.6328125,18,mirror,0,5c9476efd9bee32580a770e74c724dcbec3f8badcfa9d6eeebff4dbc3dd8405f,,,,808,hard,62,0.0,0,76712
0.6328125,1,full_rule_bank,0,f23fdcb7d953f38821eb1b3773453e8ca886c59999f377fa142dd48aef5d6537,,,,2128,hard,62,0.0,0,76712
0.6328125,18,mirror,8,5c9476efd9bee32580a770e74c724dcbec3f8badcfa9d6eeebff4dbc3dd8405f,,,,808,hard,62,0.0012462235624752793,8,76712
0.6328125,1,full_rule_bank,8,f23fdcb7d953f38821eb1b3773453e8ca886c59999f377fa142dd48aef5d6537,,,,2128,hard,62,0.0010082914061513293,8,76712
0.6328125,18,mirror,32,5c9476efd9bee32580a770e74c724dcbec3f8badcfa9d6eeebff4dbc3dd8405f,,,,808,hard,62,0.004984894249901117,32,76712
0.6328125,1,full_rule_bank,32,f23fdcb7d953f38821eb1b3773453e8ca886c59999f377fa142dd48aef5d6537,,,,2128,hard,62,0.004033165624605317,32,76712
0.6328125,18,mirror,64,5c9476efd9bee32580a770e74c724dcbec3f8badcfa9d6eeebff4dbc3dd8405f,,,,808,hard,62,0.009969788499802235,64,76712
0.6328125,1,full_rule_bank,64,f23fdcb7d953f38821eb1b3773453e8ca886c59999f377fa142dd48aef5d6537,,,,2128,hard,62,0.008066331249210634,64,76712
0.6328125,18,mirror,128,5c9476efd9bee32580a770e74c724dcbec3f8badcfa9d6eeebff4dbc3dd8405f,,,,808,hard,62,0.01993957699960447,128,76712
0.6328125,1,full_rule_bank,128,f23fdcb7d953f38821eb1b3773453e8ca886c59999f377fa142dd48aef5d6537,,,,2128,hard,62,0.01613266249842127,128,76712
0.6328125,18,mirror,256,5c9476efd9bee32580a770e74c724dcbec3f8badcfa9d6eeebff4dbc3dd8405f,,,2.497431516647339,808,hard,62,0.03987915399920894,256,76712
0.6328125,1,full_rule_bank,256,f23fdcb7d953f38821eb1b3773453e8ca886c59999f377fa142dd48aef5d6537,,,1.1469918489456177,2128,hard,62,0.03226532499684254,256,76712
0.8203125,18,mirror,0,5c9476efd9bee32580a770e74c724dcbec3f8badcfa9d6eeebff4dbc3dd8405f,,,,808,easy,63,0.0,0,76712
0.8203125,1,full_rule_bank,0,f23fdcb7d953f38821eb1b3773453e8ca886c59999f377fa142dd48aef5d6537,,,,2128,easy,63,0.0,0,76712
0.8203125,18,mirror,8,5c9476efd9bee32580a770e74c724dcbec3f8badcfa9d6eeebff4dbc3dd8405f,,,,808,easy,63,0.0012471205623114656,8,76712
0.8203125,1,full_rule_bank,8,f23fdcb7d953f38821eb1b3773453e8ca886c59999f377fa142dd48aef5d6537,,,,2128,easy,63,0.001030345250001119,8,76712
0.8203125,18,mirror,32,5c9476efd9bee32580a770e74c724dcbec3f8badcfa9d6eeebff4dbc3dd8405f,,,,808,easy,63,0.0049884822492458625,32,76712
0.8203125,1,full_rule_bank,32,f23fdcb7d953f38821eb1b3773453e8ca886c59999f377fa142dd48aef5d6537,,,,2128,easy,63,0.004121381000004476,32,76712
0.8203125,18,mirror,64,5c9476efd9bee32580a770e74c724dcbec3f8badcfa9d6eeebff4dbc3dd8405f,,,,808,easy,63,0.009976964498491725,64,76712
0.8203125,1,full_rule_bank,64,f23fdcb7d953f38821eb1b3773453e8ca886c59999f377fa142dd48aef5d6537,,,,2128,easy,63,0.008242762000008952,64,76712
0.8203125,18,mirror,128,5c9476efd9bee32580a770e74c724dcbec3f8badcfa9d6eeebff4dbc3dd8405f,,,,808,easy,63,0.01995392899698345,128,76712
0.8203125,1,full_rule_bank,128,f23fdcb7d953f38821eb1b3773453e8ca886c59999f377fa142dd48aef5d6537,,,,2128,easy,63,0.016485524000017904,128,76712
0.8203125,18,mirror,256,5c9476efd9bee32580a770e74c724dcbec3f8badcfa9d6eeebff4dbc3dd8405f,,,0.012354658916592598,808,easy,63,0.0399078579939669,256,76712
0.8203125,1,full_rule_bank,256,f23fdcb7d953f38821eb1b3773453e8ca886c59999f377fa142dd48aef5d6537,,,0.018962517380714417,2128,easy,63,0.03297104800003581,256,76712
0.796875,1,frozen_shared,0,,,,2.6982903480529785,,hard,0,0.0,0,76712
0.796875,1,full_overwrite_final,256,2766048157ca67a5eba32a91dbf1efa829f3b2a6acd75eca87cbae1b714af25d,,,2.803980827331543,112,hard,0,0.0,256,76712
0.626953125,1,frozen_shared,0,,,,4.115797996520996,,hard,1,0.0,0,76712
0.626953125,1,full_overwrite_final,256,2766048157ca67a5eba32a91dbf1efa829f3b2a6acd75eca87cbae1b714af25d,,,4.135651588439941,112,hard,1,0.0,256,76712
0.775390625,1,frozen_shared,0,,,,0.03484150394797325,,easy,2,0.0,0,76712
0.775390625,1,full_overwrite_final,256,2766048157ca67a5eba32a91dbf1efa829f3b2a6acd75eca87cbae1b714af25d,,,0.015379076823592186,112,easy,2,0.0,256,76712
0.642578125,1,frozen_shared,0,,,,1.757448434829712,,hard,3,0.0,0,76712
0.642578125,1,full_overwrite_final,256,2766048157ca67a5eba32a91dbf1efa829f3b2a6acd75eca87cbae1b714af25d,,,1.7552244663238525,112,hard,3,0.0,256,76712
0.810546875,1,frozen_shared,0,,,,0.6788585782051086,,hard,4,0.0,0,76712
0.810546875,1,full_overwrite_final,256,2766048157ca67a5eba32a91dbf1efa829f3b2a6acd75eca87cbae1b714af25d,,,0.7221705913543701,112,hard,4,0.0,256,76712
0.880859375,1,frozen_shared,0,,,,1.5656161308288574,,hard,5,0.0,0,76712
0.880859375,1,full_overwrite_final,256,2766048157ca67a5eba32a91dbf1efa829f3b2a6acd75eca87cbae1b714af25d,,,1.457929253578186,112,hard,5,0.0,256,76712
0.806640625,1,frozen_shared,0,,,,0.019472584128379822,,easy,6,0.0,0,76712
0.806640625,1,full_overwrite_final,256,2766048157ca67a5eba32a91dbf1efa829f3b2a6acd75eca87cbae1b714af25d,,,0.016746191307902336,112,easy,6,0.0,256,76712
0.794921875,1,frozen_shared,0,,,,0.003870632266625762,,easy,7,0.0,0,76712
0.794921875,1,full_overwrite_final,256,2766048157ca67a5eba32a91dbf1efa829f3b2a6acd75eca87cbae1b714af25d,,,0.029941890388727188,112,easy,7,0.0,256,76712
0.8046875,1,frozen_shared,0,,,,0.023210953921079636,,easy,8,0.0,0,76712
0.8046875,1,full_overwrite_final,256,2766048157ca67a5eba32a91dbf1efa829f3b2a6acd75eca87cbae1b714af25d,,,0.07301793992519379,112,easy,8,0.0,256,76712
0.904296875,1,frozen_shared,0,,,,2.6957645416259766,,hard,9,0.0,0,76712
0.904296875,1,full_overwrite_final,256,2766048157ca67a5eba32a91dbf1efa829f3b2a6acd75eca87cbae1b714af25d,,,2.8256826400756836,112,hard,9,0.0,256,76712
0.81640625,1,frozen_shared,0,,,,0.06843920797109604,,easy,10,0.0,0,76712
0.81640625,1,full_overwrite_final,256,2766048157ca67a5eba32a91dbf1efa829f3b2a6acd75eca87cbae1b714af25d,,,0.0529564693570137,112,easy,10,0.0,256,76712
0.8515625,1,frozen_shared,0,,,,0.05314739793539047,,easy,11,0.0,0,76712
0.8515625,1,full_overwrite_final,256,2766048157ca67a5eba32a91dbf1efa829f3b2a6acd75eca87cbae1b714af25d,,,0.10037242621183395,112,easy,11,0.0,256,76712
0.78515625,1,frozen_shared,0,,,,0.08057928830385208,,easy,12,0.0,0,76712
0.78515625,1,full_overwrite_final,256,2766048157ca67a5eba32a91dbf1efa829f3b2a6acd75eca87cbae1b714af25d,,,0.05541452020406723,112,easy,12,0.0,256,76712
0.70703125,1,frozen_shared,0,,,,2.3341543674468994,,hard,13,0.0,0,76712
0.70703125,1,full_overwrite_final,256,2766048157ca67a5eba32a91dbf1efa829f3b2a6acd75eca87cbae1b714af25d,,,2.469433069229126,112,hard,13,0.0,256,76712
0.826171875,1,frozen_shared,0,,,,0.004191912245005369,,easy,14,0.0,0,76712
0.826171875,1,full_overwrite_final,256,2766048157ca67a5eba32a91dbf1efa829f3b2a6acd75eca87cbae1b714af25d,,,0.031998902559280396,112,easy,14,0.0,256,76712
0.83984375,1,frozen_shared,0,,,,0.056717462837696075,,easy,15,0.0,0,76712
0.83984375,1,full_overwrite_final,256,2766048157ca67a5eba32a91dbf1efa829f3b2a6acd75eca87cbae1b714af25d,,,0.1250113546848297,112,easy,15,0.0,256,76712
0.732421875,1,frozen_shared,0,,,,1.5347063541412354,,hard,16,0.0,0,76712
0.732421875,1,full_overwrite_final,256,2766048157ca67a5eba32a91dbf1efa829f3b2a6acd75eca87cbae1b714af25d,,,1.5229946374893188,112,hard,16,0.0,256,76712
0.759765625,1,frozen_shared,0,,,,0.4703492522239685,,hard,17,0.0,0,76712
0.759765625,1,full_overwrite_final,256,2766048157ca67a5eba32a91dbf1efa829f3b2a6acd75eca87cbae1b714af25d,,,0.4213979244232178,112,hard,17,0.0,256,76712
0.693359375,1,frozen_shared,0,,,,1.4895480871200562,,hard,18,0.0,0,76712
0.693359375,1,full_overwrite_final,256,2766048157ca67a5eba32a91dbf1efa829f3b2a6acd75eca87cbae1b714af25d,,,1.6699539422988892,112,hard,18,0.0,256,76712
0.751953125,1,frozen_shared,0,,,,0.08337593078613281,,easy,19,0.0,0,76712
0.751953125,1,full_overwrite_final,256,2766048157ca67a5eba32a91dbf1efa829f3b2a6acd75eca87cbae1b714af25d,,,0.07809697091579437,112,easy,19,0.0,256,76712
0.720703125,1,frozen_shared,0,,,,3.581144094467163,,hard,20,0.0,0,76712
0.720703125,1,full_overwrite_final,256,2766048157ca67a5eba32a91dbf1efa829f3b2a6acd75eca87cbae1b714af25d,,,3.914661169052124,112,hard,20,0.0,256,76712
0.755859375,1,frozen_shared,0,,,,2.7745957374572754,,hard,21,0.0,0,76712
0.755859375,1,full_overwrite_final,256,2766048157ca67a5eba32a91dbf1efa829f3b2a6acd75eca87cbae1b714af25d,,,2.944417715072632,112,hard,21,0.0,256,76712
0.81640625,1,frozen_shared,0,,,,0.0527707040309906,,easy,22,0.0,0,76712
0.81640625,1,full_overwrite_final,256,2766048157ca67a5eba32a91dbf1efa829f3b2a6acd75eca87cbae1b714af25d,,,0.11163419485092163,112,easy,22,0.0,256,76712
0.794921875,1,frozen_shared,0,,,,0.011133654043078423,,easy,23,0.0,0,76712
0.794921875,1,full_overwrite_final,256,2766048157ca67a5eba32a91dbf1efa829f3b2a6acd75eca87cbae1b714af25d,,,0.0086237583309412,112,easy,23,0.0,256,76712
0.798828125,1,frozen_shared,0,,,,0.02450805902481079,,easy,24,0.0,0,76712
0.798828125,1,full_overwrite_final,256,2766048157ca67a5eba32a91dbf1efa829f3b2a6acd75eca87cbae1b714af25d,,,0.06840527802705765,112,easy,24,0.0,256,76712
0.77734375,1,frozen_shared,0,,,,0.08103334903717041,,easy,25,0.0,0,76712
0.77734375,1,full_overwrite_final,256,2766048157ca67a5eba32a91dbf1efa829f3b2a6acd75eca87cbae1b714af25d,,,0.04012278467416763,112,easy,25,0.0,256,76712
0.837890625,1,frozen_shared,0,,,,0.038132358342409134,,easy,26,0.0,0,76712
0.837890625,1,full_overwrite_final,256,2766048157ca67a5eba32a91dbf1efa829f3b2a6acd75eca87cbae1b714af25d,,,0.07231785356998444,112,easy,26,0.0,256,76712
0.8125,1,frozen_shared,0,,,,0.08981983363628387,,easy,27,0.0,0,76712
0.8125,1,full_overwrite_final,256,2766048157ca67a5eba32a91dbf1efa829f3b2a6acd75eca87cbae1b714af25d,,,0.048470549285411835,112,easy,27,0.0,256,76712
0.869140625,1,frozen_shared,0,,,,1.5987067222595215,,hard,28,0.0,0,76712
0.869140625,1,full_overwrite_final,256,2766048157ca67a5eba32a91dbf1efa829f3b2a6acd75eca87cbae1b714af25d,,,1.5357387065887451,112,hard,28,0.0,256,76712
0.82421875,1,frozen_shared,0,,,,0.02427634224295616,,easy,29,0.0,0,76712
0.82421875,1,full_overwrite_final,256,2766048157ca67a5eba32a91dbf1efa829f3b2a6acd75eca87cbae1b714af25d,,,0.07502064853906631,112,easy,29,0.0,256,76712
0.716796875,1,frozen_shared,0,,,,5.524750232696533,,hard,30,0.0,0,76712
0.716796875,1,full_overwrite_final,256,2766048157ca67a5eba32a91dbf1efa829f3b2a6acd75eca87cbae1b714af25d,,,5.379572868347168,112,hard,30,0.0,256,76712
0.806640625,1,frozen_shared,0,,,,0.047161832451820374,,easy,31,0.0,0,76712
0.806640625,1,full_overwrite_final,256,2766048157ca67a5eba32a91dbf1efa829f3b2a6acd75eca87cbae1b714af25d,,,0.06228601932525635,112,easy,31,0.0,256,76712
0.662109375,1,frozen_shared,0,,,,3.9554266929626465,,hard,32,0.0,0,76712
0.662109375,1,full_overwrite_final,256,2766048157ca67a5eba32a91dbf1efa829f3b2a6acd75eca87cbae1b714af25d,,,3.6139252185821533,112,hard,32,0.0,256,76712
0.87109375,1,frozen_shared,0,,,,2.4422574043273926,,hard,33,0.0,0,76712
0.87109375,1,full_overwrite_final,256,2766048157ca67a5eba32a91dbf1efa829f3b2a6acd75eca87cbae1b714af25d,,,2.5648088455200195,112,hard,33,0.0,256,76712
0.763671875,1,frozen_shared,0,,,,2.7875308990478516,,hard,34,0.0,0,76712
0.763671875,1,full_overwrite_final,256,2766048157ca67a5eba32a91dbf1efa829f3b2a6acd75eca87cbae1b714af25d,,,2.9204702377319336,112,hard,34,0.0,256,76712
0.849609375,1,frozen_shared,0,,,,0.5961563587188721,,hard,35,0.0,0,76712
0.849609375,1,full_overwrite_final,256,2766048157ca67a5eba32a91dbf1efa829f3b2a6acd75eca87cbae1b714af25d,,,0.6988949775695801,112,hard,35,0.0,256,76712
0.8125,1,frozen_shared,0,,,,1.8475221395492554,,hard,36,0.0,0,76712
0.8125,1,full_overwrite_final,256,2766048157ca67a5eba32a91dbf1efa829f3b2a6acd75eca87cbae1b714af25d,,,1.7793790102005005,112,hard,36,0.0,256,76712
0.84375,1,frozen_shared,0,,,,1.1247823238372803,,hard,37,0.0,0,76712
0.84375,1,full_overwrite_final,256,2766048157ca67a5eba32a91dbf1efa829f3b2a6acd75eca87cbae1b714af25d,,,0.970481276512146,112,hard,37,0.0,256,76712
0.765625,1,frozen_shared,0,,,,0.32890209555625916,,easy,38,0.0,0,76712
0.765625,1,full_overwrite_final,256,2766048157ca67a5eba32a91dbf1efa829f3b2a6acd75eca87cbae1b714af25d,,,0.22756393253803253,112,easy,38,0.0,256,76712
0.880859375,1,frozen_shared,0,,,,3.710080146789551,,hard,39,0.0,0,76712
0.880859375,1,full_overwrite_final,256,2766048157ca67a5eba32a91dbf1efa829f3b2a6acd75eca87cbae1b714af25d,,,3.8751864433288574,112,hard,39,0.0,256,76712
0.82421875,1,frozen_shared,0,,,,0.002374086296185851,,easy,40,0.0,0,76712
0.82421875,1,full_overwrite_final,256,2766048157ca67a5eba32a91dbf1efa829f3b2a6acd75eca87cbae1b714af25d,,,0.012871370650827885,112,easy,40,0.0,256,76712
0.796875,1,frozen_shared,0,,,,3.019243001937866,,hard,41,0.0,0,76712
0.796875,1,full_overwrite_final,256,2766048157ca67a5eba32a91dbf1efa829f3b2a6acd75eca87cbae1b714af25d,,,3.2674593925476074,112,hard,41,0.0,256,76712
0.8359375,1,frozen_shared,0,,,,0.047950927168130875,,easy,42,0.0,0,76712
0.8359375,1,full_overwrite_final,256,2766048157ca67a5eba32a91dbf1efa829f3b2a6acd75eca87cbae1b714af25d,,,0.10762463510036469,112,easy,42,0.0,256,76712
0.90234375,1,frozen_shared,0,,,,3.069183111190796,,hard,43,0.0,0,76712
0.90234375,1,full_overwrite_final,256,2766048157ca67a5eba32a91dbf1efa829f3b2a6acd75eca87cbae1b714af25d,,,3.1692020893096924,112,hard,43,0.0,256,76712
0.8125,1,frozen_shared,0,,,,0.07796408236026764,,easy,44,0.0,0,76712
0.8125,1,full_overwrite_final,256,2766048157ca67a5eba32a91dbf1efa829f3b2a6acd75eca87cbae1b714af25d,,,0.15473608672618866,112,easy,44,0.0,256,76712
0.8046875,1,frozen_shared,0,,,,0.07428935170173645,,easy,45,0.0,0,76712
0.8046875,1,full_overwrite_final,256,2766048157ca67a5eba32a91dbf1efa829f3b2a6acd75eca87cbae1b714af25d,,,0.0863988921046257,112,easy,45,0.0,256,76712
0.818359375,1,frozen_shared,0,,,,0.0657864511013031,,easy,46,0.0,0,76712
0.818359375,1,full_overwrite_final,256,2766048157ca67a5eba32a91dbf1efa829f3b2a6acd75eca87cbae1b714af25d,,,0.12553541362285614,112,easy,46,0.0,256,76712
0.603515625,1,frozen_shared,0,,,,3.13560152053833,,hard,47,0.0,0,76712
0.603515625,1,full_overwrite_final,256,2766048157ca67a5eba32a91dbf1efa829f3b2a6acd75eca87cbae1b714af25d,,,2.995380401611328,112,hard,47,0.0,256,76712
0.80078125,1,frozen_shared,0,,,,0.013248875737190247,,easy,48,0.0,0,76712
0.80078125,1,full_overwrite_final,256,2766048157ca67a5eba32a91dbf1efa829f3b2a6acd75eca87cbae1b714af25d,,,0.009135723114013672,112,easy,48,0.0,256,76712
0.833984375,1,frozen_shared,0,,,,0.036538176238536835,,easy,49,0.0,0,76712
0.833984375,1,full_overwrite_final,256,2766048157ca67a5eba32a91dbf1efa829f3b2a6acd75eca87cbae1b714af25d,,,0.0917525514960289,112,easy,49,0.0,256,76712
0.880859375,1,frozen_shared,0,,,,2.298156261444092,,hard,50,0.0,0,76712
0.880859375,1,full_overwrite_final,256,2766048157ca67a5eba32a91dbf1efa829f3b2a6acd75eca87cbae1b714af25d,,,2.3606150150299072,112,hard,50,0.0,256,76712
0.765625,1,frozen_shared,0,,,,1.6735762357711792,,hard,51,0.0,0,76712
0.765625,1,full_overwrite_final,256,2766048157ca67a5eba32a91dbf1efa829f3b2a6acd75eca87cbae1b714af25d,,,1.5118389129638672,112,hard,51,0.0,256,76712
0.83203125,1,frozen_shared,0,,,,0.0866631269454956,,easy,52,0.0,0,76712
0.83203125,1,full_overwrite_final,256,2766048157ca67a5eba32a91dbf1efa829f3b2a6acd75eca87cbae1b714af25d,,,0.15742449462413788,112,easy,52,0.0,256,76712
0.810546875,1,frozen_shared,0,,,,2.469644784927368,,hard,53,0.0,0,76712
0.810546875,1,full_overwrite_final,256,2766048157ca67a5eba32a91dbf1efa829f3b2a6acd75eca87cbae1b714af25d,,,2.409724712371826,112,hard,53,0.0,256,76712
0.69140625,1,frozen_shared,0,,,,2.482191562652588,,hard,54,0.0,0,76712
0.69140625,1,full_overwrite_final,256,2766048157ca67a5eba32a91dbf1efa829f3b2a6acd75eca87cbae1b714af25d,,,2.680868625640869,112,hard,54,0.0,256,76712
0.796875,1,frozen_shared,0,,,,0.05081745609641075,,easy,55,0.0,0,76712
0.796875,1,full_overwrite_final,256,2766048157ca67a5eba32a91dbf1efa829f3b2a6acd75eca87cbae1b714af25d,,,0.07755735516548157,112,easy,55,0.0,256,76712
0.640625,1,frozen_shared,0,,,,4.575812816619873,,hard,56,0.0,0,76712
0.640625,1,full_overwrite_final,256,2766048157ca67a5eba32a91dbf1efa829f3b2a6acd75eca87cbae1b714af25d,,,4.70664119720459,112,hard,56,0.0,256,76712
0.861328125,1,frozen_shared,0,,,,0.08776497840881348,,easy,57,0.0,0,76712
0.861328125,1,full_overwrite_final,256,2766048157ca67a5eba32a91dbf1efa829f3b2a6acd75eca87cbae1b714af25d,,,0.15587227046489716,112,easy,57,0.0,256,76712
0.791015625,1,frozen_shared,0,,,,0.007232281379401684,,easy,58,0.0,0,76712
0.791015625,1,full_overwrite_final,256,2766048157ca67a5eba32a91dbf1efa829f3b2a6acd75eca87cbae1b714af25d,,,0.011591963469982147,112,easy,58,0.0,256,76712
0.79296875,1,frozen_shared,0,,,,0.0682818740606308,,easy,59,0.0,0,76712
0.79296875,1,full_overwrite_final,256,2766048157ca67a5eba32a91dbf1efa829f3b2a6acd75eca87cbae1b714af25d,,,0.06308057904243469,112,easy,59,0.0,256,76712
0.72265625,1,frozen_shared,0,,,,1.882198452949524,,hard,60,0.0,0,76712
0.72265625,1,full_overwrite_final,256,2766048157ca67a5eba32a91dbf1efa829f3b2a6acd75eca87cbae1b714af25d,,,2.1110992431640625,112,hard,60,0.0,256,76712
0.626953125,1,frozen_shared,0,,,,2.079080104827881,,hard,61,0.0,0,76712
0.626953125,1,full_overwrite_final,256,2766048157ca67a5eba32a91dbf1efa829f3b2a6acd75eca87cbae1b714af25d,,,2.153890371322632,112,hard,61,0.0,256,76712
0.642578125,1,frozen_shared,0,,,,2.712360382080078,,hard,62,0.0,0,76712
0.642578125,1,full_overwrite_final,256,2766048157ca67a5eba32a91dbf1efa829f3b2a6acd75eca87cbae1b714af25d,,,2.877450942993164,112,hard,62,0.0,256,76712
0.765625,1,frozen_shared,0,,,,0.04408714920282364,,easy,63,0.0,0,76712
0.765625,1,full_overwrite_final,256,2766048157ca67a5eba32a91dbf1efa829f3b2a6acd75eca87cbae1b714af25d,,,0.018962517380714417,112,easy,63,0.0,256,76712
0.759765625,18,mirror_bank_after_all,256,,0.0,1.0,2.5677096843719482,,hard,0,0.0,256,76712
0.759765625,1,full_rule_bank_after_all,256,f23fdcb7d953f38821eb1b3773453e8ca886c59999f377fa142dd48aef5d6537,1.0,1.0,1.7906014919281006,2128,hard,0,0.0,256,76712
0.6796875,18,mirror_bank_after_all,256,,0.0,1.0,4.075039863586426,,hard,1,0.0,256,76712
0.748046875,1,full_rule_bank_after_all,256,f23fdcb7d953f38821eb1b3773453e8ca886c59999f377fa142dd48aef5d6537,1.0,1.0,1.8308913707733154,2128,hard,1,0.0,256,76712
0.775390625,18,mirror_bank_after_all,256,,0.0,1.0,0.005590822547674179,,easy,2,0.0,256,76712
0.775390625,1,full_rule_bank_after_all,256,f23fdcb7d953f38821eb1b3773453e8ca886c59999f377fa142dd48aef5d6537,1.0,1.0,0.02493150159716606,2128,easy,2,0.0,256,76712
0.66796875,18,mirror_bank_after_all,256,,0.0,1.0,1.58310067653656,,hard,3,0.0,256,76712
0.66796875,1,full_rule_bank_after_all,256,f23fdcb7d953f38821eb1b3773453e8ca886c59999f377fa142dd48aef5d6537,1.0,1.0,0.9604958891868591,2128,hard,3,0.0,256,76712
0.810546875,18,mirror_bank_after_all,256,,0.0,1.0,0.678087592124939,,hard,4,0.0,256,76712
0.810546875,1,full_rule_bank_after_all,256,f23fdcb7d953f38821eb1b3773453e8ca886c59999f377fa142dd48aef5d6537,1.0,1.0,0.37499600648880005,2128,hard,4,0.0,256,76712
0.908203125,18,mirror_bank_after_all,256,,0.0,1.0,1.5894469022750854,,hard,5,0.0,256,76712
0.908203125,1,full_rule_bank_after_all,256,f23fdcb7d953f38821eb1b3773453e8ca886c59999f377fa142dd48aef5d6537,1.0,1.0,1.1780781745910645,2128,hard,5,0.0,256,76712
0.794921875,18,mirror_bank_after_all,256,,0.0,1.0,0.03096962533891201,,easy,6,0.0,256,76712
0.794921875,1,full_rule_bank_after_all,256,f23fdcb7d953f38821eb1b3773453e8ca886c59999f377fa142dd48aef5d6537,1.0,1.0,0.04103658348321915,2128,easy,6,0.0,256,76712
0.833984375,18,mirror_bank_after_all,256,,0.0,1.0,0.013955757021903992,,easy,7,0.0,256,76712
0.833984375,1,full_rule_bank_after_all,256,f23fdcb7d953f38821eb1b3773453e8ca886c59999f377fa142dd48aef5d6537,1.0,1.0,0.024841252714395523,2128,easy,7,0.0,256,76712
0.826171875,18,mirror_bank_after_all,256,,0.0,1.0,0.01889106258749962,,easy,8,0.0,256,76712
0.826171875,1,full_rule_bank_after_all,256,f23fdcb7d953f38821eb1b3773453e8ca886c59999f377fa142dd48aef5d6537,1.0,1.0,0.03782449662685394,2128,easy,8,0.0,256,76712
0.8984375,18,mirror_bank_after_all,256,,0.0,1.0,2.6432130336761475,,hard,9,0.0,256,76712
0.8984375,1,full_rule_bank_after_all,256,f23fdcb7d953f38821eb1b3773453e8ca886c59999f377fa142dd48aef5d6537,1.0,1.0,1.8044874668121338,2128,hard,9,0.0,256,76712
0.8203125,18,mirror_bank_after_all,256,,0.0,1.0,0.036060456186532974,,easy,10,0.0,256,76712
0.8203125,1,full_rule_bank_after_all,256,f23fdcb7d953f38821eb1b3773453e8ca886c59999f377fa142dd48aef5d6537,1.0,1.0,0.05524317920207977,2128,easy,10,0.0,256,76712
0.80859375,18,mirror_bank_after_all,256,,0.0,1.0,0.033303532749414444,,easy,11,0.0,256,76712
0.80859375,1,full_rule_bank_after_all,256,f23fdcb7d953f38821eb1b3773453e8ca886c59999f377fa142dd48aef5d6537,1.0,1.0,0.04134266451001167,2128,easy,11,0.0,256,76712
0.79296875,18,mirror_bank_after_all,256,,0.0,1.0,0.07789000868797302,,easy,12,0.0,256,76712
0.79296875,1,full_rule_bank_after_all,256,f23fdcb7d953f38821eb1b3773453e8ca886c59999f377fa142dd48aef5d6537,1.0,1.0,0.099249929189682,2128,easy,12,0.0,256,76712
0.650390625,18,mirror_bank_after_all,256,,0.0,1.0,2.3086533546447754,,hard,13,0.0,256,76712
0.650390625,1,full_rule_bank_after_all,256,f23fdcb7d953f38821eb1b3773453e8ca886c59999f377fa142dd48aef5d6537,1.0,1.0,0.7171987295150757,2128,hard,13,0.0,256,76712
0.80078125,18,mirror_bank_after_all,256,,0.0,1.0,0.006744096986949444,,easy,14,0.0,256,76712
0.80078125,1,full_rule_bank_after_all,256,f23fdcb7d953f38821eb1b3773453e8ca886c59999f377fa142dd48aef5d6537,1.0,1.0,0.010044043883681297,2128,easy,14,0.0,256,76712
0.818359375,18,mirror_bank_after_all,256,,0.0,1.0,0.027906419709324837,,easy,15,0.0,256,76712
0.818359375,1,full_rule_bank_after_all,256,f23fdcb7d953f38821eb1b3773453e8ca886c59999f377fa142dd48aef5d6537,1.0,1.0,0.0413813516497612,2128,easy,15,0.0,256,76712
0.705078125,18,mirror_bank_after_all,256,,0.0,1.0,1.0858228206634521,,hard,16,0.0,256,76712
0.705078125,1,full_rule_bank_after_all,256,f23fdcb7d953f38821eb1b3773453e8ca886c59999f377fa142dd48aef5d6537,1.0,1.0,0.7641393542289734,2128,hard,16,0.0,256,76712
0.7421875,18,mirror_bank_after_all,256,,0.0,1.0,0.45133984088897705,,hard,17,0.0,256,76712
0.7421875,1,full_rule_bank_after_all,256,f23fdcb7d953f38821eb1b3773453e8ca886c59999f377fa142dd48aef5d6537,1.0,1.0,0.17624622583389282,2128,hard,17,0.0,256,76712
0.728515625,18,mirror_bank_after_all,256,,0.0,1.0,1.4958782196044922,,hard,18,0.0,256,76712
0.728515625,1,full_rule_bank_after_all,256,f23fdcb7d953f38821eb1b3773453e8ca886c59999f377fa142dd48aef5d6537,1.0,1.0,0.8674176931381226,2128,hard,18,0.0,256,76712
0.798828125,18,mirror_bank_after_all,256,,0.0,1.0,0.05010228604078293,,easy,19,0.0,256,76712
0.798828125,1,full_rule_bank_after_all,256,f23fdcb7d953f38821eb1b3773453e8ca886c59999f377fa142dd48aef5d6537,1.0,1.0,0.055936574935913086,2128,easy,19,0.0,256,76712
0.740234375,18,mirror_bank_after_all,256,,0.0,1.0,3.475327253341675,,hard,20,0.0,256,76712
0.81640625,1,full_rule_bank_after_all,256,f23fdcb7d953f38821eb1b3773453e8ca886c59999f377fa142dd48aef5d6537,1.0,1.0,2.1906347274780273,2128,hard,20,0.0,256,76712
0.74609375,18,mirror_bank_after_all,256,,0.0,1.0,2.062105655670166,,hard,21,0.0,256,76712
0.74609375,1,full_rule_bank_after_all,256,f23fdcb7d953f38821eb1b3773453e8ca886c59999f377fa142dd48aef5d6537,1.0,1.0,1.5218923091888428,2128,hard,21,0.0,256,76712
0.826171875,18,mirror_bank_after_all,256,,0.0,1.0,0.036605462431907654,,easy,22,0.0,256,76712
0.826171875,1,full_rule_bank_after_all,256,f23fdcb7d953f38821eb1b3773453e8ca886c59999f377fa142dd48aef5d6537,1.0,1.0,0.049277156591415405,2128,easy,22,0.0,256,76712
0.806640625,18,mirror_bank_after_all,256,,0.0,1.0,0.005167529918253422,,easy,23,0.0,256,76712
0.806640625,1,full_rule_bank_after_all,256,f23fdcb7d953f38821eb1b3773453e8ca886c59999f377fa142dd48aef5d6537,1.0,1.0,0.010779079049825668,2128,easy,23,0.0,256,76712
0.791015625,18,mirror_bank_after_all,256,,0.0,1.0,0.011029812507331371,,easy,24,0.0,256,76712
0.791015625,1,full_rule_bank_after_all,256,f23fdcb7d953f38821eb1b3773453e8ca886c59999f377fa142dd48aef5d6537,1.0,1.0,0.014333546161651611,2128,easy,24,0.0,256,76712
0.787109375,18,mirror_bank_after_all,256,,0.0,1.0,0.04144155979156494,,easy,25,0.0,256,76712
0.787109375,1,full_rule_bank_after_all,256,f23fdcb7d953f38821eb1b3773453e8ca886c59999f377fa142dd48aef5d6537,1.0,1.0,0.0595620721578598,2128,easy,25,0.0,256,76712
0.814453125,18,mirror_bank_after_all,256,,0.0,1.0,0.014792688190937042,,easy,26,0.0,256,76712
0.814453125,1,full_rule_bank_after_all,256,f23fdcb7d953f38821eb1b3773453e8ca886c59999f377fa142dd48aef5d6537,1.0,1.0,0.02588728256523609,2128,easy,26,0.0,256,76712
0.771484375,18,mirror_bank_after_all,256,,0.0,1.0,0.024428054690361023,,easy,27,0.0,256,76712
0.771484375,1,full_rule_bank_after_all,256,f23fdcb7d953f38821eb1b3773453e8ca886c59999f377fa142dd48aef5d6537,1.0,1.0,0.038219351321458817,2128,easy,27,0.0,256,76712
0.857421875,18,mirror_bank_after_all,256,,0.0,1.0,1.5340957641601562,,hard,28,0.0,256,76712
0.857421875,1,full_rule_bank_after_all,256,f23fdcb7d953f38821eb1b3773453e8ca886c59999f377fa142dd48aef5d6537,1.0,1.0,1.0692225694656372,2128,hard,28,0.0,256,76712
0.818359375,18,mirror_bank_after_all,256,,0.0,1.0,0.007802695967257023,,easy,29,0.0,256,76712
0.818359375,1,full_rule_bank_after_all,256,f23fdcb7d953f38821eb1b3773453e8ca886c59999f377fa142dd48aef5d6537,1.0,1.0,0.012265156954526901,2128,easy,29,0.0,256,76712
0.759765625,18,mirror_bank_after_all,256,,0.0,1.0,4.092960357666016,,hard,30,0.0,256,76712
0.759765625,1,full_rule_bank_after_all,256,f23fdcb7d953f38821eb1b3773453e8ca886c59999f377fa142dd48aef5d6537,1.0,1.0,3.1873981952667236,2128,hard,30,0.0,256,76712
0.8203125,18,mirror_bank_after_all,256,,0.0,1.0,0.02907753176987171,,easy,31,0.0,256,76712
0.8203125,1,full_rule_bank_after_all,256,f23fdcb7d953f38821eb1b3773453e8ca886c59999f377fa142dd48aef5d6537,1.0,1.0,0.03566567599773407,2128,easy,31,0.0,256,76712
0.642578125,18,mirror_bank_after_all,256,,0.0,1.0,3.757418155670166,,hard,32,0.0,256,76712
0.642578125,1,full_rule_bank_after_all,256,f23fdcb7d953f38821eb1b3773453e8ca886c59999f377fa142dd48aef5d6537,1.0,1.0,2.0754735469818115,2128,hard,32,0.0,256,76712
0.853515625,18,mirror_bank_after_all,256,,0.0,1.0,2.144366979598999,,hard,33,0.0,256,76712
0.853515625,1,full_rule_bank_after_all,256,f23fdcb7d953f38821eb1b3773453e8ca886c59999f377fa142dd48aef5d6537,1.0,1.0,1.5471365451812744,2128,hard,33,0.0,256,76712
0.80859375,18,mirror_bank_after_all,256,,0.0,1.0,2.7509734630584717,,hard,34,0.0,256,76712
0.873046875,1,full_rule_bank_after_all,256,f23fdcb7d953f38821eb1b3773453e8ca886c59999f377fa142dd48aef5d6537,1.0,1.0,1.5620921850204468,2128,hard,34,0.0,256,76712
0.845703125,18,mirror_bank_after_all,256,,0.0,1.0,0.5215376615524292,,hard,35,0.0,256,76712
0.845703125,1,full_rule_bank_after_all,256,f23fdcb7d953f38821eb1b3773453e8ca886c59999f377fa142dd48aef5d6537,1.0,1.0,0.3799681067466736,2128,hard,35,0.0,256,76712
0.75390625,18,mirror_bank_after_all,256,,0.0,1.0,1.65146005153656,,hard,36,0.0,256,76712
0.75390625,1,full_rule_bank_after_all,256,f23fdcb7d953f38821eb1b3773453e8ca886c59999f377fa142dd48aef5d6537,1.0,1.0,0.9154313206672668,2128,hard,36,0.0,256,76712
0.8125,18,mirror_bank_after_all,256,,0.0,1.0,0.8527320027351379,,hard,37,0.0,256,76712
0.8125,1,full_rule_bank_after_all,256,f23fdcb7d953f38821eb1b3773453e8ca886c59999f377fa142dd48aef5d6537,1.0,1.0,0.4556853771209717,2128,hard,37,0.0,256,76712
0.796875,18,mirror_bank_after_all,256,,0.0,1.0,0.15617221593856812,,easy,38,0.0,256,76712
0.796875,1,full_rule_bank_after_all,256,f23fdcb7d953f38821eb1b3773453e8ca886c59999f377fa142dd48aef5d6537,1.0,1.0,0.16247574985027313,2128,easy,38,0.0,256,76712
0.875,18,mirror_bank_after_all,256,,0.0,1.0,3.335771083831787,,hard,39,0.0,256,76712
0.875,1,full_rule_bank_after_all,256,f23fdcb7d953f38821eb1b3773453e8ca886c59999f377fa142dd48aef5d6537,1.0,1.0,2.7127323150634766,2128,hard,39,0.0,256,76712
0.82421875,18,mirror_bank_after_all,256,,0.0,1.0,0.006281697191298008,,easy,40,0.0,256,76712
0.82421875,1,full_rule_bank_after_all,256,f23fdcb7d953f38821eb1b3773453e8ca886c59999f377fa142dd48aef5d6537,1.0,1.0,0.020660948008298874,2128,easy,40,0.0,256,76712
0.779296875,18,mirror_bank_after_all,256,,0.0,1.0,2.206601858139038,,hard,41,0.0,256,76712
0.779296875,1,full_rule_bank_after_all,256,f23fdcb7d953f38821eb1b3773453e8ca886c59999f377fa142dd48aef5d6537,1.0,1.0,1.8606007099151611,2128,hard,41,0.0,256,76712
0.8203125,18,mirror_bank_after_all,256,,0.0,1.0,0.011882483959197998,,easy,42,0.0,256,76712
0.8203125,1,full_rule_bank_after_all,256,f23fdcb7d953f38821eb1b3773453e8ca886c59999f377fa142dd48aef5d6537,1.0,1.0,0.02176373079419136,2128,easy,42,0.0,256,76712
0.845703125,18,mirror_bank_after_all,256,,0.0,1.0,2.8561155796051025,,hard,43,0.0,256,76712
0.845703125,1,full_rule_bank_after_all,256,f23fdcb7d953f38821eb1b3773453e8ca886c59999f377fa142dd48aef5d6537,1.0,1.0,2.0532615184783936,2128,hard,43,0.0,256,76712
0.833984375,18,mirror_bank_after_all,256,,0.0,1.0,0.050496332347393036,,easy,44,0.0,256,76712
0.833984375,1,full_rule_bank_after_all,256,f23fdcb7d953f38821eb1b3773453e8ca886c59999f377fa142dd48aef5d6537,1.0,1.0,0.05950989946722984,2128,easy,44,0.0,256,76712
0.77734375,18,mirror_bank_after_all,256,,0.0,1.0,0.04235009476542473,,easy,45,0.0,256,76712
0.77734375,1,full_rule_bank_after_all,256,f23fdcb7d953f38821eb1b3773453e8ca886c59999f377fa142dd48aef5d6537,1.0,1.0,0.05010608211159706,2128,easy,45,0.0,256,76712
0.810546875,18,mirror_bank_after_all,256,,0.0,1.0,0.053470809012651443,,easy,46,0.0,256,76712
0.810546875,1,full_rule_bank_after_all,256,f23fdcb7d953f38821eb1b3773453e8ca886c59999f377fa142dd48aef5d6537,1.0,1.0,0.0718623548746109,2128,easy,46,0.0,256,76712
0.654296875,18,mirror_bank_after_all,256,,0.0,1.0,2.335118293762207,,hard,47,0.0,256,76712
0.6875,1,full_rule_bank_after_all,256,f23fdcb7d953f38821eb1b3773453e8ca886c59999f377fa142dd48aef5d6537,1.0,1.0,1.4996745586395264,2128,hard,47,0.0,256,76712
0.83203125,18,mirror_bank_after_all,256,,0.0,1.0,0.0021875223610550165,,easy,48,0.0,256,76712
0.83203125,1,full_rule_bank_after_all,256,f23fdcb7d953f38821eb1b3773453e8ca886c59999f377fa142dd48aef5d6537,1.0,1.0,0.024322116747498512,2128,easy,48,0.0,256,76712
0.82421875,18,mirror_bank_after_all,256,,0.0,1.0,0.013559422455728054,,easy,49,0.0,256,76712
0.82421875,1,full_rule_bank_after_all,256,f23fdcb7d953f38821eb1b3773453e8ca886c59999f377fa142dd48aef5d6537,1.0,1.0,0.048049040138721466,2128,easy,49,0.0,256,76712
0.859375,18,mirror_bank_after_all,256,,0.0,1.0,2.260131597518921,,hard,50,0.0,256,76712
0.859375,1,full_rule_bank_after_all,256,f23fdcb7d953f38821eb1b3773453e8ca886c59999f377fa142dd48aef5d6537,1.0,1.0,1.7341984510421753,2128,hard,50,0.0,256,76712
0.791015625,18,mirror_bank_after_all,256,,0.0,1.0,1.3441957235336304,,hard,51,0.0,256,76712
0.791015625,1,full_rule_bank_after_all,256,f23fdcb7d953f38821eb1b3773453e8ca886c59999f377fa142dd48aef5d6537,1.0,1.0,0.9082189202308655,2128,hard,51,0.0,256,76712
0.841796875,18,mirror_bank_after_all,256,,0.0,1.0,0.08031322062015533,,easy,52,0.0,256,76712
0.841796875,1,full_rule_bank_after_all,256,f23fdcb7d953f38821eb1b3773453e8ca886c59999f377fa142dd48aef5d6537,1.0,1.0,0.09747156500816345,2128,easy,52,0.0,256,76712
0.78125,18,mirror_bank_after_all,256,,0.0,1.0,2.2544493675231934,,hard,53,0.0,256,76712
0.78125,1,full_rule_bank_after_all,256,f23fdcb7d953f38821eb1b3773453e8ca886c59999f377fa142dd48aef5d6537,1.0,1.0,1.2109217643737793,2128,hard,53,0.0,256,76712
0.708984375,18,mirror_bank_after_all,256,,0.0,1.0,2.153331995010376,,hard,54,0.0,256,76712
0.708984375,1,full_rule_bank_after_all,256,f23fdcb7d953f38821eb1b3773453e8ca886c59999f377fa142dd48aef5d6537,1.0,1.0,1.0807101726531982,2128,hard,54,0.0,256,76712
0.798828125,18,mirror_bank_after_all,256,,0.0,1.0,0.06062762811779976,,easy,55,0.0,256,76712
0.798828125,1,full_rule_bank_after_all,256,f23fdcb7d953f38821eb1b3773453e8ca886c59999f377fa142dd48aef5d6537,1.0,1.0,0.09487824141979218,2128,easy,55,0.0,256,76712
0.66796875,18,mirror_bank_after_all,256,,0.0,1.0,3.80313777923584,,hard,56,0.0,256,76712
0.833984375,1,full_rule_bank_after_all,256,f23fdcb7d953f38821eb1b3773453e8ca886c59999f377fa142dd48aef5d6537,1.0,1.0,1.87442946434021,2128,hard,56,0.0,256,76712
0.84765625,18,mirror_bank_after_all,256,,0.0,1.0,0.06864409148693085,,easy,57,0.0,256,76712
0.84765625,1,full_rule_bank_after_all,256,f23fdcb7d953f38821eb1b3773453e8ca886c59999f377fa142dd48aef5d6537,1.0,1.0,0.07631324976682663,2128,easy,57,0.0,256,76712
0.796875,18,mirror_bank_after_all,256,,0.0,1.0,0.012110811658203602,,easy,58,0.0,256,76712
0.796875,1,full_rule_bank_after_all,256,f23fdcb7d953f38821eb1b3773453e8ca886c59999f377fa142dd48aef5d6537,1.0,1.0,0.021446485072374344,2128,easy,58,0.0,256,76712
0.787109375,18,mirror_bank_after_all,256,,0.0,1.0,0.040033817291259766,,easy,59,0.0,256,76712
0.787109375,1,full_rule_bank_after_all,256,f23fdcb7d953f38821eb1b3773453e8ca886c59999f377fa142dd48aef5d6537,1.0,1.0,0.05307849869132042,2128,easy,59,0.0,256,76712
0.74609375,18,mirror_bank_after_all,256,,0.0,1.0,1.4923204183578491,,hard,60,0.0,256,76712
0.83984375,1,full_rule_bank_after_all,256,f23fdcb7d953f38821eb1b3773453e8ca886c59999f377fa142dd48aef5d6537,1.0,1.0,0.773311197757721,2128,hard,60,0.0,256,76712
0.63671875,18,mirror_bank_after_all,256,,0.0,1.0,1.3392057418823242,,hard,61,0.0,256,76712
0.697265625,1,full_rule_bank_after_all,256,f23fdcb7d953f38821eb1b3773453e8ca886c59999f377fa142dd48aef5d6537,1.0,1.0,0.619424045085907,2128,hard,61,0.0,256,76712
0.6328125,18,mirror_bank_after_all,256,,0.0,1.0,2.497431516647339,,hard,62,0.0,256,76712
0.6328125,1,full_rule_bank_after_all,256,f23fdcb7d953f38821eb1b3773453e8ca886c59999f377fa142dd48aef5d6537,1.0,1.0,1.1469918489456177,2128,hard,62,0.0,256,76712
0.8203125,18,mirror_bank_after_all,256,,0.0,1.0,0.012354658916592598,,easy,63,0.0,256,76712
0.8203125,1,full_rule_bank_after_all,256,f23fdcb7d953f38821eb1b3773453e8ca886c59999f377fa142dd48aef5d6537,1.0,1.0,0.018962517380714417,2128,easy,63,0.0,256,76712
0.740234375,18,mirror,0,8e184f34c494eb2d81fcaac24382003a3469e87d7d360af5cb8016a3deb42a94,,,,808,easy,0,0.0,0,76713
0.740234375,1,full_rule_bank,0,ade893add78cede7212ef58edb1e2172126bf561532999f5b26f97e4477d2fe8,,,,2128,easy,0,0.0,0,76713
0.740234375,18,mirror,8,8e184f34c494eb2d81fcaac24382003a3469e87d7d360af5cb8016a3deb42a94,,,,808,easy,0,0.0012702528124464152,8,76713
0.740234375,1,full_rule_bank,8,ade893add78cede7212ef58edb1e2172126bf561532999f5b26f97e4477d2fe8,,,,2128,easy,0,0.0010507731876714388,8,76713
0.740234375,18,mirror,32,8e184f34c494eb2d81fcaac24382003a3469e87d7d360af5cb8016a3deb42a94,,,,808,easy,0,0.005081011249785661,32,76713
0.740234375,1,full_rule_bank,32,ade893add78cede7212ef58edb1e2172126bf561532999f5b26f97e4477d2fe8,,,,2128,easy,0,0.004203092750685755,32,76713
0.740234375,18,mirror,64,8e184f34c494eb2d81fcaac24382003a3469e87d7d360af5cb8016a3deb42a94,,,,808,easy,0,0.010162022499571322,64,76713
0.740234375,1,full_rule_bank,64,ade893add78cede7212ef58edb1e2172126bf561532999f5b26f97e4477d2fe8,,,,2128,easy,0,0.00840618550137151,64,76713
0.740234375,18,mirror,128,8e184f34c494eb2d81fcaac24382003a3469e87d7d360af5cb8016a3deb42a94,,,,808,easy,0,0.020324044999142643,128,76713
0.740234375,1,full_rule_bank,128,ade893add78cede7212ef58edb1e2172126bf561532999f5b26f97e4477d2fe8,,,,2128,easy,0,0.01681237100274302,128,76713
0.740234375,18,mirror,256,8e184f34c494eb2d81fcaac24382003a3469e87d7d360af5cb8016a3deb42a94,,,9.418034460395575e-05,808,easy,0,0.040648089998285286,256,76713
0.740234375,1,full_rule_bank,256,ade893add78cede7212ef58edb1e2172126bf561532999f5b26f97e4477d2fe8,,,0.012542031705379486,2128,easy,0,0.03362474200548604,256,76713
0.75,18,mirror,0,8e184f34c494eb2d81fcaac24382003a3469e87d7d360af5cb8016a3deb42a94,,,,808,easy,1,0.0,0,76713
0.75,1,full_rule_bank,0,ade893add78cede7212ef58edb1e2172126bf561532999f5b26f97e4477d2fe8,,,,2128,easy,1,0.0,0,76713
0.75,18,mirror,8,8e184f34c494eb2d81fcaac24382003a3469e87d7d360af5cb8016a3deb42a94,,,,808,easy,1,0.0012248898749476211,8,76713
0.75,1,full_rule_bank,8,ade893add78cede7212ef58edb1e2172126bf561532999f5b26f97e4477d2fe8,,,,2128,easy,1,0.0010036998123723606,8,76713
0.75,18,mirror,32,8e184f34c494eb2d81fcaac24382003a3469e87d7d360af5cb8016a3deb42a94,,,,808,easy,1,0.0048995594997904846,32,76713
0.75,1,full_rule_bank,32,ade893add78cede7212ef58edb1e2172126bf561532999f5b26f97e4477d2fe8,,,,2128,easy,1,0.0040147992494894424,32,76713
0.75,18,mirror,64,8e184f34c494eb2d81fcaac24382003a3469e87d7d360af5cb8016a3deb42a94,,,,808,easy,1,0.009799118999580969,64,76713
0.75,1,full_rule_bank,64,ade893add78cede7212ef58edb1e2172126bf561532999f5b26f97e4477d2fe8,,,,2128,easy,1,0.008029598498978885,64,76713
0.75,18,mirror,128,8e184f34c494eb2d81fcaac24382003a3469e87d7d360af5cb8016a3deb42a94,,,,808,easy,1,0.019598237999161938,128,76713
0.75,1,full_rule_bank,128,ade893add78cede7212ef58edb1e2172126bf561532999f5b26f97e4477d2fe8,,,,2128,easy,1,0.01605919699795777,128,76713
0.75,18,mirror,256,8e184f34c494eb2d81fcaac24382003a3469e87d7d360af5cb8016a3deb42a94,,,0.099451944231987,808,easy,1,0.039196475998323876,256,76713
0.75,1,full_rule_bank,256,ade893add78cede7212ef58edb1e2172126bf561532999f5b26f97e4477d2fe8,,,0.138121098279953,2128,easy,1,0.03211839399591554,256,76713
0.7109375,18,mirror,0,8e184f34c494eb2d81fcaac24382003a3469e87d7d360af5cb8016a3deb42a94,,,,808,easy,2,0.0,0,76713
0.7109375,1,full_rule_bank,0,ade893add78cede7212ef58edb1e2172126bf561532999f5b26f97e4477d2fe8,,,,2128,easy,2,0.0,0,76713
0.7109375,18,mirror,8,8e184f34c494eb2d81fcaac24382003a3469e87d7d360af5cb8016a3deb42a94,,,,808,easy,2,0.001231471968594633,8,76713
0.7109375,1,full_rule_bank,8,ade893add78cede7212ef58edb1e2172126bf561532999f5b26f97e4477d2fe8,,,,2128,easy,2,0.0010024407499713561,8,76713
0.7109375,18,mirror,32,8e184f34c494eb2d81fcaac24382003a3469e87d7d360af5cb8016a3deb42a94,,,,808,easy,2,0.004925887874378532,32,76713
0.7109375,1,full_rule_bank,32,ade893add78cede7212ef58edb1e2172126bf561532999f5b26f97e4477d2fe8,,,,2128,easy,2,0.0040097629998854245,32,76713
0.7109375,18,mirror,64,8e184f34c494eb2d81fcaac24382003a3469e87d7d360af5cb8016a3deb42a94,,,,808,easy,2,0.009851775748757063,64,76713
0.7109375,1,full_rule_bank,64,ade893add78cede7212ef58edb1e2172126bf561532999f5b26f97e4477d2fe8,,,,2128,easy,2,0.008019525999770849,64,76713
0.7109375,18,mirror,128,8e184f34c494eb2d81fcaac24382003a3469e87d7d360af5cb8016a3deb42a94,,,,808,easy,2,0.019703551497514127,128,76713
0.7109375,1,full_rule_bank,128,ade893add78cede7212ef58edb1e2172126bf561532999f5b26f97e4477d2fe8,,,,2128,easy,2,0.016039051999541698,128,76713
0.7109375,18,mirror,256,8e184f34c494eb2d81fcaac24382003a3469e87d7d360af5cb8016a3deb42a94,,,0.06863677501678467,808,easy,2,0.039407102995028254,256,76713
0.7109375,1,full_rule_bank,256,ade893add78cede7212ef58edb1e2172126bf561532999f5b26f97e4477d2fe8,,,0.08800151199102402,2128,easy,2,0.032078103999083396,256,76713
0.591796875,18,mirror,0,8e184f34c494eb2d81fcaac24382003a3469e87d7d360af5cb8016a3deb42a94,,,,808,hard,3,0.0,0,76713
0.591796875,1,full_rule_bank,0,ade893add78cede7212ef58edb1e2172126bf561532999f5b26f97e4477d2fe8,,,,2128,hard,3,0.0,0,76713
0.591796875,18,mirror,8,8e184f34c494eb2d81fcaac24382003a3469e87d7d360af5cb8016a3deb42a94,,,,808,hard,3,0.0012268975938241056,8,76713
0.591796875,1,full_rule_bank,8,ade893add78cede7212ef58edb1e2172126bf561532999f5b26f97e4477d2fe8,,,,2128,hard,3,0.001001022687432851,8,76713
0.591796875,18,mirror,32,8e184f34c494eb2d81fcaac24382003a3469e87d7d360af5cb8016a3deb42a94,,,,808,hard,3,0.004907590375296422,32,76713
0.591796875,1,full_rule_bank,32,ade893add78cede7212ef58edb1e2172126bf561532999f5b26f97e4477d2fe8,,,,2128,hard,3,0.004004090749731404,32,76713
0.591796875,18,mirror,64,8e184f34c494eb2d81fcaac24382003a3469e87d7d360af5cb8016a3deb42a94,,,,808,hard,3,0.009815180750592845,64,76713
0.591796875,1,full_rule_bank,64,ade893add78cede7212ef58edb1e2172126bf561532999f5b26f97e4477d2fe8,,,,2128,hard,3,0.008008181499462808,64,76713
0.591796875,18,mirror,128,8e184f34c494eb2d81fcaac24382003a3469e87d7d360af5cb8016a3deb42a94,,,,808,hard,3,0.01963036150118569,128,76713
0.591796875,1,full_rule_bank,128,ade893add78cede7212ef58edb1e2172126bf561532999f5b26f97e4477d2fe8,,,,2128,hard,3,0.016016362998925615,128,76713
0.591796875,18,mirror,256,8e184f34c494eb2d81fcaac24382003a3469e87d7d360af5cb8016a3deb42a94,,,0.7851351499557495,808,hard,3,0.03926072300237138,256,76713
0.591796875,1,full_rule_bank,256,ade893add78cede7212ef58edb1e2172126bf561532999f5b26f97e4477d2fe8,,,0.24062815308570862,2128,hard,3,0.03203272599785123,256,76713
0.625,18,mirror,0,8e184f34c494eb2d81fcaac24382003a3469e87d7d360af5cb8016a3deb42a94,,,,808,hard,4,0.0,0,76713
0.625,1,full_rule_bank,0,ade893add78cede7212ef58edb1e2172126bf561532999f5b26f97e4477d2fe8,,,,2128,hard,4,0.0,0,76713
0.625,18,mirror,8,8e184f34c494eb2d81fcaac24382003a3469e87d7d360af5cb8016a3deb42a94,,,,808,hard,4,0.0012455490937099967,8,76713
0.625,1,full_rule_bank,8,ade893add78cede7212ef58edb1e2172126bf561532999f5b26f97e4477d2fe8,,,,2128,hard,4,0.001050104812520658,8,76713
0.625,18,mirror,32,8e184f34c494eb2d81fcaac24382003a3469e87d7d360af5cb8016a3deb42a94,,,,808,hard,4,0.004982196374839987,32,76713
0.625,1,full_rule_bank,32,ade893add78cede7212ef58edb1e2172126bf561532999f5b26f97e4477d2fe8,,,,2128,hard,4,0.004200419250082632,32,76713
0.625,18,mirror,64,8e184f34c494eb2d81fcaac24382003a3469e87d7d360af5cb8016a3deb42a94,,,,808,hard,4,0.009964392749679973,64,76713
0.625,1,full_rule_bank,64,ade893add78cede7212ef58edb1e2172126bf561532999f5b26f97e4477d2fe8,,,,2128,hard,4,0.008400838500165264,64,76713
0.625,18,mirror,128,8e184f34c494eb2d81fcaac24382003a3469e87d7d360af5cb8016a3deb42a94,,,,808,hard,4,0.019928785499359947,128,76713
0.625,1,full_rule_bank,128,ade893add78cede7212ef58edb1e2172126bf561532999f5b26f97e4477d2fe8,,,,2128,hard,4,0.016801677000330528,128,76713
0.625,18,mirror,256,8e184f34c494eb2d81fcaac24382003a3469e87d7d360af5cb8016a3deb42a94,,,1.364640235900879,808,hard,4,0.03985757099871989,256,76713
0.703125,1,full_rule_bank,256,ade893add78cede7212ef58edb1e2172126bf561532999f5b26f97e4477d2fe8,,,0.5779845714569092,2128,hard,4,0.033603354000661056,256,76713
0.77734375,18,mirror,0,8e184f34c494eb2d81fcaac24382003a3469e87d7d360af5cb8016a3deb42a94,,,,808,easy,5,0.0,0,76713
0.77734375,1,full_rule_bank,0,ade893add78cede7212ef58edb1e2172126bf561532999f5b26f97e4477d2fe8,,,,2128,easy,5,0.0,0,76713
0.77734375,18,mirror,8,8e184f34c494eb2d81fcaac24382003a3469e87d7d360af5cb8016a3deb42a94,,,,808,easy,5,0.0012405797499468463,8,76713
0.77734375,1,full_rule_bank,8,ade893add78cede7212ef58edb1e2172126bf561532999f5b26f97e4477d2fe8,,,,2128,easy,5,0.0010179287501159706,8,76713
0.77734375,18,mirror,32,8e184f34c494eb2d81fcaac24382003a3469e87d7d360af5cb8016a3deb42a94,,,,808,easy,5,0.004962318999787385,32,76713
0.77734375,1,full_rule_bank,32,ade893add78cede7212ef58edb1e2172126bf561532999f5b26f97e4477d2fe8,,,,2128,easy,5,0.0040717150004638825,32,76713
0.77734375,18,mirror,64,8e184f34c494eb2d81fcaac24382003a3469e87d7d360af5cb8016a3deb42a94,,,,808,easy,5,0.00992463799957477,64,76713
0.77734375,1,full_rule_bank,64,ade893add78cede7212ef58edb1e2172126bf561532999f5b26f97e4477d2fe8,,,,2128,easy,5,0.008143430000927765,64,76713
0.77734375,18,mirror,128,8e184f34c494eb2d81fcaac24382003a3469e87d7d360af5cb8016a3deb42a94,,,,808,easy,5,0.01984927599914954,128,76713
0.77734375,1,full_rule_bank,128,ade893add78cede7212ef58edb1e2172126bf561532999f5b26f97e4477d2fe8,,,,2128,easy,5,0.01628686000185553,128,76713
0.77734375,18,mirror,256,8e184f34c494eb2d81fcaac24382003a3469e87d7d360af5cb8016a3deb42a94,,,0.0030609299428761005,808,easy,5,0.03969855199829908,256,76713
0.77734375,1,full_rule_bank,256,ade893add78cede7212ef58edb1e2172126bf561532999f5b26f97e4477d2fe8,,,0.03936716169118881,2128,easy,5,0.03257372000371106,256,76713
0.646484375,18,mirror,0,8e184f34c494eb2d81fcaac24382003a3469e87d7d360af5cb8016a3deb42a94,,,,808,hard,6,0.0,0,76713
0.646484375,1,full_rule_bank,0,ade893add78cede7212ef58edb1e2172126bf561532999f5b26f97e4477d2fe8,,,,2128,hard,6,0.0,0,76713
0.646484375,18,mirror,8,8e184f34c494eb2d81fcaac24382003a3469e87d7d360af5cb8016a3deb42a94,,,,808,hard,6,0.0012820421250125946,8,76713
0.646484375,1,full_rule_bank,8,ade893add78cede7212ef58edb1e2172126bf561532999f5b26f97e4477d2fe8,,,,2128,hard,6,0.0010281823126661038,8,76713
0.646484375,18,mirror,32,8e184f34c494eb2d81fcaac24382003a3469e87d7d360af5cb8016a3deb42a94,,,,808,hard,6,0.0051281685000503785,32,76713
0.646484375,1,full_rule_bank,32,ade893add78cede7212ef58edb1e2172126bf561532999f5b26f97e4477d2fe8,,,,2128,hard,6,0.004112729250664415,32,76713
0.646484375,18,mirror,64,8e184f34c494eb2d81fcaac24382003a3469e87d7d360af5cb8016a3deb42a94,,,,808,hard,6,0.010256337000100757,64,76713
0.646484375,1,full_rule_bank,64,ade893add78cede7212ef58edb1e2172126bf561532999f5b26f97e4477d2fe8,,,,2128,hard,6,0.00822545850132883,64,76713
0.646484375,18,mirror,128,8e184f34c494eb2d81fcaac24382003a3469e87d7d360af5cb8016a3deb42a94,,,,808,hard,6,0.020512674000201514,128,76713
0.646484375,1,full_rule_bank,128,ade893add78cede7212ef58edb1e2172126bf561532999f5b26f97e4477d2fe8,,,,2128,hard,6,0.01645091700265766,128,76713
0.646484375,18,mirror,256,8e184f34c494eb2d81fcaac24382003a3469e87d7d360af5cb8016a3deb42a94,,,0.6826883554458618,808,hard,6,0.04102534800040303,256,76713
0.703125,1,full_rule_bank,256,ade893add78cede7212ef58edb1e2172126bf561532999f5b26f97e4477d2fe8,,,0.254343181848526,2128,hard,6,0.03290183400531532,256,76713
0.7109375,18,mirror,0,8e184f34c494eb2d81fcaac24382003a3469e87d7d360af5cb8016a3deb42a94,,,,808,easy,7,0.0,0,76713
0.7109375,1,full_rule_bank,0,ade893add78cede7212ef58edb1e2172126bf561532999f5b26f97e4477d2fe8,,,,2128,easy,7,0.0,0,76713
0.7109375,18,mirror,8,8e184f34c494eb2d81fcaac24382003a3469e87d7d360af5cb8016a3deb42a94,,,,808,easy,7,0.0012660784375384537,8,76713
0.7109375,1,full_rule_bank,8,ade893add78cede7212ef58edb1e2172126bf561532999f5b26f97e4477d2fe8,,,,2128,easy,7,0.0010176254686484754,8,76713
0.7109375,18,mirror,32,8e184f34c494eb2d81fcaac24382003a3469e87d7d360af5cb8016a3deb42a94,,,,808,easy,7,0.005064313750153815,32,76713
0.7109375,1,full_rule_bank,32,ade893add78cede7212ef58edb1e2172126bf561532999f5b26f97e4477d2fe8,,,,2128,easy,7,0.0040705018745939014,32,76713
0.7109375,18,mirror,64,8e184f34c494eb2d81fcaac24382003a3469e87d7d360af5cb8016a3deb42a94,,,,808,easy,7,0.01012862750030763,64,76713
0.7109375,1,full_rule_bank,64,ade893add78cede7212ef58edb1e2172126bf561532999f5b26f97e4477d2fe8,,,,2128,easy,7,0.008141003749187803,64,76713
0.7109375,18,mirror,128,8e184f34c494eb2d81fcaac24382003a3469e87d7d360af5cb8016a3deb42a94,,,,808,easy,7,0.02025725500061526,128,76713
0.7109375,1,full_rule_bank,128,ade893add78cede7212ef58edb1e2172126bf561532999f5b26f97e4477d2fe8,,,,2128,easy,7,0.016282007498375606,128,76713
0.7109375,18,mirror,256,8e184f34c494eb2d81fcaac24382003a3469e87d7d360af5cb8016a3deb42a94,,,0.04742008075118065,808,easy,7,0.04051451000123052,256,76713
0.7109375,1,full_rule_bank,256,ade893add78cede7212ef58edb1e2172126bf561532999f5b26f97e4477d2fe8,,,0.06267953664064407,2128,easy,7,0.03256401499675121,256,76713
0.642578125,18,mirror,0,8e184f34c494eb2d81fcaac24382003a3469e87d7d360af5cb8016a3deb42a94,,,,808,hard,8,0.0,0,76713
0.642578125,1,full_rule_bank,0,ade893add78cede7212ef58edb1e2172126bf561532999f5b26f97e4477d2fe8,,,,2128,hard,8,0.0,0,76713
0.642578125,18,mirror,8,8e184f34c494eb2d81fcaac24382003a3469e87d7d360af5cb8016a3deb42a94,,,,808,hard,8,0.001255516593801076,8,76713
0.642578125,1,full_rule_bank,8,ade893add78cede7212ef58edb1e2172126bf561532999f5b26f97e4477d2fe8,,,,2128,hard,8,0.0010480765936335956,8,76713
0.642578125,18,mirror,32,8e184f34c494eb2d81fcaac24382003a3469e87d7d360af5cb8016a3deb42a94,,,,808,hard,8,0.005022066375204304,32,76713
0.642578125,1,full_rule_bank,32,ade893add78cede7212ef58edb1e2172126bf561532999f5b26f97e4477d2fe8,,,,2128,hard,8,0.0041923063745343825,32,76713
0.642578125,18,mirror,64,8e184f34c494eb2d81fcaac24382003a3469e87d7d360af5cb8016a3deb42a94,,,,808,hard,8,0.010044132750408608,64,76713
0.642578125,1,full_rule_bank,64,ade893add78cede7212ef58edb1e2172126bf561532999f5b26f97e4477d2fe8,,,,2128,hard,8,0.008384612749068765,64,76713
0.642578125,18,mirror,128,8e184f34c494eb2d81fcaac24382003a3469e87d7d360af5cb8016a3deb42a94,,,,808,hard,8,0.020088265500817215,128,76713
0.732421875,1,full_rule_bank,128,ade893add78cede7212ef58edb1e2172126bf561532999f5b26f97e4477d2fe8,,,,2128,hard,8,0.01676922549813753,128,76713
0.732421875,18,mirror,256,8e184f34c494eb2d81fcaac24382003a3469e87d7d360af5cb8016a3deb42a94,,,1.5927643775939941,808,hard,8,0.04017653100163443,256,76713
0.734375,1,full_rule_bank,256,ade893add78cede7212ef58edb1e2172126bf561532999f5b26f97e4477d2fe8,,,1.34801185131073,2128,hard,8,0.03353845099627506,256,76713
0.74609375,18,mirror,0,8e184f34c494eb2d81fcaac24382003a3469e87d7d360af5cb8016a3deb42a94,,,,808,easy,9,0.0,0,76713
0.74609375,1,full_rule_bank,0,ade893add78cede7212ef58edb1e2172126bf561532999f5b26f97e4477d2fe8,,,,2128,easy,9,0.0,0,76713
0.74609375,18,mirror,8,8e184f34c494eb2d81fcaac24382003a3469e87d7d360af5cb8016a3deb42a94,,,,808,easy,9,0.0012536387812360772,8,76713
0.74609375,1,full_rule_bank,8,ade893add78cede7212ef58edb1e2172126bf561532999f5b26f97e4477d2fe8,,,,2128,easy,9,0.0010341209374473692,8,76713
0.74609375,18,mirror,32,8e184f34c494eb2d81fcaac24382003a3469e87d7d360af5cb8016a3deb42a94,,,,808,easy,9,0.005014555124944309,32,76713
0.74609375,1,full_rule_bank,32,ade893add78cede7212ef58edb1e2172126bf561532999f5b26f97e4477d2fe8,,,,2128,easy,9,0.004136483749789477,32,76713
0.74609375,18,mirror,64,8e184f34c494eb2d81fcaac24382003a3469e87d7d360af5cb8016a3deb42a94,,,,808,easy,9,0.010029110249888618,64,76713
0.74609375,1,full_rule_bank,64,ade893add78cede7212ef58edb1e2172126bf561532999f5b26f97e4477d2fe8,,,,2128,easy,9,0.008272967499578954,64,76713
0.74609375,18,mirror,128,8e184f34c494eb2d81fcaac24382003a3469e87d7d360af5cb8016a3deb42a94,,,,808,easy,9,0.020058220499777235,128,76713
0.74609375,1,full_rule_bank,128,ade893add78cede7212ef58edb1e2172126bf561532999f5b26f97e4477d2fe8,,,,2128,easy,9,0.016545934999157907,128,76713
0.74609375,18,mirror,256,8e184f34c494eb2d81fcaac24382003a3469e87d7d360af5cb8016a3deb42a94,,,0.015095009468495846,808,easy,9,0.04011644099955447,256,76713
0.74609375,1,full_rule_bank,256,ade893add78cede7212ef58edb1e2172126bf561532999f5b26f97e4477d2fe8,,,0.036910876631736755,2128,easy,9,0.033091869998315815,256,76713
0.70703125,18,mirror,0,8e184f34c494eb2d81fcaac24382003a3469e87d7d360af5cb8016a3deb42a94,,,,808,easy,10,0.0,0,76713
0.70703125,1,full_rule_bank,0,ade893add78cede7212ef58edb1e2172126bf561532999f5b26f97e4477d2fe8,,,,2128,easy,10,0.0,0,76713
0.70703125,18,mirror,8,8e184f34c494eb2d81fcaac24382003a3469e87d7d360af5cb8016a3deb42a94,,,,808,easy,10,0.001307397781374675,8,76713
0.70703125,1,full_rule_bank,8,ade893add78cede7212ef58edb1e2172126bf561532999f5b26f97e4477d2fe8,,,,2128,easy,10,0.0010369620624715026,8,76713
0.70703125,18,mirror,32,8e184f34c494eb2d81fcaac24382003a3469e87d7d360af5cb8016a3deb42a94,,,,808,easy,10,0.0052295911254987,32,76713
0.70703125,1,full_rule_bank,32,ade893add78cede7212ef58edb1e2172126bf561532999f5b26f97e4477d2fe8,,,,2128,easy,10,0.00414784824988601,32,76713
0.70703125,18,mirror,64,8e184f34c494eb2d81fcaac24382003a3469e87d7d360af5cb8016a3deb42a94,,,,808,easy,10,0.0104591822509974,64,76713
0.70703125,1,full_rule_bank,64,ade893add78cede7212ef58edb1e2172126bf561532999f5b26f97e4477d2fe8,,,,2128,easy,10,0.00829569649977202,64,76713
0.70703125,18,mirror,128,8e184f34c494eb2d81fcaac24382003a3469e87d7d360af5cb8016a3deb42a94,,,,808,easy,10,0.0209183645019948,128,76713
0.70703125,1,full_rule_bank,128,ade893add78cede7212ef58edb1e2172126bf561532999f5b26f97e4477d2fe8,,,,2128,easy,10,0.01659139299954404,128,76713
0.70703125,18,mirror,256,8e184f34c494eb2d81fcaac24382003a3469e87d7d360af5cb8016a3deb42a94,,,0.007896073162555695,808,easy,10,0.0418367290039896,256,76713
0.70703125,1,full_rule_bank,256,ade893add78cede7212ef58edb1e2172126bf561532999f5b26f97e4477d2fe8,,,0.04699837416410446,2128,easy,10,0.03318278599908808,256,76713
0.701171875,18,mirror,0,8e184f34c494eb2d81fcaac24382003a3469e87d7d360af5cb8016a3deb42a94,,,,808,easy,11,0.0,0,76713
0.701171875,1,full_rule_bank,0,ade893add78cede7212ef58edb1e2172126bf561532999f5b26f97e4477d2fe8,,,,2128,easy,11,0.0,0,76713
0.701171875,18,mirror,8,8e184f34c494eb2d81fcaac24382003a3469e87d7d360af5cb8016a3deb42a94,,,,808,easy,11,0.0012328324687587155,8,76713
0.701171875,1,full_rule_bank,8,ade893add78cede7212ef58edb1e2172126bf561532999f5b26f97e4477d2fe8,,,,2128,easy,11,0.0010371717498856015,8,76713
0.701171875,18,mirror,32,8e184f34c494eb2d81fcaac24382003a3469e87d7d360af5cb8016a3deb42a94,,,,808,easy,11,0.004931329875034862,32,76713
0.701171875,1,full_rule_bank,32,ade893add78cede7212ef58edb1e2172126bf561532999f5b26f97e4477d2fe8,,,,2128,easy,11,0.004148686999542406,32,76713
0.701171875,18,mirror,64,8e184f34c494eb2d81fcaac24382003a3469e87d7d360af5cb8016a3deb42a94,,,,808,easy,11,0.009862659750069724,64,76713
0.701171875,1,full_rule_bank,64,ade893add78cede7212ef58edb1e2172126bf561532999f5b26f97e4477d2fe8,,,,2128,easy,11,0.008297373999084812,64,76713
0.701171875,18,mirror,128,8e184f34c494eb2d81fcaac24382003a3469e87d7d360af5cb8016a3deb42a94,,,,808,easy,11,0.01972531950013945,128,76713
0.701171875,1,full_rule_bank,128,ade893add78cede7212ef58edb1e2172126bf561532999f5b26f97e4477d2fe8,,,,2128,easy,11,0.016594747998169623,128,76713
0.701171875,18,mirror,256,8e184f34c494eb2d81fcaac24382003a3469e87d7d360af5cb8016a3deb42a94,,,0.06478583812713623,808,easy,11,0.0394506390002789,256,76713
0.701171875,1,full_rule_bank,256,ade893add78cede7212ef58edb1e2172126bf561532999f5b26f97e4477d2fe8,,,0.07862348109483719,2128,easy,11,0.03318949599633925,256,76713
0.6015625,18,mirror,0,8e184f34c494eb2d81fcaac24382003a3469e87d7d360af5cb8016a3deb42a94,,,,808,hard,12,0.0,0,76713
0.6015625,1,full_rule_bank,0,ade893add78cede7212ef58edb1e2172126bf561532999f5b26f97e4477d2fe8,,,,2128,hard,12,0.0,0,76713
0.6015625,18,mirror,8,8e184f34c494eb2d81fcaac24382003a3469e87d7d360af5cb8016a3deb42a94,,,,808,hard,12,0.0012778220313975908,8,76713
0.6015625,1,full_rule_bank,8,ade893add78cede7212ef58edb1e2172126bf561532999f5b26f97e4477d2fe8,,,,2128,hard,12,0.001019092999968052,8,76713
0.6015625,18,mirror,32,8e184f34c494eb2d81fcaac24382003a3469e87d7d360af5cb8016a3deb42a94,,,,808,hard,12,0.005111288125590363,32,76713
0.6015625,1,full_rule_bank,32,ade893add78cede7212ef58edb1e2172126bf561532999f5b26f97e4477d2fe8,,,,2128,hard,12,0.004076371999872208,32,76713
0.6015625,18,mirror,64,8e184f34c494eb2d81fcaac24382003a3469e87d7d360af5cb8016a3deb42a94,,,,808,hard,12,0.010222576251180726,64,76713
0.6015625,1,full_rule_bank,64,ade893add78cede7212ef58edb1e2172126bf561532999f5b26f97e4477d2fe8,,,,2128,hard,12,0.008152743999744416,64,76713
0.6015625,18,mirror,128,8e184f34c494eb2d81fcaac24382003a3469e87d7d360af5cb8016a3deb42a94,,,,808,hard,12,0.020445152502361452,128,76713
0.6015625,1,full_rule_bank,128,ade893add78cede7212ef58edb1e2172126bf561532999f5b26f97e4477d2fe8,,,,2128,hard,12,0.016305487999488832,128,76713
0.6015625,18,mirror,256,8e184f34c494eb2d81fcaac24382003a3469e87d7d360af5cb8016a3deb42a94,,,1.7864980697631836,808,hard,12,0.040890305004722904,256,76713
0.681640625,1,full_rule_bank,256,ade893add78cede7212ef58edb1e2172126bf561532999f5b26f97e4477d2fe8,,,0.9186281561851501,2128,hard,12,0.032610975998977665,256,76713
0.86328125,18,mirror,0,8e184f34c494eb2d81fcaac24382003a3469e87d7d360af5cb8016a3deb42a94,,,,808,hard,13,0.0,0,76713
0.86328125,1,full_rule_bank,0,ade893add78cede7212ef58edb1e2172126bf561532999f5b26f97e4477d2fe8,,,,2128,hard,13,0.0,0,76713
0.86328125,18,mirror,8,8e184f34c494eb2d81fcaac24382003a3469e87d7d360af5cb8016a3deb42a94,,,,808,hard,13,0.0012491686250086786,8,76713
0.86328125,1,full_rule_bank,8,ade893add78cede7212ef58edb1e2172126bf561532999f5b26f97e4477d2fe8,,,,2128,hard,13,0.0010297008125235152,8,76713
0.86328125,18,mirror,32,8e184f34c494eb2d81fcaac24382003a3469e87d7d360af5cb8016a3deb42a94,,,,808,hard,13,0.004996674500034715,32,76713
0.86328125,1,full_rule_bank,32,ade893add78cede7212ef58edb1e2172126bf561532999f5b26f97e4477d2fe8,,,,2128,hard,13,0.004118803250094061,32,76713
0.86328125,18,mirror,64,8e184f34c494eb2d81fcaac24382003a3469e87d7d360af5cb8016a3deb42a94,,,,808,hard,13,0.00999334900006943,64,76713
0.86328125,1,full_rule_bank,64,ade893add78cede7212ef58edb1e2172126bf561532999f5b26f97e4477d2fe8,,,,2128,hard,13,0.008237606500188122,64,76713
0.86328125,18,mirror,128,8e184f34c494eb2d81fcaac24382003a3469e87d7d360af5cb8016a3deb42a94,,,,808,hard,13,0.01998669800013886,128,76713
0.86328125,1,full_rule_bank,128,ade893add78cede7212ef58edb1e2172126bf561532999f5b26f97e4477d2fe8,,,,2128,hard,13,0.016475213000376243,128,76713
0.86328125,18,mirror,256,8e184f34c494eb2d81fcaac24382003a3469e87d7d360af5cb8016a3deb42a94,,,3.384679079055786,808,hard,13,0.03997339600027772,256,76713
0.86328125,1,full_rule_bank,256,ade893add78cede7212ef58edb1e2172126bf561532999f5b26f97e4477d2fe8,,,2.126206398010254,2128,hard,13,0.032950426000752486,256,76713
0.841796875,18,mirror,0,8e184f34c494eb2d81fcaac24382003a3469e87d7d360af5cb8016a3deb42a94,,,,808,hard,14,0.0,0,76713
0.841796875,1,full_rule_bank,0,ade893add78cede7212ef58edb1e2172126bf561532999f5b26f97e4477d2fe8,,,,2128,hard,14,0.0,0,76713
0.841796875,18,mirror,8,8e184f34c494eb2d81fcaac24382003a3469e87d7d360af5cb8016a3deb42a94,,,,808,hard,14,0.0012856588436989114,8,76713
0.841796875,1,full_rule_bank,8,ade893add78cede7212ef58edb1e2172126bf561532999f5b26f97e4477d2fe8,,,,2128,hard,14,0.0010515418439354107,8,76713
0.841796875,18,mirror,32,8e184f34c494eb2d81fcaac24382003a3469e87d7d360af5cb8016a3deb42a94,,,,808,hard,14,0.0051426353747956455,32,76713
0.841796875,1,full_rule_bank,32,ade893add78cede7212ef58edb1e2172126bf561532999f5b26f97e4477d2fe8,,,,2128,hard,14,0.004206167375741643,32,76713
0.841796875,18,mirror,64,8e184f34c494eb2d81fcaac24382003a3469e87d7d360af5cb8016a3deb42a94,,,,808,hard,14,0.010285270749591291,64,76713
0.841796875,1,full_rule_bank,64,ade893add78cede7212ef58edb1e2172126bf561532999f5b26f97e4477d2fe8,,,,2128,hard,14,0.008412334751483286,64,76713
0.841796875,18,mirror,128,8e184f34c494eb2d81fcaac24382003a3469e87d7d360af5cb8016a3deb42a94,,,,808,hard,14,0.020570541499182582,128,76713
0.841796875,1,full_rule_bank,128,ade893add78cede7212ef58edb1e2172126bf561532999f5b26f97e4477d2fe8,,,,2128,hard,14,0.01682466950296657,128,76713
0.841796875,18,mirror,256,8e184f34c494eb2d81fcaac24382003a3469e87d7d360af5cb8016a3deb42a94,,,2.166451930999756,808,hard,14,0.041141082998365164,256,76713
0.841796875,1,full_rule_bank,256,ade893add78cede7212ef58edb1e2172126bf561532999f5b26f97e4477d2fe8,,,1.6616249084472656,2128,hard,14,0.03364933900593314,256,76713
0.740234375,18,mirror,0,8e184f34c494eb2d81fcaac24382003a3469e87d7d360af5cb8016a3deb42a94,,,,808,easy,15,0.0,0,76713
0.740234375,1,full_rule_bank,0,ade893add78cede7212ef58edb1e2172126bf561532999f5b26f97e4477d2fe8,,,,2128,easy,15,0.0,0,76713
0.740234375,18,mirror,8,8e184f34c494eb2d81fcaac24382003a3469e87d7d360af5cb8016a3deb42a94,,,,808,easy,15,0.001303546093595287,8,76713
0.740234375,1,full_rule_bank,8,ade893add78cede7212ef58edb1e2172126bf561532999f5b26f97e4477d2fe8,,,,2128,easy,15,0.001049442718795035,8,76713
0.740234375,18,mirror,32,8e184f34c494eb2d81fcaac24382003a3469e87d7d360af5cb8016a3deb42a94,,,,808,easy,15,0.005214184374381148,32,76713
0.740234375,1,full_rule_bank,32,ade893add78cede7212ef58edb1e2172126bf561532999f5b26f97e4477d2fe8,,,,2128,easy,15,0.00419777087518014,32,76713
0.740234375,18,mirror,64,8e184f34c494eb2d81fcaac24382003a3469e87d7d360af5cb8016a3deb42a94,,,,808,easy,15,0.010428368748762296,64,76713
0.740234375,1,full_rule_bank,64,ade893add78cede7212ef58edb1e2172126bf561532999f5b26f97e4477d2fe8,,,,2128,easy,15,0.00839554175036028,64,76713
0.740234375,18,mirror,128,8e184f34c494eb2d81fcaac24382003a3469e87d7d360af5cb8016a3deb42a94,,,,808,easy,15,0.02085673749752459,128,76713
0.740234375,1,full_rule_bank,128,ade893add78cede7212ef58edb1e2172126bf561532999f5b26f97e4477d2fe8,,,,2128,easy,15,0.01679108350072056,128,76713
0.740234375,18,mirror,256,8e184f34c494eb2d81fcaac24382003a3469e87d7d360af5cb8016a3deb42a94,,,0.041742950677871704,808,easy,15,0.04171347499504918,256,76713
0.740234375,1,full_rule_bank,256,ade893add78cede7212ef58edb1e2172126bf561532999f5b26f97e4477d2fe8,,,0.04659910500049591,2128,easy,15,0.03358216700144112,256,76713
0.666015625,18,mirror,0,8e184f34c494eb2d81fcaac24382003a3469e87d7d360af5cb8016a3deb42a94,,,,808,hard,16,0.0,0,76713
0.666015625,1,full_rule_bank,0,ade893add78cede7212ef58edb1e2172126bf561532999f5b26f97e4477d2fe8,,,,2128,hard,16,0.0,0,76713
0.666015625,18,mirror,8,8e184f34c494eb2d81fcaac24382003a3469e87d7d360af5cb8016a3deb42a94,,,,808,hard,16,0.0012648075000925019,8,76713
0.666015625,1,full_rule_bank,8,ade893add78cede7212ef58edb1e2172126bf561532999f5b26f97e4477d2fe8,,,,2128,hard,16,0.0010623612188283005,8,76713
0.666015625,18,mirror,32,8e184f34c494eb2d81fcaac24382003a3469e87d7d360af5cb8016a3deb42a94,,,,808,hard,16,0.0050592300003700075,32,76713
0.666015625,1,full_rule_bank,32,ade893add78cede7212ef58edb1e2172126bf561532999f5b26f97e4477d2fe8,,,,2128,hard,16,0.004249444875313202,32,76713
0.666015625,18,mirror,64,8e184f34c494eb2d81fcaac24382003a3469e87d7d360af5cb8016a3deb42a94,,,,808,hard,16,0.010118460000740015,64,76713
0.666015625,1,full_rule_bank,64,ade893add78cede7212ef58edb1e2172126bf561532999f5b26f97e4477d2fe8,,,,2128,hard,16,0.008498889750626404,64,76713
0.666015625,18,mirror,128,8e184f34c494eb2d81fcaac24382003a3469e87d7d360af5cb8016a3deb42a94,,,,808,hard,16,0.02023692000148003,128,76713
0.666015625,1,full_rule_bank,128,ade893add78cede7212ef58edb1e2172126bf561532999f5b26f97e4477d2fe8,,,,2128,hard,16,0.016997779501252808,128,76713
0.666015625,18,mirror,256,8e184f34c494eb2d81fcaac24382003a3469e87d7d360af5cb8016a3deb42a94,,,2.9792304039001465,808,hard,16,0.04047384000296006,256,76713
0.666015625,1,full_rule_bank,256,ade893add78cede7212ef58edb1e2172126bf561532999f5b26f97e4477d2fe8,,,2.0047152042388916,2128,hard,16,0.033995559002505615,256,76713
0.75,18,mirror,0,8e184f34c494eb2d81fcaac24382003a3469e87d7d360af5cb8016a3deb42a94,,,,808,easy,17,0.0,0,76713
0.75,1,full_rule_bank,0,ade893add78cede7212ef58edb1e2172126bf561532999f5b26f97e4477d2fe8,,,,2128,easy,17,0.0,0,76713
0.75,18,mirror,8,8e184f34c494eb2d81fcaac24382003a3469e87d7d360af5cb8016a3deb42a94,,,,808,easy,17,0.0012895581562588632,8,76713
0.75,1,full_rule_bank,8,ade893add78cede7212ef58edb1e2172126bf561532999f5b26f97e4477d2fe8,,,,2128,easy,17,0.0010260494063913939,8,76713
0.75,18,mirror,32,8e184f34c494eb2d81fcaac24382003a3469e87d7d360af5cb8016a3deb42a94,,,,808,easy,17,0.005158232625035453,32,76713
0.75,1,full_rule_bank,32,ade893add78cede7212ef58edb1e2172126bf561532999f5b26f97e4477d2fe8,,,,2128,easy,17,0.0041041976255655754,32,76713
0.75,18,mirror,64,8e184f34c494eb2d81fcaac24382003a3469e87d7d360af5cb8016a3deb42a94,,,,808,easy,17,0.010316465250070905,64,76713
0.75,1,full_rule_bank,64,ade893add78cede7212ef58edb1e2172126bf561532999f5b26f97e4477d2fe8,,,,2128,easy,17,0.008208395251131151,64,76713
0.75,18,mirror,128,8e184f34c494eb2d81fcaac24382003a3469e87d7d360af5cb8016a3deb42a94,,,,808,easy,17,0.02063293050014181,128,76713
0.75,1,full_rule_bank,128,ade893add78cede7212ef58edb1e2172126bf561532999f5b26f97e4477d2fe8,,,,2128,easy,17,0.016416790502262302,128,76713
0.75,18,mirror,256,8e184f34c494eb2d81fcaac24382003a3469e87d7d360af5cb8016a3deb42a94,,,0.057102177292108536,808,easy,17,0.04126586100028362,256,76713
0.75,1,full_rule_bank,256,ade893add78cede7212ef58edb1e2172126bf561532999f5b26f97e4477d2fe8,,,0.0687146931886673,2128,easy,17,0.032833581004524603,256,76713
0.720703125,18,mirror,0,8e184f34c494eb2d81fcaac24382003a3469e87d7d360af5cb8016a3deb42a94,,,,808,easy,18,0.0,0,76713
0.720703125,1,full_rule_bank,0,ade893add78cede7212ef58edb1e2172126bf561532999f5b26f97e4477d2fe8,,,,2128,easy,18,0.0,0,76713
0.720703125,18,mirror,8,8e184f34c494eb2d81fcaac24382003a3469e87d7d360af5cb8016a3deb42a94,,,,808,easy,18,0.0012873876876255963,8,76713
0.720703125,1,full_rule_bank,8,ade893add78cede7212ef58edb1e2172126bf561532999f5b26f97e4477d2fe8,,,,2128,easy,18,0.0010382853124610847,8,76713
0.720703125,18,mirror,32,8e184f34c494eb2d81fcaac24382003a3469e87d7d360af5cb8016a3deb42a94,,,,808,easy,18,0.005149550750502385,32,76713
0.720703125,1,full_rule_bank,32,ade893add78cede7212ef58edb1e2172126bf561532999f5b26f97e4477d2fe8,,,,2128,easy,18,0.004153141249844339,32,76713
0.720703125,18,mirror,64,8e184f34c494eb2d81fcaac24382003a3469e87d7d360af5cb8016a3deb42a94,,,,808,easy,18,0.01029910150100477,64,76713
0.720703125,1,full_rule_bank,64,ade893add78cede7212ef58edb1e2172126bf561532999f5b26f97e4477d2fe8,,,,2128,easy,18,0.008306282499688677,64,76713
0.720703125,18,mirror,128,8e184f34c494eb2d81fcaac24382003a3469e87d7d360af5cb8016a3deb42a94,,,,808,easy,18,0.02059820300200954,128,76713
0.720703125,1,full_rule_bank,128,ade893add78cede7212ef58edb1e2172126bf561532999f5b26f97e4477d2fe8,,,,2128,easy,18,0.016612564999377355,128,76713
0.720703125,18,mirror,256,8e184f34c494eb2d81fcaac24382003a3469e87d7d360af5cb8016a3deb42a94,,,0.01863829232752323,808,easy,18,0.04119640600401908,256,76713
0.720703125,1,full_rule_bank,256,ade893add78cede7212ef58edb1e2172126bf561532999f5b26f97e4477d2fe8,,,0.04373938590288162,2128,easy,18,0.03322512999875471,256,76713
0.716796875,18,mirror,0,8e184f34c494eb2d81fcaac24382003a3469e87d7d360af5cb8016a3deb42a94,,,,808,hard,19,0.0,0,76713
0.716796875,1,full_rule_bank,0,ade893add78cede7212ef58edb1e2172126bf561532999f5b26f97e4477d2fe8,,,,2128,hard,19,0.0,0,76713
0.716796875,18,mirror,8,8e184f34c494eb2d81fcaac24382003a3469e87d7d360af5cb8016a3deb42a94,,,,808,hard,19,0.0012997196874948713,8,76713
0.716796875,1,full_rule_bank,8,ade893add78cede7212ef58edb1e2172126bf561532999f5b26f97e4477d2fe8,,,,2128,hard,19,0.0010281175000272924,8,76713
0.716796875,18,mirror,32,8e184f34c494eb2d81fcaac24382003a3469e87d7d360af5cb8016a3deb42a94,,,,808,hard,19,0.005198878749979485,32,76713
0.716796875,1,full_rule_bank,32,ade893add78cede7212ef58edb1e2172126bf561532999f5b26f97e4477d2fe8,,,,2128,hard,19,0.00411247000010917,32,76713
0.716796875,18,mirror,64,8e184f34c494eb2d81fcaac24382003a3469e87d7d360af5cb8016a3deb42a94,,,,808,hard,19,0.01039775749995897,64,76713
0.716796875,1,full_rule_bank,64,ade893add78cede7212ef58edb1e2172126bf561532999f5b26f97e4477d2fe8,,,,2128,hard,19,0.00822494000021834,64,76713
0.716796875,18,mirror,128,8e184f34c494eb2d81fcaac24382003a3469e87d7d360af5cb8016a3deb42a94,,,,808,hard,19,0.02079551499991794,128,76713
0.716796875,1,full_rule_bank,128,ade893add78cede7212ef58edb1e2172126bf561532999f5b26f97e4477d2fe8,,,,2128,hard,19,0.01644988000043668,128,76713
0.716796875,18,mirror,256,8e184f34c494eb2d81fcaac24382003a3469e87d7d360af5cb8016a3deb42a94,,,2.3457369804382324,808,hard,19,0.04159102999983588,256,76713
0.82421875,1,full_rule_bank,256,ade893add78cede7212ef58edb1e2172126bf561532999f5b26f97e4477d2fe8,,,1.316079020500183,2128,hard,19,0.03289976000087336,256,76713
0.67578125,18,mirror,0,8e184f34c494eb2d81fcaac24382003a3469e87d7d360af5cb8016a3deb42a94,,,,808,easy,20,0.0,0,76713
0.67578125,1,full_rule_bank,0,ade893add78cede7212ef58edb1e2172126bf561532999f5b26f97e4477d2fe8,,,,2128,easy,20,0.0,0,76713
0.67578125,18,mirror,8,8e184f34c494eb2d81fcaac24382003a3469e87d7d360af5cb8016a3deb42a94,,,,808,easy,20,0.0012377251562156744,8,76713
0.67578125,1,full_rule_bank,8,ade893add78cede7212ef58edb1e2172126bf561532999f5b26f97e4477d2fe8,,,,2128,easy,20,0.0010232915312826663,8,76713
0.67578125,18,mirror,32,8e184f34c494eb2d81fcaac24382003a3469e87d7d360af5cb8016a3deb42a94,,,,808,easy,20,0.0049509006248626974,32,76713
0.67578125,1,full_rule_bank,32,ade893add78cede7212ef58edb1e2172126bf561532999f5b26f97e4477d2fe8,,,,2128,easy,20,0.004093166125130665,32,76713
0.67578125,18,mirror,64,8e184f34c494eb2d81fcaac24382003a3469e87d7d360af5cb8016a3deb42a94,,,,808,easy,20,0.009901801249725395,64,76713
0.67578125,1,full_rule_bank,64,ade893add78cede7212ef58edb1e2172126bf561532999f5b26f97e4477d2fe8,,,,2128,easy,20,0.00818633225026133,64,76713
0.67578125,18,mirror,128,8e184f34c494eb2d81fcaac24382003a3469e87d7d360af5cb8016a3deb42a94,,,,808,easy,20,0.01980360249945079,128,76713
0.67578125,1,full_rule_bank,128,ade893add78cede7212ef58edb1e2172126bf561532999f5b26f97e4477d2fe8,,,,2128,easy,20,0.01637266450052266,128,76713
0.67578125,18,mirror,256,8e184f34c494eb2d81fcaac24382003a3469e87d7d360af5cb8016a3deb42a94,,,0.038030125200748444,808,easy,20,0.03960720499890158,256,76713
0.712890625,1,full_rule_bank,256,ade893add78cede7212ef58edb1e2172126bf561532999f5b26f97e4477d2fe8,,,0.05163691192865372,2128,easy,20,0.03274532900104532,256,76713
0.662109375,18,mirror,0,8e184f34c494eb2d81fcaac24382003a3469e87d7d360af5cb8016a3deb42a94,,,,808,hard,21,0.0,0,76713
0.662109375,1,full_rule_bank,0,ade893add78cede7212ef58edb1e2172126bf561532999f5b26f97e4477d2fe8,,,,2128,hard,21,0.0,0,76713
0.662109375,18,mirror,8,8e184f34c494eb2d81fcaac24382003a3469e87d7d360af5cb8016a3deb42a94,,,,808,hard,21,0.0012550486874260969,8,76713
0.662109375,1,full_rule_bank,8,ade893add78cede7212ef58edb1e2172126bf561532999f5b26f97e4477d2fe8,,,,2128,hard,21,0.0011061449374665244,8,76713
0.662109375,18,mirror,32,8e184f34c494eb2d81fcaac24382003a3469e87d7d360af5cb8016a3deb42a94,,,,808,hard,21,0.0050201947497043875,32,76713
0.662109375,1,full_rule_bank,32,ade893add78cede7212ef58edb1e2172126bf561532999f5b26f97e4477d2fe8,,,,2128,hard,21,0.004424579749866098,32,76713
0.662109375,18,mirror,64,8e184f34c494eb2d81fcaac24382003a3469e87d7d360af5cb8016a3deb42a94,,,,808,hard,21,0.010040389499408775,64,76713
0.662109375,1,full_rule_bank,64,ade893add78cede7212ef58edb1e2172126bf561532999f5b26f97e4477d2fe8,,,,2128,hard,21,0.008849159499732195,64,76713
0.662109375,18,mirror,128,8e184f34c494eb2d81fcaac24382003a3469e87d7d360af5cb8016a3deb42a94,,,,808,hard,21,0.02008077899881755,128,76713
0.662109375,1,full_rule_bank,128,ade893add78cede7212ef58edb1e2172126bf561532999f5b26f97e4477d2fe8,,,,2128,hard,21,0.01769831899946439,128,76713
0.662109375,18,mirror,256,8e184f34c494eb2d81fcaac24382003a3469e87d7d360af5cb8016a3deb42a94,,,1.3707857131958008,808,hard,21,0.0401615579976351,256,76713
0.662109375,1,full_rule_bank,256,ade893add78cede7212ef58edb1e2172126bf561532999f5b26f97e4477d2fe8,,,1.153215765953064,2128,hard,21,0.03539663799892878,256,76713
0.708984375,18,mirror,0,8e184f34c494eb2d81fcaac24382003a3469e87d7d360af5cb8016a3deb42a94,,,,808,hard,22,0.0,0,76713
0.708984375,1,full_rule_bank,0,ade893add78cede7212ef58edb1e2172126bf561532999f5b26f97e4477d2fe8,,,,2128,hard,22,0.0,0,76713
0.708984375,18,mirror,8,8e184f34c494eb2d81fcaac24382003a3469e87d7d360af5cb8016a3deb42a94,,,,808,hard,22,0.0013437155623705621,8,76713
0.708984375,1,full_rule_bank,8,ade893add78cede7212ef58edb1e2172126bf561532999f5b26f97e4477d2fe8,,,,2128,hard,22,0.001050432031206583,8,76713
0.708984375,18,mirror,32,8e184f34c494eb2d81fcaac24382003a3469e87d7d360af5cb8016a3deb42a94,,,,808,hard,22,0.0053748622494822484,32,76713
0.708984375,1,full_rule_bank,32,ade893add78cede7212ef58edb1e2172126bf561532999f5b26f97e4477d2fe8,,,,2128,hard,22,0.004201728124826332,32,76713
0.708984375,18,mirror,64,8e184f34c494eb2d81fcaac24382003a3469e87d7d360af5cb8016a3deb42a94,,,,808,hard,22,0.010749724498964497,64,76713
0.708984375,1,full_rule_bank,64,ade893add78cede7212ef58edb1e2172126bf561532999f5b26f97e4477d2fe8,,,,2128,hard,22,0.008403456249652663,64,76713
0.708984375,18,mirror,128,8e184f34c494eb2d81fcaac24382003a3469e87d7d360af5cb8016a3deb42a94,,,,808,hard,22,0.021499448997928994,128,76713
0.708984375,1,full_rule_bank,128,ade893add78cede7212ef58edb1e2172126bf561532999f5b26f97e4477d2fe8,,,,2128,hard,22,0.016806912499305326,128,76713
0.708984375,18,mirror,256,8e184f34c494eb2d81fcaac24382003a3469e87d7d360af5cb8016a3deb42a94,,,0.7000001668930054,808,hard,22,0.04299889799585799,256,76713
0.708984375,1,full_rule_bank,256,ade893add78cede7212ef58edb1e2172126bf561532999f5b26f97e4477d2fe8,,,0.4968911409378052,2128,hard,22,0.03361382499861065,256,76713
0.724609375,18,mirror,0,8e184f34c494eb2d81fcaac24382003a3469e87d7d360af5cb8016a3deb42a94,,,,808,easy,23,0.0,0,76713
0.724609375,1,full_rule_bank,0,ade893add78cede7212ef58edb1e2172126bf561532999f5b26f97e4477d2fe8,,,,2128,easy,23,0.0,0,76713
0.724609375,18,mirror,8,8e184f34c494eb2d81fcaac24382003a3469e87d7d360af5cb8016a3deb42a94,,,,808,easy,23,0.001333585187467179,8,76713
0.724609375,1,full_rule_bank,8,ade893add78cede7212ef58edb1e2172126bf561532999f5b26f97e4477d2fe8,,,,2128,easy,23,0.0010290420000274025,8,76713
0.724609375,18,mirror,32,8e184f34c494eb2d81fcaac24382003a3469e87d7d360af5cb8016a3deb42a94,,,,808,easy,23,0.005334340749868716,32,76713
0.724609375,1,full_rule_bank,32,ade893add78cede7212ef58edb1e2172126bf561532999f5b26f97e4477d2fe8,,,,2128,easy,23,0.00411616800010961,32,76713
0.724609375,18,mirror,64,8e184f34c494eb2d81fcaac24382003a3469e87d7d360af5cb8016a3deb42a94,,,,808,easy,23,0.010668681499737431,64,76713
0.724609375,1,full_rule_bank,64,ade893add78cede7212ef58edb1e2172126bf561532999f5b26f97e4477d2fe8,,,,2128,easy,23,0.00823233600021922,64,76713
0.724609375,18,mirror,128,8e184f34c494eb2d81fcaac24382003a3469e87d7d360af5cb8016a3deb42a94,,,,808,easy,23,0.021337362999474863,128,76713
0.724609375,1,full_rule_bank,128,ade893add78cede7212ef58edb1e2172126bf561532999f5b26f97e4477d2fe8,,,,2128,easy,23,0.01646467200043844,128,76713
0.724609375,18,mirror,256,8e184f34c494eb2d81fcaac24382003a3469e87d7d360af5cb8016a3deb42a94,,,0.01035190001130104,808,easy,23,0.042674725998949725,256,76713
0.724609375,1,full_rule_bank,256,ade893add78cede7212ef58edb1e2172126bf561532999f5b26f97e4477d2fe8,,,0.022537240758538246,2128,easy,23,0.03292934400087688,256,76713
0.6484375,18,mirror,0,8e184f34c494eb2d81fcaac24382003a3469e87d7d360af5cb8016a3deb42a94,,,,808,easy,24,0.0,0,76713
0.6484375,1,full_rule_bank,0,ade893add78cede7212ef58edb1e2172126bf561532999f5b26f97e4477d2fe8,,,,2128,easy,24,0.0,0,76713
0.6484375,18,mirror,8,8e184f34c494eb2d81fcaac24382003a3469e87d7d360af5cb8016a3deb42a94,,,,808,easy,24,0.0012346217499725753,8,76713
0.6484375,1,full_rule_bank,8,ade893add78cede7212ef58edb1e2172126bf561532999f5b26f97e4477d2fe8,,,,2128,easy,24,0.0010084247498980403,8,76713
0.6484375,18,mirror,32,8e184f34c494eb2d81fcaac24382003a3469e87d7d360af5cb8016a3deb42a94,,,,808,easy,24,0.004938486999890301,32,76713
0.6484375,1,full_rule_bank,32,ade893add78cede7212ef58edb1e2172126bf561532999f5b26f97e4477d2fe8,,,,2128,easy,24,0.004033698999592161,32,76713
0.6484375,18,mirror,64,8e184f34c494eb2d81fcaac24382003a3469e87d7d360af5cb8016a3deb42a94,,,,808,easy,24,0.009876973999780603,64,76713
0.6484375,1,full_rule_bank,64,ade893add78cede7212ef58edb1e2172126bf561532999f5b26f97e4477d2fe8,,,,2128,easy,24,0.008067397999184323,64,76713
0.6484375,18,mirror,128,8e184f34c494eb2d81fcaac24382003a3469e87d7d360af5cb8016a3deb42a94,,,,808,easy,24,0.019753947999561206,128,76713
0.6484375,1,full_rule_bank,128,ade893add78cede7212ef58edb1e2172126bf561532999f5b26f97e4477d2fe8,,,,2128,easy,24,0.016134795998368645,128,76713
0.6484375,18,mirror,256,8e184f34c494eb2d81fcaac24382003a3469e87d7d360af5cb8016a3deb42a94,,,0.01756756380200386,808,easy,24,0.03950789599912241,256,76713
0.6484375,1,full_rule_bank,256,ade893add78cede7212ef58edb1e2172126bf561532999f5b26f97e4477d2fe8,,,0.03747158870100975,2128,easy,24,0.03226959199673729,256,76713
0.751953125,18,mirror,0,8e184f34c494eb2d81fcaac24382003a3469e87d7d360af5cb8016a3deb42a94,,,,808,hard,25,0.0,0,76713
0.751953125,1,full_rule_bank,0,ade893add78cede7212ef58edb1e2172126bf561532999f5b26f97e4477d2fe8,,,,2128,hard,25,0.0,0,76713
0.751953125,18,mirror,8,8e184f34c494eb2d81fcaac24382003a3469e87d7d360af5cb8016a3deb42a94,,,,808,hard,25,0.0012639289686831034,8,76713
0.751953125,1,full_rule_bank,8,ade893add78cede7212ef58edb1e2172126bf561532999f5b26f97e4477d2fe8,,,,2128,hard,25,0.0010544136562202766,8,76713
0.751953125,18,mirror,32,8e184f34c494eb2d81fcaac24382003a3469e87d7d360af5cb8016a3deb42a94,,,,808,hard,25,0.005055715874732414,32,76713
0.751953125,1,full_rule_bank,32,ade893add78cede7212ef58edb1e2172126bf561532999f5b26f97e4477d2fe8,,,,2128,hard,25,0.004217654624881106,32,76713
0.751953125,18,mirror,64,8e184f34c494eb2d81fcaac24382003a3469e87d7d360af5cb8016a3deb42a94,,,,808,hard,25,0.010111431749464828,64,76713
0.751953125,1,full_rule_bank,64,ade893add78cede7212ef58edb1e2172126bf561532999f5b26f97e4477d2fe8,,,,2128,hard,25,0.008435309249762213,64,76713
0.751953125,18,mirror,128,8e184f34c494eb2d81fcaac24382003a3469e87d7d360af5cb8016a3deb42a94,,,,808,hard,25,0.020222863498929655,128,76713
0.751953125,1,full_rule_bank,128,ade893add78cede7212ef58edb1e2172126bf561532999f5b26f97e4477d2fe8,,,,2128,hard,25,0.016870618499524426,128,76713
0.751953125,18,mirror,256,8e184f34c494eb2d81fcaac24382003a3469e87d7d360af5cb8016a3deb42a94,,,1.8455308675765991,808,hard,25,0.04044572699785931,256,76713
0.751953125,1,full_rule_bank,256,ade893add78cede7212ef58edb1e2172126bf561532999f5b26f97e4477d2fe8,,,1.4405345916748047,2128,hard,25,0.03374123699904885,256,76713
0.740234375,18,mirror,0,8e184f34c494eb2d81fcaac24382003a3469e87d7d360af5cb8016a3deb42a94,,,,808,easy,26,0.0,0,76713
0.740234375,1,full_rule_bank,0,ade893add78cede7212ef58edb1e2172126bf561532999f5b26f97e4477d2fe8,,,,2128,easy,26,0.0,0,76713
0.740234375,18,mirror,8,8e184f34c494eb2d81fcaac24382003a3469e87d7d360af5cb8016a3deb42a94,,,,808,easy,26,0.0012515969376636349,8,76713
0.740234375,1,full_rule_bank,8,ade893add78cede7212ef58edb1e2172126bf561532999f5b26f97e4477d2fe8,,,,2128,easy,26,0.0010353803124871774,8,76713
0.740234375,18,mirror,32,8e184f34c494eb2d81fcaac24382003a3469e87d7d360af5cb8016a3deb42a94,,,,808,easy,26,0.0050063877506545396,32,76713
0.740234375,1,full_rule_bank,32,ade893add78cede7212ef58edb1e2172126bf561532999f5b26f97e4477d2fe8,,,,2128,easy,26,0.00414152124994871,32,76713
0.740234375,18,mirror,64,8e184f34c494eb2d81fcaac24382003a3469e87d7d360af5cb8016a3deb42a94,,,,808,easy,26,0.010012775501309079,64,76713
0.740234375,1,full_rule_bank,64,ade893add78cede7212ef58edb1e2172126bf561532999f5b26f97e4477d2fe8,,,,2128,easy,26,0.00828304249989742,64,76713
0.740234375,18,mirror,128,8e184f34c494eb2d81fcaac24382003a3469e87d7d360af5cb8016a3deb42a94,,,,808,easy,26,0.020025551002618158,128,76713
0.740234375,1,full_rule_bank,128,ade893add78cede7212ef58edb1e2172126bf561532999f5b26f97e4477d2fe8,,,,2128,easy,26,0.01656608499979484,128,76713
0.740234375,18,mirror,256,8e184f34c494eb2d81fcaac24382003a3469e87d7d360af5cb8016a3deb42a94,,,0.045860789716243744,808,easy,26,0.040051102005236316,256,76713
0.740234375,1,full_rule_bank,256,ade893add78cede7212ef58edb1e2172126bf561532999f5b26f97e4477d2fe8,,,0.07442311942577362,2128,easy,26,0.03313216999958968,256,76713
0.775390625,18,mirror,0,8e184f34c494eb2d81fcaac24382003a3469e87d7d360af5cb8016a3deb42a94,,,,808,hard,27,0.0,0,76713
0.775390625,1,full_rule_bank,0,ade893add78cede7212ef58edb1e2172126bf561532999f5b26f97e4477d2fe8,,,,2128,hard,27,0.0,0,76713
0.775390625,18,mirror,8,8e184f34c494eb2d81fcaac24382003a3469e87d7d360af5cb8016a3deb42a94,,,,808,hard,27,0.001345520499853592,8,76713
0.775390625,1,full_rule_bank,8,ade893add78cede7212ef58edb1e2172126bf561532999f5b26f97e4477d2fe8,,,,2128,hard,27,0.0010489097498975752,8,76713
0.775390625,18,mirror,32,8e184f34c494eb2d81fcaac24382003a3469e87d7d360af5cb8016a3deb42a94,,,,808,hard,27,0.005382081999414368,32,76713
0.775390625,1,full_rule_bank,32,ade893add78cede7212ef58edb1e2172126bf561532999f5b26f97e4477d2fe8,,,,2128,hard,27,0.004195638999590301,32,76713
0.775390625,18,mirror,64,8e184f34c494eb2d81fcaac24382003a3469e87d7d360af5cb8016a3deb42a94,,,,808,hard,27,0.010764163998828735,64,76713
0.775390625,1,full_rule_bank,64,ade893add78cede7212ef58edb1e2172126bf561532999f5b26f97e4477d2fe8,,,,2128,hard,27,0.008391277999180602,64,76713
0.775390625,18,mirror,128,8e184f34c494eb2d81fcaac24382003a3469e87d7d360af5cb8016a3deb42a94,,,,808,hard,27,0.02152832799765747,128,76713
0.775390625,1,full_rule_bank,128,ade893add78cede7212ef58edb1e2172126bf561532999f5b26f97e4477d2fe8,,,,2128,hard,27,0.016782555998361204,128,76713
0.775390625,18,mirror,256,8e184f34c494eb2d81fcaac24382003a3469e87d7d360af5cb8016a3deb42a94,,,0.8717678785324097,808,hard,27,0.04305665599531494,256,76713
0.775390625,1,full_rule_bank,256,ade893add78cede7212ef58edb1e2172126bf561532999f5b26f97e4477d2fe8,,,0.4880307614803314,2128,hard,27,0.03356511199672241,256,76713
0.755859375,18,mirror,0,8e184f34c494eb2d81fcaac24382003a3469e87d7d360af5cb8016a3deb42a94,,,,808,easy,28,0.0,0,76713
0.755859375,1,full_rule_bank,0,ade893add78cede7212ef58edb1e2172126bf561532999f5b26f97e4477d2fe8,,,,2128,easy,28,0.0,0,76713
0.755859375,18,mirror,8,8e184f34c494eb2d81fcaac24382003a3469e87d7d360af5cb8016a3deb42a94,,,,808,easy,28,0.0012569844375320827,8,76713
0.755859375,1,full_rule_bank,8,ade893add78cede7212ef58edb1e2172126bf561532999f5b26f97e4477d2fe8,,,,2128,easy,28,0.0010099429687215888,8,76713
0.755859375,18,mirror,32,8e184f34c494eb2d81fcaac24382003a3469e87d7d360af5cb8016a3deb42a94,,,,808,easy,28,0.005027937750128331,32,76713
0.755859375,1,full_rule_bank,32,ade893add78cede7212ef58edb1e2172126bf561532999f5b26f97e4477d2fe8,,,,2128,easy,28,0.004039771874886355,32,76713
0.755859375,18,mirror,64,8e184f34c494eb2d81fcaac24382003a3469e87d7d360af5cb8016a3deb42a94,,,,808,easy,28,0.010055875500256661,64,76713
0.755859375,1,full_rule_bank,64,ade893add78cede7212ef58edb1e2172126bf561532999f5b26f97e4477d2fe8,,,,2128,easy,28,0.00807954374977271,64,76713
0.755859375,18,mirror,128,8e184f34c494eb2d81fcaac24382003a3469e87d7d360af5cb8016a3deb42a94,,,,808,easy,28,0.020111751000513323,128,76713
0.755859375,1,full_rule_bank,128,ade893add78cede7212ef58edb1e2172126bf561532999f5b26f97e4477d2fe8,,,,2128,easy,28,0.01615908749954542,128,76713
0.755859375,18,mirror,256,8e184f34c494eb2d81fcaac24382003a3469e87d7d360af5cb8016a3deb42a94,,,0.014776310883462429,808,easy,28,0.040223502001026645,256,76713
0.755859375,1,full_rule_bank,256,ade893add78cede7212ef58edb1e2172126bf561532999f5b26f97e4477d2fe8,,,0.03231754153966904,2128,easy,28,0.03231817499909084,256,76713
0.603515625,18,mirror,0,8e184f34c494eb2d81fcaac24382003a3469e87d7d360af5cb8016a3deb42a94,,,,808,hard,29,0.0,0,76713
0.603515625,1,full_rule_bank,0,ade893add78cede7212ef58edb1e2172126bf561532999f5b26f97e4477d2fe8,,,,2128,hard,29,0.0,0,76713
0.603515625,18,mirror,8,8e184f34c494eb2d81fcaac24382003a3469e87d7d360af5cb8016a3deb42a94,,,,808,hard,29,0.0012365205311652971,8,76713
0.603515625,1,full_rule_bank,8,ade893add78cede7212ef58edb1e2172126bf561532999f5b26f97e4477d2fe8,,,,2128,hard,29,0.0010153019688914355,8,76713
0.603515625,18,mirror,32,8e184f34c494eb2d81fcaac24382003a3469e87d7d360af5cb8016a3deb42a94,,,,808,hard,29,0.004946082124661189,32,76713
0.603515625,1,full_rule_bank,32,ade893add78cede7212ef58edb1e2172126bf561532999f5b26f97e4477d2fe8,,,,2128,hard,29,0.004061207875565742,32,76713
0.603515625,18,mirror,64,8e184f34c494eb2d81fcaac24382003a3469e87d7d360af5cb8016a3deb42a94,,,,808,hard,29,0.009892164249322377,64,76713
0.603515625,1,full_rule_bank,64,ade893add78cede7212ef58edb1e2172126bf561532999f5b26f97e4477d2fe8,,,,2128,hard,29,0.008122415751131484,64,76713
0.603515625,18,mirror,128,8e184f34c494eb2d81fcaac24382003a3469e87d7d360af5cb8016a3deb42a94,,,,808,hard,29,0.019784328498644754,128,76713
0.603515625,1,full_rule_bank,128,ade893add78cede7212ef58edb1e2172126bf561532999f5b26f97e4477d2fe8,,,,2128,hard,29,0.01624483150226297,128,76713
0.603515625,18,mirror,256,8e184f34c494eb2d81fcaac24382003a3469e87d7d360af5cb8016a3deb42a94,,,1.9675624370574951,808,hard,29,0.03956865699728951,256,76713
0.66796875,1,full_rule_bank,256,ade893add78cede7212ef58edb1e2172126bf561532999f5b26f97e4477d2fe8,,,1.00679349899292,2128,hard,29,0.03248966300452594,256,76713
0.751953125,18,mirror,0,8e184f34c494eb2d81fcaac24382003a3469e87d7d360af5cb8016a3deb42a94,,,,808,hard,30,0.0,0,76713
0.751953125,1,full_rule_bank,0,ade893add78cede7212ef58edb1e2172126bf561532999f5b26f97e4477d2fe8,,,,2128,hard,30,0.0,0,76713
0.751953125,18,mirror,8,8e184f34c494eb2d81fcaac24382003a3469e87d7d360af5cb8016a3deb42a94,,,,808,hard,30,0.0012414325938152615,8,76713
0.751953125,1,full_rule_bank,8,ade893add78cede7212ef58edb1e2172126bf561532999f5b26f97e4477d2fe8,,,,2128,hard,30,0.001023622312459338,8,76713
0.751953125,18,mirror,32,8e184f34c494eb2d81fcaac24382003a3469e87d7d360af5cb8016a3deb42a94,,,,808,hard,30,0.004965730375261046,32,76713
0.751953125,1,full_rule_bank,32,ade893add78cede7212ef58edb1e2172126bf561532999f5b26f97e4477d2fe8,,,,2128,hard,30,0.004094489249837352,32,76713
0.751953125,18,mirror,64,8e184f34c494eb2d81fcaac24382003a3469e87d7d360af5cb8016a3deb42a94,,,,808,hard,30,0.009931460750522092,64,76713
0.751953125,1,full_rule_bank,64,ade893add78cede7212ef58edb1e2172126bf561532999f5b26f97e4477d2fe8,,,,2128,hard,30,0.008188978499674704,64,76713
0.751953125,18,mirror,128,8e184f34c494eb2d81fcaac24382003a3469e87d7d360af5cb8016a3deb42a94,,,,808,hard,30,0.019862921501044184,128,76713
0.751953125,1,full_rule_bank,128,ade893add78cede7212ef58edb1e2172126bf561532999f5b26f97e4477d2fe8,,,,2128,hard,30,0.016377956999349408,128,76713
0.751953125,18,mirror,256,8e184f34c494eb2d81fcaac24382003a3469e87d7d360af5cb8016a3deb42a94,,,0.4981764853000641,808,hard,30,0.03972584300208837,256,76713
0.751953125,1,full_rule_bank,256,ade893add78cede7212ef58edb1e2172126bf561532999f5b26f97e4477d2fe8,,,0.33430159091949463,2128,hard,30,0.032755913998698816,256,76713
0.5234375,18,mirror,0,8e184f34c494eb2d81fcaac24382003a3469e87d7d360af5cb8016a3deb42a94,,,,808,hard,31,0.0,0,76713
0.5234375,1,full_rule_bank,0,ade893add78cede7212ef58edb1e2172126bf561532999f5b26f97e4477d2fe8,,,,2128,hard,31,0.0,0,76713
0.5234375,18,mirror,8,8e184f34c494eb2d81fcaac24382003a3469e87d7d360af5cb8016a3deb42a94,,,,808,hard,31,0.0012430619374299567,8,76713
0.5234375,1,full_rule_bank,8,ade893add78cede7212ef58edb1e2172126bf561532999f5b26f97e4477d2fe8,,,,2128,hard,31,0.0010153924374662893,8,76713
0.5234375,18,mirror,32,8e184f34c494eb2d81fcaac24382003a3469e87d7d360af5cb8016a3deb42a94,,,,808,hard,31,0.004972247749719827,32,76713
0.5234375,1,full_rule_bank,32,ade893add78cede7212ef58edb1e2172126bf561532999f5b26f97e4477d2fe8,,,,2128,hard,31,0.004061569749865157,32,76713
0.5234375,18,mirror,64,8e184f34c494eb2d81fcaac24382003a3469e87d7d360af5cb8016a3deb42a94,,,,808,hard,31,0.009944495499439654,64,76713
0.5234375,1,full_rule_bank,64,ade893add78cede7212ef58edb1e2172126bf561532999f5b26f97e4477d2fe8,,,,2128,hard,31,0.008123139499730314,64,76713
0.5234375,18,mirror,128,8e184f34c494eb2d81fcaac24382003a3469e87d7d360af5cb8016a3deb42a94,,,,808,hard,31,0.019888990998879308,128,76713
0.5234375,1,full_rule_bank,128,ade893add78cede7212ef58edb1e2172126bf561532999f5b26f97e4477d2fe8,,,,2128,hard,31,0.016246278999460628,128,76713
0.5234375,18,mirror,256,8e184f34c494eb2d81fcaac24382003a3469e87d7d360af5cb8016a3deb42a94,,,2.0160892009735107,808,hard,31,0.039777981997758616,256,76713
0.685546875,1,full_rule_bank,256,ade893add78cede7212ef58edb1e2172126bf561532999f5b26f97e4477d2fe8,,,0.8367661237716675,2128,hard,31,0.032492557998921257,256,76713
0.7734375,18,mirror,0,8e184f34c494eb2d81fcaac24382003a3469e87d7d360af5cb8016a3deb42a94,,,,808,hard,32,0.0,0,76713
0.7734375,1,full_rule_bank,0,ade893add78cede7212ef58edb1e2172126bf561532999f5b26f97e4477d2fe8,,,,2128,hard,32,0.0,0,76713
0.7734375,18,mirror,8,8e184f34c494eb2d81fcaac24382003a3469e87d7d360af5cb8016a3deb42a94,,,,808,hard,32,0.0012596065000707313,8,76713
0.7734375,1,full_rule_bank,8,ade893add78cede7212ef58edb1e2172126bf561532999f5b26f97e4477d2fe8,,,,2128,hard,32,0.0010498592812382412,8,76713
0.7734375,18,mirror,32,8e184f34c494eb2d81fcaac24382003a3469e87d7d360af5cb8016a3deb42a94,,,,808,hard,32,0.005038426000282925,32,76713
0.7734375,1,full_rule_bank,32,ade893add78cede7212ef58edb1e2172126bf561532999f5b26f97e4477d2fe8,,,,2128,hard,32,0.004199437124952965,32,76713
0.7734375,18,mirror,64,8e184f34c494eb2d81fcaac24382003a3469e87d7d360af5cb8016a3deb42a94,,,,808,hard,32,0.01007685200056585,64,76713
0.7734375,1,full_rule_bank,64,ade893add78cede7212ef58edb1e2172126bf561532999f5b26f97e4477d2fe8,,,,2128,hard,32,0.00839887424990593,64,76713
0.7734375,18,mirror,128,8e184f34c494eb2d81fcaac24382003a3469e87d7d360af5cb8016a3deb42a94,,,,808,hard,32,0.0201537040011317,128,76713
0.7734375,1,full_rule_bank,128,ade893add78cede7212ef58edb1e2172126bf561532999f5b26f97e4477d2fe8,,,,2128,hard,32,0.01679774849981186,128,76713
0.7734375,18,mirror,256,8e184f34c494eb2d81fcaac24382003a3469e87d7d360af5cb8016a3deb42a94,,,0.6884368062019348,808,hard,32,0.0403074080022634,256,76713
0.841796875,1,full_rule_bank,256,ade893add78cede7212ef58edb1e2172126bf561532999f5b26f97e4477d2fe8,,,0.43423962593078613,2128,hard,32,0.03359549699962372,256,76713
0.736328125,18,mirror,0,8e184f34c494eb2d81fcaac24382003a3469e87d7d360af5cb8016a3deb42a94,,,,808,easy,33,0.0,0,76713
0.736328125,1,full_rule_bank,0,ade893add78cede7212ef58edb1e2172126bf561532999f5b26f97e4477d2fe8,,,,2128,easy,33,0.0,0,76713
0.736328125,18,mirror,8,8e184f34c494eb2d81fcaac24382003a3469e87d7d360af5cb8016a3deb42a94,,,,808,easy,33,0.001247844124918629,8,76713
0.736328125,1,full_rule_bank,8,ade893add78cede7212ef58edb1e2172126bf561532999f5b26f97e4477d2fe8,,,,2128,easy,33,0.0010168145624902536,8,76713
0.736328125,18,mirror,32,8e184f34c494eb2d81fcaac24382003a3469e87d7d360af5cb8016a3deb42a94,,,,808,easy,33,0.004991376499674516,32,76713
0.736328125,1,full_rule_bank,32,ade893add78cede7212ef58edb1e2172126bf561532999f5b26f97e4477d2fe8,,,,2128,easy,33,0.004067258249961014,32,76713
0.736328125,18,mirror,64,8e184f34c494eb2d81fcaac24382003a3469e87d7d360af5cb8016a3deb42a94,,,,808,easy,33,0.009982752999349032,64,76713
0.736328125,1,full_rule_bank,64,ade893add78cede7212ef58edb1e2172126bf561532999f5b26f97e4477d2fe8,,,,2128,easy,33,0.008134516499922029,64,76713
0.736328125,18,mirror,128,8e184f34c494eb2d81fcaac24382003a3469e87d7d360af5cb8016a3deb42a94,,,,808,easy,33,0.019965505998698063,128,76713
0.736328125,1,full_rule_bank,128,ade893add78cede7212ef58edb1e2172126bf561532999f5b26f97e4477d2fe8,,,,2128,easy,33,0.016269032999844057,128,76713
0.736328125,18,mirror,256,8e184f34c494eb2d81fcaac24382003a3469e87d7d360af5cb8016a3deb42a94,,,0.021464239805936813,808,easy,33,0.039931011997396126,256,76713
0.736328125,1,full_rule_bank,256,ade893add78cede7212ef58edb1e2172126bf561532999f5b26f97e4477d2fe8,,,0.038216106593608856,2128,easy,33,0.032538065999688115,256,76713
0.708984375,18,mirror,0,8e184f34c494eb2d81fcaac24382003a3469e87d7d360af5cb8016a3deb42a94,,,,808,easy,34,0.0,0,76713
0.708984375,1,full_rule_bank,0,ade893add78cede7212ef58edb1e2172126bf561532999f5b26f97e4477d2fe8,,,,2128,easy,34,0.0,0,76713
0.708984375,18,mirror,8,8e184f34c494eb2d81fcaac24382003a3469e87d7d360af5cb8016a3deb42a94,,,,808,easy,34,0.0013663174374869413,8,76713
0.708984375,1,full_rule_bank,8,ade893add78cede7212ef58edb1e2172126bf561532999f5b26f97e4477d2fe8,,,,2128,easy,34,0.001045707406319707,8,76713
0.708984375,18,mirror,32,8e184f34c494eb2d81fcaac24382003a3469e87d7d360af5cb8016a3deb42a94,,,,808,easy,34,0.005465269749947765,32,76713
0.708984375,1,full_rule_bank,32,ade893add78cede7212ef58edb1e2172126bf561532999f5b26f97e4477d2fe8,,,,2128,easy,34,0.004182829625278828,32,76713
0.708984375,18,mirror,64,8e184f34c494eb2d81fcaac24382003a3469e87d7d360af5cb8016a3deb42a94,,,,808,easy,34,0.01093053949989553,64,76713
0.708984375,1,full_rule_bank,64,ade893add78cede7212ef58edb1e2172126bf561532999f5b26f97e4477d2fe8,,,,2128,easy,34,0.008365659250557655,64,76713
0.708984375,18,mirror,128,8e184f34c494eb2d81fcaac24382003a3469e87d7d360af5cb8016a3deb42a94,,,,808,easy,34,0.02186107899979106,128,76713
0.708984375,1,full_rule_bank,128,ade893add78cede7212ef58edb1e2172126bf561532999f5b26f97e4477d2fe8,,,,2128,easy,34,0.01673131850111531,128,76713
0.708984375,18,mirror,256,8e184f34c494eb2d81fcaac24382003a3469e87d7d360af5cb8016a3deb42a94,,,0.00611891970038414,808,easy,34,0.04372215799958212,256,76713
0.708984375,1,full_rule_bank,256,ade893add78cede7212ef58edb1e2172126bf561532999f5b26f97e4477d2fe8,,,0.07472231984138489,2128,easy,34,0.03346263700223062,256,76713
0.734375,18,mirror,0,8e184f34c494eb2d81fcaac24382003a3469e87d7d360af5cb8016a3deb42a94,,,,808,easy,35,0.0,0,76713
0.734375,1,full_rule_bank,0,ade893add78cede7212ef58edb1e2172126bf561532999f5b26f97e4477d2fe8,,,,2128,easy,35,0.0,0,76713
0.734375,18,mirror,8,8e184f34c494eb2d81fcaac24382003a3469e87d7d360af5cb8016a3deb42a94,,,,808,easy,35,0.0012545119686819817,8,76713
0.734375,1,full_rule_bank,8,ade893add78cede7212ef58edb1e2172126bf561532999f5b26f97e4477d2fe8,,,,2128,easy,35,0.0010074313750010333,8,76713
0.734375,18,mirror,32,8e184f34c494eb2d81fcaac24382003a3469e87d7d360af5cb8016a3deb42a94,,,,808,easy,35,0.005018047874727927,32,76713
0.734375,1,full_rule_bank,32,ade893add78cede7212ef58edb1e2172126bf561532999f5b26f97e4477d2fe8,,,,2128,easy,35,0.004029725500004133,32,76713
0.734375,18,mirror,64,8e184f34c494eb2d81fcaac24382003a3469e87d7d360af5cb8016a3deb42a94,,,,808,easy,35,0.010036095749455853,64,76713
0.734375,1,full_rule_bank,64,ade893add78cede7212ef58edb1e2172126bf561532999f5b26f97e4477d2fe8,,,,2128,easy,35,0.008059451000008266,64,76713
0.734375,18,mirror,128,8e184f34c494eb2d81fcaac24382003a3469e87d7d360af5cb8016a3deb42a94,,,,808,easy,35,0.020072191498911707,128,76713
0.734375,1,full_rule_bank,128,ade893add78cede7212ef58edb1e2172126bf561532999f5b26f97e4477d2fe8,,,,2128,easy,35,0.016118902000016533,128,76713
0.734375,18,mirror,256,8e184f34c494eb2d81fcaac24382003a3469e87d7d360af5cb8016a3deb42a94,,,0.1309194564819336,808,easy,35,0.04014438299782341,256,76713
0.734375,1,full_rule_bank,256,ade893add78cede7212ef58edb1e2172126bf561532999f5b26f97e4477d2fe8,,,0.1317826807498932,2128,easy,35,0.032237804000033066,256,76713
0.505859375,18,mirror,0,8e184f34c494eb2d81fcaac24382003a3469e87d7d360af5cb8016a3deb42a94,,,,808,hard,36,0.0,0,76713
0.505859375,1,full_rule_bank,0,ade893add78cede7212ef58edb1e2172126bf561532999f5b26f97e4477d2fe8,,,,2128,hard,36,0.0,0,76713
0.505859375,18,mirror,8,8e184f34c494eb2d81fcaac24382003a3469e87d7d360af5cb8016a3deb42a94,,,,808,hard,36,0.001254760156143675,8,76713
0.505859375,1,full_rule_bank,8,ade893add78cede7212ef58edb1e2172126bf561532999f5b26f97e4477d2fe8,,,,2128,hard,36,0.0010185765936512325,8,76713
0.505859375,18,mirror,32,8e184f34c494eb2d81fcaac24382003a3469e87d7d360af5cb8016a3deb42a94,,,,808,hard,36,0.0050190406245747,32,76713
0.505859375,1,full_rule_bank,32,ade893add78cede7212ef58edb1e2172126bf561532999f5b26f97e4477d2fe8,,,,2128,hard,36,0.00407430637460493,32,76713
0.505859375,18,mirror,64,8e184f34c494eb2d81fcaac24382003a3469e87d7d360af5cb8016a3deb42a94,,,,808,hard,36,0.0100380812491494,64,76713
0.505859375,1,full_rule_bank,64,ade893add78cede7212ef58edb1e2172126bf561532999f5b26f97e4477d2fe8,,,,2128,hard,36,0.00814861274920986,64,76713
0.505859375,18,mirror,128,8e184f34c494eb2d81fcaac24382003a3469e87d7d360af5cb8016a3deb42a94,,,,808,hard,36,0.0200761624982988,128,76713
0.583984375,1,full_rule_bank,128,ade893add78cede7212ef58edb1e2172126bf561532999f5b26f97e4477d2fe8,,,,2128,hard,36,0.01629722549841972,128,76713
0.583984375,18,mirror,256,8e184f34c494eb2d81fcaac24382003a3469e87d7d360af5cb8016a3deb42a94,,,1.3626558780670166,808,hard,36,0.0401523249965976,256,76713
0.66015625,1,full_rule_bank,256,ade893add78cede7212ef58edb1e2172126bf561532999f5b26f97e4477d2fe8,,,1.0014681816101074,2128,hard,36,0.03259445099683944,256,76713
0.712890625,18,mirror,0,8e184f34c494eb2d81fcaac24382003a3469e87d7d360af5cb8016a3deb42a94,,,,808,easy,37,0.0,0,76713
0.712890625,1,full_rule_bank,0,ade893add78cede7212ef58edb1e2172126bf561532999f5b26f97e4477d2fe8,,,,2128,easy,37,0.0,0,76713
0.712890625,18,mirror,8,8e184f34c494eb2d81fcaac24382003a3469e87d7d360af5cb8016a3deb42a94,,,,808,easy,37,0.0012585790314005862,8,76713
0.712890625,1,full_rule_bank,8,ade893add78cede7212ef58edb1e2172126bf561532999f5b26f97e4477d2fe8,,,,2128,easy,37,0.0010199292501056334,8,76713
0.712890625,18,mirror,32,8e184f34c494eb2d81fcaac24382003a3469e87d7d360af5cb8016a3deb42a94,,,,808,easy,37,0.005034316125602345,32,76713
0.712890625,1,full_rule_bank,32,ade893add78cede7212ef58edb1e2172126bf561532999f5b26f97e4477d2fe8,,,,2128,easy,37,0.004079717000422534,32,76713
0.712890625,18,mirror,64,8e184f34c494eb2d81fcaac24382003a3469e87d7d360af5cb8016a3deb42a94,,,,808,easy,37,0.01006863225120469,64,76713
0.712890625,1,full_rule_bank,64,ade893add78cede7212ef58edb1e2172126bf561532999f5b26f97e4477d2fe8,,,,2128,easy,37,0.008159434000845067,64,76713
0.712890625,18,mirror,128,8e184f34c494eb2d81fcaac24382003a3469e87d7d360af5cb8016a3deb42a94,,,,808,easy,37,0.02013726450240938,128,76713
0.712890625,1,full_rule_bank,128,ade893add78cede7212ef58edb1e2172126bf561532999f5b26f97e4477d2fe8,,,,2128,easy,37,0.016318868001690134,128,76713
0.712890625,18,mirror,256,8e184f34c494eb2d81fcaac24382003a3469e87d7d360af5cb8016a3deb42a94,,,0.010572558268904686,808,easy,37,0.04027452900481876,256,76713
0.712890625,1,full_rule_bank,256,ade893add78cede7212ef58edb1e2172126bf561532999f5b26f97e4477d2fe8,,,0.01660401001572609,2128,easy,37,0.03263773600338027,256,76713
0.78125,18,mirror,0,8e184f34c494eb2d81fcaac24382003a3469e87d7d360af5cb8016a3deb42a94,,,,808,hard,38,0.0,0,76713
0.78125,1,full_rule_bank,0,ade893add78cede7212ef58edb1e2172126bf561532999f5b26f97e4477d2fe8,,,,2128,hard,38,0.0,0,76713
0.78125,18,mirror,8,8e184f34c494eb2d81fcaac24382003a3469e87d7d360af5cb8016a3deb42a94,,,,808,hard,38,0.0012485123124861275,8,76713
0.78125,1,full_rule_bank,8,ade893add78cede7212ef58edb1e2172126bf561532999f5b26f97e4477d2fe8,,,,2128,hard,38,0.0010320252813471598,8,76713
0.78125,18,mirror,32,8e184f34c494eb2d81fcaac24382003a3469e87d7d360af5cb8016a3deb42a94,,,,808,hard,38,0.00499404924994451,32,76713
0.78125,1,full_rule_bank,32,ade893add78cede7212ef58edb1e2172126bf561532999f5b26f97e4477d2fe8,,,,2128,hard,38,0.004128101125388639,32,76713
0.78125,18,mirror,64,8e184f34c494eb2d81fcaac24382003a3469e87d7d360af5cb8016a3deb42a94,,,,808,hard,38,0.00998809849988902,64,76713
0.78125,1,full_rule_bank,64,ade893add78cede7212ef58edb1e2172126bf561532999f5b26f97e4477d2fe8,,,,2128,hard,38,0.008256202250777278,64,76713
0.78125,18,mirror,128,8e184f34c494eb2d81fcaac24382003a3469e87d7d360af5cb8016a3deb42a94,,,,808,hard,38,0.01997619699977804,128,76713
0.78125,1,full_rule_bank,128,ade893add78cede7212ef58edb1e2172126bf561532999f5b26f97e4477d2fe8,,,,2128,hard,38,0.016512404501554556,128,76713
0.78125,18,mirror,256,8e184f34c494eb2d81fcaac24382003a3469e87d7d360af5cb8016a3deb42a94,,,2.760512113571167,808,hard,38,0.03995239399955608,256,76713
0.7890625,1,full_rule_bank,256,ade893add78cede7212ef58edb1e2172126bf561532999f5b26f97e4477d2fe8,,,1.938721776008606,2128,hard,38,0.03302480900310911,256,76713
0.779296875,18,mirror,0,8e184f34c494eb2d81fcaac24382003a3469e87d7d360af5cb8016a3deb42a94,,,,808,hard,39,0.0,0,76713
0.779296875,1,full_rule_bank,0,ade893add78cede7212ef58edb1e2172126bf561532999f5b26f97e4477d2fe8,,,,2128,hard,39,0.0,0,76713
0.779296875,18,mirror,8,8e184f34c494eb2d81fcaac24382003a3469e87d7d360af5cb8016a3deb42a94,,,,808,hard,39,0.001274045406262303,8,76713
0.779296875,1,full_rule_bank,8,ade893add78cede7212ef58edb1e2172126bf561532999f5b26f97e4477d2fe8,,,,2128,hard,39,0.0010204431562215177,8,76713
0.779296875,18,mirror,32,8e184f34c494eb2d81fcaac24382003a3469e87d7d360af5cb8016a3deb42a94,,,,808,hard,39,0.005096181625049212,32,76713
0.779296875,1,full_rule_bank,32,ade893add78cede7212ef58edb1e2172126bf561532999f5b26f97e4477d2fe8,,,,2128,hard,39,0.004081772624886071,32,76713
0.779296875,18,mirror,64,8e184f34c494eb2d81fcaac24382003a3469e87d7d360af5cb8016a3deb42a94,,,,808,hard,39,0.010192363250098424,64,76713
0.779296875,1,full_rule_bank,64,ade893add78cede7212ef58edb1e2172126bf561532999f5b26f97e4477d2fe8,,,,2128,hard,39,0.008163545249772142,64,76713
0.779296875,18,mirror,128,8e184f34c494eb2d81fcaac24382003a3469e87d7d360af5cb8016a3deb42a94,,,,808,hard,39,0.020384726500196848,128,76713
0.779296875,1,full_rule_bank,128,ade893add78cede7212ef58edb1e2172126bf561532999f5b26f97e4477d2fe8,,,,2128,hard,39,0.016327090499544283,128,76713
0.779296875,18,mirror,256,8e184f34c494eb2d81fcaac24382003a3469e87d7d360af5cb8016a3deb42a94,,,0.974122166633606,808,hard,39,0.040769453000393696,256,76713
0.826171875,1,full_rule_bank,256,ade893add78cede7212ef58edb1e2172126bf561532999f5b26f97e4477d2fe8,,,0.5454859733581543,2128,hard,39,0.03265418099908857,256,76713
0.76171875,18,mirror,0,8e184f34c494eb2d81fcaac24382003a3469e87d7d360af5cb8016a3deb42a94,,,,808,easy,40,0.0,0,76713
0.76171875,1,full_rule_bank,0,ade893add78cede7212ef58edb1e2172126bf561532999f5b26f97e4477d2fe8,,,,2128,easy,40,0.0,0,76713
0.76171875,18,mirror,8,8e184f34c494eb2d81fcaac24382003a3469e87d7d360af5cb8016a3deb42a94,,,,808,easy,40,0.0012699833750957623,8,76713
0.76171875,1,full_rule_bank,8,ade893add78cede7212ef58edb1e2172126bf561532999f5b26f97e4477d2fe8,,,,2128,easy,40,0.0010331873436371097,8,76713
0.76171875,18,mirror,32,8e184f34c494eb2d81fcaac24382003a3469e87d7d360af5cb8016a3deb42a94,,,,808,easy,40,0.005079933500383049,32,76713
0.76171875,1,full_rule_bank,32,ade893add78cede7212ef58edb1e2172126bf561532999f5b26f97e4477d2fe8,,,,2128,easy,40,0.004132749374548439,32,76713
0.76171875,18,mirror,64,8e184f34c494eb2d81fcaac24382003a3469e87d7d360af5cb8016a3deb42a94,,,,808,easy,40,0.010159867000766098,64,76713
0.76171875,1,full_rule_bank,64,ade893add78cede7212ef58edb1e2172126bf561532999f5b26f97e4477d2fe8,,,,2128,easy,40,0.008265498749096878,64,76713
0.76171875,18,mirror,128,8e184f34c494eb2d81fcaac24382003a3469e87d7d360af5cb8016a3deb42a94,,,,808,easy,40,0.020319734001532197,128,76713
0.76171875,1,full_rule_bank,128,ade893add78cede7212ef58edb1e2172126bf561532999f5b26f97e4477d2fe8,,,,2128,easy,40,0.016530997498193756,128,76713
0.76171875,18,mirror,256,8e184f34c494eb2d81fcaac24382003a3469e87d7d360af5cb8016a3deb42a94,,,0.10466163605451584,808,easy,40,0.040639468003064394,256,76713
0.76171875,1,full_rule_bank,256,ade893add78cede7212ef58edb1e2172126bf561532999f5b26f97e4477d2fe8,,,0.1225532814860344,2128,easy,40,0.03306199499638751,256,76713
0.587890625,18,mirror,0,8e184f34c494eb2d81fcaac24382003a3469e87d7d360af5cb8016a3deb42a94,,,,808,hard,41,0.0,0,76713
0.587890625,1,full_rule_bank,0,ade893add78cede7212ef58edb1e2172126bf561532999f5b26f97e4477d2fe8,,,,2128,hard,41,0.0,0,76713
0.587890625,18,mirror,8,8e184f34c494eb2d81fcaac24382003a3469e87d7d360af5cb8016a3deb42a94,,,,808,hard,41,0.0013503671561920783,8,76713
0.587890625,1,full_rule_bank,8,ade893add78cede7212ef58edb1e2172126bf561532999f5b26f97e4477d2fe8,,,,2128,hard,41,0.0010350551563078625,8,76713
0.587890625,18,mirror,32,8e184f34c494eb2d81fcaac24382003a3469e87d7d360af5cb8016a3deb42a94,,,,808,hard,41,0.005401468624768313,32,76713
0.587890625,1,full_rule_bank,32,ade893add78cede7212ef58edb1e2172126bf561532999f5b26f97e4477d2fe8,,,,2128,hard,41,0.00414022062523145,32,76713
0.587890625,18,mirror,64,8e184f34c494eb2d81fcaac24382003a3469e87d7d360af5cb8016a3deb42a94,,,,808,hard,41,0.010802937249536626,64,76713
0.587890625,1,full_rule_bank,64,ade893add78cede7212ef58edb1e2172126bf561532999f5b26f97e4477d2fe8,,,,2128,hard,41,0.0082804412504629,64,76713
0.587890625,18,mirror,128,8e184f34c494eb2d81fcaac24382003a3469e87d7d360af5cb8016a3deb42a94,,,,808,hard,41,0.021605874499073252,128,76713
0.587890625,1,full_rule_bank,128,ade893add78cede7212ef58edb1e2172126bf561532999f5b26f97e4477d2fe8,,,,2128,hard,41,0.0165608825009258,128,76713
0.587890625,18,mirror,256,8e184f34c494eb2d81fcaac24382003a3469e87d7d360af5cb8016a3deb42a94,,,3.751652479171753,808,hard,41,0.043211748998146504,256,76713
0.7421875,1,full_rule_bank,256,ade893add78cede7212ef58edb1e2172126bf561532999f5b26f97e4477d2fe8,,,1.5948123931884766,2128,hard,41,0.0331217650018516,256,76713
0.546875,18,mirror,0,8e184f34c494eb2d81fcaac24382003a3469e87d7d360af5cb8016a3deb42a94,,,,808,hard,42,0.0,0,76713
0.546875,1,full_rule_bank,0,ade893add78cede7212ef58edb1e2172126bf561532999f5b26f97e4477d2fe8,,,,2128,hard,42,0.0,0,76713
0.546875,18,mirror,8,8e184f34c494eb2d81fcaac24382003a3469e87d7d360af5cb8016a3deb42a94,,,,808,hard,42,0.0012376819374821935,8,76713
0.546875,1,full_rule_bank,8,ade893add78cede7212ef58edb1e2172126bf561532999f5b26f97e4477d2fe8,,,,2128,hard,42,0.001011190812505447,8,76713
0.546875,18,mirror,32,8e184f34c494eb2d81fcaac24382003a3469e87d7d360af5cb8016a3deb42a94,,,,808,hard,42,0.004950727749928774,32,76713
0.546875,1,full_rule_bank,32,ade893add78cede7212ef58edb1e2172126bf561532999f5b26f97e4477d2fe8,,,,2128,hard,42,0.004044763250021788,32,76713
0.546875,18,mirror,64,8e184f34c494eb2d81fcaac24382003a3469e87d7d360af5cb8016a3deb42a94,,,,808,hard,42,0.009901455499857548,64,76713
0.546875,1,full_rule_bank,64,ade893add78cede7212ef58edb1e2172126bf561532999f5b26f97e4477d2fe8,,,,2128,hard,42,0.008089526500043576,64,76713
0.546875,18,mirror,128,8e184f34c494eb2d81fcaac24382003a3469e87d7d360af5cb8016a3deb42a94,,,,808,hard,42,0.019802910999715095,128,76713
0.546875,1,full_rule_bank,128,ade893add78cede7212ef58edb1e2172126bf561532999f5b26f97e4477d2fe8,,,,2128,hard,42,0.01617905300008715,128,76713
0.546875,18,mirror,256,8e184f34c494eb2d81fcaac24382003a3469e87d7d360af5cb8016a3deb42a94,,,1.5050581693649292,808,hard,42,0.03960582199943019,256,76713
0.62890625,1,full_rule_bank,256,ade893add78cede7212ef58edb1e2172126bf561532999f5b26f97e4477d2fe8,,,0.7166017889976501,2128,hard,42,0.0323581060001743,256,76713
0.7265625,18,mirror,0,8e184f34c494eb2d81fcaac24382003a3469e87d7d360af5cb8016a3deb42a94,,,,808,easy,43,0.0,0,76713
0.7265625,1,full_rule_bank,0,ade893add78cede7212ef58edb1e2172126bf561532999f5b26f97e4477d2fe8,,,,2128,easy,43,0.0,0,76713
0.7265625,18,mirror,8,8e184f34c494eb2d81fcaac24382003a3469e87d7d360af5cb8016a3deb42a94,,,,808,easy,43,0.0012485098436627595,8,76713
0.7265625,1,full_rule_bank,8,ade893add78cede7212ef58edb1e2172126bf561532999f5b26f97e4477d2fe8,,,,2128,easy,43,0.0010136886562577274,8,76713
0.7265625,18,mirror,32,8e184f34c494eb2d81fcaac24382003a3469e87d7d360af5cb8016a3deb42a94,,,,808,easy,43,0.004994039374651038,32,76713
0.7265625,1,full_rule_bank,32,ade893add78cede7212ef58edb1e2172126bf561532999f5b26f97e4477d2fe8,,,,2128,easy,43,0.00405475462503091,32,76713
0.7265625,18,mirror,64,8e184f34c494eb2d81fcaac24382003a3469e87d7d360af5cb8016a3deb42a94,,,,808,easy,43,0.009988078749302076,64,76713
0.7265625,1,full_rule_bank,64,ade893add78cede7212ef58edb1e2172126bf561532999f5b26f97e4477d2fe8,,,,2128,easy,43,0.00810950925006182,64,76713
0.7265625,18,mirror,128,8e184f34c494eb2d81fcaac24382003a3469e87d7d360af5cb8016a3deb42a94,,,,808,easy,43,0.019976157498604152,128,76713
0.7265625,1,full_rule_bank,128,ade893add78cede7212ef58edb1e2172126bf561532999f5b26f97e4477d2fe8,,,,2128,easy,43,0.01621901850012364,128,76713
0.7265625,18,mirror,256,8e184f34c494eb2d81fcaac24382003a3469e87d7d360af5cb8016a3deb42a94,,,0.004813225939869881,808,easy,43,0.039952314997208305,256,76713
0.7265625,1,full_rule_bank,256,ade893add78cede7212ef58edb1e2172126bf561532999f5b26f97e4477d2fe8,,,0.024308495223522186,2128,easy,43,0.03243803700024728,256,76713
0.80078125,18,mirror,0,8e184f34c494eb2d81fcaac24382003a3469e87d7d360af5cb8016a3deb42a94,,,,808,hard,44,0.0,0,76713
0.80078125,1,full_rule_bank,0,ade893add78cede7212ef58edb1e2172126bf561532999f5b26f97e4477d2fe8,,,,2128,hard,44,0.0,0,76713
0.80078125,18,mirror,8,8e184f34c494eb2d81fcaac24382003a3469e87d7d360af5cb8016a3deb42a94,,,,808,hard,44,0.0012683506561188551,8,76713
0.80078125,1,full_rule_bank,8,ade893add78cede7212ef58edb1e2172126bf561532999f5b26f97e4477d2fe8,,,,2128,hard,44,0.0010212243437308643,8,76713
0.80078125,18,mirror,32,8e184f34c494eb2d81fcaac24382003a3469e87d7d360af5cb8016a3deb42a94,,,,808,hard,44,0.0050734026244754205,32,76713
0.80078125,1,full_rule_bank,32,ade893add78cede7212ef58edb1e2172126bf561532999f5b26f97e4477d2fe8,,,,2128,hard,44,0.004084897374923457,32,76713
0.80078125,18,mirror,64,8e184f34c494eb2d81fcaac24382003a3469e87d7d360af5cb8016a3deb42a94,,,,808,hard,44,0.010146805248950841,64,76713
0.80078125,1,full_rule_bank,64,ade893add78cede7212ef58edb1e2172126bf561532999f5b26f97e4477d2fe8,,,,2128,hard,44,0.008169794749846915,64,76713
0.80078125,18,mirror,128,8e184f34c494eb2d81fcaac24382003a3469e87d7d360af5cb8016a3deb42a94,,,,808,hard,44,0.020293610497901682,128,76713
0.80078125,1,full_rule_bank,128,ade893add78cede7212ef58edb1e2172126bf561532999f5b26f97e4477d2fe8,,,,2128,hard,44,0.01633958949969383,128,76713
0.80078125,18,mirror,256,8e184f34c494eb2d81fcaac24382003a3469e87d7d360af5cb8016a3deb42a94,,,1.4073795080184937,808,hard,44,0.040587220995803364,256,76713
0.876953125,1,full_rule_bank,256,ade893add78cede7212ef58edb1e2172126bf561532999f5b26f97e4477d2fe8,,,1.0165412425994873,2128,hard,44,0.03267917899938766,256,76713
0.7578125,18,mirror,0,8e184f34c494eb2d81fcaac24382003a3469e87d7d360af5cb8016a3deb42a94,,,,808,easy,45,0.0,0,76713
0.7578125,1,full_rule_bank,0,ade893add78cede7212ef58edb1e2172126bf561532999f5b26f97e4477d2fe8,,,,2128,easy,45,0.0,0,76713
0.7578125,18,mirror,8,8e184f34c494eb2d81fcaac24382003a3469e87d7d360af5cb8016a3deb42a94,,,,808,easy,45,0.0012511954998899455,8,76713
0.7578125,1,full_rule_bank,8,ade893add78cede7212ef58edb1e2172126bf561532999f5b26f97e4477d2fe8,,,,2128,easy,45,0.0010239713126338756,8,76713
0.7578125,18,mirror,32,8e184f34c494eb2d81fcaac24382003a3469e87d7d360af5cb8016a3deb42a94,,,,808,easy,45,0.005004781999559782,32,76713
0.7578125,1,full_rule_bank,32,ade893add78cede7212ef58edb1e2172126bf561532999f5b26f97e4477d2fe8,,,,2128,easy,45,0.0040958852505355026,32,76713
0.7578125,18,mirror,64,8e184f34c494eb2d81fcaac24382003a3469e87d7d360af5cb8016a3deb42a94,,,,808,easy,45,0.010009563999119564,64,76713
0.7578125,1,full_rule_bank,64,ade893add78cede7212ef58edb1e2172126bf561532999f5b26f97e4477d2fe8,,,,2128,easy,45,0.008191770501071005,64,76713
0.7578125,18,mirror,128,8e184f34c494eb2d81fcaac24382003a3469e87d7d360af5cb8016a3deb42a94,,,,808,easy,45,0.020019127998239128,128,76713
0.7578125,1,full_rule_bank,128,ade893add78cede7212ef58edb1e2172126bf561532999f5b26f97e4477d2fe8,,,,2128,easy,45,0.01638354100214201,128,76713
0.7578125,18,mirror,256,8e184f34c494eb2d81fcaac24382003a3469e87d7d360af5cb8016a3deb42a94,,,0.005384084302932024,808,easy,45,0.040038255996478256,256,76713
0.7578125,1,full_rule_bank,256,ade893add78cede7212ef58edb1e2172126bf561532999f5b26f97e4477d2fe8,,,0.016353338956832886,2128,easy,45,0.03276708200428402,256,76713
0.7109375,18,mirror,0,8e184f34c494eb2d81fcaac24382003a3469e87d7d360af5cb8016a3deb42a94,,,,808,easy,46,0.0,0,76713
0.7109375,1,full_rule_bank,0,ade893add78cede7212ef58edb1e2172126bf561532999f5b26f97e4477d2fe8,,,,2128,easy,46,0.0,0,76713
0.7109375,18,mirror,8,8e184f34c494eb2d81fcaac24382003a3469e87d7d360af5cb8016a3deb42a94,,,,808,easy,46,0.0013005891876218811,8,76713
0.7109375,1,full_rule_bank,8,ade893add78cede7212ef58edb1e2172126bf561532999f5b26f97e4477d2fe8,,,,2128,easy,46,0.0010490694062355033,8,76713
0.7109375,18,mirror,32,8e184f34c494eb2d81fcaac24382003a3469e87d7d360af5cb8016a3deb42a94,,,,808,easy,46,0.0052023567504875246,32,76713
0.7109375,1,full_rule_bank,32,ade893add78cede7212ef58edb1e2172126bf561532999f5b26f97e4477d2fe8,,,,2128,easy,46,0.004196277624942013,32,76713
0.7109375,18,mirror,64,8e184f34c494eb2d81fcaac24382003a3469e87d7d360af5cb8016a3deb42a94,,,,808,easy,46,0.010404713500975049,64,76713
0.7109375,1,full_rule_bank,64,ade893add78cede7212ef58edb1e2172126bf561532999f5b26f97e4477d2fe8,,,,2128,easy,46,0.008392555249884026,64,76713
0.7109375,18,mirror,128,8e184f34c494eb2d81fcaac24382003a3469e87d7d360af5cb8016a3deb42a94,,,,808,easy,46,0.020809427001950098,128,76713
0.7109375,1,full_rule_bank,128,ade893add78cede7212ef58edb1e2172126bf561532999f5b26f97e4477d2fe8,,,,2128,easy,46,0.016785110499768052,128,76713
0.7109375,18,mirror,256,8e184f34c494eb2d81fcaac24382003a3469e87d7d360af5cb8016a3deb42a94,,,0.07711175084114075,808,easy,46,0.041618854003900196,256,76713
0.7109375,1,full_rule_bank,256,ade893add78cede7212ef58edb1e2172126bf561532999f5b26f97e4477d2fe8,,,0.0891479030251503,2128,easy,46,0.033570220999536105,256,76713
0.728515625,18,mirror,0,8e184f34c494eb2d81fcaac24382003a3469e87d7d360af5cb8016a3deb42a94,,,,808,easy,47,0.0,0,76713
0.728515625,1,full_rule_bank,0,ade893add78cede7212ef58edb1e2172126bf561532999f5b26f97e4477d2fe8,,,,2128,easy,47,0.0,0,76713
0.728515625,18,mirror,8,8e184f34c494eb2d81fcaac24382003a3469e87d7d360af5cb8016a3deb42a94,,,,808,easy,47,0.0012463462812775106,8,76713
0.728515625,1,full_rule_bank,8,ade893add78cede7212ef58edb1e2172126bf561532999f5b26f97e4477d2fe8,,,,2128,easy,47,0.0011003669062574772,8,76713
0.728515625,18,mirror,32,8e184f34c494eb2d81fcaac24382003a3469e87d7d360af5cb8016a3deb42a94,,,,808,easy,47,0.004985385125110042,32,76713
0.728515625,1,full_rule_bank,32,ade893add78cede7212ef58edb1e2172126bf561532999f5b26f97e4477d2fe8,,,,2128,easy,47,0.004401467625029909,32,76713
0.728515625,18,mirror,64,8e184f34c494eb2d81fcaac24382003a3469e87d7d360af5cb8016a3deb42a94,,,,808,easy,47,0.009970770250220085,64,76713
0.728515625,1,full_rule_bank,64,ade893add78cede7212ef58edb1e2172126bf561532999f5b26f97e4477d2fe8,,,,2128,easy,47,0.008802935250059818,64,76713
0.728515625,18,mirror,128,8e184f34c494eb2d81fcaac24382003a3469e87d7d360af5cb8016a3deb42a94,,,,808,easy,47,0.01994154050044017,128,76713
0.728515625,1,full_rule_bank,128,ade893add78cede7212ef58edb1e2172126bf561532999f5b26f97e4477d2fe8,,,,2128,easy,47,0.017605870500119636,128,76713
0.728515625,18,mirror,256,8e184f34c494eb2d81fcaac24382003a3469e87d7d360af5cb8016a3deb42a94,,,0.059766024351119995,808,easy,47,0.03988308100088034,256,76713
0.728515625,1,full_rule_bank,256,ade893add78cede7212ef58edb1e2172126bf561532999f5b26f97e4477d2fe8,,,0.07118604332208633,2128,easy,47,0.03521174100023927,256,76713
0.78515625,18,mirror,0,8e184f34c494eb2d81fcaac24382003a3469e87d7d360af5cb8016a3deb42a94,,,,808,hard,48,0.0,0,76713
0.78515625,1,full_rule_bank,0,ade893add78cede7212ef58edb1e2172126bf561532999f5b26f97e4477d2fe8,,,,2128,hard,48,0.0,0,76713
0.78515625,18,mirror,8,8e184f34c494eb2d81fcaac24382003a3469e87d7d360af5cb8016a3deb42a94,,,,808,hard,48,0.0012786865311227302,8,76713
0.78515625,1,full_rule_bank,8,ade893add78cede7212ef58edb1e2172126bf561532999f5b26f97e4477d2fe8,,,,2128,hard,48,0.0010510623749269143,8,76713
0.78515625,18,mirror,32,8e184f34c494eb2d81fcaac24382003a3469e87d7d360af5cb8016a3deb42a94,,,,808,hard,48,0.005114746124490921,32,76713
0.78515625,1,full_rule_bank,32,ade893add78cede7212ef58edb1e2172126bf561532999f5b26f97e4477d2fe8,,,,2128,hard,48,0.004204249499707657,32,76713
0.78515625,18,mirror,64,8e184f34c494eb2d81fcaac24382003a3469e87d7d360af5cb8016a3deb42a94,,,,808,hard,48,0.010229492248981842,64,76713
0.78515625,1,full_rule_bank,64,ade893add78cede7212ef58edb1e2172126bf561532999f5b26f97e4477d2fe8,,,,2128,hard,48,0.008408498999415315,64,76713
0.78515625,18,mirror,128,8e184f34c494eb2d81fcaac24382003a3469e87d7d360af5cb8016a3deb42a94,,,,808,hard,48,0.020458984497963684,128,76713
0.779296875,1,full_rule_bank,128,ade893add78cede7212ef58edb1e2172126bf561532999f5b26f97e4477d2fe8,,,,2128,hard,48,0.01681699799883063,128,76713
0.78515625,18,mirror,256,8e184f34c494eb2d81fcaac24382003a3469e87d7d360af5cb8016a3deb42a94,,,1.7597545385360718,808,hard,48,0.04091796899592737,256,76713
0.78515625,1,full_rule_bank,256,ade893add78cede7212ef58edb1e2172126bf561532999f5b26f97e4477d2fe8,,,1.2745718955993652,2128,hard,48,0.03363399599766126,256,76713
0.697265625,18,mirror,0,8e184f34c494eb2d81fcaac24382003a3469e87d7d360af5cb8016a3deb42a94,,,,808,hard,49,0.0,0,76713
0.697265625,1,full_rule_bank,0,ade893add78cede7212ef58edb1e2172126bf561532999f5b26f97e4477d2fe8,,,,2128,hard,49,0.0,0,76713
0.697265625,18,mirror,8,8e184f34c494eb2d81fcaac24382003a3469e87d7d360af5cb8016a3deb42a94,,,,808,hard,49,0.0012399738750445977,8,76713
0.697265625,1,full_rule_bank,8,ade893add78cede7212ef58edb1e2172126bf561532999f5b26f97e4477d2fe8,,,,2128,hard,49,0.0010227097186543688,8,76713
0.697265625,18,mirror,32,8e184f34c494eb2d81fcaac24382003a3469e87d7d360af5cb8016a3deb42a94,,,,808,hard,49,0.004959895500178391,32,76713
0.697265625,1,full_rule_bank,32,ade893add78cede7212ef58edb1e2172126bf561532999f5b26f97e4477d2fe8,,,,2128,hard,49,0.004090838874617475,32,76713
0.697265625,18,mirror,64,8e184f34c494eb2d81fcaac24382003a3469e87d7d360af5cb8016a3deb42a94,,,,808,hard,49,0.009919791000356781,64,76713
0.697265625,1,full_rule_bank,64,ade893add78cede7212ef58edb1e2172126bf561532999f5b26f97e4477d2fe8,,,,2128,hard,49,0.00818167774923495,64,76713
0.697265625,18,mirror,128,8e184f34c494eb2d81fcaac24382003a3469e87d7d360af5cb8016a3deb42a94,,,,808,hard,49,0.019839582000713563,128,76713
0.697265625,1,full_rule_bank,128,ade893add78cede7212ef58edb1e2172126bf561532999f5b26f97e4477d2fe8,,,,2128,hard,49,0.0163633554984699,128,76713
0.697265625,18,mirror,256,8e184f34c494eb2d81fcaac24382003a3469e87d7d360af5cb8016a3deb42a94,,,1.2151281833648682,808,hard,49,0.039679164001427125,256,76713
0.697265625,1,full_rule_bank,256,ade893add78cede7212ef58edb1e2172126bf561532999f5b26f97e4477d2fe8,,,0.6389107704162598,2128,hard,49,0.0327267109969398,256,76713
0.53125,18,mirror,0,8e184f34c494eb2d81fcaac24382003a3469e87d7d360af5cb8016a3deb42a94,,,,808,hard,50,0.0,0,76713
0.53125,1,full_rule_bank,0,ade893add78cede7212ef58edb1e2172126bf561532999f5b26f97e4477d2fe8,,,,2128,hard,50,0.0,0,76713
0.53125,18,mirror,8,8e184f34c494eb2d81fcaac24382003a3469e87d7d360af5cb8016a3deb42a94,,,,808,hard,50,0.001249195906211753,8,76713
0.53125,1,full_rule_bank,8,ade893add78cede7212ef58edb1e2172126bf561532999f5b26f97e4477d2fe8,,,,2128,hard,50,0.001028893437478473,8,76713
0.53125,18,mirror,32,8e184f34c494eb2d81fcaac24382003a3469e87d7d360af5cb8016a3deb42a94,,,,808,hard,50,0.004996783624847012,32,76713
0.53125,1,full_rule_bank,32,ade893add78cede7212ef58edb1e2172126bf561532999f5b26f97e4477d2fe8,,,,2128,hard,50,0.004115573749913892,32,76713
0.53125,18,mirror,64,8e184f34c494eb2d81fcaac24382003a3469e87d7d360af5cb8016a3deb42a94,,,,808,hard,50,0.009993567249694024,64,76713
0.53125,1,full_rule_bank,64,ade893add78cede7212ef58edb1e2172126bf561532999f5b26f97e4477d2fe8,,,,2128,hard,50,0.008231147499827784,64,76713
0.53125,18,mirror,128,8e184f34c494eb2d81fcaac24382003a3469e87d7d360af5cb8016a3deb42a94,,,,808,hard,50,0.01998713449938805,128,76713
0.53125,1,full_rule_bank,128,ade893add78cede7212ef58edb1e2172126bf561532999f5b26f97e4477d2fe8,,,,2128,hard,50,0.01646229499965557,128,76713
0.53125,18,mirror,256,8e184f34c494eb2d81fcaac24382003a3469e87d7d360af5cb8016a3deb42a94,,,0.9472445845603943,808,hard,50,0.0399742689987761,256,76713
0.53125,1,full_rule_bank,256,ade893add78cede7212ef58edb1e2172126bf561532999f5b26f97e4477d2fe8,,,0.5328978300094604,2128,hard,50,0.03292458999931114,256,76713
0.73828125,18,mirror,0,8e184f34c494eb2d81fcaac24382003a3469e87d7d360af5cb8016a3deb42a94,,,,808,easy,51,0.0,0,76713
0.73828125,1,full_rule_bank,0,ade893add78cede7212ef58edb1e2172126bf561532999f5b26f97e4477d2fe8,,,,2128,easy,51,0.0,0,76713
0.73828125,18,mirror,8,8e184f34c494eb2d81fcaac24382003a3469e87d7d360af5cb8016a3deb42a94,,,,808,easy,51,0.0012690636249317322,8,76713
0.73828125,1,full_rule_bank,8,ade893add78cede7212ef58edb1e2172126bf561532999f5b26f97e4477d2fe8,,,,2128,easy,51,0.0010148657188437937,8,76713
0.73828125,18,mirror,32,8e184f34c494eb2d81fcaac24382003a3469e87d7d360af5cb8016a3deb42a94,,,,808,easy,51,0.005076254499726929,32,76713
0.73828125,1,full_rule_bank,32,ade893add78cede7212ef58edb1e2172126bf561532999f5b26f97e4477d2fe8,,,,2128,easy,51,0.004059462875375175,32,76713
0.73828125,18,mirror,64,8e184f34c494eb2d81fcaac24382003a3469e87d7d360af5cb8016a3deb42a94,,,,808,easy,51,0.010152508999453858,64,76713
0.73828125,1,full_rule_bank,64,ade893add78cede7212ef58edb1e2172126bf561532999f5b26f97e4477d2fe8,,,,2128,easy,51,0.00811892575075035,64,76713
0.73828125,18,mirror,128,8e184f34c494eb2d81fcaac24382003a3469e87d7d360af5cb8016a3deb42a94,,,,808,easy,51,0.020305017998907715,128,76713
0.73828125,1,full_rule_bank,128,ade893add78cede7212ef58edb1e2172126bf561532999f5b26f97e4477d2fe8,,,,2128,easy,51,0.0162378515015007,128,76713
0.73828125,18,mirror,256,8e184f34c494eb2d81fcaac24382003a3469e87d7d360af5cb8016a3deb42a94,,,0.010510683059692383,808,easy,51,0.04061003599781543,256,76713
0.73828125,1,full_rule_bank,256,ade893add78cede7212ef58edb1e2172126bf561532999f5b26f97e4477d2fe8,,,0.03636976331472397,2128,easy,51,0.0324757030030014,256,76713
0.73828125,18,mirror,0,8e184f34c494eb2d81fcaac24382003a3469e87d7d360af5cb8016a3deb42a94,,,,808,easy,52,0.0,0,76713
0.73828125,1,full_rule_bank,0,ade893add78cede7212ef58edb1e2172126bf561532999f5b26f97e4477d2fe8,,,,2128,easy,52,0.0,0,76713
0.73828125,18,mirror,8,8e184f34c494eb2d81fcaac24382003a3469e87d7d360af5cb8016a3deb42a94,,,,808,easy,52,0.0012573544063343434,8,76713
0.73828125,1,full_rule_bank,8,ade893add78cede7212ef58edb1e2172126bf561532999f5b26f97e4477d2fe8,,,,2128,easy,52,0.0010410670624878549,8,76713
0.73828125,18,mirror,32,8e184f34c494eb2d81fcaac24382003a3469e87d7d360af5cb8016a3deb42a94,,,,808,easy,52,0.0050294176253373735,32,76713
0.73828125,1,full_rule_bank,32,ade893add78cede7212ef58edb1e2172126bf561532999f5b26f97e4477d2fe8,,,,2128,easy,52,0.004164268249951419,32,76713
0.73828125,18,mirror,64,8e184f34c494eb2d81fcaac24382003a3469e87d7d360af5cb8016a3deb42a94,,,,808,easy,52,0.010058835250674747,64,76713
0.73828125,1,full_rule_bank,64,ade893add78cede7212ef58edb1e2172126bf561532999f5b26f97e4477d2fe8,,,,2128,easy,52,0.008328536499902839,64,76713
0.73828125,18,mirror,128,8e184f34c494eb2d81fcaac24382003a3469e87d7d360af5cb8016a3deb42a94,,,,808,easy,52,0.020117670501349494,128,76713
0.73828125,1,full_rule_bank,128,ade893add78cede7212ef58edb1e2172126bf561532999f5b26f97e4477d2fe8,,,,2128,easy,52,0.016657072999805678,128,76713
0.73828125,18,mirror,256,8e184f34c494eb2d81fcaac24382003a3469e87d7d360af5cb8016a3deb42a94,,,0.057302601635456085,808,easy,52,0.04023534100269899,256,76713
0.73828125,1,full_rule_bank,256,ade893add78cede7212ef58edb1e2172126bf561532999f5b26f97e4477d2fe8,,,0.08230113238096237,2128,easy,52,0.033314145999611355,256,76713
0.59765625,18,mirror,0,8e184f34c494eb2d81fcaac24382003a3469e87d7d360af5cb8016a3deb42a94,,,,808,hard,53,0.0,0,76713
0.59765625,1,full_rule_bank,0,ade893add78cede7212ef58edb1e2172126bf561532999f5b26f97e4477d2fe8,,,,2128,hard,53,0.0,0,76713
0.59765625,18,mirror,8,8e184f34c494eb2d81fcaac24382003a3469e87d7d360af5cb8016a3deb42a94,,,,808,hard,53,0.0012706973125204968,8,76713
0.59765625,1,full_rule_bank,8,ade893add78cede7212ef58edb1e2172126bf561532999f5b26f97e4477d2fe8,,,,2128,hard,53,0.0010293822813309816,8,76713
0.59765625,18,mirror,32,8e184f34c494eb2d81fcaac24382003a3469e87d7d360af5cb8016a3deb42a94,,,,808,hard,53,0.005082789250081987,32,76713
0.59765625,1,full_rule_bank,32,ade893add78cede7212ef58edb1e2172126bf561532999f5b26f97e4477d2fe8,,,,2128,hard,53,0.0041175291253239266,32,76713
0.59765625,18,mirror,64,8e184f34c494eb2d81fcaac24382003a3469e87d7d360af5cb8016a3deb42a94,,,,808,hard,53,0.010165578500163974,64,76713
0.59765625,1,full_rule_bank,64,ade893add78cede7212ef58edb1e2172126bf561532999f5b26f97e4477d2fe8,,,,2128,hard,53,0.008235058250647853,64,76713
0.59765625,18,mirror,128,8e184f34c494eb2d81fcaac24382003a3469e87d7d360af5cb8016a3deb42a94,,,,808,hard,53,0.02033115700032795,128,76713
0.70703125,1,full_rule_bank,128,ade893add78cede7212ef58edb1e2172126bf561532999f5b26f97e4477d2fe8,,,,2128,hard,53,0.016470116501295706,128,76713
0.59765625,18,mirror,256,8e184f34c494eb2d81fcaac24382003a3469e87d7d360af5cb8016a3deb42a94,,,2.3513734340667725,808,hard,53,0.0406623140006559,256,76713
0.70703125,1,full_rule_bank,256,ade893add78cede7212ef58edb1e2172126bf561532999f5b26f97e4477d2fe8,,,1.2917882204055786,2128,hard,53,0.03294023300259141,256,76713
0.80078125,18,mirror,0,8e184f34c494eb2d81fcaac24382003a3469e87d7d360af5cb8016a3deb42a94,,,,808,hard,54,0.0,0,76713
0.80078125,1,full_rule_bank,0,ade893add78cede7212ef58edb1e2172126bf561532999f5b26f97e4477d2fe8,,,,2128,hard,54,0.0,0,76713
0.80078125,18,mirror,8,8e184f34c494eb2d81fcaac24382003a3469e87d7d360af5cb8016a3deb42a94,,,,808,hard,54,0.0012713298438029597,8,76713
0.80078125,1,full_rule_bank,8,ade893add78cede7212ef58edb1e2172126bf561532999f5b26f97e4477d2fe8,,,,2128,hard,54,0.00112755312511581,8,76713
0.80078125,18,mirror,32,8e184f34c494eb2d81fcaac24382003a3469e87d7d360af5cb8016a3deb42a94,,,,808,hard,54,0.005085319375211839,32,76713
0.80078125,1,full_rule_bank,32,ade893add78cede7212ef58edb1e2172126bf561532999f5b26f97e4477d2fe8,,,,2128,hard,54,0.00451021250046324,32,76713
0.80078125,18,mirror,64,8e184f34c494eb2d81fcaac24382003a3469e87d7d360af5cb8016a3deb42a94,,,,808,hard,54,0.010170638750423677,64,76713
0.80078125,1,full_rule_bank,64,ade893add78cede7212ef58edb1e2172126bf561532999f5b26f97e4477d2fe8,,,,2128,hard,54,0.00902042500092648,64,76713
0.80078125,18,mirror,128,8e184f34c494eb2d81fcaac24382003a3469e87d7d360af5cb8016a3deb42a94,,,,808,hard,54,0.020341277500847355,128,76713
0.80078125,1,full_rule_bank,128,ade893add78cede7212ef58edb1e2172126bf561532999f5b26f97e4477d2fe8,,,,2128,hard,54,0.01804085000185296,128,76713
0.80078125,18,mirror,256,8e184f34c494eb2d81fcaac24382003a3469e87d7d360af5cb8016a3deb42a94,,,1.9941010475158691,808,hard,54,0.04068255500169471,256,76713
0.80078125,1,full_rule_bank,256,ade893add78cede7212ef58edb1e2172126bf561532999f5b26f97e4477d2fe8,,,1.6183128356933594,2128,hard,54,0.03608170000370592,256,76713
0.73046875,18,mirror,0,8e184f34c494eb2d81fcaac24382003a3469e87d7d360af5cb8016a3deb42a94,,,,808,easy,55,0.0,0,76713
0.73046875,1,full_rule_bank,0,ade893add78cede7212ef58edb1e2172126bf561532999f5b26f97e4477d2fe8,,,,2128,easy,55,0.0,0,76713
0.73046875,18,mirror,8,8e184f34c494eb2d81fcaac24382003a3469e87d7d360af5cb8016a3deb42a94,,,,808,easy,55,0.001289138812580859,8,76713
0.73046875,1,full_rule_bank,8,ade893add78cede7212ef58edb1e2172126bf561532999f5b26f97e4477d2fe8,,,,2128,easy,55,0.0010086645311275788,8,76713
0.73046875,18,mirror,32,8e184f34c494eb2d81fcaac24382003a3469e87d7d360af5cb8016a3deb42a94,,,,808,easy,55,0.005156555250323436,32,76713
0.73046875,1,full_rule_bank,32,ade893add78cede7212ef58edb1e2172126bf561532999f5b26f97e4477d2fe8,,,,2128,easy,55,0.004034658124510315,32,76713
0.73046875,18,mirror,64,8e184f34c494eb2d81fcaac24382003a3469e87d7d360af5cb8016a3deb42a94,,,,808,easy,55,0.010313110500646872,64,76713
0.73046875,1,full_rule_bank,64,ade893add78cede7212ef58edb1e2172126bf561532999f5b26f97e4477d2fe8,,,,2128,easy,55,0.00806931624902063,64,76713
0.73046875,18,mirror,128,8e184f34c494eb2d81fcaac24382003a3469e87d7d360af5cb8016a3deb42a94,,,,808,easy,55,0.020626221001293743,128,76713
0.73046875,1,full_rule_bank,128,ade893add78cede7212ef58edb1e2172126bf561532999f5b26f97e4477d2fe8,,,,2128,easy,55,0.01613863249804126,128,76713
0.73046875,18,mirror,256,8e184f34c494eb2d81fcaac24382003a3469e87d7d360af5cb8016a3deb42a94,,,0.01084904931485653,808,easy,55,0.041252442002587486,256,76713
0.73046875,1,full_rule_bank,256,ade893add78cede7212ef58edb1e2172126bf561532999f5b26f97e4477d2fe8,,,0.023708175867795944,2128,easy,55,0.03227726499608252,256,76713
0.732421875,18,mirror,0,8e184f34c494eb2d81fcaac24382003a3469e87d7d360af5cb8016a3deb42a94,,,,808,easy,56,0.0,0,76713
0.732421875,1,full_rule_bank,0,ade893add78cede7212ef58edb1e2172126bf561532999f5b26f97e4477d2fe8,,,,2128,easy,56,0.0,0,76713
0.732421875,18,mirror,8,8e184f34c494eb2d81fcaac24382003a3469e87d7d360af5cb8016a3deb42a94,,,,808,easy,56,0.0012615876562449557,8,76713
0.732421875,1,full_rule_bank,8,ade893add78cede7212ef58edb1e2172126bf561532999f5b26f97e4477d2fe8,,,,2128,easy,56,0.0010264400311825739,8,76713
0.732421875,18,mirror,32,8e184f34c494eb2d81fcaac24382003a3469e87d7d360af5cb8016a3deb42a94,,,,808,easy,56,0.005046350624979823,32,76713
0.732421875,1,full_rule_bank,32,ade893add78cede7212ef58edb1e2172126bf561532999f5b26f97e4477d2fe8,,,,2128,easy,56,0.0041057601247302955,32,76713
0.732421875,18,mirror,64,8e184f34c494eb2d81fcaac24382003a3469e87d7d360af5cb8016a3deb42a94,,,,808,easy,56,0.010092701249959646,64,76713
0.732421875,1,full_rule_bank,64,ade893add78cede7212ef58edb1e2172126bf561532999f5b26f97e4477d2fe8,,,,2128,easy,56,0.008211520249460591,64,76713
0.732421875,18,mirror,128,8e184f34c494eb2d81fcaac24382003a3469e87d7d360af5cb8016a3deb42a94,,,,808,easy,56,0.02018540249991929,128,76713
0.732421875,1,full_rule_bank,128,ade893add78cede7212ef58edb1e2172126bf561532999f5b26f97e4477d2fe8,,,,2128,easy,56,0.016423040498921182,128,76713
0.732421875,18,mirror,256,8e184f34c494eb2d81fcaac24382003a3469e87d7d360af5cb8016a3deb42a94,,,0.06533634662628174,808,easy,56,0.04037080499983858,256,76713
0.732421875,1,full_rule_bank,256,ade893add78cede7212ef58edb1e2172126bf561532999f5b26f97e4477d2fe8,,,0.0839524045586586,2128,easy,56,0.032846080997842364,256,76713
0.587890625,18,mirror,0,8e184f34c494eb2d81fcaac24382003a3469e87d7d360af5cb8016a3deb42a94,,,,808,hard,57,0.0,0,76713
0.587890625,1,full_rule_bank,0,ade893add78cede7212ef58edb1e2172126bf561532999f5b26f97e4477d2fe8,,,,2128,hard,57,0.0,0,76713
0.587890625,18,mirror,8,8e184f34c494eb2d81fcaac24382003a3469e87d7d360af5cb8016a3deb42a94,,,,808,hard,57,0.0014126343751286186,8,76713
0.587890625,1,full_rule_bank,8,ade893add78cede7212ef58edb1e2172126bf561532999f5b26f97e4477d2fe8,,,,2128,hard,57,0.0010318024999378395,8,76713
0.587890625,18,mirror,32,8e184f34c494eb2d81fcaac24382003a3469e87d7d360af5cb8016a3deb42a94,,,,808,hard,57,0.005650537500514474,32,76713
0.587890625,1,full_rule_bank,32,ade893add78cede7212ef58edb1e2172126bf561532999f5b26f97e4477d2fe8,,,,2128,hard,57,0.004127209999751358,32,76713
0.587890625,18,mirror,64,8e184f34c494eb2d81fcaac24382003a3469e87d7d360af5cb8016a3deb42a94,,,,808,hard,57,0.011301075001028948,64,76713
0.630859375,1,full_rule_bank,64,ade893add78cede7212ef58edb1e2172126bf561532999f5b26f97e4477d2fe8,,,,2128,hard,57,0.008254419999502716,64,76713
0.587890625,18,mirror,128,8e184f34c494eb2d81fcaac24382003a3469e87d7d360af5cb8016a3deb42a94,,,,808,hard,57,0.022602150002057897,128,76713
0.630859375,1,full_rule_bank,128,ade893add78cede7212ef58edb1e2172126bf561532999f5b26f97e4477d2fe8,,,,2128,hard,57,0.01650883999900543,128,76713
0.6015625,18,mirror,256,8e184f34c494eb2d81fcaac24382003a3469e87d7d360af5cb8016a3deb42a94,,,1.2208088636398315,808,hard,57,0.045204300004115794,256,76713
0.7421875,1,full_rule_bank,256,ade893add78cede7212ef58edb1e2172126bf561532999f5b26f97e4477d2fe8,,,0.6469784379005432,2128,hard,57,0.03301767999801086,256,76713
0.720703125,18,mirror,0,8e184f34c494eb2d81fcaac24382003a3469e87d7d360af5cb8016a3deb42a94,,,,808,easy,58,0.0,0,76713
0.720703125,1,full_rule_bank,0,ade893add78cede7212ef58edb1e2172126bf561532999f5b26f97e4477d2fe8,,,,2128,easy,58,0.0,0,76713
0.720703125,18,mirror,8,8e184f34c494eb2d81fcaac24382003a3469e87d7d360af5cb8016a3deb42a94,,,,808,easy,58,0.001262072156123395,8,76713
0.720703125,1,full_rule_bank,8,ade893add78cede7212ef58edb1e2172126bf561532999f5b26f97e4477d2fe8,,,,2128,easy,58,0.0010319639686713344,8,76713
0.720703125,18,mirror,32,8e184f34c494eb2d81fcaac24382003a3469e87d7d360af5cb8016a3deb42a94,,,,808,easy,58,0.00504828862449358,32,76713
0.720703125,1,full_rule_bank,32,ade893add78cede7212ef58edb1e2172126bf561532999f5b26f97e4477d2fe8,,,,2128,easy,58,0.004127855874685338,32,76713
0.720703125,18,mirror,64,8e184f34c494eb2d81fcaac24382003a3469e87d7d360af5cb8016a3deb42a94,,,,808,easy,58,0.01009657724898716,64,76713
0.720703125,1,full_rule_bank,64,ade893add78cede7212ef58edb1e2172126bf561532999f5b26f97e4477d2fe8,,,,2128,easy,58,0.008255711749370676,64,76713
0.720703125,18,mirror,128,8e184f34c494eb2d81fcaac24382003a3469e87d7d360af5cb8016a3deb42a94,,,,808,easy,58,0.02019315449797432,128,76713
0.720703125,1,full_rule_bank,128,ade893add78cede7212ef58edb1e2172126bf561532999f5b26f97e4477d2fe8,,,,2128,easy,58,0.01651142349874135,128,76713
0.720703125,18,mirror,256,8e184f34c494eb2d81fcaac24382003a3469e87d7d360af5cb8016a3deb42a94,,,0.016891244798898697,808,easy,58,0.04038630899594864,256,76713
0.720703125,1,full_rule_bank,256,ade893add78cede7212ef58edb1e2172126bf561532999f5b26f97e4477d2fe8,,,0.026907453313469887,2128,easy,58,0.0330228469974827,256,76713
0.50390625,18,mirror,0,8e184f34c494eb2d81fcaac24382003a3469e87d7d360af5cb8016a3deb42a94,,,,808,hard,59,0.0,0,76713
0.50390625,1,full_rule_bank,0,ade893add78cede7212ef58edb1e2172126bf561532999f5b26f97e4477d2fe8,,,,2128,hard,59,0.0,0,76713
0.50390625,18,mirror,8,8e184f34c494eb2d81fcaac24382003a3469e87d7d360af5cb8016a3deb42a94,,,,808,hard,59,0.00125225893748393,8,76713
0.50390625,1,full_rule_bank,8,ade893add78cede7212ef58edb1e2172126bf561532999f5b26f97e4477d2fe8,,,,2128,hard,59,0.0010292035626662255,8,76713
0.50390625,18,mirror,32,8e184f34c494eb2d81fcaac24382003a3469e87d7d360af5cb8016a3deb42a94,,,,808,hard,59,0.00500903574993572,32,76713
0.50390625,1,full_rule_bank,32,ade893add78cede7212ef58edb1e2172126bf561532999f5b26f97e4477d2fe8,,,,2128,hard,59,0.004116814250664902,32,76713
0.50390625,18,mirror,64,8e184f34c494eb2d81fcaac24382003a3469e87d7d360af5cb8016a3deb42a94,,,,808,hard,59,0.01001807149987144,64,76713
0.50390625,1,full_rule_bank,64,ade893add78cede7212ef58edb1e2172126bf561532999f5b26f97e4477d2fe8,,,,2128,hard,59,0.008233628501329804,64,76713
0.50390625,18,mirror,128,8e184f34c494eb2d81fcaac24382003a3469e87d7d360af5cb8016a3deb42a94,,,,808,hard,59,0.02003614299974288,128,76713
0.50390625,1,full_rule_bank,128,ade893add78cede7212ef58edb1e2172126bf561532999f5b26f97e4477d2fe8,,,,2128,hard,59,0.016467257002659608,128,76713
0.50390625,18,mirror,256,8e184f34c494eb2d81fcaac24382003a3469e87d7d360af5cb8016a3deb42a94,,,1.410217523574829,808,hard,59,0.04007228599948576,256,76713
0.5703125,1,full_rule_bank,256,ade893add78cede7212ef58edb1e2172126bf561532999f5b26f97e4477d2fe8,,,0.4775031805038452,2128,hard,59,0.032934514005319215,256,76713
0.61328125,18,mirror,0,8e184f34c494eb2d81fcaac24382003a3469e87d7d360af5cb8016a3deb42a94,,,,808,hard,60,0.0,0,76713
0.61328125,1,full_rule_bank,0,ade893add78cede7212ef58edb1e2172126bf561532999f5b26f97e4477d2fe8,,,,2128,hard,60,0.0,0,76713
0.61328125,18,mirror,8,8e184f34c494eb2d81fcaac24382003a3469e87d7d360af5cb8016a3deb42a94,,,,808,hard,60,0.0012869420625065686,8,76713
0.61328125,1,full_rule_bank,8,ade893add78cede7212ef58edb1e2172126bf561532999f5b26f97e4477d2fe8,,,,2128,hard,60,0.001041740531263713,8,76713
0.61328125,18,mirror,32,8e184f34c494eb2d81fcaac24382003a3469e87d7d360af5cb8016a3deb42a94,,,,808,hard,60,0.0051477682500262745,32,76713
0.61328125,1,full_rule_bank,32,ade893add78cede7212ef58edb1e2172126bf561532999f5b26f97e4477d2fe8,,,,2128,hard,60,0.004166962125054852,32,76713
0.61328125,18,mirror,64,8e184f34c494eb2d81fcaac24382003a3469e87d7d360af5cb8016a3deb42a94,,,,808,hard,60,0.010295536500052549,64,76713
0.61328125,1,full_rule_bank,64,ade893add78cede7212ef58edb1e2172126bf561532999f5b26f97e4477d2fe8,,,,2128,hard,60,0.008333924250109703,64,76713
0.61328125,18,mirror,128,8e184f34c494eb2d81fcaac24382003a3469e87d7d360af5cb8016a3deb42a94,,,,808,hard,60,0.020591073000105098,128,76713
0.71875,1,full_rule_bank,128,ade893add78cede7212ef58edb1e2172126bf561532999f5b26f97e4477d2fe8,,,,2128,hard,60,0.016667848500219407,128,76713
0.61328125,18,mirror,256,8e184f34c494eb2d81fcaac24382003a3469e87d7d360af5cb8016a3deb42a94,,,2.0386128425598145,808,hard,60,0.041182146000210196,256,76713
0.763671875,1,full_rule_bank,256,ade893add78cede7212ef58edb1e2172126bf561532999f5b26f97e4477d2fe8,,,0.9771891832351685,2128,hard,60,0.03333569700043881,256,76713
0.560546875,18,mirror,0,8e184f34c494eb2d81fcaac24382003a3469e87d7d360af5cb8016a3deb42a94,,,,808,hard,61,0.0,0,76713
0.560546875,1,full_rule_bank,0,ade893add78cede7212ef58edb1e2172126bf561532999f5b26f97e4477d2fe8,,,,2128,hard,61,0.0,0,76713
0.560546875,18,mirror,8,8e184f34c494eb2d81fcaac24382003a3469e87d7d360af5cb8016a3deb42a94,,,,808,hard,61,0.0013798221564229607,8,76713
0.560546875,1,full_rule_bank,8,ade893add78cede7212ef58edb1e2172126bf561532999f5b26f97e4477d2fe8,,,,2128,hard,61,0.001051214843755588,8,76713
0.560546875,18,mirror,32,8e184f34c494eb2d81fcaac24382003a3469e87d7d360af5cb8016a3deb42a94,,,,808,hard,61,0.005519288625691843,32,76713
0.560546875,1,full_rule_bank,32,ade893add78cede7212ef58edb1e2172126bf561532999f5b26f97e4477d2fe8,,,,2128,hard,61,0.004204859375022352,32,76713
0.560546875,18,mirror,64,8e184f34c494eb2d81fcaac24382003a3469e87d7d360af5cb8016a3deb42a94,,,,808,hard,61,0.011038577251383686,64,76713
0.560546875,1,full_rule_bank,64,ade893add78cede7212ef58edb1e2172126bf561532999f5b26f97e4477d2fe8,,,,2128,hard,61,0.008409718750044703,64,76713
0.560546875,18,mirror,128,8e184f34c494eb2d81fcaac24382003a3469e87d7d360af5cb8016a3deb42a94,,,,808,hard,61,0.02207715450276737,128,76713
0.576171875,1,full_rule_bank,128,ade893add78cede7212ef58edb1e2172126bf561532999f5b26f97e4477d2fe8,,,,2128,hard,61,0.016819437500089407,128,76713
0.650390625,18,mirror,256,8e184f34c494eb2d81fcaac24382003a3469e87d7d360af5cb8016a3deb42a94,,,3.6677932739257812,808,hard,61,0.04415430900553474,256,76713
0.7265625,1,full_rule_bank,256,ade893add78cede7212ef58edb1e2172126bf561532999f5b26f97e4477d2fe8,,,2.6352319717407227,2128,hard,61,0.033638875000178814,256,76713
0.728515625,18,mirror,0,8e184f34c494eb2d81fcaac24382003a3469e87d7d360af5cb8016a3deb42a94,,,,808,easy,62,0.0,0,76713
0.728515625,1,full_rule_bank,0,ade893add78cede7212ef58edb1e2172126bf561532999f5b26f97e4477d2fe8,,,,2128,easy,62,0.0,0,76713
0.728515625,18,mirror,8,8e184f34c494eb2d81fcaac24382003a3469e87d7d360af5cb8016a3deb42a94,,,,808,easy,62,0.0015978067813193775,8,76713
0.728515625,1,full_rule_bank,8,ade893add78cede7212ef58edb1e2172126bf561532999f5b26f97e4477d2fe8,,,,2128,easy,62,0.001669453031354351,8,76713
0.728515625,18,mirror,32,8e184f34c494eb2d81fcaac24382003a3469e87d7d360af5cb8016a3deb42a94,,,,808,easy,62,0.00639122712527751,32,76713
0.728515625,1,full_rule_bank,32,ade893add78cede7212ef58edb1e2172126bf561532999f5b26f97e4477d2fe8,,,,2128,easy,62,0.006677812125417404,32,76713
0.728515625,18,mirror,64,8e184f34c494eb2d81fcaac24382003a3469e87d7d360af5cb8016a3deb42a94,,,,808,easy,62,0.01278245425055502,64,76713
0.728515625,1,full_rule_bank,64,ade893add78cede7212ef58edb1e2172126bf561532999f5b26f97e4477d2fe8,,,,2128,easy,62,0.013355624250834808,64,76713
0.728515625,18,mirror,128,8e184f34c494eb2d81fcaac24382003a3469e87d7d360af5cb8016a3deb42a94,,,,808,easy,62,0.02556490850111004,128,76713
0.728515625,1,full_rule_bank,128,ade893add78cede7212ef58edb1e2172126bf561532999f5b26f97e4477d2fe8,,,,2128,easy,62,0.026711248501669616,128,76713
0.728515625,18,mirror,256,8e184f34c494eb2d81fcaac24382003a3469e87d7d360af5cb8016a3deb42a94,,,0.004670027643442154,808,easy,62,0.05112981700222008,256,76713
0.728515625,1,full_rule_bank,256,ade893add78cede7212ef58edb1e2172126bf561532999f5b26f97e4477d2fe8,,,0.025681238621473312,2128,easy,62,0.05342249700333923,256,76713
0.771484375,18,mirror,0,8e184f34c494eb2d81fcaac24382003a3469e87d7d360af5cb8016a3deb42a94,,,,808,easy,63,0.0,0,76713
0.771484375,1,full_rule_bank,0,ade893add78cede7212ef58edb1e2172126bf561532999f5b26f97e4477d2fe8,,,,2128,easy,63,0.0,0,76713
0.771484375,18,mirror,8,8e184f34c494eb2d81fcaac24382003a3469e87d7d360af5cb8016a3deb42a94,,,,808,easy,63,0.0012411954062372388,8,76713
0.771484375,1,full_rule_bank,8,ade893add78cede7212ef58edb1e2172126bf561532999f5b26f97e4477d2fe8,,,,2128,easy,63,0.0010142945313873497,8,76713
0.771484375,18,mirror,32,8e184f34c494eb2d81fcaac24382003a3469e87d7d360af5cb8016a3deb42a94,,,,808,easy,63,0.004964781624948955,32,76713
0.771484375,1,full_rule_bank,32,ade893add78cede7212ef58edb1e2172126bf561532999f5b26f97e4477d2fe8,,,,2128,easy,63,0.004057178125549399,32,76713
0.771484375,18,mirror,64,8e184f34c494eb2d81fcaac24382003a3469e87d7d360af5cb8016a3deb42a94,,,,808,easy,63,0.00992956324989791,64,76713
0.771484375,1,full_rule_bank,64,ade893add78cede7212ef58edb1e2172126bf561532999f5b26f97e4477d2fe8,,,,2128,easy,63,0.008114356251098798,64,76713
0.771484375,18,mirror,128,8e184f34c494eb2d81fcaac24382003a3469e87d7d360af5cb8016a3deb42a94,,,,808,easy,63,0.01985912649979582,128,76713
0.771484375,1,full_rule_bank,128,ade893add78cede7212ef58edb1e2172126bf561532999f5b26f97e4477d2fe8,,,,2128,easy,63,0.016228712502197595,128,76713
0.771484375,18,mirror,256,8e184f34c494eb2d81fcaac24382003a3469e87d7d360af5cb8016a3deb42a94,,,0.03977728262543678,808,easy,63,0.03971825299959164,256,76713
0.771484375,1,full_rule_bank,256,ade893add78cede7212ef58edb1e2172126bf561532999f5b26f97e4477d2fe8,,,0.047811154276132584,2128,easy,63,0.03245742500439519,256,76713
0.71484375,1,frozen_shared,0,,,,0.031668324023485184,,easy,0,0.0,0,76713
0.71484375,1,full_overwrite_final,256,95986af360de7f770f8751963f0b7eab68d7b8cffddfafb28d5a87c1d2d69972,,,0.012845086865127087,112,easy,0,0.0,256,76713
0.798828125,1,frozen_shared,0,,,,0.27027636766433716,,easy,1,0.0,0,76713
0.798828125,1,full_overwrite_final,256,95986af360de7f770f8751963f0b7eab68d7b8cffddfafb28d5a87c1d2d69972,,,0.11543793976306915,112,easy,1,0.0,256,76713
0.7265625,1,frozen_shared,0,,,,0.09476424753665924,,easy,2,0.0,0,76713
0.7265625,1,full_overwrite_final,256,95986af360de7f770f8751963f0b7eab68d7b8cffddfafb28d5a87c1d2d69972,,,0.1309577226638794,112,easy,2,0.0,256,76713
0.62109375,1,frozen_shared,0,,,,0.7841852307319641,,hard,3,0.0,0,76713
0.62109375,1,full_overwrite_final,256,95986af360de7f770f8751963f0b7eab68d7b8cffddfafb28d5a87c1d2d69972,,,0.8105814456939697,112,hard,3,0.0,256,76713
0.658203125,1,frozen_shared,0,,,,1.5489833354949951,,hard,4,0.0,0,76713
0.658203125,1,full_overwrite_final,256,95986af360de7f770f8751963f0b7eab68d7b8cffddfafb28d5a87c1d2d69972,,,1.4406814575195312,112,hard,4,0.0,256,76713
0.720703125,1,frozen_shared,0,,,,0.008754491806030273,,easy,5,0.0,0,76713
0.720703125,1,full_overwrite_final,256,95986af360de7f770f8751963f0b7eab68d7b8cffddfafb28d5a87c1d2d69972,,,0.0634017288684845,112,easy,5,0.0,256,76713
0.63671875,1,frozen_shared,0,,,,0.740071177482605,,hard,6,0.0,0,76713
0.63671875,1,full_overwrite_final,256,95986af360de7f770f8751963f0b7eab68d7b8cffddfafb28d5a87c1d2d69972,,,0.9124055504798889,112,hard,6,0.0,256,76713
0.705078125,1,frozen_shared,0,,,,0.07521696388721466,,easy,7,0.0,0,76713
0.705078125,1,full_overwrite_final,256,95986af360de7f770f8751963f0b7eab68d7b8cffddfafb28d5a87c1d2d69972,,,0.17599254846572876,112,easy,7,0.0,256,76713
0.677734375,1,frozen_shared,0,,,,2.574571132659912,,hard,8,0.0,0,76713
0.677734375,1,full_overwrite_final,256,95986af360de7f770f8751963f0b7eab68d7b8cffddfafb28d5a87c1d2d69972,,,2.8884663581848145,112,hard,8,0.0,256,76713
0.708984375,1,frozen_shared,0,,,,0.029941879212856293,,easy,9,0.0,0,76713
0.708984375,1,full_overwrite_final,256,95986af360de7f770f8751963f0b7eab68d7b8cffddfafb28d5a87c1d2d69972,,,0.106366366147995,112,easy,9,0.0,256,76713
0.712890625,1,frozen_shared,0,,,,0.04418054595589638,,easy,10,0.0,0,76713
0.712890625,1,full_overwrite_final,256,95986af360de7f770f8751963f0b7eab68d7b8cffddfafb28d5a87c1d2d69972,,,0.12753014266490936,112,easy,10,0.0,256,76713
0.69921875,1,frozen_shared,0,,,,0.04243092983961105,,easy,11,0.0,0,76713
0.69921875,1,full_overwrite_final,256,95986af360de7f770f8751963f0b7eab68d7b8cffddfafb28d5a87c1d2d69972,,,0.16622614860534668,112,easy,11,0.0,256,76713
0.55859375,1,frozen_shared,0,,,,2.0923843383789062,,hard,12,0.0,0,76713
0.55859375,1,full_overwrite_final,256,95986af360de7f770f8751963f0b7eab68d7b8cffddfafb28d5a87c1d2d69972,,,1.9566383361816406,112,hard,12,0.0,256,76713
0.8515625,1,frozen_shared,0,,,,3.3800864219665527,,hard,13,0.0,0,76713
0.8515625,1,full_overwrite_final,256,95986af360de7f770f8751963f0b7eab68d7b8cffddfafb28d5a87c1d2d69972,,,3.4635467529296875,112,hard,13,0.0,256,76713
0.78515625,1,frozen_shared,0,,,,2.3755812644958496,,hard,14,0.0,0,76713
0.78515625,1,full_overwrite_final,256,95986af360de7f770f8751963f0b7eab68d7b8cffddfafb28d5a87c1d2d69972,,,2.088270664215088,112,hard,14,0.0,256,76713
0.71875,1,frozen_shared,0,,,,0.1763276755809784,,easy,15,0.0,0,76713
0.71875,1,full_overwrite_final,256,95986af360de7f770f8751963f0b7eab68d7b8cffddfafb28d5a87c1d2d69972,,,0.11520670354366302,112,easy,15,0.0,256,76713
0.68359375,1,frozen_shared,0,,,,3.1543092727661133,,hard,16,0.0,0,76713
0.68359375,1,full_overwrite_final,256,95986af360de7f770f8751963f0b7eab68d7b8cffddfafb28d5a87c1d2d69972,,,2.8910934925079346,112,hard,16,0.0,256,76713
0.736328125,1,frozen_shared,0,,,,0.06119045987725258,,easy,17,0.0,0,76713
0.736328125,1,full_overwrite_final,256,95986af360de7f770f8751963f0b7eab68d7b8cffddfafb28d5a87c1d2d69972,,,0.0853835791349411,112,easy,17,0.0,256,76713
0.73046875,1,frozen_shared,0,,,,0.0813591331243515,,easy,18,0.0,0,76713
0.73046875,1,full_overwrite_final,256,95986af360de7f770f8751963f0b7eab68d7b8cffddfafb28d5a87c1d2d69972,,,0.055574506521224976,112,easy,18,0.0,256,76713
0.689453125,1,frozen_shared,0,,,,2.7147181034088135,,hard,19,0.0,0,76713
0.689453125,1,full_overwrite_final,256,95986af360de7f770f8751963f0b7eab68d7b8cffddfafb28d5a87c1d2d69972,,,2.486720085144043,112,hard,19,0.0,256,76713
0.708984375,1,frozen_shared,0,,,,0.1981252133846283,,easy,20,0.0,0,76713
0.708984375,1,full_overwrite_final,256,95986af360de7f770f8751963f0b7eab68d7b8cffddfafb28d5a87c1d2d69972,,,0.41495388746261597,112,easy,20,0.0,256,76713
0.634765625,1,frozen_shared,0,,,,1.5060564279556274,,hard,21,0.0,0,76713
0.634765625,1,full_overwrite_final,256,95986af360de7f770f8751963f0b7eab68d7b8cffddfafb28d5a87c1d2d69972,,,1.5623235702514648,112,hard,21,0.0,256,76713
0.71875,1,frozen_shared,0,,,,0.8518085479736328,,hard,22,0.0,0,76713
0.71875,1,full_overwrite_final,256,95986af360de7f770f8751963f0b7eab68d7b8cffddfafb28d5a87c1d2d69972,,,0.7471656203269958,112,hard,22,0.0,256,76713
0.748046875,1,frozen_shared,0,,,,0.0209771990776062,,easy,23,0.0,0,76713
0.748046875,1,full_overwrite_final,256,95986af360de7f770f8751963f0b7eab68d7b8cffddfafb28d5a87c1d2d69972,,,0.018947314471006393,112,easy,23,0.0,256,76713
0.689453125,1,frozen_shared,0,,,,0.09538538753986359,,easy,24,0.0,0,76713
0.689453125,1,full_overwrite_final,256,95986af360de7f770f8751963f0b7eab68d7b8cffddfafb28d5a87c1d2d69972,,,0.2651105523109436,112,easy,24,0.0,256,76713
0.767578125,1,frozen_shared,0,,,,2.1545796394348145,,hard,25,0.0,0,76713
0.767578125,1,full_overwrite_final,256,95986af360de7f770f8751963f0b7eab68d7b8cffddfafb28d5a87c1d2d69972,,,2.0733280181884766,112,hard,25,0.0,256,76713
0.736328125,1,frozen_shared,0,,,,0.051733847707509995,,easy,26,0.0,0,76713
0.736328125,1,full_overwrite_final,256,95986af360de7f770f8751963f0b7eab68d7b8cffddfafb28d5a87c1d2d69972,,,0.03465722128748894,112,easy,26,0.0,256,76713
0.75,1,frozen_shared,0,,,,0.9922018051147461,,hard,27,0.0,0,76713
0.75,1,full_overwrite_final,256,95986af360de7f770f8751963f0b7eab68d7b8cffddfafb28d5a87c1d2d69972,,,0.823036789894104,112,hard,27,0.0,256,76713
0.73828125,1,frozen_shared,0,,,,0.034514423459768295,,easy,28,0.0,0,76713
0.73828125,1,full_overwrite_final,256,95986af360de7f770f8751963f0b7eab68d7b8cffddfafb28d5a87c1d2d69972,,,0.010237987153232098,112,easy,28,0.0,256,76713
0.578125,1,frozen_shared,0,,,,2.0839548110961914,,hard,29,0.0,0,76713
0.578125,1,full_overwrite_final,256,95986af360de7f770f8751963f0b7eab68d7b8cffddfafb28d5a87c1d2d69972,,,2.0235214233398438,112,hard,29,0.0,256,76713
0.72265625,1,frozen_shared,0,,,,0.6014798879623413,,hard,30,0.0,0,76713
0.72265625,1,full_overwrite_final,256,95986af360de7f770f8751963f0b7eab68d7b8cffddfafb28d5a87c1d2d69972,,,0.5572934746742249,112,hard,30,0.0,256,76713
0.513671875,1,frozen_shared,0,,,,2.0951972007751465,,hard,31,0.0,0,76713
0.513671875,1,full_overwrite_final,256,95986af360de7f770f8751963f0b7eab68d7b8cffddfafb28d5a87c1d2d69972,,,2.112121105194092,112,hard,31,0.0,256,76713
0.720703125,1,frozen_shared,0,,,,0.950240969657898,,hard,32,0.0,0,76713
0.720703125,1,full_overwrite_final,256,95986af360de7f770f8751963f0b7eab68d7b8cffddfafb28d5a87c1d2d69972,,,0.6345945596694946,112,hard,32,0.0,256,76713
0.744140625,1,frozen_shared,0,,,,0.021700531244277954,,easy,33,0.0,0,76713
0.744140625,1,full_overwrite_final,256,95986af360de7f770f8751963f0b7eab68d7b8cffddfafb28d5a87c1d2d69972,,,0.013200871646404266,112,easy,33,0.0,256,76713
0.703125,1,frozen_shared,0,,,,0.010174492374062538,,easy,34,0.0,0,76713
0.703125,1,full_overwrite_final,256,95986af360de7f770f8751963f0b7eab68d7b8cffddfafb28d5a87c1d2d69972,,,0.09458282589912415,112,easy,34,0.0,256,76713
0.712890625,1,frozen_shared,0,,,,0.11391778290271759,,easy,35,0.0,0,76713
0.712890625,1,full_overwrite_final,256,95986af360de7f770f8751963f0b7eab68d7b8cffddfafb28d5a87c1d2d69972,,,0.10326427221298218,112,easy,35,0.0,256,76713
0.52734375,1,frozen_shared,0,,,,2.0608184337615967,,hard,36,0.0,0,76713
0.52734375,1,full_overwrite_final,256,95986af360de7f770f8751963f0b7eab68d7b8cffddfafb28d5a87c1d2d69972,,,2.5466742515563965,112,hard,36,0.0,256,76713
0.70703125,1,frozen_shared,0,,,,0.016902441158890724,,easy,37,0.0,0,76713
0.70703125,1,full_overwrite_final,256,95986af360de7f770f8751963f0b7eab68d7b8cffddfafb28d5a87c1d2d69972,,,0.09469860047101974,112,easy,37,0.0,256,76713
0.7578125,1,frozen_shared,0,,,,2.8559913635253906,,hard,38,0.0,0,76713
0.7578125,1,full_overwrite_final,256,95986af360de7f770f8751963f0b7eab68d7b8cffddfafb28d5a87c1d2d69972,,,3.0621604919433594,112,hard,38,0.0,256,76713
0.7578125,1,frozen_shared,0,,,,1.009135365486145,,hard,39,0.0,0,76713
0.7578125,1,full_overwrite_final,256,95986af360de7f770f8751963f0b7eab68d7b8cffddfafb28d5a87c1d2d69972,,,1.020248532295227,112,hard,39,0.0,256,76713
0.79296875,1,frozen_shared,0,,,,0.17924818396568298,,easy,40,0.0,0,76713
0.79296875,1,full_overwrite_final,256,95986af360de7f770f8751963f0b7eab68d7b8cffddfafb28d5a87c1d2d69972,,,0.09885090589523315,112,easy,40,0.0,256,76713
0.583984375,1,frozen_shared,0,,,,3.867868423461914,,hard,41,0.0,0,76713
0.583984375,1,full_overwrite_final,256,95986af360de7f770f8751963f0b7eab68d7b8cffddfafb28d5a87c1d2d69972,,,3.6850969791412354,112,hard,41,0.0,256,76713
0.548828125,1,frozen_shared,0,,,,1.862409234046936,,hard,42,0.0,0,76713
0.548828125,1,full_overwrite_final,256,95986af360de7f770f8751963f0b7eab68d7b8cffddfafb28d5a87c1d2d69972,,,2.0587832927703857,112,hard,42,0.0,256,76713
0.6953125,1,frozen_shared,0,,,,0.030361242592334747,,easy,43,0.0,0,76713
0.6953125,1,full_overwrite_final,256,95986af360de7f770f8751963f0b7eab68d7b8cffddfafb28d5a87c1d2d69972,,,0.14347417652606964,112,easy,43,0.0,256,76713
0.8359375,1,frozen_shared,0,,,,2.1917202472686768,,hard,44,0.0,0,76713
0.8359375,1,full_overwrite_final,256,95986af360de7f770f8751963f0b7eab68d7b8cffddfafb28d5a87c1d2d69972,,,1.7315956354141235,112,hard,44,0.0,256,76713
0.73046875,1,frozen_shared,0,,,,0.00021652362192980945,,easy,45,0.0,0,76713
0.73046875,1,full_overwrite_final,256,95986af360de7f770f8751963f0b7eab68d7b8cffddfafb28d5a87c1d2d69972,,,0.04335847496986389,112,easy,45,0.0,256,76713
0.7265625,1,frozen_shared,0,,,,0.08408944308757782,,easy,46,0.0,0,76713
0.7265625,1,full_overwrite_final,256,95986af360de7f770f8751963f0b7eab68d7b8cffddfafb28d5a87c1d2d69972,,,0.13464361429214478,112,easy,46,0.0,256,76713
0.736328125,1,frozen_shared,0,,,,0.1363420933485031,,easy,47,0.0,0,76713
0.736328125,1,full_overwrite_final,256,95986af360de7f770f8751963f0b7eab68d7b8cffddfafb28d5a87c1d2d69972,,,0.07084572315216064,112,easy,47,0.0,256,76713
0.810546875,1,frozen_shared,0,,,,2.1322669982910156,,hard,48,0.0,0,76713
0.810546875,1,full_overwrite_final,256,95986af360de7f770f8751963f0b7eab68d7b8cffddfafb28d5a87c1d2d69972,,,1.9371179342269897,112,hard,48,0.0,256,76713
0.63671875,1,frozen_shared,0,,,,1.2362828254699707,,hard,49,0.0,0,76713
0.63671875,1,full_overwrite_final,256,95986af360de7f770f8751963f0b7eab68d7b8cffddfafb28d5a87c1d2d69972,,,1.1997349262237549,112,hard,49,0.0,256,76713
0.572265625,1,frozen_shared,0,,,,1.0433411598205566,,hard,50,0.0,0,76713
0.572265625,1,full_overwrite_final,256,95986af360de7f770f8751963f0b7eab68d7b8cffddfafb28d5a87c1d2d69972,,,1.131767988204956,112,hard,50,0.0,256,76713
0.724609375,1,frozen_shared,0,,,,0.020563367754220963,,easy,51,0.0,0,76713
0.724609375,1,full_overwrite_final,256,95986af360de7f770f8751963f0b7eab68d7b8cffddfafb28d5a87c1d2d69972,,,0.028155092149972916,112,easy,51,0.0,256,76713
0.734375,1,frozen_shared,0,,,,0.1230379194021225,,easy,52,0.0,0,76713
0.734375,1,full_overwrite_final,256,95986af360de7f770f8751963f0b7eab68d7b8cffddfafb28d5a87c1d2d69972,,,0.14712271094322205,112,easy,52,0.0,256,76713
0.619140625,1,frozen_shared,0,,,,2.804417848587036,,hard,53,0.0,0,76713
0.619140625,1,full_overwrite_final,256,95986af360de7f770f8751963f0b7eab68d7b8cffddfafb28d5a87c1d2d69972,,,2.9948461055755615,112,hard,53,0.0,256,76713
0.78125,1,frozen_shared,0,,,,2.317749261856079,,hard,54,0.0,0,76713
0.78125,1,full_overwrite_final,256,95986af360de7f770f8751963f0b7eab68d7b8cffddfafb28d5a87c1d2d69972,,,2.2964649200439453,112,hard,54,0.0,256,76713
0.720703125,1,frozen_shared,0,,,,0.0015891061630100012,,easy,55,0.0,0,76713
0.720703125,1,full_overwrite_final,256,95986af360de7f770f8751963f0b7eab68d7b8cffddfafb28d5a87c1d2d69972,,,0.034262776374816895,112,easy,55,0.0,256,76713
0.708984375,1,frozen_shared,0,,,,0.08698813617229462,,easy,56,0.0,0,76713
0.708984375,1,full_overwrite_final,256,95986af360de7f770f8751963f0b7eab68d7b8cffddfafb28d5a87c1d2d69972,,,0.1253076195716858,112,easy,56,0.0,256,76713
0.55859375,1,frozen_shared,0,,,,1.609771728515625,,hard,57,0.0,0,76713
0.55859375,1,full_overwrite_final,256,95986af360de7f770f8751963f0b7eab68d7b8cffddfafb28d5a87c1d2d69972,,,1.9326485395431519,112,hard,57,0.0,256,76713
0.697265625,1,frozen_shared,0,,,,0.010301131755113602,,easy,58,0.0,0,76713
0.697265625,1,full_overwrite_final,256,95986af360de7f770f8751963f0b7eab68d7b8cffddfafb28d5a87c1d2d69972,,,0.07862454652786255,112,easy,58,0.0,256,76713
0.48046875,1,frozen_shared,0,,,,1.658089280128479,,hard,59,0.0,0,76713
0.48046875,1,full_overwrite_final,256,95986af360de7f770f8751963f0b7eab68d7b8cffddfafb28d5a87c1d2d69972,,,1.7665011882781982,112,hard,59,0.0,256,76713
0.587890625,1,frozen_shared,0,,,,2.3038485050201416,,hard,60,0.0,0,76713
0.587890625,1,full_overwrite_final,256,95986af360de7f770f8751963f0b7eab68d7b8cffddfafb28d5a87c1d2d69972,,,2.7038064002990723,112,hard,60,0.0,256,76713
0.533203125,1,frozen_shared,0,,,,4.813685417175293,,hard,61,0.0,0,76713
0.533203125,1,full_overwrite_final,256,95986af360de7f770f8751963f0b7eab68d7b8cffddfafb28d5a87c1d2d69972,,,5.501809120178223,112,hard,61,0.0,256,76713
0.70703125,1,frozen_shared,0,,,,0.018295854330062866,,easy,62,0.0,0,76713
0.70703125,1,full_overwrite_final,256,95986af360de7f770f8751963f0b7eab68d7b8cffddfafb28d5a87c1d2d69972,,,0.09982253611087799,112,easy,62,0.0,256,76713
0.720703125,1,frozen_shared,0,,,,0.152691051363945,,easy,63,0.0,0,76713
0.720703125,1,full_overwrite_final,256,95986af360de7f770f8751963f0b7eab68d7b8cffddfafb28d5a87c1d2d69972,,,0.047811154276132584,112,easy,63,0.0,256,76713
0.740234375,18,mirror_bank_after_all,256,,0.0,1.0,9.418034460395575e-05,,easy,0,0.0,256,76713
0.740234375,1,full_rule_bank_after_all,256,ade893add78cede7212ef58edb1e2172126bf561532999f5b26f97e4477d2fe8,1.0,1.0,0.012542031705379486,2128,easy,0,0.0,256,76713
0.75,18,mirror_bank_after_all,256,,0.0,1.0,0.099451944231987,,easy,1,0.0,256,76713
0.75,1,full_rule_bank_after_all,256,ade893add78cede7212ef58edb1e2172126bf561532999f5b26f97e4477d2fe8,1.0,1.0,0.138121098279953,2128,easy,1,0.0,256,76713
0.7109375,18,mirror_bank_after_all,256,,0.0,1.0,0.06863677501678467,,easy,2,0.0,256,76713
0.7109375,1,full_rule_bank_after_all,256,ade893add78cede7212ef58edb1e2172126bf561532999f5b26f97e4477d2fe8,1.0,1.0,0.08800151199102402,2128,easy,2,0.0,256,76713
0.591796875,18,mirror_bank_after_all,256,,0.0,1.0,0.7851351499557495,,hard,3,0.0,256,76713
0.591796875,1,full_rule_bank_after_all,256,ade893add78cede7212ef58edb1e2172126bf561532999f5b26f97e4477d2fe8,1.0,1.0,0.24062815308570862,2128,hard,3,0.0,256,76713
0.625,18,mirror_bank_after_all,256,,0.0,1.0,1.364640235900879,,hard,4,0.0,256,76713
0.703125,1,full_rule_bank_after_all,256,ade893add78cede7212ef58edb1e2172126bf561532999f5b26f97e4477d2fe8,1.0,1.0,0.5779845714569092,2128,hard,4,0.0,256,76713
0.77734375,18,mirror_bank_after_all,256,,0.0,1.0,0.0030609299428761005,,easy,5,0.0,256,76713
0.77734375,1,full_rule_bank_after_all,256,ade893add78cede7212ef58edb1e2172126bf561532999f5b26f97e4477d2fe8,1.0,1.0,0.03936716169118881,2128,easy,5,0.0,256,76713
0.646484375,18,mirror_bank_after_all,256,,0.0,1.0,0.6826883554458618,,hard,6,0.0,256,76713
0.703125,1,full_rule_bank_after_all,256,ade893add78cede7212ef58edb1e2172126bf561532999f5b26f97e4477d2fe8,1.0,1.0,0.254343181848526,2128,hard,6,0.0,256,76713
0.7109375,18,mirror_bank_after_all,256,,0.0,1.0,0.04742008075118065,,easy,7,0.0,256,76713
0.7109375,1,full_rule_bank_after_all,256,ade893add78cede7212ef58edb1e2172126bf561532999f5b26f97e4477d2fe8,1.0,1.0,0.06267953664064407,2128,easy,7,0.0,256,76713
0.732421875,18,mirror_bank_after_all,256,,0.0,1.0,1.5927643775939941,,hard,8,0.0,256,76713
0.734375,1,full_rule_bank_after_all,256,ade893add78cede7212ef58edb1e2172126bf561532999f5b26f97e4477d2fe8,1.0,1.0,1.34801185131073,2128,hard,8,0.0,256,76713
0.74609375,18,mirror_bank_after_all,256,,0.0,1.0,0.015095009468495846,,easy,9,0.0,256,76713
0.74609375,1,full_rule_bank_after_all,256,ade893add78cede7212ef58edb1e2172126bf561532999f5b26f97e4477d2fe8,1.0,1.0,0.036910876631736755,2128,easy,9,0.0,256,76713
0.70703125,18,mirror_bank_after_all,256,,0.0,1.0,0.007896073162555695,,easy,10,0.0,256,76713
0.70703125,1,full_rule_bank_after_all,256,ade893add78cede7212ef58edb1e2172126bf561532999f5b26f97e4477d2fe8,1.0,1.0,0.04699837416410446,2128,easy,10,0.0,256,76713
0.701171875,18,mirror_bank_after_all,256,,0.0,1.0,0.06478583812713623,,easy,11,0.0,256,76713
0.701171875,1,full_rule_bank_after_all,256,ade893add78cede7212ef58edb1e2172126bf561532999f5b26f97e4477d2fe8,1.0,1.0,0.07862348109483719,2128,easy,11,0.0,256,76713
0.6015625,18,mirror_bank_after_all,256,,0.0,1.0,1.7864980697631836,,hard,12,0.0,256,76713
0.681640625,1,full_rule_bank_after_all,256,ade893add78cede7212ef58edb1e2172126bf561532999f5b26f97e4477d2fe8,1.0,1.0,0.9186281561851501,2128,hard,12,0.0,256,76713
0.86328125,18,mirror_bank_after_all,256,,0.0,1.0,3.384679079055786,,hard,13,0.0,256,76713
0.86328125,1,full_rule_bank_after_all,256,ade893add78cede7212ef58edb1e2172126bf561532999f5b26f97e4477d2fe8,1.0,1.0,2.126206398010254,2128,hard,13,0.0,256,76713
0.841796875,18,mirror_bank_after_all,256,,0.0,1.0,2.166451930999756,,hard,14,0.0,256,76713
0.841796875,1,full_rule_bank_after_all,256,ade893add78cede7212ef58edb1e2172126bf561532999f5b26f97e4477d2fe8,1.0,1.0,1.6616249084472656,2128,hard,14,0.0,256,76713
0.740234375,18,mirror_bank_after_all,256,,0.0,1.0,0.041742950677871704,,easy,15,0.0,256,76713
0.740234375,1,full_rule_bank_after_all,256,ade893add78cede7212ef58edb1e2172126bf561532999f5b26f97e4477d2fe8,1.0,1.0,0.04659910500049591,2128,easy,15,0.0,256,76713
0.666015625,18,mirror_bank_after_all,256,,0.0,1.0,2.9792304039001465,,hard,16,0.0,256,76713
0.666015625,1,full_rule_bank_after_all,256,ade893add78cede7212ef58edb1e2172126bf561532999f5b26f97e4477d2fe8,1.0,1.0,2.0047152042388916,2128,hard,16,0.0,256,76713
0.75,18,mirror_bank_after_all,256,,0.0,1.0,0.057102177292108536,,easy,17,0.0,256,76713
0.75,1,full_rule_bank_after_all,256,ade893add78cede7212ef58edb1e2172126bf561532999f5b26f97e4477d2fe8,1.0,1.0,0.0687146931886673,2128,easy,17,0.0,256,76713
0.720703125,18,mirror_bank_after_all,256,,0.0,1.0,0.01863829232752323,,easy,18,0.0,256,76713
0.720703125,1,full_rule_bank_after_all,256,ade893add78cede7212ef58edb1e2172126bf561532999f5b26f97e4477d2fe8,1.0,1.0,0.04373938590288162,2128,easy,18,0.0,256,76713
0.716796875,18,mirror_bank_after_all,256,,0.0,1.0,2.3457369804382324,,hard,19,0.0,256,76713
0.82421875,1,full_rule_bank_after_all,256,ade893add78cede7212ef58edb1e2172126bf561532999f5b26f97e4477d2fe8,1.0,1.0,1.316079020500183,2128,hard,19,0.0,256,76713
0.67578125,18,mirror_bank_after_all,256,,0.0,1.0,0.038030125200748444,,easy,20,0.0,256,76713
0.712890625,1,full_rule_bank_after_all,256,ade893add78cede7212ef58edb1e2172126bf561532999f5b26f97e4477d2fe8,1.0,1.0,0.05163691192865372,2128,easy,20,0.0,256,76713
0.662109375,18,mirror_bank_after_all,256,,0.0,1.0,1.3707857131958008,,hard,21,0.0,256,76713
0.662109375,1,full_rule_bank_after_all,256,ade893add78cede7212ef58edb1e2172126bf561532999f5b26f97e4477d2fe8,1.0,1.0,1.153215765953064,2128,hard,21,0.0,256,76713
0.708984375,18,mirror_bank_after_all,256,,0.0,1.0,0.7000001668930054,,hard,22,0.0,256,76713
0.708984375,1,full_rule_bank_after_all,256,ade893add78cede7212ef58edb1e2172126bf561532999f5b26f97e4477d2fe8,1.0,1.0,0.4968911409378052,2128,hard,22,0.0,256,76713
0.724609375,18,mirror_bank_after_all,256,,0.0,1.0,0.01035190001130104,,easy,23,0.0,256,76713
0.724609375,1,full_rule_bank_after_all,256,ade893add78cede7212ef58edb1e2172126bf561532999f5b26f97e4477d2fe8,1.0,1.0,0.022537240758538246,2128,easy,23,0.0,256,76713
0.6484375,18,mirror_bank_after_all,256,,0.0,1.0,0.01756756380200386,,easy,24,0.0,256,76713
0.6484375,1,full_rule_bank_after_all,256,ade893add78cede7212ef58edb1e2172126bf561532999f5b26f97e4477d2fe8,1.0,1.0,0.03747158870100975,2128,easy,24,0.0,256,76713
0.751953125,18,mirror_bank_after_all,256,,0.0,1.0,1.8455308675765991,,hard,25,0.0,256,76713
0.751953125,1,full_rule_bank_after_all,256,ade893add78cede7212ef58edb1e2172126bf561532999f5b26f97e4477d2fe8,1.0,1.0,1.4405345916748047,2128,hard,25,0.0,256,76713
0.740234375,18,mirror_bank_after_all,256,,0.0,1.0,0.045860789716243744,,easy,26,0.0,256,76713
0.740234375,1,full_rule_bank_after_all,256,ade893add78cede7212ef58edb1e2172126bf561532999f5b26f97e4477d2fe8,1.0,1.0,0.07442311942577362,2128,easy,26,0.0,256,76713
0.775390625,18,mirror_bank_after_all,256,,0.0,1.0,0.8717678785324097,,hard,27,0.0,256,76713
0.775390625,1,full_rule_bank_after_all,256,ade893add78cede7212ef58edb1e2172126bf561532999f5b26f97e4477d2fe8,1.0,1.0,0.4880307614803314,2128,hard,27,0.0,256,76713
0.755859375,18,mirror_bank_after_all,256,,0.0,1.0,0.014776310883462429,,easy,28,0.0,256,76713
0.755859375,1,full_rule_bank_after_all,256,ade893add78cede7212ef58edb1e2172126bf561532999f5b26f97e4477d2fe8,1.0,1.0,0.03231754153966904,2128,easy,28,0.0,256,76713
0.603515625,18,mirror_bank_after_all,256,,0.0,1.0,1.9675624370574951,,hard,29,0.0,256,76713
0.66796875,1,full_rule_bank_after_all,256,ade893add78cede7212ef58edb1e2172126bf561532999f5b26f97e4477d2fe8,1.0,1.0,1.00679349899292,2128,hard,29,0.0,256,76713
0.751953125,18,mirror_bank_after_all,256,,0.0,1.0,0.4981764853000641,,hard,30,0.0,256,76713
0.751953125,1,full_rule_bank_after_all,256,ade893add78cede7212ef58edb1e2172126bf561532999f5b26f97e4477d2fe8,1.0,1.0,0.33430159091949463,2128,hard,30,0.0,256,76713
0.5234375,18,mirror_bank_after_all,256,,0.0,1.0,2.0160892009735107,,hard,31,0.0,256,76713
0.685546875,1,full_rule_bank_after_all,256,ade893add78cede7212ef58edb1e2172126bf561532999f5b26f97e4477d2fe8,1.0,1.0,0.8367661237716675,2128,hard,31,0.0,256,76713
0.7734375,18,mirror_bank_after_all,256,,0.0,1.0,0.6884368062019348,,hard,32,0.0,256,76713
0.841796875,1,full_rule_bank_after_all,256,ade893add78cede7212ef58edb1e2172126bf561532999f5b26f97e4477d2fe8,1.0,1.0,0.43423962593078613,2128,hard,32,0.0,256,76713
0.736328125,18,mirror_bank_after_all,256,,0.0,1.0,0.021464239805936813,,easy,33,0.0,256,76713
0.736328125,1,full_rule_bank_after_all,256,ade893add78cede7212ef58edb1e2172126bf561532999f5b26f97e4477d2fe8,1.0,1.0,0.038216106593608856,2128,easy,33,0.0,256,76713
0.708984375,18,mirror_bank_after_all,256,,0.0,1.0,0.00611891970038414,,easy,34,0.0,256,76713
0.708984375,1,full_rule_bank_after_all,256,ade893add78cede7212ef58edb1e2172126bf561532999f5b26f97e4477d2fe8,1.0,1.0,0.07472231984138489,2128,easy,34,0.0,256,76713
0.734375,18,mirror_bank_after_all,256,,0.0,1.0,0.1309194564819336,,easy,35,0.0,256,76713
0.734375,1,full_rule_bank_after_all,256,ade893add78cede7212ef58edb1e2172126bf561532999f5b26f97e4477d2fe8,1.0,1.0,0.1317826807498932,2128,easy,35,0.0,256,76713
0.583984375,18,mirror_bank_after_all,256,,0.0,1.0,1.3626558780670166,,hard,36,0.0,256,76713
0.66015625,1,full_rule_bank_after_all,256,ade893add78cede7212ef58edb1e2172126bf561532999f5b26f97e4477d2fe8,1.0,1.0,1.0014681816101074,2128,hard,36,0.0,256,76713
0.712890625,18,mirror_bank_after_all,256,,0.0,1.0,0.010572558268904686,,easy,37,0.0,256,76713
0.712890625,1,full_rule_bank_after_all,256,ade893add78cede7212ef58edb1e2172126bf561532999f5b26f97e4477d2fe8,1.0,1.0,0.01660401001572609,2128,easy,37,0.0,256,76713
0.78125,18,mirror_bank_after_all,256,,0.0,1.0,2.760512113571167,,hard,38,0.0,256,76713
0.7890625,1,full_rule_bank_after_all,256,ade893add78cede7212ef58edb1e2172126bf561532999f5b26f97e4477d2fe8,1.0,1.0,1.938721776008606,2128,hard,38,0.0,256,76713
0.779296875,18,mirror_bank_after_all,256,,0.0,1.0,0.974122166633606,,hard,39,0.0,256,76713
0.826171875,1,full_rule_bank_after_all,256,ade893add78cede7212ef58edb1e2172126bf561532999f5b26f97e4477d2fe8,1.0,1.0,0.5454859733581543,2128,hard,39,0.0,256,76713
0.76171875,18,mirror_bank_after_all,256,,0.0,1.0,0.10466163605451584,,easy,40,0.0,256,76713
0.76171875,1,full_rule_bank_after_all,256,ade893add78cede7212ef58edb1e2172126bf561532999f5b26f97e4477d2fe8,1.0,1.0,0.1225532814860344,2128,easy,40,0.0,256,76713
0.587890625,18,mirror_bank_after_all,256,,0.0,1.0,3.751652479171753,,hard,41,0.0,256,76713
0.7421875,1,full_rule_bank_after_all,256,ade893add78cede7212ef58edb1e2172126bf561532999f5b26f97e4477d2fe8,1.0,1.0,1.5948123931884766,2128,hard,41,0.0,256,76713
0.546875,18,mirror_bank_after_all,256,,0.0,1.0,1.5050581693649292,,hard,42,0.0,256,76713
0.62890625,1,full_rule_bank_after_all,256,ade893add78cede7212ef58edb1e2172126bf561532999f5b26f97e4477d2fe8,1.0,1.0,0.7166017889976501,2128,hard,42,0.0,256,76713
0.7265625,18,mirror_bank_after_all,256,,0.0,1.0,0.004813225939869881,,easy,43,0.0,256,76713
0.7265625,1,full_rule_bank_after_all,256,ade893add78cede7212ef58edb1e2172126bf561532999f5b26f97e4477d2fe8,1.0,1.0,0.024308495223522186,2128,easy,43,0.0,256,76713
0.80078125,18,mirror_bank_after_all,256,,0.0,1.0,1.4073795080184937,,hard,44,0.0,256,76713
0.876953125,1,full_rule_bank_after_all,256,ade893add78cede7212ef58edb1e2172126bf561532999f5b26f97e4477d2fe8,1.0,1.0,1.0165412425994873,2128,hard,44,0.0,256,76713
0.7578125,18,mirror_bank_after_all,256,,0.0,1.0,0.005384084302932024,,easy,45,0.0,256,76713
0.7578125,1,full_rule_bank_after_all,256,ade893add78cede7212ef58edb1e2172126bf561532999f5b26f97e4477d2fe8,1.0,1.0,0.016353338956832886,2128,easy,45,0.0,256,76713
0.7109375,18,mirror_bank_after_all,256,,0.0,1.0,0.07711175084114075,,easy,46,0.0,256,76713
0.7109375,1,full_rule_bank_after_all,256,ade893add78cede7212ef58edb1e2172126bf561532999f5b26f97e4477d2fe8,1.0,1.0,0.0891479030251503,2128,easy,46,0.0,256,76713
0.728515625,18,mirror_bank_after_all,256,,0.0,1.0,0.059766024351119995,,easy,47,0.0,256,76713
0.728515625,1,full_rule_bank_after_all,256,ade893add78cede7212ef58edb1e2172126bf561532999f5b26f97e4477d2fe8,1.0,1.0,0.07118604332208633,2128,easy,47,0.0,256,76713
0.78515625,18,mirror_bank_after_all,256,,0.0,1.0,1.7597545385360718,,hard,48,0.0,256,76713
0.78515625,1,full_rule_bank_after_all,256,ade893add78cede7212ef58edb1e2172126bf561532999f5b26f97e4477d2fe8,1.0,1.0,1.2745718955993652,2128,hard,48,0.0,256,76713
0.697265625,18,mirror_bank_after_all,256,,0.0,1.0,1.2151281833648682,,hard,49,0.0,256,76713
0.697265625,1,full_rule_bank_after_all,256,ade893add78cede7212ef58edb1e2172126bf561532999f5b26f97e4477d2fe8,1.0,1.0,0.6389107704162598,2128,hard,49,0.0,256,76713
0.53125,18,mirror_bank_after_all,256,,0.0,1.0,0.9472445845603943,,hard,50,0.0,256,76713
0.53125,1,full_rule_bank_after_all,256,ade893add78cede7212ef58edb1e2172126bf561532999f5b26f97e4477d2fe8,1.0,1.0,0.5328978300094604,2128,hard,50,0.0,256,76713
0.73828125,18,mirror_bank_after_all,256,,0.0,1.0,0.010510683059692383,,easy,51,0.0,256,76713
0.73828125,1,full_rule_bank_after_all,256,ade893add78cede7212ef58edb1e2172126bf561532999f5b26f97e4477d2fe8,1.0,1.0,0.03636976331472397,2128,easy,51,0.0,256,76713
0.73828125,18,mirror_bank_after_all,256,,0.0,1.0,0.057302601635456085,,easy,52,0.0,256,76713
0.73828125,1,full_rule_bank_after_all,256,ade893add78cede7212ef58edb1e2172126bf561532999f5b26f97e4477d2fe8,1.0,1.0,0.08230113238096237,2128,easy,52,0.0,256,76713
0.59765625,18,mirror_bank_after_all,256,,0.0,1.0,2.3513734340667725,,hard,53,0.0,256,76713
0.70703125,1,full_rule_bank_after_all,256,ade893add78cede7212ef58edb1e2172126bf561532999f5b26f97e4477d2fe8,1.0,1.0,1.2917882204055786,2128,hard,53,0.0,256,76713
0.80078125,18,mirror_bank_after_all,256,,0.0,1.0,1.9941010475158691,,hard,54,0.0,256,76713
0.80078125,1,full_rule_bank_after_all,256,ade893add78cede7212ef58edb1e2172126bf561532999f5b26f97e4477d2fe8,1.0,1.0,1.6183128356933594,2128,hard,54,0.0,256,76713
0.73046875,18,mirror_bank_after_all,256,,0.0,1.0,0.01084904931485653,,easy,55,0.0,256,76713
0.73046875,1,full_rule_bank_after_all,256,ade893add78cede7212ef58edb1e2172126bf561532999f5b26f97e4477d2fe8,1.0,1.0,0.023708175867795944,2128,easy,55,0.0,256,76713
0.732421875,18,mirror_bank_after_all,256,,0.0,1.0,0.06533634662628174,,easy,56,0.0,256,76713
0.732421875,1,full_rule_bank_after_all,256,ade893add78cede7212ef58edb1e2172126bf561532999f5b26f97e4477d2fe8,1.0,1.0,0.0839524045586586,2128,easy,56,0.0,256,76713
0.6015625,18,mirror_bank_after_all,256,,0.0,1.0,1.2208088636398315,,hard,57,0.0,256,76713
0.7421875,1,full_rule_bank_after_all,256,ade893add78cede7212ef58edb1e2172126bf561532999f5b26f97e4477d2fe8,1.0,1.0,0.6469784379005432,2128,hard,57,0.0,256,76713
0.720703125,18,mirror_bank_after_all,256,,0.0,1.0,0.016891244798898697,,easy,58,0.0,256,76713
0.720703125,1,full_rule_bank_after_all,256,ade893add78cede7212ef58edb1e2172126bf561532999f5b26f97e4477d2fe8,1.0,1.0,0.026907453313469887,2128,easy,58,0.0,256,76713
0.50390625,18,mirror_bank_after_all,256,,0.0,1.0,1.410217523574829,,hard,59,0.0,256,76713
0.5703125,1,full_rule_bank_after_all,256,ade893add78cede7212ef58edb1e2172126bf561532999f5b26f97e4477d2fe8,1.0,1.0,0.4775031805038452,2128,hard,59,0.0,256,76713
0.61328125,18,mirror_bank_after_all,256,,0.0,1.0,2.0386128425598145,,hard,60,0.0,256,76713
0.763671875,1,full_rule_bank_after_all,256,ade893add78cede7212ef58edb1e2172126bf561532999f5b26f97e4477d2fe8,1.0,1.0,0.9771891832351685,2128,hard,60,0.0,256,76713
0.650390625,18,mirror_bank_after_all,256,,0.0,1.0,3.6677932739257812,,hard,61,0.0,256,76713
0.7265625,1,full_rule_bank_after_all,256,ade893add78cede7212ef58edb1e2172126bf561532999f5b26f97e4477d2fe8,1.0,1.0,2.6352319717407227,2128,hard,61,0.0,256,76713
0.728515625,18,mirror_bank_after_all,256,,0.0,1.0,0.004670027643442154,,easy,62,0.0,256,76713
0.728515625,1,full_rule_bank_after_all,256,ade893add78cede7212ef58edb1e2172126bf561532999f5b26f97e4477d2fe8,1.0,1.0,0.025681238621473312,2128,easy,62,0.0,256,76713
0.771484375,18,mirror_bank_after_all,256,,0.0,1.0,0.03977728262543678,,easy,63,0.0,256,76713
0.771484375,1,full_rule_bank_after_all,256,ade893add78cede7212ef58edb1e2172126bf561532999f5b26f97e4477d2fe8,1.0,1.0,0.047811154276132584,2128,easy,63,0.0,256,76713
