method,variant,world,model_seed,task_id,cache_mse,attention_output_mse,attention_kl,target_argmax_nll,payload_bytes,payload_sha256,train_wall_seconds,cpu_batch1_latency_ms,selected_updates,parameter_count
cachebridge_weighted_ridge,aligned,11,31,0,5.26541375604761e-13,3.2951300108635673e-13,-2.7181927819697194e-09,0.8088049292564392,688,a03cbf3e39c7bff6f0602136007ba126bf1ddcdd8978e901abb2e4c3c32a102f,0.005403570998169016,0.008596570017592361,0,128
cachebridge_weighted_ridge,aligned,11,31,1,9.87635537588738e-13,4.609791281334763e-13,-2.6111421913554977e-09,0.7996951937675476,688,a03cbf3e39c7bff6f0602136007ba126bf1ddcdd8978e901abb2e4c3c32a102f,0.005403570998169016,0.008592463321595764,0,128
cachebridge_weighted_ridge,aligned,11,31,2,4.971084308080798e-13,2.9090884432272923e-13,-3.965971995256723e-09,0.7986035346984863,688,a03cbf3e39c7bff6f0602136007ba126bf1ddcdd8978e901abb2e4c3c32a102f,0.005403570998169016,0.008545860012721581,0,128
cachebridge_weighted_ridge,aligned,11,31,3,3.6254332869134487e-13,2.5538002702135687e-13,1.0720739851421968e-09,0.8110451698303223,688,a03cbf3e39c7bff6f0602136007ba126bf1ddcdd8978e901abb2e4c3c32a102f,0.005403570998169016,0.008337279990276633,0,128
cachebridge_weighted_ridge,aligned,11,47,0,5.26541375604761e-13,3.2951300108635673e-13,-2.7181927819697194e-09,0.8088049292564392,688,77b7322beb25be9018194e3e432041a3e7f4d4d1afc7fc992c8be655a4276945,0.004403455997817218,0.008358310005860403,0,128
cachebridge_weighted_ridge,aligned,11,47,1,9.87635537588738e-13,4.609791281334763e-13,-2.6111421913554977e-09,0.7996951937675476,688,77b7322beb25be9018194e3e432041a3e7f4d4d1afc7fc992c8be655a4276945,0.004403455997817218,0.008354536669988496,0,128
cachebridge_weighted_ridge,aligned,11,47,2,4.971084308080798e-13,2.9090884432272923e-13,-3.965971995256723e-09,0.7986035346984863,688,77b7322beb25be9018194e3e432041a3e7f4d4d1afc7fc992c8be655a4276945,0.004403455997817218,0.008562353347466948,0,128
cachebridge_weighted_ridge,aligned,11,47,3,3.6254332869134487e-13,2.5538002702135687e-13,1.0720739851421968e-09,0.8110451698303223,688,77b7322beb25be9018194e3e432041a3e7f4d4d1afc7fc992c8be655a4276945,0.004403455997817218,0.008552870009831773,0,128
cachebridge_weighted_ridge,aligned,11,59,0,5.26541375604761e-13,3.2951300108635673e-13,-2.7181927819697194e-09,0.8088049292564392,688,49d8d0459a146c090ac13580ad2363dd6f27d7abc49b2f689eaa306d0c126da5,0.0044012340003973804,0.008477623341605067,0,128
cachebridge_weighted_ridge,aligned,11,59,1,9.87635537588738e-13,4.609791281334763e-13,-2.6111421913554977e-09,0.7996951937675476,688,49d8d0459a146c090ac13580ad2363dd6f27d7abc49b2f689eaa306d0c126da5,0.0044012340003973804,0.008418069992330857,0,128
cachebridge_weighted_ridge,aligned,11,59,2,4.971084308080798e-13,2.9090884432272923e-13,-3.965971995256723e-09,0.7986035346984863,688,49d8d0459a146c090ac13580ad2363dd6f27d7abc49b2f689eaa306d0c126da5,0.0044012340003973804,0.008366756665054709,0,128
cachebridge_weighted_ridge,aligned,11,59,3,3.6254332869134487e-13,2.5538002702135687e-13,1.0720739851421968e-09,0.8110451698303223,688,49d8d0459a146c090ac13580ad2363dd6f27d7abc49b2f689eaa306d0c126da5,0.0044012340003973804,0.008394030010094866,0,128
cachebridge_weighted_ridge,independent,11,31,0,9.263278078625037e-13,3.916680619154428e-13,-5.655905743751077e-10,0.7657143473625183,688,8a035238cb9db200756bb6da340deb5f5d480c049314c1a3665ecc67ea752473,0.004682497004978359,0.008443603340613967,0,128
cachebridge_weighted_ridge,independent,11,31,1,7.117958024209503e-13,4.4526521684150333e-13,4.946234088976098e-09,0.7320746183395386,688,8a035238cb9db200756bb6da340deb5f5d480c049314c1a3665ecc67ea752473,0.004682497004978359,0.008359613348147832,0,128
cachebridge_weighted_ridge,independent,11,31,2,2.731208271697372e-13,1.936963772968675e-13,1.4473814369253546e-09,0.8083990216255188,688,8a035238cb9db200756bb6da340deb5f5d480c049314c1a3665ecc67ea752473,0.004682497004978359,0.008288306683728782,0,128
cachebridge_weighted_ridge,independent,11,31,3,7.311222482465907e-13,4.836776595559811e-13,9.858369676152279e-10,0.71305912733078,688,8a035238cb9db200756bb6da340deb5f5d480c049314c1a3665ecc67ea752473,0.004682497004978359,0.008296319986887587,0,128
cachebridge_weighted_ridge,independent,11,47,0,9.263278078625037e-13,3.916680619154428e-13,-5.655905743751077e-10,0.7657143473625183,688,d4600202d90e1dfad22a5d8bf5c78b6905866afb419ef8dffb1978373dda0f7d,0.0043093849963042885,0.00846139999339357,0,128
cachebridge_weighted_ridge,independent,11,47,1,7.117958024209503e-13,4.4526521684150333e-13,4.946234088976098e-09,0.7320746183395386,688,d4600202d90e1dfad22a5d8bf5c78b6905866afb419ef8dffb1978373dda0f7d,0.0043093849963042885,0.00839910666400101,0,128
cachebridge_weighted_ridge,independent,11,47,2,2.731208271697372e-13,1.936963772968675e-13,1.4473814369253546e-09,0.8083990216255188,688,d4600202d90e1dfad22a5d8bf5c78b6905866afb419ef8dffb1978373dda0f7d,0.0043093849963042885,0.008461800001290007,0,128
cachebridge_weighted_ridge,independent,11,47,3,7.311222482465907e-13,4.836776595559811e-13,9.858369676152279e-10,0.71305912733078,688,d4600202d90e1dfad22a5d8bf5c78b6905866afb419ef8dffb1978373dda0f7d,0.0043093849963042885,0.008399840007768944,0,128
cachebridge_weighted_ridge,independent,11,59,0,9.263278078625037e-13,3.916680619154428e-13,-5.655905743751077e-10,0.7657143473625183,688,28f24ee4caf43b067e8fae3de3b831a382f04742d68603215e0380cc3f1d5442,0.004222274998028297,0.008316816674778238,0,128
cachebridge_weighted_ridge,independent,11,59,1,7.117958024209503e-13,4.4526521684150333e-13,4.946234088976098e-09,0.7320746183395386,688,28f24ee4caf43b067e8fae3de3b831a382f04742d68603215e0380cc3f1d5442,0.004222274998028297,0.008667943354036348,0,128
cachebridge_weighted_ridge,independent,11,59,2,2.731208271697372e-13,1.936963772968675e-13,1.4473814369253546e-09,0.8083990216255188,688,28f24ee4caf43b067e8fae3de3b831a382f04742d68603215e0380cc3f1d5442,0.004222274998028297,0.008359380008187145,0,128
cachebridge_weighted_ridge,independent,11,59,3,7.311222482465907e-13,4.836776595559811e-13,9.858369676152279e-10,0.71305912733078,688,28f24ee4caf43b067e8fae3de3b831a382f04742d68603215e0380cc3f1d5442,0.004222274998028297,0.008404779994937902,0,128
cachebridge_weighted_ridge,aligned,17,31,0,7.98880655638462e-13,5.799850617133062e-13,4.237477924107225e-09,0.6446556448936462,688,a156bbe48d59e045f3c53649b83389291461cc4ef785d6c86968b3da71e30f4f,0.004439921998709906,0.008502930019555302,0,128
cachebridge_weighted_ridge,aligned,17,31,1,1.6606288826687132e-12,1.1771521257752937e-12,-2.3180790620358493e-09,0.6715332269668579,688,a156bbe48d59e045f3c53649b83389291461cc4ef785d6c86968b3da71e30f4f,0.004439921998709906,0.008429019993248707,0,128
cachebridge_weighted_ridge,aligned,17,31,2,1.964941230558903e-12,1.1849197838198489e-12,-4.352909144245132e-10,0.6667519807815552,688,a156bbe48d59e045f3c53649b83389291461cc4ef785d6c86968b3da71e30f4f,0.004439921998709906,0.008509773324476555,0,128
cachebridge_weighted_ridge,aligned,17,31,3,5.755178777121228e-13,5.508976521489961e-13,-1.0514040749143305e-09,0.6807908415794373,688,a156bbe48d59e045f3c53649b83389291461cc4ef785d6c86968b3da71e30f4f,0.004439921998709906,0.009428189999501532,0,128
cachebridge_weighted_ridge,aligned,17,47,0,7.98880655638462e-13,5.799850617133062e-13,4.237477924107225e-09,0.6446556448936462,688,743c8394419c3fe077a13c06a14111ff4c3d67d477b9cd3d5107d0f4edb4589b,0.00446344700321788,0.008291176660956504,0,128
cachebridge_weighted_ridge,aligned,17,47,1,1.6606288826687132e-12,1.1771521257752937e-12,-2.3180790620358493e-09,0.6715332269668579,688,743c8394419c3fe077a13c06a14111ff4c3d67d477b9cd3d5107d0f4edb4589b,0.00446344700321788,0.008257559990549149,0,128
cachebridge_weighted_ridge,aligned,17,47,2,1.964941230558903e-12,1.1849197838198489e-12,-4.352909144245132e-10,0.6667519807815552,688,743c8394419c3fe077a13c06a14111ff4c3d67d477b9cd3d5107d0f4edb4589b,0.00446344700321788,0.008316816674778238,0,128
cachebridge_weighted_ridge,aligned,17,47,3,5.755178777121228e-13,5.508976521489961e-13,-1.0514040749143305e-09,0.6807908415794373,688,743c8394419c3fe077a13c06a14111ff4c3d67d477b9cd3d5107d0f4edb4589b,0.00446344700321788,0.008659933349311663,0,128
cachebridge_weighted_ridge,aligned,17,59,0,7.98880655638462e-13,5.799850617133062e-13,4.237477924107225e-09,0.6446556448936462,688,a156bbe48d59e045f3c53649b83389291461cc4ef785d6c86968b3da71e30f4f,0.004359309998108074,0.008275049985968508,0,128
cachebridge_weighted_ridge,aligned,17,59,1,1.6606288826687132e-12,1.1771521257752937e-12,-2.3180790620358493e-09,0.6715332269668579,688,a156bbe48d59e045f3c53649b83389291461cc4ef785d6c86968b3da71e30f4f,0.004359309998108074,0.008293846670615798,0,128
cachebridge_weighted_ridge,aligned,17,59,2,1.964941230558903e-12,1.1849197838198489e-12,-4.352909144245132e-10,0.6667519807815552,688,a156bbe48d59e045f3c53649b83389291461cc4ef785d6c86968b3da71e30f4f,0.004359309998108074,0.008302326653695976,0,128
cachebridge_weighted_ridge,aligned,17,59,3,5.755178777121228e-13,5.508976521489961e-13,-1.0514040749143305e-09,0.6807908415794373,688,a156bbe48d59e045f3c53649b83389291461cc4ef785d6c86968b3da71e30f4f,0.004359309998108074,0.008293846670615798,0,128
cachebridge_weighted_ridge,independent,17,31,0,1.2405393552683552e-12,4.4260829810266467e-13,3.1711062664641076e-09,0.7137749195098877,688,4684d2b787470c6c9e8494a29ddbbaf04cbaf40d024385574d74e029d6b3ada5,0.004283024994947482,0.00854763001067719,0,128
cachebridge_weighted_ridge,independent,17,31,1,1.1752760223360248e-12,6.855653740013568e-13,-3.0733477984767887e-09,0.7435516119003296,688,4684d2b787470c6c9e8494a29ddbbaf04cbaf40d024385574d74e029d6b3ada5,0.004283024994947482,0.00841950333172766,0,128
cachebridge_weighted_ridge,independent,17,31,2,4.576619031665397e-13,3.5591335109143307e-13,3.914519375314285e-09,0.8756501078605652,688,4684d2b787470c6c9e8494a29ddbbaf04cbaf40d024385574d74e029d6b3ada5,0.004283024994947482,0.008411423332290724,0,128
cachebridge_weighted_ridge,independent,17,31,3,6.309135072019023e-13,2.699826852966408e-13,1.7763261972447708e-09,0.841834545135498,688,4684d2b787470c6c9e8494a29ddbbaf04cbaf40d024385574d74e029d6b3ada5,0.004283024994947482,0.008477260004535006,0,128
cachebridge_weighted_ridge,independent,17,47,0,1.2405393552683552e-12,4.4260829810266467e-13,3.1711062664641076e-09,0.7137749195098877,688,9356986c95b4b3f366928dc391b60e07f0f90763f5dde3328ef9ba4cd26c6ac2,0.004264757997589186,0.00880331666849088,0,128
cachebridge_weighted_ridge,independent,17,47,1,1.1752760223360248e-12,6.855653740013568e-13,-3.0733477984767887e-09,0.7435516119003296,688,9356986c95b4b3f366928dc391b60e07f0f90763f5dde3328ef9ba4cd26c6ac2,0.004264757997589186,0.008422709991767382,0,128
cachebridge_weighted_ridge,independent,17,47,2,4.576619031665397e-13,3.5591335109143307e-13,3.914519375314285e-09,0.8756501078605652,688,9356986c95b4b3f366928dc391b60e07f0f90763f5dde3328ef9ba4cd26c6ac2,0.004264757997589186,0.008347163335808242,0,128
cachebridge_weighted_ridge,independent,17,47,3,6.309135072019023e-13,2.699826852966408e-13,1.7763261972447708e-09,0.841834545135498,688,9356986c95b4b3f366928dc391b60e07f0f90763f5dde3328ef9ba4cd26c6ac2,0.004264757997589186,0.012791046659306934,0,128
cachebridge_weighted_ridge,independent,17,59,0,1.2405393552683552e-12,4.4260829810266467e-13,3.1711062664641076e-09,0.7137749195098877,688,8013c6fa1a3c9165888061b7dada673a20f2afba148a4a938aae75123d19b2f8,0.004259269997419324,0.008253653334880559,0,128
cachebridge_weighted_ridge,independent,17,59,1,1.1752760223360248e-12,6.855653740013568e-13,-3.0733477984767887e-09,0.7435516119003296,688,8013c6fa1a3c9165888061b7dada673a20f2afba148a4a938aae75123d19b2f8,0.004259269997419324,0.00831604668443712,0,128
cachebridge_weighted_ridge,independent,17,59,2,4.576619031665397e-13,3.5591335109143307e-13,3.914519375314285e-09,0.8756501078605652,688,8013c6fa1a3c9165888061b7dada673a20f2afba148a4a938aae75123d19b2f8,0.004259269997419324,0.00837002667443206,0,128
cachebridge_weighted_ridge,independent,17,59,3,6.309135072019023e-13,2.699826852966408e-13,1.7763261972447708e-09,0.841834545135498,688,8013c6fa1a3c9165888061b7dada673a20f2afba148a4a938aae75123d19b2f8,0.004259269997419324,0.008381846661601836,0,128
cachebridge_weighted_ridge,aligned,23,31,0,4.3882529988242824e-13,1.519091791376756e-13,3.972232764937189e-09,0.7376695871353149,688,36932a413eb6eb4c65cbf0eeb68096d15ea1eafb11acfa5e40ebf9525bd4ae1a,0.004380661994218826,0.008591929993902644,0,128
cachebridge_weighted_ridge,aligned,23,31,1,1.464640041193288e-12,1.1643091005208994e-12,3.734699660640217e-09,0.7538999319076538,688,36932a413eb6eb4c65cbf0eeb68096d15ea1eafb11acfa5e40ebf9525bd4ae1a,0.004380661994218826,0.008464436662810234,0,128
cachebridge_weighted_ridge,aligned,23,31,2,7.522085168285009e-13,3.6211002729311104e-13,-4.959918586955325e-10,0.7518887519836426,688,36932a413eb6eb4c65cbf0eeb68096d15ea1eafb11acfa5e40ebf9525bd4ae1a,0.004380661994218826,0.00868396666191984,0,128
cachebridge_weighted_ridge,aligned,23,31,3,5.870770449639684e-13,4.713393846229874e-13,-1.938687876901213e-09,0.7714051604270935,688,36932a413eb6eb4c65cbf0eeb68096d15ea1eafb11acfa5e40ebf9525bd4ae1a,0.004380661994218826,0.008311476655459652,0,128
cachebridge_weighted_ridge,aligned,23,47,0,4.3882529988242824e-13,1.519091791376756e-13,3.972232764937189e-09,0.7376695871353149,688,11be27b2e5076e61d81b6b721f9795bc5808d7508d4d9b93bb1e85924802695a,0.00442034300067462,0.00833911333756987,0,128
cachebridge_weighted_ridge,aligned,23,47,1,1.464640041193288e-12,1.1643091005208994e-12,3.734699660640217e-09,0.7538999319076538,688,11be27b2e5076e61d81b6b721f9795bc5808d7508d4d9b93bb1e85924802695a,0.00442034300067462,0.008322626672452316,0,128
cachebridge_weighted_ridge,aligned,23,47,2,7.522085168285009e-13,3.6211002729311104e-13,-4.959918586955325e-10,0.7518887519836426,688,11be27b2e5076e61d81b6b721f9795bc5808d7508d4d9b93bb1e85924802695a,0.00442034300067462,0.008321489998100636,0,128
cachebridge_weighted_ridge,aligned,23,47,3,5.870770449639684e-13,4.713393846229874e-13,-1.938687876901213e-09,0.7714051604270935,688,11be27b2e5076e61d81b6b721f9795bc5808d7508d4d9b93bb1e85924802695a,0.00442034300067462,0.00837533666829889,0,128
cachebridge_weighted_ridge,aligned,23,59,0,4.3882529988242824e-13,1.519091791376756e-13,3.972232764937189e-09,0.7376695871353149,688,36932a413eb6eb4c65cbf0eeb68096d15ea1eafb11acfa5e40ebf9525bd4ae1a,0.0043895960043300875,0.008395266680357357,0,128
cachebridge_weighted_ridge,aligned,23,59,1,1.464640041193288e-12,1.1643091005208994e-12,3.734699660640217e-09,0.7538999319076538,688,36932a413eb6eb4c65cbf0eeb68096d15ea1eafb11acfa5e40ebf9525bd4ae1a,0.0043895960043300875,0.008324093335734991,0,128
cachebridge_weighted_ridge,aligned,23,59,2,7.522085168285009e-13,3.6211002729311104e-13,-4.959918586955325e-10,0.7518887519836426,688,36932a413eb6eb4c65cbf0eeb68096d15ea1eafb11acfa5e40ebf9525bd4ae1a,0.0043895960043300875,0.00831621335237287,0,128
cachebridge_weighted_ridge,aligned,23,59,3,5.870770449639684e-13,4.713393846229874e-13,-1.938687876901213e-09,0.7714051604270935,688,36932a413eb6eb4c65cbf0eeb68096d15ea1eafb11acfa5e40ebf9525bd4ae1a,0.0043895960043300875,0.008345759997610003,0,128
cachebridge_weighted_ridge,independent,23,31,0,2.2758650432969096e-12,1.0209169664168738e-12,3.16883408402191e-09,0.689382791519165,688,591af57a5fcb642df7a316106e138e461ef3bbbd42ddf599ef7d6010593ac9c6,0.004371247996459715,0.008422710016020574,0,128
cachebridge_weighted_ridge,independent,23,31,1,1.4980514658619049e-12,1.1607972612640016e-12,1.326592169448304e-09,0.7460259199142456,688,591af57a5fcb642df7a316106e138e461ef3bbbd42ddf599ef7d6010593ac9c6,0.004371247996459715,0.008433156666190674,0,128
cachebridge_weighted_ridge,independent,23,31,2,5.817857046813701e-13,3.652223109443936e-13,1.699053231440928e-09,0.7382090091705322,688,591af57a5fcb642df7a316106e138e461ef3bbbd42ddf599ef7d6010593ac9c6,0.004371247996459715,0.008517549989240555,0,128
cachebridge_weighted_ridge,independent,23,31,3,1.0918218369335153e-12,7.313863056856995e-13,-2.1510484504716487e-09,0.7375459671020508,688,591af57a5fcb642df7a316106e138e461ef3bbbd42ddf599ef7d6010593ac9c6,0.004371247996459715,0.008421473321504891,0,128
cachebridge_weighted_ridge,independent,23,47,0,2.2758650432969096e-12,1.0209169664168738e-12,3.16883408402191e-09,0.689382791519165,688,591af57a5fcb642df7a316106e138e461ef3bbbd42ddf599ef7d6010593ac9c6,0.0042946319954353385,0.008342786677530967,0,128
cachebridge_weighted_ridge,independent,23,47,1,1.4980514658619049e-12,1.1607972612640016e-12,1.326592169448304e-09,0.7460259199142456,688,591af57a5fcb642df7a316106e138e461ef3bbbd42ddf599ef7d6010593ac9c6,0.0042946319954353385,0.008303563323958466,0,128
cachebridge_weighted_ridge,independent,23,47,2,5.817857046813701e-13,3.652223109443936e-13,1.699053231440928e-09,0.7382090091705322,688,591af57a5fcb642df7a316106e138e461ef3bbbd42ddf599ef7d6010593ac9c6,0.0042946319954353385,0.00833787998999469,0,128
cachebridge_weighted_ridge,independent,23,47,3,1.0918218369335153e-12,7.313863056856995e-13,-2.1510484504716487e-09,0.7375459671020508,688,591af57a5fcb642df7a316106e138e461ef3bbbd42ddf599ef7d6010593ac9c6,0.0042946319954353385,0.008488576665210227,0,128
cachebridge_weighted_ridge,independent,23,59,0,2.2758650432969096e-12,1.0209169664168738e-12,3.16883408402191e-09,0.689382791519165,688,790bc7e30183a15c093fc933de6b043ca95fbab852701ce363853e959a391284,0.0042333410019637085,0.008417399997900551,0,128
cachebridge_weighted_ridge,independent,23,59,1,1.4980514658619049e-12,1.1607972612640016e-12,1.326592169448304e-09,0.7460259199142456,688,790bc7e30183a15c093fc933de6b043ca95fbab852701ce363853e959a391284,0.0042333410019637085,0.008491379994666204,0,128
cachebridge_weighted_ridge,independent,23,59,2,5.817857046813701e-13,3.652223109443936e-13,1.699053231440928e-09,0.7382090091705322,688,790bc7e30183a15c093fc933de6b043ca95fbab852701ce363853e959a391284,0.0042333410019637085,0.008584016662401458,0,128
cachebridge_weighted_ridge,independent,23,59,3,1.0918218369335153e-12,7.313863056856995e-13,-2.1510484504716487e-09,0.7375459671020508,688,790bc7e30183a15c093fc933de6b043ca95fbab852701ce363853e959a391284,0.0042333410019637085,0.00831090668119335,0,128
mirror_raw,aligned,11,31,0,6.725240590116366e-12,2.015672784932976e-12,-1.4849487195434108e-09,0.8088048100471497,336,e0090e4df2d2d7c94fbcd7bf63d6348b3c5099fc147141f06a9113632a5498aa,1.2908530269996845,0.40059330999307957,400,40
mirror_raw,aligned,11,31,1,5.709491907035513e-11,1.0360609072057603e-11,-3.5601188663747507e-09,0.7996950745582581,336,e0090e4df2d2d7c94fbcd7bf63d6348b3c5099fc147141f06a9113632a5498aa,1.2908530269996845,0.41403213001710054,400,40
mirror_raw,aligned,11,31,2,3.524085537276456e-11,8.727973205280293e-12,1.2024694573398165e-09,0.7986036539077759,336,e0090e4df2d2d7c94fbcd7bf63d6348b3c5099fc147141f06a9113632a5498aa,1.2908530269996845,0.40232361333134276,400,40
mirror_raw,aligned,11,31,3,7.025035501234678e-12,1.8517147450797244e-12,3.2109572778438178e-09,0.8110450506210327,336,e0090e4df2d2d7c94fbcd7bf63d6348b3c5099fc147141f06a9113632a5498aa,1.2908530269996845,0.3993340799934231,400,40
mirror_raw,aligned,11,47,0,4.836229073462706e-13,2.9150941101112327e-13,-3.3094331719496495e-09,0.8088048100471497,336,4c659922a2903077b23a5eb52358462db16822a9a1246647a6d2d275d835a3bc,1.2794248900027014,0.39795229999678366,400,40
mirror_raw,aligned,11,47,1,1.921653808301116e-12,5.850898108020197e-13,-1.7758806647449887e-09,0.7996950745582581,336,4c659922a2903077b23a5eb52358462db16822a9a1246647a6d2d275d835a3bc,1.2794248900027014,0.3991131133322294,400,40
mirror_raw,aligned,11,47,2,2.4301251115577127e-12,9.341071752905217e-13,-1.0134186823052005e-09,0.7986036539077759,336,4c659922a2903077b23a5eb52358462db16822a9a1246647a6d2d275d835a3bc,1.2794248900027014,0.40308569000141387,400,40
mirror_raw,aligned,11,47,3,5.15134484548041e-13,3.402808904876681e-13,4.071351256129674e-09,0.8110449910163879,336,4c659922a2903077b23a5eb52358462db16822a9a1246647a6d2d275d835a3bc,1.2794248900027014,0.3975263933534734,400,40
mirror_raw,aligned,11,59,0,2.6787405627004546e-11,6.698652483400069e-12,1.1072698313796536e-11,0.8088048696517944,336,0388d37bfff011484704556106a055b5c33751014747b65fc27f7c1e52734f55,1.2791113979983493,0.4215345133464628,400,40
mirror_raw,aligned,11,59,1,1.3171804758016492e-09,2.407637422763287e-10,-2.981150326597515e-10,0.7996945977210999,336,0388d37bfff011484704556106a055b5c33751014747b65fc27f7c1e52734f55,1.2791113979983493,0.417764943340444,400,40
mirror_raw,aligned,11,59,2,9.269756490182246e-11,2.3934521031776512e-11,-2.05829442379013e-09,0.7986039519309998,336,0388d37bfff011484704556106a055b5c33751014747b65fc27f7c1e52734f55,1.2791113979983493,0.40162939665606245,400,40
mirror_raw,aligned,11,59,3,3.8862434104114385e-11,8.768579612405958e-12,2.1492824187063775e-10,0.8110451698303223,336,0388d37bfff011484704556106a055b5c33751014747b65fc27f7c1e52734f55,1.2791113979983493,0.4044601866674687,400,40
mirror_raw,independent,11,31,0,0.7086228728294373,0.26329749822616577,0.22994716465473175,1.2931979894638062,336,18fdcaec0ffcd14797db1680d42a373c2c59e10843b3745dd1f91e4ea4c30404,1.2305548149961396,0.4042066699912539,400,40
mirror_raw,independent,11,31,1,0.6249184012413025,0.3535911738872528,0.15233901143074036,1.1470263004302979,336,18fdcaec0ffcd14797db1680d42a373c2c59e10843b3745dd1f91e4ea4c30404,1.2305548149961396,0.4015842899874163,400,40
mirror_raw,independent,11,31,2,0.3869054615497589,0.1879771649837494,0.09354850649833679,1.0820045471191406,336,18fdcaec0ffcd14797db1680d42a373c2c59e10843b3745dd1f91e4ea4c30404,1.2305548149961396,0.4001008466730127,400,40
mirror_raw,independent,11,31,3,0.6070291996002197,0.2655755877494812,0.15470992028713226,1.1047474145889282,336,18fdcaec0ffcd14797db1680d42a373c2c59e10843b3745dd1f91e4ea4c30404,1.2305548149961396,0.40255864335146424,400,40
mirror_raw,independent,11,47,0,0.6052694916725159,0.23964428901672363,0.1846420168876648,1.186510443687439,336,521e3cc35195629f29bb2a203c561d47fb1f035650327c6eed0cdcb0d726ba72,1.232556762995955,0.40654874666264124,400,40
mirror_raw,independent,11,47,1,0.6622809767723083,0.37783685326576233,0.16375680267810822,1.1559548377990723,336,521e3cc35195629f29bb2a203c561d47fb1f035650327c6eed0cdcb0d726ba72,1.232556762995955,0.4055717433463239,400,40
mirror_raw,independent,11,47,2,0.5206500291824341,0.2343393713235855,0.1464720368385315,1.1624833345413208,336,521e3cc35195629f29bb2a203c561d47fb1f035650327c6eed0cdcb0d726ba72,1.232556762995955,0.4028945166646736,400,40
mirror_raw,independent,11,47,3,0.4523846507072449,0.22060902416706085,0.09694547951221466,1.0062527656555176,336,521e3cc35195629f29bb2a203c561d47fb1f035650327c6eed0cdcb0d726ba72,1.232556762995955,0.39837451333975576,400,40
mirror_raw,independent,11,59,0,0.6479628682136536,0.2575794756412506,0.18711188435554504,1.1991426944732666,336,0ef20859313abd81a5dcc055e68f7f716cd247209e9b8598991c0b6116639a77,1.226762062004127,0.4066256300090269,400,40
mirror_raw,independent,11,59,1,0.5982143878936768,0.3344612121582031,0.1481865644454956,1.139765977859497,336,0ef20859313abd81a5dcc055e68f7f716cd247209e9b8598991c0b6116639a77,1.226762062004127,0.3987486066519826,400,40
mirror_raw,independent,11,59,2,0.37287336587905884,0.17357826232910156,0.09979499131441116,1.0916359424591064,336,0ef20859313abd81a5dcc055e68f7f716cd247209e9b8598991c0b6116639a77,1.226762062004127,0.4045375200075796,400,40
mirror_raw,independent,11,59,3,0.6322498321533203,0.288954496383667,0.14765198528766632,1.0917640924453735,336,0ef20859313abd81a5dcc055e68f7f716cd247209e9b8598991c0b6116639a77,1.226762062004127,0.40452423333287396,400,40
mirror_raw,aligned,17,31,0,4.581201196174334e-09,4.210256587811045e-09,-5.61499624573969e-10,0.6446558237075806,336,cf36eb90bf86987189ccbe0d7aa6d336ce4bd0b7b149907a6dbfc990d973159d,1.284538893996796,0.39712037665594835,400,40
mirror_raw,aligned,17,31,1,4.9173314309314264e-09,4.350360516269802e-09,-4.4793444509139135e-09,0.671533465385437,336,cf36eb90bf86987189ccbe0d7aa6d336ce4bd0b7b149907a6dbfc990d973159d,1.284538893996796,0.4007661633416622,400,40
mirror_raw,aligned,17,31,2,4.6452068858116036e-09,4.316915269697574e-09,-4.174732504136358e-10,0.6667522192001343,336,cf36eb90bf86987189ccbe0d7aa6d336ce4bd0b7b149907a6dbfc990d973159d,1.284538893996796,0.39832836332304095,400,40
mirror_raw,aligned,17,31,3,4.44517489484042e-09,4.078606785640204e-09,-2.445320834709719e-09,0.6807911992073059,336,cf36eb90bf86987189ccbe0d7aa6d336ce4bd0b7b149907a6dbfc990d973159d,1.284538893996796,0.39712348332007724,400,40
mirror_raw,aligned,17,47,0,4.6948088083809125e-08,1.6390579560265905e-08,2.566938661630047e-08,0.6446653604507446,336,e900891b106f81107261e3c23567417c46ca133284cd6abeda240637af869b2d,1.2822428930012393,0.402671186675434,400,40
mirror_raw,aligned,17,47,1,1.5147387344427443e-08,7.664424650499768e-09,6.71316913170017e-09,0.6715368032455444,336,e900891b106f81107261e3c23567417c46ca133284cd6abeda240637af869b2d,1.2822428930012393,0.3978428333357442,400,40
mirror_raw,aligned,17,47,2,1.3888859839994439e-08,5.453181017855968e-09,6.448194422858933e-09,0.6667563319206238,336,e900891b106f81107261e3c23567417c46ca133284cd6abeda240637af869b2d,1.2822428930012393,0.39646035331922275,400,40
mirror_raw,aligned,17,47,3,0.0001055000102496706,4.567180803860538e-05,5.8450037613511086e-05,0.68099445104599,336,e900891b106f81107261e3c23567417c46ca133284cd6abeda240637af869b2d,1.2822428930012393,0.39835133000451606,400,40
mirror_raw,aligned,17,59,0,1.2691456219293684e-10,5.5540128052200544e-11,4.179132595538704e-10,0.6446572542190552,336,816a5089dcac94b77e833664742d4b806dde2ce6bc51aea6e5e341fc4783d361,1.282158100999368,0.40884351333564456,400,40
mirror_raw,aligned,17,59,1,1.1997469684388307e-10,5.0893400604934413e-11,6.899689153350153e-10,0.6715347170829773,336,816a5089dcac94b77e833664742d4b806dde2ce6bc51aea6e5e341fc4783d361,1.282158100999368,0.39799575332532794,400,40
mirror_raw,aligned,17,59,2,1.1910593344932607e-10,4.8919035489092266e-11,-2.413561128733477e-09,0.6667538285255432,336,816a5089dcac94b77e833664742d4b806dde2ce6bc51aea6e5e341fc4783d361,1.282158100999368,0.39723694334194687,400,40
mirror_raw,aligned,17,59,3,1.6465928620590375e-10,6.500514709850691e-11,-2.434882295787588e-10,0.6807926297187805,336,816a5089dcac94b77e833664742d4b806dde2ce6bc51aea6e5e341fc4783d361,1.282158100999368,0.3979181699833134,400,40
mirror_raw,independent,17,31,0,0.5847616195678711,0.2618657052516937,0.09940844029188156,0.9908639788627625,336,38649733828dc634cfe7376a973be2d266418ac7d4b131a38e1fc74e023067fe,1.2295270410031662,0.4001776033207231,400,40
mirror_raw,independent,17,31,1,0.5927512049674988,0.33506354689598083,0.09391571581363678,1.0173877477645874,336,38649733828dc634cfe7376a973be2d266418ac7d4b131a38e1fc74e023067fe,1.2295270410031662,0.3986990766619177,400,40
mirror_raw,independent,17,31,2,0.5659145712852478,0.2973587214946747,0.1319429576396942,1.1717438697814941,336,38649733828dc634cfe7376a973be2d266418ac7d4b131a38e1fc74e023067fe,1.2295270410031662,0.4107511866701922,400,40
mirror_raw,independent,17,31,3,0.3596152067184448,0.16800925135612488,0.09921829402446747,1.0731754302978516,336,38649733828dc634cfe7376a973be2d266418ac7d4b131a38e1fc74e023067fe,1.2295270410031662,0.4000963799868866,400,40
mirror_raw,independent,17,47,0,0.6184921264648438,0.2693811357021332,0.10694965720176697,1.011694312095642,336,0da268f57f9db7377fa7dd2eb7a023062abbd4ee564a9b149ea761c5eb4bbab8,1.221214870995027,0.40077809334131115,400,40
mirror_raw,independent,17,47,1,0.7666657567024231,0.4386822581291199,0.11585839837789536,1.0633662939071655,336,0da268f57f9db7377fa7dd2eb7a023062abbd4ee564a9b149ea761c5eb4bbab8,1.221214870995027,0.3968118933456329,400,40
mirror_raw,independent,17,47,2,0.48399263620376587,0.26570504903793335,0.10266458988189697,1.1193244457244873,336,0da268f57f9db7377fa7dd2eb7a023062abbd4ee564a9b149ea761c5eb4bbab8,1.221214870995027,0.41529750667298987,400,40
mirror_raw,independent,17,47,3,0.3030284643173218,0.13874825835227966,0.09292882680892944,1.0709960460662842,336,0da268f57f9db7377fa7dd2eb7a023062abbd4ee564a9b149ea761c5eb4bbab8,1.221214870995027,0.39838715999697644,400,40
mirror_raw,independent,17,59,0,0.6789447069168091,0.29896652698516846,0.11480999737977982,1.0234366655349731,336,2c17ea4d7a1b379c54a9b778efb63cb145ff3682f2f9b92a2cb260031f23c87c,1.213965957002074,0.39851265333709307,400,40
mirror_raw,independent,17,59,1,0.6680957078933716,0.3830585479736328,0.10114937275648117,1.0413591861724854,336,2c17ea4d7a1b379c54a9b778efb63cb145ff3682f2f9b92a2cb260031f23c87c,1.213965957002074,0.3988809099973878,400,40
mirror_raw,independent,17,59,2,0.463819682598114,0.2560233175754547,0.09847430884838104,1.1119916439056396,336,2c17ea4d7a1b379c54a9b778efb63cb145ff3682f2f9b92a2cb260031f23c87c,1.213965957002074,0.398768603336066,400,40
mirror_raw,independent,17,59,3,0.3584921360015869,0.17221590876579285,0.10016252100467682,1.0878841876983643,336,2c17ea4d7a1b379c54a9b778efb63cb145ff3682f2f9b92a2cb260031f23c87c,1.213965957002074,0.3980686533274517,400,40
mirror_raw,aligned,23,31,0,5.683421591129445e-07,4.3821941630994843e-07,9.361845743072195e-10,0.7376709580421448,336,475fe9292fca643c8574bb92019c3a03360d33cfc7ff2c85cb76c045c4eed843,1.2724951619966305,0.40177745000012993,400,40
mirror_raw,aligned,23,31,1,6.169806852085458e-07,5.386795010053902e-07,1.5410086540157408e-09,0.7539012432098389,336,475fe9292fca643c8574bb92019c3a03360d33cfc7ff2c85cb76c045c4eed843,1.2724951619966305,0.39597250334433437,400,40
mirror_raw,aligned,23,31,2,6.151336151560827e-07,5.373405542741239e-07,-1.2847712893560015e-09,0.7518895864486694,336,475fe9292fca643c8574bb92019c3a03360d33cfc7ff2c85cb76c045c4eed843,1.2724951619966305,0.399114030005876,400,40
mirror_raw,aligned,23,31,3,6.387676876329351e-07,5.477320428326493e-07,-3.1329763228171714e-09,0.7714059352874756,336,475fe9292fca643c8574bb92019c3a03360d33cfc7ff2c85cb76c045c4eed843,1.2724951619966305,0.3976509300021765,400,40
mirror_raw,aligned,23,47,0,1.2489580925034716e-08,2.6508337747088717e-09,6.3717875420366e-09,0.7377060651779175,336,dd63b26bed4274417962df2ac344bf0467544f96853a4331cc86ca2e593c6c82,1.2706535789984628,0.3959953700056455,400,40
mirror_raw,aligned,23,47,1,1.2154740325343028e-08,2.967013967847265e-09,5.656591195446481e-09,0.753931999206543,336,dd63b26bed4274417962df2ac344bf0467544f96853a4331cc86ca2e593c6c82,1.2706535789984628,0.3959566800040193,400,40
mirror_raw,aligned,23,47,2,1.237870783654671e-08,2.453865333151839e-09,1.1538485722439873e-09,0.7519270181655884,336,dd63b26bed4274417962df2ac344bf0467544f96853a4331cc86ca2e593c6c82,1.2706535789984628,0.39622608332138043,400,40
mirror_raw,aligned,23,47,3,1.1652421250119005e-08,2.381501884585191e-09,5.359692689665962e-10,0.7714375257492065,336,dd63b26bed4274417962df2ac344bf0467544f96853a4331cc86ca2e593c6c82,1.2706535789984628,0.39706998667194665,400,40
mirror_raw,aligned,23,59,0,5.7311090984057955e-08,4.500759587244829e-08,1.5364090000247188e-09,0.737675666809082,336,04579d46401d0b19088ac63a5740d4551794f4f93f03bd46f86a267dbe67d8c3,1.2652411529998062,0.4014707833266584,400,40
mirror_raw,aligned,23,59,1,6.106475325395877e-08,5.4028227225444425e-08,7.276890756635623e-10,0.7539053559303284,336,04579d46401d0b19088ac63a5740d4551794f4f93f03bd46f86a267dbe67d8c3,1.2652411529998062,0.39723003666343476,400,40
mirror_raw,aligned,23,59,2,6.086923320935966e-08,5.3450669668109185e-08,-1.6381976886137295e-09,0.7518946528434753,336,04579d46401d0b19088ac63a5740d4551794f4f93f03bd46f86a267dbe67d8c3,1.2652411529998062,0.3976028633284538,400,40
mirror_raw,aligned,23,59,3,6.30490362141245e-08,5.456465856923387e-08,-1.520799486343094e-09,0.771410346031189,336,04579d46401d0b19088ac63a5740d4551794f4f93f03bd46f86a267dbe67d8c3,1.2652411529998062,0.3981008466750306,400,40
mirror_raw,independent,23,31,0,0.5456498265266418,0.30895742774009705,0.0774572491645813,0.9109992980957031,336,db60218d0fab7c426214f34de0516510655b0bd0ad7314a89a8ed4d9b1ded967,1.2257870020039263,0.3989149733388331,400,40
mirror_raw,independent,23,31,1,0.622886598110199,0.42215660214424133,0.06886632740497589,0.9312295913696289,336,db60218d0fab7c426214f34de0516510655b0bd0ad7314a89a8ed4d9b1ded967,1.2257870020039263,0.39918701666465495,400,40
mirror_raw,independent,23,31,2,0.9901931285858154,0.5019339323043823,0.24963457882404327,1.246466875076294,336,db60218d0fab7c426214f34de0516510655b0bd0ad7314a89a8ed4d9b1ded967,1.2257870020039263,0.3995234533310092,400,40
mirror_raw,independent,23,31,3,0.7822127342224121,0.4637143611907959,0.12588882446289062,1.0301673412322998,336,db60218d0fab7c426214f34de0516510655b0bd0ad7314a89a8ed4d9b1ded967,1.2257870020039263,0.3970584799875117,400,40
mirror_raw,independent,23,47,0,0.7465658187866211,0.41420942544937134,0.1080688089132309,0.9666886329650879,336,8612801d226d2bb5caa3d9d643f5ab120fd89760ca9721311b857b1d27dce43c,1.247334599000169,0.4250313733306636,400,40
mirror_raw,independent,23,47,1,0.7750111818313599,0.5249949097633362,0.08718672394752502,0.964335560798645,336,8612801d226d2bb5caa3d9d643f5ab120fd89760ca9721311b857b1d27dce43c,1.247334599000169,0.39614607000354835,400,40
mirror_raw,independent,23,47,2,0.8112061023712158,0.4062637388706207,0.2109820693731308,1.1854788064956665,336,8612801d226d2bb5caa3d9d643f5ab120fd89760ca9721311b857b1d27dce43c,1.247334599000169,0.3999337733451587,400,40
mirror_raw,independent,23,47,3,0.5559548735618591,0.3115815222263336,0.10298293828964233,0.995046854019165,336,8612801d226d2bb5caa3d9d643f5ab120fd89760ca9721311b857b1d27dce43c,1.247334599000169,0.39871984665902954,400,40
mirror_raw,independent,23,59,0,0.6611959934234619,0.37009090185165405,0.0895567238330841,0.9400619268417358,336,178da6963cce2db1d4cb568cc4506b9556466a094d0e890d72a50092b89abf6e,1.2257134369938285,0.4149218700088871,400,40
mirror_raw,independent,23,59,1,0.886167049407959,0.5881850719451904,0.0995965525507927,0.9892103672027588,336,178da6963cce2db1d4cb568cc4506b9556466a094d0e890d72a50092b89abf6e,1.2257134369938285,0.4050231433211593,400,40
mirror_raw,independent,23,59,2,0.7387303113937378,0.37128913402557373,0.19784049689769745,1.1706377267837524,336,178da6963cce2db1d4cb568cc4506b9556466a094d0e890d72a50092b89abf6e,1.2257134369938285,0.41402401999221183,400,40
mirror_raw,independent,23,59,3,0.6775829792022705,0.38026902079582214,0.12689681351184845,1.0395057201385498,336,178da6963cce2db1d4cb568cc4506b9556466a094d0e890d72a50092b89abf6e,1.2257134369938285,0.4030465333441195,400,40
mirror_attention,aligned,11,31,0,2.3829140836104448e-14,1.83207720776948e-14,-1.1342229377930835e-09,0.8088048100471497,336,00e68c5b56216b4c1a3628f0ec5f0e055540f0687bb56a17a4254f631be0ae3a,1.5200607450024108,0.39565380999799044,450,40
mirror_attention,aligned,11,31,1,3.3489138247461483e-14,2.1439362736302633e-14,-2.309858082583105e-09,0.7996950745582581,336,00e68c5b56216b4c1a3628f0ec5f0e055540f0687bb56a17a4254f631be0ae3a,1.5200607450024108,0.39874776334424195,450,40
mirror_attention,aligned,11,31,2,3.37151977885565e-14,2.092605060587116e-14,1.2764358459094183e-09,0.7986036539077759,336,00e68c5b56216b4c1a3628f0ec5f0e055540f0687bb56a17a4254f631be0ae3a,1.5200607450024108,0.3983639866783051,450,40
mirror_attention,aligned,11,31,3,2.0479581233439313e-14,1.276162030596547e-14,2.3601656184979447e-09,0.8110449910163879,336,00e68c5b56216b4c1a3628f0ec5f0e055540f0687bb56a17a4254f631be0ae3a,1.5200607450024108,0.3973349033428046,450,40
mirror_attention,aligned,11,47,0,9.04473775064675e-14,4.147109223954018e-14,-3.263380676798988e-09,0.8088049292564392,336,33c3ebc2ec9b2b3e9d0ffcce898f5308801b3acc8c956ba75d0725a74894c2b8,1.4830711199974758,0.4120423033358141,450,40
mirror_attention,aligned,11,47,1,5.31761355055619e-14,2.927231008043214e-14,-3.5711500423474263e-09,0.7996951937675476,336,33c3ebc2ec9b2b3e9d0ffcce898f5308801b3acc8c956ba75d0725a74894c2b8,1.4830711199974758,0.40340450332829886,450,40
mirror_attention,aligned,11,47,2,7.420925852985594e-13,2.0558255347646187e-13,6.452998135841881e-10,0.7986037135124207,336,33c3ebc2ec9b2b3e9d0ffcce898f5308801b3acc8c956ba75d0725a74894c2b8,1.4830711199974758,0.3993279033359916,450,40
mirror_attention,aligned,11,47,3,8.754932542820448e-14,5.6575797107057124e-14,3.6266929459571884e-09,0.8110450506210327,336,33c3ebc2ec9b2b3e9d0ffcce898f5308801b3acc8c956ba75d0725a74894c2b8,1.4830711199974758,0.39815984334078774,450,40
mirror_attention,aligned,11,59,0,8.265879842574153e-13,2.425678744238241e-13,-1.8615821106848784e-09,0.8088048696517944,336,72c4f7b50513ff1b1d1af63391cef86e736cb26218b35f563dd67bf12348f7ab,1.5006035289989086,0.4310947066551307,450,40
mirror_attention,aligned,11,59,1,2.489088579346599e-13,9.397382638763954e-14,-1.5432881639299012e-09,0.7996951341629028,336,72c4f7b50513ff1b1d1af63391cef86e736cb26218b35f563dd67bf12348f7ab,1.5006035289989086,0.4222999066647996,450,40
mirror_attention,aligned,11,59,2,5.258008113108448e-13,1.7463764809266813e-13,1.2986350883537057e-10,0.7986036539077759,336,72c4f7b50513ff1b1d1af63391cef86e736cb26218b35f563dd67bf12348f7ab,1.5006035289989086,0.4022686599879914,450,40
mirror_attention,aligned,11,59,3,1.5472353758448631e-13,7.176568638401354e-14,2.126852249872968e-09,0.8110449910163879,336,72c4f7b50513ff1b1d1af63391cef86e736cb26218b35f563dd67bf12348f7ab,1.5006035289989086,0.3977919266617391,450,40
mirror_attention,independent,11,31,0,0.7670698761940002,0.2953000068664551,0.22739514708518982,1.3193014860153198,336,1d21cc059d82f4d218c4f6be910578ef62b2e52664fbc683f360e33db651d2bc,1.5919277549983235,0.4214859300069899,450,40
mirror_attention,independent,11,31,1,0.4678806960582733,0.29013174772262573,0.08429688960313797,1.0345993041992188,336,1d21cc059d82f4d218c4f6be910578ef62b2e52664fbc683f360e33db651d2bc,1.5919277549983235,0.4089271300229787,450,40
mirror_attention,independent,11,31,2,0.3929295241832733,0.17947447299957275,0.09695781022310257,1.0987104177474976,336,1d21cc059d82f4d218c4f6be910578ef62b2e52664fbc683f360e33db651d2bc,1.5919277549983235,0.4102399033339073,450,40
mirror_attention,independent,11,31,3,0.6840307116508484,0.28474873304367065,0.17394545674324036,1.15594482421875,336,1d21cc059d82f4d218c4f6be910578ef62b2e52664fbc683f360e33db651d2bc,1.5919277549983235,0.40953624668569927,450,40
mirror_attention,independent,11,47,0,0.6577656865119934,0.27476316690444946,0.1810002624988556,1.20429265499115,336,e3bfe2e6433dbac6dcc46ee62f952f8fbf7e4c9a6c6b5828f0a841928eb78e9f,1.456178271000681,0.3987994533478438,450,40
mirror_attention,independent,11,47,1,0.5380604267120361,0.3120535612106323,0.1148172914981842,1.0907069444656372,336,e3bfe2e6433dbac6dcc46ee62f952f8fbf7e4c9a6c6b5828f0a841928eb78e9f,1.456178271000681,0.39627885998925194,450,40
mirror_attention,independent,11,47,2,0.3900352716445923,0.17344938218593597,0.10418836772441864,1.1166183948516846,336,e3bfe2e6433dbac6dcc46ee62f952f8fbf7e4c9a6c6b5828f0a841928eb78e9f,1.456178271000681,0.40002333000302315,450,40
mirror_attention,independent,11,47,3,0.6282033920288086,0.2834171652793884,0.14311964809894562,1.1035268306732178,336,e3bfe2e6433dbac6dcc46ee62f952f8fbf7e4c9a6c6b5828f0a841928eb78e9f,1.456178271000681,0.39736405667402624,450,40
mirror_attention,independent,11,59,0,0.5013901591300964,0.21585460007190704,0.13580401241779327,1.1315603256225586,336,57b94bab249ae28f0ab4b7a1619a3c4bb0d4b5f4ed4b72fa986ff2b5e9ccf20e,1.52892818699911,0.4463981033283441,450,40
mirror_attention,independent,11,59,1,0.6228359341621399,0.3407272398471832,0.14717811346054077,1.1480088233947754,336,57b94bab249ae28f0ab4b7a1619a3c4bb0d4b5f4ed4b72fa986ff2b5e9ccf20e,1.52892818699911,0.45844177664548624,450,40
mirror_attention,independent,11,59,2,0.5367822647094727,0.23521214723587036,0.14670473337173462,1.201319694519043,336,57b94bab249ae28f0ab4b7a1619a3c4bb0d4b5f4ed4b72fa986ff2b5e9ccf20e,1.52892818699911,0.3992742699968706,450,40
mirror_attention,independent,11,59,3,0.5809623003005981,0.26598119735717773,0.12607340514659882,1.076919436454773,336,57b94bab249ae28f0ab4b7a1619a3c4bb0d4b5f4ed4b72fa986ff2b5e9ccf20e,1.52892818699911,0.40776130665714544,450,40
mirror_attention,aligned,17,31,0,1.305835439779912e-10,2.8874489604868714e-11,2.889372741066154e-09,0.6446513533592224,336,960da7320e81009c59d9291802941d81d8b266490f2c3f22e2e37e6f4bab15fe,1.5443457959991065,0.3998555633491681,450,40
mirror_attention,aligned,17,31,1,1.3853335145697088e-10,3.400940293274424e-11,-2.314585634266564e-09,0.6715291738510132,336,960da7320e81009c59d9291802941d81d8b266490f2c3f22e2e37e6f4bab15fe,1.5443457959991065,0.40003840333762736,450,40
mirror_attention,aligned,17,31,2,1.2707304652970208e-10,2.968731510621936e-11,-4.2573256031630535e-10,0.6667476892471313,336,960da7320e81009c59d9291802941d81d8b266490f2c3f22e2e37e6f4bab15fe,1.5443457959991065,0.4095335899910424,450,40
mirror_attention,aligned,17,31,3,1.3184613123495836e-10,3.1483895351902547e-11,-7.34979022087856e-10,0.6807866096496582,336,960da7320e81009c59d9291802941d81d8b266490f2c3f22e2e37e6f4bab15fe,1.5443457959991065,0.4082899566613681,450,40
mirror_attention,aligned,17,47,0,6.466230328960876e-11,1.7555882095288133e-11,8.347891822246822e-10,0.6446537375450134,336,0880e9db8a00966b8adfe890bbba5ee3402a38ca65dfe3324662745636f463f7,1.5093061959996703,0.3989703700062819,450,40
mirror_attention,aligned,17,47,1,3.814600024742987e-11,1.1711005429293486e-11,-2.0014403467882858e-09,0.6715314388275146,336,0880e9db8a00966b8adfe890bbba5ee3402a38ca65dfe3324662745636f463f7,1.5093061959996703,0.39694658999602933,450,40
mirror_attention,aligned,17,47,2,4.414063559110559e-11,1.4484795307634357e-11,-2.3164345996917746e-09,0.6667500138282776,336,0880e9db8a00966b8adfe890bbba5ee3402a38ca65dfe3324662745636f463f7,1.5093061959996703,0.4019828333305971,450,40
mirror_attention,aligned,17,47,3,5.879703945943504e-10,2.5180540985658695e-10,9.628371433478833e-10,0.6807888150215149,336,0880e9db8a00966b8adfe890bbba5ee3402a38ca65dfe3324662745636f463f7,1.5093061959996703,0.3968361166577476,450,40
mirror_attention,aligned,17,59,0,7.570218865833589e-13,2.823560070648601e-13,2.1239432435038452e-10,0.6446557641029358,336,7d4849091734cbba77d52b7b08089e1943653001b4dd2637b55a8e6dd30a70ba,1.4894683040038217,0.40027616666823934,450,40
mirror_attention,aligned,17,59,1,8.567093432235162e-13,3.160376962300232e-13,-3.597718567505126e-09,0.6715335845947266,336,7d4849091734cbba77d52b7b08089e1943653001b4dd2637b55a8e6dd30a70ba,1.4894683040038217,0.3978518466707707,450,40
mirror_attention,aligned,17,59,2,7.260784855300795e-13,2.494486279862318e-13,-1.6975171268640565e-09,0.6667523384094238,336,7d4849091734cbba77d52b7b08089e1943653001b4dd2637b55a8e6dd30a70ba,1.4894683040038217,0.40260069666449755,450,40
mirror_attention,aligned,17,59,3,8.613561253145718e-13,3.076372164824426e-13,-2.6145052789416923e-10,0.6807911396026611,336,7d4849091734cbba77d52b7b08089e1943653001b4dd2637b55a8e6dd30a70ba,1.4894683040038217,0.3968727766671994,450,40
mirror_attention,independent,17,31,0,0.7133890390396118,0.27585920691490173,0.13700416684150696,1.0779979228973389,336,fcd8b3baec9aeb6ba86e738f614172ac40a1caf704fdc66c0a96364bc1913055,1.421443785999145,0.40021042999190587,450,40
mirror_attention,independent,17,31,1,0.7005488276481628,0.37902310490608215,0.11531918495893478,1.0884045362472534,336,fcd8b3baec9aeb6ba86e738f614172ac40a1caf704fdc66c0a96364bc1913055,1.421443785999145,0.39770195665672264,450,40
mirror_attention,independent,17,31,2,0.4450969398021698,0.2584023177623749,0.0844336748123169,1.1152043342590332,336,fcd8b3baec9aeb6ba86e738f614172ac40a1caf704fdc66c0a96364bc1913055,1.421443785999145,0.3989044333381268,450,40
mirror_attention,independent,17,31,3,0.30389297008514404,0.14937284588813782,0.07542288303375244,1.0701625347137451,336,fcd8b3baec9aeb6ba86e738f614172ac40a1caf704fdc66c0a96364bc1913055,1.421443785999145,0.39735999334273703,450,40
mirror_attention,independent,17,47,0,0.8531023263931274,0.329117089509964,0.16455870866775513,1.123731017112732,336,3e232a1b0993ad82ab8f946b1df49727e6f4451e2957f8cdaac2f1ca323108e1,1.415266779004014,0.3986060833509934,450,40
mirror_attention,independent,17,47,1,0.78523850440979,0.43498745560646057,0.1218080148100853,1.1060643196105957,336,3e232a1b0993ad82ab8f946b1df49727e6f4451e2957f8cdaac2f1ca323108e1,1.415266779004014,0.3971296600017619,450,40
mirror_attention,independent,17,47,2,0.37259694933891296,0.22094401717185974,0.06509368121623993,1.0767101049423218,336,3e232a1b0993ad82ab8f946b1df49727e6f4451e2957f8cdaac2f1ca323108e1,1.415266779004014,0.397285563327993,450,40
mirror_attention,independent,17,47,3,0.2916144132614136,0.14129522442817688,0.07600162923336029,1.07480788230896,336,3e232a1b0993ad82ab8f946b1df49727e6f4451e2957f8cdaac2f1ca323108e1,1.415266779004014,0.3969482200045604,450,40
mirror_attention,independent,17,59,0,0.6047319769859314,0.2439229041337967,0.10706762969493866,1.023248314857483,336,e2f9b4c4aae135003d95991676e0b82c4c8bfa52be818fa5476af53e697c3e92,1.4163821609981824,0.40163890332526836,450,40
mirror_attention,independent,17,59,1,0.6023827791213989,0.3500450849533081,0.0866144597530365,1.029417872428894,336,e2f9b4c4aae135003d95991676e0b82c4c8bfa52be818fa5476af53e697c3e92,1.4163821609981824,0.39738049332906183,450,40
mirror_attention,independent,17,59,2,0.5363426208496094,0.3010961413383484,0.10647012293338776,1.1532117128372192,336,e2f9b4c4aae135003d95991676e0b82c4c8bfa52be818fa5476af53e697c3e92,1.4163821609981824,0.39724308999817975,450,40
mirror_attention,independent,17,59,3,0.4252306818962097,0.20287488400936127,0.11363834887742996,1.1357604265213013,336,e2f9b4c4aae135003d95991676e0b82c4c8bfa52be818fa5476af53e697c3e92,1.4163821609981824,0.3971451766847167,450,40
mirror_attention,aligned,23,31,0,7.041554450637477e-09,2.6776922901206035e-09,1.96606331215321e-09,0.7376413345336914,336,7b0bc8349e6b15f6077b863cb87b02715ce394577a4559dfe0d0dce46ba8db5b,1.4874568749946775,0.3994022700013981,450,40
mirror_attention,aligned,23,31,1,7.2715309329396405e-09,3.0851923238373047e-09,4.707012557503276e-09,0.7538728713989258,336,7b0bc8349e6b15f6077b863cb87b02715ce394577a4559dfe0d0dce46ba8db5b,1.4874568749946775,0.39806485666000907,450,40
mirror_attention,aligned,23,31,2,7.260043233259239e-09,3.169683626680353e-09,-1.3740057980271558e-09,0.7518607974052429,336,7b0bc8349e6b15f6077b863cb87b02715ce394577a4559dfe0d0dce46ba8db5b,1.4874568749946775,0.402637606675853,450,40
mirror_attention,aligned,23,31,3,7.233571075460077e-09,3.284502003708667e-09,3.20413917620499e-10,0.7713782787322998,336,7b0bc8349e6b15f6077b863cb87b02715ce394577a4559dfe0d0dce46ba8db5b,1.4874568749946775,0.39733398999184527,450,40
mirror_attention,aligned,23,47,0,3.65239727351252e-09,5.325225815866474e-10,4.672745301803616e-09,0.7376952767372131,336,a6670c23ae9dcf89406490d44a0c1feffc63b2269d004cf94c5bc93646733e94,1.4828044789974228,0.3973293400000936,450,40
mirror_attention,aligned,23,47,1,3.6261114111368897e-09,5.543686620868016e-10,4.943086828745891e-09,0.7539241313934326,336,a6670c23ae9dcf89406490d44a0c1feffc63b2269d004cf94c5bc93646733e94,1.4828044789974228,0.3978902433300391,450,40
mirror_attention,aligned,23,47,2,3.4904603651852995e-09,5.236163169719532e-10,1.1633016772094606e-09,0.7519146800041199,336,a6670c23ae9dcf89406490d44a0c1feffc63b2269d004cf94c5bc93646733e94,1.4828044789974228,0.39881803999984794,450,40
mirror_attention,aligned,23,47,3,3.295252737345322e-09,4.99275953913525e-10,-7.764379139629796e-10,0.7714293599128723,336,a6670c23ae9dcf89406490d44a0c1feffc63b2269d004cf94c5bc93646733e94,1.4828044789974228,0.3984701866526545,450,40
mirror_attention,aligned,23,59,0,2.6701482691571243e-10,4.692704211328724e-11,1.0966973995607532e-09,0.7376625537872314,336,ebe49f699dd6717af2a93e3a1b139917286d826badb44f6c3d9f9d404b7d9970,1.4837169840029674,0.39672569000686053,450,40
mirror_attention,aligned,23,59,1,2.700075163453164e-10,5.398693991853776e-11,3.2573677088976183e-09,0.7538930773735046,336,ebe49f699dd6717af2a93e3a1b139917286d826badb44f6c3d9f9d404b7d9970,1.4837169840029674,0.39964038000713725,450,40
mirror_attention,aligned,23,59,2,2.831736234387705e-10,5.66617169850403e-11,-1.0424110463702618e-09,0.7518813610076904,336,ebe49f699dd6717af2a93e3a1b139917286d826badb44f6c3d9f9d404b7d9970,1.4837169840029674,0.3962149899840976,450,40
mirror_attention,aligned,23,59,3,3.050807106941278e-10,6.756125520146483e-11,-3.0180453691741604e-09,0.7713984251022339,336,ebe49f699dd6717af2a93e3a1b139917286d826badb44f6c3d9f9d404b7d9970,1.4837169840029674,0.3978987566855115,450,40
mirror_attention,independent,23,31,0,0.5278348922729492,0.28374090790748596,0.0856536477804184,0.9425311088562012,336,fee12bb01390b3e18907b5ac5d9adde31f2478362122416e0c324438437617f4,1.4528185980016133,0.39684181998988305,450,40
mirror_attention,independent,23,31,1,0.47104892134666443,0.3104676604270935,0.05297813564538956,0.9268286228179932,336,fee12bb01390b3e18907b5ac5d9adde31f2478362122416e0c324438437617f4,1.4528185980016133,0.40043989999200374,450,40
mirror_attention,independent,23,31,2,1.1207232475280762,0.604672372341156,0.2398226410150528,1.244157314300537,336,fee12bb01390b3e18907b5ac5d9adde31f2478362122416e0c324438437617f4,1.4528185980016133,0.4005495333452321,450,40
mirror_attention,independent,23,31,3,0.8892687559127808,0.5177163481712341,0.13688413798809052,1.0718162059783936,336,fee12bb01390b3e18907b5ac5d9adde31f2478362122416e0c324438437617f4,1.4528185980016133,0.39907264334033243,450,40
mirror_attention,independent,23,47,0,0.9010134935379028,0.46694594621658325,0.14531821012496948,1.0579400062561035,336,d8fdc82c29f295b3d41ba94d2ef5f0d84fe3bd94970f1b7ece20a6a5ea854ada,1.449940209997294,0.413997803334496,450,40
mirror_attention,independent,23,47,1,0.9156891703605652,0.5985547304153442,0.10149753838777542,1.0194662809371948,336,d8fdc82c29f295b3d41ba94d2ef5f0d84fe3bd94970f1b7ece20a6a5ea854ada,1.449940209997294,0.41086615667154547,450,40
mirror_attention,independent,23,47,2,0.6521180272102356,0.3427526354789734,0.14877457916736603,1.1041419506072998,336,d8fdc82c29f295b3d41ba94d2ef5f0d84fe3bd94970f1b7ece20a6a5ea854ada,1.449940209997294,0.41190184999625973,450,40
mirror_attention,independent,23,47,3,0.4782612919807434,0.23920676112174988,0.09683112800121307,1.0220816135406494,336,d8fdc82c29f295b3d41ba94d2ef5f0d84fe3bd94970f1b7ece20a6a5ea854ada,1.449940209997294,0.3973792933538789,450,40
mirror_attention,independent,23,59,0,0.6362582445144653,0.33773356676101685,0.09685622900724411,0.9782236218452454,336,4675cc319e494a081a23aa54290d60427c74715edee0d11285dd704179fe8929,1.479352665002807,0.4101561899976029,450,40
mirror_attention,independent,23,59,1,0.8746281266212463,0.5620598196983337,0.09995892643928528,1.01829993724823,336,4675cc319e494a081a23aa54290d60427c74715edee0d11285dd704179fe8929,1.479352665002807,0.4058825933316257,450,40
mirror_attention,independent,23,59,2,0.7403384447097778,0.39658376574516296,0.17009681463241577,1.1465613842010498,336,4675cc319e494a081a23aa54290d60427c74715edee0d11285dd704179fe8929,1.479352665002807,0.40915248001207755,450,40
mirror_attention,independent,23,59,3,0.6973183751106262,0.37332284450531006,0.12986914813518524,1.0765272378921509,336,4675cc319e494a081a23aa54290d60427c74715edee0d11285dd704179fe8929,1.479352665002807,0.40702567998475087,450,40
basis2_attention,aligned,11,31,0,5.582316428770842e-14,4.750260718089892e-14,-1.8765846654389406e-09,0.8088048100471497,512,b4f4934f0ece0b14e3be82eb0982a7cb10853e4f00060b73eca2bda16c3e0dc5,0.6342953959974693,0.030264479986120325,500,80
basis2_attention,aligned,11,31,1,1.1246439977213862e-13,7.808140120796683e-14,-1.1009356759572597e-09,0.7996950745582581,512,b4f4934f0ece0b14e3be82eb0982a7cb10853e4f00060b73eca2bda16c3e0dc5,0.6342953959974693,0.032206969990511425,500,80
basis2_attention,aligned,11,31,2,5.931531172264845e-14,4.730310720489801e-14,-3.1082503237911396e-09,0.7986037731170654,512,b4f4934f0ece0b14e3be82eb0982a7cb10853e4f00060b73eca2bda16c3e0dc5,0.6342953959974693,0.031819886644370854,500,80
basis2_attention,aligned,11,31,3,6.068721371786656e-14,4.669443610526465e-14,3.0676854390065955e-09,0.8110449910163879,512,b4f4934f0ece0b14e3be82eb0982a7cb10853e4f00060b73eca2bda16c3e0dc5,0.6342953959974693,0.030276733353578795,500,80
basis2_attention,aligned,11,47,0,2.8556592854278584e-12,2.0746282296257856e-12,-1.3170122770134185e-09,0.8088046312332153,512,fa6e853292a978f31b6abce5b44359d9a13c0e57479d7fcc2e31483bc3ab78b7,0.6137574230015161,0.02967118666371486,500,80
basis2_attention,aligned,11,47,1,1.0088679024133906e-12,3.8115436371347067e-13,-1.5833707678325482e-09,0.7996951341629028,512,fa6e853292a978f31b6abce5b44359d9a13c0e57479d7fcc2e31483bc3ab78b7,0.6137574230015161,0.029777246672892943,500,80
basis2_attention,aligned,11,47,2,4.573824825826467e-12,3.5763308547237527e-12,-1.5625509219852063e-10,0.7986036539077759,512,fa6e853292a978f31b6abce5b44359d9a13c0e57479d7fcc2e31483bc3ab78b7,0.6137574230015161,0.02983926999149844,500,80
basis2_attention,aligned,11,47,3,5.26904095441566e-13,3.497848169962958e-13,4.209545212408017e-10,0.8110451698303223,512,fa6e853292a978f31b6abce5b44359d9a13c0e57479d7fcc2e31483bc3ab78b7,0.6137574230015161,0.030394410011164535,500,80
basis2_attention,aligned,11,59,0,1.1570036378624748e-13,4.1346178596742694e-14,-1.1770568963953565e-09,0.8088047504425049,512,af6e83c0560cd74501f00ca0101c7e90f858661c53a02a6bee42c55933938ac1,0.6257337659990299,0.030015839996243205,500,80
basis2_attention,aligned,11,59,1,5.270547453334329e-13,1.083264473131576e-13,-3.553562444302827e-10,0.7996953725814819,512,af6e83c0560cd74501f00ca0101c7e90f858661c53a02a6bee42c55933938ac1,0.6257337659990299,0.02969188331917394,500,80
basis2_attention,aligned,11,59,2,5.0739086191039715e-14,3.093719060771015e-14,2.830748968563057e-10,0.7986036539077759,512,af6e83c0560cd74501f00ca0101c7e90f858661c53a02a6bee42c55933938ac1,0.6257337659990299,0.030644550012463394,500,80
basis2_attention,aligned,11,59,3,5.3942266641958045e-14,3.9649551274601597e-14,1.7372099314627576e-09,0.8110449910163879,512,af6e83c0560cd74501f00ca0101c7e90f858661c53a02a6bee42c55933938ac1,0.6257337659990299,0.030149273346372258,500,80
basis2_attention,independent,11,31,0,0.36478763818740845,0.12763556838035583,0.13419288396835327,1.1524118185043335,512,c0e0810b53a5c796e41854cf34cfd537a720cd894fbb453b8e60999ae4da9c8b,0.545001312995737,0.029623996670125052,500,80
basis2_attention,independent,11,31,1,0.08453133702278137,0.05027687922120094,0.019851423799991608,0.777787983417511,512,c0e0810b53a5c796e41854cf34cfd537a720cd894fbb453b8e60999ae4da9c8b,0.545001312995737,0.029735796682264965,500,80
basis2_attention,independent,11,31,2,0.2614135146141052,0.10788313299417496,0.0714365616440773,1.04478120803833,512,c0e0810b53a5c796e41854cf34cfd537a720cd894fbb453b8e60999ae4da9c8b,0.545001312995737,0.029998396663965348,500,80
basis2_attention,independent,11,31,3,0.05945032835006714,0.03537573665380478,0.012412216514348984,0.7351031303405762,512,c0e0810b53a5c796e41854cf34cfd537a720cd894fbb453b8e60999ae4da9c8b,0.545001312995737,0.029667933316280443,500,80
basis2_attention,independent,11,47,0,0.3387904167175293,0.12601338326931,0.12215130031108856,1.1120010614395142,512,a53df7e3be57245b3cdbc1d38ad02ca13de246a57da4672abc826fa8f30ea385,0.5354486560026999,0.029800963335825752,500,80
basis2_attention,independent,11,47,1,0.08238772302865982,0.043587278574705124,0.022225258871912956,0.78899747133255,512,a53df7e3be57245b3cdbc1d38ad02ca13de246a57da4672abc826fa8f30ea385,0.5354486560026999,0.029821126663591713,500,80
basis2_attention,independent,11,47,2,0.3296052813529968,0.12295733392238617,0.09537472575902939,1.1160802841186523,512,a53df7e3be57245b3cdbc1d38ad02ca13de246a57da4672abc826fa8f30ea385,0.5354486560026999,0.030464193332591094,500,80
basis2_attention,independent,11,47,3,0.03172927722334862,0.021214723587036133,0.004831130150705576,0.7238129377365112,512,a53df7e3be57245b3cdbc1d38ad02ca13de246a57da4672abc826fa8f30ea385,0.5354486560026999,0.02982406668403807,500,80
basis2_attention,independent,11,59,0,0.2749466300010681,0.0987260565161705,0.1023486778140068,1.0696187019348145,512,a472970126b06b23e36d24755d3187e525ab5ca61003343faef3be402ac7e911,0.5355532729954575,0.029971789990668185,500,80
basis2_attention,independent,11,59,1,0.08528845012187958,0.04508920758962631,0.024775244295597076,0.7949616312980652,512,a472970126b06b23e36d24755d3187e525ab5ca61003343faef3be402ac7e911,0.5355532729954575,0.030235353333409876,500,80
basis2_attention,independent,11,59,2,0.33177614212036133,0.12087554484605789,0.09699409455060959,1.12812340259552,512,a472970126b06b23e36d24755d3187e525ab5ca61003343faef3be402ac7e911,0.5355532729954575,0.02977682665611307,500,80
basis2_attention,independent,11,59,3,0.08745811879634857,0.049386776983737946,0.018595241010189056,0.761109471321106,512,a472970126b06b23e36d24755d3187e525ab5ca61003343faef3be402ac7e911,0.5355532729954575,0.02974685000178094,500,80
basis2_attention,aligned,17,31,0,5.663333126904035e-07,4.934178150506341e-07,7.873796725732518e-09,0.6447020769119263,512,23aee1dc90e4ef83b24399f7d5c99cb766f411d1a0ec27773021a222fb1f53ee,0.6094196849953732,0.02982009335634454,500,80
basis2_attention,aligned,17,31,1,3.834984596551294e-08,3.3667504339973675e-08,-5.927119905990708e-10,0.6715565323829651,512,23aee1dc90e4ef83b24399f7d5c99cb766f411d1a0ec27773021a222fb1f53ee,0.6094196849953732,0.02992668666896255,500,80
basis2_attention,aligned,17,31,2,6.263226026703705e-08,5.811806502720174e-08,-1.0841065822830842e-09,0.6667443513870239,512,23aee1dc90e4ef83b24399f7d5c99cb766f411d1a0ec27773021a222fb1f53ee,0.6094196849953732,0.02972198000255351,500,80
basis2_attention,aligned,17,31,3,3.834150419379512e-08,3.374775303655042e-08,1.0578842246644626e-09,0.680779755115509,512,23aee1dc90e4ef83b24399f7d5c99cb766f411d1a0ec27773021a222fb1f53ee,0.6094196849953732,0.029910193334217183,500,80
basis2_attention,aligned,17,47,0,4.625913163636142e-08,4.168001055404602e-08,1.764550616734084e-09,0.644659161567688,512,6819c35730e544d785d775d7ad6ff4261f9a5903a376635ad0418e3a799ae153,0.6058489400020335,0.02994638334106033,500,80
basis2_attention,aligned,17,47,1,5.657782686796509e-09,5.003133018988137e-09,-2.122335196474978e-09,0.6715382933616638,512,6819c35730e544d785d775d7ad6ff4261f9a5903a376635ad0418e3a799ae153,0.6058489400020335,0.029972656654232804,500,80
basis2_attention,aligned,17,47,2,4.273616571737193e-09,3.9421976794074e-09,-2.0234445230471465e-09,0.6667510867118835,512,6819c35730e544d785d775d7ad6ff4261f9a5903a376635ad0418e3a799ae153,0.6058489400020335,0.029964709998845745,500,80
basis2_attention,aligned,17,47,3,9.615060037049261e-08,8.717267263591566e-08,1.219123801909916e-09,0.6807606220245361,512,6819c35730e544d785d775d7ad6ff4261f9a5903a376635ad0418e3a799ae153,0.6058489400020335,0.030363843325176276,500,80
basis2_attention,aligned,17,59,0,2.4324897367478115e-06,2.233416353192297e-06,1.7704842036891932e-08,0.6446125507354736,512,78a847b6a1c4ee13efd18348988b81cfff960d11ed15b6dad434cca780b96f76,0.6060633629967924,0.02992658332611124,500,80
basis2_attention,aligned,17,59,1,3.6279075743550493e-07,3.134458381737204e-07,2.4299831036245223e-09,0.671541690826416,512,78a847b6a1c4ee13efd18348988b81cfff960d11ed15b6dad434cca780b96f76,0.6060633629967924,0.029699176690580014,500,80
basis2_attention,aligned,17,59,2,1.4321535957151355e-07,1.3040272506259498e-07,-2.7259374757448995e-09,0.6667578220367432,512,78a847b6a1c4ee13efd18348988b81cfff960d11ed15b6dad434cca780b96f76,0.6060633629967924,0.029757363323975976,500,80
basis2_attention,aligned,17,59,3,5.473125952448754e-07,5.320024456523242e-07,2.8883682112734732e-09,0.6807880401611328,512,78a847b6a1c4ee13efd18348988b81cfff960d11ed15b6dad434cca780b96f76,0.6060633629967924,0.029937503325830523,500,80
basis2_attention,independent,17,31,0,0.8012629151344299,0.3354586958885193,0.14180819690227509,1.042109727859497,512,b540ab8c2f2f7d88fa917a97c9888f0adf867e682ca29d42dbd920f01ba45b91,0.5388078929972835,0.030006240000754286,500,80
basis2_attention,independent,17,31,1,0.07681866735219955,0.020080232992768288,0.03294171765446663,0.8334752321243286,512,b540ab8c2f2f7d88fa917a97c9888f0adf867e682ca29d42dbd920f01ba45b91,0.5388078929972835,0.030194690019319143,500,80
basis2_attention,independent,17,31,2,0.12669631838798523,0.04607861861586571,0.04973127320408821,1.05146324634552,512,b540ab8c2f2f7d88fa917a97c9888f0adf867e682ca29d42dbd920f01ba45b91,0.5388078929972835,0.030037689987996902,500,80
basis2_attention,independent,17,31,3,0.27447372674942017,0.18641552329063416,0.03806591406464577,0.9377230405807495,512,b540ab8c2f2f7d88fa917a97c9888f0adf867e682ca29d42dbd920f01ba45b91,0.5388078929972835,0.03000770666403696,500,80
basis2_attention,independent,17,47,0,0.7730221748352051,0.33355823159217834,0.13176749646663666,1.03249990940094,512,d8130d476c83664b00fcb4cefa99e40369c5c12d8bc935a253f5d514df3da8f6,0.542576335996273,0.029858883329628345,500,80
basis2_attention,independent,17,47,1,0.08840636909008026,0.020217617973685265,0.040324434638023376,0.8518408536911011,512,d8130d476c83664b00fcb4cefa99e40369c5c12d8bc935a253f5d514df3da8f6,0.542576335996273,0.029565009996683028,500,80
basis2_attention,independent,17,47,2,0.0942189022898674,0.03129301592707634,0.0386955626308918,1.0211313962936401,512,d8130d476c83664b00fcb4cefa99e40369c5c12d8bc935a253f5d514df3da8f6,0.542576335996273,0.029756633351401735,500,80
basis2_attention,independent,17,47,3,0.32187342643737793,0.19951340556144714,0.05418102815747261,1.0022164583206177,512,d8130d476c83664b00fcb4cefa99e40369c5c12d8bc935a253f5d514df3da8f6,0.542576335996273,0.02964863332939179,500,80
basis2_attention,independent,17,59,0,0.7872377634048462,0.3322173058986664,0.1377672702074051,1.0436346530914307,512,642bcfe568db20587b5d660976fa72fb72ce8ad501facdb731755e1239e9d6bc,0.536673280003015,0.02992288000920477,500,80
basis2_attention,independent,17,59,1,0.06524878740310669,0.014317276887595654,0.030491821467876434,0.8273190259933472,512,642bcfe568db20587b5d660976fa72fb72ce8ad501facdb731755e1239e9d6bc,0.536673280003015,0.02974741667761312,500,80
basis2_attention,independent,17,59,2,0.03855609521269798,0.014234527945518494,0.014692358672618866,0.9276283383369446,512,642bcfe568db20587b5d660976fa72fb72ce8ad501facdb731755e1239e9d6bc,0.536673280003015,0.029859583349510405,500,80
basis2_attention,independent,17,59,3,0.43166258931159973,0.2166014015674591,0.10060233622789383,1.1326824426651,512,642bcfe568db20587b5d660976fa72fb72ce8ad501facdb731755e1239e9d6bc,0.536673280003015,0.029824933347602684,500,80
basis2_attention,aligned,23,31,0,5.681463329312852e-13,3.0822043593607684e-13,4.113437590547164e-09,0.7376698851585388,512,d5498150b8bdc06593e3f0b1e4c98b6d78ea341f8f5d65cbe0c63686e0e298ed,0.6071060510003008,0.030894843342442375,500,80
basis2_attention,aligned,23,31,1,2.9799491867155137e-13,1.8072788274606233e-13,4.129624642246199e-09,0.7539000511169434,512,d5498150b8bdc06593e3f0b1e4c98b6d78ea341f8f5d65cbe0c63686e0e298ed,0.6071060510003008,0.0297407733402603,500,80
basis2_attention,aligned,23,31,2,9.096175418790708e-13,1.8556902162906314e-13,1.6896757326634315e-09,0.7518881559371948,512,d5498150b8bdc06593e3f0b1e4c98b6d78ea341f8f5d65cbe0c63686e0e298ed,0.6071060510003008,0.02977312001651929,500,80
basis2_attention,aligned,23,31,3,6.678561783463044e-13,5.109963016960983e-13,-4.871617331758671e-09,0.7714051008224487,512,d5498150b8bdc06593e3f0b1e4c98b6d78ea341f8f5d65cbe0c63686e0e298ed,0.6071060510003008,0.029915236664237455,500,80
basis2_attention,aligned,23,47,0,2.2715675369357202e-13,9.400230024719444e-14,1.3199169535127453e-09,0.7376697063446045,512,3fbaa1fabd4353705bf9c7ef811f10e3224feea63deea599a57ac92e7f49a438,0.608040588995209,0.029811783315381035,500,80
basis2_attention,aligned,23,47,1,6.464709274628042e-14,4.0288986610879235e-14,5.206460595985618e-09,0.7539000511169434,512,3fbaa1fabd4353705bf9c7ef811f10e3224feea63deea599a57ac92e7f49a438,0.608040588995209,0.03429896666299707,500,80
basis2_attention,aligned,23,47,2,8.89230773433794e-14,3.1807262851129767e-14,-2.6281354870150153e-09,0.7518883347511292,512,3fbaa1fabd4353705bf9c7ef811f10e3224feea63deea599a57ac92e7f49a438,0.608040588995209,0.029796823315943282,500,80
basis2_attention,aligned,23,47,3,1.1145238513554992e-13,5.63242588149087e-14,-2.4261974651551554e-09,0.7714049816131592,512,3fbaa1fabd4353705bf9c7ef811f10e3224feea63deea599a57ac92e7f49a438,0.608040588995209,0.029775289998118144,500,80
basis2_attention,aligned,23,59,0,9.365551818232495e-14,3.527702151120797e-14,2.642199126157152e-09,0.7376697063446045,512,75bd9b0bcd2e6c4bda78fd032b6580cbda6b96527362a76eb29d20bf247cf092,0.6138046499982011,0.029861523338089075,500,80
basis2_attention,aligned,23,59,1,1.3755235015247558e-13,6.954081543464677e-14,3.383906932441505e-09,0.7538999319076538,512,75bd9b0bcd2e6c4bda78fd032b6580cbda6b96527362a76eb29d20bf247cf092,0.6138046499982011,0.02984045665167893,500,80
basis2_attention,aligned,23,59,2,3.5108385382925933e-13,1.062267136232864e-13,-3.6909348910540984e-09,0.7518883943557739,512,75bd9b0bcd2e6c4bda78fd032b6580cbda6b96527362a76eb29d20bf247cf092,0.6138046499982011,0.029728086665272713,500,80
basis2_attention,aligned,23,59,3,1.785198101541055e-13,9.357149251395733e-14,-2.393668818712058e-09,0.7714051008224487,512,75bd9b0bcd2e6c4bda78fd032b6580cbda6b96527362a76eb29d20bf247cf092,0.6138046499982011,0.02994214332526705,500,80
basis2_attention,independent,23,31,0,1.244795322418213,0.5312526822090149,0.2674676775932312,1.319075584411621,512,a3526cbf30a7e8e508d6e4e10e4a452c74c6b21553c51ca03d60167c836d4495,0.564908435997495,0.031683829996230393,500,80
basis2_attention,independent,23,31,1,0.07049857079982758,0.04530572146177292,0.018303150311112404,0.7863495945930481,512,a3526cbf30a7e8e508d6e4e10e4a452c74c6b21553c51ca03d60167c836d4495,0.564908435997495,0.031309133337344974,500,80
basis2_attention,independent,23,31,2,0.06135007366538048,0.05673755705356598,0.0013368912041187286,0.746330976486206,512,a3526cbf30a7e8e508d6e4e10e4a452c74c6b21553c51ca03d60167c836d4495,0.564908435997495,0.03166419999615755,500,80
basis2_attention,independent,23,31,3,0.3864438533782959,0.1513601392507553,0.11278830468654633,1.0385843515396118,512,a3526cbf30a7e8e508d6e4e10e4a452c74c6b21553c51ca03d60167c836d4495,0.564908435997495,0.030992590012222838,500,80
basis2_attention,independent,23,47,0,0.3934444189071655,0.2917671203613281,0.03566733002662659,0.7854025363922119,512,1d9ecce2173cc3a5729f572dc4e6d2608834c7c5e418dc5e959b829da139f268,0.5442448289977619,0.03227591667382512,500,80
basis2_attention,independent,23,47,1,0.4033255875110626,0.23831915855407715,0.0712716355919838,0.9333977103233337,512,1d9ecce2173cc3a5729f572dc4e6d2608834c7c5e418dc5e959b829da139f268,0.5442448289977619,0.029856670007575303,500,80
basis2_attention,independent,23,47,2,0.4714384078979492,0.19634456932544708,0.14710783958435059,1.1170402765274048,512,1d9ecce2173cc3a5729f572dc4e6d2608834c7c5e418dc5e959b829da139f268,0.5442448289977619,0.029790536646032706,500,80
basis2_attention,independent,23,47,3,0.18432597815990448,0.08950173109769821,0.04098515212535858,0.8619210124015808,512,1d9ecce2173cc3a5729f572dc4e6d2608834c7c5e418dc5e959b829da139f268,0.5442448289977619,0.029693926650603924,500,80
basis2_attention,independent,23,59,0,0.278074711561203,0.2123134434223175,0.0229625403881073,0.7552819848060608,512,c5d8f95dd8dde9f9662a0bb589ef3a873bfdcd7381e1cad45f9a1fe460202ffa,0.5432901270032744,0.029791139992691267,500,80
basis2_attention,independent,23,59,1,0.5204624533653259,0.31809937953948975,0.07832546532154083,0.9479789733886719,512,c5d8f95dd8dde9f9662a0bb589ef3a873bfdcd7381e1cad45f9a1fe460202ffa,0.5432901270032744,0.03163664999495571,500,80
basis2_attention,independent,23,59,2,0.48002856969833374,0.2012520283460617,0.15140999853610992,1.114802360534668,512,c5d8f95dd8dde9f9662a0bb589ef3a873bfdcd7381e1cad45f9a1fe460202ffa,0.5432901270032744,0.029731450000933062,500,80
basis2_attention,independent,23,59,3,0.18730854988098145,0.08959735929965973,0.04353097081184387,0.8544677495956421,512,c5d8f95dd8dde9f9662a0bb589ef3a873bfdcd7381e1cad45f9a1fe460202ffa,0.5432901270032744,0.029840613327299554,500,80
shared_attention,aligned,11,31,0,0.11699214577674866,0.0457477830350399,0.043921079486608505,0.9632725119590759,296,7e31b2ed4de162cd33d8a03ccf953caa94c8f4426f44c956c9c01bedf4fb2516,0.47942416200385196,0.01349338999716565,450,32
shared_attention,aligned,11,31,1,0.5419788360595703,0.2035864144563675,0.17530754208564758,1.1982858180999756,296,7e31b2ed4de162cd33d8a03ccf953caa94c8f4426f44c956c9c01bedf4fb2516,0.47942416200385196,0.013093253316280121,450,32
shared_attention,aligned,11,31,2,0.20091411471366882,0.14922279119491577,0.0116150863468647,0.8884723782539368,296,7e31b2ed4de162cd33d8a03ccf953caa94c8f4426f44c956c9c01bedf4fb2516,0.47942416200385196,0.013265716673534675,450,32
shared_attention,aligned,11,31,3,0.24056583642959595,0.154535174369812,0.026642365381121635,0.9364746809005737,296,7e31b2ed4de162cd33d8a03ccf953caa94c8f4426f44c956c9c01bedf4fb2516,0.47942416200385196,0.013259403349366039,450,32
shared_attention,aligned,11,47,0,0.17648530006408691,0.0654740259051323,0.06750905513763428,1.021826148033142,296,a2a9bf7d47ff15c3becebee1b7fc30d855dd4b900fee85530e62dc70a93035d3,0.4819120100000873,0.0134160733432509,450,32
shared_attention,aligned,11,47,1,0.4276919364929199,0.17048031091690063,0.13189250230789185,1.1305443048477173,296,a2a9bf7d47ff15c3becebee1b7fc30d855dd4b900fee85530e62dc70a93035d3,0.4819120100000873,0.013258339992413918,450,32
shared_attention,aligned,11,47,2,0.23303015530109406,0.17487920820713043,0.01046321727335453,0.9029521942138672,296,a2a9bf7d47ff15c3becebee1b7fc30d855dd4b900fee85530e62dc70a93035d3,0.4819120100000873,0.013254730001790449,450,32
shared_attention,aligned,11,47,3,0.24798059463500977,0.1366034597158432,0.04527537524700165,0.9882519245147705,296,a2a9bf7d47ff15c3becebee1b7fc30d855dd4b900fee85530e62dc70a93035d3,0.4819120100000873,0.013144766683884276,450,32
shared_attention,aligned,11,59,0,0.18822327256202698,0.08543084561824799,0.060216039419174194,1.0067976713180542,296,208e749f96585a37e758c527d4b3e398d3a850255f1acbc730a2eadc9890e039,0.49330570500023896,0.013373276669881307,450,32
shared_attention,aligned,11,59,1,0.41400623321533203,0.1418328583240509,0.14452309906482697,1.151708960533142,296,208e749f96585a37e758c527d4b3e398d3a850255f1acbc730a2eadc9890e039,0.49330570500023896,0.013189566670916975,450,32
shared_attention,aligned,11,59,2,0.2858584523200989,0.21590769290924072,0.011522924527525902,0.9022077918052673,296,208e749f96585a37e758c527d4b3e398d3a850255f1acbc730a2eadc9890e039,0.49330570500023896,0.013153243320023952,450,32
shared_attention,aligned,11,59,3,0.19646835327148438,0.10367237776517868,0.04025347903370857,0.9767811298370361,296,208e749f96585a37e758c527d4b3e398d3a850255f1acbc730a2eadc9890e039,0.49330570500023896,0.01317477998478959,450,32
shared_attention,independent,11,31,0,1.161515474319458,0.5271927118301392,0.2503117620944977,1.3799090385437012,296,1fffdee4d45c784b3cbb380db3db30dcdd9fb82f6f97c54831c45939fe893ed4,0.4124142210057471,0.013269083331882333,450,32
shared_attention,independent,11,31,1,0.654283881187439,0.30018773674964905,0.18438249826431274,1.231032371520996,296,1fffdee4d45c784b3cbb380db3db30dcdd9fb82f6f97c54831c45939fe893ed4,0.4124142210057471,0.013125403347657993,450,32
shared_attention,independent,11,31,2,0.49293750524520874,0.12262784689664841,0.19064265489578247,1.3459813594818115,296,1fffdee4d45c784b3cbb380db3db30dcdd9fb82f6f97c54831c45939fe893ed4,0.4124142210057471,0.013063406659057364,450,32
shared_attention,independent,11,31,3,0.9329949617385864,0.45662105083465576,0.15981794893741608,1.1665503978729248,296,1fffdee4d45c784b3cbb380db3db30dcdd9fb82f6f97c54831c45939fe893ed4,0.4124142210057471,0.013248923351056874,450,32
shared_attention,independent,11,47,0,1.0122969150543213,0.4713634252548218,0.21175381541252136,1.3154834508895874,296,ceb09a47531b8608236ecf7303cc724a11c9141caec011c140fef0a9b9336936,0.40965248200518545,0.013431226664882464,450,32
shared_attention,independent,11,47,1,0.6923091411590576,0.31030386686325073,0.20113016664981842,1.2693922519683838,296,ceb09a47531b8608236ecf7303cc724a11c9141caec011c140fef0a9b9336936,0.40965248200518545,0.013266283325113667,450,32
shared_attention,independent,11,47,2,0.4350475072860718,0.11174778640270233,0.16497626900672913,1.2975096702575684,296,ceb09a47531b8608236ecf7303cc724a11c9141caec011c140fef0a9b9336936,0.40965248200518545,0.013005993338689828,450,32
shared_attention,independent,11,47,3,1.0678592920303345,0.5046038627624512,0.1915958821773529,1.2223385572433472,296,ceb09a47531b8608236ecf7303cc724a11c9141caec011c140fef0a9b9336936,0.40965248200518545,0.01316930332298701,450,32
shared_attention,independent,11,59,0,0.8297215700149536,0.3933731019496918,0.17400911450386047,1.2486801147460938,296,ec43a858f368c0235bcd0fb77193cad1e2e2d22ad8dce7025998410ceefdb9ac,0.41277139999874635,0.013437273349457731,450,32
shared_attention,independent,11,59,1,0.6943792104721069,0.313238263130188,0.20456980168819427,1.2756948471069336,296,ec43a858f368c0235bcd0fb77193cad1e2e2d22ad8dce7025998410ceefdb9ac,0.41277139999874635,0.013085343331719438,450,32
shared_attention,independent,11,59,2,0.5303994417190552,0.13176719844341278,0.2043139785528183,1.3726471662521362,296,ec43a858f368c0235bcd0fb77193cad1e2e2d22ad8dce7025998410ceefdb9ac,0.41277139999874635,0.01324608332652133,450,32
shared_attention,independent,11,59,3,1.1881093978881836,0.5740628242492676,0.20563238859176636,1.2469069957733154,296,ec43a858f368c0235bcd0fb77193cad1e2e2d22ad8dce7025998410ceefdb9ac,0.41277139999874635,0.013060373336581202,450,32
shared_attention,aligned,17,31,0,0.3753857910633087,0.2062734067440033,0.09941336512565613,0.8417183756828308,296,4b6d4e5d25c9c674cf9907450852f9ea299f6aaf22f110e30fcb0d96a1a81f95,0.47536273000150686,0.013303670008705618,450,32
shared_attention,aligned,17,31,1,0.09908424317836761,0.062340691685676575,0.023134618997573853,0.7391039729118347,296,4b6d4e5d25c9c674cf9907450852f9ea299f6aaf22f110e30fcb0d96a1a81f95,0.47536273000150686,0.013040973329528546,450,32
shared_attention,aligned,17,31,2,0.05564195290207863,0.021176984533667564,0.02214898355305195,0.7362369298934937,296,4b6d4e5d25c9c674cf9907450852f9ea299f6aaf22f110e30fcb0d96a1a81f95,0.47536273000150686,0.01306521000515204,450,32
shared_attention,aligned,17,31,3,0.07268600165843964,0.06364413350820541,0.002192022046074271,0.7201353311538696,296,4b6d4e5d25c9c674cf9907450852f9ea299f6aaf22f110e30fcb0d96a1a81f95,0.47536273000150686,0.013038406662720567,450,32
shared_attention,aligned,17,47,0,0.3151293992996216,0.1759880632162094,0.08192817121744156,0.8218870162963867,296,58769811e9c398b28654b358897700f37b6d4f26cbfdd136cf60256249b457cf,0.4718026880000252,0.01332967665803153,450,32
shared_attention,aligned,17,47,1,0.1344159096479416,0.08348886668682098,0.032497040927410126,0.7603240013122559,296,58769811e9c398b28654b358897700f37b6d4f26cbfdd136cf60256249b457cf,0.4718026880000252,0.013151043337226534,450,32
shared_attention,aligned,17,47,2,0.07387762516736984,0.025831906124949455,0.03109731525182724,0.758423388004303,296,58769811e9c398b28654b358897700f37b6d4f26cbfdd136cf60256249b457cf,0.4718026880000252,0.013016303322122743,450,32
shared_attention,aligned,17,47,3,0.09286332875490189,0.07965289056301117,0.003318517003208399,0.7285200357437134,296,58769811e9c398b28654b358897700f37b6d4f26cbfdd136cf60256249b457cf,0.4718026880000252,0.013143093334898973,450,32
shared_attention,aligned,17,59,0,0.48879092931747437,0.2794013023376465,0.12175227701663971,0.8710875511169434,296,9945a464d960fde2db7d2b134e5f9da53a657816952d4c4123f5946fc254a082,0.4714820899971528,0.01338699999905657,450,32
shared_attention,aligned,17,59,1,0.05152076482772827,0.030338166281580925,0.014207761734724045,0.7181214094161987,296,9945a464d960fde2db7d2b134e5f9da53a657816952d4c4123f5946fc254a082,0.4714820899971528,0.01303940667033506,450,32
shared_attention,aligned,17,59,2,0.05034249275922775,0.027480004355311394,0.01363406889140606,0.715660572052002,296,9945a464d960fde2db7d2b134e5f9da53a657816952d4c4123f5946fc254a082,0.4714820899971528,0.013013599988577576,450,32
shared_attention,aligned,17,59,3,0.040517378598451614,0.033509258180856705,0.0034477640874683857,0.7143930196762085,296,9945a464d960fde2db7d2b134e5f9da53a657816952d4c4123f5946fc254a082,0.4714820899971528,0.013125339998320365,450,32
shared_attention,independent,17,31,0,1.0802290439605713,0.3222509026527405,0.24894674122333527,1.305856704711914,296,c21dde8fae4eb94c72d17f66e91f7f14332164df846b057f87966412368f698a,0.4144084049985395,0.013330709989531897,450,32
shared_attention,independent,17,31,1,0.8481256365776062,0.3779338300228119,0.1947219967842102,1.27328360080719,296,c21dde8fae4eb94c72d17f66e91f7f14332164df846b057f87966412368f698a,0.4144084049985395,0.013127739997192597,450,32
shared_attention,independent,17,31,2,0.5612676739692688,0.31941109895706177,0.0894089788198471,1.1900438070297241,296,c21dde8fae4eb94c72d17f66e91f7f14332164df846b057f87966412368f698a,0.4144084049985395,0.01310700667090714,450,32
shared_attention,independent,17,31,3,0.3237312138080597,0.1514197140932083,0.08291665464639664,1.1539582014083862,296,c21dde8fae4eb94c72d17f66e91f7f14332164df846b057f87966412368f698a,0.4144084049985395,0.013099629989786385,450,32
shared_attention,independent,17,47,0,1.1899619102478027,0.3622996211051941,0.27089571952819824,1.3367195129394531,296,f22c9f40150d8ed8deb8b42006183398205af2ded6aaa5e53246be234b7b53fb,0.41360297199571505,0.013832100012223236,450,32
shared_attention,independent,17,47,1,0.916722297668457,0.42338821291923523,0.1981043964624405,1.272589921951294,296,f22c9f40150d8ed8deb8b42006183398205af2ded6aaa5e53246be234b7b53fb,0.41360297199571505,0.013262576661266698,450,32
shared_attention,independent,17,47,2,0.4382912814617157,0.25165966153144836,0.07180874049663544,1.14795982837677,296,f22c9f40150d8ed8deb8b42006183398205af2ded6aaa5e53246be234b7b53fb,0.41360297199571505,0.01294152665650472,450,32
shared_attention,independent,17,47,3,0.32761335372924805,0.15296529233455658,0.08457712084054947,1.1478087902069092,296,f22c9f40150d8ed8deb8b42006183398205af2ded6aaa5e53246be234b7b53fb,0.41360297199571505,0.013012936663775084,450,32
shared_attention,independent,17,59,0,0.9035041332244873,0.27138108015060425,0.20079362392425537,1.2284349203109741,296,c21a46b28ad260ca7a044a6c7bdcbda075c8e4056dc86b50c5ef6f3411f8caa3,0.411453448003158,0.013544449999850864,450,32
shared_attention,independent,17,59,1,0.8473236560821533,0.36585819721221924,0.20652906596660614,1.2963956594467163,296,c21a46b28ad260ca7a044a6c7bdcbda075c8e4056dc86b50c5ef6f3411f8caa3,0.411453448003158,0.013200029983030012,450,32
shared_attention,independent,17,59,2,0.5671505331993103,0.32940879464149475,0.08847072720527649,1.202341914176941,296,c21a46b28ad260ca7a044a6c7bdcbda075c8e4056dc86b50c5ef6f3411f8caa3,0.411453448003158,0.013062759996197807,450,32
shared_attention,independent,17,59,3,0.4711582064628601,0.21272294223308563,0.1266002357006073,1.2473170757293701,296,c21a46b28ad260ca7a044a6c7bdcbda075c8e4056dc86b50c5ef6f3411f8caa3,0.411453448003158,0.013169219989019135,450,32
shared_attention,aligned,23,31,0,0.18012785911560059,0.05183354765176773,0.07860104739665985,0.9347169995307922,296,3d9fab9aec05714c38a9631f5c9f0f33c7a5b9b3e42ba21c3eeef9db9f128190,0.47275689199886983,0.013328193332805919,450,32
shared_attention,aligned,23,31,1,0.4314785897731781,0.3588750660419464,0.005931244231760502,0.813818633556366,296,3d9fab9aec05714c38a9631f5c9f0f33c7a5b9b3e42ba21c3eeef9db9f128190,0.47275689199886983,0.013349389992072247,450,32
shared_attention,aligned,23,31,2,0.3807653486728668,0.22192159295082092,0.07888583838939667,0.9366943836212158,296,3d9fab9aec05714c38a9631f5c9f0f33c7a5b9b3e42ba21c3eeef9db9f128190,0.47275689199886983,0.013115206675138324,450,32
shared_attention,aligned,23,31,3,0.0671629011631012,0.053426820784807205,0.003770913928747177,0.8291673064231873,296,3d9fab9aec05714c38a9631f5c9f0f33c7a5b9b3e42ba21c3eeef9db9f128190,0.47275689199886983,0.013107593331369571,450,32
shared_attention,aligned,23,47,0,0.24634870886802673,0.08176273107528687,0.09655319154262543,0.9528715014457703,296,43180757bf22a16adb22c60f6dc47111f6ec587aa8939d914943d06b0b807b4f,0.4709371530043427,0.01353203333565034,450,32
shared_attention,aligned,23,47,1,0.3018210530281067,0.25829899311065674,0.0020574203226715326,0.7934192419052124,296,43180757bf22a16adb22c60f6dc47111f6ec587aa8939d914943d06b0b807b4f,0.4709371530043427,0.013030213328117194,450,32
shared_attention,aligned,23,47,2,0.46283096075057983,0.30950790643692017,0.06529320776462555,0.9005545973777771,296,43180757bf22a16adb22c60f6dc47111f6ec587aa8939d914943d06b0b807b4f,0.4709371530043427,0.013046700017487941,450,32
shared_attention,aligned,23,47,3,0.03379043936729431,0.02655370905995369,0.002631594892591238,0.8123478889465332,296,43180757bf22a16adb22c60f6dc47111f6ec587aa8939d914943d06b0b807b4f,0.4709371530043427,0.013127956675210347,450,32
shared_attention,aligned,23,59,0,0.21550731360912323,0.05511140823364258,0.10047069191932678,0.9781820178031921,296,87d750f4895e3d8691adc4e2bfe32ea4aabdea26e68197f2e1f62d06eabf96d6,0.4750908249989152,0.013431579985384209,450,32
shared_attention,aligned,23,59,1,0.5221545696258545,0.4355410039424896,0.00464510265737772,0.8180471658706665,296,87d750f4895e3d8691adc4e2bfe32ea4aabdea26e68197f2e1f62d06eabf96d6,0.4750908249989152,0.013168116687059713,450,32
shared_attention,aligned,23,59,2,0.28963935375213623,0.17077107727527618,0.05851281061768532,0.9080731868743896,296,87d750f4895e3d8691adc4e2bfe32ea4aabdea26e68197f2e1f62d06eabf96d6,0.4750908249989152,0.013157533321646042,450,32
shared_attention,aligned,23,59,3,0.10475125908851624,0.08328118920326233,0.005830582696944475,0.8372572064399719,296,87d750f4895e3d8691adc4e2bfe32ea4aabdea26e68197f2e1f62d06eabf96d6,0.4750908249989152,0.013241830019978806,450,32
shared_attention,independent,23,31,0,1.255053997039795,0.6021835803985596,0.22952625155448914,1.2300457954406738,296,92dc5d091552bf0b542a66a088ecaabd59443893ed2d8f09a4257cfc6faa6546,0.4306142649948015,0.013578153326913403,450,32
shared_attention,independent,23,31,1,0.834582507610321,0.5658791065216064,0.09144017100334167,1.051950216293335,296,92dc5d091552bf0b542a66a088ecaabd59443893ed2d8f09a4257cfc6faa6546,0.4306142649948015,0.013294159992559193,450,32
shared_attention,independent,23,31,2,1.1406480073928833,0.5302082300186157,0.2890939712524414,1.403214693069458,296,92dc5d091552bf0b542a66a088ecaabd59443893ed2d8f09a4257cfc6faa6546,0.4306142649948015,0.013769743333493048,450,32
shared_attention,independent,23,31,3,0.8785327076911926,0.4794749319553375,0.1674749106168747,1.178128957748413,296,92dc5d091552bf0b542a66a088ecaabd59443893ed2d8f09a4257cfc6faa6546,0.4306142649948015,0.013552916667928608,450,32
shared_attention,independent,23,47,0,1.4743154048919678,0.657545804977417,0.3032861351966858,1.3523083925247192,296,465fbd9bc29a4afc12f00c4c7a9d5506e7f2746af24d94b3f1060c78e6bd5d90,0.434240716000204,0.013847659987125857,450,32
shared_attention,independent,23,47,1,1.379542589187622,0.8816367983818054,0.14756521582603455,1.1577727794647217,296,465fbd9bc29a4afc12f00c4c7a9d5506e7f2746af24d94b3f1060c78e6bd5d90,0.434240716000204,0.01338459667749703,450,32
shared_attention,independent,23,47,2,0.705787181854248,0.308591365814209,0.21431265771389008,1.2770004272460938,296,465fbd9bc29a4afc12f00c4c7a9d5506e7f2746af24d94b3f1060c78e6bd5d90,0.434240716000204,0.013506579998647794,450,32
shared_attention,independent,23,47,3,0.5181188583374023,0.2356070876121521,0.126693993806839,1.122171401977539,296,465fbd9bc29a4afc12f00c4c7a9d5506e7f2746af24d94b3f1060c78e6bd5d90,0.434240716000204,0.013435906682085866,450,32
shared_attention,independent,23,59,0,1.1490492820739746,0.5377197861671448,0.2251548171043396,1.2344262599945068,296,02e4fbde69962d843facdbdc9aa0d5c0471981fc42086d5239ededcf063d5506,0.4285173530006432,0.013833773336955346,450,32
shared_attention,independent,23,59,1,1.3637194633483887,0.8709113597869873,0.15406452119350433,1.1729446649551392,296,02e4fbde69962d843facdbdc9aa0d5c0471981fc42086d5239ededcf063d5506,0.4285173530006432,0.013249460001437304,450,32
shared_attention,independent,23,59,2,0.7739708423614502,0.3595964014530182,0.20609213411808014,1.268825888633728,296,02e4fbde69962d843facdbdc9aa0d5c0471981fc42086d5239ededcf063d5506,0.4285173530006432,0.013442583343324562,450,32
shared_attention,independent,23,59,3,0.7140146493911743,0.3235902786254883,0.17511224746704102,1.2098593711853027,296,02e4fbde69962d843facdbdc9aa0d5c0471981fc42086d5239ededcf063d5506,0.4285173530006432,0.013822089992269563,450,32
independent_attention,aligned,11,31,0,5.212305495660985e-06,7.072324024193222e-07,1.9223650724597974e-06,0.8097333908081055,688,1e02beb758421ba373dea8e75cfef0da663f12292562b119c1e4623bb440ef91,0.5221560220015817,0.0088721300077547,500,128
independent_attention,aligned,11,31,1,4.8379384679719806e-05,3.833179289358668e-05,1.3146482160664164e-06,0.7986586093902588,688,1e02beb758421ba373dea8e75cfef0da663f12292562b119c1e4623bb440ef91,0.5221560220015817,0.008745639982710903,500,128
independent_attention,aligned,11,31,2,1.0808379968807458e-08,3.869507381182302e-09,3.0455242772120528e-09,0.7986388206481934,688,1e02beb758421ba373dea8e75cfef0da663f12292562b119c1e4623bb440ef91,0.5221560220015817,0.008698536670029474,500,128
independent_attention,aligned,11,31,3,1.5607556633767672e-05,1.0751838999567553e-05,4.117991068142146e-07,0.8104887008666992,688,1e02beb758421ba373dea8e75cfef0da663f12292562b119c1e4623bb440ef91,0.5221560220015817,0.008646493321672702,500,128
independent_attention,aligned,11,47,0,3.483555474304012e-06,4.787367515746155e-07,1.3249748462840216e-06,0.8096203804016113,688,633e4878c56db7db9b36678b663fb3775dd0ea92fe754267ab4a2ddc8893ac6b,0.5210653989997809,0.008795416676245319,500,128
independent_attention,aligned,11,47,1,3.2928526252362644e-06,2.405937038929551e-06,1.6060670304796076e-07,0.7993361949920654,688,633e4878c56db7db9b36678b663fb3775dd0ea92fe754267ab4a2ddc8893ac6b,0.5210653989997809,0.008805999993152605,500,128
independent_attention,aligned,11,47,2,1.9287399481981993e-05,1.3576091077993624e-05,2.445419795549242e-06,0.7993261814117432,688,633e4878c56db7db9b36678b663fb3775dd0ea92fe754267ab4a2ddc8893ac6b,0.5210653989997809,0.008832706662360579,500,128
independent_attention,aligned,11,47,3,2.0230367226758972e-05,9.616086572350468e-06,5.140323082741816e-06,0.8121733665466309,688,633e4878c56db7db9b36678b663fb3775dd0ea92fe754267ab4a2ddc8893ac6b,0.5210653989997809,0.008861446670683412,500,128
independent_attention,aligned,11,59,0,1.4884863048791885e-06,1.110137077375839e-06,7.662055878654428e-08,0.8085489273071289,688,cd327c9f44e158efb30eef83712b17c1be97d66f2da39f4b3d469f3d9dcefb79,0.511245626003074,0.00875672335193182,500,128
independent_attention,aligned,11,59,1,3.95019833376864e-06,3.2709494917071424e-06,1.1545151323844038e-07,0.7996708154678345,688,cd327c9f44e158efb30eef83712b17c1be97d66f2da39f4b3d469f3d9dcefb79,0.511245626003074,0.008680073321253682,500,128
independent_attention,aligned,11,59,2,5.088808848086046e-06,9.341975442112016e-07,2.008332785408129e-06,0.7994937896728516,688,cd327c9f44e158efb30eef83712b17c1be97d66f2da39f4b3d469f3d9dcefb79,0.511245626003074,0.00881725000605608,500,128
independent_attention,aligned,11,59,3,7.086282494128682e-06,5.391574177338043e-06,1.9844448218009347e-07,0.8110495805740356,688,cd327c9f44e158efb30eef83712b17c1be97d66f2da39f4b3d469f3d9dcefb79,0.511245626003074,0.009064086674091717,500,128
independent_attention,independent,11,31,0,1.3114084140397608e-05,8.107826033665333e-06,2.0139498246862786e-06,0.7663216590881348,688,902b9bad3c793f8803978ce6bbed97c10b47078962ef69023a7b9cca98a604cf,0.4646626230023685,0.008913459993588427,500,128
independent_attention,independent,11,31,1,0.00012885457545053214,9.287134889746085e-05,4.45261093773297e-06,0.7301750183105469,688,902b9bad3c793f8803978ce6bbed97c10b47078962ef69023a7b9cca98a604cf,0.4646626230023685,0.00886542332106425,500,128
independent_attention,independent,11,31,2,1.0441738140798407e-07,7.236066412730224e-09,3.701278572521005e-08,0.8085452914237976,688,902b9bad3c793f8803978ce6bbed97c10b47078962ef69023a7b9cca98a604cf,0.4646626230023685,0.008922473328614918,500,128
independent_attention,independent,11,31,3,0.0002716383896768093,2.9795261070830747e-05,7.366084901150316e-05,0.719437837600708,688,902b9bad3c793f8803978ce6bbed97c10b47078962ef69023a7b9cca98a604cf,0.4646626230023685,0.00870848666333283,500,128
independent_attention,independent,11,47,0,1.7112804926000535e-05,1.0942916560452431e-05,8.971201168606058e-07,0.7648760080337524,688,d949c56357ae8cc716d484cee251d4c1ff3ca3a937a2a0c433751c40c95ef7c7,0.45583490499848267,0.008807903335158093,500,128
independent_attention,independent,11,47,1,3.09218667098321e-05,2.4676981411175802e-05,5.545074941437633e-07,0.7316627502441406,688,d949c56357ae8cc716d484cee251d4c1ff3ca3a937a2a0c433751c40c95ef7c7,0.45583490499848267,0.00876353665565451,500,128
independent_attention,independent,11,47,2,7.00935852364637e-05,5.43423266208265e-06,2.7570633392315358e-05,0.8122649192810059,688,d949c56357ae8cc716d484cee251d4c1ff3ca3a937a2a0c433751c40c95ef7c7,0.45583490499848267,0.008856343338266015,500,128
independent_attention,independent,11,47,3,1.1215501217520796e-05,1.4486189456874854e-06,2.9352652290981496e-06,0.7142949104309082,688,d949c56357ae8cc716d484cee251d4c1ff3ca3a937a2a0c433751c40c95ef7c7,0.45583490499848267,0.00881274332641624,500,128
independent_attention,independent,11,59,0,1.0070842790810275e-06,1.6676339953392016e-07,3.102774428498378e-07,0.7661303281784058,688,d930e027dd1dbf48e1d4106cf2f37d5a413026fe93e5dbdacad3290233d048d9,0.44236032600019826,0.00880152333896452,500,128
independent_attention,independent,11,59,1,3.555754301487468e-05,2.7644600777421147e-05,4.1062008904191316e-07,0.731553316116333,688,d930e027dd1dbf48e1d4106cf2f37d5a413026fe93e5dbdacad3290233d048d9,0.44236032600019826,0.008805196654672423,500,128
independent_attention,independent,11,59,2,0.00013090710854157805,1.042669373418903e-05,5.161129229236394e-05,0.8134910464286804,688,d930e027dd1dbf48e1d4106cf2f37d5a413026fe93e5dbdacad3290233d048d9,0.44236032600019826,0.008913093333831057,500,128
independent_attention,independent,11,59,3,0.000469181512016803,5.909824903937988e-05,0.00012770851026289165,0.7206481695175171,688,d930e027dd1dbf48e1d4106cf2f37d5a413026fe93e5dbdacad3290233d048d9,0.44236032600019826,0.008775686680261666,500,128
independent_attention,aligned,17,31,0,0.002094837138429284,0.0018433236982673407,5.431147656054236e-05,0.6435192823410034,688,a16ba573b5e8413959197f6c78c670bcfbc5d47058f7c205d4b69c38b55eccfa,0.5122641709967866,0.008667490013370601,500,128
independent_attention,aligned,17,31,1,0.000735010311473161,0.0002970694040413946,0.00018157364684157073,0.6791684627532959,688,a16ba573b5e8413959197f6c78c670bcfbc5d47058f7c205d4b69c38b55eccfa,0.5122641709967866,0.008672296656489683,500,128
independent_attention,aligned,17,31,2,0.00033589504892006516,6.258675421122462e-05,9.09137015696615e-05,0.6742379665374756,688,a16ba573b5e8413959197f6c78c670bcfbc5d47058f7c205d4b69c38b55eccfa,0.5122641709967866,0.00882068668336918,500,128
independent_attention,aligned,17,31,3,0.00037338538095355034,0.00030622168560512364,8.567734766984358e-06,0.6783267855644226,688,a16ba573b5e8413959197f6c78c670bcfbc5d47058f7c205d4b69c38b55eccfa,0.5122641709967866,0.008761700009927154,500,128
independent_attention,aligned,17,47,0,0.00028452230617403984,0.00019340886501595378,1.3765195035375655e-05,0.6415536403656006,688,665cf0ba137d84c8a191af1dac770acfb64afc1da2b88124b6dbb6517debfb83,0.5133021850051591,0.0087607200111961,500,128
independent_attention,aligned,17,47,1,0.0001677162799751386,0.00010028993710875511,2.8674161512753926e-05,0.6745883226394653,688,665cf0ba137d84c8a191af1dac770acfb64afc1da2b88124b6dbb6517debfb83,0.5133021850051591,0.008862736673715213,500,128
independent_attention,aligned,17,47,2,0.000492338789626956,9.395548113388941e-05,0.00013582227984443307,0.6755651831626892,688,665cf0ba137d84c8a191af1dac770acfb64afc1da2b88124b6dbb6517debfb83,0.5133021850051591,0.00870790664824502,500,128
independent_attention,aligned,17,47,3,0.0013982243835926056,0.0012462360318750143,1.3377879440668039e-05,0.6804772019386292,688,665cf0ba137d84c8a191af1dac770acfb64afc1da2b88124b6dbb6517debfb83,0.5133021850051591,0.008809223339388458,500,128
independent_attention,aligned,17,59,0,0.002206162316724658,0.0016937667969614267,6.514163396786898e-05,0.6384414434432983,688,33cf9d84b3565bc2f386098e0c166729ee58a68372cc77466c814d6be9267acb,0.5174865349981701,0.008806186669971794,500,128
independent_attention,aligned,17,59,1,0.00033897851244546473,0.0001504879182903096,6.632745498791337e-05,0.6776798963546753,688,33cf9d84b3565bc2f386098e0c166729ee58a68372cc77466c814d6be9267acb,0.5174865349981701,0.0088395399992199,500,128
independent_attention,aligned,17,59,2,0.00011500964319566265,2.470165054546669e-05,3.0085839171078987e-05,0.6710593700408936,688,33cf9d84b3565bc2f386098e0c166729ee58a68372cc77466c814d6be9267acb,0.5174865349981701,0.008725766674615443,500,128
independent_attention,aligned,17,59,3,0.00016932339349295944,0.00015386415179818869,1.0289268175256439e-05,0.682786226272583,688,33cf9d84b3565bc2f386098e0c166729ee58a68372cc77466c814d6be9267acb,0.5174865349981701,0.008774476688510427,500,128
independent_attention,independent,17,31,0,0.013490220531821251,0.0008909773314371705,0.0031754798255860806,0.7561936378479004,688,0b941a9ead7c6e2df48b48516c612cd42539107c22778866181cec9100ca8c28,0.4435494529971038,0.00883098999717428,500,128
independent_attention,independent,17,31,1,6.452858087868663e-07,3.0794728900218615e-07,1.6035045291573624e-07,0.7436974048614502,688,0b941a9ead7c6e2df48b48516c612cd42539107c22778866181cec9100ca8c28,0.4435494529971038,0.009551010007271543,500,128
independent_attention,independent,17,31,2,3.385291347512975e-05,2.4483279048581608e-05,5.323383334143728e-07,0.8749492168426514,688,0b941a9ead7c6e2df48b48516c612cd42539107c22778866181cec9100ca8c28,0.4435494529971038,0.00880024665093515,500,128
independent_attention,independent,17,31,3,3.2191604759646e-07,3.241145662968847e-08,1.35257252509291e-07,0.8420653939247131,688,0b941a9ead7c6e2df48b48516c612cd42539107c22778866181cec9100ca8c28,0.4435494529971038,0.008906606647845669,500,128
independent_attention,independent,17,47,0,0.008204172365367413,0.0005492903874255717,0.0019559755455702543,0.7466744780540466,688,a6adf1a191695ede1319bab2e3061595e9dada914327d0b451fdc13a0ff56902,0.4457301259972155,0.00877777999752046,500,128
independent_attention,independent,17,47,1,3.4475258416932775e-06,2.1129226297489367e-06,2.5927479896381556e-07,0.7430942058563232,688,a6adf1a191695ede1319bab2e3061595e9dada914327d0b451fdc13a0ff56902,0.4457301259972155,0.008658899993558103,500,128
independent_attention,independent,17,47,2,0.00023911811877042055,0.00016905668599065393,4.972790065949084e-06,0.8735805749893188,688,a6adf1a191695ede1319bab2e3061595e9dada914327d0b451fdc13a0ff56902,0.4457301259972155,0.008752473343823416,500,128
independent_attention,independent,17,47,3,6.514337513863211e-09,6.233848992565072e-10,2.303662149927277e-09,0.841871440410614,688,a6adf1a191695ede1319bab2e3061595e9dada914327d0b451fdc13a0ff56902,0.4457301259972155,0.008755746651634885,500,128
independent_attention,independent,17,59,0,0.020659929141402245,0.0014455228811129928,0.005005655810236931,0.7664522528648376,688,af4b9b514286dfc2b3f927790233335c1bda9a49ac8aa59614927f55993d9f74,0.4473181560024386,0.008793933326766515,500,128
independent_attention,independent,17,59,1,7.387198763808556e-08,5.982001738402687e-08,-6.364919702406269e-11,0.7435700297355652,688,af4b9b514286dfc2b3f927790233335c1bda9a49ac8aa59614927f55993d9f74,0.4473181560024386,0.008903100000073513,500,128
independent_attention,independent,17,59,2,1.5779549357830547e-05,1.1280171747785062e-05,3.742896979019861e-07,0.8750817179679871,688,af4b9b514286dfc2b3f927790233335c1bda9a49ac8aa59614927f55993d9f74,0.4473181560024386,0.008874489988860054,500,128
independent_attention,independent,17,59,3,1.6044393760239473e-06,1.4486315080830536e-07,6.288602207860094e-07,0.8423488736152649,688,af4b9b514286dfc2b3f927790233335c1bda9a49ac8aa59614927f55993d9f74,0.4473181560024386,0.008936216666673621,500,128
independent_attention,aligned,23,31,0,1.786436405382119e-05,1.2342467016424052e-05,8.10571748388611e-07,0.7375426888465881,688,5d20944b758b9d0ff42fd947e4cacf12b7f6eea48d288d71571a53d282f54347,0.5184371119976277,0.009025286659986401,500,128
independent_attention,aligned,23,31,1,0.0005017084185965359,7.054069283185527e-05,0.00016024515207391232,0.7641260623931885,688,5d20944b758b9d0ff42fd947e4cacf12b7f6eea48d288d71571a53d282f54347,0.5184371119976277,0.008783153316471726,500,128
independent_attention,aligned,23,31,2,1.6342042954420322e-06,1.2741414820993668e-06,1.1034622104943992e-07,0.7519651651382446,688,5d20944b758b9d0ff42fd947e4cacf12b7f6eea48d288d71571a53d282f54347,0.5184371119976277,0.008770000010069149,500,128
independent_attention,aligned,23,31,3,9.934765694197267e-05,8.082028216449544e-05,3.3165149488922907e-06,0.7717336416244507,688,5d20944b758b9d0ff42fd947e4cacf12b7f6eea48d288d71571a53d282f54347,0.5184371119976277,0.008854193317044215,500,128
independent_attention,aligned,23,47,0,7.545037078671157e-05,5.3798339649802074e-05,3.3917588098120177e-06,0.7373574376106262,688,47d1b7d51bf45c706d8b0489dfd4d97d169cbac2a82ded6948d0cf48bff47e5a,0.5161669770022854,0.008688746675034054,500,128
independent_attention,aligned,23,47,1,0.0001286365877604112,2.7825635697809048e-05,3.838868360617198e-05,0.7588008046150208,688,47d1b7d51bf45c706d8b0489dfd4d97d169cbac2a82ded6948d0cf48bff47e5a,0.5161669770022854,0.008733246650081128,500,128
independent_attention,aligned,23,47,2,1.9922754290746525e-05,1.4024687516211998e-05,9.498197073298797e-07,0.7510234117507935,688,47d1b7d51bf45c706d8b0489dfd4d97d169cbac2a82ded6948d0cf48bff47e5a,0.5161669770022854,0.00874633333296515,500,128
independent_attention,aligned,23,47,3,0.00034724106080830097,0.00029691835516132414,3.3876044653879944e-06,0.77168208360672,688,47d1b7d51bf45c706d8b0489dfd4d97d169cbac2a82ded6948d0cf48bff47e5a,0.5161669770022854,0.008774506665455798,500,128
independent_attention,aligned,23,59,0,2.598244827822782e-05,1.4838190509181004e-05,4.185308625892503e-06,0.7387908697128296,688,5db527c592d4e4df239c91f97c18c66765289995de7a83d1a491086b99fb7295,0.5178256910003256,0.008922900015022606,500,128
independent_attention,aligned,23,59,1,5.345345925888978e-05,2.5090228518820368e-05,1.1496590559545439e-05,0.7565299272537231,688,5db527c592d4e4df239c91f97c18c66765289995de7a83d1a491086b99fb7295,0.5178256910003256,0.00883750666010504,500,128
independent_attention,aligned,23,59,2,2.4056644178926945e-05,1.3384556041273754e-05,4.696143605542602e-06,0.7530159950256348,688,5db527c592d4e4df239c91f97c18c66765289995de7a83d1a491086b99fb7295,0.5178256910003256,0.008794306680404892,500,128
independent_attention,aligned,23,59,3,0.00028330867644399405,0.00023123611754272133,1.5368781532743014e-05,0.7730909585952759,688,5db527c592d4e4df239c91f97c18c66765289995de7a83d1a491086b99fb7295,0.5178256910003256,0.008830226652207784,500,128
independent_attention,independent,23,31,0,0.00012415937089826912,0.00010198335075983778,7.64352262194734e-06,0.6895394325256348,688,71e522477a2191ee055a8854ef885976d6eab927d98e50abe2f78d49b54363a1,0.4489063169967267,0.00960760000452865,500,128
independent_attention,independent,23,31,1,6.729954475304112e-05,5.076805246062577e-05,1.1650124633888481e-06,0.7450602650642395,688,71e522477a2191ee055a8854ef885976d6eab927d98e50abe2f78d49b54363a1,0.4489063169967267,0.009026890014259456,500,128
independent_attention,independent,23,31,2,0.00047471278230659664,0.00010478025069460273,0.00012958122533746064,0.7461575865745544,688,71e522477a2191ee055a8854ef885976d6eab927d98e50abe2f78d49b54363a1,0.4489063169967267,0.008771973346786885,500,128
independent_attention,independent,23,31,3,0.00012744913692586124,1.6786347259767354e-05,4.043850640300661e-05,0.7418441772460938,688,71e522477a2191ee055a8854ef885976d6eab927d98e50abe2f78d49b54363a1,0.4489063169967267,0.008830326672371788,500,128
independent_attention,independent,23,47,0,3.837717667920515e-05,3.089557503699325e-05,8.626792578070308e-07,0.6887098550796509,688,09fcd937961afa2bfae5c5187034b548ea78059249c79bb323938e9dac122d21,0.44986782500200206,0.009070120019411357,500,128
independent_attention,independent,23,47,1,0.00034823568421415985,0.0002570604265201837,7.686066965106875e-06,0.7436851263046265,688,09fcd937961afa2bfae5c5187034b548ea78059249c79bb323938e9dac122d21,0.44986782500200206,0.008841376669200448,500,128
independent_attention,independent,23,47,2,0.00022809184156358242,3.3339616493321955e-05,6.481675518443808e-05,0.7437652349472046,688,09fcd937961afa2bfae5c5187034b548ea78059249c79bb323938e9dac122d21,0.44986782500200206,0.008742896655652052,500,128
independent_attention,independent,23,47,3,9.188684657601698e-07,1.3966678125143517e-07,2.668414822437626e-07,0.7379459142684937,688,09fcd937961afa2bfae5c5187034b548ea78059249c79bb323938e9dac122d21,0.44986782500200206,0.008737786677860035,500,128
independent_attention,independent,23,59,0,0.00026142914430238307,0.00019951901049353182,1.2499012882472016e-05,0.6878228187561035,688,115db9001e06606a524e6218d3ad576d4efb999914e6911f6144b9f55158a9a4,0.45021893300145166,0.008757250009997128,500,128
independent_attention,independent,23,59,1,0.001192728173919022,0.0009480874869041145,1.1756134881579783e-05,0.7433964014053345,688,115db9001e06606a524e6218d3ad576d4efb999914e6911f6144b9f55158a9a4,0.45021893300145166,0.008773706673916118,500,128
independent_attention,independent,23,59,2,0.00036437978269532323,5.1055987569270656e-05,0.00010417524026706815,0.7455931901931763,688,115db9001e06606a524e6218d3ad576d4efb999914e6911f6144b9f55158a9a4,0.45021893300145166,0.008784123347140849,500,128
independent_attention,independent,23,59,3,8.415730690103373e-07,1.027600120551142e-07,2.422625584586058e-07,0.7379127144813538,688,115db9001e06606a524e6218d3ad576d4efb999914e6911f6144b9f55158a9a4,0.45021893300145166,0.00873050999265009,500,128
