id,family,proposal,shared_object,mirror_coordinate,logical_multiplicity,cheapest_control,first_metric,priority,status,prior_art_level,prior_art_refs,mirror_delta,worker_note
MA-257,Parameter superposition / model composition,compositional Mirror context group,one shared parameter tensor,factorized/group-composed context,logical tasks generated compositionally from smaller context factors,compositional Parameter Superposition,quality / bytes / compositional transfer,P0,UNTESTED,DIRECT,PA16,Exploit composition of context operators so task addresses factor instead of using one independent code per task.,Combination count is not capacity; test held-out factor combinations.
MA-258,MoE / experts,parameter-superposed expert bank with Mirror unbinding,one superposed expert tensor,expert context/unbinding code,multiple logical experts stored in superposition,Parameter Superposition + standard MoE,quality / expert bytes / interference,P0,UNTESTED,DIRECT,PA16;PA01,Store expert deltas in one superposed tensor and retrieve by expert address rather than keeping independent expert matrices.,Compare ordinary tied/shared experts and PSP-style contexts separately.
MA-266,LoRA / adapters,composed VeRA Mirror views,shared frozen low-rank matrices,multiple scaling/View codes composed per input,compositional logical adapters,VeRA + adapter composition,quality / bytes / held-out composition,P0,UNTESTED,DIRECT,PA18;PA26,Select/compose several tiny VeRA-like coordinates instead of one task vector.,Test whether composition beats simple sum of scaling vectors.
MA-301,Masks / subnetworks,continuous Mirror supermask over fixed backbone,fixed backbone weights,continuous View/mask coordinate,task-specific logical subnetworks,SupSup/Piggyback binary masks,task quality / mask bytes / interference,P0,UNTESTED,DIRECT,PA31;PA32,Replace per-task binary masks with low-description continuous/invertible Mirror codes and test quality-per-bit.,Binary mask storage is the mandatory control.
MA-303,Masks / subnetworks,factorized layer-mask Mirror codes,fixed backbone,layer-factor x task-factor mask address,compositional task subnetworks,Piggyback per-task masks,quality / bytes / held-out factor combinations,P0,UNTESTED,DIRECT,PA31;PA32,Factor task masks into reusable layer and task coordinates rather than full per-task masks.,Held-out combinations required; combination count is not capacity.
MA-304,Masks / subnetworks,supermask + Mirror transform inside active edges,fixed weighted backbone + sparse mask,mask selects edges; Mirror changes active subnetwork geometry,multiple logical functions per sparse subnetwork,SupSup + Mirror-free sparse network,quality / bytes / active compute,P0,UNTESTED,ADJACENT,PA31,Test whether a small View adds useful function diversity without adding more active edges.,Separate mask benefit from View benefit.
MA-307,Masks / subnetworks,Mirror code before PackNet physical allocation,partially allocated continual backbone,task View code over currently shared free/used weights,delay creation of new task-specific weight partitions,PackNet,retention / bytes per task / allocation events,P0,UNTESTED,DIRECT,PA32,Try a new View first; allocate physical weights only when the View cannot fit the new task.,Quantify how many tasks physical growth is delayed.
MA-309,Masks / subnetworks,MIMO subnetworks + Mirror member views,single MIMO network,member-specific View code,diverse logical ensemble subnetworks,MIMO,NLL / calibration / diversity / bytes,P0,UNTESTED,DIRECT,PA42,Test whether explicit Views improve or reduce MIMO's emergent subnetwork diversity.,"Independent prediction diversity is primary, not only ensemble accuracy."
MA-311,Intrinsic subspace / coordinates,Mirror task code in random intrinsic subspace,frozen pretrained model + random projection basis,small task coordinate transformed by Mirror,task-specific weight updates,Intrinsic SAID/random-subspace tuning,quality / coordinate bytes / train compute,P0,UNTESTED,DIRECT,PA33,Treat Mirror as structure on the already-small intrinsic task vector rather than on full weights.,Random intrinsic subspace is mandatory.
MA-312,Intrinsic subspace / coordinates,shared intrinsic basis + many Mirror task coordinates,one low-dimensional update basis,task Mirror coordinate,many logical task adaptations,independent intrinsic vectors,quality / bytes per task / interference,P0,UNTESTED,DIRECT,PA33,Share the projection/basis across tasks and store only structured task coordinates.,Compare simple independent low-d coordinates.
MA-314,Intrinsic subspace / coordinates,adaptive intrinsic dimension Mirror allocation,shared growing subspace basis,Mirror code plus variable active dimension,tasks with individually allocated coordinate dimension,intrinsic-dimension sweep,quality / bytes / active dimension,P0,UNTESTED,DIRECT,PA33,Allocate more coordinate dimensions only when a task cannot fit a smaller Mirror code.,Report quality versus actual dimension frontier.
MA-315,Intrinsic subspace / coordinates,shared intrinsic basis + sparse private coordinate residual,shared low-d basis,common Mirror coordinate plus private residual dimensions,shared/common and rare private task functions,intrinsic subspace + independent residual,quality / bytes / private fraction,P0,UNTESTED,ADJACENT,PA33;PA30,Apply the shared/private decomposition inside task-coordinate space.,Compare to simply increasing global intrinsic dimension.
MA-318,Intrinsic subspace / coordinates,continual coordinate-first skill acquisition,shared intrinsic basis,new task gets coordinate before new basis vectors,continual logical skills,continual subspace expansion,retention / new-skill bytes / basis-growth events,P0,UNTESTED,ADJACENT,PA33;PA30,Delay physical basis growth until compact coordinates fail.,Track when/why basis expansion becomes necessary.
MA-319,Tensor factorization,Tucker matrix-bank Mirror layer coefficients,shared Tucker matrix bank,layer Mirror coefficient vector,logical layer matrices,Tucker compression matrix bank,NLL / bytes / layer diversity,P0,UNTESTED,DIRECT,PA35,Replace independent layer coefficients with structured/factorized Mirror coordinates over a shared matrix bank.,Tucker bank with free coefficients is mandatory.
MA-320,Tensor factorization,Tucker expert bank + Mirror expert coefficients,shared factor matrices and matrix bank,expert coefficient View,many logical expert matrices,Tucker factorization + MoE,quality / bytes / active compute,P0,UNTESTED,ADJACENT,PA35,Use one tensor basis to synthesize routed logical experts.,Compare low-rank/shared-basis MoE and independent Tucker coefficients.
MA-322,Tensor factorization,TT-core Mirror adapter bank,shared Tensor-Train cores,task Mirror modulation of selected TT cores,many logical adapters,LoRETTA,quality / adapter bytes / runtime,P0,UNTESTED,DIRECT,PA36,Store common TT cores and modulate only a small subset with task View codes.,LoRETTA with independent task factors is mandatory.
MA-325,Tensor factorization,tensorized embedding domain Mirror views,shared TT embedding cores,domain/language View on TT core,logical embedding tables,TT embedding,NLL / embedding bytes / transfer,P0,UNTESTED,DIRECT,PA34,Add domain/language functions without duplicating huge embedding tables.,Count tied LM-head implications separately.
MA-327,Tensor factorization,factorized layer x expert Tucker address,shared Tucker bank,layer factor x expert factor,Cartesian logical layer-expert matrices,Tucker bank with flat coefficients,quality / bytes / held-out combinations,P0,UNTESTED,ADJACENT,PA35,Test factorized coefficient products instead of a coefficient vector per layer-expert pair.,Held-out combinations required.
MA-331,Weight symmetry / group actions,Re-Basin-aligned Mirror task deltas,shared base model,permutation-aligned task View/delta code,mergeable logical task models,Git Re-Basin + task vectors,quality / merge interference / bytes,P0,UNTESTED,DIRECT,PA37;PA26,Align symmetry-equivalent coordinates before learning/compressing Mirror task deltas.,Compare unaligned and Re-Basin-aligned task vectors.
MA-332,Weight symmetry / group actions,Mirror permutation-orbit audit,one trained network,hidden-unit permutation View,same function under distinct parameter coordinates,exact permutation symmetry,functional difference / byte overhead / numerical exactness,P0,UNTESTED,DIRECT,PA37;PA47,Establish which candidate Mirrors are only symmetry moves and therefore add zero functional multiplicity.,"This is an audit/control, not a compression win."
MA-333,Weight symmetry / group actions,Mirror sign/scale orbit audit,one trained network,monomial sign/scale View,function-preserving parameter variants,monomial symmetry,functional difference / stability,P0,UNTESTED,DIRECT,PA47,Classify sign/scale Mirrors as exact symmetry versus genuine functional changes under each activation/norm.,Do not count symmetry-equivalent views as logical experts.
MA-335,Weight symmetry / group actions,group-action Mirror expert family,shared expert function/basis,group element address,equivariant logical expert views,group-equivariant network / tied expert,quality / bytes / equivariance error,P0,UNTESTED,ADJACENT,PA46,Parameterize expert Views as elements of a known group and test whether controlled specialization emerges beyond exact equivariance.,Separate exact symmetry from learned non-equivariant residual.
MA-337,Weight symmetry / group actions,group-factorized position x role Mirror,shared equivariant operator,position-group x semantic-role group coordinates,logical position-role functions,group-equivariant attention + RoPE,quality / bytes / generalization to unseen group compositions,P0,UNTESTED,ADJACENT,PA46;PA07,Compose independently meaningful group coordinates instead of a flat address table.,Evaluate unseen compositions.
MA-338,Weight symmetry / group actions,symmetry-normalized Mirror code learning,canonicalized weight coordinates,Mirror code learned after quotienting permutation/sign/scale symmetry,task codes without redundant gauge freedom,raw Mirror code / Re-Basin,quality / code dimension / optimization stability,P0,UNTESTED,ADJACENT,PA37;PA47,Remove gauge/symmetry directions before learning functional coordinates.,Test whether code dimension/interference drops.
MA-341,Federated personalization,client Mirror code vs pFedHN full-model generation,shared global model,small client Mirror embedding,personalized logical client models,pFedHN,client quality / server bytes / communication,P0,UNTESTED,DIRECT,PA40,Replace generic hypernetwork-generated full models with structured small View codes over a shared base.,Evaluate unseen-client generalization.
MA-342,Federated personalization,HyperLoRA generator outputs Mirror code not full LoRA,shared LoRA/Mirror basis,client distribution -> Mirror code,personalized client adapters,HyperLoRA,accuracy / local steps / communication bytes,P0,UNTESTED,DIRECT,PA38,Amortize only the compact functional coordinate while sharing the adaptation basis globally.,Compare full generated LoRA initialization.
MA-344,Federated personalization,PreLort nested-rank Mirror segments,shared prefix-nested low-rank factors,client Mirror code per active rank segment,heterogeneous-capacity client models,PreLort,quality / bytes / communication by rank,P0,UNTESTED,DIRECT,PA39,Add View diversity within shared nested rank segments rather than independent client adapters.,Preserve rank-heterogeneous aggregation semantics.
MA-346,Federated personalization,federated shared/private Mirror residuals,global shared basis,client View plus sparse private residual,common + client-private functions,personalized LoRA / FedRep-style split,quality / private bytes / communication,P0,UNTESTED,ADJACENT,PA38;PA40,Apply the shared/private decomposition across clients and measure what truly needs local storage.,Sweep heterogeneity.
MA-349,Distillation / ensemble / uncertainty,Rank-1 Bayesian Mirror posterior,shared deterministic weights,stochastic rank-one Mirror factors,posterior family of logical models,Rank-1 BNN,NLL / calibration / posterior bytes,P0,UNTESTED,DIRECT,PA41,Test structured Mirror factor distributions beyond rank-one multiplicative posterior factors.,Probabilistic calibration is primary.
MA-351,Distillation / ensemble / uncertainty,MIMO + Mirror view diversity,single MIMO trunk,member Mirror coordinate,diverse single-forward logical models,MIMO,NLL / ECE / member correlation / bytes,P0,UNTESTED,DIRECT,PA42,Ask whether explicit small Views increase member diversity without sacrificing MIMO single-forward efficiency.,Member correlation/diversity must be reported.
MA-353,Distillation / ensemble / uncertainty,Bayesian distribution over Mirror coordinates,shared deterministic base,posterior on Mirror address m,uncertainty over logical functions,Rank-1 BNN / Bayes-LoRA-style posterior,NLL / ECE / OOD / posterior bytes,P0,UNTESTED,ADJACENT,PA41,Put uncertainty in the low-description functional coordinate rather than across full weights.,Compare deterministic ensemble of same codes.
MA-355,Memory / retrieval,product-key Mirror expert/address routing,shared expert or memory bank,factorized product-key address,large logical expert/address space,Product Key Memory,quality / routing FLOPs / address bytes,P0,UNTESTED,DIRECT,PA43,Use product-key factorization to scale Mirror address lookup without a dense router.,Logical address count is not expert capacity.
MA-356,Memory / retrieval,product-key factorized Mirror code composition,shared functional basis,two or more sub-codebooks whose Cartesian product forms View code,many compositional logical functions,Product Key Memory / factorized embeddings,quality / bytes / held-out combinations,P0,UNTESTED,ADJACENT,PA43,Make the Mirror coordinate itself product-quantized/factorized.,Test held-out sub-code combinations.
MA-357,Memory / retrieval,Hopfield reservoir for Mirror address bank,shared backbone,associative-memory stored Mirror codes,retrievable logical task/expert views,modern Hopfield / explicit code table,retrieval accuracy / address storage / interference,P0,UNTESTED,DIRECT,PA44;PA31,Store/retrieve many View codes as attractors instead of an explicit table.,Measure code corruption and task-quality impact.
MA-359,Compression / quantization,ACDC/AFDF Mirror transform family,shared dense or compressed weight,learned diagonal + fixed cosine/Fourier View factors,many logical linear maps,ACDC,quality / transform bytes / O(N log N) runtime,P0,UNTESTED,DIRECT,PA45,Use ACDC factors as an extremely cheap global-mixing Mirror coordinate.,Compare BOFT/Monarch/diagonal controls.
MA-360,Depth / weight tying,reversible Mirror block for storage + activation-memory compression,shared/tied Transformer block,reversible View/adaptor coordinate,logical depth functions with reconstructible activations,MEFT/reversible Transformer,NLL / weight bytes / peak activation memory / runtime,P0,UNTESTED,DIRECT,PA48,Combine functional View sharing with reversible execution so both parameter and training activation memory are measured.,Report recomputation overhead separately.
MA-361,Conditional compute / supernets,Mixture-of-Depths + Mirror block-role view,shared Transformer blocks,token/block Mirror coordinate,token-specific logical depth functions,Mixture-of-Depths,NLL / active FLOPs / latency / bytes,P0,UNTESTED,DIRECT,PA49,"Add a low-description functional View to the blocks that tokens are routed through, testing whether less physical depth can serve more roles.",Compare MoD with identical routing budget.
MA-364,Conditional compute / supernets,early-exit Mirror readout views,shared trunk,depth-specific readout Mirror code,logical prediction heads at many depths,DeeBERT/depth-adaptive Transformer,quality / average exit / head bytes,P0,UNTESTED,DIRECT,PA50,Replace multiple physical exit heads with one shared head plus depth-specific View coordinates.,Compare separate exit heads.
MA-366,Conditional compute / supernets,depth x expert factorized Mirror routing,shared blocks and expert basis,depth coordinate x expert coordinate,token-specific expert-depth computation paths,MoD + MoE,quality / FLOPs / bytes / path entropy,P0,UNTESTED,ADJACENT,PA49;PA02,Factor the compute path into depth and expert addresses rather than a flat path table.,Compare independent routing decisions.
MA-367,Conditional compute / supernets,universally slimmable network + width Mirror corrections,shared slimmable weights,width-specific Mirror code,logical models across continuous widths,US-Net,quality / width / bytes / throughput,P0,UNTESTED,DIRECT,PA51,Use tiny View corrections to recover width-specific behavior without private weights/norms per width.,US-Net with same width sampling is mandatory.
MA-368,Conditional compute / supernets,factorized width x depth Mirror code,shared elastic network,width factor x depth factor,many logical subnet configurations,US-Net / OFA,quality / bytes / unseen configurations,P0,UNTESTED,ADJACENT,PA51;PA52,Represent architecture choices with factorized low-description codes instead of per-subnet parameters.,Evaluate unseen width-depth combinations.
MA-369,Conditional compute / supernets,Once-for-All subnetwork Mirror correction,OFA supernet weights,subnetwork architecture Mirror code,specialized logical hardware models,Once-for-All,accuracy / latency / code bytes,P0,UNTESTED,DIRECT,PA52,Add a cheap per-architecture correction/view after weight sharing to reduce supernet interference.,Compare OFA subnetwork with no correction and independent specialization.
MA-371,Conditional compute / supernets,MatFormer granularity Mirror views,nested FFN weights,granularity-specific View code,logical models at nested widths,MatFormer,NLL / parameters / throughput,P0,UNTESTED,DIRECT,PA53,Add a tiny View per granularity to recover quality while keeping nested shared FFN parameters.,Compare vanilla MatFormer granularities.
MA-372,Conditional compute / supernets,MatFormer Mix'n'Match factorized Mirror codes,nested FFN supermodel,per-layer granularity code factorization,many mixed logical submodels,MatFormer Mix'n'Match,NLL / bytes / untrained-combination quality,P0,UNTESTED,DIRECT,PA53,Use structured layer/granularity codes to improve configurations never explicitly optimized.,Evaluate a locked set of unseen granular mixes.
MA-374,Conditional compute / supernets,ALBERT shared layers + Mirror depth coordinate,one cross-layer shared Transformer block,depth Mirror code,logical layer functions,ALBERT hard sharing,NLL / bytes / depth diversity,P0,UNTESTED,DIRECT,PA61,Recover layer differentiation lost by hard ALBERT sharing with a small depth code.,Compare attention-only and FFN-only sharing.
MA-375,Conditional compute / supernets,one-shot supernet + Mirror subgraph correction,shared supernetwork edges/operators,architecture/subgraph Mirror code,logical child models,ENAS/one-shot NAS,quality rank correlation / bytes / supernet bias,P0,UNTESTED,DIRECT,PA62,Use a small correction View per architecture class to reduce weight-sharing evaluation bias.,Compare child rankings against independently trained children.
MA-379,Prompts / adapter composition,Mirror-compressed AdapterFusion bank,shared adapter basis,source-task Mirror code,many logical source adapters fused at runtime,AdapterFusion,target quality / adapter bytes / fusion cost,P0,UNTESTED,DIRECT,PA54,Replace many independent frozen adapters with logical Views over fewer physical adapter bases.,AdapterFusion with full adapter bank is mandatory.
MA-381,Prompts / adapter composition,LoRAHub over Mirror-compressed LoRA basis,shared low-rank basis,source-task Mirror code + composition coefficients,many logical LoRA modules,LoRAHub,few-shot quality / module bytes / search cost,P0,UNTESTED,DIRECT,PA55,Compress candidate LoRA modules before signed composition.,Compare original LoRAHub with identical candidate tasks.
MA-383,Prompts / adapter composition,L2P prompt pool + Mirror prompt generator,shared prompt basis,retrieved prompt Mirror code,many logical prompts,L2P explicit prompt pool,continual quality / prompt bytes / retrieval,P0,UNTESTED,DIRECT,PA56,Generate/reconstruct prompts from compact codes rather than storing every prompt vector.,Keep the same prompt retrieval protocol.
MA-385,Prompts / adapter composition,DualPrompt general prompt + Mirror expert prompt views,general prompt plus shared expert-prompt basis,task-specific Mirror code,many logical expert prompts,DualPrompt,continual accuracy / bytes per task / forgetting,P0,UNTESTED,DIRECT,PA57,Replace per-task expert prompts with small Views around shared prompt structure.,DualPrompt is the direct shared/private control.
MA-389,Embedding compression,Hash Embedding Mirror importance codes,shared hash component pool,token/domain Mirror importance vector,logical token embeddings,Hash Embeddings,NLL / embedding bytes / collision sensitivity,P0,UNTESTED,DIRECT,PA58,Replace or structure token-specific importance vectors with Mirror codes while keeping shared hashed components.,Hash Embeddings are mandatory.
MA-391,Embedding compression,quotient-remainder Mirror compositional embeddings,small complementary embedding tables,partition/View composition code,unique logical token embeddings,quotient-remainder embedding,NLL / bytes / uniqueness / runtime,P0,UNTESTED,DIRECT,PA59,Replace fixed composition operator or add small learned View coordinates over partition components.,Compare multiplication/concatenation/addition controls.
MA-392,Embedding compression,factorized token x domain Mirror embedding address,shared compositional embedding tables,token factors x domain View factor,logical domain-specific vocabulary embeddings,compositional embeddings,NLL / bytes / held-out token-domain combinations,P0,UNTESTED,ADJACENT,PA59,Add domain adaptation without duplicating full vocabulary tables.,Audit unseen token-domain combinations.
MA-393,Embedding compression,adaptive-capacity embedding + Mirror view,frequency-banded embeddings,band/token Mirror code,logical embeddings with frequency-dependent physical capacity,adaptive input representations,NLL / embedding bytes / throughput,P0,UNTESTED,DIRECT,PA60,Add functional diversity to low-capacity rare-token embeddings without giving them full physical dimension.,Compare adaptive embeddings at same total bytes.
MA-395,Embedding compression,ALBERT factorized embedding + Mirror domain views,shared low-d embedding matrix and projection,domain/language View coordinate,logical domain-specific embeddings,ALBERT factorized embedding,NLL / bytes / transfer,P0,UNTESTED,DIRECT,PA61,Apply Mirror in the low-dimensional embedding bottleneck rather than duplicating vocabulary tables.,Compare domain adapters outside embeddings.
MA-397,Embedding compression,product-address Mirror vocabulary,small factor tables,multiple discrete sub-addresses + continuous Mirror code,large logical vocabulary,Hash/QR compositional embeddings,NLL / bytes / collision / code length,P0,UNTESTED,ADJACENT,PA58;PA59;PA43,Combine product-key style discrete addressing with a tiny continuous View for collision resolution.,Compare pure product/hash embedding.
MA-399,Conditional compute / supernets,MatFormer speculative drafter via Mirror granularity code,one nested Transformer,granularity Mirror code for drafter/verifier roles,logical draft and full models from same physical supermodel,MatFormer speculative decoding,accepted tokens / exactness / latency,P0,UNTESTED,DIRECT,PA53;PA15,Use tiny role Views to improve distribution alignment between nested drafter and verifier without duplicating models.,End-to-end latency and exactness required.
MA-401,Conditional modulation,FiLM-vs-Mirror feature conditioning,shared Transformer/MLP block,conditioning-generated Mirror feature transform,context-specific logical block functions,FiLM,quality / code bytes / modulation FLOPs,P0,UNTESTED,DIRECT,PA63,Test richer structured feature transforms against per-channel affine modulation.,FiLM is the mandatory lowest-cost control.
MA-403,Conditional modulation,token-wise Mirror modulation generator,shared Transformer block,token/context-generated View code,token-specific logical functions,FiLM/token-wise gating,NLL / code-gen cost / active compute,P0,UNTESTED,ADJACENT,PA63;PA64,Let m vary by token rather than task/expert ID.,Router/generator cost is paid.
MA-405,Conditional modulation,StyleGAN2-like weight modulation for Transformer FFN,shared FFN weights,context/style scaling of input channels with demodulation,context-specific effective FFNs,StyleGAN2 modulation/demodulation,NLL / bytes / runtime / weight diversity,P0,UNTESTED,DIRECT,PA65,Port per-sample weight modulation/demodulation to FFN projections and compare to Mirror geometry.,Do not claim weight modulation itself as new.
MA-407,Conditional modulation,demodulated Mirror-MoE expert views,one shared FFN expert,expert address modulates weights then normalizes scale,many logical experts,StyleGAN2 modulation + shared expert,quality / expert bytes / activation scale stability,P0,UNTESTED,ADJACENT,PA65,Use demodulation to prevent expert-code scale pathologies in shared-weight logical experts.,Compare rank-one/IA3 logical experts.
MA-408,Conditional modulation,CondConv-style synthesized FFN weights,physical FFN basis weights,input-dependent coefficient vector,one synthesized logical FFN per token/context,CondConv / Dynamic Convolution,NLL / basis bytes / synthesis FLOPs,P0,UNTESTED,DIRECT,PA66;PA67,Mix physical basis weights once to produce an effective FFN instead of running several experts.,Compare output-mixture MoE at matched active compute.
MA-411,Conditional modulation,canonical transform + sparse Mirror refinement,fixed FFT/DCT/Hadamard transform,sparse learned refining View,logical structured transforms,doubly sparse explicitly conditioned transform,quality / bytes / condition number / runtime,P0,UNTESTED,DIRECT,PA78,Use stable canonical transforms plus small sparse refinements as Mirror family.,Conditioning/stability constraints are part of the baseline.
MA-413,Conditional modulation,factorized concept Mirror coordinates,shared model,attribute-specific factorized modulator,logical concept-conditioned functions,concept modulation / FiLM,held-out attribute-combination quality / bytes,P0,UNTESTED,ADJACENT,PA79;PA63,Treat semantic attributes as independent Mirror factors and test extrapolation to unseen combinations.,Predeclare attribute factorization and held-out Cartesian combinations.
MA-416,Latent-code functional representations,DeepSDF-style Mirror function code,one shared decoder,per-instance Mirror latent code,many logical continuous functions,DeepSDF latent code,reconstruction / code bytes / interpolation,P0,UNTESTED,DIRECT,PA68,Compare structured Mirror codes to unconstrained per-instance latent vectors in a shared decoder.,Code dimension and decoder bytes both count.
MA-417,Latent-code functional representations,Mirror codebook for multiple neural functions,shared coordinate MLP,compact code selected per signal/task,many logical functions,auto-decoder latent codes,quality / code bytes / number functions,P0,UNTESTED,DIRECT,PA68,Use this as a clean controlled test of physical decoder vs logical-function multiplicity.,Avoid conflating decoder capacity with code capacity.
MA-418,Latent-code functional representations,compositional latent Mirror factors,shared decoder,factorized object/style/domain code,logical functions from factor combinations,latent-code decoder,held-out combination reconstruction / bytes,P0,UNTESTED,ADJACENT,PA68;PA79,Test unseen combinations of independently trained latent factors.,Combination count is not capacity.
MA-419,Latent-code functional representations,modulated periodic Mirror activations,shared SIREN-like synthesis network,latent-generated amplitude/phase/frequency View,many logical signals,modulated periodic activations,reconstruction / code bytes / frequency coverage,P0,UNTESTED,DIRECT,PA69,Use activation phase/frequency as a Mirror family and compare to generic latent concatenation.,Separate modulation-network bytes.
MA-424,Continuous depth / equilibrium,Neural-ODE Mirror vector-field modes,one shared vector field,mode/time Mirror code,multiple logical continuous-depth dynamics,Neural ODE,quality / solver NFEs / parameter bytes,P0,UNTESTED,DIRECT,PA70,Condition a shared vector field by small mode coordinates instead of storing several dynamics models.,Report solver cost and stiffness.
MA-425,Continuous depth / equilibrium,time-conditioned Mirror depth roles,one shared block/vector field,continuous depth/time View coordinate,logical layer roles along continuous depth,Neural ODE / Universal Transformer,NLL / bytes / depth extrapolation,P0,UNTESTED,ADJACENT,PA70;PA72,Replace discrete layer codes with continuous depth coordinates and test extrapolation beyond trained depths.,Compare simple time embedding.
MA-427,Continuous depth / equilibrium,DEQ Mirror-conditioned fixed-point map,one equilibrium layer,task/context Mirror code,multiple logical fixed-point functions,Deep Equilibrium Model,NLL / iterations / bytes / stability,P0,UNTESTED,DIRECT,PA71,Condition one fixed-point operator to produce multiple logical functions.,Track convergence/solver failures per code.
MA-429,Continuous depth / equilibrium,Universal Transformer + Mirror timestep views,one shared recurrent Transformer block,timestep Mirror code,logical depth-specific transformations,Universal Transformer,NLL / bytes / depth generalization,P0,UNTESTED,DIRECT,PA72,Compare Mirror depth codes against ordinary timestep embeddings.,Same recurrence count/compute.
MA-431,Continuous depth / equilibrium,recurrent block with compositional Mirror step operators,one physical block,several reusable step View atoms composed by depth,logical operator sequence,Universal Transformer + shared-rule composition,composition quality / bytes / steps,P0,UNTESTED,ADJACENT,PA72,Test whether repeated shared block can realize ordered different functions via compositional codes.,Compare independent per-step codes and static block.
MA-434,State-space Mirror,Mamba selective-state Mirror roles,shared selective SSM block,role/expert Mirror code modulates selective dynamics,logical state-space experts,Mamba,NLL / state bytes / throughput,P0,UNTESTED,DIRECT,PA73,Add low-description role coordinates to input-dependent selective dynamics.,Compare ordinary Mamba and extra SSM parameter copies.
MA-436,State-space Mirror,Mirror logical SSM experts,one SSM transition/basis,expert View code,multiple routed logical state transitions,Mamba/S4 + MoE,quality / bytes / recurrent throughput,P0,UNTESTED,ADJACENT,PA73;PA74,Create multiple state-transition roles without storing complete SSM experts.,Measure recurrent inference separately.
MA-437,State-space Mirror,S4 structured transition Mirror views,shared structured normal-plus-low-rank state matrix,View on low-rank/diagonal structured factors,logical long-range dynamics,S4,sequence quality / bytes / FFT/recurrent cost,P0,UNTESTED,DIRECT,PA74,Apply Mirror in S4's native structured factor space rather than full dense A.,Preserve stability constraints.
MA-442,Meta-learning / adaptation,MAML initialization + Mirror-only inner loop,shared meta-learned backbone,task adaptation updates only Mirror code,fast logical task models,MAML,few-shot quality / adaptation steps / code bytes,P0,UNTESTED,DIRECT,PA75,Meta-learn a backbone where adaptation happens primarily in m rather than full weights.,Compare full MAML inner loop and LoRA adaptation.
MA-444,Meta-learning / adaptation,LEO decoder replaced by structured Mirror map,shared base + latent task space,latent z mapped through structured View rather than generic parameter decoder,logical few-shot task parameters,LEO,few-shot quality / decoder bytes / code dim,P0,UNTESTED,DIRECT,PA76,Test whether a structured Mirror decoder is cheaper and sufficiently expressive versus generic latent-to-weight generation.,Match latent dimension.
MA-446,Meta-learning / adaptation,learned optimizer for Mirror coordinates only,shared model and optimizer,optimizer updates small m state from gradients/history,fast-adapting logical functions,learned optimizer,adaptation quality / steps / optimizer bytes,P0,UNTESTED,DIRECT,PA77,Restrict learned update policy to low-dimensional functional coordinates.,Compare Adam/SGD on same code space.
MA-451,Modular routing / paths,PathNet path + Mirror module role,shared modular supernetwork,path choice plus module Mirror code,task-specific logical pathways with fewer physical module variants,PathNet,task quality / modules used / bytes / transfer,P0,UNTESTED,DIRECT,PA80,Let reused modules change role via compact Views instead of allocating more modules.,PathNet path alone is mandatory.
MA-452,Modular routing / paths,factorized path x Mirror address,shared module graph,path factor x module-role factor,many logical programs from fewer path/module codes,PathNet / Routing Networks,quality / bytes / held-out path-role combos,P0,UNTESTED,ADJACENT,PA80;PA81,Factor which module is selected from how it is viewed.,Evaluate unseen combinations.
MA-453,Modular routing / paths,Routing Network with logical Mirror blocks,small physical block bank,input router selects block and Mirror View,larger logical function-block inventory,Routing Networks,quality / routing / bytes / active compute,P0,UNTESTED,DIRECT,PA81,Expand logical block vocabulary through Views instead of more physical blocks.,Match routing depth/compute.
MA-455,Modular routing / paths,sequential Mirror program over one block,one physical module,sequence of View codes,logical multi-step program,Routing Networks with multiple blocks,composition quality / bytes / steps,P0,UNTESTED,ADJACENT,PA81,Test whether different Views of one block can replace a sequence of distinct blocks.,Ordered non-commutative probes required.
MA-457,Modular routing / paths,continual path reuse before module birth,shared module bank,new task gets path/View code first,continual logical skills,PathNet,retention / bytes per task / module births,P0,UNTESTED,DIRECT,PA80,Allocate physical modules only if routing+View reuse fails.,Track transfer and physical growth.
MA-461,Generated adapters / PEFT mixtures,HyperFormer generator outputs Mirror codes,shared adapter basis,task/layer/position embedding -> Mirror code,task-specific logical adapters,HyperFormer++,quality / generator bytes / per-task bytes,P0,UNTESTED,DIRECT,PA82,Generate compact structured coordinates instead of full adapter matrices.,Match task/layer embeddings.
MA-463,Generated adapters / PEFT mixtures,factorized task x layer x position Mirror code,shared adapter basis,task factor × layer factor × adapter-position factor,many logical adapters,HyperFormer++,quality / bytes / unseen factor combos,P0,UNTESTED,DIRECT,PA82,Replace concatenated ID embeddings with compositional functional coordinates.,Audit held-out combinations.
MA-464,Generated adapters / PEFT mixtures,AdaMix over logical Mirror adaptations,one/few physical adaptation bases,stochastic routing among Mirror Views,mixture-trained logical adapters,AdaMix,quality / training diversity / inference bytes,P0,UNTESTED,DIRECT,PA83,Use Views rather than independent adaptation modules in stochastic mixture training.,Compare merged single-module inference.
MA-466,Generated adapters / PEFT mixtures,UniPELT components as factorized Mirror axes,shared base,prefix/LoRA/adapter View factors with gates,composite logical adaptations,UniPELT,quality / bytes / active components,P0,UNTESTED,DIRECT,PA84,Represent PEFT mechanism choice and parameters in factorized codes.,Component ablations mandatory.
MA-468,Generated adapters / PEFT mixtures,shared/private skill bank + Mirror skill views,parameter-efficient skill inventory,task-skill allocation plus skill View,more logical skills than physical skill modules,Polytropon,quality / skill bytes / allocation sparsity,P0,UNTESTED,DIRECT,PA85,Add View multiplicity inside a learned modular-skill bank.,Compare simply increasing physical skill count.
MA-469,Model editing / knowledge storage,MEND generates Mirror edit code,shared model + View basis,edit gradient -> compact Mirror code,logical edited models,MEND,edit success / locality / code bytes / edit latency,P0,UNTESTED,DIRECT,PA86,Transform edit signal into m instead of directly generating full low-rank weight update.,Compare equal-capacity MEND update.
MA-470,Model editing / knowledge storage,shared Mirror edit basis + MEND coefficient generator,shared edit atoms,gradient editor outputs sparse/signed coefficients,many logical edits,MEND + shared low-rank basis,edit success / bytes per edit / interference,P0,UNTESTED,ADJACENT,PA86,Amortize many edits into one reusable basis.,Scale number of simultaneous edits.
MA-471,Model editing / knowledge storage,ROME rank-one update encoded as Mirror coordinate,shared FFN,fact-specific View reproduces rank-one edit,logical factual edits,ROME,efficacy / specificity / code bytes,P0,UNTESTED,DIRECT,PA87,Test whether a compact View code can represent/reverse a ROME-like edit without copying delta matrix.,Rank-one storage baseline required.
MA-473,Model editing / knowledge storage,MEMIT update basis + Mirror memory codes,shared mediating-layer edit bases,fact codes select/compose layer updates,mass logical edits,MEMIT,efficacy / locality / bytes / edit count,P0,UNTESTED,DIRECT,PA88,Compress many calculated edits into reusable layerwise update bases.,Compare MEMIT actual stored changed weights/deltas.
MA-475,Model editing / knowledge storage,SERAC memory values as Mirror codes,external edit memory + shared counterfactual basis,retrieved compact View code,logical edit behaviors,SERAC,edit quality / memory bytes / latency,P0,UNTESTED,DIRECT,PA89,Compress stored edit values/counterfactual behaviors while retaining explicit retrieval.,Do not conflate retrieval and representation.
MA-476,Model editing / knowledge storage,GRACE codebook value compression via shared Mirror basis,GRACE key/radius memory,key retrieves small View code instead of full edit value,many lifelong edits,GRACE,edit retention / codebook bytes / retrieval latency,P0,UNTESTED,DIRECT,PA90,Compress per-edit value growth while leaving key locality intact.,Report bytes/edit versus edit count.
MA-478,Model editing / knowledge storage,"edit View first, private memory fallback",shared model + Mirror edit family + external edit store,try compact View then allocate explicit edit entry,adaptive logical knowledge storage,GRACE/SERAC + shared-private,edit success / bytes/edit / fallback fraction,P0,UNTESTED,ADJACENT,PA89;PA90,Allocate explicit memory only for edits the shared View basis cannot express.,Predeclare fallback gate.
MA-481,Discrete codebooks / sparse coding,VQ Mirror address codebook,shared model/View decoder,discrete codebook entry selects logical function,many logical functions,VQ-VAE-style discrete latent,quality / index bits / codebook bytes,P0,UNTESTED,DIRECT,PA91,Quantize functional coordinates into a learned codebook.,Compare continuous codes at equal total bits.
MA-482,Discrete codebooks / sparse coding,residual-VQ Mirror code composition,shared View decoder,sequence of residual discrete codes,progressively refined logical function,residual VQ,quality / bits / codebooks used,P0,UNTESTED,DIRECT,PA92,Represent functional specialization as successive residual code refinements.,Plot quality-rate curve.
MA-484,Discrete codebooks / sparse coding,VQ logical expert codebook,one shared expert basis/decoder,expert index -> quantized Mirror code,many logical experts,VQ codebook + MoE,quality / expert bits / codebook bytes,P0,UNTESTED,ADJACENT,PA91,Quantize expert addresses and test how many useful experts survive collisions/code sharing.,Compare learned continuous expert codes.
MA-486,Discrete codebooks / sparse coding,sparse dictionary Mirror function representation,shared functional atom dictionary,sparse coefficient vector is Mirror code,many logical functions,sparse coding,quality / nonzeros / dictionary bytes,P0,UNTESTED,DIRECT,PA93,Treat logical models as sparse combinations of shared functional atoms.,Compare dense/signed coefficient basis.
MA-487,Discrete codebooks / sparse coding,LISTA router for Mirror atom coefficients,shared View atom dictionary,learned fixed-depth sparse-code inference,input-specific logical function,LISTA,quality / inference steps / active atoms,P0,UNTESTED,DIRECT,PA93,Use LISTA-like inference instead of a generic router to select/combine functional atoms.,Same dictionary and sparsity.
MA-488,Discrete codebooks / sparse coding,shared/private dictionary + Mirror coefficients,low-rank shared dictionary + private atoms,sparse shared code plus optional private code,common/private logical functions,shared/private dictionary learning,quality / dictionary bytes / private usage,P0,UNTESTED,DIRECT,PA94,Directly test whether private atoms are needed after structured Mirror coefficients.,Sweep heterogeneity.
MA-492,Discrete codebooks / sparse coding,quantized packet-plan Mirror latent,shared packet decoder,discrete packet code(s),joint logical future mode,VQ latent + PTP/TM001,joint NLL / mode coverage / bits,P0,UNTESTED,ADJACENT,PA91;PA10,Use one or residual discrete codes as shared packet randomness/plan.,Compare continuous packet latent.
MA-494,Robust address coding,error-correcting Mirror expert IDs,shared expert decoder/basis,redundant ECOC-style expert codeword,robust logical expert routing,ordinary expert ID / ECOC,routing error / bytes / quality,P0,UNTESTED,DIRECT,PA95,Trade small address redundancy for lower misrouting/cross-talk.,Inject controlled bit/code noise.
MA-498,Robust address coding,learned code distance regularizer for Mirror bank,shared View decoder,codes trained to stay separated,logical functions with lower address interference,metric learning / ECOC,quality / min code distance / bytes,P0,UNTESTED,ADJACENT,PA95,Regularize functional addresses for separation and test whether function interference falls.,Compare random orthogonal codes.
MA-501,Representation-space views,LoReFT subspace + Mirror coordinate,frozen Transformer,task Mirror code inside low-rank representation intervention,many logical task interventions,LoReFT,quality / intervention bytes / runtime,P0,UNTESTED,DIRECT,PA96,Parameterize task diversity inside a shared ReFT subspace rather than storing one intervention per task.,LoReFT per-task interventions are mandatory.
MA-502,Representation-space views,shared LoReFT basis + many Mirror task codes,one intervention subspace basis,task-specific code selects target/source transform,many logical representation edits,LoReFT,quality / bytes per task / interference,P0,UNTESTED,DIRECT,PA96,Share the expensive subspace and store only small task codes.,Compare independent low-rank interventions.
MA-503,Representation-space views,factorized layer x task ReFT code,shared representation-intervention basis,layer factor x task factor,logical interventions across layers/tasks,LoReFT,quality / bytes / held-out combinations,P0,UNTESTED,ADJACENT,PA96,Factor placement and task identity rather than learning a full intervention per pair.,Held-out layer-task combinations required.
MA-504,Representation-space views,token-conditioned Mirror ReFT,shared low-rank intervention basis,token/context-generated code,token-specific logical hidden-state transforms,LoReFT / FiLM,NLL / code-gen cost / intervention rate,P0,UNTESTED,ADJACENT,PA96;PA63,Apply ReFT-style interventions conditionally by token/context.,Compare simple conditional affine modulation.
MA-508,Representation-space views,activation-addition Mirror basis,frozen LM,small signed coefficients over steering-vector basis,many logical behavior views,Activation Addition,behavior score / off-target degradation / bytes,P0,UNTESTED,DIRECT,PA98,Compress a bank of behavior vectors into reusable basis directions.,Compare explicit stored steering vectors.
MA-510,Representation-space views,conditional activation Mirror steering,frozen LM,condition code gates/chooses View intervention,context-specific logical behavior,CAST,behavior conditionality / false triggers / bytes,P0,UNTESTED,DIRECT,PA101,Replace explicit condition-vector + behavior-vector pairs with factorized Mirror condition/behavior codes.,False-trigger rate is primary.
MA-511,Representation-space views,hierarchical condition x behavior Mirror codes,frozen LM,condition factor x behavior factor,logical if-condition-then-behavior programs,CAST,conditional accuracy / bytes / unseen combinations,P0,UNTESTED,ADJACENT,PA101,Factor conditions from actions/behaviors so unseen combinations can be composed.,Hold out condition-behavior pairs.
MA-516,Function vectors,function-vector Mirror compression basis,frozen LM,small coefficients over extracted function-vector basis,many logical ICL functions,explicit Function Vectors,task accuracy / vector bytes / interference,P0,UNTESTED,DIRECT,PA99,Compress extracted function vectors into reusable functional directions.,Explicit FV storage is mandatory.
MA-517,Function vectors,Mirror composition of function vectors,frozen LM,structured signed/product code over function vectors,composed logical functions,Function Vector arithmetic,held-out composition / bytes,P0,UNTESTED,DIRECT,PA99,Test whether structured composition improves over raw vector addition/subtraction.,Use tasks known to both compose and fail under raw FV algebra.
MA-518,Function vectors,factorized function x domain vector code,frozen LM,function factor x domain/style factor,logical domain-specific functions,Function Vectors + steering vectors,task quality / unseen combinations / bytes,P0,UNTESTED,ADJACENT,PA99;PA100,Separate procedure identity from behavioral/domain modulation.,Hold out factor combinations.
MA-520,Function vectors,Function Vector -> Mirror code distillation,frozen LM + shared View decoder,task FV distilled to compact code,logical functions with reduced FV storage,Function Vectors,task quality / compression ratio / decode cost,P0,UNTESTED,DIRECT,PA99,Use FV as teacher target for a smaller structured functional address.,Report cosine/reconstruction and causal task effect separately.
MA-521,Function vectors,Mirror code extraction from demonstrations,frozen LM,demonstration encoder directly predicts m,ICL function without long prompt,Function Vectors / HyperFormer,task accuracy / context tokens saved / code bytes,P0,UNTESTED,ADJACENT,PA99;PA82,Compile demonstrations into a compact functional coordinate.,Compare explicit ICL and extracted FV.
MA-526,Sparse feature views,SAE feature bank as Mirror atoms,frozen LM + SAE,sparse feature coefficient code,logical behavior interventions,SAE feature steering,behavior / sparsity / feature bytes,P0,UNTESTED,DIRECT,PA102,Treat SAE features as explicit functional atoms and compare against Mirror atom banks.,Feature selection quality is primary.
MA-527,Sparse feature views,Mirror transform over SAE feature space,frozen LM + SAE dictionary,structured rotation/shear on sparse feature activations,logical behaviors in feature space,SAE steering / LoReFT,behavior / sparsity / side effects,P0,UNTESTED,ADJACENT,PA102;PA96,Apply Mirror in interpretable sparse feature coordinates rather than neuron space.,Preserve feature sparsity if claimed.
MA-528,Sparse feature views,shared SAE feature basis + behavior codes,frozen LM + SAE,small behavior coefficients over SAE atoms,many logical behavior controls,SAE steering,behavior / code bytes / off-target effects,P0,UNTESTED,DIRECT,PA102,Compress behavior-specific feature sets into reusable feature basis.,Compare explicit sparse feature lists.
MA-530,Sparse feature views,SAE feature top-k logical experts,frozen LM + feature dictionary,router selects k feature/View atoms,logical experts as sparse feature interventions,SAE / MoE,task quality / active features / bytes,P0,UNTESTED,ADJACENT,PA102,Build experts in representation-feature space without FFN weight copies.,Compare residual-MoE with same active dimension.
MA-533,Sparse feature views,transcoder feature bank as functional expert atoms,transcoder replacing/approximating MLP,sparse feature activation/View code,logical MLP functions,transcoder,faithfulness / task quality / active features,P0,UNTESTED,DIRECT,PA103,Use sparse interpretable transcoder features as an alternative expert basis.,First establish transcoder faithfulness.
MA-534,Sparse feature views,Mirror logical MLPs over shared transcoder,shared transcoder decoder/feature basis,expert/task code modulates sparse transcoder features,many logical MLP roles,transcoder + separate sparse gates,quality / bytes / active feature compute,P0,UNTESTED,ADJACENT,PA103,Generate role diversity through feature coefficients rather than dense FFN transforms.,Compare plain sparse feature gating.
MA-540,Representation execution,sequential function-vector executor,shared recurrent/tied block,different FV/View code per execution step,ordered logical operations,Function Vectors + Universal Transformer,composition accuracy / bytes / steps,P0,UNTESTED,ADJACENT,PA99;PA72,Test whether function vectors can supply the missing ordered execution interface observed in SRM003.,Compare external two-call executor.
MA-545,Representation execution,function-vector mixture-of-experts without weight experts,frozen LM + FV bank,router selects/composes function vectors,logical experts as activation interventions,MoE / FV routing,task quality / bytes / active intervention cost,P0,UNTESTED,ADJACENT,PA99,Ask whether expert behavior can live entirely in residual-stream function codes.,Compare weight-space Mirror-MoE.
MA-546,Representation robustness,symmetry audit of activation Views,frozen LM,representation transformations tested for functional invariance,separate true functions from reparameterization,RepE / symmetry controls,output difference / invertibility / stability,P0,UNTESTED,ADJACENT,PA97;PA47,Identify hidden-space transformations that merely preserve or rename features.,Do not count invariant Views as capacity.
MA-547,Representation robustness,RoseLoRA vs Mirror locality for knowledge edits,frozen/base LM,Mirror representation or weight View,localized logical edit,RoseLoRA/ReFT,edit efficacy / locality / modified state bytes,P0,UNTESTED,DIRECT,PA104;PA96,Compare hidden-state View edits against sparse row/column low-rank weight edits.,Specificity/locality primary.
MA-550,Representation robustness,adaptive choice weight-view vs activation-view,shared base with both intervention families,controller selects cheaper sufficient representation for each task/input,logical functions stored in most efficient space,LoRA/ReFT shared-private baseline,quality / bytes / runtime / family selection,P0,UNTESTED,ADJACENT,PA96,Test whether some functions are cheaper in weight space and others in representation space.,Compare fixed all-weight and all-activation allocation.
MA-551,Conditional modulation,FiLM-to-Mirror hierarchy,shared Transformer block,conditional affine code upgraded to richer View,multiple conditioned logical block functions,FiLM,quality / code bytes / runtime,P0,UNTESTED,DIRECT,PA106,Measure the marginal value of richer Mirror geometry over feature-wise affine conditioning.,Use matched code dimensionality where possible.
MA-553,Conditional modulation,factorized task x layer FiLM-Mirror code,shared backbone,task factor x layer factor,logical task-layer modulation states,FiLM + HyperFormer,quality / bytes / held-out combinations,P0,UNTESTED,DIRECT,PA106;PA118,Factor conditional modulation addresses instead of storing gamma/beta per task-layer pair.,Held-out task-layer combinations required.
MA-554,Conditional modulation,input-conditioned Mirror modulation network,shared backbone,context-generated Mirror code,sample-specific logical functions,FiLM / Dynamic Filter Networks,quality / generator bytes / latency,P0,UNTESTED,DIRECT,PA106;PA122,Generate a structured View code rather than full dynamic weights.,Compare same-size FiLM generator.
MA-556,Conditional modulation,conditional modulation + sparse private residual,shared FiLM/Mirror backbone,global conditional code plus private low-rank residual,common conditional functions with rare private corrections,FiLM + LoRA,quality / private bytes / domain heterogeneity,P0,UNTESTED,ADJACENT,PA106;PA18,Apply shared/private decomposition after the cheapest successful conditional mechanism.,Sweep heterogeneity and private fraction.
MA-557,Elastic subnetworks,MatFormer FFN granularity + Mirror neuron roles,nested shared FFN,granularity code plus Mirror role code,multiple logical submodels at each width,MatFormer,NLL / bytes / FLOPs / granularity quality,P0,UNTESTED,DIRECT,PA107,Test whether shared neurons can change logical role across MatFormer granularities rather than serving identical function when retained.,Compare plain MatFormer at same widths.
MA-558,Elastic subnetworks,MatFormer mix-and-match Mirror layer codes,nested FFNs across layers,per-layer granularity x Mirror code,many mixed logical submodels,MatFormer mix-and-match,NLL / bytes / held-out submodels,P0,UNTESTED,DIRECT,PA107,Use a small View to specialize the same retained channels under different layer granularity assignments.,Evaluate untrained mix-and-match configurations.
MA-560,Elastic subnetworks,universally slimmable Mirror width code,shared width-elastic network,continuous width-dependent Mirror coordinate,logical functions across arbitrary widths,US-Net,quality-vs-FLOPs / bytes / width interpolation,P0,UNTESTED,DIRECT,PA108,Let surviving channels adapt their function as width changes via a compact code.,Test unseen widths.
MA-561,Elastic subnetworks,OFA architecture code + Mirror function code,single OFA supernetwork,depth/width/kernel config plus View code,hardware-specific logical models,Once-for-All,accuracy / latency / code bytes,P0,UNTESTED,DIRECT,PA109,Add a low-description functional correction for each architecture configuration without training separate subnet weights.,Compare OFA alone and tiny config-specific residuals.
MA-562,Elastic subnetworks,factorized width x depth Mirror address,shared supernetwork,width factor x depth factor,Cartesian elastic logical submodels,OFA/US-Net,quality / bytes / held-out configurations,P0,UNTESTED,ADJACENT,PA108;PA109,Use factorized configuration coordinates instead of a per-submodel table.,Audit held-out width-depth combinations.
MA-565,Dynamic depth,LayerDrop depth + Mirror surviving-layer roles,LayerDrop-trained Transformer,depth configuration View,logical depth-specific functions,LayerDrop,NLL / depth / bytes,P0,UNTESTED,DIRECT,PA110,Recover quality lost at shallow depths with tiny depth-specific Views rather than extra layers.,Compare plain LayerDrop and static per-depth LoRA.
MA-567,Dynamic depth,Mixture-of-Depths + Mirror compute/function routing,shared Transformer blocks,token route bit plus Mirror function code,token-specific logical computation,Mixture-of-Depths,NLL / FLOPs / routing / bytes,P0,UNTESTED,DIRECT,PA111,Separate decision to spend compute from decision of which View/function to apply.,Compare MoD alone under identical compute budget.
MA-569,Dynamic depth,Universal Transformer step Mirror code,one recurrent Transformer block,iteration/step View,distinct logical recurrent steps,Universal Transformer,NLL / bytes / steps / algorithmic generalization,P0,UNTESTED,DIRECT,PA123,Differentiate shared recurrent steps with small Views rather than independent layers.,Compare time embedding and static step LoRA.
MA-571,Dynamic depth,DEQ equilibrium Mirror coordinate,one equilibrium operator,input/task View inside fixed-point operator,logical equilibrium functions,DEQ,NLL / solver iterations / bytes / stability,P0,UNTESTED,DIRECT,PA124,Condition a shared equilibrium operator with a compact View.,Report convergence/solver cost.
MA-573,Quantization / gauge,QuaRot Mirror coordinate sweep,one full-precision function,function-preserving rotation code,equivalent numerical representations optimized for quantization,QuaRot,quantized NLL / bits / runtime,P0,UNTESTED,DIRECT,PA112,"Treat the exact symmetry orbit as a compression search space, not functional multiplicity.",Full-precision outputs must remain equivalent.
MA-574,Quantization / gauge,SpinQuant codebook of learned rotations,one full-precision model,small index/code selecting learned rotations,multiple quantization-optimized gauges,SpinQuant,quantized quality / rotation storage / calibration,P0,UNTESTED,DIRECT,PA113,Learn a small reusable rotation codebook across layers instead of independent rotations.,Compare one global rotation and per-layer SpinQuant.
MA-575,Quantization / gauge,factorized layer x block rotation code,shared rotation factors,layer factor x block factor,quantization gauges across many matrices,SpinQuant/BOFT,quality / code bytes / calibration cost,P0,UNTESTED,ADJACENT,PA113;PA21,Compress learned rotations themselves using factorized Mirror coordinates.,Count rotation metadata.
MA-576,Quantization / gauge,SmoothQuant scaling + residual Mirror rotation,shared quantized model,cheap scale plus small residual rotation,better-conditioned logical gauge,SmoothQuant + QuaRot,quantized NLL / bits / runtime,P0,UNTESTED,DIRECT,PA114;PA112,"Use diagonal scaling first, richer Mirror only for residual outliers.",Require gain over stronger component.
MA-578,Quantization / gauge,KV-cache Mirror rotation code,shared K/V generation,head/layer online rotation View,quantization-friendly logical KV representations,QuaRot/SpinQuant,KV bits / NLL / decode latency,P0,UNTESTED,DIRECT,PA112;PA113,Optimize compact reusable online rotations specifically for cached states.,Include online transform cost.
MA-581,KV latent / attention,MLA latent + Mirror head reconstruction,shared cached latent KV,head Mirror reconstruction code,many logical heads from one latent,MLA,NLL / KV bytes / reconstruction bytes,P0,UNTESTED,DIRECT,PA115,Replace or factorize head-specific reconstruction matrices with compact View codes.,MLA baseline mandatory.
MA-582,KV latent / attention,MLA latent + layer Mirror reconstruction,latent cache shared across layer group,layer View code,logical layer-specific K/V roles,MLA + MLKV,NLL / KV bytes / decode runtime,P0,UNTESTED,ADJACENT,PA115;PA08,Combine latent compression with cross-layer sharing and recover differences through Views.,Count reconstruction compute.
MA-583,KV latent / attention,factorized head x layer MLA Mirror code,shared latent and reconstruction basis,head factor x layer factor,Cartesian logical KV roles,MLA,NLL / bytes / held-out role combinations,P0,UNTESTED,ADJACENT,PA115,Avoid per-head-per-layer reconstruction tables via factorized coordinates.,Evaluate role collapse.
MA-585,KV latent / attention,MLA shared latent + sparse private KV residual,compressed shared latent,Mirror reconstruction plus rare private KV residual,shared/common and private attention state,MLA + residual KV,NLL / KV bytes / private fraction,P0,UNTESTED,ADJACENT,PA115,Apply shared/private decomposition directly to cached attention state.,Physical cache accounting required.
MA-586,KV latent / attention,quantized MLA latent + Mirror gauge,one compressed KV latent,quantization rotation View on latent/reconstruction,low-bit logical KV heads,MLA + QuaRot,NLL / KV bits / latency,P0,UNTESTED,ADJACENT,PA115;PA112,Use the smaller latent space as the rotation/quantization target.,Compare quantizing reconstructed KV versus latent.
MA-589,Prompt / prefix,prefix bank compressed by Mirror basis,shared prefix basis,task Mirror coefficients,many logical prefixes,Prefix-Tuning,task quality / prefix bytes / cache cost,P0,UNTESTED,DIRECT,PA116,Factor many layer prefixes into one basis plus tiny task codes.,Count prefix KV/cache overhead.
MA-591,Prompt / prefix,soft prompt Mirror codebook,shared prompt vectors,small transform/address per task,many logical input prompts,Prompt Tuning,quality / prompt bytes / sequence overhead,P0,UNTESTED,DIRECT,PA117,Reuse prompt vectors across tasks through Views.,Separate storage saving from extra context-token cost.
MA-592,Prompt / prefix,prompt pool + Mirror composition,shared prompt pool,input-conditioned Mirror weights/transform,logical task instructions,L2P/DualPrompt,retention / routing / prompt bytes,P0,UNTESTED,DIRECT,PA119,Compose/rewrite prompt-pool elements with a View rather than selecting only discrete prompts.,Compare top-k prompt selection.
MA-594,Prompt / prefix,HyperFormer generator replaced by Mirror basis,shared adapter basis,task x layer x position Mirror code,generated logical adapters,HyperFormer++,quality / generator bytes / code bytes,P0,UNTESTED,DIRECT,PA118,Test whether structured coordinate algebra can replace a generic hypernetwork for task/layer/position adaptation.,HyperFormer++ is mandatory.
MA-596,Prompt / prefix,continual prompt first then Mirror residual then private adapter,frozen backbone + prompt pool,tiered task coordinate,escalating logical skill capacity,L2P + adapter,retention / bytes per task / escalation events,P0,UNTESTED,ADJACENT,PA119;PA30,"Allocate cheapest prompt code first, richer View second, private weights last.",Track how long physical growth is delayed.
MA-597,Hash / virtual parameters,HashedNet Mirror virtual FFN,small physical parameter bucket vector,hash/sign + Mirror address,larger logical FFN matrix,HashedNets,NLL / physical bytes / collision rate,P0,UNTESTED,DIRECT,PA120,Add structured View codes to reduce destructive hash collisions or specialize virtual matrices.,Virtual parameter count is never capacity.
MA-598,Hash / virtual parameters,hash-addressed logical experts,shared hash buckets,expert-specific hash salt/View,many virtual expert matrices,HashedNets + MoE,quality / bytes / collision interference,P0,UNTESTED,ADJACENT,PA120,Generate expert-specific virtual connectivity from one physical bucket vector.,Compare independent hash tables/salts.
MA-602,Hash / virtual parameters,learned collision repair private residual,hashed shared weights,Mirror code plus sparse exception table,virtual model with repaired critical collisions,HashedNets + sparse residual,quality / bytes / exception count,P0,UNTESTED,ADJACENT,PA120,Use Mirror/private residual only where collisions are harmful.,Compare simply increasing bucket count.
MA-603,Dynamic weights,CondConv-style Mirror weight synthesis,shared weight/expert basis,input-dependent coefficients transformed by Mirror,sample-specific logical linear/FFN weights,CondConv,quality / generator compute / bytes,P0,UNTESTED,DIRECT,PA121,Compare structured View synthesis to plain linear combination of expert bases.,Use non-convolutional Transformer FFN fixture.
MA-604,Dynamic weights,dynamic filter Mirror code generator,shared structured transform basis,input -> low-dimensional Mirror code,sample-specific logical filters/operators,Dynamic Filter Networks,quality / code dimension / latency,P0,UNTESTED,DIRECT,PA122,"Generate only the address, not full filters, and measure whether structure improves generalization/efficiency.",Generic dynamic filter generator is mandatory.
MA-606,Dynamic weights,dynamic Mirror-MoE without discrete expert routing,shared expert basis,continuous input-conditioned View coordinate,one synthesized logical expert per token/example,CondConv / soft MoE,quality / active compute / router cost,P0,UNTESTED,DIRECT,PA121,Synthesize one effective expert before expensive FFN evaluation instead of evaluating top-k full experts.,Compare soft MoE at matched basis size.
MA-607,Adapter composition,AdapterFusion over Mirror-compressed adapters,shared adapter basis + small task Views,fusion weights over logical adapters,composed task knowledge,AdapterFusion,quality / adapter bytes / active compute,P0,UNTESTED,DIRECT,PA125,"Compress source adapters first, then test whether fusion still composes them effectively.",Compare fusion over full adapters.
MA-608,Adapter composition,Mirror composition vs AdapterFusion,shared adapter/View basis,direct composed Mirror code,target logical adapter,AdapterFusion,quality / composition bytes / latency,P0,UNTESTED,DIRECT,PA125,"Test whether composition can happen in code space before executing adapters, avoiding N adapter forwards.",Active compute is central.
MA-610,Adapter composition,learn-many Mirror adapter pool -> fusion prune -> compact,overcomplete shared logical adapter pool,fusion usage identifies surviving View codes,compact composed adapters,AdapterFusion + AdapterDrop,quality / bytes / active adapters,P0,UNTESTED,ADJACENT,PA125;PA126,Use composition weights as evidence for physical pruning of View codes/components.,Compare random pruning and small-from-start.
MA-611,Modular execution,Neural-Interpreter Mirror function codes,shared interpreter/executor,Mirror function code,many logical functions executed by one physical interpreter,Neural Interpreter,task quality / code bytes / held-out composition,P0,UNTESTED,DIRECT,PA128,Replace unconstrained function codes with structured Mirror coordinates and test whether new functions need fewer paid parameters.,Neural Interpreter is the direct shared-executor baseline.
MA-612,Modular execution,Mirror function signature + code factorization,shared interpreter,separate routing signature and execution View code,logical functions with reusable routing/execution factors,Neural Interpreter,routing accuracy / quality / bytes,P0,UNTESTED,DIRECT,PA128,Factor what accepts an input from how the function transforms it.,Test signature/code swaps and held-out pairings.
MA-613,Modular execution,shared function code basis + sparse private function residual,shared interpreter and code basis,function Mirror code plus private residual,common functions with rare private exceptions,Neural Interpreter + independent function codes,quality / bytes / private fraction,P0,UNTESTED,ADJACENT,PA128,Apply the orbit/private decomposition in function-code space.,Sweep aligned/private mixture.
MA-614,Modular execution,Mirror code composition before shared interpreter,shared interpreter,composed Mirror code m2∘m1,composite logical functions without sequential full modules,Neural Interpreter / routing networks,quality / active compute / bytes,P0,UNTESTED,ADJACENT,PA128;PA127,Test whether code composition can approximate sequential module composition with one executor call.,Sequential execution is the upper-control compute path.
MA-616,Modular execution,Mirror route + module-view joint factorization,shared module bank,route code x module View code,task-specific paths and logical module variants,Routing Networks,quality / bytes / routing stability,P0,UNTESTED,DIRECT,PA127,Factor composition choice from module functional variation instead of multiplying module copies.,Audit router-module nonstationarity/collapse.
MA-617,Modular execution,factorized module x position Mirror code,shared reusable modules,module factor x composition-position factor,same module takes different logical roles by position,soft ordering/routing networks,quality / held-out orders / bytes,P0,UNTESTED,ADJACENT,PA127,Let a physical module specialize by compositional position through a small code.,Evaluate unseen module orders.
MA-618,Modular execution,add-new-function by Mirror code only,frozen shared interpreter,new signature + Mirror code,new logical functions without executor weight updates,Neural Interpreter,few-shot quality / bytes per function,P0,UNTESTED,DIRECT,PA128,Measure how far frozen-interpreter extensibility goes with only small codes.,Compare learning an independent function module.
MA-621,Meta context / function families,CAVIA Mirror task context,shared meta-learned model,low-dimensional Mirror task context,task-specific logical functions,CAVIA,few-shot quality / context bytes / adaptation steps,P0,UNTESTED,DIRECT,PA129,Impose structured geometry on the task context and test faster/cheaper adaptation.,CAVIA unconstrained context is mandatory.
MA-622,Meta context / function families,factorized CAVIA context,shared meta-model,task factor x role/layer factor,compositional task contexts,CAVIA,quality / bytes / held-out combinations,P0,UNTESTED,ADJACENT,PA129,Factor context state instead of one flat vector per task.,Test unseen factor combinations.
MA-623,Meta context / function families,CAVIA shared context + private residual coordinate,shared meta-model/context basis,common context plus task-private residual dims,common and exceptional task functions,CAVIA,quality / bytes / private dimension,P0,UNTESTED,ADJACENT,PA129,Measure where compact shared task geometry stops explaining variation.,Compare larger flat context.
MA-624,Meta context / function families,context examples -> Mirror code encoder,shared predictor and code encoder,inferred Mirror functional coordinate,new function from demonstrations,Conditional Neural Process,few-shot likelihood / code dimension / latency,P0,UNTESTED,DIRECT,PA130,Infer a structured function code from observations instead of optimizing/storing task ID.,CNP aggregate representation is direct control.
MA-626,Meta context / function families,DeepSDF-style Mirror auto-decoder,shared decoder,optimized instance Mirror code,many logical continuous functions,DeepSDF,reconstruction / code bytes / fitting steps,P0,UNTESTED,DIRECT,PA131,Use structured View codes instead of generic latent vectors for function families.,"Measure interpolation and completion, not only train reconstruction."
MA-627,Meta context / function families,periodic-activation Mirror modulation,shared periodic synthesis network,amplitude/phase/frequency Mirror code,many logical high-frequency functions,Modulated Periodic Activations,reconstruction / code bytes / generalization,P0,UNTESTED,DIRECT,PA132,Compare candidate Mirror geometry to learned modulation of periodic activations.,Use multi-instance generalization.
MA-628,Meta context / function families,COIN++ Mirror modulation codec,shared meta-learned decoder,quantized Mirror modulation code,compressed logical data/functions,COIN++,rate-distortion / encode time / decode time,P0,UNTESTED,DIRECT,PA133,Treat Mirror code as an actual compressed bitstream and entropy-code it.,"Actual coded bits, not float parameter count, are authoritative."
MA-631,Model editing,ROME edit bank -> shared Mirror basis,shared edited MLP basis,edit Mirror coefficient/code,many factual rank-one edits,ROME,edit efficacy / locality / bytes per edit,P0,UNTESTED,DIRECT,PA135,Compress many rank-one edits into reusable directions plus small codes.,Compare independent ROME updates.
MA-632,Model editing,ROME aligned/private edit frontier,shared edit basis,Mirror edit component plus private rank-one residual,partially shareable edits,ROME,efficacy / locality / bytes / alpha,P0,UNTESTED,ADJACENT,PA135,Directly sweep the orbit/private fraction for factual edits.,Use mandatory alpha interpolation.
MA-633,Model editing,MEMIT layer-share Mirror coefficients,shared multi-layer edit basis,fact x layer Mirror coefficients,mass edits across causal layers,MEMIT,edit score / locality / bytes,P0,UNTESTED,DIRECT,PA136,Factor MEMIT update tensors across edits/layers instead of storing independent calculated updates.,Compare low-rank/SVD compression.
MA-635,Model editing,MEND editor emits Mirror code,shared edit basis,gradient factors -> Mirror edit code,fast logical weight edits,MEND,edit success / locality / editor bytes / latency,P0,UNTESTED,DIRECT,PA137,Have the learned editor predict compact coordinates rather than full low-rank update factors.,MEND generic transform is mandatory.
MA-636,Model editing,SERAC memory value -> Mirror function code,frozen base + shared counterfactual executor,retrieved edit Mirror code,many explicit logical edits,SERAC,edit success / memory bytes / retrieval latency,P0,UNTESTED,DIRECT,PA138,Compress the counterfactual behavior associated with cached edits.,Keep explicit memory/scope routing as control.
MA-637,Model editing,GRACE value-code compression by Mirror basis,frozen base + GRACE adaptor,key retrieves compact Mirror value code,lifelong logical edits,GRACE,retention / locality / codebook bytes,P0,UNTESTED,DIRECT,PA139,Compress GRACE values while preserving discrete keys/deferral scope.,Report codebook growth over sequential edits.
MA-639,Model editing,LOKI null-space Mirror edit coordinates,base weights/null spaces,Mirror coordinate constrained inside selected null-space,low-interference logical edits,LOKI,retention / edit efficacy / code bytes,P0,UNTESTED,DIRECT,PA140,"First choose a low-interference edit subspace, then compress edits inside it.",Separate interference reduction from storage compression.
MA-640,Model editing,RRDA dual functions -> one Mirror-conditioned adapter,shared adapter basis,write-vs-suppress Mirror role code,edit and locality logical functions,RRDA,edit/locality balance / adapter bytes,P0,UNTESTED,DIRECT,PA141,Replace two physical LoRA adapters with one shared basis plus role Views.,Routing/memory remains unchanged.
MA-641,Model editing,episodic adapter bank Mirror compression,shared sparse low-rank episodic basis,episode Mirror code,many episodic memories,dedicated episodic adapters,recall / QA / bytes per episode,P0,UNTESTED,DIRECT,PA152,Test whether dedicated episode adapters can share directions without catastrophic episodic interference.,Independent sparse adapters are mandatory.
MA-646,Optimizer / update geometry,ReLoRA Mirror restart coordinates,base weights + reusable low-rank basis,restart-specific Mirror coordinate,higher-rank cumulative training trajectory,ReLoRA,final rank / loss / optimizer memory,P0,UNTESTED,DIRECT,PA143,Reuse structured bases across restart phases while changing only small coordinates.,Check whether reuse prevents rank growth.
MA-647,Optimizer / update geometry,ReLoRA basis rotation schedule,base weights,structured orthogonal/butterfly View per restart,diverse low-rank update subspaces over time,ReLoRA + BOFT,loss / effective update rank / bytes,P0,UNTESTED,ADJACENT,PA143;PA21,Explicitly rotate each low-rank phase to expand covered subspace cheaply.,Compare random/SVD restart bases.
MA-649,Optimizer / update geometry,Meta-SGD Mirror update vector,shared initialization,structured update-direction/learning-rate code,task adaptation rules,Meta-SGD,few-shot quality / update-code bytes,P0,UNTESTED,DIRECT,PA151,Compress or factor the per-parameter Meta-SGD update vector into a low-description coordinate.,Compare low-rank/random-subspace Meta-SGD.
MA-651,Test-time memory / sequence state,TTT hidden-model Mirror parameterization,shared TTT initialization,Mirror-structured writable hidden weights,sequence-specific logical learners,TTT-Linear/TTT-MLP,long-context NLL / state bytes / update compute,P0,UNTESTED,DIRECT,PA144,Constrain writable hidden model to a cheap View family and measure state-capacity tradeoff.,TTT full hidden model is upper control.
MA-652,Test-time memory / sequence state,TTT shared basis + private writable residual,shared hidden-model basis,online Mirror coordinates plus private residual state,adaptive sequence memory,TTT,NLL / state bytes / residual rank,P0,UNTESTED,ADJACENT,PA144,Apply orbit/private frontier to the writable hidden model.,Sweep writable state rank.
MA-653,Test-time memory / sequence state,Titans long-term Mirror memory,shared memory network basis,online Mirror memory code/state,long-term logical memories,Titans,long-context quality / memory bytes / update cost,P0,UNTESTED,DIRECT,PA147,Compress the parameters updated at test time into structured functional coordinates.,Measure forgetting and surprise-driven writes.
MA-658,Test-time memory / sequence state,fast-write slow-consolidate Mirror state,shared base + writable View,temporary online View periodically merged,two-timescale logical memory,Titans / ReLoRA,online quality / consolidation error / storage,P0,UNTESTED,ADJACENT,PA147;PA143,Treat temporary Views as fast memory and merges as consolidation.,Measure whether merged base preserves old functions.
MA-660,Test-time memory / sequence state,test-time task context + Mirror state,shared predictor,CAVIA-like context optimized online as Mirror code,distribution-shift logical functions,classical TTT/CAVIA,shift robustness / adaptation steps / state bytes,P0,UNTESTED,ADJACENT,PA129;PA144,Update only compact context/View state at test time instead of model weights.,Compare classical TTT full feature update.
MA-661,SSM / implicit operators,Mamba selective-parameter Mirror basis,shared SSM basis,input-generated Mirror coefficients for B/C/Delta,logical selective dynamics,Mamba,sequence quality / state bytes / generator compute,P0,UNTESTED,DIRECT,PA145,Factor input-dependent selective parameters through a structured shared basis.,Compare native linear projections generating B/C/Delta.
MA-663,SSM / implicit operators,factorized channel x timescale Mirror SSM,shared transition parameters,channel factor x timescale factor,many logical recurrence modes,Mamba/SSM,quality / bytes / state compute,P0,UNTESTED,ADJACENT,PA145,Replace per-channel/time-scale parameter tables with factorized coordinates.,Test selective-copy and language.
MA-664,SSM / implicit operators,shared SSM + sparse private transition residual,shared transition basis,Mirror dynamics plus private low-rank residual,common/private sequence dynamics,Mamba,quality / bytes / private rank,P0,UNTESTED,ADJACENT,PA145,Apply aligned/private frontier to state transitions.,Ensure recurrence stability.
MA-665,SSM / implicit operators,Hyena filter generator + Mirror filter code,shared implicit filter generator,layer/task Mirror code,many logical long filters,Hyena,NLL / filter-code bytes / FFT runtime,P0,UNTESTED,DIRECT,PA146,Condition the implicit filter generator with compact Views rather than separate filters.,Compare ordinary per-layer Hyena filters.
MA-669,LoRA composition,LoRAHub coefficients from Mirror task code,bank/shared LoRA modules,task Mirror code -> composition coefficients,new task logical adapter,LoRAHub,few-shot quality / search steps / code bytes,P0,UNTESTED,DIRECT,PA148,Replace gradient-free coefficient search with reusable structured task-coordinate mapping.,LoRAHub search is direct control.
MA-670,LoRA composition,LoRA bank compressed before LoRAHub composition,shared LoRA basis,source-task Mirror codes,many source adapters plus new-task mixtures,LoRAHub,quality / adapter-bank bytes / composition quality,P0,UNTESTED,ADJACENT,PA148;PA18,"Compress upstream LoRA library, then test whether cross-task composition survives.",Compare uncompressed bank.
MA-671,LoRA composition,MoLE gates over Mirror-compressed logical LoRAs,shared adapter basis,logical LoRA View codes + layer gate,dynamic composed adapters,MoLE,quality / active compute / bank bytes,P0,UNTESTED,DIRECT,PA149,Reduce physical LoRA bank while preserving layerwise mixture behavior.,MoLE full-LoRA bank is mandatory.
MA-672,LoRA composition,precompose Mirror codes before adapter execution,shared adapter basis,weighted code composition -> one effective adapter,one synthesized logical adapter,MoLE/AdapterFusion,quality / active adapter FLOPs / bytes,P0,UNTESTED,ADJACENT,PA149;PA125,Avoid evaluating N LoRAs by composing in code space first.,Must match stronger multi-adapter execution.
MA-673,LoRA composition,factorized task x layer LoRA View code,shared LoRA basis,task factor x layer factor,layer-specific logical adapters,MoLE/HyperFormer,quality / bytes / held-out combinations,P0,UNTESTED,ADJACENT,PA149;PA118,Replace per-task-per-layer LoRAs with factorized coordinates.,Test unseen task-layer pairings.
MA-674,LoRA composition,sparse top-k Mirror LoRA atoms,shared low-rank atoms,router selects few atoms per token/task,composed logical LoRAs,MoLE / shared-rule MoE,quality / active FLOPs / bytes,P0,UNTESTED,ADJACENT,PA149,Use multiple reusable LoRA atoms instead of whole trained LoRAs.,Compare top-k full LoRA experts.
MA-676,LoRA composition,learn-many LoRA atom bank -> prune,overcomplete shared atom bank,usage/importance selects surviving Views,compact reusable adapter dictionary,MoLE/AdapterDrop,quality / bank bytes / active atoms,P0,UNTESTED,ADJACENT,PA149;PA126,Discover atom dictionary then physically compact.,Compare random prune and small-from-start.
MA-677,LoRA composition,shared LoRA atoms + private task residual,shared low-rank atom bank,task composition plus private residual,common/private logical adapters,LoRA / shared basis,quality / bytes / private fraction,P0,UNTESTED,ADJACENT,PA148;PA18,"Use reusable composition where possible, private LoRA only for residual.",Sweep orbit/private alpha.
MA-679,Parallel streams,multi-stream role Mirror embeddings,shared multi-stream backbone,stream-role View code,user/output/thought/tool logical streams,Multi-Stream LLM,stream quality / code bytes / cross-stream leakage,P0,UNTESTED,DIRECT,PA153,Replace per-stream role parameters with shared basis + compact Views.,Preserve causal separation.
MA-680,Parallel streams,multi-stream QKV Mirror roles,shared attention projections,stream x QKV View code,logical attention per stream,Multi-Stream LLM + MHA,quality / KV bytes / leakage,P0,UNTESTED,ADJACENT,PA153;PA07,Share physical attention across streams while retaining role distinction.,Audit cross-stream information leakage.
MA-681,Parallel streams,factorized stream x time Mirror coordinate,shared backbone,stream factor x period/phase factor,parallel logical computations,Multi-Stream LLM + TM001,quality / bytes / throughput,P0,UNTESTED,ADJACENT,PA153;PA10,Combine role and temporal coordinates without a Cartesian parameter table.,Measure real throughput.
MA-685,Unified memory/editing,route-specialized dual Mirror adapters,shared adapter basis,write vs suppress role code,two logical editing functions,RRDA,edit/locality / bytes / active compute,P0,UNTESTED,DIRECT,PA141,Test exact replacement of dual physical adapters by one basis plus role code.,Keep router and memory fixed.
MA-686,Unified memory/editing,product-key retrieval of Mirror edit codes,shared edit basis,factorized edit key retrieves compact code,large logical edit memory,Product Key Memory + GRACE/SERAC,edit quality / lookup FLOPs / bytes,P0,UNTESTED,ADJACENT,PA43;PA139;PA138,Scale edit retrieval without linear codebook search.,Measure collisions and wrong-scope edits.
MA-688,Unified memory/editing,null-space private residual after shared Mirror edit,shared edit basis constrained by View,LOKI-null-space residual for unshared component,compact low-interference edits,LOKI + Mirror,edit/locality / residual bytes,P0,UNTESTED,ADJACENT,PA140,"Use View for common edit geometry, null-space residual only for mismatch.",Sweep aligned/private edits.
MA-689,Unified memory/editing,episodic Mirror adapter -> semantic consolidation pipeline,shared episodic basis and base model,episode code then consolidation merge,fast episodic and slow semantic logical memory,complementary episodic adapters/Titans,recall / consolidation / bytes over time,P0,UNTESTED,ADJACENT,PA152;PA147,Quantify when View-coded episodic memory can be retired after base consolidation.,Track retention before/after code deletion.
MA-690,Benchmark / meta-experiment,orbit-private frontier across View families,common synthetic/shared-backbone harness,candidate View family and alpha mixture,comparable logical-function frontiers,IA3/BatchEnsemble/VeRA/BOFT/low-rank,quality / serialized bytes / compute / runtime vs alpha,P0,UNTESTED,ADJACENT,PA19;PA17;PA18;PA21,"Run one standardized alpha=0..1 frontier across diagonal, rank-one, low-rank, Givens, BOFT and private residual families.",This benchmark should guide which geometry proceeds to natural-language tests.
MA-692,KV cache transformation,RoPE-commuting Mirror KV views,RoPE-encoded canonical K/V,pairwise rotation View sharing RoPE planes,logical KV roles directly over existing RoPE cache,LazyAttention / RoPE cache,exactness / code bytes / kernel cost,P0,UNTESTED,DIRECT,PA156,Restrict Mirror rotations to RoPE 2D planes so View and position rotations commute and no RoPE stripping/materialization is needed.,Verify commutator numerically and analytically.
MA-693,KV cache transformation,pre-RoPE canonical cache + deferred Mirror and position transforms,position-free key content and canonical values,Mirror transform plus deferred RoPE,arbitrary-position logical KV Views,LazyAttention / cross-model RoPE-stripped mapping,exactness / cache reuse / TTFT,P0,UNTESTED,DIRECT,PA156;PA157,Store content-space cache and apply both position and View transforms lazily inside attention.,Compare zero-copy kernel path to explicit re-encoding.
MA-694,KV cache transformation,Mirror-MLA canonical latent cache,one low-dimensional joint KV latent,View-conditioned K/V up-projection or structured code,many logical K/V projections from one latent cache,MLA,NLL / latent cache bytes / view code bytes / throughput,P0,UNTESTED,DIRECT,PA161,Generalize MLA so the cached latent is View-invariant while K/V logical roles are selected on read; absorb up-projections into query/output where possible.,MLA without View is the mandatory base.
MA-695,KV cache transformation,YOCO one-cache + Mirror layer reads,one global YOCO cache,per-cross-layer Mirror read transform,layer-specific logical memory views,YOCO / MLKV,NLL / one-cache bytes / layer diversity / throughput,P0,UNTESTED,DIRECT,PA162;PA08,Recover layer-specific memory functions while preserving YOCO's single global cache.,Use hard identical cache reads as the direct control.
MA-697,KV cache transformation,exact Mirror adapter switching with cache reuse,base/canonical prefix cache,adapter/View transform with known cache map,switchable logical specialists over one prefix cache,aLoRA / standard LoRA reuse,quality / TTFT / cache aliasing / adapter bytes,P0,UNTESTED,DIRECT,PA154;PA155,"Unlike aLoRA, allow the specialist to differ on the prefix but make its cache relation analytically known so switch requires no re-prefill.",Compare to aLoRA restriction and direct standard-LoRA reuse.
MA-699,KV cache transformation,top-k Mirror attention views over one physical cache,one canonical cache,multiple active lazy View transforms,top-k logical attention experts,multi-head/MoE attention with separate caches,quality / cache bytes / active transform compute,P0,UNTESTED,ADJACENT,PA156;PA161,Let several logical attention experts share the same physical cache and differ only in query/output-side View transforms.,Report active attention compute separately; cache sharing is not free top-k compute.
MA-701,Structured transforms,Householder Mirror task views,shared pretrained linear/FFN weights,short product of Householder reflections,many logical task transforms,OFT/BOFT/GSOFT,quality / transform bytes / runtime,P0,UNTESTED,DIRECT,PA171;PA20,Use reflection vectors as a low-description orthogonal View family with tunable reflection count.,Match parameter budget against OFT/BOFT/GSOFT and report matrix-free runtime.
MA-702,Structured transforms,Householder logical experts,one shared FFN expert,expert-specific Householder reflection code,many logical experts from one physical expert,BOFT logical experts / rank-one views,quality / bytes / expert diversity,P0,UNTESTED,ADJACENT,PA171;PA21,Create routed expert diversity with reflection products rather than full expert copies.,Measure pairwise functional diversity and active transform cost.
MA-704,Structured transforms,GSOFT group-shuffle Mirror task views,shared pretrained weights,group-and-shuffle orthogonal code,many dense logical task transforms,GSOFT/BOFT,quality / bytes / transform latency,P0,UNTESTED,DIRECT,PA172;PA21;PA24,Use GS matrices as a hardware-oriented Mirror coordinate and compare their expressivity-per-byte to butterfly/Monarch Views.,"Include realized kernel/runtime cost, not parameter count alone."
MA-705,Structured transforms,GSOFT logical expert bank,one shared FFN expert,expert GS transform code,many routed logical experts,GSOFT + standard MoE,quality / bytes / active compute,P0,UNTESTED,ADJACENT,PA172;PA01,Replace physical expert duplication with group-shuffle views of one expert.,Compare to BOFT/IA3/rank-one expert views under equal bytes.
MA-707,Structured recurrent transforms,scaled-Cayley Mirror recurrent dynamics,shared recurrent/SSM transition basis,compact skew-symmetric plus sign/scale View code,many stable logical recurrent dynamics,orthogonal RNN / task-specific recurrent matrices,sequence quality / stability / bytes,P0,UNTESTED,DIRECT,PA171,Use Cayley-style orthogonal coordinates as stable functional Views for recurrent state transitions.,Report spectral/stability diagnostics and solve/inverse overhead.
MA-708,Structured transforms,low-displacement-rank Mirror layer family,shared displacement generators,task/layer Mirror coefficients over LDR generators,many logical dense linear maps,LDR structured layer,quality / bytes / matvec runtime,P0,UNTESTED,DIRECT,PA173;PA174,Treat displacement generators as the shared physical object and codes as logical matrix coordinates.,Compare Toeplitz-like/LDR rank at matched parameter and runtime budgets.
MA-711,Model merging,DARE-sparsified task deltas as Mirror codes,shared base plus sparse delta basis,task View over retained delta atoms,many task capabilities with sparse logical deltas,DARE + Task Arithmetic/TIES,multi-task quality / delta bytes / interference,P0,UNTESTED,DIRECT,PA175;PA26;PA27,Compress already-sparsifiable task deltas further into reusable Mirror atoms/codes.,DARE alone at identical sparsity is mandatory.
MA-712,Model merging,DARE before parameter-superposition unbinding,shared base and superposed sparse delta tensor,task context binds sparse deltas,many recoverable task models,DARE + Parameter Superposition,quality / interference / bytes vs task count,P0,UNTESTED,ADJACENT,PA175;PA16,Exploit DARE redundancy before binding multiple task deltas into one physical tensor.,Separate gains from sparsity and from superposition.
MA-713,Model merging,DELLA magnitude-aware Mirror delta basis,shared base plus delta atoms,magnitude-aware sampled task View coefficients,many merged logical capabilities,DELLA/TIES,quality / interference / stored delta bytes,P0,UNTESTED,DIRECT,PA176;PA27,Use magnitude-aware retention to decide which components deserve shared Mirror basis capacity.,Compare random DARE-style dropping and plain sparse basis.
MA-714,Model merging,Fisher-weighted Mirror code composition,shared base and task View bank,Fisher/precision-weighted code merge,one composed logical multi-task model,Fisher merging / Task Arithmetic,joint quality / merge cost / metadata bytes,P0,UNTESTED,DIRECT,PA178;PA26,Merge in compact coordinate space using importance weights rather than averaging full task deltas.,Compare full-weight Fisher merging and unweighted code average.
MA-715,Model merging,RegMean statistics -> Mirror merge coefficients,shared base and View basis,layer input-statistics map to View coefficients,merged logical model without source data,RegMean,quality / statistic bytes / merge error,P0,UNTESTED,DIRECT,PA177;PA26,Use RegMean-style Gram statistics to solve for compact View coefficients instead of full layer weights.,Report metadata cost of statistics and compare full RegMean.
MA-716,Model merging,KnOTS-aligned LoRA Mirror bank,shared LoRA basis after joint SVD alignment,task Mirror code in aligned singular space,mergeable logical LoRA tasks,KnOTS + TIES/DARE,quality / alignment rank / adapter bytes,P0,UNTESTED,DIRECT,PA180;PA04,"Align heterogeneous LoRA subspaces first, then learn/compress shared Mirror coordinates.",KnOTS without Mirror compression is mandatory.
MA-718,Model merging,merge-many then factor into reusable Mirror capability atoms,multiple source deltas during training only,capability atom coefficients,compact reusable post-merge logical capability bank,DARE/DELLA/TIES,quality / final bytes / reconstruction of source tasks,P0,UNTESTED,ADJACENT,PA175;PA176;PA27,Use merging as a teacher to discover a smaller reusable functional basis rather than keeping a single irreversible merge.,Require recovery of individual as well as joint capabilities.
MA-719,Model merging,conflict-aware shared/private Mirror merger,shared delta basis plus private exception atoms,conflict score routes components to shared or private storage,merged model with selective private capability residues,RegMean/Fisher/TIES,quality / private fraction / interference,P0,UNTESTED,ADJACENT,PA177;PA178;PA27,Allocate conflicting directions to private residuals instead of forcing all tasks into one shared code.,Sweep conflict threshold and physical private bytes.
MA-722,Bayesian / ensemble geometry,compress SWAG/PCA posterior basis with Mirror factors,shared posterior subspace,factorized View code over covariance directions,posterior samples with smaller basis storage,SWAG / Subspace Inference,NLL / ECE / basis bytes,P0,UNTESTED,ADJACENT,PA181;PA182,Compress the posterior basis itself rather than only sample coefficients.,Track covariance reconstruction and predictive calibration.
MA-725,Efficient ensembles,Packed-Ensemble subnetworks + Mirror member views,packed grouped backbone,member View code,diverse logical ensemble members in one forward layout,Packed-Ensembles / MIMO / BatchEnsemble,accuracy / NLL / diversity / bytes / throughput,P0,UNTESTED,DIRECT,PA184;PA42;PA17,Add cheap functional views to packed subnetworks and test whether diversity can be preserved with more sharing.,Member correlation and actual grouped-kernel throughput are mandatory.
MA-729,Efficient ensembles,uncertainty-triggered adaptive Mirror ensemble width,shared ensemble/View bank,disagreement selects number of active Views,variable-cost logical ensemble,Laplace/Packed-Ensembles,risk-coverage / calibration / active compute,P0,UNTESTED,ADJACENT,PA183;PA184,Spend extra logical members only on uncertain inputs.,Report selective risk and latency distribution.
MA-731,Neural operators,FNO parameter-family Mirror operator views,shared Fourier neural operator,PDE/task Mirror coordinate,many logical solution operators from one physical operator,Fourier Neural Operator,relative solution error / code bytes / runtime,P0,UNTESTED,DIRECT,PA186,Add compact coordinates for families that otherwise require separate operator models or retraining.,Evaluate unseen PDE parameters and resolutions.
MA-732,Neural operators,factorized PDE-coefficient x boundary-condition Mirror code,shared neural operator,physics-parameter factor x boundary-condition factor,combinatorial logical solution operators,FNO/DeepONet conditioning,solution error / bytes / held-out combinations,P0,UNTESTED,ADJACENT,PA186;PA187,Test compositional functional coordinates on physically meaningful factors.,Hold out coefficient-boundary combinations during training.
MA-733,Neural operators,Fourier-mode Mirror transform bank,shared Fourier kernel weights,mode-band View coefficients/transform,domain/task-specific logical spectral operators,FNO,solution error / spectral error / bytes,P0,UNTESTED,DIRECT,PA186;PA45,Specialize spectral response through low-description mode Views rather than separate kernels.,Report high-frequency and extrapolation failure separately.
MA-734,Neural operators,DeepONet branch/trunk Mirror role sharing,shared operator representation,branch/trunk role View code,logical sensor encoder and coordinate decoder roles from shared basis,DeepONet,operator error / bytes / role interference,P0,UNTESTED,DIRECT,PA187,Test whether branch and trunk networks can share more physical structure while preserving role asymmetry through Views.,Compare ordinary tied/untied branch-trunk controls.
MA-736,Neural operators,shared operator + sparse private physics residual,shared neural operator basis,physics View plus low-rank/private residual,common PDE families with rare regime-specific operators,FNO/DeepONet + private operator,error / private bytes / regime shift,P0,UNTESTED,ADJACENT,PA186;PA187;PA18,Use shared View geometry for common physics and pay private capacity only for mismatched regimes.,Sweep regime heterogeneity.
MA-738,Neural operators,MoE neural-operator bank compressed by Mirror views,shared operator/expert basis,regime router plus operator View code,specialized logical PDE/operator experts,FNO + MoE,solution error / active compute / bytes,P0,UNTESTED,ADJACENT,PA186;PA02,Use routing for regime choice while sharing most operator parameters through Views.,Compare full operator experts and one universal FNO.
MA-740,Neural operators,few-observation operator adaptation by Mirror code only,frozen shared operator,small code optimized/inferred from sparse observations,new logical operator instance without weight update,DeepONet/CAVIA-style latent adaptation,few-shot operator error / adaptation steps / bytes,P0,UNTESTED,ADJACENT,PA187;PA129,Adapt only a low-dimensional functional coordinate to a new physical system.,Compare full finetuning and latent-context baselines.
MA-741,Relational / graph models,R-GCN relation weights as Mirror views,shared relation basis transformations,relation Mirror code,many logical relation-specific message transforms,R-GCN basis decomposition,link/entity quality / bytes per relation,P0,UNTESTED,DIRECT,PA188,Replace free per-relation basis coefficients with structured/factorized functional coordinates.,R-GCN basis decomposition is mandatory.
MA-743,Relational / graph models,CompGCN composition + Mirror residual relation view,shared graph convolution transform,composed entity-relation embedding plus small View residual,richer logical relation functions,CompGCN,link prediction / code bytes / relation generalization,P0,UNTESTED,DIRECT,PA189;PA188,Measure marginal value of Mirror geometry beyond explicit entity-relation composition.,Compare CompGCN alone at matched dimension.
MA-744,Relational / graph models,factorized relation x layer Mirror GNN,shared GNN layer basis,relation factor x layer factor,logical relation transforms across depth,R-GCN/CompGCN,quality / bytes / held-out pairs,P0,UNTESTED,ADJACENT,PA188;PA189,Avoid Cartesian per-relation-per-layer matrices with factorized functional coordinates.,Evaluate unseen relation-layer pairings.
MA-746,Relational / graph models,add-new-relation by Mirror code only,frozen/shared graph encoder,new relation code inferred from examples/text,new logical relation transform without new matrix,R-GCN/CompGCN + meta embedding,few-shot link quality / bytes / steps,P0,UNTESTED,ADJACENT,PA188;PA189;PA129,Test extensibility where relation growth costs only a compact code.,Compare learning a full new relation matrix/vector.
MA-749,Relational / graph models,shared relation basis + private rare-relation residual,shared R-GCN basis,relation View plus private residual,common and exceptional logical relation transforms,R-GCN basis + independent rare matrices,quality / private fraction / bytes,P0,UNTESTED,ADJACENT,PA188;PA18,Use shared coordinates for common structure and reserve private capacity for relations that do not fit.,Stratify by relation frequency and semantics.
MA-751,Diffusion control,ControlNet branch compressed into Mirror views,frozen diffusion backbone plus shared control basis,control-type Mirror code,many logical spatial controllers,ControlNet,control fidelity / image quality / extra bytes / FLOPs,P0,UNTESTED,DIRECT,PA190,Replace large per-condition trainable encoder copies with one shared control basis plus compact Views.,ControlNet per-condition branch is mandatory.
MA-752,Diffusion control,factorized control-type x UNet-depth Mirror coordinate,shared control network/basis,condition factor x resolution/depth factor,logical controls across all injection sites,ControlNet/T2I-Adapter,control score / bytes / held-out combinations,P0,UNTESTED,ADJACENT,PA190;PA191,Factor condition identity from injection depth instead of storing independent adapters at every site.,Hold out condition-depth combinations.
MA-753,Diffusion control,T2I-Adapter bank -> shared Mirror adapter basis,shared guidance-feature basis,condition Mirror code,many logical guidance adapters,T2I-Adapter,control fidelity / adapter bytes / composition quality,P0,UNTESTED,DIRECT,PA191,Compress the explicit bank of condition-specific adapters while retaining plug-and-play composition.,Compare independent T2I-Adapters.
MA-755,Diffusion control,Ctrl-Adapter cross-backbone Mirror bridge,shared control feature bridge,source-control x target-backbone View code,logical adapters across many diffusion backbones,Ctrl-Adapter,control quality / bridge bytes / transfer compute,P0,UNTESTED,DIRECT,PA193,Factor the mapping between pretrained controls and target backbones into reusable functional coordinates.,Evaluate unseen control/backbone pairings.
MA-756,Diffusion control,CtrLoRA shared control basis + Mirror condition codes,shared low-rank control basis,condition/task Mirror code,many logical controllable-generation adapters,CtrLoRA / LoRA bank,control quality / adapter bytes / interference,P0,UNTESTED,DIRECT,PA194;PA04,Compress extensible control LoRAs into a shared basis with condition-specific coordinates.,Compare full CtrLoRA bank and VeRA-style scaling.
MA-757,Diffusion control,factorized diffusion-timestep x control Mirror coordinate,shared denoiser/control basis,timestep factor x control factor,time-varying logical control functions,ControlNet/T2I-Adapter,control fidelity / FID-like quality / code bytes,P0,UNTESTED,ADJACENT,PA190;PA191,Let the same physical controller change role across denoising time without per-timestep parameters.,Test unseen timestep/control compositions and schedule robustness.
MA-758,Diffusion control,precompose multi-control Mirror codes before one adapter pass,shared control basis,weighted/signed composition of condition codes,joint logical control from one synthesized adapter,T2I-Adapter/Ctrl-Adapter multi-control,control quality / active FLOPs / bytes,P0,UNTESTED,ADJACENT,PA191;PA193,Compose controls in code space to avoid evaluating many independent control adapters.,Must match stronger multi-adapter execution.
MA-761,Neural cellular automata,GoalNCA goal embedding as Mirror functional coordinate,one shared local update rule,goal/task Mirror code broadcast to cells,many logical global behaviors,Goal-Guided NCA,task success / code bytes / rollout stability,P0,UNTESTED,DIRECT,PA196,Replace or structure arbitrary goal embeddings as functional coordinates over one physical local rule.,Test unseen goal interpolation/composition.
MA-762,Neural cellular automata,Mirror family of local NCA update rules,shared update-rule basis,rule View code,many logical cellular dynamics from one physical rule basis,Growing NCA,morphology/task quality / bytes / rollout cost,P0,UNTESTED,ADJACENT,PA195,Create multiple local update functions without duplicating the full NCA network.,Compare one universal conditional NCA.
MA-764,Neural cellular automata,attention-conditioned dynamic Mirror NCA rule,shared NCA update basis,local-attention context generates View code,context-specific logical update functions,Attention-based NCA,task quality / generator cost / robustness,P0,UNTESTED,DIRECT,PA197,Use attention to select compact update-rule coordinates instead of only passing richer features.,Compare Attention NCA without dynamic rule Views.
MA-765,Neural cellular automata,multi-morphology Mirror code bank,shared local update rule,morphology/target View code,many regenerating logical organisms/patterns,Growing NCA / GoalNCA,target reconstruction / recovery / code bytes,P0,UNTESTED,ADJACENT,PA195;PA196,Measure useful logical multiplicity of stable morphologies per physical rule and per stored code.,Damage/recovery tests are mandatory.
MA-767,Neural cellular automata,online task adaptation in Mirror-code space,shared self-organising network,online-updated functional coordinate,new logical tasks during deployment,Online Task Adaptation via Self-Organisation,online return/accuracy / adaptation steps / state bytes,P0,UNTESTED,DIRECT,PA198,Restrict online self-organisation adaptation to compact functional coordinates and test retention/transfer.,Compare adapting full local-rule parameters/state.
MA-770,Benchmark / meta-experiment,functional-coordinate universality cross-domain benchmark,shared harness conventions across LM/GNN/operator/diffusion/NCA,same code-budget classes across domains,comparable logical-function rate-quality frontiers,best family-specific controls,quality / serialized bytes / active compute / adaptation cost,P0,UNTESTED,ADJACENT,PA172;PA177;PA184;PA186;PA188;PA190;PA196,Test whether the Mirror premise transfers across fundamentally different computation domains rather than only Transformers.,Normalize by domain-specific quality and actual physical storage; no aggregate score without per-domain frontiers.
MA-771,Invertible / flow views,RealNVP coupling Mirror activation view,shared frozen representation or block,task/behavior code modulates affine coupling transform,many invertible logical activation functions,RealNVP / linear activation steering,behavior quality / logdet-or-Jacobian cost / code bytes,P0,UNTESTED,ADJACENT,PA199;PA97,Use an exactly invertible coupling map as the View so a small latent intervention becomes a nonlinear input-dependent functional change.,Compare to linear steering and equally sized non-invertible MLP intervention.
MA-772,Invertible / flow views,factorized condition x behavior coupling code,shared coupling network,condition factor x behavior factor,composed conditional logical interventions,conditional normalizing flow / CAST,conditional accuracy / held-out pairs / bytes,P0,UNTESTED,ADJACENT,PA199;PA101,Factor when-to-act from what-behavior inside an invertible transformation family.,Hold out condition-behavior combinations.
MA-773,Invertible / flow views,composed invertible Mirror task transforms,shared invertible transform atoms,ordered composition of coupling/View codes,composite logical functions with exact inverse,RealNVP / flow composition,composition quality / inverse-cycle error / bytes,P0,UNTESTED,DIRECT,PA199,Exploit closure under composition rather than adding View vectors.,Compare raw additive activation composition and sequential adapters.
MA-775,Invertible / flow views,i-ResNet Mirror residual view family,shared residual block,contractive invertible residual View code,many reversible logical block functions,i-ResNet / reversible PEFT,quality / inversion iterations / bytes / stability,P0,UNTESTED,DIRECT,PA200;PA48,Create task/role variation within an invertible residual family while preserving reconstructibility.,Report inverse convergence and Lipschitz/stability margins.
MA-776,Representation-space views,INNSteer Mirror nonlinear latent warp,frozen LM activations plus shared invertible mapper,behavior View in learned invertible latent space,nonlinear input-dependent logical interventions,INNSteer / LoReFT / linear steering,behavior / off-target / mapper bytes / latency,P0,UNTESTED,DIRECT,PA201;PA96;PA97,Treat the invertible latent map as a learned coordinate chart and compress multiple steering behaviors into a shared Mirror chart plus codes.,INNSteer per-behavior mapper/steer baseline is mandatory.
MA-777,Representation-space views,factorized condition x behavior INNSteer Mirror code,shared invertible activation chart,condition factor x behavior translation/View,conditional nonlinear logical interventions,INNSteer + CAST,conditional success / false trigger / held-out combinations,P0,UNTESTED,ADJACENT,PA201;PA101,Test whether one nonlinear chart supports compositional condition-behavior coordinates.,Use unseen pairings and off-target activation metrics.
MA-780,Benchmark / meta-experiment,invertible-view frontier benchmark,common frozen backbone/representation,View family selector,comparable logical interventions across linear/OFT/flow/i-ResNet/INNSteer,OFT/ReFT/INNSteer,quality / bytes / latency / inverse error,P0,UNTESTED,ADJACENT,PA20;PA96;PA199;PA200;PA201,Determine when exact invertibility buys useful nonlinear functional freedom versus merely extra transform cost.,Use matched code and mapper budgets.
MA-781,MoE reuse / upcycling,MoRE shared expert pool + Mirror depth views,expert pool shared across adjacent layers,depth Mirror code conditions reused expert,layer-specific logical experts from reused physical experts,MoRE,NLL / expert bytes / routing diversity / runtime,P0,UNTESTED,DIRECT,PA204,Replace or enrich MoRE depth embeddings with structured Mirror Views and test whether reused experts recover stronger layer-specific functions.,MoRE learned depth embedding is mandatory.
MA-783,MoE reuse / upcycling,UniPool global expert pool + Mirror layer role,single global expert pool,layer View code on expert input/output,logical layer-specialized uses of globally shared experts,UniPool,NLL / expert bytes / depth diversity,P0,UNTESTED,DIRECT,PA205,Add functional layer roles to a global expert budget instead of allocating layer-owned experts.,UniPool without Views is the direct control.
MA-784,MoE reuse / upcycling,adaptive pool size + Mirror logical expert multiplicity,global expert pool,pool-size setting plus logical View code,variable physical pool supporting larger logical expert set,UniPool / standard MoE,quality / physical experts / active compute,P0,UNTESTED,ADJACENT,PA205,Ask whether Mirror Views reduce the physical pool size needed at a target quality.,Sweep physical pool count at fixed active K.
MA-785,MoE compression,M-SMoE merged expert + Mirror residual re-specialization,routing-guided merged experts,original-expert View code around merged expert,recover logical pre-merge experts from fewer physical experts,MC-SMoE,quality / physical bytes / recovery error,P0,UNTESTED,DIRECT,PA203,"After routing-guided merging creates low-dimensional experts, use compact Views to recover useful distinctions instead of storing originals.",Compare MC-SMoE alone and low-rank decompression.
MA-786,MoE compression,merged-expert cluster -> logical expert View bank,one dominant merged expert per cluster,member-specific Mirror code,many logical cluster members from one physical merged expert,M-SMoE,expert imitation / task quality / code bytes,P0,UNTESTED,ADJACENT,PA203,Treat an expert-merge cluster as an empirical orbit and explicitly test whether member differences fit a low-description View family.,Measure per-member reconstruction and routed end-task quality.
MA-787,MoE upcycling,Expert-Upcycling duplicate + Mirror symmetry-breaking code,duplicated warm-start experts,small copy-specific Mirror code,specialized logical child experts,Expert Upcycling,loss recovery / CPT tokens / extra bytes,P0,UNTESTED,DIRECT,PA206,Break duplicated-expert symmetry immediately with cheap structured codes before full weights diverge.,Compare random bias/noise and ordinary continued pretraining.
MA-788,MoE upcycling,utility-weighted physical duplication vs Mirror logical duplication,source expert pool,utility score chooses physical copy or new View,hybrid logical/physical expert expansion,Expert Upcycling,quality / GPU-hours / physical bytes,P0,UNTESTED,ADJACENT,PA206,Use expensive physical duplication only for high-utility experts that a View cannot diversify sufficiently.,Predeclare duplication threshold and count both CPT and storage.
MA-789,MoE upcycling,cluster-aware SVD expert subspace + Mirror codes,dense FFN or source expert,cluster subspace basis plus expert View,semantically initialized logical experts,Cluster-Aware Upcycling,quality / expert similarity / bytes / convergence,P0,UNTESTED,DIRECT,PA207,Replace separate SVD-initialized expert weights with a shared subspace and cluster-specific functional coordinates.,Compare full cluster-aware upcycling.
MA-790,MoE upcycling,SIMoE sparse interpolation coefficients -> Mirror factorization,shared interpolation anchors,expert Mirror code generates sparse interpolation coefficients,many logical upcycled experts,SIMoE,quality / coefficient bytes / specialization,P0,UNTESTED,DIRECT,PA208,Factor or compress sparse expert interpolation weights into reusable coordinates.,SIMoE free sparse coefficients are mandatory.
MA-791,MoE compression,REAP prune + Mirror recovery views,pruned expert set,removed-expert View around retained expert/basis,logical expert recovery after one-shot pruning,REAP Experts,quality / physical experts / code bytes,P0,UNTESTED,DIRECT,PA209,"Use Views only for experts whose removal contributes meaningful reconstruction error, testing whether logical multiplicity can exceed retained physical count.",Compare pure pruning and merge-based recovery.
MA-792,MoE routing,Routing-Free MoE + Mirror expert self-activation views,shared/reused expert basis,expert View also controls self-activation,logical experts without central router,Routing-Free MoE,NLL / balance / router bytes / active compute,P0,UNTESTED,DIRECT,PA210,Combine functional specialization and activation decision inside the logical expert instead of a separate router.,Keep routing-free adaptive balancing as control.
MA-794,MoE reuse / upcycling,factorized depth x expert code over global reused pool,one global/reused expert pool,depth factor x expert factor,Cartesian logical layer-expert roles,MoRE + UniPool,NLL / bytes / held-out depth-expert roles,P0,UNTESTED,ADJACENT,PA204;PA205,Unify cross-depth reuse with factorized functional specialization instead of layer-specific embeddings/tables.,Audit unseen factor combinations and load balance.
MA-795,MoE compression,learn-many experts -> merge/prune -> Mirror logical recovery,overcomplete trained MoE then compact physical pool,View codes reconstruct discarded distinctions,compact physical pool with larger logical expert set,MC-SMoE + REAP,quality / bytes / active compute / recovered roles,P0,UNTESTED,ADJACENT,PA203;PA209,Use empirical expert redundancy to discover the shared physical basis before fitting logical Views.,"Compare small-from-start, merge-only and prune-only."
MA-796,Latent dynamics,low-rank RNN shared components + Mirror task code,shared low-dimensional recurrent components,task View selects/modulates shared latent dynamics,many compositional logical tasks,low-rank compositional RNN,task accuracy / latent rank / code bytes,P0,UNTESTED,DIRECT,PA212,Turn the theory's shared latent dynamical components into explicit compact task coordinates.,Use tasks with known shared components and perturbation tests.
MA-797,Latent dynamics,factorized task-dependence locus code,shared low-rank recurrent core,input vs recurrent vs readout locus factor x task factor,qualitatively distinct logical task solutions,low-rank compositional RNN,quality / rank / intervention locus / bytes,P0,UNTESTED,ADJACENT,PA212,Parameterize where task dependence enters rather than hiding all variation in one flat code.,Ablate input/recurrent/readout loci separately.
MA-798,Latent dynamics,compositional latent component Mirror bank,shared recurrent latent basis,sparse/signed component code,novel logical task combinations,low-rank RNN / modular RNN,held-out composition / rank / bytes,P0,UNTESTED,ADJACENT,PA212,Use identified shared dynamical components as reusable Mirror atoms and test unseen compositions.,Component-count is not capacity without behavior.
MA-800,Compositional weight atoms,Vector-Network rank-1 atoms + Mirror coefficient code,library of reusable rank-1 weight atoms,sparse Mirror atom coefficients,input-specific logical low-rank weights,Vector Networks,OOD composition / active atoms / bytes,P0,UNTESTED,DIRECT,PA213,Treat inferred rank-1 weight atoms as the physical basis and compress/structure their coefficients across tasks/inputs.,Vector Network local inference is mandatory.
MA-801,Compositional weight atoms,factorized task x state Vector-Network code,shared rank-1 atom library,slow task factor x fast input/state factor,dynamic logical weights,Vector Networks / fast weights,OOD quality / inference iterations / code bytes,P0,UNTESTED,ADJACENT,PA213;PA25,Separate persistent task identity from per-sample atom inference.,Evaluate novel task-state combinations.
MA-802,Koopman / latent dynamics,Deep-Koopman Mirror regime views,shared encoder/decoder and latent linear dynamics basis,regime/task Mirror code on latent operator,many logical dynamical systems,Deep Koopman embedding,forecast/control error / code bytes / spectral stability,P0,UNTESTED,DIRECT,PA214,Use a shared invertible/encoded latent coordinate system and cheap operator Views instead of one Koopman matrix per regime.,Compare conditional latent dynamics baseline.
MA-803,Koopman / latent dynamics,factorized Koopman eigenmode Mirror code,shared latent eigenmodes,task factor selects/scales/rotates modes,composed logical dynamics,Koopman model / S4 spectral views,forecast error / spectral error / bytes,P0,UNTESTED,ADJACENT,PA214;PA74,Represent task variation in spectral mode coordinates rather than dense transition matrices.,Audit unstable eigenvalues and extrapolation.
MA-804,Koopman / latent dynamics,shared Koopman operator + sparse private nonlinear residual,shared latent linear operator basis,Mirror operator code plus private nonlinear correction,common and exceptional dynamical regimes,Deep Koopman + residual dynamics,forecast error / private bytes / horizon stability,P0,UNTESTED,ADJACENT,PA214;PA18,Use cheap shared linearizable dynamics where possible and pay private nonlinear capacity only for mismatch.,Report long-horizon compounding error.
MA-805,Koopman / neural operators,Koopman Neural Operator + Mirror parameter views,shared Koopman neural operator,PDE/system parameter Mirror code,many logical nonlinear evolution operators,Koopman Neural Operator / FNO,solution error / code bytes / rollout runtime,P0,UNTESTED,DIRECT,PA215;PA186,Combine operator-family learning with compact latent-linear dynamical coordinates.,Compare FNO and unconditioned KNO.
MA-806,Robot / action policies,INN-adapter Mirror task code for one-step flow policy,shared flow-matching policy and invertible adapter basis,task/skill Mirror code,many logical manipulation policies,INN Adapter / flow matching,success / latency / adapter bytes,P0,UNTESTED,DIRECT,PA202,Share the invertible action-refinement geometry and store only small skill coordinates.,Preserve one-step inference; iterative diffusion is an upper-compute control.
MA-807,Robot / action policies,factorized embodiment x task invertible policy code,shared multimodal policy,robot/embodiment factor x task factor,cross-embodiment logical skills,INN Adapter / multi-robot policy,success / held-out pairs / code bytes,P0,UNTESTED,ADJACENT,PA202,Separate embodiment geometry from task function in the invertible latent action space.,Hold out embodiment-task pairings.
MA-809,Robot / action policies,shared invertible action latent + sparse private skill residual,shared action adapter basis,skill View plus private correction,common motor structure with rare private skills,INN Adapter + private LoRA,success / private bytes / robustness,P0,UNTESTED,ADJACENT,PA202;PA18,Quantify which skills fit one invertible action manifold and which need private capacity.,Use OOD objects/environments.
MA-810,Robot / compositional control,motor option adapter bank compressed by Mirror basis,shared recurrent motor core and adapter basis,option Mirror code,many reusable motor primitives,Option Adapter Banks,control error / adapter bytes / sequence generalization,P0,UNTESTED,DIRECT,PA216,Replace a bank of residual option adapters with shared functional atoms/codes while preserving option composability.,Full adapter bank is mandatory.
MA-811,Robot / compositional control,factorized option identity x sequence position code,shared motor core,option factor x temporal/program-position factor,same motor primitive in different compositional roles,Option Adapter Banks,OOD sequence error / bytes / steps,P0,UNTESTED,ADJACENT,PA216,Let an option change logical role by position without duplicating its adapter.,Evaluate unseen option orders.
MA-813,Robot / compositional control,add-new motor skill by Mirror code only,frozen motor core/adapter basis,new option code,new logical skill without new adapter matrix,Option Adapter Banks / PEFT policy,few-shot success / steps / skill bytes,P0,UNTESTED,ADJACENT,PA216;PA129,Measure extensibility of a frozen control substrate using only compact skill coordinates.,Compare new low-rank adapter.
MA-816,Compositional computation,what x how Mirror factorization,shared recurrent/computational core,content/what code x operation/how code,novel logical computations from factor recombination,what/how compositional RNN,held-out composition / bytes / interference,P0,UNTESTED,DIRECT,PA217,Make the separation between represented content and applied computation explicit in Mirror coordinates.,Hold out cross-product combinations.
MA-817,Compositional computation,add-new what without changing how,shared computation mechanisms,new content Mirror code only,new logical operands under existing operations,what/how compositional RNN,continual transfer / bytes / forgetting,P0,UNTESTED,ADJACENT,PA217,Test asymmetric extensibility of the factorization.,Compare retraining shared core.
MA-819,Multi-system prediction,ESE equilibrium state as Mirror shared coordinate,shared simultaneous forecaster,system-role View around common equilibrium state,many interacting logical system forecasts,Equilibrium State Estimation,forecast error / state bytes / speedup,P0,UNTESTED,DIRECT,PA218,Use compact system Views to specialize a common equilibrium representation without reverting to one model per system.,Preserve single-pass simultaneous prediction.
MA-821,Matrix memory,rank-adaptive Mirror matrix memory,shared matrix-memory basis/decoder,task code allocates effective rank,logical memories with task-matched capacity,matrix-memory rank law,task accuracy / effective rank / state bytes,P0,UNTESTED,DIRECT,PA219,Allocate only the representation rank causally required by the task rather than a fixed state width.,Use hard bottlenecks and effective-rank diagnostics.
MA-822,Matrix memory,group-composition Mirror memory representation,shared matrix memory,group/task code selects low-rank representation,logical algebraic state trackers,matrix-memory rank law,composition accuracy / rank / bytes,P0,UNTESTED,ADJACENT,PA219;PA46,Test whether Mirror group coordinates reach the minimal faithful representation dimension without redundant rank.,Compare exact group representations where known.
MA-823,Programmable architecture,GrapNet program graph as Mirror architecture code,shared neural graph substrate/node functions,graph-program Mirror code,many logical architectures/programs from one substrate,GrapNet / modular routing,task quality / program bytes / active nodes,P0,UNTESTED,DIRECT,PA220;PA127,Treat architecture connectivity itself as a functional coordinate rather than only module weights.,Count graph metadata and dynamic execution cost.
MA-824,Programmable architecture,factorized topology x node-function Mirror code,shared graph substrate and function basis,topology factor x node-function View factor,compositional logical neural programs,GrapNet / Neural Interpreter,quality / held-out programs / bytes,P0,UNTESTED,ADJACENT,PA220;PA128,Separate where computation flows from what each reused node computes.,Hold out topology-function combinations.
MA-826,KAN / edge functions,GS-KAN parent function + Mirror edge views,one shared parent univariate function per layer,edge-specific affine/structured View code,many logical edge functions,GS-KAN,quality / parent-function bytes / edge-code bytes,P0,UNTESTED,DIRECT,PA222;PA221,Treat GS-KAN's transformed shared parent function as an explicit functional-coordinate prior and test richer/compositional Mirror edge codes.,GS-KAN parameterization is mandatory; do not compare only to standard KAN.
MA-827,KAN / edge functions,factorized source-node x target-node KAN edge code,shared parent/basis functions,source factor x target factor,Cartesian logical edge functions without one code per edge,GS-KAN / standard KAN,approximation error / bytes / held-out edges,P0,UNTESTED,ADJACENT,PA222,Factor the edge address itself rather than storing an independent transform for every connection.,Hold out source-target edge combinations.
MA-828,KAN / logical experts,shared KAN parent basis + logical FFN expert Views,shared KAN edge-function basis,expert Mirror code modulates edge functions,many logical nonlinear experts,KAN / MoE / GS-KAN,task quality / expert bytes / active edge compute,P0,UNTESTED,ADJACENT,PA221;PA222;PA01,Move expert diversity into reusable edge-function coordinates rather than dense expert matrices.,Compare dense MoE and GS-KAN with equal physical function budget.
MA-829,KAN / adapters,KanAdapter bank compressed by Mirror parent functions,shared GR-KAN adapter basis,task/domain adapter View code,many logical KAN adapters,KanAdapter,downstream quality / trainable bytes / forgetting,P0,UNTESTED,DIRECT,PA224,Compress multiple KAN adapters into shared functional parents plus compact task codes.,Independent KanAdapters are mandatory.
MA-830,KAN / adapters,factorized task x layer KanAdapter code,shared KAN adapter parent functions,task factor x layer factor,layer-specific logical adapters,KanAdapter / HyperFormer,quality / bytes / held-out task-layer pairs,P0,UNTESTED,ADJACENT,PA224;PA118,Avoid a separate KAN adapter parameterization for every task-layer pair.,Evaluate unseen task-layer combinations.
MA-832,KAN / shared-private,shared KAN parent + sparse private edge residual,shared parent functions,edge/task View plus private spline/rational residual,common and exceptional logical edge functions,GS-KAN + standard KAN residual,quality / private-function bytes / edge sparsity,P0,UNTESTED,ADJACENT,PA222;PA18,Use a shared functional parent where possible and allocate private edge functions only where residual error remains high.,Sweep private-edge fraction.
MA-833,KARC / dynamical basis,KARC basis-family Mirror dynamics code,shared explicit basis-function expansion,task/system View on basis coefficients/readout,many logical dynamical predictors,KARC,forecast error / basis bytes / readout bytes,P0,UNTESTED,DIRECT,PA223,Treat explicit KARC basis functions as the physical function bank and store only compact system/task coordinates.,KARC with independent closed-form readouts is mandatory.
MA-834,KARC / dynamical basis,adaptive Fourier x spline x Chebyshev Mirror basis mixture,shared heterogeneous KARC basis bank,sparse basis-family View code,logical predictors with task-selected nonlinear features,KARC basis sweep,forecast error / active features / bytes,P0,UNTESTED,ADJACENT,PA223,Select reusable basis families per task instead of fixing one expansion globally.,Count active feature evaluation cost.
MA-835,KARC / continual dynamics,new dynamical system by Mirror code before new basis growth,frozen KARC basis bank,new system coordinate/readout code,new logical dynamics without reservoir redesign,KARC / reservoir retraining,few-shot forecast / adaptation samples / bytes,P0,UNTESTED,ADJACENT,PA223,Try coordinate/readout adaptation first and expand physical basis only on demonstrated insufficiency.,Track basis-growth events and long-horizon stability.
MA-836,Tangent / NTK geometry,NTK-orthogonal Mirror task codebook,shared PEFT/tangent feature basis,task codes constrained by NTK feature orthogonality,low-interference logical continual tasks,NTK-CL / PEFT,retention / inter-task NTK / bytes,P0,UNTESTED,DIRECT,PA225,Use task-level feature orthogonality as a measurable geometry for separating Mirror codes.,Report intra-task and inter-task NTK statistics.
MA-837,Tangent / NTK geometry,NTK-CL feature generator emits Mirror coordinate,shared adaptive feature generator,task/input -> compact View code,logical task features without per-task parameters,NTK-CL,continual quality / task storage / generator bytes,P0,UNTESTED,DIRECT,PA225,Compress the task-relevant feature adaptation into an explicit reusable functional coordinate.,NTK-CL no-task-storage baseline is mandatory.
MA-838,Tangent / linearized tuning,linearized fine-tuning Mirror tangent coordinates,pretrained model Jacobian/tangent features,task Mirror coefficients in tangent space,many logical fine-tuned models,linearized fine-tuning / LoRA,quality / tangent rank / task bytes,P0,UNTESTED,DIRECT,PA226;PA33,If fine-tuning is well approximated by first-order linearization then store task functions as tangent coordinates rather than full deltas.,Measure linearization error before claiming compression.
MA-840,Tangent / shared-private,tangent Mirror basis + nonlinear private residual,shared linearized/tangent basis,task tangent code plus private nonlinear residual,mostly linearizable logical tasks with exceptions,linearized tuning + LoRA residual,quality / private bytes / linearization gap,P0,UNTESTED,ADJACENT,PA226;PA18,Use first-order shared geometry where valid and pay private capacity only for nonlinear fine-tuning effects.,Stratify by measured linearization error.
MA-841,AI Engram / memory geometry,AI-engram bank compressed by Mirror basis,closed-form causal memory traces,memory/concept Mirror coefficients,many logical memories,AI Engram,memory efficacy / locality / bytes per memory,P0,UNTESTED,DIRECT,PA227,Compress causally validated memory traces into reusable geometric atoms rather than heuristic task vectors.,Preserve specificity/reactivation/sufficiency/necessity tests.
MA-842,AI Engram / memory geometry,compositional Mirror engram arithmetic,shared engram basis,signed/sparse memory code,composed logical memories,AI Engram linear arithmetic,composition efficacy / interference / bytes,P0,UNTESTED,DIRECT,PA227,Test whether structured code composition improves over raw engram addition/subtraction.,Use simultaneous multi-memory induction and retrieval.
MA-843,AI Engram / unlearning,Mirror engram code for reversible knowledge erase/restore,shared engram basis,signed memory coordinate,removable/restorable logical knowledge,AI Engram / MEMIT/ROME erase,erase efficacy / restoration / collateral damage,P0,UNTESTED,ADJACENT,PA227;PA135;PA136,Use compact causal memory coordinates for reversible unlearning.,Cycle erase/restore and audit unrelated knowledge.
MA-844,Information geometry,Fisher-metric Mirror code distance,shared functional basis on parameter manifold,code geometry measured/regularized by Fisher metric,logical functions separated by information distance,AI Engram / natural gradient,quality / Fisher distance / interference,P0,UNTESTED,DIRECT,PA227;PA178,Replace Euclidean code distance with information-geometric distance aligned to functional sensitivity.,Compare Euclidean/orthogonal code regularizers.
MA-845,AI Engram / continual memory,engram-first memory allocation then private weights,base model + shared engram basis,new memory code or fallback private edit,adaptive logical memory growth,AI Engram + GRACE/SERAC,retention / bytes per memory / fallback rate,P0,UNTESTED,ADJACENT,PA227;PA138;PA139,Try a causal compact memory trace before allocating an external/private edit entry.,Predeclare fallback condition and sequential-memory protocol.
MA-846,Plasticity / fast state,differentiable-plasticity Mirror coefficient bank,shared slow weights and plastic connections,task View on plasticity coefficients,many logical online learners,Differentiable Plasticity,meta-learning quality / plastic-state bytes / adaptation speed,P0,UNTESTED,DIRECT,PA228,Treat learned plasticity coefficients as persistent functional coordinates rather than fixed per-connection metadata.,Compare independent plasticity tensors.
MA-847,Plasticity / fast state,Hebbian fast-weight Mirror basis,shared slow representation and fast-weight basis,task/session code structures Hebbian fast state,many transient logical memories/functions,Hebbian Fast Weights,one-shot quality / fast-state bytes / write cost,P0,UNTESTED,DIRECT,PA229,Compress the writable fast-weight state into a reusable basis plus transient coordinates.,Compare full Hebbian fast matrix.
MA-848,Plasticity / fast state,slow task code x fast Hebbian state factorization,shared slow network,persistent task factor x online Hebbian factor,task-specific rapidly adapting logical functions,Hebbian Fast Weights / CAVIA,adaptation / state bytes / held-out task-context combos,P0,UNTESTED,ADJACENT,PA229;PA129,Separate persistent identity from transient associative binding.,Reset fast state between episodes and audit leakage.
MA-851,DeltaNet / fast matrix state,DeltaNet fast matrix as Mirror writable state,shared delta-rule update machinery,structured low-rank/View state,logical associative memories/functions,DeltaNet,retrieval / state bytes / throughput,P0,UNTESTED,DIRECT,PA230;PA25,Constrain the writable matrix-valued state to a compact functional-coordinate family.,Compare native full DeltaNet state at matched hidden size.
MA-852,DeltaNet / fast matrix state,task-conditioned DeltaNet update-rule Mirror,shared fast-weight state,task/domain code modulates delta update,domain-specific logical memory dynamics,DeltaNet / Mamba,NLL / recall / code bytes / stability,P0,UNTESTED,ADJACENT,PA230;PA73,Separate shared memory substrate from task-specific write/erase dynamics.,Long-context retrieval is mandatory.
MA-855,Benchmark / meta-experiment,online functional-state frontier,common adaptation tasks,state family selector,comparable fast functions across CAVIA/Hebbian/DeltaNet/Mirror,CAVIA / Hebbian / DeltaNet,quality / writable bytes / write FLOPs / latency,P0,UNTESTED,ADJACENT,PA129;PA229;PA230,Compare persistent-parameter adaptation against writable-state adaptation at equal information budgets.,Separate training cost from online write cost.
MA-856,Model manifold / subspaces,learned neural-subspace Mirror coordinate,one learned line/curve/simplex of weights,continuous subspace coordinate,many high-quality logical models,Learning Neural Network Subspaces,quality / subspace bytes / coordinate bytes,P0,UNTESTED,DIRECT,PA231,Treat the learned low-loss subspace itself as the physical object and Mirror coordinate as location within it.,Subspace-training baseline is mandatory.
MA-857,Model manifold / subspaces,task vertices in shared learned simplex + Mirror interpolation,learned neural simplex,task/factor barycentric code,task and interpolated logical models,Learning Neural Network Subspaces / Model Soups,quality / robustness / bytes,P0,UNTESTED,ADJACENT,PA231;PA28,Use a jointly trained low-loss simplex rather than post-hoc task-vector interpolation.,"Test endpoints, interior and held-out mixtures."
MA-858,Model manifold / connectivity,Bezier-surface Mirror model chart,low-loss Bezier surface connecting trained models,2D/low-d surface coordinate,many logical models on connected manifold,Bezier mode connectivity,quality / surface-control bytes / interpolation loss,P0,UNTESTED,DIRECT,PA232,Use a low-dimensional learned surface as an explicit functional coordinate chart.,Count surface control points as physical storage.
MA-860,Model manifold / continual,new task projected onto existing low-loss Mirror subspace,shared learned subspace/simplex,new task coordinate,new logical task without full checkpoint,Learning Neural Network Subspaces / intrinsic tuning,few-shot quality / basis growth / task bytes,P0,UNTESTED,ADJACENT,PA231;PA33,Try fitting new tasks inside an empirically high-quality model manifold before adding new basis dimensions.,Track projection residual and subspace-growth events.
MA-862,Model manifold / symmetry,symmetry-aligned mode surface + Mirror code,canonicalized/aligned model endpoints,surface coordinate after Re-Basin-like alignment,logical connected models without permutation artifacts,mode connectivity + Re-Basin,path loss / surface dimension / bytes,P0,UNTESTED,ADJACENT,PA232;PA37,Remove symmetry-induced apparent distance before learning the functional manifold.,Compare unaligned surface.
MA-864,Model manifold / shared-private,shared low-loss manifold + private off-manifold residual,shared subspace/surface,task coordinate plus private residual,mostly connected logical models with outliers,subspace training + private delta,quality / residual bytes / distance-to-manifold,P0,UNTESTED,ADJACENT,PA231;PA18,Allocate private capacity according to measured off-manifold residual.,Compare simply increasing subspace dimension.
MA-865,Benchmark / meta-experiment,task-coordinate manifold tournament,common fine-tuned model family,coordinate family selector,comparable logical tasks in intrinsic/task-vector/subspace/surface geometries,Intrinsic SAID / Task Arithmetic / Model Stock / subspace,quality / task bytes / train cost / switching cost,P0,UNTESTED,ADJACENT,PA33;PA26;PA179;PA231;PA232,Determine whether learned low-loss manifolds are a better quotient space than delta bases or random intrinsic spaces.,Use identical source tasks and byte accounting.
MA-866,Collective inference,Mesh admission-policy Mirror code,independent private agents,query/task code selects admission/emission policy,many logical collective inference protocols,Mesh Inference,collective error / messages / policy bytes / latency,P0,UNTESTED,DIRECT,PA233,Treat the observation admission/emission rule as the functional coordinate while keeping agent internals private.,Preserve observation-only constraint.
MA-867,Collective inference,factorized agent-role x query Mesh code,private heterogeneous agents,agent-role factor x query factor,logical communication roles across tasks,Mesh Inference,accuracy / message count / held-out role-query pairs,P0,UNTESTED,ADJACENT,PA233,Factor who contributes from what kind of question rather than using one flat protocol.,Evaluate unseen role-query combinations.
MA-869,Collective inference,carrier-connectivity-aware code allocation,private agents plus typed observation channels,Mirror code chooses minimal carrier-connected submesh,smallest sufficient logical coalition,Mesh Inference,exactness / coalition size / latency / privacy leakage proxy,P0,UNTESTED,DIRECT,PA233,Use the paper's identification condition as a structural gate for how much collective state is needed.,Do not claim savings when carrier connectivity is broken.
MA-871,Structural composition,module-reuse structure as Mirror meta-coordinate,reusable module bank,low-dimensional code for recombination structure,many logical tasks from shared modules,Structural Composition,few-shot/reinforcement sample efficiency / code dimension,P0,UNTESTED,DIRECT,PA234,Store not only module identities but the learned geometry of how modules are recombined.,Compare raw module-selection codes.
MA-872,Structural composition,discrete hypothesis points in reuse-structure space,shared modules and low-d reuse manifold,small discrete Mirror codebook,rapidly acquired logical tasks,Structural Composition,trials-to-threshold / codebook bits / error,P0,UNTESTED,DIRECT,PA234,Exploit geometric regularity to reduce new-task learning to hypothesis selection among a few codes.,Use held-out task compositions.
MA-873,Structural composition,factorized module identity x recombination-rule Mirror,shared modules,module factor x composition-rule factor,novel logical programs,Structural Composition / what-how factorization,held-out composition / bytes / adaptation samples,P0,UNTESTED,ADJACENT,PA234;PA217,Separate reusable components from the rule describing how they compose.,Test new modules under old rules and old modules under new rules.
MA-874,Stable-synapse adaptation,gain-modulated Mirror context state with frozen synapses,fixed recurrent weights,context Mirror code modulates gains/dendritic channels,rapidly reconfigured logical behaviors,Adaptive Behavior with Stable Synapses,in-context adaptation / state bytes / latency,P0,UNTESTED,DIRECT,PA235,Use gain/context state as a dynamic functional coordinate without synaptic updates.,Compare ordinary recurrent context and fast-weight plasticity.
MA-876,Cross-model KV / translator,shared closed-form KV translator basis + Mirror pair codes,one calibrated source-to-target KV mapper basis,source-target Mirror coefficient,many logical model-pair KV maps,per-pair ridge KV mapper,target quality / map bytes / prefill latency,P0,UNTESTED,DIRECT,PA236,Factor multiple ridge maps over one canonical mapping basis rather than one full map per model pair.,Train/evaluate seen and unseen model pairs; include mapper calibration bytes and source prefill.
MA-877,Cross-model KV / RoPE,position-free KV Mirror transfer after inverse RoPE,RoPE-stripped key cache and common transport basis,model/role code for position-free map,target logical caches at unseen positions,RoPE-stripped per-head ridge mapping,long-context attention error / handoff latency / bytes,P0,UNTESTED,DIRECT,PA236;PA156,Combine shared Mirror coordinates with the known position-free KV translation setting.,Test noncommuting rotations and target-specific RoPE reapplication.
MA-878,Cross-model KV / head mapping,head-matched Mirror bridge versus CacheBridge,shared head-aligned mapping basis,source-head x target-head Mirror code,logical KV bridges across matching head supports,CacheBridge matched-head affine mapper,quality / mapper bytes / GPU apply latency,P0,UNTESTED,DIRECT,PA237,Compress architecture-indexed target-head maps into shared Views while retaining sensitivity-aware calibration.,Match source/target architectures and avoid all-to-all mapper byte inflation.
MA-879,Cross-model KV / calibration,attention-sensitive Mirror cache code calibration,shared cache translation basis,Fisher/attention-weighted View coordinate,target attention-preserving logical KV maps,CacheBridge weighted ridge fit,quality / attention logit error / calibration tokens,P0,UNTESTED,ADJACENT,PA237;PA227,Optimize View codes for attention output rather than raw cache MSE.,Preserve full-logit scale and causal masks; require target NLL.
MA-880,Cross-model KV / pair factorization,source-model x target-model factorized KV map,shared canonical cross-model translator atoms,source-model factor x target-model factor,many ordered cache handoff directions,one independent map per direction,held-out pair quality / map bytes / target prefill,P0,UNTESTED,DIRECT,PA236;PA237,Avoid quadratic storage of all source-target translator pairs by compositional Mirror addresses.,Hold out whole ordered model pairs; asymmetry is expected.
MA-882,Cross-model KV / depth,layer-alignment x model-pair Mirror cache transport,shared cross-layer KV transporter,source layer x target layer x pair code,logical layer-to-layer KV handoffs,per-layer ridge top-k matching,NLL / layer map cost / bytes,P0,UNTESTED,ADJACENT,PA236;PA237,Factor layer-selection geometry from source-target pair identity.,Keep multilevel projection/injection positions fixed across controls.
MA-883,Cross-model KV / nonlinear exception,linear Mirror KV translator with private nonlinear residual,shared linear cross-model map,pair code plus sparse private nonlinear repair,hard model-pair cache maps at bounded private cost,nonlinear MLP translator / CacheBridge,quality / private bytes / fallback frequency,P0,UNTESTED,ADJACENT,PA236;PA238,Use cheap shared Mirror linear transfer first and add nonlinear maps only for high-error pairs.,Report severe failed-family pairs rather than tuning them away.
MA-886,Cross-model KV / fan-out,one producer KV cache to multiple Mirror targets,one source canonical KV cache,target-model/head View codes,fan-out to several logical consumers,independent native target prefill,sum latency / peak KV bytes / quality,P0,UNTESTED,ADJACENT,PA239;PA236,Amortize producer prefill over multiple consumers with low-description target View codes.,Count target decode compute and source prefill once.
MA-887,Cross-model KV / exact boundary,exact View algebra versus approximate cross-model translation,one canonical cached tensor,known exact algebra code or learned pair map,exact and approximate logical consumers,MA-691 lazy algebra / ridge bridge,exactness / target NLL / bytes / switch latency,P0,UNTESTED,ADJACENT,PA236;PA156;PA157,Route exact shared-coordinate Mirrors through algebra and reserve translators for non-equivalent models.,Never claim approximate cross-model equivalence is exact.
MA-889,Cross-model KV / reliability,confidence-gated Mirror cache translation fallback,shared translator family,per-handoff uncertainty/error code,safe logical handoff or native fallback,per-pair ridge + native prefill fallback,quality regret / fallback fraction / latency,P0,UNTESTED,ADJACENT,PA236;PA238,Allocate private translation or re-prefill only when estimated source state is insufficient.,Hold out failing family pairs; no oracle target loss at inference.
MA-891,Neural graphics / multi-scene,C-NGP shared scene field plus Mirror scene code,one continually trained multi-scene neural field,scene View parameter m,multiple logical radiance fields,C-NGP scene label conditioning,held-out PSNR / model bytes / forgetting,P0,UNTESTED,DIRECT,PA243;PA245,Test Mirror View modulation over C-NGP instead of an ordinary scene pseudo-label.,Include replay memory and scene conditioning storage.
MA-892,Neural graphics / hierarchical fields,ReFiNe latent hierarchy Mirror coordinates,shared recursive field network,hierarchical scene/shape View code,many logical shapes/fields,ReFiNe native recursive latent,SDF/PSNR / code bytes / query speed,P0,UNTESTED,DIRECT,PA244,Compress the hierarchy addresses further or factor recurrent scene roles through Mirror.,Count recursive field evaluation and scene latent storage.
MA-893,Neural graphics / hash grids,hash-grid Mirror scene specialization,shared Instant-NGP encoder/decoder,scene code warps hash features,many logical neural graphics scenes,Instant-NGP per-scene grid / C-NGP,PSNR / grid bytes / collision interference,P0,UNTESTED,ADJACENT,PA245;PA243,Determine whether cheap scene Views replace duplicated learned hash grids.,Full hash-table cost and fused CUDA runtime are mandatory.
MA-894,Neural graphics / tensor fields,TensoRF scene x component Mirror factorization,shared tensor CP/VM scene factors,scene index x tensor component View,logical radiance fields from shared tensor atoms,TensoRF CP/VM decomposition,PSNR / factor bytes / rank / render FPS,P0,UNTESTED,DIRECT,PA246,Factor scene identity into coefficients over a shared tensor field basis.,Compare independent TensoRF and PCA over fitted fields.
MA-895,Neural graphics / space-time,K-Planes spatial versus temporal Mirror views,shared space-time feature planes,time/appearance View code on planar features,logical time-varying render fields,K-Planes explicit factorization,temporal PSNR / code bytes / render FPS,P0,UNTESTED,ADJACENT,PA247,Test whether Mirror time/appearance codes beat K-Planes native plane specialization.,Hold out timestamps and changing viewpoints.
MA-896,4D Gaussian splatting,4DGS canonical Gaussian bank + logical motion Views,shared canonical 3D Gaussian geometry/deformer,motion View m conditioned on time,many logical dynamic Gaussian frames,4DGS native deformation field,PSNR / LPIPS / frame bytes / FPS,P0,UNTESTED,DIRECT,PA248,Replace independent motion/deformation parameters with compact View codes.,Pay for Gaussian attributes and time-conditioned deformation decoder.
MA-897,4D Gaussian splatting,ADC-GS anchor motion Mirror bank,shared anchor-based Gaussian representation,anchor-group x time motion code,logical motion trajectories across anchors,ADC-GS native anchor deformation,PSNR / bitrate / motion stability / FPS,P0,UNTESTED,DIRECT,PA249,Use compact shared motion atoms and Mirror addresses rather than separate per-anchor deformers.,Preserve temporal significance and adaptive anchor allocation.
MA-898,4D Gaussian splatting,CC-4DGS compressed deformation Mirror role code,deterministic hash features and shared compact decoder,scene/motion View code,logical deformation fields with small marginal state,CC-4DGS CDF + CCA,PSNR / geometry bytes / decoder FPS,P0,UNTESTED,DIRECT,PA250,Test adding Mirror Views on top of already compressed CDF instead of comparing against an uncompressed 4DGS.,Decoder and residual appearance codebook costs are mandatory.
MA-899,4D Gaussian splatting,P-4DGS predictive residual as Mirror temporal code,shared spatio-temporal anchor predictor,time-block Mirror prediction residual,logical frames as compact motion corrections,P-4DGS predictive entropy code,rate-distortion / random access / frame FPS,P0,UNTESTED,ADJACENT,PA251,Use learned low-description temporal corrections only if they beat ordinary predictive residual entropy coding.,Use coded bitstream size not float tensor count.
MA-900,3D Gaussian compression,GenSplatCodec structural x appearance Mirror code,one geometry-guided one-step decoder,structure factor x appearance View code,logical scene variants with shared generative decoder,GenSplatCodec,rate-distortion / multi-view consistency / latency,P0,UNTESTED,ADJACENT,PA265,Move scene/style correction into small Mirror codes without invalidating geometry guidance.,Match one-step NFE and encoded stream size.
MA-902,Neural graphics / composition,scene identity x time Mirror field,shared multiscene field/deformation basis,scene factor x time factor,held-out scene-time renderings,C-NGP / K-Planes,held-out pair PSNR / bytes / temporal consistency,P0,UNTESTED,ADJACENT,PA243;PA247,Test compositional generalization to unseen scene-time combinations.,Hold out complete cross-product cells; independent scenes as controls.
MA-903,3D object dynamics,canonical object Gaussians with SE3 Mirror motion code,one object-centric Gaussian representation,rigid pose View in SE3,logical object poses/actions without duplicate geometry,MRO-GWM native SE3 dynamics,pose error / rollout PSNR / state bytes,P0,UNTESTED,DIRECT,PA252,Code canonical object identity and rigid pose as separable View axes.,Preserve physically valid SE3 and occlusion behavior.
MA-904,3D object dynamics,action x object identity Mirror dynamics,shared object-centric action-conditioned predictor,object factor x action factor,unseen object-action logical trajectories,MRO-GWM,OOD rollout / contacts / motion bytes,P0,UNTESTED,ADJACENT,PA252,Compress object-specific dynamics into action-conditioned Mirror coordinates.,Compare independent object dynamics and identical-parameter control.
MA-906,Multi-speaker TTS,NanoVoice scale bank + Mirror speaker code,shared speaker adapter scale basis,speaker View m over shared scale matrix,many logical voices without adapter copy,NanoVoice scale matrix sharing,speaker similarity / MOS proxy / bytes per voice,P0,UNTESTED,DIRECT,PA253,Replace per-speaker scale tables with structured low-description Mirror codes.,NanoVoice is the direct baseline including batched adaptation.
MA-907,Multi-speaker TTS,factorized voice x layer NanoVoice View,shared speaker adapter parameters,speaker identity x decoder layer factors,logical layer-speaker adapters,NanoVoice per-speaker scales,speaker cosine / quality / held-out pairs,P0,UNTESTED,ADJACENT,PA253,Factor useful speaker modulation across layers rather than storing a full per-layer scale.,Hold out speaker-layer combinations.
MA-908,Multi-speaker TTS,HyperTTS generator emits Mirror code only,shared TTS backbone and compact adapter basis,speaker embedding -> Mirror View code,unseen-speaker logical adapters,HyperTTS full generated adapters,quality / generation cost / code bytes,P0,UNTESTED,DIRECT,PA254,Constrain generated adapter state to an explicit small Mirror parameter and test whether it pays.,Compare equal-capacity hypernetwork generator.
MA-909,Multi-speaker TTS,Mixture-of-Adapters compressed into Mirror logical speaker experts,shared speech MoA decoder/variance adapter basis,speaker-conditioned View address,multiple logical speaker modules,zero-shot TTS MoA,speaker fidelity / bank bytes / inference latency,P0,UNTESTED,DIRECT,PA255,Replace separate MoA adapter parameters with shared functional Views.,Keep original speaker routing and waveform sampling protocol.
MA-910,Multi-speaker TTS,Hyper-MoA plus Mirror residual speaker code,one native shared hypernetwork-MoA module,new speaker Mirror residual,incremental voice diversity without module growth,Hyper-MoA,speaker quality / bytes per new voice / adaptation,P0,UNTESTED,DIRECT,PA256,Test marginal benefit of Mirror residual beyond already shared multi-speaker adapters.,Compare Hyper-MoA without residual as mandatory strong control.
MA-911,Speech representation,causal speaker-content subspace Mirror factors,shared SSL speech representation and interventional map,speaker factor x content factor,logical speakers and content without leakage,interventional speaker/content subspace,held-out swaps / speaker similarity / ASR CER,P0,UNTESTED,DIRECT,PA257,Use separate Mirror axes in measured disentangled subspaces.,Intervention swaps and OOD speakers are mandatory.
MA-912,Voice conversion,content x timbre x prosody Mirror code,shared VC backbone,factorized linguistic/timbre/style Views,unseen combinations of logical voices/styles,StableVC feature disentanglement,speaker cosine / CER / prosody / latency,P0,UNTESTED,ADJACENT,PA258;PA257,Test three-axis Mirror composition without training one adapter per speaker/style.,Hold out timbre-style pairings and check intelligibility.
MA-914,Audio codecs,HybridCodec semantic x acoustic Mirror state,shared semantic+acoustic decoder,semantic-role x acoustic-role code,logical codec roles with fewer decoder branches,HybridCodec dual stream,SI-SDR / content error / bitrate / decode time,P0,UNTESTED,DIRECT,PA259,Share selected stream transforms via Mirror while preserving semantic and acoustic separation.,Native two streams and SSL-free inference are baseline.
MA-916,Multi-speaker TTS,speaker adapter-bank storage frontier for added voices,common speech pretrained backbone,speaker-code/adapter strategy selector,many new speakers under fixed bytes,NanoVoice / HyperTTS / MoA / Hyper-MoA,MOS / speaker similarity / incremental bytes,P0,UNTESTED,ADJACENT,PA253;PA254;PA255;PA256,Compare Mirror m against native strong speaker-sharing methods on matched voices.,Separate training time from voice inference and consent-safe datasets.
MA-917,Continual speaker adaptation,few-shot new speaker by Mirror code then private fallback,frozen multispeaker speech generator,new speaker code or private adapter exception,continual logical voice set,NanoVoice / HyperTTS,few-shot speaker similarity / retention / bytes,P0,UNTESTED,ADJACENT,PA253;PA254,Allocate only a code when shared voice manifold suffices and a private adapter otherwise.,Test accent/prosody OOD and retention.
MA-919,Generative flow maps,two-time flow-map Mirror interval code,one learned flow map / velocity field,start-time x end-time View code,many logical transport operators,Flow Map Matching native two-time conditioning,FID / NFE / code bytes / semigroup error,P0,UNTESTED,DIRECT,PA260,Try a compact structured interval View beyond ordinary time embeddings.,Semigroup composition and sampling quality must both hold.
MA-920,Diffusion / consistency,consistency-model Mirror noise-level View,one consistency generative backbone,noise level and condition Mirror code,one/few-step logical decoders,Consistency Models native conditioning,FID / steps / bytes / latency,P0,UNTESTED,DIRECT,PA261,"Test adding m to the native one-step/few-step map, not substituting a weaker diffusion model.",Match training budget and NFE.
MA-922,Diffusion solvers,S4S solver coefficient Mirror family,pretrained diffusion network and reusable solver templates,sampler/budget View over solver coefficients,multiple logical fast solvers per backbone,S4S optimized solver/schedule,FID / NFE / solver bytes / latency,P0,UNTESTED,DIRECT,PA262,Compress multiple learned solver configurations with a shared coefficient basis and m.,S4S native tuned coefficients and schedules are mandatory.
MA-924,Diffusion LoRA fusion,LoRA.rar subject x style Mirror merge code,shared personalization LoRA dictionary,subject code x style code,many personalized image logical combinations,LoRA.rar hypernetwork merge,subject fidelity / style fidelity / bytes / merge time,P0,UNTESTED,DIRECT,PA263,Compress reusable subject/style merges in explicit factorized Mirror parameters.,Use unseen subject-style combinations and strong native LoRA.rar.
MA-925,Diffusion LoRA fusion,EST-LoRA timestep Mirror subject/style selector,two personalization LoRA banks,timestep x layer x subject-style code,time-dependent logical merges,EST-LoRA training-free selection,fidelity / NFE / mix overhead / bytes,P0,UNTESTED,DIRECT,PA264,Try a cheap structured time-dependent Mirror selector beyond energy/style-discrepancy heuristics.,Compare identical LoRA source bank and all steps.
MA-926,Diffusion personalization,add-new subject using Mirror code on shared LoRA bank,frozen diffusion backbone/LoRA bank,new subject or style View only,incremental personalized logical styles,independent LoRA / LoRA.rar,subject fidelity / bytes per subject / retention,P0,UNTESTED,ADJACENT,PA263;PA264,Avoid new full LoRA when shared styles/subjects can be expressed in code space.,Count per-subject stored images/embeddings if used.
MA-929,Model stitching,StitchLLM connector shared Mirror code,shared cross-model bridge weights,source/target block View m,logical blockwise LLM hybrids,StitchLLM per-interface trainable bridge,NLL / router bytes / throughput / connector bytes,P0,UNTESTED,DIRECT,PA240,Compress many stitching connectors into a shared basis plus small model-block addresses.,Strong native StitchLLM throughput control is mandatory.
MA-930,Model stitching,source-model x target-model x layer factorized bridge,one shared feature transport operator basis,source factor x target factor x depth factor,unseen logical cross-model block connections,independent affine stitchers,held-out transfer / bytes / drift,P0,UNTESTED,ADJACENT,PA240;PA242,Replace quadratic connector matrix banks with factorized Mirror codes.,Test ordered pairs and noncommuting layer maps.
MA-931,Cross-model features,SAE/probe feature transport by Mirror residual code,shared affine residual-stream stitcher,feature-family/target-model View,logical portable sparse feature banks,affine SAE feature stitching,feature attribution / reconstruction / bytes,P0,UNTESTED,DIRECT,PA242,Transform reusable SAE/probe features across models through low-description m.,Measure semantic and structural feature transfer separately.
MA-932,Model stitching / validity,informational similarity falsification of Mirror stitch views,shared bridge + optional View,intervention/control Mirror address,logical model similarity claims,Functional Alignment Can Mislead,counterfactual label transfer / probe / reconstruction,P0,UNTESTED,DIRECT,PA241,Refuse to count high stitch accuracy alone as learned common function; test informational content and interventions.,Include unrelated-task and structured-noise negative controls.
MA-933,Cross-model cache/activation,KV-to-residual shared Mirror coordinate bridge,canonical source cache and hidden-state transport basis,consumer-layer View m,logical activation and cache handoffs,ridge cross-model KV map / affine stitcher,target NLL / latency / bytes,P0,UNTESTED,ADJACENT,PA236;PA242,Reuse one inter-model coordinate chart for both KV handoff and residual feature transfer if identifiable.,Require separate K/V/activation alignment audits.
MA-936,Neural video / chunk sharing,NerVast private-chunk weights replaced by Mirror code,shared neural video INR segment decoder and sharing mask,per-segment code m on shared parameters,many logical video chunks with fewer chunk-private weights,NerVast native shared mask + independent residual,MS-SSIM / PSNR / coded bits / decode FPS,P0,UNTESTED,DIRECT,PA268,Replace only the remaining private chunk state after NerVast's Fisher-informed sharing with structured m.,Native NerVast is mandatory; preserve scene-change detection and bitstream costs.
MA-937,Neural video / factorization,factorized scene x chunk Mirror video role,one shared segment decoder,scene factor x time-window factor,held-out scene-time logical video segments,NerVast / HNeRV frame embeddings,held-out frame PSNR / per-video bytes / decode FPS,P0,UNTESTED,ADJACENT,PA268;PA267,Factor logical segment identity into scene and temporal role instead of a flat per-chunk parameter table.,Hold out entire scene-window pairs; report scene-cut errors.
MA-938,Neural video / allocation,Fisher-guided Mirror-or-private video parameter allocation,one Fisher-selected shared INR parameter subset,chunk m plus sparse private parameter mask,adaptive logical chunks across scene changes,NerVast Fisher mask / hard tie / LoRA,RD gain / code bytes / private share / encoding cost,P0,UNTESTED,DIRECT,PA268,Determine which private-chunk parameters are replaceable by m and which truly require private capacity.,Use preregistered mask selection; do not reselect from audit frames.
MA-939,Neural video / frame latent,HNeRV adaptive frame feature Mirror views,shared content-adaptive encoder and video decoder,frame m modulates decoder activations,related logical frame decoders without full frame-specific feature bank,HNeRV native content-adaptive embeddings,PSNR / embeddings bits / frame FPS,P0,UNTESTED,DIRECT,PA267,"Test structured View code on top of the actual HNeRV frame embedding, not plain NeRV index only.",Count encoder output bitrate and decoding CPU/GPU wall time.
MA-941,Neural video / chunk parallel,DCVC-UF one chunk latent with frame-specific Mirror Views,one canonical chunk video latent and decoder backbone,relative frame-offset m over shared decoder,parallel logical frames from one chunk latent,DCVC-UF native frame-specific decoders,coded bits / PSNR / decode FPS / buffer bytes,P0,UNTESTED,DIRECT,PA269,Replace frame-specific decoder parameters or slots with compact factorized frame-offset Views.,Native chunk-parallel frame reconstruction and entropy-code time are mandatory.
MA-942,Neural video / rate control,DCVC-UF frame-offset x QP Mirror factor,shared chunk video decoder with rate-control modules,frame slot x quantization/rate m,many video bitrate-frame logical decoders,DCVC-UF native 64 QP rate control,BD-rate / FPS / quality-level state bytes,P0,UNTESTED,ADJACENT,PA269;PA270,Factor rate-point functionality from frame offset rather than one decoder parameter table per point.,Use equal coded bitrate and physical memory; no QP information is free.
MA-943,Neural video / real-time,DCVC-RT rate-control module bank compressed by Mirror,shared motion/temporal context video codec,bitrate-mode View over decoder modules,logical video quality settings without module banks,DCVC-RT native module-bank controls,BD-rate / 1080p FPS / calls / bytes,P0,UNTESTED,DIRECT,PA270,Use compact m to replace selected per-rate modules and measure kernel launch/I-O overhead.,Runtime is a hard gate; MAC-only gains do not count.
MA-944,Neural video / context,reference-driven temporal context Mirror correction,shared conditional video codec and propagated features,frame history -> low-dimensional context View,logical motion contexts without full per-reference transforms,DCMVC oriented context + context compensation,BD-rate / temporal error / decode speed,P0,UNTESTED,DIRECT,PA271,Test a structured Mirror context correction beyond native reference/flow modulation.,Compare DCVC-FM/DCMVC at identical reference and motion metadata.
MA-946,Neural video / scalable codec,S-NVRC nested prefix with Mirror quality coordinate,shared scalable INR grids and layers,quality/resolution View m,logical complexity-bitrate points,S-NVRC native nested layer and feature prefixes,BD-rate / decoder FLOPs / state bits,P0,UNTESTED,DIRECT,PA273,Use m to preserve quality at smaller prefix or codebook depth than native scalable layers.,Count embedded bitstream bits and real decoder work.
MA-948,Neural video / scene cuts,scene-cut-triggered Mirror private residual birth,common video decoder with limited local residual slots,scene/cut m plus optional private patch,scene transitions without permanently duplicated models,NerVast window adaptation / adaptive private INR,RD / patch bytes / scene-cut quality,P0,UNTESTED,ADJACENT,PA268;PA274,Spawn private residuals only when coding a scene cut cannot be handled by an existing View.,Predeclare birth criterion on development split.
MA-950,Benchmark / video functions,video Mirror marginal-byte and decode-speed tournament,common INR and neural codec video assets,m family selector across frame/segment/rate,comparable useful frame/video logical functions,NerVast / DCVC-UF / DCVC-RT / HNeRV,BD-rate / MS-SSIM / FPS / peak VRAM,P0,UNTESTED,ADJACENT,PA268;PA269;PA270;PA267,Evaluate code-only and shared/private replacement across established video codecs.,Use real bitstreams and decode FPS and identical contents/bitrate points.
MA-951,Equivariance / symmetry,G-CNN shared group filter plus task-conditional Mirror exception,one native group-equivariant convolutional filter bank,task code m modulates selected non-invariant features,task-specific logical functions beyond exact group copies,G-CNN / hard symmetry breaking residual,task accuracy / equivariance error / bytes,P0,UNTESTED,DIRECT,PA275;PA276,Measure useful task-specific symmetry breaking while retaining group-parameter sharing.,Do not count exact transformed copies as independent logical functions.
MA-952,Equivariance / irreps,steerable CNN irrep-channel Mirror specialization,shared steerable tensor/filter basis,irrep block m with bounded equivariance breaking,domain-specific logical equivariant maps,Steerable CNNs / irrep gate,OOD rotations / task error / state bytes,P0,UNTESTED,DIRECT,PA276;PA278,Allocate compact task function differences inside irrep multiplicities rather than rewriting all filter coefficients.,Compare fixed and learned group filters; audit transformation commutation.
MA-953,Equivariance / relational geometry,EGNN task x geometric role Mirror factor,shared equivariant message network,task m x relation/geometry m,held-out relation and geometric role functions,EGNN + relation embedding / R-GCN,physical prediction / OOD equivariance / bytes,P0,UNTESTED,DIRECT,PA277;PA43,Add low-cost task-specific functional diversity beyond native EGNN coordinate equivariance.,Do not misclassify rotated coordinates as new tasks.
MA-954,Equivariance / tensor products,e3nn tensor-product coefficient Mirror bank,shared equivariant tensor-product kernels,irrep role x task factor code,many task-specific equivariant functions,e3nn native TensorProduct coefficients,MSE / SE3 error / tensor bytes / runtime,P0,UNTESTED,DIRECT,PA278,Compress multiple task tensor-product parameter banks using structured Mirror coefficients.,Charge spherical harmonic and coupling kernel execution.
MA-955,Equivariance / learned symmetry,doubly stochastic symmetry-sharing Mirror code bank,one learned soft-symmetry sharing tensor,task View m chooses weight-sharing orbit,multiple logical approximate symmetry regimes,doubly stochastic learned symmetry weights,task accuracy / symmetry score / bytes,P0,UNTESTED,DIRECT,PA279,Share symmetry generator across tasks using small coordinates rather than separate stochastic tensors.,Compare native soft symmetry learning and exact G-CNN.
MA-956,Equivariance / learned augmentation,SEMoLA discovered group parameter compiled to Mirror code,shared equivariant backbone and learned augmentation family,task/domain m selects discovered action,task-specific reusable symmetry policies,SEMoLA learnable augmentations,OOD sample efficiency / code bytes / transfer,P0,UNTESTED,DIRECT,PA280,Compile learned symmetry transformations to a compact task address on shared physical filters.,A learned action is not automatically novel unless native augmentations are beaten.
MA-957,Equivariance / factorization,group action x semantic task Mirror cross-product,shared steerable operator plus private semantic basis,group element x semantic task m,held-out transformations of truly distinct tasks,steerable CNN / simple semantic embedding,held-out task×action accuracy / bytes,P0,UNTESTED,ADJACENT,PA275;PA276;PA280,Separate exact geometric group action from independently learned semantic task freedom.,Symmetry orbit alone counts as zero new independent functions.
MA-958,Equivariance / free control,zero-parameter approximate equivariance versus learned Mirror m,ordinary ANN with latent consistency regularizer,small learned symmetry-breaking m,logical equivariance/task tradeoffs,parameter-free approximate equivariance,accuracy / calibration / additional bytes,P0,UNTESTED,DIRECT,PA294,Test whether adding any learned symmetry code buys more than a no-parameter latent constraint.,Use exact same augmentation distribution and task labels.
MA-961,Spiking / threshold coordinates,fixed-synapse Mirror threshold task views,one shared SNN synaptic tensor,task-specific neuron threshold m,multiple logical spiking classifiers from shared synapses,STL-SNN per-neuron learned thresholds,accuracy / firing rate / state bytes / energy,P0,UNTESTED,DIRECT,PA282,Test factorized low-bit thresholds in place of independent threshold vectors.,STL-SNN is direct prior; preserve spike-count energy accounting.
MA-962,Spiking / time modulation,task x time-step Mirror normalization View,shared SNN + per-step normalization substrate,task m x temporal phase m,logical temporal spiking regimes,TEBN per-time scaling,accuracy / spike latency / norm bytes,P0,UNTESTED,DIRECT,PA283,Factor time-dependent SNN normalization across tasks without full task×time parameter tables.,Compare native TEBN timing and surrogate-gradient training.
MA-963,Spiking / continual state,TACOS neuromodulator Mirror compression,shared plastic synapses and task-agnostic continual machinery,context-generated modulatory View m,online logical tasks with fixed stored footprint,TACOS native metaplasticity,retention / spike operations / state bytes,P0,UNTESTED,DIRECT,PA281,Compress context-varying plasticity/neuromodulation without assuming oracle task boundaries.,No task ID at inference unless all baselines receive it.
MA-964,Spiking / intrinsic dynamics,membrane tau and spike threshold factorized Mirror code,one shared recurrent spiking synapse core,timescale factor x threshold factor,logical spiking response timescales,adaptive LIF / STL-SNN / TEBN,event accuracy / spike count / stability,P0,UNTESTED,ADJACENT,PA282;PA283,Represent response-time diversity through two cheap intrinsic neuron coordinates.,Sweep refractory/membrane stability and quantized state.
MA-965,Spiking / event representation,EAS-SNN adaptive sampler controlled by Mirror event View,one event sampling/recurrent SNN detection backbone,sensor/time/context-generated sampling m,logical event windows without separate detectors,EAS-SNN adaptive sampling,mAP / event latency / samples / energy,P0,UNTESTED,DIRECT,PA284,Compress many sensor/time conditions into compact sampling/representation coordinates.,Do not remove essential event timing to appear compressed.
MA-966,Spiking / temporal information,fine event timing preserved under Mirror packet phase,one event-stream neural encoder,packet/window temporal View m,logical phase-aligned event functions,event hyperacuity / fixed temporal coding,Vernier acuity / time accuracy / bits,P0,UNTESTED,ADJACENT,PA285;PA284,Test whether phase multiplexing reuses states without erasing discriminative subpixel timing.,Compare exact timestamps and temporally binned controls.
MA-968,Spiking / logical MoE,one spiking expert with logical threshold specialists,one shared SNN neuron/synapse pool,expert role code on thresholds and membrane states,multiple logical sparse spiking experts,MoE-SNN / simple threshold bank,quality / active synapses / spike bytes,P0,UNTESTED,ADJACENT,PA282;PA281,Test whether logical expert diversity needs new synaptic arrays or cheap intrinsic state.,Compare ordinary spiking router and independent SNN experts.
MA-969,Spiking / shared-private,small Mirror intrinsic state plus private synaptic exception,shared spiking core with sparse private synapses,task threshold m plus residual synapse mask,natural tasks partially share spiking response,TACOS / independent weights / STL-SNN,retention / private synapse bytes / energy,P0,UNTESTED,ADJACENT,PA281;PA282,Measure the real boundary between code-only neuron tuning and necessary synaptic specialization.,Use aligned/private mixture teacher and real event data.
MA-971,Photonic / physical Mirror,LightPro physical coupler bank with sparse Mirror task code,one static phase-change photonic linear processor topology,task code m sets few coupler ratios,many logical optical linear maps from one physical circuit,LightPro full programmable couplers,accuracy / programmed bits / switch energy / footprint,P0,UNTESTED,DIRECT,PA286,Minimize programmed devices per task beyond native photonic full-matrix programming.,Use calibrated optical loss and nonlinear thermal control; don't assume updates are free.
MA-972,Photonic / physical Mirror,MZI mesh task-angle Mirror basis,fixed Mach-Zehnder photonic mesh and shared setting,sparse structured phase-angle View m,many logical dense unitary maps with fewer programmed phases,fully programmable MZI optical network,matrix error / phase bits / optical loss / latency,P0,UNTESTED,DIRECT,PA295,Test small code over common MZI settings versus storing/reprogramming a full phase set per task.,MZI mesh itself is prior art; thermal tuning/switching must be measured.
MA-973,Photonic / compositional controls,task x wavelength phase-mask Mirror factorization,shared wavelength-multiplexed optical operator,task code x wavelength mode code,logical optical operations across wavelengths/tasks,per-wavelength independent settings,matrix fidelity / optical crosstalk / config bits,P0,UNTESTED,ADJACENT,PA286;PA295,Factor task and wavelength configuration without one phase table per pair.,"Quantify wavelength-dependent loss, dispersion and interference."
MA-974,Photonic / calibration,thermal drift aware Mirror phase-coordinate correction,one calibrated photonic weight matrix,small environment/temperature correction m,stable logical photonic operations under drift,full mesh recalibration / temperature servo,MSE / recalibration time / energy / state bytes,P0,UNTESTED,ADJACENT,PA286;PA295,Use small Mirror corrections before full physical recalibration.,Read actual temperature variation and drift; report number of actuated devices.
MA-975,Diffractive optical networks,MDR-HDONN fixed diffractive stack + Mirror program code,one fabricated diffractive/photonic module set,task View m on reconfigurable optical variables,multiple logical optical tasks without new plates,MDR-HDONN native differentiable system variables,optical task accuracy / encoded bits / switching energy,P0,UNTESTED,DIRECT,PA287,Compress native optical configuration to small reusable codes while preserving optical path quality.,"Count layer fabrication, physical repositioning and reconfiguration."
MA-976,Photonic / shared-private,shared optical linear map plus private rare task couplers,fixed optical core and small private tunable hardware,task Mirror code + optional physical exceptions,related and unrelated optical operations,LightPro fully reconfigured / independent MZI,task error / private device fraction / power,P0,UNTESTED,ADJACENT,PA286;PA295,Allocate new physical tunable elements only when code-only task family fails.,Profile misspecified random target matrices and insertion loss.
MA-977,Photonic / switching cost,Mirror optical task-switch dwell and energy frontier,common photonic compute unit and phase controller,task-switch m with reconfiguration schedule,time-multiplexed logical optical operators,native MZI or PCM reprogramming,throughput / Joules / settling time / error,P0,UNTESTED,ADJACENT,PA286;PA295,Test actual break-even for many logical tasks on one physical optical substrate.,Separate simulation from hardware measurement; include ADC/DAC energy.
MA-980,Benchmark / photonic functions,physical versus simulated Mirror operator cost frontier,identical programmable photonic substrate or optical simulator,phase/controller code family selector,comparable logical optical tasks,LightPro / MZI / MDR-HDONN,task accuracy / energy / footprint / switch ms,P0,UNTESTED,ADJACENT,PA286;PA287;PA295,"Benchmark useful operations per physical chip and per programmed bit, not abstract tensor bytes only.",Declare simulations explicitly; no hardware superiority absent measurement.
MA-981,Wireless / learned beam bank,shared learned antenna beam codebook with Mirror sector View,one physical array beamformer plus learned beamspace codebook,site/sector Mirror beam address,logical sector-specific beams from shared basis,NBL neural beam codebook,spectral efficiency / feedback bits / beam accuracy,P0,UNTESTED,DIRECT,PA288,Compress many site/sector beam codebooks beyond native learned beamspace representation.,"Match array size, RF chains and interference model."
MA-982,Wireless / site adaptation,Type-II site-specific beam subspace Mirror code,shared BS prior and Type-II CSI compression model,site code x user subspace code,logical site-user beam policies,site-specific Type-II beam subspace,CSI capture / feedback bits / net spectral efficiency,P0,UNTESTED,DIRECT,PA289,Use a small persistent m_site to factor multiple local subspace priors with less online signaling.,Control probe overhead and CSI mismatch.
MA-983,Wireless / CSI feedback,CsiNet shared decoder with domain Mirror channel code,one CSI encoder/decoder shared across channel domains,site/frequency m on channel reconstruction,logical channel-domain predictors,CsiNet / ordinary domain embedding,NMSE / beamforming gain / feedback bits,P0,UNTESTED,DIRECT,PA291,Test whether parameter m provides better cross-domain channel reconstruction at identical feedback rate.,Evaluate unseen channel distributions and channel coherence time.
MA-984,Wireless / RIS states,RIS programmable phase array represented by structured Mirror m,one physical RIS surface and digital controller,low-bit/group phase View code,logical propagation/beam patterns,native RIS full phase optimization,sum-rate / phase bits / control latency,P0,UNTESTED,DIRECT,PA290,Use group/factorized m instead of independent per-element phase programs.,Phase-only control itself is not novel; count control signaling and hardware limits.
MA-985,Wireless / joint precoding,AP beamforming x RIS Mirror phase factorization,shared AP precoding basis plus physical RIS controller,BS beam m x RIS surface m,held-out joint wireless configurations,RIS WMMSE / model-driven learned joint precoder,weighted sum rate / bits / computation,P0,UNTESTED,ADJACENT,PA290;PA288,Factor transmitter and surface configuration instead of a Cartesian table.,Hold out user/site combinations; enforce power budgets.
MA-987,Wireless / complex operators,unitary/phase constrained Mirror precoding family,shared complex MIMO linear operator,structured phase/low-rank complex code,logical energy-preserving beam transforms,codebook beamformer / unitary precoder,EVM / beam gain / feedback bits,P0,UNTESTED,ADJACENT,PA288;PA289,Exploit known unitary/complex structure to compress useful precoders beyond flat task tables.,Count complex phase hardware and spectral mask.
MA-988,Wireless / private residual,rare channel/private beam fallback under Mirror bank,shared learned beam basis with optional private code,site m plus OOD residual beam,useful beams across correlated and unrelated channels,native site-specific beam codebooks,sum-rate / residual bits / fallback rate,P0,UNTESTED,ADJACENT,PA288;PA289,Allocate private beam state only when shared Mirror code fails on unexpected channels.,No oracle CSI future at handoff.
MA-991,Spatial audio / HRTF,RANF retrieved listener prototype plus sparse private Mirror correction,shared HRTF neural field and nearest-listener prototypes,small listener m and residual,unseen listener HRTFs with low measurement cost,RANF+ / per-listener fine-tuning,spatial spectral error / measured directions / bytes,P0,UNTESTED,ADJACENT,PA292,Fit m over retrieved HRTF prior before adding a private listener model.,Account for retrieval bank physical storage and lookup latency.
MA-992,Spatial audio / anthropometry,anthropometric latent HRTF Mirror ear function,shared HRTF decoder and anthropometric prior,listener head-shape View m,many individualized ear transfer maps,anthropometric HRTF autoencoder,LSD / localization / bytes / OOD people,P0,UNTESTED,DIRECT,PA293,Constrain shape-specific latent to low-description Mirror coordinate beyond native anthropometric autoencoder.,Separate elevation/distance/azimuth errors; report listener demographics safely.
MA-993,Spatial audio / factorization,listener x sound direction Mirror HRTF composition,one HRTF function basis over spatial directions,listener factor x direction factor,held-out personalized spatial filter functions,RANF / HRTF sinusoidal direction decoder,held-out spatial errors / coded bits / binaural latency,P0,UNTESTED,ADJACENT,PA292;PA293,Factor source direction from listener identity and test unseen cross-products.,No implicit extrapolation claim from seen directional grid.
MA-996,Atomistic force fields,MACE-MP shared force field with material Mirror code,one pretrained equivariant interatomic potential,material chemistry View code m,multiple useful material-specific conservative potentials,MACE-MP full/frozen transfer and sparse equivariant fine-tuning,energy MAE / force MAE / bytes / MD speed,P0,UNTESTED,DIRECT,PA296;PA297;PA300,Insert structured m in the existing atomistic backbone to replace task-specific weights beyond sparsity-selected adaptation.,Forces must equal negative energy gradient; count neighbor expansion and atom throughput.
MA-997,Atomistic force fields,structured sparse equivariant support x Mirror code,pretrained equivariant MACE tensor kernels with sparse selected offsets,element/task m over shared sparse update support,many logical specialized force fields,sparsity-promoting E3 fine-tuning,energy/force error / mask bits / update bytes,P0,UNTESTED,DIRECT,PA300,Share one sparse adaptation support across materials with tiny per-material View coefficients.,Compare native independent sparse masks and byte-matched sparse/low-rank update.
MA-999,Materials under conditions,temperature x pressure MatterSim Mirror factor,shared MatterSim atomistic backbone,temperature View x pressure View,logical thermodynamic condition functions,MatterSim native physics conditioning,phase/force fidelity / T-P OOD / rollout stability,P0,UNTESTED,DIRECT,PA299,Use low-code condition-specialized residuals beyond native pressure/temperature behavior.,Do not infer temperature changes from coordinate relabeling; compare same thermodynamic ensembles.
MA-1000,Conservative atomistic derivatives,energy-force consistency audit of Mirror perturbations,shared scalar atomic energy model,structure-preserving Mirror m in equivariant energy layer,many conservative energy landscapes,NequIP/MACE independent potential fits,gradient residual / force MAE / equivariance / bytes,P0,UNTESTED,DIRECT,PA296;PA298,"Require forces to be computed by energy gradient after View, not by a separately trained inconsistent head.",Check rotation/reflection covariance and finite-difference energy derivative.
MA-1001,Atomistic molecular dynamics,Mirror force-code stability across long rollouts,shared interatomic simulator,material/task address m,different stable dynamical regimes,MatterSim / MACE-MP MD,energy drift / force error / rollout / throughput,P0,UNTESTED,DIRECT,PA299;PA297,Identify when a compact task code preserves physically valid trajectory statistics.,Small one-step errors can compound; report NVE/NVT drift and catastrophic OOD cases.
MA-1003,Atomistic few-shot adaptation,few-shot reactive surface Mirror code,frozen pretrained force-field potential,reaction/surface View m with optional private correction,additional catalyst or alloy task potentials,frozen-transfer potential fine-tuning,barrier error / sample count / bytes / force MAE,P0,UNTESTED,DIRECT,PA301,Reduce cost per new reactive material compared with frozen-transfer and rank-matched equivariant adapters.,"Test reaction transition state and held-out geometries, not only stable minima."
MA-1004,Atomistic private frontier,off-orbit material sparse-residual birth,one physically shared potential plus sparse exceptions,material m and optional private parameter mask,unrelated chemistry at graceful error/cost frontier,independent sparse fine-tune and full fine-tune,OOD energy / private bytes / stability / latency,P0,UNTESTED,DIRECT,PA300;PA298,Only allocate private equivariant state when m alone fails energy/force tests.,No oracle future force-error criterion at inference.
MA-1006,MRI / inverse operators,VarNet unrolled cascade Mirror reconstruction Views,shared multi-coil VarNet reconstruction denoiser basis,cascade index x scanner m,logical scan/iteration priors at low state cost,VarNet original cascades / tied denoiser / scalar DC,SSIM / PSNR / k-space consistency / bytes,P0,UNTESTED,DIRECT,PA302,Replace selected cascade-specific denoiser weights with Views while preserving sensitivity estimation.,Do not let learnable View alter acquired k-space data consistency.
MA-1007,MRI / inverse operators,MoDL tied denoiser with iteration Mirror coordinate,one shared MoDL regularizer CNN,unroll step m on regularizer,useful iteration-specific inverse priors,MoDL tied weights / learned scalar step,SSIM / DC residual / convergence / bytes,P0,UNTESTED,DIRECT,PA303,Add small structured m to native already weight-tied MoDL rather than claiming tying as novelty.,"Match iterations, CG solves and reconstruction latency."
MA-1008,MRI / multi-contrast,contrast x coil factorized MRI Mirror prior,shared multicoil image reconstruction prior,contrast code x coil/instrument code,held-out contrast-coil reconstructions,multi-contrast INR / VarNet sensitivity maps,PSNR / anatomy fidelity / bytes / coil error,P0,UNTESTED,DIRECT,PA306;PA302,Test whether joint contrast-coil variations can be represented by separate Mirror axes.,Hold out unseen scanner/sequence pairs; physics forward operators remain explicit.
MA-1009,MRI / representation space,DUNE representation-chart Mirror scanner View,shared DUNE representation and exact measurement projection,scanner/sequence m inside latent prior,logical scan-specific regularizers without duplicating DUNE,native DUNE learned representation / ordinary FiLM,SSIM / measured k-space residual / bytes,P0,UNTESTED,DIRECT,PA304,Insert m only into prior representation and preserve exact data-consistency operator.,Match acquired measurement fidelity and scanner shifts.
MA-1010,MRI / test-time adaptation,D2SA slice-distribution Mirror-only test time code,shared scanner-invariant MRI reconstructor,distribution m + small slice m,many site/slice-specific priors with compact local state,D2SA native two-stage optimization,SSIM / online steps / bytes per scan / wall,P0,UNTESTED,DIRECT,PA305,Replace per-slice adaptation weights with m without requiring fully sampled reference targets.,No fresh scan hyperparameter tuning; retain genuine TTA computation.
MA-1011,MRI / contrast fields,multi-contrast implicit MRI decoder Mirror coordinates,shared physical implicit neural image field,contrast/time excitation m,many contrast-specific logical MR images,native multi-contrast INR / simple conditioning,complex k-space error / SSIM / rate,P0,UNTESTED,DIRECT,PA306,Test code-conditioned shared representation beyond contrast vector or separate native INR fits.,Maintain coil/sample mask and contrast-specific signal model.
MA-1012,MRI / scanner sites,scanner-site calibrated Mirror code with frozen reconstruction backbone,frozen multi-coil MRI reconstruction backbone,site/protocol m and private exceptions,deployable logical scanner adapters,site-specific fine-tune / D2SA,SSIM / OOD scanners / state / calibration time,P0,UNTESTED,DIRECT,PA305;PA302,Share recalibration across sites using m rather than per-scanner reconstructor copies.,Evaluate on entirely held-out acquisition protocols and anatomy.
MA-1013,MRI / self-supervision,SSDU-learned Mirror scan code from split k-space,shared physics-guided reconstruction network,self-supervised scan code m,new scan distributions without paired ground truth,native SSDU / ordinary adaptation,measurement residual / SSIM / bytes / updates,P0,UNTESTED,DIRECT,PA307,Fit only m using legal SSDU mask splits and freeze prior parameters.,No target leakage between data-consistency and self-supervised masks.
MA-1014,MRI / reconstruction safety,Mirror data-consistency projection commutation audit,shared physics-unrolled inverse network,alternative View positions relative to DC,logical priors retaining acquired measurements,native MoDL/VarNet DC operators,acquired sample error / DC exactness / quality,P0,UNTESTED,DIRECT,PA303;PA304,Measure which View placements preserve strict measurement constraints and which break them.,Must not infer patient diagnosis; use synthetic phantoms and retrospective public imaging.
MA-1016,Quantum variational circuits,TensorHyper VQC task code sharing,common TT-hypernetwork generated circuit parameter basis,task/model Mirror m injected into TT latent,multiple logical noisy-device variational circuits,native TensorHyper-VQC TT generator,task accuracy / TT bytes / shots / compiled depth,P0,UNTESTED,DIRECT,PA309,Compress a family of task-specific VQC generated parameters beyond native TT-hypernetwork latent.,"Charge qbits, shot repetitions and postprocessor state."
MA-1017,Quantum data reuploading,task-conditional quantum re-upload schedule Mirror,fixed native variational data-reuploading ansatz,task View m over rotation schedule,multiple logical classifiers on one circuit skeleton,data-reuploading shared ansatz / independent VQC,accuracy / gates / shots / parameter bytes,P0,UNTESTED,DIRECT,PA308,"Replace duplicated learned circuit angles across related tasks, not claim data re-uploading itself.","Compare equal circuit depth, entanglement and measurement schedule."
MA-1019,Quantum superposition of circuits,superposed quantum parameter-memory Mirror control,one qRAM-addressable circuit pool,quantum branch address plus classical m,selectable logical circuit family with audited hardware cost,superposed parameterised circuits / ordinary VQC,success-weighted shots / gates / accuracy / memory,P0,UNTESTED,DIRECT,PA310,Compare classical Mirror address cost with qRAM/postselection-based logical parameter multiplicity.,Charge qRAM initialization and repeat-until-success postselection.
MA-1020,Quantum circuit compilation,hardware-aware Mirror gate-code compiler,one device-target compiled variational ansatz bank,device/calibration View m,logical tasks on multiple native quantum gate sets,native transpiler / hardware-aware VQC,compiled two-qubit gates / errors / gradient variance,P0,UNTESTED,DIRECT,PA311,Compress device-specific parameter changes without increasing transpiled depth or noise.,"Compare same topology, calibration and realistic connectivity."
MA-1021,Quantum / noise conditioned Views,device-noise adaptive quantum Mirror angle code,one trained VQC ansatz/circuit skeleton,noise-readout calibrated m on phase angles,logical VQC under distinct gate noise regimes,hardware-aware transpiled VQC calibration,accuracy / gate error / shots / m bytes,P0,UNTESTED,DIRECT,PA311;PA309,Test low-description circuit correction beyond native recompilation and calibration without changing entangling topology.,Never derive m from inaccessible future noise or noiseless oracle.
MA-1024,Vision-language prompt functions,CoOp task prompt bank replaced by structured Mirror code,one CLIP text/vision frozen backbone plus common prompt basis,task-class View m on shared context,many logical visual prompt classifiers,CoOp learned context / independent prompt vectors,base-novel accuracy / prompt bytes / inference,P0,UNTESTED,DIRECT,PA312,Test marginal code compression beyond a native learned prompt context.,Base/new class split and prompt-token count must match.
MA-1025,Vision-language conditional prompts,CoCoOp conditional Mirror context code,frozen CLIP with shared prompt generator,image-context m projected to structured prompt,dynamic logical visual prompt functions,CoCoOp image-conditional token generator,novel-class accuracy / prompt generator bytes / FLOPs,P0,UNTESTED,DIRECT,PA313,Compress generated prompt freedom into a small structured View without worsening unseen-class transfer.,Generator and inference per-image cost are charged.
MA-1026,Vision-language paired modality,MaPLe coupled vision x text Mirror codes,one common frozen vision-language backbone,vision branch factor x language factor m,held-out paired modality prompt functions,MaPLe multilayer coupled prompts,novel-class H-score / prompt bytes / latency,P0,UNTESTED,DIRECT,PA314,Share cross-modal task coordinates rather than duplicating multilayer prompts.,Hold out domain-class combinations; count both visual and text prompt memory.
MA-1027,Visual streaming memory,SAM2 object-state Mirror cache bank,frozen SAM2 memory encoder and mask decoder,object ID View m on streaming memory,many logical tracked objects from one memory substrate,SAM2 native per-object streaming memory,J&F / object ID switches / memory bytes / FPS,P0,UNTESTED,DIRECT,PA315,Compress per-object memory projections/keys beyond SAM2's native streaming prompts.,"Measure object cross-talk, occlusions and real video throughput."
MA-1028,Visual memory path trees,SAM2Long memory path selection with Mirror factorization,one video segmentation memory and path-tree storage,object x hypothesis-path factor code,many logical segmentation paths at lower tree state,SAM2Long fixed-width training-free memory tree,J&F / long-video drift / memory and search cost,P0,UNTESTED,DIRECT,PA316,Replace duplicated per-path intermediate feature maps with compact Mirror coordinates.,Charge all beam/path expansion and errors from memory replay.
MA-1029,Segmentation adapter bank,MoPEFT SAM expert bank with Mirror PEFT functions,one physical SAM image encoder PEFT submodule bank,domain/object View m,many logical domain segmentation adaptors,MoPEFT mixed low-rank/adapter modules,mIoU / boundary F-score / bytes / latency,P0,UNTESTED,DIRECT,PA317,Reduce independent MoPEFT submodules via shared View code beyond native mixture.,Compare router cost and each PEFT family at equal train budget.
MA-1030,Visual tracking private frontier,SAM2 rare-object memory private fallback,SAM2 common temporal memory and a small private slot pool,object View m plus rare private residual,stable logical tracked identities with graceful cost,SAM2 memory / SAM2Long tree expansion,occlusion J&F / private bytes / FPS,P0,UNTESTED,DIRECT,PA315;PA316,Use code-only memory adaptation until object appearance drift forces private physical allocation.,No oracle future mask error; report ID switches.
MA-1031,Visual prompts online adaptation,interactive correction prompts compiled to Mirror code,frozen SAM2 prompt and streaming decoder,history-conditioned object prompt m,online logical segmentation correction state,SAM2 click/box/mask prompt replay,clicks to target J&F / memory bytes / FPS,P0,UNTESTED,DIRECT,PA315,Compress repeated per-frame corrective prompts into a persistent object View code.,Compare original interactive prompt count and error propagation.
MA-1033,Vision-language open-set composition,class x domain Mirror factorized visual prompts,single learned text+vision prompt basis,class factor x domain factor m,held-out class-domain classifier functions,CoOp / CoCoOp / MaPLe,base-to-new Hmean / OOD acc / bytes,P0,UNTESTED,DIRECT,PA312;PA313;PA314,Test compositional task coordinates beyond memorized prompt IDs.,"Hold out Cartesian cross-products, not only new image samples."
MA-1035,ANN / generated residual codebook,QINCo codebook generation compressed by Mirror View,one implicit residual VQ generator and base quantizer,stage/shard View m,many logical residual quantizers with smaller generator state,QINCo native previous-stage decoder,ANN recall / bitstream bytes / lookup speed,P0,UNTESTED,DIRECT,PA323,Test factorized m beyond native decoded-vector-conditioned implicit codebook.,Count generated codebook latency and index payload.
MA-1036,ANN / quantization geometry,RaBitQ domain Mirror quantization transform audit,one D-bit random quantizer and shared rotation basis,domain code m on pre/post quantizer geometry,many logical high-recall domains,RaBitQ random rotation / per-domain codebooks,recall@k / distance estimator bias / bytes,P0,UNTESTED,DIRECT,PA319,Improve search sensitivity only when learned View is not a pure function-preserving isometry.,Probe adversarial distance-error and distribution shifts.
MA-1037,ANN / variable dimension,Matryoshka dimension-budget Mirror readout,shared nested embedding encoder and decoder basis,task/budget View m over dimension prefix,many logical retrieval quality-cost points,Matryoshka native nested prefixes,recall / embed bits / latency / throughput,P0,UNTESTED,DIRECT,PA320,Try task-specific small m beyond native prefix truncation at matched dimension.,Count both full source embedding and nested-candidate storage.
MA-1038,Late interaction retrieval,ColBERTv2 shared centroid Mirror query/document roles,shared multivector residual centroids and encoder,domain or query type View m,multiple logical late-interaction relevance functions,ColBERTv2 independent query encoders / residual VQ,MRR@10 / nDCG / index bytes / query time,P0,UNTESTED,DIRECT,PA321,Test per-domain View codes over physical centroid/residual bank without duplicating token-level indexes.,MaxSim and all vector residuals must be charged.
MA-1039,Late interaction retrieval,PLAID centroid pruning with Mirror task code,one fixed token centroid index and pruning framework,query/task code m for centroid scores and routing,logical domain-specific retriever functions,PLAID native centroid pruning / ColBERTv2,MRR@10 / recall / tail latency / index bits,P0,UNTESTED,DIRECT,PA322;PA321,Keep the physical index fixed and modulate only task-specific scoring where useful.,Compare original SIMD/centroid prune speed and rerank cost.
MA-1040,ANN / learned metric,ScaNN anisotropic metric Mirror task code,shared ANN centroid/codebook and embedding index,task metric/View m over query or residual,useful task-dependent nearest-neighbor functions,ScaNN anisotropic quantization / metric learning,recall@10 / SIMD ops / bytes / P95 latency,P0,UNTESTED,DIRECT,PA318,"Evaluate learned task-specific usefulness beyond original similarity rankings, not a harmless orthogonal coordinate swap.",Keep identical codebook and query distribution when measuring marginal m.
MA-1041,ANN / graph index,DiskANN graph traversal with Mirror query state,one SSD-resident index graph,query/task traversal View m,many logical search policies on one physical graph,DiskANN native search / efSearch tuning,recall@k / SSD reads / QPS / P99 latency,P0,UNTESTED,DIRECT,PA324,Use small m to specialize traversal without duplicating graph topology.,Must preserve native graph I/O and batch QPS at scale.
MA-1042,Learned database indexes,PGM piecewise index with compact domain Mirror residual,one physical PGM piecewise learned model,query distribution/update m on prediction residual,many logical lookup distributions with common index,PGM native dynamic/distribution-aware index,correctness / index bytes / update / worst-case,P0,UNTESTED,DIRECT,PA325,Adapt prediction residual under distribution shift without invalidating predecessor/range correctness.,Record worst-case bounds and all update metadata.
MA-1046,Time-series foundation,Chronos shared time model + distribution Mirror code,one pretrained quantized Chronos decoder,domain-frequency m modulates output distribution,many logical probabilistic domain forecasters,Chronos zero-shot and native calibration,CRPS / WQL / model bytes / decode latency,P0,UNTESTED,DIRECT,PA326,Add small distribution View beyond ordinary scaling/quantized tokens.,Hold out datasets and frequency regimes; charge code generation.
MA-1047,Time-series foundation,TimesFM model with horizon x domain Mirror coordinates,one frozen TimesFM patch decoder,horizon factor x domain View,many useful logical horizon predictors,TimesFM native horizon conditioning,MASE / sMAPE / H100 latency / bytes,P0,UNTESTED,DIRECT,PA327,Compress horizon/domain-specific learned heads into factorized m.,Compare zero-shot and conventional horizon head; avoid future leakage.
MA-1048,Time-series foundation,Moirai frequency x variate Mirror factor,shared universal Moirai forecasting weights,frequency factor x variate factor,logical heterogeneous-frequency forecasts,Moirai native frequency/variable tokenization,CRPS / WQL / memory / unseen-variate error,P0,UNTESTED,DIRECT,PA328,Test whether m improves varying frequency/variates beyond native universal model.,Hold out complete frequency-variate combinations.
MA-1049,Time-series patch models,PatchTST variate-specific Mirror View over shared patch encoder,one PatchTST channel-independent Transformer,variate m on shared patch weights,distinct logical sensor-channel functions,PatchTST hard share / cheap channel embeddings,MSE / state bytes / variate OOD,P0,UNTESTED,DIRECT,PA329,Recover useful per-variate differences without full channel-specific patch encoders.,Use truly independent channel targets plus paired controls.
MA-1050,Time-series multiscale,TimeMixer seasonal-timescale Mirror address bank,shared multiscale trend/seasonal Mixer,timescale factor x regime factor,logical regime-specific horizon functions,TimeMixer native multiscale mixing,MASE / seasonal error / compute / bytes,P0,UNTESTED,DIRECT,PA330,Compress regime-specific mixing weights via small m.,Compare DLinear/seasonal naive and native TimeMixer.
MA-1051,Time-series multivariate,iTransformer channel-conditioned Mirror residual,one variate-token attention trunk,variate View code plus sparse residual,many channel-specific nonlinear predictors,iTransformer native variate tokens / FiLM,MSE / long-history / channel bytes,P0,UNTESTED,DIRECT,PA331,Improve channel-specific function cost without duplicating iTransformer.,Preserve cross-variable attention and OOD channel ablation.
MA-1052,Time-series adaptation,TRACE selected LoRA modules plus Mirror task code,one pretrained temporal model and selected LoRA basis,task x horizon code on selected modules,several logical task adaptations,TRACE masked LoRA and forecast heads,MASE / adaptation bytes / train wall,P0,UNTESTED,DIRECT,PA332,Measure added m beyond forecast-specific gated LoRA selection.,"TRACE native is mandatory, not generic weak LoRA."
MA-1053,Time-series multitask,MOMENT forecasting anomaly classification Mirror function codes,shared MOMENT encoder and cheap task operators,task-mode m controlling shared head basis,logical forecasting and anomaly functions,MOMENT separate native heads / simple shared gate,accuracy / F1 / forecast error / task bytes,P0,UNTESTED,DIRECT,PA333,Compress cross-task heads only where real functional overlap exists.,Do not compare incomparable metrics as a single score.
MA-1055,Time-series basis,N-BEATS shared trend/season basis + Mirror coefficient,shared expansion blocks and learned temporal bases,series/regime View over basis coefficients,logical multiple seasonal/regime forecasters,N-BEATS native coefficients,MASE / extrapolation / bytes / active compute,P0,UNTESTED,DIRECT,PA335,Search compositional m that improves native basis expansion.,A flat coefficient vector is already N-BEATS; m must add compression.
MA-1056,Time-series cheap controls,DLinear versus Mirror periodic View at equal bytes,shared linear/seasonal decomposition forecaster,periodic m on light residual,distinct periodic time-series functions,DLinear / seasonal naive,MASE / latency / code state,P0,UNTESTED,DIRECT,PA336,Test if any structured View beats simplest linear baseline.,DLinear/seasonal naive must be fully tuned at matched history.
MA-1057,Time-series mixed-rate,multi-frequency x horizon Mirror interpolation codes,shared multiresolution forecasting backbone,frequency m x prediction horizon m,unseen sample-rate/horizon predictions,TimesFM / Moirai native frequency handling,held-out WQL / resampling error / bytes,P0,UNTESTED,DIRECT,PA327;PA328,Factor frequency and horizon without Cartesian decoder bank.,Anti-aliasing and resampling provenance required.
MA-1058,Time-series cold-start,few-shot series identity m with private exception,frozen pretrained temporal model,series-history-generated m plus residual,fast new-series adaptation,Chronos zero-shot / TRACE / per-series LoRA,few-shot MASE / code byte / compute,P0,UNTESTED,DIRECT,PA326;PA332,Allocate m to new series only when shared structure supports it.,Hold out complete unseen series; report fallback fraction.
MA-1059,Time-series view geometry,natural-series orbit versus independent trend residual sweep,frozen multiseries backbone,shared View m plus sparse private trend,measured useful series families,TimeMixer / N-BEATS / separate forecast heads,quality vs alpha / private state / runtime,P0,UNTESTED,DIRECT,PA328;PA330;PA335,Quantify naturally shared temporal function fraction instead of synthetic aligned-only.,"Balance stationarity, scaling and holidays; avoid split contamination."
MA-1062,Recommendation embedding,DLRM shared embedding physical basis + Mirror feature-field codes,one large recommender categorical embedding substrate,feature-field ID View m,logical per-field embeddings without copied tables,DLRM full table / ordinary hash embedding,logloss / AUC / embedding bytes / lookup latency,P0,UNTESTED,DIRECT,PA337,Compress table storage beyond strong embedding baselines.,Measure memory bandwidth and unique ID cardinality.
MA-1063,Recommendation embedding,DHE plus structured Mirror ID correction,one table-free DHE hash encoding and decoder,field/domain sparse View m,related logical categorical embeddings,DHE zero-table native / plain FiLM,AUC / cold-start / encoded m bytes / QPS,P0,UNTESTED,DIRECT,PA338,Affect functional embeddings beyond deterministic hash ID without table blowup.,DHE no-table control can dominate; count all per-ID corrections.
MA-1064,Recommendation embedding,DHE dynamic rare-ID private fallback,shared DHE hash decoder,rare-ID View code plus explicit private residual,hot and cold identity embeddings,DHE / full lookup / frequency truncation,long-tail AUC / private bytes / QPS,P0,UNTESTED,DIRECT,PA338,Spend private state only on IDs where DHE shared decoder fails.,Do not use labels or future popularity at inference.
MA-1065,Recommendation embedding,QR complementary table x Mirror View code,compositional quotient/remainder embedding tables,field/task m modulates shared QR factors,many logical field/task embeddings,QR complementary partition / multi-hash table,CTR AUC / collisions / bytes / throughput,P0,UNTESTED,DIRECT,PA339,Test whether m adds useful specialization beyond existing QR factor combinations.,Charge both QR tables and per-task code metadata.
MA-1066,Recommendation embedding,TT-Rec tensor cores with Mirror domain-role address,one tensor-train compressed categorical table,domain/feature family View on TT cores,logical domain-specialized embeddings,TT-Rec native optimized TTEmbeddingBag,AUC / real table bytes / GPU QPS,P0,UNTESTED,DIRECT,PA340,"Mirror must win over already-compressed TT cores, not only dense tables.",Match cache and optimized lookup kernels; measure wall latency.
MA-1067,Recommendation embedding,factorized field x task Mirror atop TT-Rec,one shared TT-Rec table and feature interaction model,field factor x prediction task factor,held-out field-task embedding functions,TT-Rec plus per-task adapters,AUC / held-out pairs / marginal bytes,P0,UNTESTED,DIRECT,PA340;PA343,Compress task-specific TT embeddings through small m without losing rare-field accuracy.,Evaluate held-out field×task cells and task conflict.
MA-1068,Recommendation semantic IDs,VQ-Rec item codes with Mirror domain residual,shared item VQ codebook and sequential recommender,domain m on item code decode,transferable logical catalog embeddings,VQ-Rec native quantization / generic adapter,nDCG / HR@K / bytes / cold-start,P0,UNTESTED,DIRECT,PA341,Test compact domain role View beyond learned VQ item codes.,Unseen catalog items and domains mandatory.
MA-1070,Recommendation multi-task experts,MMoE shared expert + task-specific Mirror function coordinate,one native shared MMoE expert pool,task m on expert nonlinear weights,task-specific logical experts,MMoE separate gates / rank-1 fast weights,AUC per task / interference / bytes / QPS,P0,UNTESTED,DIRECT,PA343,Test whether m adds task specialization beyond native routing gates.,MMoE is direct control; no claim for ordinary expert reuse.
MA-1071,Recommendation multi-task factor,MMoE product x geography Mirror expert address,shared recommender expert bank,objective factor x region factor,held-out region-objective logical tasks,MMoE native gates / domain adaptor,per-task AUC / cross-pair loss / bytes,P0,UNTESTED,DIRECT,PA343,Replace Cartesian region×goal task heads with factorized codes.,Hold out objective×region pairs; watch bias and distribution shift.
MA-1072,Recommendation frequency budget,Zipf-aware Mirror item code versus private embedding,one shared categorical decoder plus optional private table,item popularity/state m,frequent private rare shared logical embeddings,DHE / QR / TT-Rec / top-frequency table,head-tail AUC / bytes / latency,P0,UNTESTED,DIRECT,PA338;PA339;PA340,"Allocate physical private bytes by true utility per ID, not by unconditional frequency.",Sweep popularity cutoffs on frozen train set.
MA-1073,Recommendation multiple tables,field-wise codebook Mirror sharing across catalogs,several high-cardinality categorical input fields,field-specific View over common codebook,logical user/item/context embedding tables,QR embeddings / TT-Rec,field AUC / collisions / physical bytes,P0,UNTESTED,DIRECT,PA339;PA340,Test cross-field sharing and task separation at fixed embedding budget.,IDs overlapping across fields are not automatically semantically equivalent.
MA-1076,Recommendation memory system,GPU-cache-aware Mirror embedding materialization frontier,TT-Rec or DHE compressed embedding basis,hot item m with optional lookup cache,logical item functions under serving load,TT-EmbeddingBag / DHE direct lookup,AUC / QPS / GPU misses / VRAM,P0,UNTESTED,DIRECT,PA338;PA340,Determine whether generating Views costs more time than cached embeddings.,Measure actual P95/P99 and HBM/DRAM bandwidth.
MA-1079,Earth observation / wavelength adaptation,DOFA generated wavelength filters compressed by Mirror code,shared DOFA wavelength hypernetwork and image trunk,continuous wavelength View m,logical unseen spectral band filters,DOFA native dynamic hypernetwork filters,OOD sensor accuracy / generator bytes / latency,P0,UNTESTED,DIRECT,PA345,Replace some generated filter matrices with compact shared View operators and compare native DOFA.,Use held-out wavelength/band configurations and count DOFA hypernetwork.
MA-1080,Earth observation / factorization,DOFA sensor identity x wavelength Mirror factors,shared multi-sensor dynamic spectral stem,sensor-factor m x wavelength-factor m,unseen sensor-spectrum logical encoders,DOFA native filters / sensor embedding,OOD bands / downstream mIoU / bytes,P0,UNTESTED,DIRECT,PA345,Test factorization of sensor hardware and wavelengths beyond native continuous hypernetwork.,Hold out full sensor×band combinations; preserve measured wavelengths.
MA-1081,Earth observation / multi-resolution,AnySat sensor x ground-scale Mirror encoder,shared scale-adaptive multisensor AnySat,sensor m x ground sample distance m,logical sensor-resolution specialized encoders,AnySat native scale-adaptive encoders,mIoU / F1 / OOD resolution / bytes,P0,UNTESTED,DIRECT,PA347,Compress scale-specific adapter capacity while preserving native multisensor robustness.,Hold out sensors and pixel sizes; avoid geographic leakage.
MA-1082,Earth observation / multispectral patches,SatMAE band-group Mirror patch projection,one multispectral temporal MAE backbone,band/wavelength m on input projection,logical spectral input views,SatMAE native band positional encoding,land-cover F1 / mIoU / patch bytes,P0,UNTESTED,DIRECT,PA344,Test non-diagonal band Views beyond band-group positional embeddings.,Compare full band projection and ordinary wavelength embedding.
MA-1083,Earth observation / SAR optical bridge,CROMA optical-SAR feature transport Mirror code,separate native SAR/optical stems and one fusion model,source modality x target modality View m,logical aligned optical/SAR feature bridges,CROMA native contrastive/fusion encoder,crossmodal R@K / mIoU / bridge bytes,P0,UNTESTED,DIRECT,PA346,Compress cross-modal fusion connectors without removing modality-specific physics.,Spatial/temporal co-registration and SAR speckle controls mandatory.
MA-1084,Earth observation / modality conversion,TerraMind sensor-to-sensor Mirror translator code,shared TerraMind multimodal generation trunk,input-modality m x output-modality m,multiple logical generated EO modalities,TerraMind native any-to-any token+pixel decoding,FID / spectral bias / modality bytes / FPS,P0,UNTESTED,DIRECT,PA349,Replace per-modality decoder/control state with factorized Views only if fidelity improves.,Generated missing modality not ground truth; evaluate held-out paired sensor observations.
MA-1085,Earth observation / temporal factors,Prithvi-EO season x sensor Mirror coordinate,shared multispectral temporal Prithvi encoder,season-time m x sensor m,logical temporal remote-sensing functions,Prithvi native temporal/spectral positional encoding,OOD season mIoU / site F1 / bytes,P0,UNTESTED,DIRECT,PA348,Add compact task-season specialization beyond pretrained space-time encoding.,Disjoint years and geographic regions; cloud cover/missing bands.
MA-1086,Earth observation / embedding-field,AlphaEarth regional map task Mirror readout,shared geospatial embedding-field tiles,region/time m on downstream map decoder,logical environmental maps from same field,AlphaEarth frozen embeddings + linear probes,F1 / map accuracy / index bytes / tile latency,P0,UNTESTED,DIRECT,PA350,Share task-specific downstream map operators rather than clone full feature readers.,Charge embedding-tile access and independent label probes.
MA-1087,Earth observation / missing bands,Mirror continuity under arbitrary missing spectral channels,shared multisensor spectral decoder,observed wavelength-set conditional m,useful logical encoders across incomplete inputs,DOFA native missing-sensor handling / masks,OOD missing-band F1 / code bytes / compute,P0,UNTESTED,DIRECT,PA345;PA347,Factor available-band identities into cheap m and quantify forced private exceptions.,Compare simple mask embedding and full recalibration; no oracle values.
MA-1088,Earth observation / sensor OOD,leave-one-sensor-out Mirror function-frontier benchmark,one multisensor shared pretrained trunk,sensor-specific m or private adapter,true unseen-sensor logical functions,DOFA / AnySat / independent sensor adapter,leave-sensor-out mIoU / F1 / bytes / FPS,P0,UNTESTED,DIRECT,PA345;PA347,Identify which unseen sensors lie close enough for a low-description View.,Complete held-out sensor hardware; no per-sensor test optimization.
MA-1090,Earth observation / hyperspectral interpolation,continuous wavelength Mirror operator over spectral stems,shared hyperspectral kernel basis,calibrated wavelength interval m,held-out band-center input functions,DOFA wavelength hypernetwork / spectral interpolation,spectral RMSE / downstream F1 / bytes,P0,UNTESTED,DIRECT,PA345;PA344,Test if structured spectral View reduces band-kernel storage beyond hypernetwork.,Band response functions and instrument calibration are paid metadata.
MA-1091,Earth observation / change detection,before-after season Mirror state on geospatial features,one Prithvi/AnySat backbone,pre-observation m x post-observation m,logical temporal change tasks,native temporal foundation + change head,change F1 / map localization / state bytes,P0,UNTESTED,DIRECT,PA347;PA348,Factor year/season and changed event rather than one model per revisit.,Strong seasonal/no-change negative examples and geographic splits.
MA-1092,Earth observation / sparse labels,new landcover mapping task via Mirror View,frozen multisensor EO foundation trunk,few-label task View m,many logical sparse-label maps,AlphaEarth linear probe / DOFA head / LoRA,few-shot F1 / code bytes / train compute,P0,UNTESTED,DIRECT,PA345;PA350,Compress incremental sparse task adaptation across regions and sensors.,"Separate site leakage, labels and head adaptation baseline."
MA-1093,Earth observation / shared-private,sensor-dependent Mirror residual allocation,shared DOFA/AnySat trunk plus exceptions,sensor m plus sparse private spectral patch,both related and independent sensor functions,independent sensor adapter / hypernetwork / FiLM,OOD mIoU / private bytes / speed,P0,UNTESTED,DIRECT,PA345;PA347,Allocate private capacity only if sensor/wavelength family leaves shared View orbit.,Sweep aligned-to-independent spectrally correlated sensor pairs.
MA-1096,Natural adapter orbit / gauge,gauge-invariant natural-LoRA Mirror feasibility audit,actual separately trained LoRA deltas for identical frozen base and layer,candidate shared View coefficient with gauge-canonical SVD,measured physically representable natural task deltas,native LoRA / independent truncated SVD / EigenLoRAx,invariant projector overlap / held-out task error / bytes,P0,UNTESTED,DIRECT,PA358;PA359;PA360;PA353,Establish whether natural unrelated or related finetunes fit any cheap View orbit before training a new Mirror.,"Perturb B->B G and A->G^-1 A; distances, predictions and verdicts must not change."
MA-1097,Natural adapter orbit / asymmetric factors,shared LoRA output B versus input A subspace Mirror codes,one trained adapter bank and gauge-canonical delta column/row spaces,shared output-side m versus input-side m versus both,task deltas differentiated by B/A structural asymmetry,Pico / CtS / SVD / full LoRA,held-out update reconstruction / downstream quality / bytes,P0,UNTESTED,DIRECT,PA357;PA351;PA358,Test B-space concentration using gauge-invariant subspace projectors rather than raw factor vectors.,Compare separate row/column principal angles and hold out adapter tasks.
MA-1098,Natural adapter orbit / pretrained spectrum,frozen pretrained W singular basis as zero-new-learned-Mirror dictionary,pretrained weight singular vectors and actual fine-tuning deltas,per-task diagonal or small core coefficient m,multiple task-specific updates from a common W spectrum,frozen spectral coefficient tuning / rank-r LoRA / EigenLoRAx,task held-out NLL / SVD basis bytes / update rank,P0,UNTESTED,DIRECT,PA356;PA353;PA352,Distinguish stable base singular vectors from delta alignment and count costly SVD/basis extraction.,Code diagonal/core/free rank with equal stored bytes; no oracle task delta at inference.
MA-1099,Natural adapter orbit / structured core,structured Givens or signed Mirror core versus dense CtS coefficients,shared task delta left-right subspace U/V,Givens/sign/diagonal low-description core m,task Views with less than r-square coefficient state,CtS / CtM dense core / VeRA,task metric / per-adapter bytes / decode FLOPs,P0,UNTESTED,DIRECT,PA351;PA352;PA354,Quantify if a *structured* Mirror m beats already compact unconstrained r-by-r shared-core codes.,Sweep Givens count and LoRA rank; compare at equal useful quality.
MA-1100,Adapter bank serving,Mirror m bank versus Compress-then-Serve clusters,one shared multi-LoRA serving basis,task View code with optional family cluster ID,thousands of logical served adapters,Compress then Serve clustered basis / S-LoRA / Punica,full stored bytes / P95 TTFT / throughput / quality,P0,UNTESTED,DIRECT,PA351;PA164;PA165,Show marginal benefit beyond strong 1000-LoRA basis compression and optimized paging.,"Count cluster dictionaries, GPU resident code, kernel launches and I/O."
MA-1101,Adapter merging and reuse,Mirror task retrieval versus CtM one-model low-rank merge,shared low-rank task update basis,per-task core code m and composition rule,retrievable tasks and useful merged combinations,Compress then Merge / naive dense merge / separate LoRAs,held-out task NLL / merged score / bytes / rank,P0,UNTESTED,DIRECT,PA352;PA357,Separate keeping many logical task functions from compressing them into one merged LoRA.,"CtM core rank, trained-adapter sources and merge weights are strong controls."
MA-1102,Natural adapter cold-start,new-task Mirror code from pre-existing LoRA principal subspace,frozen pretrained LoRA basis extracted from train-task adapters,few-shot new-task View code m,additional logical task without new full LoRA factors,EigenLoRAx / new rank-r LoRA / generic shared basis,few-shot NLL / new-task bytes / train compute,P0,UNTESTED,DIRECT,PA353;PA361,Prove marginal code advantage over EigenLoRAx natural-domain principal components.,Entire test-task adapter and examples must be excluded from basis discovery.
MA-1103,Adapter bank vector factors,Mirror structured codes on VB-LoRA shared vector bank,one shared compact trainable vector bank,task or layer View on bank composition,logical LoRA factors without independent vectors,VB-LoRA / VeRA / rank-1 / original LoRA,quality / bank+code bytes / GPU inference,P0,UNTESTED,DIRECT,PA354,"Integrate m after native VB-LoRA, not compare only with full-size adapters.",Charge all bank vectors and sparse selector/scale indices.
MA-1104,Tensor-train factorized adapter bank,MetaTT physical core with Mirror task x layer x matrix code,one global TT adapter across Transformer modules,task/layer/matrix structured View m,multiple logical module updates,MetaTT global tensor train / HyperLoader,NLL / TT rank / actual bytes / throughput,P0,UNTESTED,DIRECT,PA355;PA368,Determine if low-description m improves on an already factorized TT address tensor.,Do not count task×layer combination count as independent capacity.
MA-1105,Continual adapter basis,online Mirror coordinate and private exception on shared evolving LoRA subspace,one continually updated shared adapter subspace,new-task m plus small private residual,logical new skills without changing previous predictions,Share subspace / LoDA / independent LoRAs,retention / future skill loss / writable bytes / wall,P0,UNTESTED,DIRECT,PA361;PA362,Measure shared/private frontier beyond existing continual subspace learning.,No oracle task IDs when native task-agnostic setting; frozen test split.
MA-1107,Federated code consistency,GLoRA consensus subspace with Mirror client View,gauge-invariant federated shared update subspace,client-specific m and private residual,diverse client functions with low server/client state,GLoRA / FedLoRA / rank-compatible readout,client heldout quality / communication / state bytes,P0,UNTESTED,DIRECT,PA358;PA359,"Measure marginal Mirror value over gauge-aware federation, including heterogenous client ranks.",Repeated gauge perturbations must not change aggregation results.
MA-1109,Text-conditioned task generator,Zhyper conditioned LoRA weights versus structured Mirror text code,frozen base plus factorized text hypernetwork,text-prompt m over shared adapter family,unseen textual task-conditioned functions,Zhyper / HyperLoader / FiLM,unseen task quality / generation bytes / latency,P0,UNTESTED,DIRECT,PA363;PA368,Compare native generated LoRA with generating only a constrained Mirror core.,"Count description encoder, generator weights and per-request inference."
MA-1110,Multi-LoRA canonical KV cache,LRAgent fused base-plus-adapter cache with Mirror logical View,shared LoRA-agent base cache and low-rank adapter latent,agent View m applied without dense materialization,multiple correct logical specialist KV states,LRAgent Flash-LoRA-Attention / MA-691,target NLL / cache alias / VRAM / switch latency,P0,UNTESTED,DIRECT,PA364;PA365;PA156,Require gains beyond existing shared base+low-rank Flash-LoRA-Attention.,Audit layer hidden-state divergence and token provenance.
MA-1111,Multi-LoRA neutral cache reuse,PReCache neutral base reconstruction plus compressed Mirror LR codes,base cache with adapter-free reconstruction state,per-agent structured Mirror code for LR cache,multiple LoRA-compatible logical caches,PReCache PreLRShared / ReBaseShared,QA/NLL / TTFT / LR bytes / reconstruction cost,P0,UNTESTED,DIRECT,PA365;PA364,Compress residual agent low-rank cache only where PReCache native code remains large.,No free precomputation; shared storage must be physically aliased.
MA-1112,KV switch-state truthfulness,physical cache alias versus copy for Mirror and LoRA-native methods,one shared-prefix cache plus adapter-specific state,View switch m and cache provenance log,quality-preserving logical specialist handoffs,LRAgent / PReCache / aLoRA / native re-prefill,physical allocated VRAM / bytes / long-context NLL / P95,P0,UNTESTED,DIRECT,PA364;PA365;PA155;PA154,Separate numerical reuse from actual physical alias and native neutral-cache construction.,"Cold/warm resident prefixes; count forks, buffer copies and tokenization."
MA-1114,Natural adapter byte amortization,adapter count versus structured m break-even map,"learned shared basis, task cores and private residual stores",task-code dimension k and adapter count K,actual cost-optimal logical specialist library,Compress then Serve / CtM / native LoRA / TT-LoRA,quality-normalized bits per task / break-even K / GPU QPS,P0,UNTESTED,DIRECT,PA351;PA352;PA355;PA357,Report where shared basis actually pays for itself as task count and heterogeneity vary.,Basis cost never treated as free; audit leakage and false compressor gains.
MA-1116,Knowledge graph / rotation,RotatE relation x domain Mirror code with private residual,one native RotatE entity table and relation operator bank,relation factor x domain factor m plus sparse exception,domain-specific useful link relations,RotatE per-relation rotations / domain embedding,filtered MRR / Hits10 / actual relation bytes,P0,UNTESTED,DIRECT,PA382;PA383,Test additional cross-domain transfer beyond RotatE per-relation phase parameter.,Hold out relation-domain pairs and use filter-corrected corrupted triples.
MA-1117,Knowledge graph / two-sided relation,PairRE head x tail logical View factorization,one native PairRE head/tail relation vector bank,left factor x right factor m over shared relation basis,multiple relation patterns without full paired per-domain vectors,PairRE independent head/tail vectors and scalar gates,filtered MRR / relation bytes / asymmetric patterns,P0,UNTESTED,DIRECT,PA386;PA382,Compress multi-domain relation maps while preserving asymmetric and N-to-N relation semantics.,Compare 1-to-N and N-to-1 separately; avoid trivial exact inverses.
MA-1118,Knowledge graph / tensor relation,TuckER shared core plus Mirror context operator,one trained TuckER entity and core tensor,relation-context m over common tensor coefficient basis,many logical relation operators with fewer relation parameters,TuckER native relation embeddings / ComplEx,filtered MRR / core+code bytes / inference throughput,P0,UNTESTED,DIRECT,PA384;PA383,Determine whether structured m improves upon TuckER's already-shared Tucker core.,Never exclude full Tucker core or entity table from stored bytes.
MA-1119,Knowledge graph / noncommutative paths,QuatE compositional path relation Mirror program,shared quaternion entity and relation operator bank,sparse composition/ordered relation m,held-out relation-path functions,QuatE quaternion multiplication / RotatE,multi-hop MRR / composition error / bytes,P0,UNTESTED,DIRECT,PA385;PA382;PA389,Test extra useful path semantics beyond native quaternion rotations.,Noncommutativity alone is not a new logical function; hold out relation sequences.
MA-1120,Temporal knowledge graphs,TNTComplEx relation x time Mirror factor bank,shared temporal relation tensor basis,relation identity x period m,unseen timestamp and relation logical links,TNTComplEx native time embeddings / TuckER,future time MRR / relation bytes / leakage,P0,UNTESTED,DIRECT,PA388;PA384,Compress combined time-relation states beyond existing temporal tensor decomposition.,Lock chronological splits and unseen ordered time-relation pairs.
MA-1121,Knowledge graph / Kraus channel,KrausKGE relation rank bank with Mirror coefficients,shared physical Kraus operator basis,relation m selects compact channel coefficients and rank,logical one-to-many link operators,KrausKGE native rank choices / RotatE,filtered MRR by fanout / CPTP error / bytes,P0,UNTESTED,DIRECT,PA390,Test whether Mirror bank saves multi-relation operator matrices at fixed fanout performance.,Preserve positive/completeness constraints or explicitly declare relaxed model.
MA-1122,Knowledge graph / message passing,CompGCN relational message shared Mirror View,one CompGCN GNN message transformation,edge-relation m on fixed message kernel,logical edge-type message functions without separate matrices,CompGCN native composition / R-GCN basis,link MRR / active edge FLOPs / relation-state bytes,P0,UNTESTED,DIRECT,PA387;PA382,Compress edge-type-specific learned transformations beyond native composition.,Count graph-edge computation and neighbor samplers.
MA-1123,Knowledge graph / private frontier,natural KG relation orbit-private fit with compact m,independently fitted relation operator ensemble,shared task m plus sparse private relation correction,related and unrelated relation functions,RotatE / PairRE / full independent relation transforms,MRR vs private share / bytes / logical diversity,P0,UNTESTED,DIRECT,PA382;PA386;PA390,Quantify how much naturally learned relation variation lives in common Mirror family.,Never use same candidate family to plant every teacher relation.
MA-1126,Camera ISP / EXIF,ParamISP EXIF-conditioned ISP plus Mirror residual View,native ParamISP ParamNet and ISP trunk,ISO x exposure small View m,logical camera exposure functions beyond native conditioner,ParamISP original ParamNet / FiLM,RAW-sRGB PSNR / DeltaE / codec bytes / FPS,P0,UNTESTED,DIRECT,PA391,Insert m in ISP feature transforms after retaining ParamNet baseline.,Held-out camera/ISO/exposure; charge metadata and joint forward inverse.
MA-1127,Camera ISP / cross device,Uni-ISP camera-code bank compressed into Mirror View,one trained Uni-ISP joint forward/inverse pipeline,camera ID x sensor profile m,unseen-camera logical RAW-sRGB pipelines,Uni-ISP native device embedding / private ISP,held-out camera PSNR / SSIM / bytes / latency,P0,UNTESTED,DIRECT,PA393;PA392,Measure marginal m gain beyond already device-aware ISP and color calibration.,Use FiveCam synchronous pairs; no image-pair leakage.
MA-1128,Camera ISP / style control,MetaISP camera x style Mirror factorization,shared MetaISP scene-aware color generator,camera source x target style factors m,held-out source-device/target-style rendering,MetaISP native target-device conditioning,DeltaE / LPIPS / color consistency / bytes,P0,UNTESTED,DIRECT,PA392;PA393,Compress per-target style state beyond MetaISP's existing conditional color engine.,Hold out source-target pairs and skin-tone/color chart fidelity.
MA-1129,Camera ISP / local control,PQDynamicISP spatial-region m plus rare local correction,native lightweight dynamically controlled ISP modules,image region x environment m,spatially adaptive logical ISP programs,PQDynamicISP native local dynamic controls,PSNR / LPIPS / control state bits / latency,P0,UNTESTED,DIRECT,PA394,Test structured low-rank View m on top of native parameter controller.,Local nonlinear control and mobile ISP runtime are mandatory.
MA-1130,Camera ISP / modular stages,Modular ISP stage x camera Mirror code,one shared modular ISP stage bank,processing stage factor x camera factor m,logical multi-camera styles with one staged pipeline,Modular Neural ISP native knobs / Uni-ISP,DeltaE / editability / pipeline bytes / GPU FPS,P0,UNTESTED,DIRECT,PA395;PA393,Replace redundant per-device stage functions with factorized m and preserve editability.,Never remove original stage controls to make weaker baseline.
MA-1131,Optics / lens correction,OmniLens++ latent PSF bank with Mirror camera geometry,shared lens aberration correction and PSF basis,lens ID x image radial position m,logical lens-specific spatial corrections,OmniLens++ native PSF latent / low-rank aberration,PSNR / measured PSF residual / bytes / runtime,P0,UNTESTED,DIRECT,PA397;PA399,Compress physically varying PSF corrections beyond already learned latent PSF.,Use measured unseen lens optics; spatially varying PSF is not one global kernel.
MA-1132,Camera ISP / inverse consistency,forward inverse ParamISP Mirror coordinate consistency,one bidirectional RAW↔sRGB ISP representation,forward/inverse paired m for EXIF/device,paired logical image formation/inversion functions,ParamISP / Uni-ISP native forward-inverse,cycle error / DeltaE / PSNR / bytes,P0,UNTESTED,DIRECT,PA391;PA393,Test if a shared code enforces consistency without duplicated inverse weights.,RAW information lost by clipping/quantization cannot be exactly restored.
MA-1133,Camera ISP / noise domain,camera-noise and ISO Mirror denoiser state,one conditional RAW denoising backbone,camera profile x ISO View m,logical sensor noise-adaptive denoisers,controllable real denoising with camera parameters,real RAW PSNR / noise stats / code bytes / latency,P0,UNTESTED,DIRECT,PA396;PA391,Reduce per-device denoise adapter state beyond noise-model conditioning.,Distinguish photon/shot noise from learned sRGB style.
MA-1134,Optics / calibration,neural lens radial distortion Mirror correction with private PSF,shared Neural Lens Modeling optical substrate,lens optics x zoom/focus spatial m,unseen zoom/focus logical PSFs,Neural Lens Modeling / OmniLens++,measured PSF error / reconstruction fidelity / code bytes,P0,UNTESTED,DIRECT,PA398;PA397,Estimate compressible lens function family without erasing diffraction/field dependence.,Use actual calibrated lens positions and illumination.
MA-1136,Robot dynamics / online adaptation,RMA extrinsics adapter compressed by Mirror code,RMA shared legged policy and history adaptation encoder,friction/payload latent View m,many deployable terrain dynamics policies,native RMA extrinsics and adaptation module,return / failure rate / policy bytes / adaptation latency,P0,UNTESTED,DIRECT,PA401,Test extra functional policy freedom beyond RMA's existing environment embedding.,No privileged physical parameters at deployment; hold out friction/payload combos.
MA-1137,Robot dynamics / system ID,UP-OSI physical parameter x policy Mirror factor,one universal policy with online system ID,estimated mass x inertia x friction m,held-out dynamics logical policies,UP-OSI native parameter-conditioned universal policy,return / model mismatch / latency / code bytes,P0,UNTESTED,DIRECT,PA400,Compress universal policy variation beyond known system-ID embedding.,Compare oracle and estimated physics separately; unknown parameters not free.
MA-1138,Robot dynamics / contact adaptation,CoRMA contact x terrain Mirror latent factorization,shared CoRMA contact-rich adaptation policy,contact regime x terrain View m,logical contact modes with shared base,CoRMA contrastive latent / RMA,OOD return / slip rate / bytes / update compute,P0,UNTESTED,DIRECT,PA402;PA401,Test lower-description View while maintaining contact-mode identification.,Avoid teacher-only force sensors; estimate from deployable history.
MA-1139,Robot control / implicit inference,A-NC recurrent implicit physics versus explicit Mirror View,fixed recurrent adaptive controller,history-conditioned m modulates controller kernels,logical adaptive actions without private policies,A-NC implicit recurrent controller / simple FiLM,return / stability / hidden bytes / adaptation wall,P0,UNTESTED,DIRECT,PA403,Measure if explicit small m adds information or just duplicates recurrent hidden state.,No oracle physics and equal observation history.
MA-1140,Robot world model / morphology,graph-operator morphology Mirror basis,shared morphology-conditioned world dynamics operator,limb topology x mass/actuator m,logical bodies and dynamics models,graph-operator world model / ordinary morphology embedding,rollout MSE / energy drift / state bytes,P0,UNTESTED,DIRECT,PA404;PA405,Compress per-morphology operator deltas with small code beyond native graph structure.,Hold out topology and physical parameters together.
MA-1141,Robot dynamics / cross-embodiment,quadruped morphology x skill View composition,shared morphology-conditioned world model/policy,robot embodiment m x locomotion skill m,unseen embodiment-skill behaviors,native conditioned quadruped model / RMA,OOD locomotion return / fall rate / bytes,P0,UNTESTED,DIRECT,PA405;PA401,Test cross-product address factorization beyond native morphology latents.,"Hold out whole robot-skill pairs, not only episode seeds."
MA-1142,Robot control / private exception,RMA Mirror code with rare private friction/contact residual,shared policy and compact context Views,environment m plus sparse contact residual,common tasks and extreme dynamics conditions,RMA / CoRMA / independent specialist,success / private bytes / fallback fraction / return,P0,UNTESTED,DIRECT,PA401;PA402,Quantify private-parameter boundary under unseen contact/friction.,No future rollout reward oracle to select private branch.
MA-1143,Robot control / student audit,CTS teacher-student Mirror code distillation,shared deployable student actor and teacher privileged critic,student-inferred dynamics m,logical student policies for multiple morphologies,CTS native teacher-student student,return / student latency / oracle gap / bytes,P0,UNTESTED,DIRECT,PA406,Test cheap student m under real observation limits.,"Report privileged teacher only as upper bound, never fair inference baseline."
MA-1146,Acoustic room fields,NAF shared room field plus compact Mirror room m,shared spatial source-receiver neural acoustic field,room identity x microphone context m,logical room transfer functions from common field,Learning Neural Acoustic Fields native location code,held-out room RIR LSD / RT60 / bytes / render latency,P0,UNTESTED,DIRECT,PA407;PA408,Test marginal room adaptation beyond normal source/receiver interpolation.,Hold out entire measured rooms; count room local grids.
MA-1147,Acoustic room adaptation,retrieval-pretrained NAF room-code compression,shared geometry-conditioned NAF and retrieval bank,new-room Mirror code with sparse residual,many new rooms with few calibration RIRs,retrieval-augmented NAF adaptation,few-shot RIR error / adaptation bytes / time,P0,UNTESTED,DIRECT,PA409;PA407,Reduce per-room state beyond native geometry retrieval and fine-tune.,Count database retrieval memory and enrollment RIR recordings.
MA-1148,Acoustic factorized geometry,room x source x receiver Mirror operator composition,one shared RIR spectral decoder,room factor x source factor x receiver factor,held-out spatial-pair RIRs,NAF native coordinate embedding / TA-RIR,spatial RIR accuracy / RT60 / code bytes,P0,UNTESTED,DIRECT,PA407;PA410,Factor room identity from source-receiver transport beyond native coordinate input.,"Hold out source×receiver grids, not only random STFT bins."
MA-1149,Acoustic topology,TA-RIR topology-aware Mirror geometry code,shared propagation-informed RIR network,room topology m plus material properties m,logical room topology-dependent acoustic functions,TA-RIR native topology embeddings,DRR / RT60 / C50 / bytes / throughput,P0,UNTESTED,DIRECT,PA410,Compress geometry/material codes beyond learned topology conditioning.,Validate actual geometrical layout and source/receiver coordinates.
MA-1150,Acoustic multipole fields,NAMS acoustic multipole bank with role Mirror m,one learned/pruned acoustic multipole field,source/room View coefficients on physical multipoles,logical room/source directional impulse responses,NAMS native multipole splitting / pruning,RIR spectral error / pole bytes / render speed,P0,UNTESTED,DIRECT,PA411,Compress repeated room pole amplitudes/directivities with one shared physical basis.,Charge point positions and Helmholtz-physics residuals.
MA-1151,Ambisonic directional acoustics,direction-aware neural acoustic field with low-bit Mirror direction View,shared ambisonic directional NAF,direction×room View code on acoustic harmonics,logical multichannel directional RIRs,direction-aware NAF few-shot LoRA,ambisonic RIR error / phase / code bytes,P0,UNTESTED,DIRECT,PA412,Test compact directional adapter beyond native low-rank acoustic interpolation.,"Preserve phase/directional channels, not just magnitude STFT."
MA-1152,Generative acoustic fields,few-shot flow acoustic synthesis with Mirror environment code,one shared multimodal room acoustic flow generator,room/mic environment View m,many room-specific RIR distributions,few-shot multimodal acoustic flow matching,RIR realism / NFE / room bytes / GPU latency,P0,UNTESTED,DIRECT,PA413,Reduce room-specific generative state beyond native few-shot flow conditioning.,Match sampling NFEs and source/receiver geometry observations.
MA-1153,Acoustic physics / sound conservation,room Mirror frequency response with passive/causal constraint,one learned room spectral field basis,room coefficient m on physically constrained modes,valid measured linear acoustic responses,NAF / NAMS / physics-informed RIR fit,causality / spatial continuity / RIR error / bytes,P0,UNTESTED,DIRECT,PA407;PA411,Test whether code compression preserves causality and wave-model structure.,No phase reconstruction by random phase allowed in physical RIR metrics.
