world,seed,method,task,nrmse,payload_bytes,sha256,path,train_seconds,updates
25500,0,psp_random_unbind,0,0.9999993443489075,1116005,877467b7bd90c426fc790f30f28a72a62dbe488cc5f50219cec0f13ecd03fdb0,experiments/mirror_applications/ma-255-parameter-superposition-mirror/artifacts/payloads/25500_0_psp_random_unbind_0.pt,0.0,0
25500,0,psp_random_unbind,1,1.0000015497207642,1116005,4c41be9d80a633e19330bdde9e2ba6dc6b8d88689d06ed38031cd0a7706de7a0,experiments/mirror_applications/ma-255-parameter-superposition-mirror/artifacts/payloads/25500_0_psp_random_unbind_1.pt,0.0,0
25500,0,psp_random_unbind,2,1.0000003576278687,1116005,edb68a936f9e7d8177ed6be61d1f04c06dac6090e4a5bcebb8151e6bd8a93f5d,experiments/mirror_applications/ma-255-parameter-superposition-mirror/artifacts/payloads/25500_0_psp_random_unbind_2.pt,0.0,0
25500,0,psp_random_unbind,3,1.0000001192092896,1116005,03c9f25e5d4fe2cf61949f5403fe54da27d03f4df8f6581e32229994c80bef06,experiments/mirror_applications/ma-255-parameter-superposition-mirror/artifacts/payloads/25500_0_psp_random_unbind_3.pt,0.0,0
25500,0,psp_random_unbind,4,0.9999948143959045,1116005,1b7da7f437df28bad42fd0fb95da55749db8ef77a8d4d5ed677a57df4bbf9e5e,experiments/mirror_applications/ma-255-parameter-superposition-mirror/artifacts/payloads/25500_0_psp_random_unbind_4.pt,0.0,0
25500,0,psp_random_unbind,5,1.0000005960464478,1116005,9165f7c9d67944c7a9bb745f652df34aa425f747003b6a9bdddcd61ab604f854,experiments/mirror_applications/ma-255-parameter-superposition-mirror/artifacts/payloads/25500_0_psp_random_unbind_5.pt,0.0,0
25500,0,psp_random_unbind,6,0.9999988079071045,1116005,9db1f78d4874232024ceb8d9630b4b7ab695353292f8e50c70d82185132c19b8,experiments/mirror_applications/ma-255-parameter-superposition-mirror/artifacts/payloads/25500_0_psp_random_unbind_6.pt,0.0,0
25500,0,psp_random_unbind,7,0.9999997615814209,1116005,6c3ffd0f8b5c8cf6c90787abe335e378e8b0f820364ff62558c5e877776015cc,experiments/mirror_applications/ma-255-parameter-superposition-mirror/artifacts/payloads/25500_0_psp_random_unbind_7.pt,0.0,0
25500,0,psp_random_unbind,8,0.9999995231628418,1116005,fd058566addd90c19d3c863aad2e0fb98f50058da720343d80e4c2be1c3103da,experiments/mirror_applications/ma-255-parameter-superposition-mirror/artifacts/payloads/25500_0_psp_random_unbind_8.pt,0.0,0
25500,0,psp_random_unbind,9,1.0000022649765015,1116005,653e1b791780efc342f75863fec2a0bab1dfa74aaa3dd6b8ea62738e8a3127a7,experiments/mirror_applications/ma-255-parameter-superposition-mirror/artifacts/payloads/25500_0_psp_random_unbind_9.pt,0.0,0
25500,0,psp_random_unbind,10,0.9999943971633911,1116005,15b394c99dc643b9ceba71333b467791038cc8042cda6ed24380045c5284ef30,experiments/mirror_applications/ma-255-parameter-superposition-mirror/artifacts/payloads/25500_0_psp_random_unbind_10.pt,0.0,0
25500,0,psp_random_unbind,11,1.0000004768371582,1116005,8e30cb2bee90cbc1254bdefdbebe1443fd34faebd44fb531279d7fc2f2237248,experiments/mirror_applications/ma-255-parameter-superposition-mirror/artifacts/payloads/25500_0_psp_random_unbind_11.pt,0.0,0
25500,0,psp_random_unbind,12,0.9999997615814209,1116005,725451828e8a41fdbfd5439e321113c947400c6d911c3979dcbbf56595ab6d8d,experiments/mirror_applications/ma-255-parameter-superposition-mirror/artifacts/payloads/25500_0_psp_random_unbind_12.pt,0.0,0
25500,0,psp_random_unbind,13,1.0000001192092896,1116005,149d8065f504b24a57a6f86426e31f5d3e5ec2ababd215dc97d7dd2b8b9c3057,experiments/mirror_applications/ma-255-parameter-superposition-mirror/artifacts/payloads/25500_0_psp_random_unbind_13.pt,0.0,0
25500,0,psp_random_unbind,14,1.0000009536743164,1116005,0b5d6dd8ea106548f098cf64d1f312d45ff7c654135a3913b49b3d139823e9d4,experiments/mirror_applications/ma-255-parameter-superposition-mirror/artifacts/payloads/25500_0_psp_random_unbind_14.pt,0.0,0
25500,0,psp_random_unbind,15,1.000000238418579,1116005,d6bea7495d0d417c0f9aaa5f67c9b0146a348ca8a599415c77f864a92c8e18f4,experiments/mirror_applications/ma-255-parameter-superposition-mirror/artifacts/payloads/25500_0_psp_random_unbind_15.pt,0.0,0
25500,0,psp_random_unbind,16,0.999999463558197,1116005,a2b86cfd77a5498d6eb627195d1b3ac572a04e82d8c7c467a1de9f1ad8afc7ca,experiments/mirror_applications/ma-255-parameter-superposition-mirror/artifacts/payloads/25500_0_psp_random_unbind_16.pt,0.0,0
25500,0,psp_random_unbind,17,1.0000017881393433,1116005,0027746f86d5d059dbc6362fb7e638d52d8cfda765f531cb422359b9740359ba,experiments/mirror_applications/ma-255-parameter-superposition-mirror/artifacts/payloads/25500_0_psp_random_unbind_17.pt,0.0,0
25500,0,psp_random_unbind,18,1.0000035762786865,1116005,b706a7425f854c2e5c1c05a37e55ed9c9e36fb5bec48cbd01cc87e65c639f3be,experiments/mirror_applications/ma-255-parameter-superposition-mirror/artifacts/payloads/25500_0_psp_random_unbind_18.pt,0.0,0
25500,0,psp_random_unbind,19,0.9999996423721313,1116005,8a2de7930a0c362bca4962ec6778e80a66e3e83a4daf4488699b34bd8089e4fa,experiments/mirror_applications/ma-255-parameter-superposition-mirror/artifacts/payloads/25500_0_psp_random_unbind_19.pt,0.0,0
25500,0,psp_random_unbind,20,0.9999992847442627,1116005,5f7fc25713884c5c2f1413a5b5e69fc6ddc5e6c88bf5073ddcf62671bb1cf5ba,experiments/mirror_applications/ma-255-parameter-superposition-mirror/artifacts/payloads/25500_0_psp_random_unbind_20.pt,0.0,0
25500,0,psp_random_unbind,21,1.0000001192092896,1116005,f5a3b1f670a7018673aadce16929585a085ae8adbde633803dfe88758e107c05,experiments/mirror_applications/ma-255-parameter-superposition-mirror/artifacts/payloads/25500_0_psp_random_unbind_21.pt,0.0,0
25500,0,psp_random_unbind,22,1.0000003576278687,1116005,6803459a78dd840e28a7626d40262cfcdfd94c512beff972d463c164aaa49789,experiments/mirror_applications/ma-255-parameter-superposition-mirror/artifacts/payloads/25500_0_psp_random_unbind_22.pt,0.0,0
25500,0,psp_random_unbind,23,0.9999987483024597,1116005,b78f703a76d5ee11691e0424effe1edb174974d74b66cc992085c78f59886c6d,experiments/mirror_applications/ma-255-parameter-superposition-mirror/artifacts/payloads/25500_0_psp_random_unbind_23.pt,0.0,0
25500,0,psp_random_unbind,24,0.9999976754188538,1116005,c3fc4720ecfc9453e4e7edaca8a45481c3dcc66c44088dbbf1f18e87545d8cda,experiments/mirror_applications/ma-255-parameter-superposition-mirror/artifacts/payloads/25500_0_psp_random_unbind_24.pt,0.0,0
25500,0,psp_random_unbind,25,0.9999997019767761,1116005,7d2a31dd7261cadee9342b2a4da864afb4732ed3b13de5596a3ed17a2c3b9756,experiments/mirror_applications/ma-255-parameter-superposition-mirror/artifacts/payloads/25500_0_psp_random_unbind_25.pt,0.0,0
25500,0,psp_random_unbind,26,1.0000001192092896,1116005,614937a9c1cc222844c0b97fdd3cff48e605f18c09e26797fc391009c0950651,experiments/mirror_applications/ma-255-parameter-superposition-mirror/artifacts/payloads/25500_0_psp_random_unbind_26.pt,0.0,0
25500,0,psp_random_unbind,27,0.9999982118606567,1116005,a0df03cccadbdeedde198b1070e58e2b4a186675eeed116c93474d417ef70507,experiments/mirror_applications/ma-255-parameter-superposition-mirror/artifacts/payloads/25500_0_psp_random_unbind_27.pt,0.0,0
25500,0,psp_random_unbind,28,1.0000025033950806,1116005,85195596ddf3c7d4ff10df3d0eaf2296e5396e273beb7096f4639be46e9f1a12,experiments/mirror_applications/ma-255-parameter-superposition-mirror/artifacts/payloads/25500_0_psp_random_unbind_28.pt,0.0,0
25500,0,psp_random_unbind,29,1.0000001192092896,1116005,8bb2a1b210e2e0d3bdda63ecca36080b02c8830e7f56cc861599375a71935b1a,experiments/mirror_applications/ma-255-parameter-superposition-mirror/artifacts/payloads/25500_0_psp_random_unbind_29.pt,0.0,0
25500,0,psp_random_unbind,30,0.9999990463256836,1116005,25046505abaa25141512586eadbe3099afdf6173340b548a75f9209ce5773f49,experiments/mirror_applications/ma-255-parameter-superposition-mirror/artifacts/payloads/25500_0_psp_random_unbind_30.pt,0.0,0
25500,0,psp_random_unbind,31,0.9999987483024597,1116005,4d6c99c3412e36a69995a571dd175e27f81ed748b1bc271c30080e388be71c15,experiments/mirror_applications/ma-255-parameter-superposition-mirror/artifacts/payloads/25500_0_psp_random_unbind_31.pt,0.0,0
25500,0,shared_tensor_no_task_code,0,5.924191474914551,3877,7c347ef22a95a440d1d734f7ce0690938205602765b99fe07c60bcca061f6f6e,experiments/mirror_applications/ma-255-parameter-superposition-mirror/artifacts/payloads/25500_0_shared_tensor_no_task_code_0.pt,0.0,0
25500,0,shared_tensor_no_task_code,1,6.778633117675781,3877,85c557126c8924972e54f3ce4c681f1124cc27357d36fe23b72cb8a3f2117d1d,experiments/mirror_applications/ma-255-parameter-superposition-mirror/artifacts/payloads/25500_0_shared_tensor_no_task_code_1.pt,0.0,0
25500,0,shared_tensor_no_task_code,2,5.791250228881836,3877,d9df737c4b8610f78978514305f7432814450ae810fc1da65a3905608c1759e0,experiments/mirror_applications/ma-255-parameter-superposition-mirror/artifacts/payloads/25500_0_shared_tensor_no_task_code_2.pt,0.0,0
25500,0,shared_tensor_no_task_code,3,5.726329803466797,3877,1d780621afc23b596b1ae515991d06a8a381a742e694cc32f4aef411de413149,experiments/mirror_applications/ma-255-parameter-superposition-mirror/artifacts/payloads/25500_0_shared_tensor_no_task_code_3.pt,0.0,0
25500,0,shared_tensor_no_task_code,4,6.340509414672852,3877,a1a922b37f7127f94498b848356a7e1a62aa90cef62145d130f5682bbb910db9,experiments/mirror_applications/ma-255-parameter-superposition-mirror/artifacts/payloads/25500_0_shared_tensor_no_task_code_4.pt,0.0,0
25500,0,shared_tensor_no_task_code,5,6.237921237945557,3877,a27471aef84ab999b84ae9e35d3c116a20cfe7b8f793854e6f3c9220260affc4,experiments/mirror_applications/ma-255-parameter-superposition-mirror/artifacts/payloads/25500_0_shared_tensor_no_task_code_5.pt,0.0,0
25500,0,shared_tensor_no_task_code,6,5.882536888122559,3877,4528ff0257bde0e55ab8d07ad377bde222a31d104c81dfae73860138f4a67e2d,experiments/mirror_applications/ma-255-parameter-superposition-mirror/artifacts/payloads/25500_0_shared_tensor_no_task_code_6.pt,0.0,0
25500,0,shared_tensor_no_task_code,7,5.8825297355651855,3877,b7553622b65991297bd6c6333fd292d44c661fb6d7e104d320ec6a216bd130ee,experiments/mirror_applications/ma-255-parameter-superposition-mirror/artifacts/payloads/25500_0_shared_tensor_no_task_code_7.pt,0.0,0
25500,0,shared_tensor_no_task_code,8,5.947227478027344,3877,c449762291b9c32440cb3dbb02cab7d8a4f90ce1f535757e69224386fbb5a48c,experiments/mirror_applications/ma-255-parameter-superposition-mirror/artifacts/payloads/25500_0_shared_tensor_no_task_code_8.pt,0.0,0
25500,0,shared_tensor_no_task_code,9,6.158198356628418,3877,3492545d9c3b6e399dcece8446440a5a5b70294c75d01bd9218e3a7c6566c5b4,experiments/mirror_applications/ma-255-parameter-superposition-mirror/artifacts/payloads/25500_0_shared_tensor_no_task_code_9.pt,0.0,0
25500,0,shared_tensor_no_task_code,10,5.741302013397217,3877,9e491308db11a6ffea3e79cbd23a4a0cc85f095c0f8763c36903f9f94747ae64,experiments/mirror_applications/ma-255-parameter-superposition-mirror/artifacts/payloads/25500_0_shared_tensor_no_task_code_10.pt,0.0,0
25500,0,shared_tensor_no_task_code,11,6.066960334777832,3877,aeff4d571936b880bdcfdfa7e34dff769ceb38d99bbdaef05aa5954898b975b1,experiments/mirror_applications/ma-255-parameter-superposition-mirror/artifacts/payloads/25500_0_shared_tensor_no_task_code_11.pt,0.0,0
25500,0,shared_tensor_no_task_code,12,6.213352203369141,3877,d74e3ef2f0c53874ac8d8e0ce3f3a27fe21f70625cf3c0f0e250d6da289f0ba0,experiments/mirror_applications/ma-255-parameter-superposition-mirror/artifacts/payloads/25500_0_shared_tensor_no_task_code_12.pt,0.0,0
25500,0,shared_tensor_no_task_code,13,6.323115825653076,3877,ca6064332ed25434760a7d052221c62fe57db155cde0542b2d5c5c904275a98b,experiments/mirror_applications/ma-255-parameter-superposition-mirror/artifacts/payloads/25500_0_shared_tensor_no_task_code_13.pt,0.0,0
25500,0,shared_tensor_no_task_code,14,6.614705562591553,3877,355db45d21ff3e7097293e9440d4cb3f67bd8f93e3d9322b9908787c3486b1c2,experiments/mirror_applications/ma-255-parameter-superposition-mirror/artifacts/payloads/25500_0_shared_tensor_no_task_code_14.pt,0.0,0
25500,0,shared_tensor_no_task_code,15,5.936808109283447,3877,eb72e8f83990d7740ac790cd92e7ca761b99750ea522e9f435b206c13d0b7307,experiments/mirror_applications/ma-255-parameter-superposition-mirror/artifacts/payloads/25500_0_shared_tensor_no_task_code_15.pt,0.0,0
25500,0,shared_tensor_no_task_code,16,6.430765628814697,3877,d30d34c651c4d2c6a64603195fcccf196c2076fa38dd13c221e3927f1c4aaab5,experiments/mirror_applications/ma-255-parameter-superposition-mirror/artifacts/payloads/25500_0_shared_tensor_no_task_code_16.pt,0.0,0
25500,0,shared_tensor_no_task_code,17,5.9500322341918945,3877,08c40a5c01611c427843d80726c8ecb3fbfbd34e655a435b88efbe7a5c528915,experiments/mirror_applications/ma-255-parameter-superposition-mirror/artifacts/payloads/25500_0_shared_tensor_no_task_code_17.pt,0.0,0
25500,0,shared_tensor_no_task_code,18,6.227367401123047,3877,e4b683742b20bb755d0348fa58f4f2758b631e4adfba387443f74f0928ebf937,experiments/mirror_applications/ma-255-parameter-superposition-mirror/artifacts/payloads/25500_0_shared_tensor_no_task_code_18.pt,0.0,0
25500,0,shared_tensor_no_task_code,19,6.758825302124023,3877,d3a3074b2c5036d45b9954563d790ae4cc44c0da2fc5bff1f6abf081dee70d24,experiments/mirror_applications/ma-255-parameter-superposition-mirror/artifacts/payloads/25500_0_shared_tensor_no_task_code_19.pt,0.0,0
25500,0,shared_tensor_no_task_code,20,6.2975335121154785,3877,38143576df9515e795612fa6771059d58da14e16b828cc95f50d1714e1ad4eae,experiments/mirror_applications/ma-255-parameter-superposition-mirror/artifacts/payloads/25500_0_shared_tensor_no_task_code_20.pt,0.0,0
25500,0,shared_tensor_no_task_code,21,5.973986625671387,3877,18359b9c897f33ab8397493dd50e59a0cac5ada8efb96bb836751f05b0956234,experiments/mirror_applications/ma-255-parameter-superposition-mirror/artifacts/payloads/25500_0_shared_tensor_no_task_code_21.pt,0.0,0
25500,0,shared_tensor_no_task_code,22,6.713216781616211,3877,ef94ab5256d5782c14040065049d6a87155ce06bf4b678a75a407c5fa83676e2,experiments/mirror_applications/ma-255-parameter-superposition-mirror/artifacts/payloads/25500_0_shared_tensor_no_task_code_22.pt,0.0,0
25500,0,shared_tensor_no_task_code,23,5.943965435028076,3877,80a068fc7b35830f937a85257608058cc4e8eb859fa3b7d3d13f9aecf86a535e,experiments/mirror_applications/ma-255-parameter-superposition-mirror/artifacts/payloads/25500_0_shared_tensor_no_task_code_23.pt,0.0,0
25500,0,shared_tensor_no_task_code,24,5.641730785369873,3877,17a303d0dcc3304abc55c96c9f9e85f5324bef32c4b93544c5aa51b314a6ec25,experiments/mirror_applications/ma-255-parameter-superposition-mirror/artifacts/payloads/25500_0_shared_tensor_no_task_code_24.pt,0.0,0
25500,0,shared_tensor_no_task_code,25,6.553415775299072,3877,a955dd123cf71ae72ad03b98c470f0079fa2fb0a697ec0122f2f2887ac7d0a47,experiments/mirror_applications/ma-255-parameter-superposition-mirror/artifacts/payloads/25500_0_shared_tensor_no_task_code_25.pt,0.0,0
25500,0,shared_tensor_no_task_code,26,6.436930179595947,3877,513b3f7c61961b2f723b8a66b39a929de0fe22d573514bdef47ea75a5c84f291,experiments/mirror_applications/ma-255-parameter-superposition-mirror/artifacts/payloads/25500_0_shared_tensor_no_task_code_26.pt,0.0,0
25500,0,shared_tensor_no_task_code,27,6.269346714019775,3877,add15ce18d59e508e0c98e709aaba8288851976882dcacef8ea31787395909d7,experiments/mirror_applications/ma-255-parameter-superposition-mirror/artifacts/payloads/25500_0_shared_tensor_no_task_code_27.pt,0.0,0
25500,0,shared_tensor_no_task_code,28,6.338810443878174,3877,f8ca3e9307db5f3954ea0ec2be8dbd9f4ffc3c0c2bfb4b56d09e83d33538498d,experiments/mirror_applications/ma-255-parameter-superposition-mirror/artifacts/payloads/25500_0_shared_tensor_no_task_code_28.pt,0.0,0
25500,0,shared_tensor_no_task_code,29,5.977701187133789,3877,644a751e095005fe645f8a1ac54b2f33829af612d533fa9af04467da4b2f34ca,experiments/mirror_applications/ma-255-parameter-superposition-mirror/artifacts/payloads/25500_0_shared_tensor_no_task_code_29.pt,0.0,0
25500,0,shared_tensor_no_task_code,30,5.848589897155762,3877,af90f55f29ec49389615e05f8aa674a855e7ffabf7a5a16b3f76e7338679f05e,experiments/mirror_applications/ma-255-parameter-superposition-mirror/artifacts/payloads/25500_0_shared_tensor_no_task_code_30.pt,0.0,0
25500,0,shared_tensor_no_task_code,31,6.039775371551514,3877,da8083ad7ee6440f678f521f4376e303e09e7684b36d71317726621c9ef5c050,experiments/mirror_applications/ma-255-parameter-superposition-mirror/artifacts/payloads/25500_0_shared_tensor_no_task_code_31.pt,0.0,0
25500,0,mirror_rank8_lr0.001,0,1.1708097457885742,19237,b55a06e8acee971048a10ea3a9bfa8160f1348e39a8d40e4c8dd1e6cbfb96789,experiments/mirror_applications/ma-255-parameter-superposition-mirror/artifacts/payloads/25500_0_mirror_rank8_lr0.001_0.pt,1.3760986039997078,1200
25500,0,mirror_rank8_lr0.001,1,1.2064303159713745,19237,fc88e09f06aae566f0e44b9b28f43ff7c679ab032a58da966bb69180b546dbe0,experiments/mirror_applications/ma-255-parameter-superposition-mirror/artifacts/payloads/25500_0_mirror_rank8_lr0.001_1.pt,1.3760986039997078,1200
25500,0,mirror_rank8_lr0.001,2,1.1762304306030273,19237,75d3ee426ea5f3883358ec9e42b0db464c0dbac851b585b2e58ee5726dc375b8,experiments/mirror_applications/ma-255-parameter-superposition-mirror/artifacts/payloads/25500_0_mirror_rank8_lr0.001_2.pt,1.3760986039997078,1200
25500,0,mirror_rank8_lr0.001,3,1.1436833143234253,19237,5b2ff5878036cdd14fd9cce46a6b35f3f1ed79d51ef854bfeddcbe5026824bf6,experiments/mirror_applications/ma-255-parameter-superposition-mirror/artifacts/payloads/25500_0_mirror_rank8_lr0.001_3.pt,1.3760986039997078,1200
25500,0,mirror_rank8_lr0.001,4,1.1084437370300293,19237,c93af69f3aedcefb9ff236996e9a1e8e828cadc356f383e4712bf21813378f22,experiments/mirror_applications/ma-255-parameter-superposition-mirror/artifacts/payloads/25500_0_mirror_rank8_lr0.001_4.pt,1.3760986039997078,1200
25500,0,mirror_rank8_lr0.001,5,1.0672554969787598,19237,eb2f8ba4aeada350335feec38b5bae9ce6d7fe7de31d15fef54db55848770783,experiments/mirror_applications/ma-255-parameter-superposition-mirror/artifacts/payloads/25500_0_mirror_rank8_lr0.001_5.pt,1.3760986039997078,1200
25500,0,mirror_rank8_lr0.001,6,1.156615138053894,19237,4faf51a016e382698afa1aa16d4fb7bd23659153591ccf659b0de79594c4dfa8,experiments/mirror_applications/ma-255-parameter-superposition-mirror/artifacts/payloads/25500_0_mirror_rank8_lr0.001_6.pt,1.3760986039997078,1200
25500,0,mirror_rank8_lr0.001,7,1.1083288192749023,19237,10ebd974bd410777d7bed4c2f1abd86168b425bb21e3cb5667b462445454f4d3,experiments/mirror_applications/ma-255-parameter-superposition-mirror/artifacts/payloads/25500_0_mirror_rank8_lr0.001_7.pt,1.3760986039997078,1200
25500,0,mirror_rank8_lr0.001,8,1.1268424987792969,19237,2b0e4ab182acf2ce1aaa3ab69a0302c0735b61c6bf6e31dd42b2d9772d6a5194,experiments/mirror_applications/ma-255-parameter-superposition-mirror/artifacts/payloads/25500_0_mirror_rank8_lr0.001_8.pt,1.3760986039997078,1200
25500,0,mirror_rank8_lr0.001,9,1.157174825668335,19237,5b61a682beffbf86fabd4f1c6144c6dc65d5ec7147ca1b89bd29dade9a7e8119,experiments/mirror_applications/ma-255-parameter-superposition-mirror/artifacts/payloads/25500_0_mirror_rank8_lr0.001_9.pt,1.3760986039997078,1200
25500,0,mirror_rank8_lr0.001,10,1.1504770517349243,19237,c9a78c69c6ac1978d8397ee65a31890df4933cdbc21894794ca224afa7845b07,experiments/mirror_applications/ma-255-parameter-superposition-mirror/artifacts/payloads/25500_0_mirror_rank8_lr0.001_10.pt,1.3760986039997078,1200
25500,0,mirror_rank8_lr0.001,11,1.1970638036727905,19237,1686d2c17eebd11c6921da603cd3283d9f434da89a9f44f472a512019c7d078a,experiments/mirror_applications/ma-255-parameter-superposition-mirror/artifacts/payloads/25500_0_mirror_rank8_lr0.001_11.pt,1.3760986039997078,1200
25500,0,mirror_rank8_lr0.001,12,1.1862359046936035,19237,f2f39ca6fcf0dfdd4583cede6707d87d990dfaba1e0de36cb7123fea338d013a,experiments/mirror_applications/ma-255-parameter-superposition-mirror/artifacts/payloads/25500_0_mirror_rank8_lr0.001_12.pt,1.3760986039997078,1200
25500,0,mirror_rank8_lr0.001,13,1.1655354499816895,19237,396bd2dec2c8196635b947e2ca11fa8576a8f6aca9304f3186e77614719f2f9b,experiments/mirror_applications/ma-255-parameter-superposition-mirror/artifacts/payloads/25500_0_mirror_rank8_lr0.001_13.pt,1.3760986039997078,1200
25500,0,mirror_rank8_lr0.001,14,1.2128617763519287,19237,c2e372c5f648c9a86b809703a3765743a854687f70e454c75098d2d1a2bc89e1,experiments/mirror_applications/ma-255-parameter-superposition-mirror/artifacts/payloads/25500_0_mirror_rank8_lr0.001_14.pt,1.3760986039997078,1200
25500,0,mirror_rank8_lr0.001,15,1.1583521366119385,19237,bdac0aea6fb9296a635695b71c02cb79b5ad7ef9e3c673dffb0a66c0e5684186,experiments/mirror_applications/ma-255-parameter-superposition-mirror/artifacts/payloads/25500_0_mirror_rank8_lr0.001_15.pt,1.3760986039997078,1200
25500,0,mirror_rank8_lr0.001,16,1.2135039567947388,19237,5a26334614bbe24df5ba24f86f9b8c439ea0d3203a2903a49bca69e70bcfd786,experiments/mirror_applications/ma-255-parameter-superposition-mirror/artifacts/payloads/25500_0_mirror_rank8_lr0.001_16.pt,1.3760986039997078,1200
25500,0,mirror_rank8_lr0.001,17,1.2581309080123901,19237,be2ac5b19afa8005c79d4b965900dc620751dcbc46e012baa1956c3c9cebda3d,experiments/mirror_applications/ma-255-parameter-superposition-mirror/artifacts/payloads/25500_0_mirror_rank8_lr0.001_17.pt,1.3760986039997078,1200
25500,0,mirror_rank8_lr0.001,18,1.1293938159942627,19237,4161329510f26d452b5562f1b35c714052e7291092cf62ddd89c6dc56c949f55,experiments/mirror_applications/ma-255-parameter-superposition-mirror/artifacts/payloads/25500_0_mirror_rank8_lr0.001_18.pt,1.3760986039997078,1200
25500,0,mirror_rank8_lr0.001,19,1.1043680906295776,19237,ff26c1e877e3ae628ee3317cd8ffda90e2d40ecd09569c71746c44756d93bf24,experiments/mirror_applications/ma-255-parameter-superposition-mirror/artifacts/payloads/25500_0_mirror_rank8_lr0.001_19.pt,1.3760986039997078,1200
25500,0,mirror_rank8_lr0.001,20,1.09766685962677,19237,69c766e8ff417d39fa7dfb07aaff430eaf11fa64f791dda0f9a9263edc8520c6,experiments/mirror_applications/ma-255-parameter-superposition-mirror/artifacts/payloads/25500_0_mirror_rank8_lr0.001_20.pt,1.3760986039997078,1200
25500,0,mirror_rank8_lr0.001,21,1.1712630987167358,19237,b5265f7b11dbdaf65aebdac53f920526067d82be6911fb106c836286d99f84ad,experiments/mirror_applications/ma-255-parameter-superposition-mirror/artifacts/payloads/25500_0_mirror_rank8_lr0.001_21.pt,1.3760986039997078,1200
25500,0,mirror_rank8_lr0.001,22,1.0970321893692017,19237,13039ce060ff4753e96b5a9ee181ec256f092c304cda821446429b08e5739c7e,experiments/mirror_applications/ma-255-parameter-superposition-mirror/artifacts/payloads/25500_0_mirror_rank8_lr0.001_22.pt,1.3760986039997078,1200
25500,0,mirror_rank8_lr0.001,23,1.1819778680801392,19237,650e5a6658d28f503885eed3e4486a6e87824156f64d1cb93bff596cc7f8f005,experiments/mirror_applications/ma-255-parameter-superposition-mirror/artifacts/payloads/25500_0_mirror_rank8_lr0.001_23.pt,1.3760986039997078,1200
25500,0,mirror_rank8_lr0.001,24,1.2469018697738647,19237,7145d818f7b505629035d0a3c09d94807c70dfa774e380ab9f133edac3a52ceb,experiments/mirror_applications/ma-255-parameter-superposition-mirror/artifacts/payloads/25500_0_mirror_rank8_lr0.001_24.pt,1.3760986039997078,1200
25500,0,mirror_rank8_lr0.001,25,1.1743483543395996,19237,dbfc2d67f987b301272024f503e6c4822fd457809007bb97d588a608867fc3f4,experiments/mirror_applications/ma-255-parameter-superposition-mirror/artifacts/payloads/25500_0_mirror_rank8_lr0.001_25.pt,1.3760986039997078,1200
25500,0,mirror_rank8_lr0.001,26,1.1558351516723633,19237,8fbeaac2c94b1793e05c8afae7f65abc746270d67712f5066ebeefbf4ab2d47f,experiments/mirror_applications/ma-255-parameter-superposition-mirror/artifacts/payloads/25500_0_mirror_rank8_lr0.001_26.pt,1.3760986039997078,1200
25500,0,mirror_rank8_lr0.001,27,1.1223880052566528,19237,84a943bf3a056e894d6b9ae798a053f3a95266023b5f15d62c98055dd661a5d3,experiments/mirror_applications/ma-255-parameter-superposition-mirror/artifacts/payloads/25500_0_mirror_rank8_lr0.001_27.pt,1.3760986039997078,1200
25500,0,mirror_rank8_lr0.001,28,1.1104090213775635,19237,5268cd9492be7ea78c6d07cc12c7c268860a3bce06279c003f6c0bee4fe66e5a,experiments/mirror_applications/ma-255-parameter-superposition-mirror/artifacts/payloads/25500_0_mirror_rank8_lr0.001_28.pt,1.3760986039997078,1200
25500,0,mirror_rank8_lr0.001,29,1.1784179210662842,19237,78380ed3110b5fe22a54fd4c24088942f12736b1f159811e6da15237585327c0,experiments/mirror_applications/ma-255-parameter-superposition-mirror/artifacts/payloads/25500_0_mirror_rank8_lr0.001_29.pt,1.3760986039997078,1200
25500,0,mirror_rank8_lr0.001,30,1.127105474472046,19237,4710f06fb4d6a76f66e82352d0447c57abf3d3bbc78600a9460bf9bba10963a6,experiments/mirror_applications/ma-255-parameter-superposition-mirror/artifacts/payloads/25500_0_mirror_rank8_lr0.001_30.pt,1.3760986039997078,1200
25500,0,mirror_rank8_lr0.001,31,1.1220146417617798,19237,4fcee350afcee3379a80eeab83a040b7855a6a375b97f80666010059d2273b7a,experiments/mirror_applications/ma-255-parameter-superposition-mirror/artifacts/payloads/25500_0_mirror_rank8_lr0.001_31.pt,1.3760986039997078,1200
25500,0,mirror_rank8_lr0.01,0,1.09004545211792,19237,46fbb6da3f272d1d3635ed13a259a3a6c6107dd2d4ee50ceb3e901381fbb6ee2,experiments/mirror_applications/ma-255-parameter-superposition-mirror/artifacts/payloads/25500_0_mirror_rank8_lr0.01_0.pt,0.6462642069964204,1200
25500,0,mirror_rank8_lr0.01,1,1.2027322053909302,19237,ca02f8b91720bc6bab003d631964f34367237fcadaeec8cb0e10d166d656f021,experiments/mirror_applications/ma-255-parameter-superposition-mirror/artifacts/payloads/25500_0_mirror_rank8_lr0.01_1.pt,0.6462642069964204,1200
25500,0,mirror_rank8_lr0.01,2,1.207619547843933,19237,23d98329d67c8fd574e08f620484058a13e979c08592315df79c14f085f2f40a,experiments/mirror_applications/ma-255-parameter-superposition-mirror/artifacts/payloads/25500_0_mirror_rank8_lr0.01_2.pt,0.6462642069964204,1200
25500,0,mirror_rank8_lr0.01,3,1.1728081703186035,19237,2d160f39a76a678340517b977e812404a0d794c05185bad7d45dfff58f639af8,experiments/mirror_applications/ma-255-parameter-superposition-mirror/artifacts/payloads/25500_0_mirror_rank8_lr0.01_3.pt,0.6462642069964204,1200
25500,0,mirror_rank8_lr0.01,4,1.1006194353103638,19237,555e517db9635a78652d86b99cbb7d3090bce7ce9d093c4b1541bfd69762f270,experiments/mirror_applications/ma-255-parameter-superposition-mirror/artifacts/payloads/25500_0_mirror_rank8_lr0.01_4.pt,0.6462642069964204,1200
25500,0,mirror_rank8_lr0.01,5,1.1976747512817383,19237,fe21064cfed35adab5341bae1be613f8c8308b7ec412d1e7d92904b850a78188,experiments/mirror_applications/ma-255-parameter-superposition-mirror/artifacts/payloads/25500_0_mirror_rank8_lr0.01_5.pt,0.6462642069964204,1200
25500,0,mirror_rank8_lr0.01,6,1.240354061126709,19237,892e8a090a04f343b015238fed28dcc8aca0a9eca576816df03232fc010900d6,experiments/mirror_applications/ma-255-parameter-superposition-mirror/artifacts/payloads/25500_0_mirror_rank8_lr0.01_6.pt,0.6462642069964204,1200
25500,0,mirror_rank8_lr0.01,7,1.1139426231384277,19237,f96cbb41d557422a2a3c12260e9a924ada30f49f273b49914441c9f91b4217c0,experiments/mirror_applications/ma-255-parameter-superposition-mirror/artifacts/payloads/25500_0_mirror_rank8_lr0.01_7.pt,0.6462642069964204,1200
25500,0,mirror_rank8_lr0.01,8,1.1309934854507446,19237,686d4b28547784277f5c270916b735df4e80a2114eea48be2e2f6f49e400f911,experiments/mirror_applications/ma-255-parameter-superposition-mirror/artifacts/payloads/25500_0_mirror_rank8_lr0.01_8.pt,0.6462642069964204,1200
25500,0,mirror_rank8_lr0.01,9,1.1257565021514893,19237,7f542c3f1673d5a14a9bcdf7dfadce6a4063dcf063add20e62fa4b7338c7cc6c,experiments/mirror_applications/ma-255-parameter-superposition-mirror/artifacts/payloads/25500_0_mirror_rank8_lr0.01_9.pt,0.6462642069964204,1200
25500,0,mirror_rank8_lr0.01,10,1.129294991493225,19237,f545b708d20ecb47af95d2b8249864b917632bb86ef8106827530616edf57f12,experiments/mirror_applications/ma-255-parameter-superposition-mirror/artifacts/payloads/25500_0_mirror_rank8_lr0.01_10.pt,0.6462642069964204,1200
25500,0,mirror_rank8_lr0.01,11,1.1048262119293213,19237,8d6a4485dcb25e39d5df218b8b125a7e291d2011b1c0b2caf59dad66d058d6f9,experiments/mirror_applications/ma-255-parameter-superposition-mirror/artifacts/payloads/25500_0_mirror_rank8_lr0.01_11.pt,0.6462642069964204,1200
25500,0,mirror_rank8_lr0.01,12,1.1697205305099487,19237,af974ea1388588e4cc5106f44c465dd2fef18eb0b53755765dae8aa02a2bcb57,experiments/mirror_applications/ma-255-parameter-superposition-mirror/artifacts/payloads/25500_0_mirror_rank8_lr0.01_12.pt,0.6462642069964204,1200
25500,0,mirror_rank8_lr0.01,13,1.1604976654052734,19237,bd65d2448433409765243d29f08fb38cba2def1981af71fb6719c8d7c29032b1,experiments/mirror_applications/ma-255-parameter-superposition-mirror/artifacts/payloads/25500_0_mirror_rank8_lr0.01_13.pt,0.6462642069964204,1200
25500,0,mirror_rank8_lr0.01,14,1.161431908607483,19237,aa976abd4d54970f23d2f880c4a0354e1c84732b1061af44b5278dbffba10d41,experiments/mirror_applications/ma-255-parameter-superposition-mirror/artifacts/payloads/25500_0_mirror_rank8_lr0.01_14.pt,0.6462642069964204,1200
25500,0,mirror_rank8_lr0.01,15,1.1150957345962524,19237,520eb0b6a0fc1bd8c75941708c54b2c49ab8356c5571a02458e351a0133551de,experiments/mirror_applications/ma-255-parameter-superposition-mirror/artifacts/payloads/25500_0_mirror_rank8_lr0.01_15.pt,0.6462642069964204,1200
25500,0,mirror_rank8_lr0.01,16,1.1637135744094849,19237,3142c708e66bffa3191480a1e2290141e0e2ece34aa3d298844a94a9cc37693e,experiments/mirror_applications/ma-255-parameter-superposition-mirror/artifacts/payloads/25500_0_mirror_rank8_lr0.01_16.pt,0.6462642069964204,1200
25500,0,mirror_rank8_lr0.01,17,1.2087570428848267,19237,3af2db30c43a6ae623618798e3db1a9d4cd0be85d3358163cccf779447a1a15a,experiments/mirror_applications/ma-255-parameter-superposition-mirror/artifacts/payloads/25500_0_mirror_rank8_lr0.01_17.pt,0.6462642069964204,1200
25500,0,mirror_rank8_lr0.01,18,1.1017106771469116,19237,d34d78a942c7f1703acabb1708286c6861b615553a6ddfe373036cdaa699483e,experiments/mirror_applications/ma-255-parameter-superposition-mirror/artifacts/payloads/25500_0_mirror_rank8_lr0.01_18.pt,0.6462642069964204,1200
25500,0,mirror_rank8_lr0.01,19,1.0998889207839966,19237,bef47fe29019d54175836b2462f8bbf8cf11a7c9c89014943e4077fb5279ed36,experiments/mirror_applications/ma-255-parameter-superposition-mirror/artifacts/payloads/25500_0_mirror_rank8_lr0.01_19.pt,0.6462642069964204,1200
25500,0,mirror_rank8_lr0.01,20,1.0895538330078125,19237,360c568d6163daa2770e39c8abaeaebf82e547b4faa8757cae08e85207013ca5,experiments/mirror_applications/ma-255-parameter-superposition-mirror/artifacts/payloads/25500_0_mirror_rank8_lr0.01_20.pt,0.6462642069964204,1200
25500,0,mirror_rank8_lr0.01,21,1.2052838802337646,19237,83520348ad1b489b2cc569b9ad721a1e4844d65178a4d73bcb396428002c6071,experiments/mirror_applications/ma-255-parameter-superposition-mirror/artifacts/payloads/25500_0_mirror_rank8_lr0.01_21.pt,0.6462642069964204,1200
25500,0,mirror_rank8_lr0.01,22,1.1354581117630005,19237,dc45d79dd1057ad2b3a84f0548529a919c744f708ac3fe491f476c7b14f18793,experiments/mirror_applications/ma-255-parameter-superposition-mirror/artifacts/payloads/25500_0_mirror_rank8_lr0.01_22.pt,0.6462642069964204,1200
25500,0,mirror_rank8_lr0.01,23,1.23178231716156,19237,a558964d8f6377f82ea648ff7e84c190ecfd97547781bff3404e0e79410829be,experiments/mirror_applications/ma-255-parameter-superposition-mirror/artifacts/payloads/25500_0_mirror_rank8_lr0.01_23.pt,0.6462642069964204,1200
25500,0,mirror_rank8_lr0.01,24,1.2116138935089111,19237,b0a9f30659afb52d6f28ef48974cef6492d1ec6042989985bca4d29105e78d75,experiments/mirror_applications/ma-255-parameter-superposition-mirror/artifacts/payloads/25500_0_mirror_rank8_lr0.01_24.pt,0.6462642069964204,1200
25500,0,mirror_rank8_lr0.01,25,1.1235357522964478,19237,073d8d8850c6474da37434e28c5195cd307f2921d55bde6d0b24cbd579719913,experiments/mirror_applications/ma-255-parameter-superposition-mirror/artifacts/payloads/25500_0_mirror_rank8_lr0.01_25.pt,0.6462642069964204,1200
25500,0,mirror_rank8_lr0.01,26,1.1665434837341309,19237,ec9915a2d6de5bba359c6fbd81ad02bf72c130d8e52c3fb58dddbe44110b0ea9,experiments/mirror_applications/ma-255-parameter-superposition-mirror/artifacts/payloads/25500_0_mirror_rank8_lr0.01_26.pt,0.6462642069964204,1200
25500,0,mirror_rank8_lr0.01,27,1.2012197971343994,19237,629bdd75d12e33fc09cace10baad91bbed2460c2f53aee2e83ded0626082adbb,experiments/mirror_applications/ma-255-parameter-superposition-mirror/artifacts/payloads/25500_0_mirror_rank8_lr0.01_27.pt,0.6462642069964204,1200
25500,0,mirror_rank8_lr0.01,28,1.196420669555664,19237,856ee30249cf654f76e7122b9bb86272129656dc3db15312b614a6a0fd55996f,experiments/mirror_applications/ma-255-parameter-superposition-mirror/artifacts/payloads/25500_0_mirror_rank8_lr0.01_28.pt,0.6462642069964204,1200
25500,0,mirror_rank8_lr0.01,29,1.20253324508667,19237,40de2b4cf7b7d7469f338732b98f400327e89b288316a993bbed6efef0233496,experiments/mirror_applications/ma-255-parameter-superposition-mirror/artifacts/payloads/25500_0_mirror_rank8_lr0.01_29.pt,0.6462642069964204,1200
25500,0,mirror_rank8_lr0.01,30,1.1037280559539795,19237,d6543147e7deefe97adb1ea7df934a17c0419cd56b3331e267f48fdc76c18d89,experiments/mirror_applications/ma-255-parameter-superposition-mirror/artifacts/payloads/25500_0_mirror_rank8_lr0.01_30.pt,0.6462642069964204,1200
25500,0,mirror_rank8_lr0.01,31,1.1084169149398804,19237,a2991e034bd8af51ef65bada0a45fe012d2228448214bbea006c7d067bcf8b24,experiments/mirror_applications/ma-255-parameter-superposition-mirror/artifacts/payloads/25500_0_mirror_rank8_lr0.01_31.pt,0.6462642069964204,1200
25500,0,mirror_rank8_lr0.1,0,1.09043550491333,19237,b41499eec4c7449b6a003bf45f6e166977adf663fcf0b642d2785cb750b52a9f,experiments/mirror_applications/ma-255-parameter-superposition-mirror/artifacts/payloads/25500_0_mirror_rank8_lr0.1_0.pt,0.6530300209997222,1200
25500,0,mirror_rank8_lr0.1,1,1.204309344291687,19237,7d1fda959242a6d199be2d8605a0b9991ab39752fbb1c438b4b91ca8e6d58ba1,experiments/mirror_applications/ma-255-parameter-superposition-mirror/artifacts/payloads/25500_0_mirror_rank8_lr0.1_1.pt,0.6530300209997222,1200
25500,0,mirror_rank8_lr0.1,2,1.2034275531768799,19237,20e4d0dc80416ae30b4ecf7436cb2a5f5d023a8c3b91caa9baa5e14c2d2dad2e,experiments/mirror_applications/ma-255-parameter-superposition-mirror/artifacts/payloads/25500_0_mirror_rank8_lr0.1_2.pt,0.6530300209997222,1200
25500,0,mirror_rank8_lr0.1,3,1.1748137474060059,19237,5920022a094fc88343fb9c482c824e7ebd98caf32f782b95be5c931368c100f5,experiments/mirror_applications/ma-255-parameter-superposition-mirror/artifacts/payloads/25500_0_mirror_rank8_lr0.1_3.pt,0.6530300209997222,1200
25500,0,mirror_rank8_lr0.1,4,1.1038522720336914,19237,7fedf2cb80cba05efd50ecdafac9262a050398e65dd884289e12897032197bf6,experiments/mirror_applications/ma-255-parameter-superposition-mirror/artifacts/payloads/25500_0_mirror_rank8_lr0.1_4.pt,0.6530300209997222,1200
25500,0,mirror_rank8_lr0.1,5,1.1975460052490234,19237,b35de483727e233365edf2515e017df538d1b3063367b9a735862c1290b3dfc9,experiments/mirror_applications/ma-255-parameter-superposition-mirror/artifacts/payloads/25500_0_mirror_rank8_lr0.1_5.pt,0.6530300209997222,1200
25500,0,mirror_rank8_lr0.1,6,1.2388513088226318,19237,0f6f6b7b5051d07bf0f5562ff79ae08ab88311c3e1dced34ad7b900aef7428da,experiments/mirror_applications/ma-255-parameter-superposition-mirror/artifacts/payloads/25500_0_mirror_rank8_lr0.1_6.pt,0.6530300209997222,1200
25500,0,mirror_rank8_lr0.1,7,1.1145923137664795,19237,4b9e4fd391818fb20da54b16a858dfeaf42c17d95a4c1e8e7e39271384ce1fd2,experiments/mirror_applications/ma-255-parameter-superposition-mirror/artifacts/payloads/25500_0_mirror_rank8_lr0.1_7.pt,0.6530300209997222,1200
25500,0,mirror_rank8_lr0.1,8,1.1308434009552002,19237,ea8b375a6e2709e558f83a3fc5aa4a49d70d896ab576e6d16b8b50c06502f893,experiments/mirror_applications/ma-255-parameter-superposition-mirror/artifacts/payloads/25500_0_mirror_rank8_lr0.1_8.pt,0.6530300209997222,1200
25500,0,mirror_rank8_lr0.1,9,1.126051425933838,19237,09491e34e64e6398188130cd734b3b96f93fdb843498e73922fcf1dc671db87f,experiments/mirror_applications/ma-255-parameter-superposition-mirror/artifacts/payloads/25500_0_mirror_rank8_lr0.1_9.pt,0.6530300209997222,1200
25500,0,mirror_rank8_lr0.1,10,1.1282018423080444,19237,d5191ddf304c3658223d7e1f100d1144799bd71763ede3ad0db476fbe496a242,experiments/mirror_applications/ma-255-parameter-superposition-mirror/artifacts/payloads/25500_0_mirror_rank8_lr0.1_10.pt,0.6530300209997222,1200
25500,0,mirror_rank8_lr0.1,11,1.104383111000061,19237,298141192841c35783bee950a7159dd55f15a127c143d12b29bb3452fb101d6a,experiments/mirror_applications/ma-255-parameter-superposition-mirror/artifacts/payloads/25500_0_mirror_rank8_lr0.1_11.pt,0.6530300209997222,1200
25500,0,mirror_rank8_lr0.1,12,1.1723207235336304,19237,a61ac9448b555b9b9c38cae08aff07fd5c9cd2e1ada2bf710bb86e0e36572162,experiments/mirror_applications/ma-255-parameter-superposition-mirror/artifacts/payloads/25500_0_mirror_rank8_lr0.1_12.pt,0.6530300209997222,1200
25500,0,mirror_rank8_lr0.1,13,1.159026861190796,19237,2e333f75e4e4786d712e6828cdd7abf19a7fab5d71dda4a7f2c73b1ca4fba046,experiments/mirror_applications/ma-255-parameter-superposition-mirror/artifacts/payloads/25500_0_mirror_rank8_lr0.1_13.pt,0.6530300209997222,1200
25500,0,mirror_rank8_lr0.1,14,1.161464810371399,19237,3a1ce4dd6b43eaf4cfa9e48a1036b2380518c62585985f8b86381fbcdcc0ec28,experiments/mirror_applications/ma-255-parameter-superposition-mirror/artifacts/payloads/25500_0_mirror_rank8_lr0.1_14.pt,0.6530300209997222,1200
25500,0,mirror_rank8_lr0.1,15,1.1142181158065796,19237,7e6651f7539d249657b84a59cda5b1dbfa2ecb9f096df154e247f607d58ef799,experiments/mirror_applications/ma-255-parameter-superposition-mirror/artifacts/payloads/25500_0_mirror_rank8_lr0.1_15.pt,0.6530300209997222,1200
25500,0,mirror_rank8_lr0.1,16,1.164885401725769,19237,7c4ec274f3082a0eb3d6622f0fc2f94267f04b1b46dd6d45288bde4a783440e9,experiments/mirror_applications/ma-255-parameter-superposition-mirror/artifacts/payloads/25500_0_mirror_rank8_lr0.1_16.pt,0.6530300209997222,1200
25500,0,mirror_rank8_lr0.1,17,1.2079554796218872,19237,766ea92a09fcaecb1762495814bfe52a7a67d399c27ef81ab01abc83c72f7cd9,experiments/mirror_applications/ma-255-parameter-superposition-mirror/artifacts/payloads/25500_0_mirror_rank8_lr0.1_17.pt,0.6530300209997222,1200
25500,0,mirror_rank8_lr0.1,18,1.1004011631011963,19237,1fe3c5248c4dbe3081a1e620e7e21c31b43a18f10d4dae3ba7ea6068437525aa,experiments/mirror_applications/ma-255-parameter-superposition-mirror/artifacts/payloads/25500_0_mirror_rank8_lr0.1_18.pt,0.6530300209997222,1200
25500,0,mirror_rank8_lr0.1,19,1.1034239530563354,19237,c15e58b12a758da2f8db2a4e2f3efc821cfda424db76f611f5013b3349219b98,experiments/mirror_applications/ma-255-parameter-superposition-mirror/artifacts/payloads/25500_0_mirror_rank8_lr0.1_19.pt,0.6530300209997222,1200
25500,0,mirror_rank8_lr0.1,20,1.090272307395935,19237,ee40e5baff51c43778845a0d60e6f1da109d6abf00d809f95dbd336154dc655f,experiments/mirror_applications/ma-255-parameter-superposition-mirror/artifacts/payloads/25500_0_mirror_rank8_lr0.1_20.pt,0.6530300209997222,1200
25500,0,mirror_rank8_lr0.1,21,1.2050318717956543,19237,75f6269f917688e255737f7fd8d5e7b6c2c7cf519ad1471ab3ff5bb0d1261f4e,experiments/mirror_applications/ma-255-parameter-superposition-mirror/artifacts/payloads/25500_0_mirror_rank8_lr0.1_21.pt,0.6530300209997222,1200
25500,0,mirror_rank8_lr0.1,22,1.133691430091858,19237,7b55196d24cfdc4aeebc21925b628d0a29104f9c8f1b0a61b0f19ee747cd15d1,experiments/mirror_applications/ma-255-parameter-superposition-mirror/artifacts/payloads/25500_0_mirror_rank8_lr0.1_22.pt,0.6530300209997222,1200
25500,0,mirror_rank8_lr0.1,23,1.235819935798645,19237,1207c74474d9061005e6d58c96f4c0e3c38f18d7cb86c5e451b60a1bb8778fcc,experiments/mirror_applications/ma-255-parameter-superposition-mirror/artifacts/payloads/25500_0_mirror_rank8_lr0.1_23.pt,0.6530300209997222,1200
25500,0,mirror_rank8_lr0.1,24,1.2087498903274536,19237,41e5d7908fa51aef2543254d45b43a54c8d2dcbdf19d01a6b2021c4e25610aba,experiments/mirror_applications/ma-255-parameter-superposition-mirror/artifacts/payloads/25500_0_mirror_rank8_lr0.1_24.pt,0.6530300209997222,1200
25500,0,mirror_rank8_lr0.1,25,1.1203594207763672,19237,ad403cfb2bcbeeb2b4c36337bb5987a554052fa66ed4d64e928edaedf977a62b,experiments/mirror_applications/ma-255-parameter-superposition-mirror/artifacts/payloads/25500_0_mirror_rank8_lr0.1_25.pt,0.6530300209997222,1200
25500,0,mirror_rank8_lr0.1,26,1.1676967144012451,19237,2ee4ce650f3fba0f704b4364adc60f7769fc014cc39e8b8a47fca731c6c043b9,experiments/mirror_applications/ma-255-parameter-superposition-mirror/artifacts/payloads/25500_0_mirror_rank8_lr0.1_26.pt,0.6530300209997222,1200
25500,0,mirror_rank8_lr0.1,27,1.2024897336959839,19237,63c7edb645d41bded2d8e5d1760dedc38c41ec28d221b6480cffe2fc2c1c8bf2,experiments/mirror_applications/ma-255-parameter-superposition-mirror/artifacts/payloads/25500_0_mirror_rank8_lr0.1_27.pt,0.6530300209997222,1200
25500,0,mirror_rank8_lr0.1,28,1.1970950365066528,19237,132da4802484c68c4f98d18969acfebe81e340976ce04e00a36c2fe2a46d6e9a,experiments/mirror_applications/ma-255-parameter-superposition-mirror/artifacts/payloads/25500_0_mirror_rank8_lr0.1_28.pt,0.6530300209997222,1200
25500,0,mirror_rank8_lr0.1,29,1.2024657726287842,19237,6c0271a86019ab505330848d5fb0afdf71230c9cf7e0855f84e1bc8805a41010,experiments/mirror_applications/ma-255-parameter-superposition-mirror/artifacts/payloads/25500_0_mirror_rank8_lr0.1_29.pt,0.6530300209997222,1200
25500,0,mirror_rank8_lr0.1,30,1.1034449338912964,19237,fd658fcc1d373f6adf4486683e86e96f5eb3848b91be82fde6f08c956cd48430,experiments/mirror_applications/ma-255-parameter-superposition-mirror/artifacts/payloads/25500_0_mirror_rank8_lr0.1_30.pt,0.6530300209997222,1200
25500,0,mirror_rank8_lr0.1,31,1.1088800430297852,19237,b54fbb94ef7d8ba67213d5637f5de97d70132c216d157f0dbeab765af23f03d2,experiments/mirror_applications/ma-255-parameter-superposition-mirror/artifacts/payloads/25500_0_mirror_rank8_lr0.1_31.pt,0.6530300209997222,1200
25500,1,psp_random_unbind,0,1.000000238418579,1116005,c8b642f7a989b218a31a583f6d94ff261fbce9b632c0c2de17200a1bd6b6f19b,experiments/mirror_applications/ma-255-parameter-superposition-mirror/artifacts/payloads/25500_1_psp_random_unbind_0.pt,0.0,0
25500,1,psp_random_unbind,1,1.0000003576278687,1116005,29dd2e3b52e96fdef4093589c05e0affd9c6d7b715dbe3f7a60aaf6f878f0554,experiments/mirror_applications/ma-255-parameter-superposition-mirror/artifacts/payloads/25500_1_psp_random_unbind_1.pt,0.0,0
25500,1,psp_random_unbind,2,0.9999995827674866,1116005,91668d36bf92149607fc700f9a0d528d2dbfe651f13c412bde32f9f39bf79666,experiments/mirror_applications/ma-255-parameter-superposition-mirror/artifacts/payloads/25500_1_psp_random_unbind_2.pt,0.0,0
25500,1,psp_random_unbind,3,1.0000007152557373,1116005,1dae6e67a920c33c063692529efd5d4700e60a174775860dd59ed2683b096230,experiments/mirror_applications/ma-255-parameter-superposition-mirror/artifacts/payloads/25500_1_psp_random_unbind_3.pt,0.0,0
25500,1,psp_random_unbind,4,1.0000001192092896,1116005,c9f3f3473a52c2e8486e0c0a9cb77e46a1a78d3e2106177f3627a516d7c058b1,experiments/mirror_applications/ma-255-parameter-superposition-mirror/artifacts/payloads/25500_1_psp_random_unbind_4.pt,0.0,0
25500,1,psp_random_unbind,5,1.0000001192092896,1116005,f34e0f9e1ff57ef1f2e26cbd5175826376b61a6e8d255651f066b2729b076c1b,experiments/mirror_applications/ma-255-parameter-superposition-mirror/artifacts/payloads/25500_1_psp_random_unbind_5.pt,0.0,0
25500,1,psp_random_unbind,6,0.9999996423721313,1116005,989ca3900f510357cff43d121cc42c619f43f3255c0721f2675327bac77d8dae,experiments/mirror_applications/ma-255-parameter-superposition-mirror/artifacts/payloads/25500_1_psp_random_unbind_6.pt,0.0,0
25500,1,psp_random_unbind,7,1.000000238418579,1116005,e4211c139fe2c0b33b45b42bd815587fb07c3980a2e1d71b8330607435998add,experiments/mirror_applications/ma-255-parameter-superposition-mirror/artifacts/payloads/25500_1_psp_random_unbind_7.pt,0.0,0
25500,1,psp_random_unbind,8,0.9999992251396179,1116005,ec2fac93fd647f476ab642d409d6d642804b774f87ec4efadc99b89a3d642545,experiments/mirror_applications/ma-255-parameter-superposition-mirror/artifacts/payloads/25500_1_psp_random_unbind_8.pt,0.0,0
25500,1,psp_random_unbind,9,0.9999992251396179,1116005,e39fe71564b465d5d8f8ff6e3afcb999758e10f38d979ec344a21d658e042c1f,experiments/mirror_applications/ma-255-parameter-superposition-mirror/artifacts/payloads/25500_1_psp_random_unbind_9.pt,0.0,0
25500,1,psp_random_unbind,10,1.0000003576278687,1116005,e4eb80c898a2d38ebfaf1905f6283aa3ffdd8d84776d08051cbbb2a10991391f,experiments/mirror_applications/ma-255-parameter-superposition-mirror/artifacts/payloads/25500_1_psp_random_unbind_10.pt,0.0,0
25500,1,psp_random_unbind,11,1.000001072883606,1116005,64c1caacf7c44d38ac86149dba6c0aa24dd71cc421fba7254411cc6dcd46c3f5,experiments/mirror_applications/ma-255-parameter-superposition-mirror/artifacts/payloads/25500_1_psp_random_unbind_11.pt,0.0,0
25500,1,psp_random_unbind,12,1.0000001192092896,1116005,60f2a0b54f9fc1c150282eaca4dbec9fcf21d26b5be55c3b05ee732c835a9bd0,experiments/mirror_applications/ma-255-parameter-superposition-mirror/artifacts/payloads/25500_1_psp_random_unbind_12.pt,0.0,0
25500,1,psp_random_unbind,13,1.0000001192092896,1116005,b6e5a5c0ef4db936f2c0f9b484cc3b73e70545b2124add4d92bb63063dca9b9a,experiments/mirror_applications/ma-255-parameter-superposition-mirror/artifacts/payloads/25500_1_psp_random_unbind_13.pt,0.0,0
25500,1,psp_random_unbind,14,0.9999998807907104,1116005,f6ca848d4dca3bbb88322d9097c136961282e8c521113bee97d58d02931bbfa6,experiments/mirror_applications/ma-255-parameter-superposition-mirror/artifacts/payloads/25500_1_psp_random_unbind_14.pt,0.0,0
25500,1,psp_random_unbind,15,1.0000001192092896,1116005,fc4a4e93d28d1297e3ecef099c3dda6e7e8e2b610b68ed22c7b6fe5c08c8d3a9,experiments/mirror_applications/ma-255-parameter-superposition-mirror/artifacts/payloads/25500_1_psp_random_unbind_15.pt,0.0,0
25500,1,psp_random_unbind,16,1.0000014305114746,1116005,1fa934bd1fecf59191768b11734211741d45e64fd4c766f3a6ee09cd0f2c525f,experiments/mirror_applications/ma-255-parameter-superposition-mirror/artifacts/payloads/25500_1_psp_random_unbind_16.pt,0.0,0
25500,1,psp_random_unbind,17,1.0000001192092896,1116005,dab218f64f3878cde20114c3e04f870a9fdfb6b6e5ff52e98a706a8ac5743a9d,experiments/mirror_applications/ma-255-parameter-superposition-mirror/artifacts/payloads/25500_1_psp_random_unbind_17.pt,0.0,0
25500,1,psp_random_unbind,18,0.9999998211860657,1116005,e260db4f06d78b07436da21795db7cb2458b885de7f122e5a0158385f48ddabe,experiments/mirror_applications/ma-255-parameter-superposition-mirror/artifacts/payloads/25500_1_psp_random_unbind_18.pt,0.0,0
25500,1,psp_random_unbind,19,1.0000004768371582,1116005,d79b9e423850ea0c87a3484c5f569579e223f106240319e2af191bf3c12b0ec7,experiments/mirror_applications/ma-255-parameter-superposition-mirror/artifacts/payloads/25500_1_psp_random_unbind_19.pt,0.0,0
25500,1,psp_random_unbind,20,1.0000004768371582,1116005,e08f3bccca53648d83783e62fbb991ac082f4b280667a6809c5d8a5cec43f6bc,experiments/mirror_applications/ma-255-parameter-superposition-mirror/artifacts/payloads/25500_1_psp_random_unbind_20.pt,0.0,0
25500,1,psp_random_unbind,21,1.0000005960464478,1116005,e712fb5b3ae066afc27ee64ff21dc368b49a806b71aa624cc02114dcf1d91135,experiments/mirror_applications/ma-255-parameter-superposition-mirror/artifacts/payloads/25500_1_psp_random_unbind_21.pt,0.0,0
25500,1,psp_random_unbind,22,1.0000030994415283,1116005,1841d4f261608fa20d25aecfe9c41b30d65b7de2adeabc1c959f7a2261bbefec,experiments/mirror_applications/ma-255-parameter-superposition-mirror/artifacts/payloads/25500_1_psp_random_unbind_22.pt,0.0,0
25500,1,psp_random_unbind,23,1.0000003576278687,1116005,814e8662931acd778357ee70930456bbe40b9b4afa3a5f4eb736226a60ee2c86,experiments/mirror_applications/ma-255-parameter-superposition-mirror/artifacts/payloads/25500_1_psp_random_unbind_23.pt,0.0,0
25500,1,psp_random_unbind,24,1.0000003576278687,1116005,821f864a30647112bf4f7916406a85df0d9d7cbe9b0f87555489bd624ca6bcbc,experiments/mirror_applications/ma-255-parameter-superposition-mirror/artifacts/payloads/25500_1_psp_random_unbind_24.pt,0.0,0
25500,1,psp_random_unbind,25,1.0000007152557373,1116005,60f5fbe6df3b72ed745c98f02a3a0614f0c8fa30f4c293661c213a3a7047973f,experiments/mirror_applications/ma-255-parameter-superposition-mirror/artifacts/payloads/25500_1_psp_random_unbind_25.pt,0.0,0
25500,1,psp_random_unbind,26,0.9999996423721313,1116005,747f744a106cf31248750e1d2bda5d7755a246dcf0dd44397de94550d9c85583,experiments/mirror_applications/ma-255-parameter-superposition-mirror/artifacts/payloads/25500_1_psp_random_unbind_26.pt,0.0,0
25500,1,psp_random_unbind,27,1.0000001192092896,1116005,3b0269267f6d3213bc467c96bc4e7391134041f85741b91ca4f7b1f7e4b87cc7,experiments/mirror_applications/ma-255-parameter-superposition-mirror/artifacts/payloads/25500_1_psp_random_unbind_27.pt,0.0,0
25500,1,psp_random_unbind,28,0.9999991059303284,1116005,6c34dd32a5d0625969f653d3688f5a334ed762dabb2c48004b495c48435d09b8,experiments/mirror_applications/ma-255-parameter-superposition-mirror/artifacts/payloads/25500_1_psp_random_unbind_28.pt,0.0,0
25500,1,psp_random_unbind,29,0.9999995827674866,1116005,a3a5a12d3841f80639cb55ed8b3651d62ad7aee8c239271a12d2e64202a371f6,experiments/mirror_applications/ma-255-parameter-superposition-mirror/artifacts/payloads/25500_1_psp_random_unbind_29.pt,0.0,0
25500,1,psp_random_unbind,30,1.0000001192092896,1116005,89c0c02fc3f940a08ccc6e1150a5ee9572addb2623e2370ee93beb6409190542,experiments/mirror_applications/ma-255-parameter-superposition-mirror/artifacts/payloads/25500_1_psp_random_unbind_30.pt,0.0,0
25500,1,psp_random_unbind,31,1.0000004768371582,1116005,1b3fd5897eb93625775f0267fab73b7b730bbea7759a0bada37d5946ef4f42e6,experiments/mirror_applications/ma-255-parameter-superposition-mirror/artifacts/payloads/25500_1_psp_random_unbind_31.pt,0.0,0
25500,1,shared_tensor_no_task_code,0,6.113015651702881,3877,398ee213335d3a13ce2a7cdcbd7e5db79a7d615518459c3b14732261bc30b4d5,experiments/mirror_applications/ma-255-parameter-superposition-mirror/artifacts/payloads/25500_1_shared_tensor_no_task_code_0.pt,0.0,0
25500,1,shared_tensor_no_task_code,1,6.452879428863525,3877,b88671ab2071c3956d144d4995cadfca4455d258512c4316db54350a0e616f1b,experiments/mirror_applications/ma-255-parameter-superposition-mirror/artifacts/payloads/25500_1_shared_tensor_no_task_code_1.pt,0.0,0
25500,1,shared_tensor_no_task_code,2,5.4136834144592285,3877,69d16b67638c24c45fe3cdb6f2561fff3fedb7d46b2b25de6f4307508126e80b,experiments/mirror_applications/ma-255-parameter-superposition-mirror/artifacts/payloads/25500_1_shared_tensor_no_task_code_2.pt,0.0,0
25500,1,shared_tensor_no_task_code,3,5.720320701599121,3877,34b0759b01f8b302dbf960acdc016b35896b6a65fe4c7a2e831008b8d5b495f4,experiments/mirror_applications/ma-255-parameter-superposition-mirror/artifacts/payloads/25500_1_shared_tensor_no_task_code_3.pt,0.0,0
25500,1,shared_tensor_no_task_code,4,5.241963863372803,3877,737a80c567ff094c0b11a5b807229d501fe8a21bd0a3d26987d8f576b2f87fe2,experiments/mirror_applications/ma-255-parameter-superposition-mirror/artifacts/payloads/25500_1_shared_tensor_no_task_code_4.pt,0.0,0
25500,1,shared_tensor_no_task_code,5,5.957697868347168,3877,19e0e6fb92c1e52ba954b958be559541264971df9ebaa84c2fb64641f796128b,experiments/mirror_applications/ma-255-parameter-superposition-mirror/artifacts/payloads/25500_1_shared_tensor_no_task_code_5.pt,0.0,0
25500,1,shared_tensor_no_task_code,6,5.685971260070801,3877,55c85e443f9cc668f9b09b1ff8271c398d5b5e26b21befc96832d5a6c0ff7ee7,experiments/mirror_applications/ma-255-parameter-superposition-mirror/artifacts/payloads/25500_1_shared_tensor_no_task_code_6.pt,0.0,0
25500,1,shared_tensor_no_task_code,7,6.101303577423096,3877,965e308f1b9974e8e06a87a3dcb7790ebd95f5055d2678fa568f594801bb27e5,experiments/mirror_applications/ma-255-parameter-superposition-mirror/artifacts/payloads/25500_1_shared_tensor_no_task_code_7.pt,0.0,0
25500,1,shared_tensor_no_task_code,8,5.695411682128906,3877,ac722a54791699115d002847b0c213b0d5958daebc5f7f654524bf1fc233572b,experiments/mirror_applications/ma-255-parameter-superposition-mirror/artifacts/payloads/25500_1_shared_tensor_no_task_code_8.pt,0.0,0
25500,1,shared_tensor_no_task_code,9,5.822819709777832,3877,d18a5505386e06c14f69455abd30db689d6a44eb32ecf5a8cbdff15c299ec4ae,experiments/mirror_applications/ma-255-parameter-superposition-mirror/artifacts/payloads/25500_1_shared_tensor_no_task_code_9.pt,0.0,0
25500,1,shared_tensor_no_task_code,10,5.29958438873291,3877,9c9fd2e88a985f5a8ead88411b6a02323e80e4094158d1c4270c321fb7884963,experiments/mirror_applications/ma-255-parameter-superposition-mirror/artifacts/payloads/25500_1_shared_tensor_no_task_code_10.pt,0.0,0
25500,1,shared_tensor_no_task_code,11,5.390748500823975,3877,0fdf9ff4b5a24d718052ad10024f7ef7eb1bd951c08eee9be8ed028a652a7050,experiments/mirror_applications/ma-255-parameter-superposition-mirror/artifacts/payloads/25500_1_shared_tensor_no_task_code_11.pt,0.0,0
25500,1,shared_tensor_no_task_code,12,5.786697864532471,3877,ca962165a0d34b63b203afdf47f2763b88019883d9738efa4e7da381c1c963f1,experiments/mirror_applications/ma-255-parameter-superposition-mirror/artifacts/payloads/25500_1_shared_tensor_no_task_code_12.pt,0.0,0
25500,1,shared_tensor_no_task_code,13,5.701185703277588,3877,87b848fe8957fd42a726fd866b8a4f2745f26d63ffef8446305db5c8bed8ce96,experiments/mirror_applications/ma-255-parameter-superposition-mirror/artifacts/payloads/25500_1_shared_tensor_no_task_code_13.pt,0.0,0
25500,1,shared_tensor_no_task_code,14,6.720156192779541,3877,be377547cc7100f2682f4a83c1df829f9167e96d56d607849c99345a7ae864b7,experiments/mirror_applications/ma-255-parameter-superposition-mirror/artifacts/payloads/25500_1_shared_tensor_no_task_code_14.pt,0.0,0
25500,1,shared_tensor_no_task_code,15,5.25310754776001,3877,8cc9259fe07d01ba53e5fddcdd051f0945fe51a03ce0cf75f910da5715eb263e,experiments/mirror_applications/ma-255-parameter-superposition-mirror/artifacts/payloads/25500_1_shared_tensor_no_task_code_15.pt,0.0,0
25500,1,shared_tensor_no_task_code,16,5.758245944976807,3877,54a38ade905ddd4eaad0d5a42b6bcc01ebf4fcd2bd7e803a5c8b3915242fedc4,experiments/mirror_applications/ma-255-parameter-superposition-mirror/artifacts/payloads/25500_1_shared_tensor_no_task_code_16.pt,0.0,0
25500,1,shared_tensor_no_task_code,17,5.957963943481445,3877,3fde437996ce6ac30798483a4668c769b688967762683c8e6dec374ebb49db28,experiments/mirror_applications/ma-255-parameter-superposition-mirror/artifacts/payloads/25500_1_shared_tensor_no_task_code_17.pt,0.0,0
25500,1,shared_tensor_no_task_code,18,6.066976070404053,3877,b7048e30390d37c7aa486531f94d1a57b759c82a4dff6617b56a2006e7952b67,experiments/mirror_applications/ma-255-parameter-superposition-mirror/artifacts/payloads/25500_1_shared_tensor_no_task_code_18.pt,0.0,0
25500,1,shared_tensor_no_task_code,19,5.646785736083984,3877,6bf7b5929be00eb073a2ceab720d3fe216368c0a34b8e54455e06b6870859f77,experiments/mirror_applications/ma-255-parameter-superposition-mirror/artifacts/payloads/25500_1_shared_tensor_no_task_code_19.pt,0.0,0
25500,1,shared_tensor_no_task_code,20,5.700780391693115,3877,2c25eb6cf57f1c3ad47a00d56b8db5e9024d49a31ea5fa5b3d6a09e44645cb54,experiments/mirror_applications/ma-255-parameter-superposition-mirror/artifacts/payloads/25500_1_shared_tensor_no_task_code_20.pt,0.0,0
25500,1,shared_tensor_no_task_code,21,5.650956630706787,3877,675b9682484b9bf4bc4c7a2c55a3bc356bb0fdd14520a396660e8673e0b2c903,experiments/mirror_applications/ma-255-parameter-superposition-mirror/artifacts/payloads/25500_1_shared_tensor_no_task_code_21.pt,0.0,0
25500,1,shared_tensor_no_task_code,22,6.088080406188965,3877,c239df9f0c47b83f280d1d0502104611f82ce59c7e47c2b50bbfdd24e4517342,experiments/mirror_applications/ma-255-parameter-superposition-mirror/artifacts/payloads/25500_1_shared_tensor_no_task_code_22.pt,0.0,0
25500,1,shared_tensor_no_task_code,23,5.628133296966553,3877,57d9e0bc00efa2f04293bf50dcb3706fd1db806d676174214bf774bb7d6c4042,experiments/mirror_applications/ma-255-parameter-superposition-mirror/artifacts/payloads/25500_1_shared_tensor_no_task_code_23.pt,0.0,0
25500,1,shared_tensor_no_task_code,24,6.071197032928467,3877,d805b8ac1f5d00e8d9ef563fca761d3129db0e14cfcbe907de4122b67d6579a4,experiments/mirror_applications/ma-255-parameter-superposition-mirror/artifacts/payloads/25500_1_shared_tensor_no_task_code_24.pt,0.0,0
25500,1,shared_tensor_no_task_code,25,5.788715839385986,3877,76478b195d3ee4b18a349403c8b3d0120cfce5f2bc759532a0e87cc8420c0023,experiments/mirror_applications/ma-255-parameter-superposition-mirror/artifacts/payloads/25500_1_shared_tensor_no_task_code_25.pt,0.0,0
25500,1,shared_tensor_no_task_code,26,5.727144241333008,3877,b54d36dc6329fea4e66a8656006be1a698bea6ee599b21afc85e1edc40092ec1,experiments/mirror_applications/ma-255-parameter-superposition-mirror/artifacts/payloads/25500_1_shared_tensor_no_task_code_26.pt,0.0,0
25500,1,shared_tensor_no_task_code,27,5.774118423461914,3877,49b9553284c2800e05e54248b72605fe91a73b42438032d998a7ea611ac78305,experiments/mirror_applications/ma-255-parameter-superposition-mirror/artifacts/payloads/25500_1_shared_tensor_no_task_code_27.pt,0.0,0
25500,1,shared_tensor_no_task_code,28,6.185819625854492,3877,c4aaab0f7fb5a03a3171387181775252c9f334b3b94d965ed61cc0c599be1977,experiments/mirror_applications/ma-255-parameter-superposition-mirror/artifacts/payloads/25500_1_shared_tensor_no_task_code_28.pt,0.0,0
25500,1,shared_tensor_no_task_code,29,5.551517486572266,3877,f848a26930e8ffe4e023d29fe53031a770dc0c1c46502419822c930c7376b2c9,experiments/mirror_applications/ma-255-parameter-superposition-mirror/artifacts/payloads/25500_1_shared_tensor_no_task_code_29.pt,0.0,0
25500,1,shared_tensor_no_task_code,30,5.605076313018799,3877,46e65ebbf077d30bf7ba69e76cd2afe42dedab103c279010cd9e67a4e8c4f825,experiments/mirror_applications/ma-255-parameter-superposition-mirror/artifacts/payloads/25500_1_shared_tensor_no_task_code_30.pt,0.0,0
25500,1,shared_tensor_no_task_code,31,5.2051682472229,3877,742602805686b64ab80bdec978dccc37761a85d850b0249472d2fe9bcb817fe0,experiments/mirror_applications/ma-255-parameter-superposition-mirror/artifacts/payloads/25500_1_shared_tensor_no_task_code_31.pt,0.0,0
25500,1,mirror_rank8_lr0.001,0,1.1656030416488647,19237,7dcff36c5bb23c034ef6be70f7d99f8e45c7f04f477e85e1b6aaff7e281883ff,experiments/mirror_applications/ma-255-parameter-superposition-mirror/artifacts/payloads/25500_1_mirror_rank8_lr0.001_0.pt,0.76737816799141,1200
25500,1,mirror_rank8_lr0.001,1,1.1764883995056152,19237,1c48950b11c92cb7ebf887e7822afe96738c0eff76b3c687986ea0eee7c88b25,experiments/mirror_applications/ma-255-parameter-superposition-mirror/artifacts/payloads/25500_1_mirror_rank8_lr0.001_1.pt,0.76737816799141,1200
25500,1,mirror_rank8_lr0.001,2,1.1353400945663452,19237,b7098d4f2eac1eff6793595b339f2c52b750b1615c2113df33e6a622757747ea,experiments/mirror_applications/ma-255-parameter-superposition-mirror/artifacts/payloads/25500_1_mirror_rank8_lr0.001_2.pt,0.76737816799141,1200
25500,1,mirror_rank8_lr0.001,3,1.1515073776245117,19237,b8d108b9ea85d94f7d99b95046e007b789f970e98294cadcdbd80c78c169a3da,experiments/mirror_applications/ma-255-parameter-superposition-mirror/artifacts/payloads/25500_1_mirror_rank8_lr0.001_3.pt,0.76737816799141,1200
25500,1,mirror_rank8_lr0.001,4,1.1701951026916504,19237,6a896154b6cbf1b046c5efc3b9e30e2693b965c26a12c0dff04e56553dda5310,experiments/mirror_applications/ma-255-parameter-superposition-mirror/artifacts/payloads/25500_1_mirror_rank8_lr0.001_4.pt,0.76737816799141,1200
25500,1,mirror_rank8_lr0.001,5,1.1261135339736938,19237,a957a89fd08cf5a5cb9e15748fb8bbfc98eed5ae27a36af6dc29cd385ccd92e2,experiments/mirror_applications/ma-255-parameter-superposition-mirror/artifacts/payloads/25500_1_mirror_rank8_lr0.001_5.pt,0.76737816799141,1200
25500,1,mirror_rank8_lr0.001,6,1.1397790908813477,19237,83fd536dcb6f1c697de15146e17b2ea1d69380b1fc4164a49e981a456e795e85,experiments/mirror_applications/ma-255-parameter-superposition-mirror/artifacts/payloads/25500_1_mirror_rank8_lr0.001_6.pt,0.76737816799141,1200
25500,1,mirror_rank8_lr0.001,7,1.1487690210342407,19237,e745c181df11033c3a37f3b800daf61e917ad27d866ea070cc5769d82728d74a,experiments/mirror_applications/ma-255-parameter-superposition-mirror/artifacts/payloads/25500_1_mirror_rank8_lr0.001_7.pt,0.76737816799141,1200
25500,1,mirror_rank8_lr0.001,8,1.1617342233657837,19237,808a538e238ddd934a633c27b5a8a82b826c0f64261d52c91c5fe2b4c70aa627,experiments/mirror_applications/ma-255-parameter-superposition-mirror/artifacts/payloads/25500_1_mirror_rank8_lr0.001_8.pt,0.76737816799141,1200
25500,1,mirror_rank8_lr0.001,9,1.063908338546753,19237,8622e0b35ff95fbf759a894526bf5c52c119048c15812705f323fefaee05b4f1,experiments/mirror_applications/ma-255-parameter-superposition-mirror/artifacts/payloads/25500_1_mirror_rank8_lr0.001_9.pt,0.76737816799141,1200
25500,1,mirror_rank8_lr0.001,10,1.1699910163879395,19237,b3fc90b06ef713598d087a9bec285b921d1946efc16ef8cbe55ddfe864300339,experiments/mirror_applications/ma-255-parameter-superposition-mirror/artifacts/payloads/25500_1_mirror_rank8_lr0.001_10.pt,0.76737816799141,1200
25500,1,mirror_rank8_lr0.001,11,1.1929391622543335,19237,8fc31c0d7fad43ec0a694c6f59ed281fcbe3b0f7f93c5c51c4ab1215e0224af4,experiments/mirror_applications/ma-255-parameter-superposition-mirror/artifacts/payloads/25500_1_mirror_rank8_lr0.001_11.pt,0.76737816799141,1200
25500,1,mirror_rank8_lr0.001,12,1.1758161783218384,19237,6b4932a5b6ee5d0aa7912f94bbdb8576eb9e45556d7c0da9ec0d812e3e02d7b1,experiments/mirror_applications/ma-255-parameter-superposition-mirror/artifacts/payloads/25500_1_mirror_rank8_lr0.001_12.pt,0.76737816799141,1200
25500,1,mirror_rank8_lr0.001,13,1.1744016408920288,19237,92636c653bf084be1218e495127dd6fab30d66918be23e9dd87f6f1949e9dd3e,experiments/mirror_applications/ma-255-parameter-superposition-mirror/artifacts/payloads/25500_1_mirror_rank8_lr0.001_13.pt,0.76737816799141,1200
25500,1,mirror_rank8_lr0.001,14,1.1270649433135986,19237,549ee03c5939387d2a45289b346efbb5d256461cea139f5734cae7991239f654,experiments/mirror_applications/ma-255-parameter-superposition-mirror/artifacts/payloads/25500_1_mirror_rank8_lr0.001_14.pt,0.76737816799141,1200
25500,1,mirror_rank8_lr0.001,15,1.1484308242797852,19237,5a21d368a294b3b0959eaa71cdd913ec91a5754b0c197ebecbf9e35a17d6f892,experiments/mirror_applications/ma-255-parameter-superposition-mirror/artifacts/payloads/25500_1_mirror_rank8_lr0.001_15.pt,0.76737816799141,1200
25500,1,mirror_rank8_lr0.001,16,1.138480305671692,19237,54878261b03af42d245e195a73f89a9dbc2777a64b9e5cf1a7293938c563f5ac,experiments/mirror_applications/ma-255-parameter-superposition-mirror/artifacts/payloads/25500_1_mirror_rank8_lr0.001_16.pt,0.76737816799141,1200
25500,1,mirror_rank8_lr0.001,17,1.205856442451477,19237,e42aeec291dca127169f058274e32b47e844a9939f62a7d063f1d5f672ed58d6,experiments/mirror_applications/ma-255-parameter-superposition-mirror/artifacts/payloads/25500_1_mirror_rank8_lr0.001_17.pt,0.76737816799141,1200
25500,1,mirror_rank8_lr0.001,18,1.1083015203475952,19237,05f1fa3841328da9f7424dbf79b45277c904956f814fd7d051ff3ebee07f327c,experiments/mirror_applications/ma-255-parameter-superposition-mirror/artifacts/payloads/25500_1_mirror_rank8_lr0.001_18.pt,0.76737816799141,1200
25500,1,mirror_rank8_lr0.001,19,1.0904419422149658,19237,3815d81e1ba525c82801621d68c12a0a507b666c2d80a2f59fe470258e23e34a,experiments/mirror_applications/ma-255-parameter-superposition-mirror/artifacts/payloads/25500_1_mirror_rank8_lr0.001_19.pt,0.76737816799141,1200
25500,1,mirror_rank8_lr0.001,20,1.1100953817367554,19237,7e904c246ab907dd3ffb27245060327795f31f963630d7e31f921bb83a5fe200,experiments/mirror_applications/ma-255-parameter-superposition-mirror/artifacts/payloads/25500_1_mirror_rank8_lr0.001_20.pt,0.76737816799141,1200
25500,1,mirror_rank8_lr0.001,21,1.1297695636749268,19237,d101afbaec0744a34616595659ad0f04d66802658b664de402cbcba086fef172,experiments/mirror_applications/ma-255-parameter-superposition-mirror/artifacts/payloads/25500_1_mirror_rank8_lr0.001_21.pt,0.76737816799141,1200
25500,1,mirror_rank8_lr0.001,22,1.14486825466156,19237,891db3d45905905b872ce75548a38a941b2081e3b65c6908735c6184f9ccdd90,experiments/mirror_applications/ma-255-parameter-superposition-mirror/artifacts/payloads/25500_1_mirror_rank8_lr0.001_22.pt,0.76737816799141,1200
25500,1,mirror_rank8_lr0.001,23,1.1569061279296875,19237,082a9471066eff04480ba94486f059f7b8eb31e17c8167a831fb96b33168dcfd,experiments/mirror_applications/ma-255-parameter-superposition-mirror/artifacts/payloads/25500_1_mirror_rank8_lr0.001_23.pt,0.76737816799141,1200
25500,1,mirror_rank8_lr0.001,24,1.146506905555725,19237,1710fea86266563cf94b173bd3f0f38f9e145e607c38ca0699e2ce0e116c34bb,experiments/mirror_applications/ma-255-parameter-superposition-mirror/artifacts/payloads/25500_1_mirror_rank8_lr0.001_24.pt,0.76737816799141,1200
25500,1,mirror_rank8_lr0.001,25,1.2545769214630127,19237,45b5f839ec160142142a5b945797a23398ea756f44d649a0764cd6199b218e95,experiments/mirror_applications/ma-255-parameter-superposition-mirror/artifacts/payloads/25500_1_mirror_rank8_lr0.001_25.pt,0.76737816799141,1200
25500,1,mirror_rank8_lr0.001,26,1.2238880395889282,19237,2589b6cde8dd77007624fde70226b20c05ab1849b98a5fabb8b84dea0988e018,experiments/mirror_applications/ma-255-parameter-superposition-mirror/artifacts/payloads/25500_1_mirror_rank8_lr0.001_26.pt,0.76737816799141,1200
25500,1,mirror_rank8_lr0.001,27,1.1105586290359497,19237,17849a22b3778a1bbc2dcca05331f42a49f504a08ba4c19c4db3919c85d99461,experiments/mirror_applications/ma-255-parameter-superposition-mirror/artifacts/payloads/25500_1_mirror_rank8_lr0.001_27.pt,0.76737816799141,1200
25500,1,mirror_rank8_lr0.001,28,1.0966371297836304,19237,9d56880ac6916d7ae33ab31a92e94cbeceb096de96084ad8b906c8c341adc061,experiments/mirror_applications/ma-255-parameter-superposition-mirror/artifacts/payloads/25500_1_mirror_rank8_lr0.001_28.pt,0.76737816799141,1200
25500,1,mirror_rank8_lr0.001,29,1.1474015712738037,19237,6dccdef7067787e97452abfceca7147db4eef9049afa884b2af1deb25fc0cdca,experiments/mirror_applications/ma-255-parameter-superposition-mirror/artifacts/payloads/25500_1_mirror_rank8_lr0.001_29.pt,0.76737816799141,1200
25500,1,mirror_rank8_lr0.001,30,1.2066017389297485,19237,e98486f006f5bc43b72acad7b46b7705221f25ce172a5c577d806e4ac6014fd6,experiments/mirror_applications/ma-255-parameter-superposition-mirror/artifacts/payloads/25500_1_mirror_rank8_lr0.001_30.pt,0.76737816799141,1200
25500,1,mirror_rank8_lr0.001,31,1.1367164850234985,19237,50786c569c6339faac4a1c2213fca7da4c6b312e47e740f78f9b2ecb0cf94abf,experiments/mirror_applications/ma-255-parameter-superposition-mirror/artifacts/payloads/25500_1_mirror_rank8_lr0.001_31.pt,0.76737816799141,1200
25500,1,mirror_rank8_lr0.01,0,1.1051971912384033,19237,779105466326f3091143a34af85d8d9f40164ce008e363a8e5bf046e6256bd4e,experiments/mirror_applications/ma-255-parameter-superposition-mirror/artifacts/payloads/25500_1_mirror_rank8_lr0.01_0.pt,0.8056811290007317,1200
25500,1,mirror_rank8_lr0.01,1,1.1615309715270996,19237,cc7d8b442c5ae3af3ae0a876c2f125976f7cded85809bb332a8a85cb7c5a331f,experiments/mirror_applications/ma-255-parameter-superposition-mirror/artifacts/payloads/25500_1_mirror_rank8_lr0.01_1.pt,0.8056811290007317,1200
25500,1,mirror_rank8_lr0.01,2,1.1271253824234009,19237,65c69960d1429abad41a52117584065ef602b68448f5af2decd04b8d33911cb5,experiments/mirror_applications/ma-255-parameter-superposition-mirror/artifacts/payloads/25500_1_mirror_rank8_lr0.01_2.pt,0.8056811290007317,1200
25500,1,mirror_rank8_lr0.01,3,1.1884794235229492,19237,aa2e1ef96e1e1bb8d9e78ddf5e77c184e223cdd0bf3421f49488704f841b8a09,experiments/mirror_applications/ma-255-parameter-superposition-mirror/artifacts/payloads/25500_1_mirror_rank8_lr0.01_3.pt,0.8056811290007317,1200
25500,1,mirror_rank8_lr0.01,4,1.1150593757629395,19237,08b65f73f4f9e1658909ec110e26e6234bdd5bd8bbe58030219398fddecd72ba,experiments/mirror_applications/ma-255-parameter-superposition-mirror/artifacts/payloads/25500_1_mirror_rank8_lr0.01_4.pt,0.8056811290007317,1200
25500,1,mirror_rank8_lr0.01,5,1.2116875648498535,19237,0fc929f475fdb91141e4c776439c556fc674228f5dcc8712dc57c5196d0d4c7c,experiments/mirror_applications/ma-255-parameter-superposition-mirror/artifacts/payloads/25500_1_mirror_rank8_lr0.01_5.pt,0.8056811290007317,1200
25500,1,mirror_rank8_lr0.01,6,1.1661823987960815,19237,c986fd90daa56dc248544987f2e0c625fe66839f8c8b116ee38381a7559f0837,experiments/mirror_applications/ma-255-parameter-superposition-mirror/artifacts/payloads/25500_1_mirror_rank8_lr0.01_6.pt,0.8056811290007317,1200
25500,1,mirror_rank8_lr0.01,7,1.1425083875656128,19237,fa78d6243d5039723815fed4bba6e4c18ca78de20e1a586a7143518ed0de7272,experiments/mirror_applications/ma-255-parameter-superposition-mirror/artifacts/payloads/25500_1_mirror_rank8_lr0.01_7.pt,0.8056811290007317,1200
25500,1,mirror_rank8_lr0.01,8,1.1318517923355103,19237,28aae7dca2e475bd27b027eed21d900bb67f58b3aa3b0fe224f80b63edd77771,experiments/mirror_applications/ma-255-parameter-superposition-mirror/artifacts/payloads/25500_1_mirror_rank8_lr0.01_8.pt,0.8056811290007317,1200
25500,1,mirror_rank8_lr0.01,9,1.1693428754806519,19237,2fb716321399adfb81b0a908e984c7119feea2245df4b003266202517d21b4f2,experiments/mirror_applications/ma-255-parameter-superposition-mirror/artifacts/payloads/25500_1_mirror_rank8_lr0.01_9.pt,0.8056811290007317,1200
25500,1,mirror_rank8_lr0.01,10,1.1942552328109741,19237,a065c091b5dc4c9a79526d478f6ef364e84e109ad2237a80a5ad431db6d12a7e,experiments/mirror_applications/ma-255-parameter-superposition-mirror/artifacts/payloads/25500_1_mirror_rank8_lr0.01_10.pt,0.8056811290007317,1200
25500,1,mirror_rank8_lr0.01,11,1.1932533979415894,19237,b97013be549078d249fc3987e671f664ae767102ed98e1c2bbbf8becd17ff7bc,experiments/mirror_applications/ma-255-parameter-superposition-mirror/artifacts/payloads/25500_1_mirror_rank8_lr0.01_11.pt,0.8056811290007317,1200
25500,1,mirror_rank8_lr0.01,12,1.104987382888794,19237,8c6aaacd5e86641ca69787bed14d5840d408e643cd119b0a8a0409b48265d4eb,experiments/mirror_applications/ma-255-parameter-superposition-mirror/artifacts/payloads/25500_1_mirror_rank8_lr0.01_12.pt,0.8056811290007317,1200
25500,1,mirror_rank8_lr0.01,13,1.1035946607589722,19237,b3e10da0efb7236946b10d0856928e5b87cb143ccaab4427f8877ae8fa9ed639,experiments/mirror_applications/ma-255-parameter-superposition-mirror/artifacts/payloads/25500_1_mirror_rank8_lr0.01_13.pt,0.8056811290007317,1200
25500,1,mirror_rank8_lr0.01,14,1.1229875087738037,19237,71ee51793a629a30de80b8775862e475c7d305c2c371f49e713d9d9a80317289,experiments/mirror_applications/ma-255-parameter-superposition-mirror/artifacts/payloads/25500_1_mirror_rank8_lr0.01_14.pt,0.8056811290007317,1200
25500,1,mirror_rank8_lr0.01,15,1.2203112840652466,19237,36cffb28d462a4d4a1a946db3a1b16e467944752bb261f1bbd05d5ca9ca5c1c4,experiments/mirror_applications/ma-255-parameter-superposition-mirror/artifacts/payloads/25500_1_mirror_rank8_lr0.01_15.pt,0.8056811290007317,1200
25500,1,mirror_rank8_lr0.01,16,1.0544737577438354,19237,c630d668529dad3828181947aaebdc032caa3058f0069ece826cf44076f56584,experiments/mirror_applications/ma-255-parameter-superposition-mirror/artifacts/payloads/25500_1_mirror_rank8_lr0.01_16.pt,0.8056811290007317,1200
25500,1,mirror_rank8_lr0.01,17,1.1614351272583008,19237,d8b242d914e033318e2af1415c364e1c10b9abb4e882135d89b12595350ae361,experiments/mirror_applications/ma-255-parameter-superposition-mirror/artifacts/payloads/25500_1_mirror_rank8_lr0.01_17.pt,0.8056811290007317,1200
25500,1,mirror_rank8_lr0.01,18,1.1326252222061157,19237,c914f5181e7b4c7e9d78f4852c61361b525966375e387e03ecad01e5c0e6552e,experiments/mirror_applications/ma-255-parameter-superposition-mirror/artifacts/payloads/25500_1_mirror_rank8_lr0.01_18.pt,0.8056811290007317,1200
25500,1,mirror_rank8_lr0.01,19,1.114478588104248,19237,1df647a4b367d64694e4a175d24cbe8a325603038dd8ebd6ca120973c7c9eedd,experiments/mirror_applications/ma-255-parameter-superposition-mirror/artifacts/payloads/25500_1_mirror_rank8_lr0.01_19.pt,0.8056811290007317,1200
25500,1,mirror_rank8_lr0.01,20,1.081983208656311,19237,cf87d20d987722d0306e5a7b3c0c5b2d1ef24257c82f0f5d873270a48563e281,experiments/mirror_applications/ma-255-parameter-superposition-mirror/artifacts/payloads/25500_1_mirror_rank8_lr0.01_20.pt,0.8056811290007317,1200
25500,1,mirror_rank8_lr0.01,21,1.1700637340545654,19237,795aeddd2088ae9d6e4749d1b71b9ea6eb1678e20a0745323b308c59e3d43d42,experiments/mirror_applications/ma-255-parameter-superposition-mirror/artifacts/payloads/25500_1_mirror_rank8_lr0.01_21.pt,0.8056811290007317,1200
25500,1,mirror_rank8_lr0.01,22,1.174714207649231,19237,5cd068400b3f283be95ef233ef4da9427d5846af514567a17248c01f5f3eb0a2,experiments/mirror_applications/ma-255-parameter-superposition-mirror/artifacts/payloads/25500_1_mirror_rank8_lr0.01_22.pt,0.8056811290007317,1200
25500,1,mirror_rank8_lr0.01,23,1.15263831615448,19237,25f443dfc356658d2f4c1ad7a0b17e04718299209140df84fd76105e7777bce0,experiments/mirror_applications/ma-255-parameter-superposition-mirror/artifacts/payloads/25500_1_mirror_rank8_lr0.01_23.pt,0.8056811290007317,1200
25500,1,mirror_rank8_lr0.01,24,1.0674110651016235,19237,856d9baceb420917d60ddaf9e72f68fd3fd26ef982450ae70693116560a80438,experiments/mirror_applications/ma-255-parameter-superposition-mirror/artifacts/payloads/25500_1_mirror_rank8_lr0.01_24.pt,0.8056811290007317,1200
25500,1,mirror_rank8_lr0.01,25,1.1959857940673828,19237,e2ea431729688c9af346d591c1c3dc4614d88c1d75f05e69065a4f65276e86a0,experiments/mirror_applications/ma-255-parameter-superposition-mirror/artifacts/payloads/25500_1_mirror_rank8_lr0.01_25.pt,0.8056811290007317,1200
25500,1,mirror_rank8_lr0.01,26,1.3170275688171387,19237,f8fa7f3e612fdf23182f63fa4710476a3c7ab6cee89526bc2e23b16fb46238b3,experiments/mirror_applications/ma-255-parameter-superposition-mirror/artifacts/payloads/25500_1_mirror_rank8_lr0.01_26.pt,0.8056811290007317,1200
25500,1,mirror_rank8_lr0.01,27,1.180155873298645,19237,477879d55f97b6ef651043bd3f624b3ecf911c311e6246b6efd222b20145394f,experiments/mirror_applications/ma-255-parameter-superposition-mirror/artifacts/payloads/25500_1_mirror_rank8_lr0.01_27.pt,0.8056811290007317,1200
25500,1,mirror_rank8_lr0.01,28,1.0680314302444458,19237,c2e91246f6c737210de8731b1ff1796481888d01b37a9ef69939a00f9e4f3c48,experiments/mirror_applications/ma-255-parameter-superposition-mirror/artifacts/payloads/25500_1_mirror_rank8_lr0.01_28.pt,0.8056811290007317,1200
25500,1,mirror_rank8_lr0.01,29,1.1708877086639404,19237,768aafd45390249806047df9792d96feab54354a8034b4906df4045b4f2474ae,experiments/mirror_applications/ma-255-parameter-superposition-mirror/artifacts/payloads/25500_1_mirror_rank8_lr0.01_29.pt,0.8056811290007317,1200
25500,1,mirror_rank8_lr0.01,30,1.2299203872680664,19237,9989ac509b0b926237f759cf4e3677eeba385112edb2b6d9ff23491e0dd4f853,experiments/mirror_applications/ma-255-parameter-superposition-mirror/artifacts/payloads/25500_1_mirror_rank8_lr0.01_30.pt,0.8056811290007317,1200
25500,1,mirror_rank8_lr0.01,31,1.135159969329834,19237,bc9af4e0be75d3bf577aeeb72d5c6ecd366e4a3421cb5c162dd7f683a89e2a1d,experiments/mirror_applications/ma-255-parameter-superposition-mirror/artifacts/payloads/25500_1_mirror_rank8_lr0.01_31.pt,0.8056811290007317,1200
25500,1,mirror_rank8_lr0.1,0,1.10962975025177,19237,a703c0720a4648f4f1c680b472456c85aa889dda84e8a2a5896c3f5041989c91,experiments/mirror_applications/ma-255-parameter-superposition-mirror/artifacts/payloads/25500_1_mirror_rank8_lr0.1_0.pt,0.667378717000247,1200
25500,1,mirror_rank8_lr0.1,1,1.1604772806167603,19237,4545297995de5396a316e751787d0e1f3ebbcaef96a2e2e1166c6f0dd13b4d96,experiments/mirror_applications/ma-255-parameter-superposition-mirror/artifacts/payloads/25500_1_mirror_rank8_lr0.1_1.pt,0.667378717000247,1200
25500,1,mirror_rank8_lr0.1,2,1.128986120223999,19237,ae4ab03f01df37cb4e323e25ab19ac2b2f8621842e29d83c0736507cba6003c1,experiments/mirror_applications/ma-255-parameter-superposition-mirror/artifacts/payloads/25500_1_mirror_rank8_lr0.1_2.pt,0.667378717000247,1200
25500,1,mirror_rank8_lr0.1,3,1.1924184560775757,19237,bf3d62e97a2da0174848d4c9c8cbf46e0acdd1116e6332f8ab03fbc23325df6d,experiments/mirror_applications/ma-255-parameter-superposition-mirror/artifacts/payloads/25500_1_mirror_rank8_lr0.1_3.pt,0.667378717000247,1200
25500,1,mirror_rank8_lr0.1,4,1.117862343788147,19237,9797989391b451bd2a4d04dc43dcb5bb1b6b87e23d8ae0470c354a580e71a499,experiments/mirror_applications/ma-255-parameter-superposition-mirror/artifacts/payloads/25500_1_mirror_rank8_lr0.1_4.pt,0.667378717000247,1200
25500,1,mirror_rank8_lr0.1,5,1.223036527633667,19237,3d1039ec8302334d57463292440a39768f926b8fac891134a41f5c59760e603b,experiments/mirror_applications/ma-255-parameter-superposition-mirror/artifacts/payloads/25500_1_mirror_rank8_lr0.1_5.pt,0.667378717000247,1200
25500,1,mirror_rank8_lr0.1,6,1.1693459749221802,19237,947ecd3c8da5a4958157973bb4c7ca252af8262932603a0d590877db8169d631,experiments/mirror_applications/ma-255-parameter-superposition-mirror/artifacts/payloads/25500_1_mirror_rank8_lr0.1_6.pt,0.667378717000247,1200
25500,1,mirror_rank8_lr0.1,7,1.1429189443588257,19237,29960bbd110e89bfe61b9a1cb0c0706079e17c4cfd4e7c5b42f2f86dc47ddeac,experiments/mirror_applications/ma-255-parameter-superposition-mirror/artifacts/payloads/25500_1_mirror_rank8_lr0.1_7.pt,0.667378717000247,1200
25500,1,mirror_rank8_lr0.1,8,1.1281355619430542,19237,36228e5232e953cab013d316ef08a97fa968fb6e20a4112da6a1dc63e5c50e8c,experiments/mirror_applications/ma-255-parameter-superposition-mirror/artifacts/payloads/25500_1_mirror_rank8_lr0.1_8.pt,0.667378717000247,1200
25500,1,mirror_rank8_lr0.1,9,1.1682887077331543,19237,1831536c986a0f323efd797f0d4288dbcdcb0bb8f23bbff4cb067f1f2b5ac2ab,experiments/mirror_applications/ma-255-parameter-superposition-mirror/artifacts/payloads/25500_1_mirror_rank8_lr0.1_9.pt,0.667378717000247,1200
25500,1,mirror_rank8_lr0.1,10,1.1915981769561768,19237,7715ffd689694727a8513b2ce00dfcfc493e81cb0ffa3e3a6abdb644543bd3a1,experiments/mirror_applications/ma-255-parameter-superposition-mirror/artifacts/payloads/25500_1_mirror_rank8_lr0.1_10.pt,0.667378717000247,1200
25500,1,mirror_rank8_lr0.1,11,1.200506329536438,19237,c83d3248f18e2a067d6f03d35d09750139b4615c39a3434fc78177d932911185,experiments/mirror_applications/ma-255-parameter-superposition-mirror/artifacts/payloads/25500_1_mirror_rank8_lr0.1_11.pt,0.667378717000247,1200
25500,1,mirror_rank8_lr0.1,12,1.1180976629257202,19237,b3687b8fb648607682b93c6d3a49077a0a9de2ea2e5fd19fdd42aaf98c124dad,experiments/mirror_applications/ma-255-parameter-superposition-mirror/artifacts/payloads/25500_1_mirror_rank8_lr0.1_12.pt,0.667378717000247,1200
25500,1,mirror_rank8_lr0.1,13,1.1022253036499023,19237,8c99dad0b7c0dc89702948d3a783a14a6c85cb118c5586f7c5cd496ce5bb949d,experiments/mirror_applications/ma-255-parameter-superposition-mirror/artifacts/payloads/25500_1_mirror_rank8_lr0.1_13.pt,0.667378717000247,1200
25500,1,mirror_rank8_lr0.1,14,1.1198406219482422,19237,21eb0e717c3c8b44a6e40568534826d2e8edbb40c0a6f352259cc2e2e7d8f08c,experiments/mirror_applications/ma-255-parameter-superposition-mirror/artifacts/payloads/25500_1_mirror_rank8_lr0.1_14.pt,0.667378717000247,1200
25500,1,mirror_rank8_lr0.1,15,1.2185314893722534,19237,4944a9f2856647ed59232efaa3109261efc51c95622db6e4e8bc0ba9c6728000,experiments/mirror_applications/ma-255-parameter-superposition-mirror/artifacts/payloads/25500_1_mirror_rank8_lr0.1_15.pt,0.667378717000247,1200
25500,1,mirror_rank8_lr0.1,16,1.0529146194458008,19237,9d3264de9e6859bd5c2f998f6ffc0e680ac40f61f3d225b05a7637ea4c310f02,experiments/mirror_applications/ma-255-parameter-superposition-mirror/artifacts/payloads/25500_1_mirror_rank8_lr0.1_16.pt,0.667378717000247,1200
25500,1,mirror_rank8_lr0.1,17,1.1449363231658936,19237,054ee8af6add260a7af39ebf548e5a3cdf2c14d93409efd09e3a2f5fabbe872d,experiments/mirror_applications/ma-255-parameter-superposition-mirror/artifacts/payloads/25500_1_mirror_rank8_lr0.1_17.pt,0.667378717000247,1200
25500,1,mirror_rank8_lr0.1,18,1.1325803995132446,19237,7ab8b4d604a5abbd07f313a8008d0d5a555062b42bc0d854b302306f8f839b7f,experiments/mirror_applications/ma-255-parameter-superposition-mirror/artifacts/payloads/25500_1_mirror_rank8_lr0.1_18.pt,0.667378717000247,1200
25500,1,mirror_rank8_lr0.1,19,1.1125439405441284,19237,70e95fb677deb8a3bc6db5bff5740588cded90131bff2f851439091e6facb144,experiments/mirror_applications/ma-255-parameter-superposition-mirror/artifacts/payloads/25500_1_mirror_rank8_lr0.1_19.pt,0.667378717000247,1200
25500,1,mirror_rank8_lr0.1,20,1.082382082939148,19237,50a7692dadb19a9e7a64f5ce33406fc3c5a686bdfefe688f453331b1e8655e60,experiments/mirror_applications/ma-255-parameter-superposition-mirror/artifacts/payloads/25500_1_mirror_rank8_lr0.1_20.pt,0.667378717000247,1200
25500,1,mirror_rank8_lr0.1,21,1.1566914319992065,19237,97e2c097034cbaa7304459845920dae504875801a91635f12608dea57228da78,experiments/mirror_applications/ma-255-parameter-superposition-mirror/artifacts/payloads/25500_1_mirror_rank8_lr0.1_21.pt,0.667378717000247,1200
25500,1,mirror_rank8_lr0.1,22,1.1743755340576172,19237,374951bca75c2df015ccbe2d4478611ba6359276664f2d57ebee2512dd2df7dd,experiments/mirror_applications/ma-255-parameter-superposition-mirror/artifacts/payloads/25500_1_mirror_rank8_lr0.1_22.pt,0.667378717000247,1200
25500,1,mirror_rank8_lr0.1,23,1.146241307258606,19237,11b1e302e7f58aa94f62bff2283424c5de4b8e4e10e041ba2f64b7141b847ea6,experiments/mirror_applications/ma-255-parameter-superposition-mirror/artifacts/payloads/25500_1_mirror_rank8_lr0.1_23.pt,0.667378717000247,1200
25500,1,mirror_rank8_lr0.1,24,1.0668542385101318,19237,fe6a0a5a71d4e08477293ec0fadad6cc848fc46e8d8cc8fa33ea69802e9cf39b,experiments/mirror_applications/ma-255-parameter-superposition-mirror/artifacts/payloads/25500_1_mirror_rank8_lr0.1_24.pt,0.667378717000247,1200
25500,1,mirror_rank8_lr0.1,25,1.1831109523773193,19237,efdcf86a7613f32b4edff5810ada4d6ed9a4cdb59778df9aeaf70940c54de9a2,experiments/mirror_applications/ma-255-parameter-superposition-mirror/artifacts/payloads/25500_1_mirror_rank8_lr0.1_25.pt,0.667378717000247,1200
25500,1,mirror_rank8_lr0.1,26,1.3170063495635986,19237,4e860ced10e41c0a258f8dd922dd48e53f8757a1b5f869344031ffc9cda944d8,experiments/mirror_applications/ma-255-parameter-superposition-mirror/artifacts/payloads/25500_1_mirror_rank8_lr0.1_26.pt,0.667378717000247,1200
25500,1,mirror_rank8_lr0.1,27,1.1816354990005493,19237,f7916072fcf26b7c9ee2205c04d5c4f9e632bed14756922978bfd6908b809591,experiments/mirror_applications/ma-255-parameter-superposition-mirror/artifacts/payloads/25500_1_mirror_rank8_lr0.1_27.pt,0.667378717000247,1200
25500,1,mirror_rank8_lr0.1,28,1.067360758781433,19237,7b224939e2f65cd9b7d60f4c65f50764508705a9db47b6f0452a42a9bd77cd9a,experiments/mirror_applications/ma-255-parameter-superposition-mirror/artifacts/payloads/25500_1_mirror_rank8_lr0.1_28.pt,0.667378717000247,1200
25500,1,mirror_rank8_lr0.1,29,1.1726939678192139,19237,8c15ddcd41d569138f3af41751ab3e1f21a95e6e89ff9a518a1cca08eb28d11c,experiments/mirror_applications/ma-255-parameter-superposition-mirror/artifacts/payloads/25500_1_mirror_rank8_lr0.1_29.pt,0.667378717000247,1200
25500,1,mirror_rank8_lr0.1,30,1.2268438339233398,19237,966a46363216d66ad467594a5321acb12eaea24ce476d35b3749abb750ca3d7f,experiments/mirror_applications/ma-255-parameter-superposition-mirror/artifacts/payloads/25500_1_mirror_rank8_lr0.1_30.pt,0.667378717000247,1200
25500,1,mirror_rank8_lr0.1,31,1.1425490379333496,19237,f8e10f19add0e6bc19ac0de3d4e2b7194bef8018af035ee3206df7d917b00105,experiments/mirror_applications/ma-255-parameter-superposition-mirror/artifacts/payloads/25500_1_mirror_rank8_lr0.1_31.pt,0.667378717000247,1200
25500,2,psp_random_unbind,0,1.0000144243240356,1116005,d130239452126345077fc25970c2733d2ca0e93357975bbe46ee1a5fbcb9fb69,experiments/mirror_applications/ma-255-parameter-superposition-mirror/artifacts/payloads/25500_2_psp_random_unbind_0.pt,0.0,0
25500,2,psp_random_unbind,1,0.9999982118606567,1116005,997a9deca2a6b4a71ae5a9c66ad01bfc6e7091c6cd09dbb3eed026994ac0d924,experiments/mirror_applications/ma-255-parameter-superposition-mirror/artifacts/payloads/25500_2_psp_random_unbind_1.pt,0.0,0
25500,2,psp_random_unbind,2,1.0000005960464478,1116005,dcca56ed447994f2a5dbd959d5c6cf9a6ae05eb0751bfd326ed1c79b26451002,experiments/mirror_applications/ma-255-parameter-superposition-mirror/artifacts/payloads/25500_2_psp_random_unbind_2.pt,0.0,0
25500,2,psp_random_unbind,3,1.000002145767212,1116005,7c7026768951301a6ba1869e1d02085f541f741a9573a9d7d22a7b1a580d8d95,experiments/mirror_applications/ma-255-parameter-superposition-mirror/artifacts/payloads/25500_2_psp_random_unbind_3.pt,0.0,0
25500,2,psp_random_unbind,4,1.0000011920928955,1116005,fd57f62fff81fbe01792c12ccf24d383a3aba77928388b4b1ca17d6046f9ac0b,experiments/mirror_applications/ma-255-parameter-superposition-mirror/artifacts/payloads/25500_2_psp_random_unbind_4.pt,0.0,0
25500,2,psp_random_unbind,5,0.9999995231628418,1116005,051c1f98ef9f1f5ead92584e2bf0d3c3ac5e18d1104860ab17344c40d23f82be,experiments/mirror_applications/ma-255-parameter-superposition-mirror/artifacts/payloads/25500_2_psp_random_unbind_5.pt,0.0,0
25500,2,psp_random_unbind,6,1.0000005960464478,1116005,c289809a2c0d824c2b92e1ea8a3edffa08340e17ebbfc15854c9391375155c99,experiments/mirror_applications/ma-255-parameter-superposition-mirror/artifacts/payloads/25500_2_psp_random_unbind_6.pt,0.0,0
25500,2,psp_random_unbind,7,0.999998152256012,1116005,6e19984a102fe8ce62f5880ecb6747220c1571fcd329bb75f7703edefa51cdae,experiments/mirror_applications/ma-255-parameter-superposition-mirror/artifacts/payloads/25500_2_psp_random_unbind_7.pt,0.0,0
25500,2,psp_random_unbind,8,1.0,1116005,5763b05fe976fe0fabdda28669a8744f5f9d2de6db3b67ed8d15f7ce644c4256,experiments/mirror_applications/ma-255-parameter-superposition-mirror/artifacts/payloads/25500_2_psp_random_unbind_8.pt,0.0,0
25500,2,psp_random_unbind,9,0.9999969005584717,1116005,9d6339893200c8bf6f4891a41fa572b752a097ccac8432d0ef156b8cebc9e4f0,experiments/mirror_applications/ma-255-parameter-superposition-mirror/artifacts/payloads/25500_2_psp_random_unbind_9.pt,0.0,0
25500,2,psp_random_unbind,10,0.9999989867210388,1116005,926f13f99bf9a2b659c3338be01c0959bc32d02820585ca3119f8a2f840df6fa,experiments/mirror_applications/ma-255-parameter-superposition-mirror/artifacts/payloads/25500_2_psp_random_unbind_10.pt,0.0,0
25500,2,psp_random_unbind,11,0.9999999403953552,1116005,06503ae88f5f27db72d8cec5547355ff9928c1723834132d3073811a6c9381a7,experiments/mirror_applications/ma-255-parameter-superposition-mirror/artifacts/payloads/25500_2_psp_random_unbind_11.pt,0.0,0
25500,2,psp_random_unbind,12,1.0000001192092896,1116005,872c865f222f304733131becf43f9c1d55eb09100b05787db694f39b6f5ef847,experiments/mirror_applications/ma-255-parameter-superposition-mirror/artifacts/payloads/25500_2_psp_random_unbind_12.pt,0.0,0
25500,2,psp_random_unbind,13,1.0000008344650269,1116005,387268a0045f69a55866330316c87a1ae6c88ea3a67e95c660b59d5de355cd84,experiments/mirror_applications/ma-255-parameter-superposition-mirror/artifacts/payloads/25500_2_psp_random_unbind_13.pt,0.0,0
25500,2,psp_random_unbind,14,0.9999956488609314,1116005,a08ae6821c7dd4204edb3cc72aebb9e178ecc2cf1a29215cf119117d3f69acdf,experiments/mirror_applications/ma-255-parameter-superposition-mirror/artifacts/payloads/25500_2_psp_random_unbind_14.pt,0.0,0
25500,2,psp_random_unbind,15,1.000000238418579,1116005,642095d3342d6e4d22de0aa84cab07eba211b42ab5f29fcfb3298cb19ee1b017,experiments/mirror_applications/ma-255-parameter-superposition-mirror/artifacts/payloads/25500_2_psp_random_unbind_15.pt,0.0,0
25500,2,psp_random_unbind,16,0.9999988079071045,1116005,1be01d8b806a5dbc7351cf0abf1bc900bc6ef66a2c7b947880137f9f918b151b,experiments/mirror_applications/ma-255-parameter-superposition-mirror/artifacts/payloads/25500_2_psp_random_unbind_16.pt,0.0,0
25500,2,psp_random_unbind,17,1.0000017881393433,1116005,9fa840e32b975fa161898281566823cd23fde739a31bfbc0a63763015062f046,experiments/mirror_applications/ma-255-parameter-superposition-mirror/artifacts/payloads/25500_2_psp_random_unbind_17.pt,0.0,0
25500,2,psp_random_unbind,18,1.000001072883606,1116005,f70fc8ac59ad18563eff345e382ebfeca09da97504181ca0fc74fd9fa8f5bc2d,experiments/mirror_applications/ma-255-parameter-superposition-mirror/artifacts/payloads/25500_2_psp_random_unbind_18.pt,0.0,0
25500,2,psp_random_unbind,19,0.9999939799308777,1116005,e207d94ca3dd8694048b88642c72d214e1e76a3b809fc581ced9fcf048b94bae,experiments/mirror_applications/ma-255-parameter-superposition-mirror/artifacts/payloads/25500_2_psp_random_unbind_19.pt,0.0,0
25500,2,psp_random_unbind,20,0.9999984502792358,1116005,fc7f7c43ecd19f923bda877105c8fa7a40462b5d458bc525fc5b78f4ad5e44e1,experiments/mirror_applications/ma-255-parameter-superposition-mirror/artifacts/payloads/25500_2_psp_random_unbind_20.pt,0.0,0
25500,2,psp_random_unbind,21,1.000000238418579,1116005,ed88e57bb071a5a2c3568b0b060863ab908eb513c055ed0539905fd302eac0c2,experiments/mirror_applications/ma-255-parameter-superposition-mirror/artifacts/payloads/25500_2_psp_random_unbind_21.pt,0.0,0
25500,2,psp_random_unbind,22,0.9999991059303284,1116005,650d3c1ef9b8dec6e861596e0371d33cfac26cac6b9466af109d53cbca749564,experiments/mirror_applications/ma-255-parameter-superposition-mirror/artifacts/payloads/25500_2_psp_random_unbind_22.pt,0.0,0
25500,2,psp_random_unbind,23,1.0000030994415283,1116005,f87fb4f59348c54f44cde702986bff5fc5876815c484ba86b92b398be9b198a2,experiments/mirror_applications/ma-255-parameter-superposition-mirror/artifacts/payloads/25500_2_psp_random_unbind_23.pt,0.0,0
25500,2,psp_random_unbind,24,0.999998927116394,1116005,5c34bc6f65c74ff9fd9450f0cea020a79aad63e98f69eba862d5d08187a2a95f,experiments/mirror_applications/ma-255-parameter-superposition-mirror/artifacts/payloads/25500_2_psp_random_unbind_24.pt,0.0,0
25500,2,psp_random_unbind,25,1.000000238418579,1116005,ebb0ce519b7554f07c5559e1f280c24d3e1411c9c66929133924357d9c9159b0,experiments/mirror_applications/ma-255-parameter-superposition-mirror/artifacts/payloads/25500_2_psp_random_unbind_25.pt,0.0,0
25500,2,psp_random_unbind,26,1.0000001192092896,1116005,6757c9dfb7f9ba32bacd26913f8d42b28440dff6ce840f50863f13223cc38cc8,experiments/mirror_applications/ma-255-parameter-superposition-mirror/artifacts/payloads/25500_2_psp_random_unbind_26.pt,0.0,0
25500,2,psp_random_unbind,27,0.9999999403953552,1116005,63e43c712bec4d6e72cb786809924e1ccc2d938938b197101fbb371c1b862349,experiments/mirror_applications/ma-255-parameter-superposition-mirror/artifacts/payloads/25500_2_psp_random_unbind_27.pt,0.0,0
25500,2,psp_random_unbind,28,0.9999992251396179,1116005,b495227fffe5895ddfd171bab748593fa54e85ae008f10f72252ff833ccd2c59,experiments/mirror_applications/ma-255-parameter-superposition-mirror/artifacts/payloads/25500_2_psp_random_unbind_28.pt,0.0,0
25500,2,psp_random_unbind,29,1.0000003576278687,1116005,e2a92ba322c420fed620d16d2dab7f25031f6ec95bf73d0d90a1911d85683785,experiments/mirror_applications/ma-255-parameter-superposition-mirror/artifacts/payloads/25500_2_psp_random_unbind_29.pt,0.0,0
25500,2,psp_random_unbind,30,1.000001311302185,1116005,c2cad8240a6f67848b999873761f4f03ff70b6e73067620fcfa04234a92fdb71,experiments/mirror_applications/ma-255-parameter-superposition-mirror/artifacts/payloads/25500_2_psp_random_unbind_30.pt,0.0,0
25500,2,psp_random_unbind,31,1.0000001192092896,1116005,9232a579a506f2c7e6869aef6f646d45b64cc64144ed746bb98a9215dff9970f,experiments/mirror_applications/ma-255-parameter-superposition-mirror/artifacts/payloads/25500_2_psp_random_unbind_31.pt,0.0,0
25500,2,shared_tensor_no_task_code,0,6.253846168518066,3877,36bd4bd8ad4a7099a9f5d043ea201e44226c6cc3180c670850df71212933d59e,experiments/mirror_applications/ma-255-parameter-superposition-mirror/artifacts/payloads/25500_2_shared_tensor_no_task_code_0.pt,0.0,0
25500,2,shared_tensor_no_task_code,1,5.91943883895874,3877,bc95c466d66232e091587d07394877f552bb48e20e362370f581befe30d7ff24,experiments/mirror_applications/ma-255-parameter-superposition-mirror/artifacts/payloads/25500_2_shared_tensor_no_task_code_1.pt,0.0,0
25500,2,shared_tensor_no_task_code,2,5.57078218460083,3877,63db65b2715ff89f0b194cb3f118a8131acaadb6c1c4dfa91f9841e63c07a7cf,experiments/mirror_applications/ma-255-parameter-superposition-mirror/artifacts/payloads/25500_2_shared_tensor_no_task_code_2.pt,0.0,0
25500,2,shared_tensor_no_task_code,3,5.963887691497803,3877,2c43904bbb1522c3a7357cfbd1c0c1b7a56de9f933f34e97d7872505f12fa783,experiments/mirror_applications/ma-255-parameter-superposition-mirror/artifacts/payloads/25500_2_shared_tensor_no_task_code_3.pt,0.0,0
25500,2,shared_tensor_no_task_code,4,6.0368428230285645,3877,6875a388d78e2fc8ecc3384069e04f1d784ebb896ac6f384631ec65fec916353,experiments/mirror_applications/ma-255-parameter-superposition-mirror/artifacts/payloads/25500_2_shared_tensor_no_task_code_4.pt,0.0,0
25500,2,shared_tensor_no_task_code,5,5.809118747711182,3877,5161c3f73ae60133efab262f4ce309a8882a24fe97b0c69b82e9d8c377610b95,experiments/mirror_applications/ma-255-parameter-superposition-mirror/artifacts/payloads/25500_2_shared_tensor_no_task_code_5.pt,0.0,0
25500,2,shared_tensor_no_task_code,6,5.748753547668457,3877,528b860613f70af57df7d820a46f10b69809e8280f10a655fa5fb631468210cd,experiments/mirror_applications/ma-255-parameter-superposition-mirror/artifacts/payloads/25500_2_shared_tensor_no_task_code_6.pt,0.0,0
25500,2,shared_tensor_no_task_code,7,5.607478141784668,3877,2f8c0fd1c60a8c5548427a89f263dfa6537e3a7343abf2364ccfd420de6d0923,experiments/mirror_applications/ma-255-parameter-superposition-mirror/artifacts/payloads/25500_2_shared_tensor_no_task_code_7.pt,0.0,0
25500,2,shared_tensor_no_task_code,8,5.403740882873535,3877,36984cadd1a481200fe715c90a1bbcbeb21e7e6757440c26dea52356a0239857,experiments/mirror_applications/ma-255-parameter-superposition-mirror/artifacts/payloads/25500_2_shared_tensor_no_task_code_8.pt,0.0,0
25500,2,shared_tensor_no_task_code,9,6.368677616119385,3877,4b6238e32f0744c8e30cad5ea4ab506faa58502b70e31aed5218eb2abe4791b6,experiments/mirror_applications/ma-255-parameter-superposition-mirror/artifacts/payloads/25500_2_shared_tensor_no_task_code_9.pt,0.0,0
25500,2,shared_tensor_no_task_code,10,6.0163893699646,3877,5f5a4ac0b1d07420d02ff8e50f97f59e3defe9ad13b4573428b1d292eece0866,experiments/mirror_applications/ma-255-parameter-superposition-mirror/artifacts/payloads/25500_2_shared_tensor_no_task_code_10.pt,0.0,0
25500,2,shared_tensor_no_task_code,11,5.936147212982178,3877,f058a8a4b8da745251391c1a04748fd7544ab4c2f78a9e853d2c772b8510de86,experiments/mirror_applications/ma-255-parameter-superposition-mirror/artifacts/payloads/25500_2_shared_tensor_no_task_code_11.pt,0.0,0
25500,2,shared_tensor_no_task_code,12,5.694294452667236,3877,87a54accdc390958a904f6a0fa9717b941f1e8f4cba3d6386e913f74b2edddb5,experiments/mirror_applications/ma-255-parameter-superposition-mirror/artifacts/payloads/25500_2_shared_tensor_no_task_code_12.pt,0.0,0
25500,2,shared_tensor_no_task_code,13,5.818936347961426,3877,5c2819724736f6271452138bd5a769d2836812bc20596b805fa8c3536e2abe11,experiments/mirror_applications/ma-255-parameter-superposition-mirror/artifacts/payloads/25500_2_shared_tensor_no_task_code_13.pt,0.0,0
25500,2,shared_tensor_no_task_code,14,6.042562961578369,3877,eaf17dac2f833730cd43df06dde44e2d3d11676007872d04b353ccc64a9d602d,experiments/mirror_applications/ma-255-parameter-superposition-mirror/artifacts/payloads/25500_2_shared_tensor_no_task_code_14.pt,0.0,0
25500,2,shared_tensor_no_task_code,15,5.733491897583008,3877,fdcdc95d1f8f9becbc08c74214278137f8d1c1b48648a4fe5b92a980bb45ada9,experiments/mirror_applications/ma-255-parameter-superposition-mirror/artifacts/payloads/25500_2_shared_tensor_no_task_code_15.pt,0.0,0
25500,2,shared_tensor_no_task_code,16,5.681195259094238,3877,13527c04964a580602b008ec8100e8b5a69dfa8ae5978568ec60d7e2c43e402a,experiments/mirror_applications/ma-255-parameter-superposition-mirror/artifacts/payloads/25500_2_shared_tensor_no_task_code_16.pt,0.0,0
25500,2,shared_tensor_no_task_code,17,5.507835388183594,3877,6479d1e91ed7352d67f384398c0491abb79e10a090d3e9c85177499509f54b5d,experiments/mirror_applications/ma-255-parameter-superposition-mirror/artifacts/payloads/25500_2_shared_tensor_no_task_code_17.pt,0.0,0
25500,2,shared_tensor_no_task_code,18,5.102951526641846,3877,2bede955b5d3f16e6f4227fb4dfe9ff6442cbfbb79687fc208bb4c837841b3a8,experiments/mirror_applications/ma-255-parameter-superposition-mirror/artifacts/payloads/25500_2_shared_tensor_no_task_code_18.pt,0.0,0
25500,2,shared_tensor_no_task_code,19,5.908723831176758,3877,9d3113404036b9fdf0213d4a023a3c9cf356c57282e5bee492652843ed27ed81,experiments/mirror_applications/ma-255-parameter-superposition-mirror/artifacts/payloads/25500_2_shared_tensor_no_task_code_19.pt,0.0,0
25500,2,shared_tensor_no_task_code,20,5.946554183959961,3877,32149c62a1321f51ab7a2fa1f3c08cd7ca11cdbd53fe33d460d66f177e9dcea4,experiments/mirror_applications/ma-255-parameter-superposition-mirror/artifacts/payloads/25500_2_shared_tensor_no_task_code_20.pt,0.0,0
25500,2,shared_tensor_no_task_code,21,5.583374977111816,3877,3974b1acc75a7c410f6e7071c26905f8889b6c40159ce6427d06525e158f92d1,experiments/mirror_applications/ma-255-parameter-superposition-mirror/artifacts/payloads/25500_2_shared_tensor_no_task_code_21.pt,0.0,0
25500,2,shared_tensor_no_task_code,22,5.748978137969971,3877,f2abcf310fab0aa785dfe0c180e3ca4e6c6ab624b7b6ba4ff3dfcde731bbc497,experiments/mirror_applications/ma-255-parameter-superposition-mirror/artifacts/payloads/25500_2_shared_tensor_no_task_code_22.pt,0.0,0
25500,2,shared_tensor_no_task_code,23,6.211573123931885,3877,a831b9ce47ce657f9c8e2bfae83d85c84320197ef344c6f93ded01c61fa889cc,experiments/mirror_applications/ma-255-parameter-superposition-mirror/artifacts/payloads/25500_2_shared_tensor_no_task_code_23.pt,0.0,0
25500,2,shared_tensor_no_task_code,24,6.321367263793945,3877,acb8addbe28d3546fd976a6525dd996c5c26f9bf676ac5c58fac1366aece4d48,experiments/mirror_applications/ma-255-parameter-superposition-mirror/artifacts/payloads/25500_2_shared_tensor_no_task_code_24.pt,0.0,0
25500,2,shared_tensor_no_task_code,25,5.162323474884033,3877,582feef9b93cf0000d4606e7569ca46eba8e32e070b7ca72f27bbce675918d97,experiments/mirror_applications/ma-255-parameter-superposition-mirror/artifacts/payloads/25500_2_shared_tensor_no_task_code_25.pt,0.0,0
25500,2,shared_tensor_no_task_code,26,6.126955986022949,3877,08eaae897f83b520d1c326f1330e15e2ad4858132b5935c51af7bdf3a63d02c3,experiments/mirror_applications/ma-255-parameter-superposition-mirror/artifacts/payloads/25500_2_shared_tensor_no_task_code_26.pt,0.0,0
25500,2,shared_tensor_no_task_code,27,5.9898271560668945,3877,731ca445bae43ff09fec0f5f3100df754e1f7c431ee1c3be3f0ccb1ffdd7f6ec,experiments/mirror_applications/ma-255-parameter-superposition-mirror/artifacts/payloads/25500_2_shared_tensor_no_task_code_27.pt,0.0,0
25500,2,shared_tensor_no_task_code,28,5.328399658203125,3877,17018732bbe3f09d30fa7d72c4aba1a66dcbee5355e160f113ba5ae656c8a1cf,experiments/mirror_applications/ma-255-parameter-superposition-mirror/artifacts/payloads/25500_2_shared_tensor_no_task_code_28.pt,0.0,0
25500,2,shared_tensor_no_task_code,29,5.62965202331543,3877,3db42e47be19b931341dd62e1a2d85ffd4489525af48fd577695085c0332cec2,experiments/mirror_applications/ma-255-parameter-superposition-mirror/artifacts/payloads/25500_2_shared_tensor_no_task_code_29.pt,0.0,0
25500,2,shared_tensor_no_task_code,30,5.583115100860596,3877,5d6ffc4cfb25e5e29a8163cedf20088a79e5f84ebe9d32103337ad190e6c13b1,experiments/mirror_applications/ma-255-parameter-superposition-mirror/artifacts/payloads/25500_2_shared_tensor_no_task_code_30.pt,0.0,0
25500,2,shared_tensor_no_task_code,31,5.885888576507568,3877,c7110e5b19b37c49c97a3e48d967711a1fe6a08963895c364e815b272e4137bc,experiments/mirror_applications/ma-255-parameter-superposition-mirror/artifacts/payloads/25500_2_shared_tensor_no_task_code_31.pt,0.0,0
25500,2,mirror_rank8_lr0.001,0,1.1320370435714722,19237,4a7af2a0b3f46640ef0a883276157f659632b3924a1791ee67131e675675c307,experiments/mirror_applications/ma-255-parameter-superposition-mirror/artifacts/payloads/25500_2_mirror_rank8_lr0.001_0.pt,0.7345805070071947,1200
25500,2,mirror_rank8_lr0.001,1,1.1118496656417847,19237,e8dbf5f0ec1c0dd56618afbdc1c8bf2e34e075be3e4ee052526c4e0faffe60df,experiments/mirror_applications/ma-255-parameter-superposition-mirror/artifacts/payloads/25500_2_mirror_rank8_lr0.001_1.pt,0.7345805070071947,1200
25500,2,mirror_rank8_lr0.001,2,1.1946699619293213,19237,2454dba45656d4cdf951522cd812de3a4d40179bf2a5fb9c5cbb5b49988529b2,experiments/mirror_applications/ma-255-parameter-superposition-mirror/artifacts/payloads/25500_2_mirror_rank8_lr0.001_2.pt,0.7345805070071947,1200
25500,2,mirror_rank8_lr0.001,3,1.1217576265335083,19237,33b821962d34df41617fbcfbccf505ecd29a31afbe0662b3862ab70f40dffa30,experiments/mirror_applications/ma-255-parameter-superposition-mirror/artifacts/payloads/25500_2_mirror_rank8_lr0.001_3.pt,0.7345805070071947,1200
25500,2,mirror_rank8_lr0.001,4,1.1484475135803223,19237,1e859c7ce13b60956db245b28106330400f28520ab694d02907bdbc2b5b5cb95,experiments/mirror_applications/ma-255-parameter-superposition-mirror/artifacts/payloads/25500_2_mirror_rank8_lr0.001_4.pt,0.7345805070071947,1200
25500,2,mirror_rank8_lr0.001,5,1.173378825187683,19237,4b45c994eb90697239a353090afa87f9b147a85e946453b02fbcc09836431ec8,experiments/mirror_applications/ma-255-parameter-superposition-mirror/artifacts/payloads/25500_2_mirror_rank8_lr0.001_5.pt,0.7345805070071947,1200
25500,2,mirror_rank8_lr0.001,6,1.1641567945480347,19237,c7da4ef41713a73915452f01fb4cc67164be4e2993d53ea3eef6d5fe25477f03,experiments/mirror_applications/ma-255-parameter-superposition-mirror/artifacts/payloads/25500_2_mirror_rank8_lr0.001_6.pt,0.7345805070071947,1200
25500,2,mirror_rank8_lr0.001,7,1.1801010370254517,19237,d83d593ea0396b1a4681b723a79fd27bcb46cc8320daf2638296cc0d59bd9e78,experiments/mirror_applications/ma-255-parameter-superposition-mirror/artifacts/payloads/25500_2_mirror_rank8_lr0.001_7.pt,0.7345805070071947,1200
25500,2,mirror_rank8_lr0.001,8,1.1530115604400635,19237,0b5b27a98e7424b9a1278a8f530e2b10a25a97249f4d63f82eddb6dd965d6fa9,experiments/mirror_applications/ma-255-parameter-superposition-mirror/artifacts/payloads/25500_2_mirror_rank8_lr0.001_8.pt,0.7345805070071947,1200
25500,2,mirror_rank8_lr0.001,9,1.1352436542510986,19237,b43bad17e1a885337d0505575eea01b08ce58dbfb46664974e5d3795d6d8b356,experiments/mirror_applications/ma-255-parameter-superposition-mirror/artifacts/payloads/25500_2_mirror_rank8_lr0.001_9.pt,0.7345805070071947,1200
25500,2,mirror_rank8_lr0.001,10,1.135991096496582,19237,543d37c60bc408e5667a6fb4a578fbddc2fb817a1f177d5e9f8a2f78993af412,experiments/mirror_applications/ma-255-parameter-superposition-mirror/artifacts/payloads/25500_2_mirror_rank8_lr0.001_10.pt,0.7345805070071947,1200
25500,2,mirror_rank8_lr0.001,11,1.1111243963241577,19237,5a3d296ab2e414c368f6ab31efb7501f47e4012c41dd67a142eb4149ee0914e9,experiments/mirror_applications/ma-255-parameter-superposition-mirror/artifacts/payloads/25500_2_mirror_rank8_lr0.001_11.pt,0.7345805070071947,1200
25500,2,mirror_rank8_lr0.001,12,1.2102313041687012,19237,b04e3946d80c526e189fc82e057a65df33a5e38cc91429a5908c044689e6c553,experiments/mirror_applications/ma-255-parameter-superposition-mirror/artifacts/payloads/25500_2_mirror_rank8_lr0.001_12.pt,0.7345805070071947,1200
25500,2,mirror_rank8_lr0.001,13,1.1681115627288818,19237,855378c6b2781f18df2ea4939d79e1119cf21eb158480352629bdb25e557a68f,experiments/mirror_applications/ma-255-parameter-superposition-mirror/artifacts/payloads/25500_2_mirror_rank8_lr0.001_13.pt,0.7345805070071947,1200
25500,2,mirror_rank8_lr0.001,14,1.0919544696807861,19237,0822dcafc12786786422ac568b690be190be898cb4b41e309ae0d47dc36b1a14,experiments/mirror_applications/ma-255-parameter-superposition-mirror/artifacts/payloads/25500_2_mirror_rank8_lr0.001_14.pt,0.7345805070071947,1200
25500,2,mirror_rank8_lr0.001,15,1.0767720937728882,19237,5912c16da317c9b4f83bc08ac6b85a65da504704b85c77e0bb4cf8e4c9925241,experiments/mirror_applications/ma-255-parameter-superposition-mirror/artifacts/payloads/25500_2_mirror_rank8_lr0.001_15.pt,0.7345805070071947,1200
25500,2,mirror_rank8_lr0.001,16,1.2220193147659302,19237,1ccca4fc835c4e833bbce0e77de449b2c3baf7149794d3206313f6085a8fa929,experiments/mirror_applications/ma-255-parameter-superposition-mirror/artifacts/payloads/25500_2_mirror_rank8_lr0.001_16.pt,0.7345805070071947,1200
25500,2,mirror_rank8_lr0.001,17,1.1544647216796875,19237,1241187f5fbde1c0aa5257588b884da0ebf6ea83fcbda97ab5c812124497e8a8,experiments/mirror_applications/ma-255-parameter-superposition-mirror/artifacts/payloads/25500_2_mirror_rank8_lr0.001_17.pt,0.7345805070071947,1200
25500,2,mirror_rank8_lr0.001,18,1.2009871006011963,19237,f3e3070f0400f1700e6854b030d2124f1eb5d8e09f5e171e6eb66f3835a31571,experiments/mirror_applications/ma-255-parameter-superposition-mirror/artifacts/payloads/25500_2_mirror_rank8_lr0.001_18.pt,0.7345805070071947,1200
25500,2,mirror_rank8_lr0.001,19,1.1524395942687988,19237,d6d66accd3c82094f0be2f80f9aaf11314e3659225205db6b5a669fc854b8e52,experiments/mirror_applications/ma-255-parameter-superposition-mirror/artifacts/payloads/25500_2_mirror_rank8_lr0.001_19.pt,0.7345805070071947,1200
25500,2,mirror_rank8_lr0.001,20,1.1459780931472778,19237,c9fa4ec8b66bca7baa373eabd2b9ba1ead7f343769cd4abd27dcbc1239bd9367,experiments/mirror_applications/ma-255-parameter-superposition-mirror/artifacts/payloads/25500_2_mirror_rank8_lr0.001_20.pt,0.7345805070071947,1200
25500,2,mirror_rank8_lr0.001,21,1.0805115699768066,19237,6e28a654bed185e4555de8d4ee535d2e886892c81107b7f2fc9b08a18ff88042,experiments/mirror_applications/ma-255-parameter-superposition-mirror/artifacts/payloads/25500_2_mirror_rank8_lr0.001_21.pt,0.7345805070071947,1200
25500,2,mirror_rank8_lr0.001,22,1.0884209871292114,19237,db85f56ae13f0f2b9c56e9f4cc42dabb8f3fc1df29c9aa08087498d7076f07aa,experiments/mirror_applications/ma-255-parameter-superposition-mirror/artifacts/payloads/25500_2_mirror_rank8_lr0.001_22.pt,0.7345805070071947,1200
25500,2,mirror_rank8_lr0.001,23,1.1125746965408325,19237,a9f3cc5d3b51c6ea8f287efabbc352da9319d54b4f0d3f64d5fd41649f301813,experiments/mirror_applications/ma-255-parameter-superposition-mirror/artifacts/payloads/25500_2_mirror_rank8_lr0.001_23.pt,0.7345805070071947,1200
25500,2,mirror_rank8_lr0.001,24,1.192259430885315,19237,30c797c662e664aa087adbb94206ac2f269435708bdd59ff9556de9da3261868,experiments/mirror_applications/ma-255-parameter-superposition-mirror/artifacts/payloads/25500_2_mirror_rank8_lr0.001_24.pt,0.7345805070071947,1200
25500,2,mirror_rank8_lr0.001,25,1.2435872554779053,19237,efa0062fa58fe72028b3c9ea670fb7a001314ecc7f887f3d8b76f4008edf33fe,experiments/mirror_applications/ma-255-parameter-superposition-mirror/artifacts/payloads/25500_2_mirror_rank8_lr0.001_25.pt,0.7345805070071947,1200
25500,2,mirror_rank8_lr0.001,26,1.1490025520324707,19237,0b390a06c10f94dd47380a710687e76b34fa325d06979440bc851e28dcad74b2,experiments/mirror_applications/ma-255-parameter-superposition-mirror/artifacts/payloads/25500_2_mirror_rank8_lr0.001_26.pt,0.7345805070071947,1200
25500,2,mirror_rank8_lr0.001,27,1.1330715417861938,19237,b9ed79d3b8f6b6d6c2c83e5496a4a4cf2677d8ad2acc2c55ba65dbea40b0df41,experiments/mirror_applications/ma-255-parameter-superposition-mirror/artifacts/payloads/25500_2_mirror_rank8_lr0.001_27.pt,0.7345805070071947,1200
25500,2,mirror_rank8_lr0.001,28,1.084130048751831,19237,b73a3a916a791e148fa0686e4f7d623f8a75e243951e95866355c090b374c7cf,experiments/mirror_applications/ma-255-parameter-superposition-mirror/artifacts/payloads/25500_2_mirror_rank8_lr0.001_28.pt,0.7345805070071947,1200
25500,2,mirror_rank8_lr0.001,29,1.1402617692947388,19237,6fa6a5d8eaf84e71cdd06cbbb975315ff6f0880259acb42af3a46f1fc1b8f7a5,experiments/mirror_applications/ma-255-parameter-superposition-mirror/artifacts/payloads/25500_2_mirror_rank8_lr0.001_29.pt,0.7345805070071947,1200
25500,2,mirror_rank8_lr0.001,30,1.194345474243164,19237,f7034987269db7a4646f3c2651efb5ba039ef9eeb4d6be9c6ed48dd7d3ad2bcc,experiments/mirror_applications/ma-255-parameter-superposition-mirror/artifacts/payloads/25500_2_mirror_rank8_lr0.001_30.pt,0.7345805070071947,1200
25500,2,mirror_rank8_lr0.001,31,1.0923242568969727,19237,6710f550380eb8642dedc236d408ed70026df1109750013bf2205e4d28c03803,experiments/mirror_applications/ma-255-parameter-superposition-mirror/artifacts/payloads/25500_2_mirror_rank8_lr0.001_31.pt,0.7345805070071947,1200
25500,2,mirror_rank8_lr0.01,0,1.1280372142791748,19237,6a5bd79088c6bd448c15b13f1757a4182097dc5bcaa96c9229ae75c45fda9391,experiments/mirror_applications/ma-255-parameter-superposition-mirror/artifacts/payloads/25500_2_mirror_rank8_lr0.01_0.pt,0.7428886270063231,1200
25500,2,mirror_rank8_lr0.01,1,1.0799529552459717,19237,81f4e9dc3136beacfdc4804e46a7fcc31154cfeaad2a0282c1d1424d246d76c8,experiments/mirror_applications/ma-255-parameter-superposition-mirror/artifacts/payloads/25500_2_mirror_rank8_lr0.01_1.pt,0.7428886270063231,1200
25500,2,mirror_rank8_lr0.01,2,1.2037160396575928,19237,069bb059606480ab3730eb05f647e606df169e596c9097cdd2e056a1e3982498,experiments/mirror_applications/ma-255-parameter-superposition-mirror/artifacts/payloads/25500_2_mirror_rank8_lr0.01_2.pt,0.7428886270063231,1200
25500,2,mirror_rank8_lr0.01,3,1.161163091659546,19237,7cf6dd4a4dc24271cd4ff4b767c381a0d8eb90bcc433fbbce2f8c77b0a5dce53,experiments/mirror_applications/ma-255-parameter-superposition-mirror/artifacts/payloads/25500_2_mirror_rank8_lr0.01_3.pt,0.7428886270063231,1200
25500,2,mirror_rank8_lr0.01,4,1.1270874738693237,19237,36dad5f475555d0fb79d03cefec751f337d42c3e7cc3e8e8f7c4832d652a9baa,experiments/mirror_applications/ma-255-parameter-superposition-mirror/artifacts/payloads/25500_2_mirror_rank8_lr0.01_4.pt,0.7428886270063231,1200
25500,2,mirror_rank8_lr0.01,5,1.1152023077011108,19237,c592280453f19bbfb9f6e036a0ac05c439554979b4c629ffb25aa1a6c6d61f3b,experiments/mirror_applications/ma-255-parameter-superposition-mirror/artifacts/payloads/25500_2_mirror_rank8_lr0.01_5.pt,0.7428886270063231,1200
25500,2,mirror_rank8_lr0.01,6,1.2595717906951904,19237,94f3189d7d05206d343acac2f3ebe838914d67846c7b6fd55271004cd10dd585,experiments/mirror_applications/ma-255-parameter-superposition-mirror/artifacts/payloads/25500_2_mirror_rank8_lr0.01_6.pt,0.7428886270063231,1200
25500,2,mirror_rank8_lr0.01,7,1.1293343305587769,19237,f0b1ca151ba6d680183081750ad378c4d95bc642bb6e3176eede69173d4d4d1b,experiments/mirror_applications/ma-255-parameter-superposition-mirror/artifacts/payloads/25500_2_mirror_rank8_lr0.01_7.pt,0.7428886270063231,1200
25500,2,mirror_rank8_lr0.01,8,1.1214388608932495,19237,669ece7d7e220a385788149a82fae189b5f50c4dbd271c1123436353474986df,experiments/mirror_applications/ma-255-parameter-superposition-mirror/artifacts/payloads/25500_2_mirror_rank8_lr0.01_8.pt,0.7428886270063231,1200
25500,2,mirror_rank8_lr0.01,9,1.1253526210784912,19237,b1fa25e3e73ce64bd0f296f140754afa169723f7bd6822c776e279723e783c6e,experiments/mirror_applications/ma-255-parameter-superposition-mirror/artifacts/payloads/25500_2_mirror_rank8_lr0.01_9.pt,0.7428886270063231,1200
25500,2,mirror_rank8_lr0.01,10,1.197770595550537,19237,62165b23c06f091c6e1ea219a8e8ca5bb0f81e70f9f03c8ff1d619e98dfde027,experiments/mirror_applications/ma-255-parameter-superposition-mirror/artifacts/payloads/25500_2_mirror_rank8_lr0.01_10.pt,0.7428886270063231,1200
25500,2,mirror_rank8_lr0.01,11,1.1116995811462402,19237,0255b563eea90d1c2139713629a1ad9f1e5902102b3869b1925520b9e4f6ef92,experiments/mirror_applications/ma-255-parameter-superposition-mirror/artifacts/payloads/25500_2_mirror_rank8_lr0.01_11.pt,0.7428886270063231,1200
25500,2,mirror_rank8_lr0.01,12,1.2070919275283813,19237,6bbd1694ca048cc769b8f7c9cf2df3aed399b7a84365a40f9d78108d8ab99ee4,experiments/mirror_applications/ma-255-parameter-superposition-mirror/artifacts/payloads/25500_2_mirror_rank8_lr0.01_12.pt,0.7428886270063231,1200
25500,2,mirror_rank8_lr0.01,13,1.165773630142212,19237,aa1294a9d5c2c477cc9ff3f05af3f4e8c2cfd526e0d781d931f5e3f427a2c5a2,experiments/mirror_applications/ma-255-parameter-superposition-mirror/artifacts/payloads/25500_2_mirror_rank8_lr0.01_13.pt,0.7428886270063231,1200
25500,2,mirror_rank8_lr0.01,14,1.1530919075012207,19237,ef4ae27caa882f0b2e52f523abec9ffae77efcf2f7f65356ea900b9c43a639d7,experiments/mirror_applications/ma-255-parameter-superposition-mirror/artifacts/payloads/25500_2_mirror_rank8_lr0.01_14.pt,0.7428886270063231,1200
25500,2,mirror_rank8_lr0.01,15,1.0779330730438232,19237,75927eaeaccea1c18f1c0c3230153fb2e35a29aca53bd9644a2538408b7b1278,experiments/mirror_applications/ma-255-parameter-superposition-mirror/artifacts/payloads/25500_2_mirror_rank8_lr0.01_15.pt,0.7428886270063231,1200
25500,2,mirror_rank8_lr0.01,16,1.2262284755706787,19237,cf0ff92530c9c5ebc43e95fda1b1120eb6324c550d4721430f122ec15ea57587,experiments/mirror_applications/ma-255-parameter-superposition-mirror/artifacts/payloads/25500_2_mirror_rank8_lr0.01_16.pt,0.7428886270063231,1200
25500,2,mirror_rank8_lr0.01,17,1.0402328968048096,19237,9820fb24041965b6b005243b196a143cf26738084327fe2fdb93dc4617d04be2,experiments/mirror_applications/ma-255-parameter-superposition-mirror/artifacts/payloads/25500_2_mirror_rank8_lr0.01_17.pt,0.7428886270063231,1200
25500,2,mirror_rank8_lr0.01,18,1.2489863634109497,19237,501ae7cf20ea194bf100a72a83f505f1823730cef3a012d675db9f8c5cea360c,experiments/mirror_applications/ma-255-parameter-superposition-mirror/artifacts/payloads/25500_2_mirror_rank8_lr0.01_18.pt,0.7428886270063231,1200
25500,2,mirror_rank8_lr0.01,19,1.154700517654419,19237,aa379e2ecf6246d25c4af1c1ec4e7f3023c9777fad8a475e0f7e4c6c35b063ff,experiments/mirror_applications/ma-255-parameter-superposition-mirror/artifacts/payloads/25500_2_mirror_rank8_lr0.01_19.pt,0.7428886270063231,1200
25500,2,mirror_rank8_lr0.01,20,1.1727362871170044,19237,7ded711fb18f183ab712189f04b3491a269b9f151c5ab2856968a4894a30bd86,experiments/mirror_applications/ma-255-parameter-superposition-mirror/artifacts/payloads/25500_2_mirror_rank8_lr0.01_20.pt,0.7428886270063231,1200
25500,2,mirror_rank8_lr0.01,21,1.0615519285202026,19237,08cef8c20f56f2eb91ea2523bc31ded15cc8dc1d88b7f77aa91c333f67653ec2,experiments/mirror_applications/ma-255-parameter-superposition-mirror/artifacts/payloads/25500_2_mirror_rank8_lr0.01_21.pt,0.7428886270063231,1200
25500,2,mirror_rank8_lr0.01,22,1.183884620666504,19237,7605f5879c4429cf112887c5d125507ab712a4a83bec1efc0da90cc4a0117bfe,experiments/mirror_applications/ma-255-parameter-superposition-mirror/artifacts/payloads/25500_2_mirror_rank8_lr0.01_22.pt,0.7428886270063231,1200
25500,2,mirror_rank8_lr0.01,23,1.1712526082992554,19237,80adecddc8042a7b9e0b4554ed03e3ee457ea3724fdde5a82d80ba147a360d5a,experiments/mirror_applications/ma-255-parameter-superposition-mirror/artifacts/payloads/25500_2_mirror_rank8_lr0.01_23.pt,0.7428886270063231,1200
25500,2,mirror_rank8_lr0.01,24,1.1690938472747803,19237,3d15db4bc6df985080570bcf774ba09ac96877592976262c22cc3c3b35020650,experiments/mirror_applications/ma-255-parameter-superposition-mirror/artifacts/payloads/25500_2_mirror_rank8_lr0.01_24.pt,0.7428886270063231,1200
25500,2,mirror_rank8_lr0.01,25,1.3107831478118896,19237,3139abda7e1bb420c4b300cabc6513bf96aa1f8f60aeb2572993ad91786650b7,experiments/mirror_applications/ma-255-parameter-superposition-mirror/artifacts/payloads/25500_2_mirror_rank8_lr0.01_25.pt,0.7428886270063231,1200
25500,2,mirror_rank8_lr0.01,26,1.127619743347168,19237,b9b0c286b3837c8c4fb4fc16ba540f2d93e941a3dac7e47003bd9fc78f4ff575,experiments/mirror_applications/ma-255-parameter-superposition-mirror/artifacts/payloads/25500_2_mirror_rank8_lr0.01_26.pt,0.7428886270063231,1200
25500,2,mirror_rank8_lr0.01,27,1.1049946546554565,19237,30a49f62cdd139b21c30a8f8729633e8ca8fe65101e2e2bac79b881421307836,experiments/mirror_applications/ma-255-parameter-superposition-mirror/artifacts/payloads/25500_2_mirror_rank8_lr0.01_27.pt,0.7428886270063231,1200
25500,2,mirror_rank8_lr0.01,28,1.1270045042037964,19237,6f4aa3c29a4b173e8b776af0f8de5f85fcc7122968a5e74c75127394804af3c5,experiments/mirror_applications/ma-255-parameter-superposition-mirror/artifacts/payloads/25500_2_mirror_rank8_lr0.01_28.pt,0.7428886270063231,1200
25500,2,mirror_rank8_lr0.01,29,1.1220594644546509,19237,ec1adb322c228df91f26dd05e6bbf52c6a03b6d3990e44b0ff02784f7ac42405,experiments/mirror_applications/ma-255-parameter-superposition-mirror/artifacts/payloads/25500_2_mirror_rank8_lr0.01_29.pt,0.7428886270063231,1200
25500,2,mirror_rank8_lr0.01,30,1.2509700059890747,19237,275fd4e7ac2abcfc6ac9baa46ec71c010227e8e283fa781786e1d0e8647797ca,experiments/mirror_applications/ma-255-parameter-superposition-mirror/artifacts/payloads/25500_2_mirror_rank8_lr0.01_30.pt,0.7428886270063231,1200
25500,2,mirror_rank8_lr0.01,31,1.0771390199661255,19237,18dbc77baf9ff5fa7867b82f41867a9d0d7f64707aba73825fc7c04ea6be63e8,experiments/mirror_applications/ma-255-parameter-superposition-mirror/artifacts/payloads/25500_2_mirror_rank8_lr0.01_31.pt,0.7428886270063231,1200
25500,2,mirror_rank8_lr0.1,0,1.1280145645141602,19237,7b21805853cf7599b52d285b836922870a3711a2e3a71a8833cfdbcaa82da12a,experiments/mirror_applications/ma-255-parameter-superposition-mirror/artifacts/payloads/25500_2_mirror_rank8_lr0.1_0.pt,0.670605892999447,1200
25500,2,mirror_rank8_lr0.1,1,1.079911708831787,19237,24d775f14de607737779763a4b9fafaf8e7a67d645582ede0abdd47ca991ca83,experiments/mirror_applications/ma-255-parameter-superposition-mirror/artifacts/payloads/25500_2_mirror_rank8_lr0.1_1.pt,0.670605892999447,1200
25500,2,mirror_rank8_lr0.1,2,1.2037286758422852,19237,b7207cc33a06cf45fd6f4ada2c12d5065dd91bc0fba6f57647b89ef3cab47224,experiments/mirror_applications/ma-255-parameter-superposition-mirror/artifacts/payloads/25500_2_mirror_rank8_lr0.1_2.pt,0.670605892999447,1200
25500,2,mirror_rank8_lr0.1,3,1.1611361503601074,19237,dae2db28f976ea465220c4176646dc08431a7a7923b05db60e0a00238df73f2d,experiments/mirror_applications/ma-255-parameter-superposition-mirror/artifacts/payloads/25500_2_mirror_rank8_lr0.1_3.pt,0.670605892999447,1200
25500,2,mirror_rank8_lr0.1,4,1.1269742250442505,19237,6677ea752e04cc99b377659cc7972a8a4fc38cdb25cbdb7e21dc85bab2cfcf4a,experiments/mirror_applications/ma-255-parameter-superposition-mirror/artifacts/payloads/25500_2_mirror_rank8_lr0.1_4.pt,0.670605892999447,1200
25500,2,mirror_rank8_lr0.1,5,1.1154768466949463,19237,28c1ef14a481f8ebf66441fc8cc0ff33f7f1d9d1230e2f4eef5ba70c57cf815d,experiments/mirror_applications/ma-255-parameter-superposition-mirror/artifacts/payloads/25500_2_mirror_rank8_lr0.1_5.pt,0.670605892999447,1200
25500,2,mirror_rank8_lr0.1,6,1.2595937252044678,19237,920f16c89e574d74243fd9893023ed87772ed4ee0504b679625aca749e90a9ba,experiments/mirror_applications/ma-255-parameter-superposition-mirror/artifacts/payloads/25500_2_mirror_rank8_lr0.1_6.pt,0.670605892999447,1200
25500,2,mirror_rank8_lr0.1,7,1.1293903589248657,19237,0c299e1355b9dbc187f01df4c866f4c649315fe1fc31c2a8af79cb96b4f6c5c6,experiments/mirror_applications/ma-255-parameter-superposition-mirror/artifacts/payloads/25500_2_mirror_rank8_lr0.1_7.pt,0.670605892999447,1200
25500,2,mirror_rank8_lr0.1,8,1.1213129758834839,19237,df3a49e6bb3aecbb3435c2492199df5dc4464e5070817cb115ea894ef1a6ae13,experiments/mirror_applications/ma-255-parameter-superposition-mirror/artifacts/payloads/25500_2_mirror_rank8_lr0.1_8.pt,0.670605892999447,1200
25500,2,mirror_rank8_lr0.1,9,1.125669240951538,19237,7653eec2bda4f64c2f9e860b7780bcec70c6b2564d55507fd224795872768dee,experiments/mirror_applications/ma-255-parameter-superposition-mirror/artifacts/payloads/25500_2_mirror_rank8_lr0.1_9.pt,0.670605892999447,1200
25500,2,mirror_rank8_lr0.1,10,1.19789719581604,19237,55c5a9f873b08d7606665a5b8ed15b95173f3d46cf6aeeba194c18beeaeb36be,experiments/mirror_applications/ma-255-parameter-superposition-mirror/artifacts/payloads/25500_2_mirror_rank8_lr0.1_10.pt,0.670605892999447,1200
25500,2,mirror_rank8_lr0.1,11,1.1119717359542847,19237,bc20a22d9c7215f5f31b8b849bededdeb5963aed2326a320c001dd488a315d97,experiments/mirror_applications/ma-255-parameter-superposition-mirror/artifacts/payloads/25500_2_mirror_rank8_lr0.1_11.pt,0.670605892999447,1200
25500,2,mirror_rank8_lr0.1,12,1.2072337865829468,19237,8b3a2a684df4440985dfd10ade917a00ab7c5025d40576d5299970889513be4f,experiments/mirror_applications/ma-255-parameter-superposition-mirror/artifacts/payloads/25500_2_mirror_rank8_lr0.1_12.pt,0.670605892999447,1200
25500,2,mirror_rank8_lr0.1,13,1.1656562089920044,19237,485d1d78a579e1120cef99d579eef7c6ded05a0644b378558f2a1d917b3603d9,experiments/mirror_applications/ma-255-parameter-superposition-mirror/artifacts/payloads/25500_2_mirror_rank8_lr0.1_13.pt,0.670605892999447,1200
25500,2,mirror_rank8_lr0.1,14,1.1533167362213135,19237,f8e16c994aefafd41ffd9c157332c5505f517995add157b0c911cea43f7083ec,experiments/mirror_applications/ma-255-parameter-superposition-mirror/artifacts/payloads/25500_2_mirror_rank8_lr0.1_14.pt,0.670605892999447,1200
25500,2,mirror_rank8_lr0.1,15,1.0780251026153564,19237,e59c480deb39ba29f1ea3a0472d72758dcaaf974e791b41306c5149f35928fdc,experiments/mirror_applications/ma-255-parameter-superposition-mirror/artifacts/payloads/25500_2_mirror_rank8_lr0.1_15.pt,0.670605892999447,1200
25500,2,mirror_rank8_lr0.1,16,1.225658655166626,19237,bfd8280f80700be62cefc9d1aea573ed5102ec33502e6d36bfeac9234abab551,experiments/mirror_applications/ma-255-parameter-superposition-mirror/artifacts/payloads/25500_2_mirror_rank8_lr0.1_16.pt,0.670605892999447,1200
25500,2,mirror_rank8_lr0.1,17,1.0403927564620972,19237,6b48708a6077f87199a81f6be5e0a31ba7bec2b9de3727cc8e392644e6213a81,experiments/mirror_applications/ma-255-parameter-superposition-mirror/artifacts/payloads/25500_2_mirror_rank8_lr0.1_17.pt,0.670605892999447,1200
25500,2,mirror_rank8_lr0.1,18,1.2488776445388794,19237,63418a72dcac7aeeed12f0f6c345d971468318f5a860adaf7164605ef783fe7d,experiments/mirror_applications/ma-255-parameter-superposition-mirror/artifacts/payloads/25500_2_mirror_rank8_lr0.1_18.pt,0.670605892999447,1200
25500,2,mirror_rank8_lr0.1,19,1.1549164056777954,19237,c5a6f0941bfd572865d9fd265c97bb6b4efe830c1555b7d1e23f9f7baca8863e,experiments/mirror_applications/ma-255-parameter-superposition-mirror/artifacts/payloads/25500_2_mirror_rank8_lr0.1_19.pt,0.670605892999447,1200
25500,2,mirror_rank8_lr0.1,20,1.1727325916290283,19237,6d6c571d1ed43cef842f110040612378bd66a7e6f5d37ea3d476593887b3dccb,experiments/mirror_applications/ma-255-parameter-superposition-mirror/artifacts/payloads/25500_2_mirror_rank8_lr0.1_20.pt,0.670605892999447,1200
25500,2,mirror_rank8_lr0.1,21,1.061614990234375,19237,efe16d22bf55c27b6ca44cff3a8041aac5043f2868c1b9ec35ddaa3f116cb264,experiments/mirror_applications/ma-255-parameter-superposition-mirror/artifacts/payloads/25500_2_mirror_rank8_lr0.1_21.pt,0.670605892999447,1200
25500,2,mirror_rank8_lr0.1,22,1.1841784715652466,19237,c149cf59f22085b8c43ee6ce98f3ff2919e7f9794ab814274532ce1cfbe80347,experiments/mirror_applications/ma-255-parameter-superposition-mirror/artifacts/payloads/25500_2_mirror_rank8_lr0.1_22.pt,0.670605892999447,1200
25500,2,mirror_rank8_lr0.1,23,1.1708093881607056,19237,db2182161ea52b565f8c6a273ed9f4691665a07aff395cf632981a8c1aaf82a1,experiments/mirror_applications/ma-255-parameter-superposition-mirror/artifacts/payloads/25500_2_mirror_rank8_lr0.1_23.pt,0.670605892999447,1200
25500,2,mirror_rank8_lr0.1,24,1.168900728225708,19237,6780f9468b70c7ff68d6a42a8bcd2305dcd0cb66eff5cac5ba2aab249de77718,experiments/mirror_applications/ma-255-parameter-superposition-mirror/artifacts/payloads/25500_2_mirror_rank8_lr0.1_24.pt,0.670605892999447,1200
25500,2,mirror_rank8_lr0.1,25,1.3109307289123535,19237,0fb68cb4ab957f2cd74d7d7e5543fcb26e9d6c8a955f6417902536d5b032d357,experiments/mirror_applications/ma-255-parameter-superposition-mirror/artifacts/payloads/25500_2_mirror_rank8_lr0.1_25.pt,0.670605892999447,1200
25500,2,mirror_rank8_lr0.1,26,1.1274305582046509,19237,70798712078c2f7428303f6b0966439214927e6fe4e301e5b27eb52040046ae1,experiments/mirror_applications/ma-255-parameter-superposition-mirror/artifacts/payloads/25500_2_mirror_rank8_lr0.1_26.pt,0.670605892999447,1200
25500,2,mirror_rank8_lr0.1,27,1.1049282550811768,19237,72a77506341a44cae65dc8de95704dacf18f036f5349c1ea96fb1169f07836be,experiments/mirror_applications/ma-255-parameter-superposition-mirror/artifacts/payloads/25500_2_mirror_rank8_lr0.1_27.pt,0.670605892999447,1200
25500,2,mirror_rank8_lr0.1,28,1.126489281654358,19237,2027fcfe181e69bae334fc77c0f66dab2f050571bfe45e805e9acb4f5bef6f2a,experiments/mirror_applications/ma-255-parameter-superposition-mirror/artifacts/payloads/25500_2_mirror_rank8_lr0.1_28.pt,0.670605892999447,1200
25500,2,mirror_rank8_lr0.1,29,1.1221271753311157,19237,930202ed2215ed1db42eef973f971cb7c25867a37ac4bbc4160519b4bc476792,experiments/mirror_applications/ma-255-parameter-superposition-mirror/artifacts/payloads/25500_2_mirror_rank8_lr0.1_29.pt,0.670605892999447,1200
25500,2,mirror_rank8_lr0.1,30,1.2509468793869019,19237,a233ddc75ae0587a4fb40529377ba3cc24c4400a95a55bbff42df7b7349555fb,experiments/mirror_applications/ma-255-parameter-superposition-mirror/artifacts/payloads/25500_2_mirror_rank8_lr0.1_30.pt,0.670605892999447,1200
25500,2,mirror_rank8_lr0.1,31,1.0769864320755005,19237,2a276c73e6b958cfe5027f13b88c5daadcc39eb699ff7faa7957b3ae686bf579,experiments/mirror_applications/ma-255-parameter-superposition-mirror/artifacts/payloads/25500_2_mirror_rank8_lr0.1_31.pt,0.670605892999447,1200
25501,0,psp_random_unbind,0,1.0000015497207642,1116005,5aa48803653d065f457769a09ca58b2c74ad4283478806a3f86325a7fe3e3df2,experiments/mirror_applications/ma-255-parameter-superposition-mirror/artifacts/payloads/25501_0_psp_random_unbind_0.pt,0.0,0
25501,0,psp_random_unbind,1,1.000001311302185,1116005,5e6f578aeedfb3e4b71d4c4be499415090b88daf0419eeb02af9926dc9abed27,experiments/mirror_applications/ma-255-parameter-superposition-mirror/artifacts/payloads/25501_0_psp_random_unbind_1.pt,0.0,0
25501,0,psp_random_unbind,2,1.0000001192092896,1116005,3501e470119c6f4674499d0003ddfc28543f2b372aea15187ae85f8a2ac3af86,experiments/mirror_applications/ma-255-parameter-superposition-mirror/artifacts/payloads/25501_0_psp_random_unbind_2.pt,0.0,0
25501,0,psp_random_unbind,3,1.000000238418579,1116005,06befd59c15cd5e2272c4c4c6851c90bc366e382cd3b721efada4a110f4eb20b,experiments/mirror_applications/ma-255-parameter-superposition-mirror/artifacts/payloads/25501_0_psp_random_unbind_3.pt,0.0,0
25501,0,psp_random_unbind,4,1.0000003576278687,1116005,f282f38d891632841c40d2d6213d3739f4b7a19828ab0921a42b9c1267e21759,experiments/mirror_applications/ma-255-parameter-superposition-mirror/artifacts/payloads/25501_0_psp_random_unbind_4.pt,0.0,0
25501,0,psp_random_unbind,5,1.000000238418579,1116005,7def50a9908f3f320b3ea0ba7bad6b8b230ce6568af56bcaa00480352cfcc6e2,experiments/mirror_applications/ma-255-parameter-superposition-mirror/artifacts/payloads/25501_0_psp_random_unbind_5.pt,0.0,0
25501,0,psp_random_unbind,6,1.000000238418579,1116005,734289d0cf0703a4026841ace10c69ffb92a54549cfe961c986224911e62ebb7,experiments/mirror_applications/ma-255-parameter-superposition-mirror/artifacts/payloads/25501_0_psp_random_unbind_6.pt,0.0,0
25501,0,psp_random_unbind,7,1.0000001192092896,1116005,f70c41b0f5a4eec79570d9685c3db4d974f8fe7ea904b5db8b6c09c56a7d4608,experiments/mirror_applications/ma-255-parameter-superposition-mirror/artifacts/payloads/25501_0_psp_random_unbind_7.pt,0.0,0
25501,0,psp_random_unbind,8,1.000001072883606,1116005,771c8e79f3f6d914392ce69e05592c83d3e81a0ada45540a9845d9be9dca57ac,experiments/mirror_applications/ma-255-parameter-superposition-mirror/artifacts/payloads/25501_0_psp_random_unbind_8.pt,0.0,0
25501,0,psp_random_unbind,9,1.0000004768371582,1116005,9695abdf763e604c522a31be421e4b24ebbaa780292dbe4bffce089ed82878f5,experiments/mirror_applications/ma-255-parameter-superposition-mirror/artifacts/payloads/25501_0_psp_random_unbind_9.pt,0.0,0
25501,0,psp_random_unbind,10,0.9999993443489075,1116005,4a8fc5770a56538f1c2322896d0285faf7363332a1f0384f0ea774223c5b8633,experiments/mirror_applications/ma-255-parameter-superposition-mirror/artifacts/payloads/25501_0_psp_random_unbind_10.pt,0.0,0
25501,0,psp_random_unbind,11,0.9999992847442627,1116005,8de8862cc1551512c08d0f19bb3b61d319ad783c10efdf48a14e795c0eefef40,experiments/mirror_applications/ma-255-parameter-superposition-mirror/artifacts/payloads/25501_0_psp_random_unbind_11.pt,0.0,0
25501,0,psp_random_unbind,12,1.0000041723251343,1116005,64cf22a52026599ae4e380701793648042e9fc0f22c4b5911a666e87e29625e7,experiments/mirror_applications/ma-255-parameter-superposition-mirror/artifacts/payloads/25501_0_psp_random_unbind_12.pt,0.0,0
25501,0,psp_random_unbind,13,1.0000001192092896,1116005,dc7ef2ccca34a830c47e685f6e2903ab5a4e241c036fef040a6404d421e44d89,experiments/mirror_applications/ma-255-parameter-superposition-mirror/artifacts/payloads/25501_0_psp_random_unbind_13.pt,0.0,0
25501,0,psp_random_unbind,14,1.0000003576278687,1116005,eb43825f400b3d6d90789dcb085928ea21c0707a08e28fd07dedfdf1f3f2c20e,experiments/mirror_applications/ma-255-parameter-superposition-mirror/artifacts/payloads/25501_0_psp_random_unbind_14.pt,0.0,0
25501,0,psp_random_unbind,15,0.9999994039535522,1116005,c0a12494495b5a1a2ea1a91e5b95cbd17f0d5bafcd075b6f4ad992520e4437c1,experiments/mirror_applications/ma-255-parameter-superposition-mirror/artifacts/payloads/25501_0_psp_random_unbind_15.pt,0.0,0
25501,0,psp_random_unbind,16,1.0,1116005,4886e558fae706bed44582c09d4f4b4e98921d1d910a4ff7e5e120f040098392,experiments/mirror_applications/ma-255-parameter-superposition-mirror/artifacts/payloads/25501_0_psp_random_unbind_16.pt,0.0,0
25501,0,psp_random_unbind,17,1.0000001192092896,1116005,861ec653bef1648fa54c36baeb915f5327ee61cb31451520c32ba1134d66b95a,experiments/mirror_applications/ma-255-parameter-superposition-mirror/artifacts/payloads/25501_0_psp_random_unbind_17.pt,0.0,0
25501,0,psp_random_unbind,18,1.000000238418579,1116005,14c25d8eb402125ed2520e9b7e30d351bf2a1ebedab525552568c22327833dbf,experiments/mirror_applications/ma-255-parameter-superposition-mirror/artifacts/payloads/25501_0_psp_random_unbind_18.pt,0.0,0
25501,0,psp_random_unbind,19,1.0000003576278687,1116005,34d4aab427272742a31be8e602ff2e78dd61e547e95597bd6d044bd1ed6c968c,experiments/mirror_applications/ma-255-parameter-superposition-mirror/artifacts/payloads/25501_0_psp_random_unbind_19.pt,0.0,0
25501,0,psp_random_unbind,20,1.0000022649765015,1116005,93ffa6203177677748358b76f5981fbc9fdc6dc79ad7c5ff184d4a6f9e482c66,experiments/mirror_applications/ma-255-parameter-superposition-mirror/artifacts/payloads/25501_0_psp_random_unbind_20.pt,0.0,0
25501,0,psp_random_unbind,21,1.0,1116005,015336a4ae4509d3d9449cefb09437ee78d5e2e84d95eda36f3359869d01e491,experiments/mirror_applications/ma-255-parameter-superposition-mirror/artifacts/payloads/25501_0_psp_random_unbind_21.pt,0.0,0
25501,0,psp_random_unbind,22,0.9999986886978149,1116005,fa06f8506136c314b59c787dbfd3bf957454b31cd1d7b8475ae5854cac4286bf,experiments/mirror_applications/ma-255-parameter-superposition-mirror/artifacts/payloads/25501_0_psp_random_unbind_22.pt,0.0,0
25501,0,psp_random_unbind,23,1.0,1116005,e82066c72268f455af4988885636695f9d64a852b58faae2a269c8cdbf39572c,experiments/mirror_applications/ma-255-parameter-superposition-mirror/artifacts/payloads/25501_0_psp_random_unbind_23.pt,0.0,0
25501,0,psp_random_unbind,24,1.0000003576278687,1116005,59adc0d3a50c625bec3b2c09820be9703d24f805794139991a914f6fd527217f,experiments/mirror_applications/ma-255-parameter-superposition-mirror/artifacts/payloads/25501_0_psp_random_unbind_24.pt,0.0,0
25501,0,psp_random_unbind,25,0.9999980926513672,1116005,26edd462036ae668938e19c0d9a88d1437287ab6d21d6d9245fe805ea6c01265,experiments/mirror_applications/ma-255-parameter-superposition-mirror/artifacts/payloads/25501_0_psp_random_unbind_25.pt,0.0,0
25501,0,psp_random_unbind,26,0.9999990463256836,1116005,fff9864ad6c68edf31a0c08f8bf57417e213666a0ee19359d0c15bf172543638,experiments/mirror_applications/ma-255-parameter-superposition-mirror/artifacts/payloads/25501_0_psp_random_unbind_26.pt,0.0,0
25501,0,psp_random_unbind,27,1.0000005960464478,1116005,4cc73bfe2a594e2da9f2df15daa0ad8b68e1877761bfea247baa436275efa2b9,experiments/mirror_applications/ma-255-parameter-superposition-mirror/artifacts/payloads/25501_0_psp_random_unbind_27.pt,0.0,0
25501,0,psp_random_unbind,28,1.0000016689300537,1116005,fa73a55394049b8b0c9a64c8b9de9d003e88bcd6cd84e1efd5aa251cc6a09ea8,experiments/mirror_applications/ma-255-parameter-superposition-mirror/artifacts/payloads/25501_0_psp_random_unbind_28.pt,0.0,0
25501,0,psp_random_unbind,29,1.0000019073486328,1116005,9eb1898dc18fe3044cfcf102ba3b58871cbce559900d823984aa52b54e949aa3,experiments/mirror_applications/ma-255-parameter-superposition-mirror/artifacts/payloads/25501_0_psp_random_unbind_29.pt,0.0,0
25501,0,psp_random_unbind,30,1.0000033378601074,1116005,1b50309f2193c40d4b85cc37449038c913a49a4e4a820e7ac6ddaa76a32d2d34,experiments/mirror_applications/ma-255-parameter-superposition-mirror/artifacts/payloads/25501_0_psp_random_unbind_30.pt,0.0,0
25501,0,psp_random_unbind,31,1.0000007152557373,1116005,c022ed9796e794e9262dd1186356e3934e50ee4bdba8ac5091ac134028108506,experiments/mirror_applications/ma-255-parameter-superposition-mirror/artifacts/payloads/25501_0_psp_random_unbind_31.pt,0.0,0
25501,0,shared_tensor_no_task_code,0,5.765166282653809,3877,8b1d7f437c2537718aa1a9b13189a4773deec1c395e6dbbf607e5babbabadd2d,experiments/mirror_applications/ma-255-parameter-superposition-mirror/artifacts/payloads/25501_0_shared_tensor_no_task_code_0.pt,0.0,0
25501,0,shared_tensor_no_task_code,1,5.336003303527832,3877,1e6b52617dee318b8fd30b817c905461043f0eec64a6f59095e5f4a9af3f11f4,experiments/mirror_applications/ma-255-parameter-superposition-mirror/artifacts/payloads/25501_0_shared_tensor_no_task_code_1.pt,0.0,0
25501,0,shared_tensor_no_task_code,2,5.591782093048096,3877,b74c0f45e0689e80f3b1663d00445eda5af2c6f42f1e82321bc6bb5066cdf2df,experiments/mirror_applications/ma-255-parameter-superposition-mirror/artifacts/payloads/25501_0_shared_tensor_no_task_code_2.pt,0.0,0
25501,0,shared_tensor_no_task_code,3,6.1181793212890625,3877,9540ae334292f91e7c8c44463f4f92fbbeb1b0b558b93adbe0d0ef587db4275f,experiments/mirror_applications/ma-255-parameter-superposition-mirror/artifacts/payloads/25501_0_shared_tensor_no_task_code_3.pt,0.0,0
25501,0,shared_tensor_no_task_code,4,5.684122562408447,3877,ec2d862f66746ce6eb8df780f57d58a0285736cfb369c3ebca50558e1d0994e4,experiments/mirror_applications/ma-255-parameter-superposition-mirror/artifacts/payloads/25501_0_shared_tensor_no_task_code_4.pt,0.0,0
25501,0,shared_tensor_no_task_code,5,5.819212913513184,3877,529e8733b67553abd92f075fdafb396ba38c1f5dd219ef3e4332cb98d9481787,experiments/mirror_applications/ma-255-parameter-superposition-mirror/artifacts/payloads/25501_0_shared_tensor_no_task_code_5.pt,0.0,0
25501,0,shared_tensor_no_task_code,6,5.878642559051514,3877,4dc0973aefae5b20dd59bbbcf1665ead7815581db0780c526b58c41dc890a9dd,experiments/mirror_applications/ma-255-parameter-superposition-mirror/artifacts/payloads/25501_0_shared_tensor_no_task_code_6.pt,0.0,0
25501,0,shared_tensor_no_task_code,7,5.732979774475098,3877,77f36bb8efdca4be43a0af1ab6f51ee5288e2d664197a4ae632f1a6ed977b8f1,experiments/mirror_applications/ma-255-parameter-superposition-mirror/artifacts/payloads/25501_0_shared_tensor_no_task_code_7.pt,0.0,0
25501,0,shared_tensor_no_task_code,8,5.688040733337402,3877,ae47784cdcf30c20dd2be711eebf26ed3453f81dc04283011fe13b22a6a1826e,experiments/mirror_applications/ma-255-parameter-superposition-mirror/artifacts/payloads/25501_0_shared_tensor_no_task_code_8.pt,0.0,0
25501,0,shared_tensor_no_task_code,9,5.277523040771484,3877,5c8bfd7e6b47b998e5ec9da7e8f5e2cecf46d7571965e175c2d563ae4fcd8862,experiments/mirror_applications/ma-255-parameter-superposition-mirror/artifacts/payloads/25501_0_shared_tensor_no_task_code_9.pt,0.0,0
25501,0,shared_tensor_no_task_code,10,5.325138092041016,3877,e2fb31681df4c69b0052c573e96433dbd33547a315c59de2d4e90956269b38e5,experiments/mirror_applications/ma-255-parameter-superposition-mirror/artifacts/payloads/25501_0_shared_tensor_no_task_code_10.pt,0.0,0
25501,0,shared_tensor_no_task_code,11,5.1055803298950195,3877,94bf453ab1b8351aa461c4a945e22e02e4ce946012c0ae10d50400aa017e3736,experiments/mirror_applications/ma-255-parameter-superposition-mirror/artifacts/payloads/25501_0_shared_tensor_no_task_code_11.pt,0.0,0
25501,0,shared_tensor_no_task_code,12,5.2511420249938965,3877,1487f9c51e4d8ad0fad399f354d79ea05c47dc3e01c616ff6f8626a1d26c8476,experiments/mirror_applications/ma-255-parameter-superposition-mirror/artifacts/payloads/25501_0_shared_tensor_no_task_code_12.pt,0.0,0
25501,0,shared_tensor_no_task_code,13,5.286837100982666,3877,6baedf9a58d722546439b9aa84047a1944ca30e326dfa069c84d461eb73829ab,experiments/mirror_applications/ma-255-parameter-superposition-mirror/artifacts/payloads/25501_0_shared_tensor_no_task_code_13.pt,0.0,0
25501,0,shared_tensor_no_task_code,14,5.258396148681641,3877,fa6b55227a2179e559ccbdeae4d5682a5c8a44f9175fab39aed079160fb4ca0f,experiments/mirror_applications/ma-255-parameter-superposition-mirror/artifacts/payloads/25501_0_shared_tensor_no_task_code_14.pt,0.0,0
25501,0,shared_tensor_no_task_code,15,5.763315200805664,3877,563a392cbf2c68aa592d4a6dfb501582f8129438933f3cf8c8154958c3143c92,experiments/mirror_applications/ma-255-parameter-superposition-mirror/artifacts/payloads/25501_0_shared_tensor_no_task_code_15.pt,0.0,0
25501,0,shared_tensor_no_task_code,16,5.36508846282959,3877,469e4a32fd4f8df510c31e6ab51acdab258ccb76e6cacdac1170fe0ba5904d75,experiments/mirror_applications/ma-255-parameter-superposition-mirror/artifacts/payloads/25501_0_shared_tensor_no_task_code_16.pt,0.0,0
25501,0,shared_tensor_no_task_code,17,5.662289142608643,3877,19e12978e5b797f218af3514844a4e8b51d464ba5a58a57499c15d11454cf8fa,experiments/mirror_applications/ma-255-parameter-superposition-mirror/artifacts/payloads/25501_0_shared_tensor_no_task_code_17.pt,0.0,0
25501,0,shared_tensor_no_task_code,18,5.595898151397705,3877,2568792345e1db2d09e7e660574aa1cef945c27fae6660926b0fa88d08caeefb,experiments/mirror_applications/ma-255-parameter-superposition-mirror/artifacts/payloads/25501_0_shared_tensor_no_task_code_18.pt,0.0,0
25501,0,shared_tensor_no_task_code,19,5.335202693939209,3877,620c173f742094e219a9f70e8c0c7a5713a83e07e0f149cb67c345dc38326d33,experiments/mirror_applications/ma-255-parameter-superposition-mirror/artifacts/payloads/25501_0_shared_tensor_no_task_code_19.pt,0.0,0
25501,0,shared_tensor_no_task_code,20,5.468059062957764,3877,588aff414b943d17a031b98ee25c03e687e688cf3544509635bb9fc5dd42547c,experiments/mirror_applications/ma-255-parameter-superposition-mirror/artifacts/payloads/25501_0_shared_tensor_no_task_code_20.pt,0.0,0
25501,0,shared_tensor_no_task_code,21,5.513193607330322,3877,5c9da2a0af309061c24c5a203041dead7d44af543b7584b7691a4f827a8f30b9,experiments/mirror_applications/ma-255-parameter-superposition-mirror/artifacts/payloads/25501_0_shared_tensor_no_task_code_21.pt,0.0,0
25501,0,shared_tensor_no_task_code,22,5.7039384841918945,3877,16195ed42aa99c1d94302d54a61d7b6777e299fe2df20862c0d7156e73bb2be7,experiments/mirror_applications/ma-255-parameter-superposition-mirror/artifacts/payloads/25501_0_shared_tensor_no_task_code_22.pt,0.0,0
25501,0,shared_tensor_no_task_code,23,5.063694000244141,3877,88fd06d2a7f93e42d2420659287785e08232dd8e382bf7fc8c196684bdcdb79a,experiments/mirror_applications/ma-255-parameter-superposition-mirror/artifacts/payloads/25501_0_shared_tensor_no_task_code_23.pt,0.0,0
25501,0,shared_tensor_no_task_code,24,4.928603172302246,3877,e60c62979fb29476a7f3c79780996fa63e1fdd959a2193904c492b70332be640,experiments/mirror_applications/ma-255-parameter-superposition-mirror/artifacts/payloads/25501_0_shared_tensor_no_task_code_24.pt,0.0,0
25501,0,shared_tensor_no_task_code,25,5.781144142150879,3877,5f531b5175bbd8721443f305f9eadd0d8d457f51d73c7a230218e3e681b4b75e,experiments/mirror_applications/ma-255-parameter-superposition-mirror/artifacts/payloads/25501_0_shared_tensor_no_task_code_25.pt,0.0,0
25501,0,shared_tensor_no_task_code,26,4.989840507507324,3877,b930bb661eedb7625c6a923e3640a56cbb4a057f0dd5b65da17fa80294141469,experiments/mirror_applications/ma-255-parameter-superposition-mirror/artifacts/payloads/25501_0_shared_tensor_no_task_code_26.pt,0.0,0
25501,0,shared_tensor_no_task_code,27,5.309200763702393,3877,4064f35e63d540b516a4d6cd20c5224f850abbd4f2048b748bfbe49058720899,experiments/mirror_applications/ma-255-parameter-superposition-mirror/artifacts/payloads/25501_0_shared_tensor_no_task_code_27.pt,0.0,0
25501,0,shared_tensor_no_task_code,28,6.2028584480285645,3877,97aea5e16b2a928198e17781a6bd2cb345db87362c7545ae3e3b098bace5517e,experiments/mirror_applications/ma-255-parameter-superposition-mirror/artifacts/payloads/25501_0_shared_tensor_no_task_code_28.pt,0.0,0
25501,0,shared_tensor_no_task_code,29,5.846833229064941,3877,84c1366ad7e8a7916ccec8a839c8996c9395232c2cf1c55e2f6e674143a957c3,experiments/mirror_applications/ma-255-parameter-superposition-mirror/artifacts/payloads/25501_0_shared_tensor_no_task_code_29.pt,0.0,0
25501,0,shared_tensor_no_task_code,30,5.723534107208252,3877,d6d602364aa02507d45b854fc22ca4067f03878c0891e340bc9145ae1544e8da,experiments/mirror_applications/ma-255-parameter-superposition-mirror/artifacts/payloads/25501_0_shared_tensor_no_task_code_30.pt,0.0,0
25501,0,shared_tensor_no_task_code,31,5.53204870223999,3877,bddc5a1797f3587a5abdda1a72cd13e65736ccf13c0af63e1ea43e5e38680bf3,experiments/mirror_applications/ma-255-parameter-superposition-mirror/artifacts/payloads/25501_0_shared_tensor_no_task_code_31.pt,0.0,0
25501,0,mirror_rank8_lr0.001,0,1.1394482851028442,19237,69f497833167e853d66cfa3886c48e399dbcc5979a425bf35ee5f3897c9d0f33,experiments/mirror_applications/ma-255-parameter-superposition-mirror/artifacts/payloads/25501_0_mirror_rank8_lr0.001_0.pt,0.7611073619918898,1200
25501,0,mirror_rank8_lr0.001,1,1.1170454025268555,19237,7d69cf5ffc88b2cc46ab177235d8d55293d19a5743ce88f8ec68f0dabbdcc76e,experiments/mirror_applications/ma-255-parameter-superposition-mirror/artifacts/payloads/25501_0_mirror_rank8_lr0.001_1.pt,0.7611073619918898,1200
25501,0,mirror_rank8_lr0.001,2,1.1832244396209717,19237,c80f3475b9e2f906714e1fcb98c9fbd48ea79ef59326f117e32588766cdcc606,experiments/mirror_applications/ma-255-parameter-superposition-mirror/artifacts/payloads/25501_0_mirror_rank8_lr0.001_2.pt,0.7611073619918898,1200
25501,0,mirror_rank8_lr0.001,3,1.1249866485595703,19237,3d12b223544b95fa989a89c1594617f6f408556faa5feeab3f5490909503b945,experiments/mirror_applications/ma-255-parameter-superposition-mirror/artifacts/payloads/25501_0_mirror_rank8_lr0.001_3.pt,0.7611073619918898,1200
25501,0,mirror_rank8_lr0.001,4,1.2203340530395508,19237,b3afdcc7d5b0f7f5825746d200df65d58e54ded6a25e8820bf3f14441a02e8c8,experiments/mirror_applications/ma-255-parameter-superposition-mirror/artifacts/payloads/25501_0_mirror_rank8_lr0.001_4.pt,0.7611073619918898,1200
25501,0,mirror_rank8_lr0.001,5,1.1976075172424316,19237,db645b925343f977de9350f9e86921999c38ac8aa76aa333a2e05373571f8667,experiments/mirror_applications/ma-255-parameter-superposition-mirror/artifacts/payloads/25501_0_mirror_rank8_lr0.001_5.pt,0.7611073619918898,1200
25501,0,mirror_rank8_lr0.001,6,1.1015558242797852,19237,981655b46ca1af6d1d8d6df41565dac46d65d470f55e0ac6b923013c070c11dd,experiments/mirror_applications/ma-255-parameter-superposition-mirror/artifacts/payloads/25501_0_mirror_rank8_lr0.001_6.pt,0.7611073619918898,1200
25501,0,mirror_rank8_lr0.001,7,1.1546298265457153,19237,17c8e251a624ec4fb2fa6d87ead05021d5130b71c48adcc29a33fcb1b4b2eb8e,experiments/mirror_applications/ma-255-parameter-superposition-mirror/artifacts/payloads/25501_0_mirror_rank8_lr0.001_7.pt,0.7611073619918898,1200
25501,0,mirror_rank8_lr0.001,8,1.1260225772857666,19237,4a66bf653cf39c1a97652e93427ceec277eaf6b9a428fad8a3570281da028c34,experiments/mirror_applications/ma-255-parameter-superposition-mirror/artifacts/payloads/25501_0_mirror_rank8_lr0.001_8.pt,0.7611073619918898,1200
25501,0,mirror_rank8_lr0.001,9,1.1338602304458618,19237,7f6cf0609c596973d3039520a8e4210c44991fc52689944b78d0cc8999e2df82,experiments/mirror_applications/ma-255-parameter-superposition-mirror/artifacts/payloads/25501_0_mirror_rank8_lr0.001_9.pt,0.7611073619918898,1200
25501,0,mirror_rank8_lr0.001,10,1.1872977018356323,19237,f6ada8110ed6afa86b2471c4c3cb71f3e86a8a7804769acb6c45959f44d4d643,experiments/mirror_applications/ma-255-parameter-superposition-mirror/artifacts/payloads/25501_0_mirror_rank8_lr0.001_10.pt,0.7611073619918898,1200
25501,0,mirror_rank8_lr0.001,11,1.1093298196792603,19237,ed52e749ad64e4ce71eaae18beef80d2e4eb655fad177a82beffbfe88495700d,experiments/mirror_applications/ma-255-parameter-superposition-mirror/artifacts/payloads/25501_0_mirror_rank8_lr0.001_11.pt,0.7611073619918898,1200
25501,0,mirror_rank8_lr0.001,12,1.1773500442504883,19237,77e92d13757f70c8b231856da1b99ff04074dd4b3b1118fa27ea1e032e8b8ef9,experiments/mirror_applications/ma-255-parameter-superposition-mirror/artifacts/payloads/25501_0_mirror_rank8_lr0.001_12.pt,0.7611073619918898,1200
25501,0,mirror_rank8_lr0.001,13,1.1526727676391602,19237,19b38f63e352fd56c7f76c94b5e89cdef4f41a5aa6eacaacd6a60879c27ed12d,experiments/mirror_applications/ma-255-parameter-superposition-mirror/artifacts/payloads/25501_0_mirror_rank8_lr0.001_13.pt,0.7611073619918898,1200
25501,0,mirror_rank8_lr0.001,14,1.1950470209121704,19237,47d644cde5d37d4c4b558f96f18f4ae260a05e3b1a66f29b012ae09eafa853ba,experiments/mirror_applications/ma-255-parameter-superposition-mirror/artifacts/payloads/25501_0_mirror_rank8_lr0.001_14.pt,0.7611073619918898,1200
25501,0,mirror_rank8_lr0.001,15,1.1635042428970337,19237,edae45cbe33fb594e3ddcfb66975e341adfbe66084dea70e4d7c1ec26470b8b6,experiments/mirror_applications/ma-255-parameter-superposition-mirror/artifacts/payloads/25501_0_mirror_rank8_lr0.001_15.pt,0.7611073619918898,1200
25501,0,mirror_rank8_lr0.001,16,1.168484091758728,19237,0fe14ea846d5c41d7bda42b35281fbcb04d8fa885bdc0f1aef783e4e47562973,experiments/mirror_applications/ma-255-parameter-superposition-mirror/artifacts/payloads/25501_0_mirror_rank8_lr0.001_16.pt,0.7611073619918898,1200
25501,0,mirror_rank8_lr0.001,17,1.194665789604187,19237,98a705b3b20157a98aa4d62044b7c584044fc82b7a0b772ec111cea617850570,experiments/mirror_applications/ma-255-parameter-superposition-mirror/artifacts/payloads/25501_0_mirror_rank8_lr0.001_17.pt,0.7611073619918898,1200
25501,0,mirror_rank8_lr0.001,18,1.084635853767395,19237,af9f08fda2d61cb3bb6ab166fc25294f00bf624ba6fb984dd097fe5abf650e12,experiments/mirror_applications/ma-255-parameter-superposition-mirror/artifacts/payloads/25501_0_mirror_rank8_lr0.001_18.pt,0.7611073619918898,1200
25501,0,mirror_rank8_lr0.001,19,1.1544593572616577,19237,aad074239a7b9ad0358dde29f7f282e179adcb815e264c33f6b4a363cceea9bd,experiments/mirror_applications/ma-255-parameter-superposition-mirror/artifacts/payloads/25501_0_mirror_rank8_lr0.001_19.pt,0.7611073619918898,1200
25501,0,mirror_rank8_lr0.001,20,1.197263240814209,19237,7f7becc26eedf4853bdfc2840bf7bee7e7b2452e4de74f79d0aff1c26fb1990f,experiments/mirror_applications/ma-255-parameter-superposition-mirror/artifacts/payloads/25501_0_mirror_rank8_lr0.001_20.pt,0.7611073619918898,1200
25501,0,mirror_rank8_lr0.001,21,1.242571473121643,19237,6d66543b0bfb6549cc97a9e6f9d054f705be812c4112acf3cf980dccdfe5db3f,experiments/mirror_applications/ma-255-parameter-superposition-mirror/artifacts/payloads/25501_0_mirror_rank8_lr0.001_21.pt,0.7611073619918898,1200
25501,0,mirror_rank8_lr0.001,22,1.1222167015075684,19237,4568b7100810102c3f9bd589e06dd99adca22f9590394260a5df49e380e66b9d,experiments/mirror_applications/ma-255-parameter-superposition-mirror/artifacts/payloads/25501_0_mirror_rank8_lr0.001_22.pt,0.7611073619918898,1200
25501,0,mirror_rank8_lr0.001,23,1.1585867404937744,19237,e829b8c5f7e73bc1ea6f0a1a6be0d951d7b3b9493f43d35949f295b293bac6c5,experiments/mirror_applications/ma-255-parameter-superposition-mirror/artifacts/payloads/25501_0_mirror_rank8_lr0.001_23.pt,0.7611073619918898,1200
25501,0,mirror_rank8_lr0.001,24,1.1252684593200684,19237,4cd6841316e815637a2eed3c5b9c7da970eadd858799a5c1bbb53e3641c81e4c,experiments/mirror_applications/ma-255-parameter-superposition-mirror/artifacts/payloads/25501_0_mirror_rank8_lr0.001_24.pt,0.7611073619918898,1200
25501,0,mirror_rank8_lr0.001,25,1.1206014156341553,19237,ec330c17facf90a8e0c433eb2ec8211547df79da9bd87ff58ea6862365f7db06,experiments/mirror_applications/ma-255-parameter-superposition-mirror/artifacts/payloads/25501_0_mirror_rank8_lr0.001_25.pt,0.7611073619918898,1200
25501,0,mirror_rank8_lr0.001,26,1.2359375953674316,19237,d6c9669f806f4e81b17a75191abd618ed4537fa50531aaf01309468da3617d1a,experiments/mirror_applications/ma-255-parameter-superposition-mirror/artifacts/payloads/25501_0_mirror_rank8_lr0.001_26.pt,0.7611073619918898,1200
25501,0,mirror_rank8_lr0.001,27,1.1333909034729004,19237,2b2ea683184c12762c9ab4a508fcfb5e44e57fed9bc8d90f4f2ee0be5858e293,experiments/mirror_applications/ma-255-parameter-superposition-mirror/artifacts/payloads/25501_0_mirror_rank8_lr0.001_27.pt,0.7611073619918898,1200
25501,0,mirror_rank8_lr0.001,28,1.0568737983703613,19237,009eb7932617a088f0256f3e0d693882b6b2cd3ceb4d9aa03bc91f41085dfc17,experiments/mirror_applications/ma-255-parameter-superposition-mirror/artifacts/payloads/25501_0_mirror_rank8_lr0.001_28.pt,0.7611073619918898,1200
25501,0,mirror_rank8_lr0.001,29,1.0704841613769531,19237,4ff102825a7d24214061a2ddddad98fa17e28a634bff1e8068cec76d5da4fd6d,experiments/mirror_applications/ma-255-parameter-superposition-mirror/artifacts/payloads/25501_0_mirror_rank8_lr0.001_29.pt,0.7611073619918898,1200
25501,0,mirror_rank8_lr0.001,30,1.1435743570327759,19237,e084a8b1cc7d6d72f669ef86a473043a4b4658fdd54f44c026b377a620606e8f,experiments/mirror_applications/ma-255-parameter-superposition-mirror/artifacts/payloads/25501_0_mirror_rank8_lr0.001_30.pt,0.7611073619918898,1200
25501,0,mirror_rank8_lr0.001,31,1.1556322574615479,19237,6caccaef52a490fc0d3c2ff1102d1fe64481f505016016c3a6733f9a0add151a,experiments/mirror_applications/ma-255-parameter-superposition-mirror/artifacts/payloads/25501_0_mirror_rank8_lr0.001_31.pt,0.7611073619918898,1200
25501,0,mirror_rank8_lr0.01,0,1.103825330734253,19237,830d6d3e90e5aea89a3cf4e64b6e7a5b605a6bd1f73f022e615749b49bb523ae,experiments/mirror_applications/ma-255-parameter-superposition-mirror/artifacts/payloads/25501_0_mirror_rank8_lr0.01_0.pt,0.7869334300048649,1200
25501,0,mirror_rank8_lr0.01,1,1.1169183254241943,19237,afc465e56da023e563e0b5baab532bdbbc9d19279d322e1f67e6a71f082e92ea,experiments/mirror_applications/ma-255-parameter-superposition-mirror/artifacts/payloads/25501_0_mirror_rank8_lr0.01_1.pt,0.7869334300048649,1200
25501,0,mirror_rank8_lr0.01,2,1.169236660003662,19237,9c1f93fe23ee864156d93b3af869be19b231401e602d195b8087c355a9354a8d,experiments/mirror_applications/ma-255-parameter-superposition-mirror/artifacts/payloads/25501_0_mirror_rank8_lr0.01_2.pt,0.7869334300048649,1200
25501,0,mirror_rank8_lr0.01,3,1.158713936805725,19237,f2310092d1d07ce04b46e07d895cfdbf7581b4b3f5c4dfe7e85b3cc3acc9cfd4,experiments/mirror_applications/ma-255-parameter-superposition-mirror/artifacts/payloads/25501_0_mirror_rank8_lr0.01_3.pt,0.7869334300048649,1200
25501,0,mirror_rank8_lr0.01,4,1.1882328987121582,19237,b42703943a73ff95b7731d2847a4e0fcb880f8c9e6be016bfd0e9c47c27f1d09,experiments/mirror_applications/ma-255-parameter-superposition-mirror/artifacts/payloads/25501_0_mirror_rank8_lr0.01_4.pt,0.7869334300048649,1200
25501,0,mirror_rank8_lr0.01,5,1.1959768533706665,19237,d706da3db08204d68b57d6347685f61021d1992b745c11e661276410315fc8d0,experiments/mirror_applications/ma-255-parameter-superposition-mirror/artifacts/payloads/25501_0_mirror_rank8_lr0.01_5.pt,0.7869334300048649,1200
25501,0,mirror_rank8_lr0.01,6,1.084641695022583,19237,8811cca87a7e7295d9722074a680301b1a44a65f0271b136087c5658aac2dde2,experiments/mirror_applications/ma-255-parameter-superposition-mirror/artifacts/payloads/25501_0_mirror_rank8_lr0.01_6.pt,0.7869334300048649,1200
25501,0,mirror_rank8_lr0.01,7,1.1588475704193115,19237,45412bc146cdce5727ad0ce6ad0051e937bb6465c6fd124a979877aabfe8d05d,experiments/mirror_applications/ma-255-parameter-superposition-mirror/artifacts/payloads/25501_0_mirror_rank8_lr0.01_7.pt,0.7869334300048649,1200
25501,0,mirror_rank8_lr0.01,8,1.1731382608413696,19237,50484a3166b8d68eb085074a0704a7cde77b4557430626de2440cf8e9ab9f8aa,experiments/mirror_applications/ma-255-parameter-superposition-mirror/artifacts/payloads/25501_0_mirror_rank8_lr0.01_8.pt,0.7869334300048649,1200
25501,0,mirror_rank8_lr0.01,9,1.1136574745178223,19237,05f5f6724405d2a70785e2076f0e28dd7a0426fe23e3297ad85780243f2d8e54,experiments/mirror_applications/ma-255-parameter-superposition-mirror/artifacts/payloads/25501_0_mirror_rank8_lr0.01_9.pt,0.7869334300048649,1200
25501,0,mirror_rank8_lr0.01,10,1.180243968963623,19237,59d83c7bbc19292ccb20c8536e6df00b493a1f14788ff80948ec2f657d06042a,experiments/mirror_applications/ma-255-parameter-superposition-mirror/artifacts/payloads/25501_0_mirror_rank8_lr0.01_10.pt,0.7869334300048649,1200
25501,0,mirror_rank8_lr0.01,11,1.1353904008865356,19237,c59eb463ed9d971a0a4174686a59683e4ec5fdda8cf36b754926cc080f129941,experiments/mirror_applications/ma-255-parameter-superposition-mirror/artifacts/payloads/25501_0_mirror_rank8_lr0.01_11.pt,0.7869334300048649,1200
25501,0,mirror_rank8_lr0.01,12,1.2092790603637695,19237,67e9c9a8cacf3193d73d6e5d078f5e3a4aa3ef0a027426596d2efbca5f1821ed,experiments/mirror_applications/ma-255-parameter-superposition-mirror/artifacts/payloads/25501_0_mirror_rank8_lr0.01_12.pt,0.7869334300048649,1200
25501,0,mirror_rank8_lr0.01,13,1.1920846700668335,19237,53f10e67453bc51e76ea604864bc72302c00a537ff9873e56c117f1b9c55ead7,experiments/mirror_applications/ma-255-parameter-superposition-mirror/artifacts/payloads/25501_0_mirror_rank8_lr0.01_13.pt,0.7869334300048649,1200
25501,0,mirror_rank8_lr0.01,14,1.162263035774231,19237,54847c91cee2cb39ab0069d8a351c6923846fc0ae3f0b4868bebff7ac71095c2,experiments/mirror_applications/ma-255-parameter-superposition-mirror/artifacts/payloads/25501_0_mirror_rank8_lr0.01_14.pt,0.7869334300048649,1200
25501,0,mirror_rank8_lr0.01,15,1.1931368112564087,19237,da00e009f52b2e10d292b07fb5aed9bb6810986836393e4397b3805b7f952a84,experiments/mirror_applications/ma-255-parameter-superposition-mirror/artifacts/payloads/25501_0_mirror_rank8_lr0.01_15.pt,0.7869334300048649,1200
25501,0,mirror_rank8_lr0.01,16,1.210900902748108,19237,6a6f38fad6cfdcd1b0c250514a34eb02c70f5123431a04c0247c66098aebe758,experiments/mirror_applications/ma-255-parameter-superposition-mirror/artifacts/payloads/25501_0_mirror_rank8_lr0.01_16.pt,0.7869334300048649,1200
25501,0,mirror_rank8_lr0.01,17,1.1794366836547852,19237,8b52a4f927d7352f588aa00c079091ec4207e484cec075aa95a3a36b0833e623,experiments/mirror_applications/ma-255-parameter-superposition-mirror/artifacts/payloads/25501_0_mirror_rank8_lr0.01_17.pt,0.7869334300048649,1200
25501,0,mirror_rank8_lr0.01,18,1.0932589769363403,19237,4653907b222334aafd7730d190edd62183f71211d9290c6c668eaf139a7b74fb,experiments/mirror_applications/ma-255-parameter-superposition-mirror/artifacts/payloads/25501_0_mirror_rank8_lr0.01_18.pt,0.7869334300048649,1200
25501,0,mirror_rank8_lr0.01,19,1.171101450920105,19237,16b863f1ff212c88957cc55b4dc354f024268bb7726ed2bf0067f1a379ba1394,experiments/mirror_applications/ma-255-parameter-superposition-mirror/artifacts/payloads/25501_0_mirror_rank8_lr0.01_19.pt,0.7869334300048649,1200
25501,0,mirror_rank8_lr0.01,20,1.0754843950271606,19237,fff5aa53f60b3ae8eea15c58f8ea67a03d35bf98f91d37b7d6a5af5d7a3245cf,experiments/mirror_applications/ma-255-parameter-superposition-mirror/artifacts/payloads/25501_0_mirror_rank8_lr0.01_20.pt,0.7869334300048649,1200
25501,0,mirror_rank8_lr0.01,21,1.180789589881897,19237,03362fca8fc1bf270709e42028cd0a8b90386dd4fc6f420fd2e0443cd23b9882,experiments/mirror_applications/ma-255-parameter-superposition-mirror/artifacts/payloads/25501_0_mirror_rank8_lr0.01_21.pt,0.7869334300048649,1200
25501,0,mirror_rank8_lr0.01,22,1.1907367706298828,19237,223522bec2c0f4eae33b88426e0e7ca65607b4822fdd072b96f05499a11a6904,experiments/mirror_applications/ma-255-parameter-superposition-mirror/artifacts/payloads/25501_0_mirror_rank8_lr0.01_22.pt,0.7869334300048649,1200
25501,0,mirror_rank8_lr0.01,23,1.1619043350219727,19237,cf3c6ed54460a23fd16044a1e5376839f3782f18c90ba9bdb4668624e3827679,experiments/mirror_applications/ma-255-parameter-superposition-mirror/artifacts/payloads/25501_0_mirror_rank8_lr0.01_23.pt,0.7869334300048649,1200
25501,0,mirror_rank8_lr0.01,24,1.1931694746017456,19237,4ddeacfd8b65449b376ce9b253dca98a4a5586ee5ce590ad5c974f0dd84a529c,experiments/mirror_applications/ma-255-parameter-superposition-mirror/artifacts/payloads/25501_0_mirror_rank8_lr0.01_24.pt,0.7869334300048649,1200
25501,0,mirror_rank8_lr0.01,25,1.1249048709869385,19237,7f02d31c0c35fc8d1466ac831c214200e772a6926bb93fe14b74911a54e1e653,experiments/mirror_applications/ma-255-parameter-superposition-mirror/artifacts/payloads/25501_0_mirror_rank8_lr0.01_25.pt,0.7869334300048649,1200
25501,0,mirror_rank8_lr0.01,26,1.2608592510223389,19237,d337d5443c63c91dcd257e2fb6370b85dd0003fcaa67250210856c164353fb19,experiments/mirror_applications/ma-255-parameter-superposition-mirror/artifacts/payloads/25501_0_mirror_rank8_lr0.01_26.pt,0.7869334300048649,1200
25501,0,mirror_rank8_lr0.01,27,1.1447901725769043,19237,5b02195dbe1ca026342259d6e3724cabaae3946114502e9dcebf38f97bb02a91,experiments/mirror_applications/ma-255-parameter-superposition-mirror/artifacts/payloads/25501_0_mirror_rank8_lr0.01_27.pt,0.7869334300048649,1200
25501,0,mirror_rank8_lr0.01,28,1.050768256187439,19237,f2da5535bd8c7de97fc50d5bb26608f41cba2767da61514b64713a21454c815c,experiments/mirror_applications/ma-255-parameter-superposition-mirror/artifacts/payloads/25501_0_mirror_rank8_lr0.01_28.pt,0.7869334300048649,1200
25501,0,mirror_rank8_lr0.01,29,1.071235179901123,19237,794147a637cd60efd4072b0de779401c5056dcf13d074af0576f9d965f81fb7b,experiments/mirror_applications/ma-255-parameter-superposition-mirror/artifacts/payloads/25501_0_mirror_rank8_lr0.01_29.pt,0.7869334300048649,1200
25501,0,mirror_rank8_lr0.01,30,1.102278470993042,19237,0b579b4442e57c0a0f8b5273adfe49481f45f16d29b2471872d7f8c89501cd1b,experiments/mirror_applications/ma-255-parameter-superposition-mirror/artifacts/payloads/25501_0_mirror_rank8_lr0.01_30.pt,0.7869334300048649,1200
25501,0,mirror_rank8_lr0.01,31,1.1314934492111206,19237,1bbc95efe27f43344a35548b0eb687c3548344d22fba6daf830c29d1b1e4a5a9,experiments/mirror_applications/ma-255-parameter-superposition-mirror/artifacts/payloads/25501_0_mirror_rank8_lr0.01_31.pt,0.7869334300048649,1200
25501,0,mirror_rank8_lr0.1,0,1.103697419166565,19237,da2ff5478fcd030b8b920ba8c6d7242dac39edf3e1e6f2dbae59a7c470dccaa0,experiments/mirror_applications/ma-255-parameter-superposition-mirror/artifacts/payloads/25501_0_mirror_rank8_lr0.1_0.pt,0.6745366800023476,1200
25501,0,mirror_rank8_lr0.1,1,1.1163358688354492,19237,0158a111255d81371c9dff76ffc3ea389c17f4c22eef77c4e6b7dbb79428f2c6,experiments/mirror_applications/ma-255-parameter-superposition-mirror/artifacts/payloads/25501_0_mirror_rank8_lr0.1_1.pt,0.6745366800023476,1200
25501,0,mirror_rank8_lr0.1,2,1.1694533824920654,19237,463d1ed57660e089a9e1f8b116200db96bd2323ca007dc038b8f4e69732ee9d0,experiments/mirror_applications/ma-255-parameter-superposition-mirror/artifacts/payloads/25501_0_mirror_rank8_lr0.1_2.pt,0.6745366800023476,1200
25501,0,mirror_rank8_lr0.1,3,1.1587038040161133,19237,c25e296966a297c15c42e0c3ed590d1bc939a1b8dcc6924907f3066120473468,experiments/mirror_applications/ma-255-parameter-superposition-mirror/artifacts/payloads/25501_0_mirror_rank8_lr0.1_3.pt,0.6745366800023476,1200
25501,0,mirror_rank8_lr0.1,4,1.1882349252700806,19237,a6337d2fe50c76a1b6a1680a92595d985e0145cd2f894511a1f2429d44b7d804,experiments/mirror_applications/ma-255-parameter-superposition-mirror/artifacts/payloads/25501_0_mirror_rank8_lr0.1_4.pt,0.6745366800023476,1200
25501,0,mirror_rank8_lr0.1,5,1.196001410484314,19237,f76f10f0fee31218efa2d8553c543512aa9b396a9e71c19f91161ed83c857262,experiments/mirror_applications/ma-255-parameter-superposition-mirror/artifacts/payloads/25501_0_mirror_rank8_lr0.1_5.pt,0.6745366800023476,1200
25501,0,mirror_rank8_lr0.1,6,1.0847769975662231,19237,e2b76f4284371673be8076e565054b1e0f27bae0af938bd18c04b0b7a2eb9927,experiments/mirror_applications/ma-255-parameter-superposition-mirror/artifacts/payloads/25501_0_mirror_rank8_lr0.1_6.pt,0.6745366800023476,1200
25501,0,mirror_rank8_lr0.1,7,1.1588153839111328,19237,3d06304181c013edae30ca792f7d88842d318cd752ae67201742185394430168,experiments/mirror_applications/ma-255-parameter-superposition-mirror/artifacts/payloads/25501_0_mirror_rank8_lr0.1_7.pt,0.6745366800023476,1200
25501,0,mirror_rank8_lr0.1,8,1.1730841398239136,19237,faf82d9654ad50cced334a51fafd9ff121675de451db80a7a4919f50fdf54f7d,experiments/mirror_applications/ma-255-parameter-superposition-mirror/artifacts/payloads/25501_0_mirror_rank8_lr0.1_8.pt,0.6745366800023476,1200
25501,0,mirror_rank8_lr0.1,9,1.1139227151870728,19237,088ffab605856c3f2fd659000ce60b735c241548c4b37a8b9bdd4d8c7b560458,experiments/mirror_applications/ma-255-parameter-superposition-mirror/artifacts/payloads/25501_0_mirror_rank8_lr0.1_9.pt,0.6745366800023476,1200
25501,0,mirror_rank8_lr0.1,10,1.1802624464035034,19237,b9b29a740975dcc205a2c63bf5d5860ec40bc4fdefd96e55026f6987d6c00e60,experiments/mirror_applications/ma-255-parameter-superposition-mirror/artifacts/payloads/25501_0_mirror_rank8_lr0.1_10.pt,0.6745366800023476,1200
25501,0,mirror_rank8_lr0.1,11,1.1354223489761353,19237,aedde056ccf46b19e24320c0a39daac9de78bcaea29dcae4f5674fb1412dba1d,experiments/mirror_applications/ma-255-parameter-superposition-mirror/artifacts/payloads/25501_0_mirror_rank8_lr0.1_11.pt,0.6745366800023476,1200
25501,0,mirror_rank8_lr0.1,12,1.2094011306762695,19237,399ba190ef2799833c6bc5f77944e4b764239d96a460e47d9ac5de7ae82f960f,experiments/mirror_applications/ma-255-parameter-superposition-mirror/artifacts/payloads/25501_0_mirror_rank8_lr0.1_12.pt,0.6745366800023476,1200
25501,0,mirror_rank8_lr0.1,13,1.1917753219604492,19237,07de0a85b9fd773ee989fd51c09cd4586cdeefc5e79e214e6cdd9727b77f2938,experiments/mirror_applications/ma-255-parameter-superposition-mirror/artifacts/payloads/25501_0_mirror_rank8_lr0.1_13.pt,0.6745366800023476,1200
25501,0,mirror_rank8_lr0.1,14,1.1619776487350464,19237,d0c55d121ffb438d7e5742cd3b5efdee5d278a137418754126a3fc3f2f81091f,experiments/mirror_applications/ma-255-parameter-superposition-mirror/artifacts/payloads/25501_0_mirror_rank8_lr0.1_14.pt,0.6745366800023476,1200
25501,0,mirror_rank8_lr0.1,15,1.1932412385940552,19237,6982b7f1e294261346f6bec3c43f15eaa87069b26481f20648104551a7e383f7,experiments/mirror_applications/ma-255-parameter-superposition-mirror/artifacts/payloads/25501_0_mirror_rank8_lr0.1_15.pt,0.6745366800023476,1200
25501,0,mirror_rank8_lr0.1,16,1.2106198072433472,19237,2977cf4551ab9f718ab59638d006ae95983008602674e91906d21b76f442525d,experiments/mirror_applications/ma-255-parameter-superposition-mirror/artifacts/payloads/25501_0_mirror_rank8_lr0.1_16.pt,0.6745366800023476,1200
25501,0,mirror_rank8_lr0.1,17,1.179526448249817,19237,80919c2cb59441967d0e31c8ab656e84e25b020e2fef96cbb1e37f81499e6839,experiments/mirror_applications/ma-255-parameter-superposition-mirror/artifacts/payloads/25501_0_mirror_rank8_lr0.1_17.pt,0.6745366800023476,1200
25501,0,mirror_rank8_lr0.1,18,1.0931493043899536,19237,56f6fc936a4d950169b18ab204ebcda624d83385b4523d896fcbf71d81fe0235,experiments/mirror_applications/ma-255-parameter-superposition-mirror/artifacts/payloads/25501_0_mirror_rank8_lr0.1_18.pt,0.6745366800023476,1200
25501,0,mirror_rank8_lr0.1,19,1.1711808443069458,19237,bc4c275a91b9f36395f57bd3668e11910e1549ca0bb0d6121a5e4c444f853c98,experiments/mirror_applications/ma-255-parameter-superposition-mirror/artifacts/payloads/25501_0_mirror_rank8_lr0.1_19.pt,0.6745366800023476,1200
25501,0,mirror_rank8_lr0.1,20,1.0753238201141357,19237,56a918655d6e39770fc8be742ea19eb6c94d124af0998ffbc848ea0fdacd4ba0,experiments/mirror_applications/ma-255-parameter-superposition-mirror/artifacts/payloads/25501_0_mirror_rank8_lr0.1_20.pt,0.6745366800023476,1200
25501,0,mirror_rank8_lr0.1,21,1.1807173490524292,19237,77ff68f9e9f9beb5321a76fcaf1d407cc97f80df9ccfeb29379691adcb232a45,experiments/mirror_applications/ma-255-parameter-superposition-mirror/artifacts/payloads/25501_0_mirror_rank8_lr0.1_21.pt,0.6745366800023476,1200
25501,0,mirror_rank8_lr0.1,22,1.1910459995269775,19237,518ca43d15523ff0e61ed3da098cbd5621deba4a910b499c5abfd3e48e01b98a,experiments/mirror_applications/ma-255-parameter-superposition-mirror/artifacts/payloads/25501_0_mirror_rank8_lr0.1_22.pt,0.6745366800023476,1200
25501,0,mirror_rank8_lr0.1,23,1.1618577241897583,19237,b6c40c28f5ccf734403a99d8d0b4e04d9deb345585d2b5476e60a56838c547e5,experiments/mirror_applications/ma-255-parameter-superposition-mirror/artifacts/payloads/25501_0_mirror_rank8_lr0.1_23.pt,0.6745366800023476,1200
25501,0,mirror_rank8_lr0.1,24,1.1935080289840698,19237,02b91ec1975b12ed7b1ae6728347b1dd9435fd2488a4aaecd9273801d69989e0,experiments/mirror_applications/ma-255-parameter-superposition-mirror/artifacts/payloads/25501_0_mirror_rank8_lr0.1_24.pt,0.6745366800023476,1200
25501,0,mirror_rank8_lr0.1,25,1.1248596906661987,19237,15b4780d39c5c3a94e161115c4766d748c91a33cd774277dab9fb66709d70a51,experiments/mirror_applications/ma-255-parameter-superposition-mirror/artifacts/payloads/25501_0_mirror_rank8_lr0.1_25.pt,0.6745366800023476,1200
25501,0,mirror_rank8_lr0.1,26,1.260720133781433,19237,ad02404a086b2a7e25ce7057969624118d250bf0570e979433c8e463a048e7c3,experiments/mirror_applications/ma-255-parameter-superposition-mirror/artifacts/payloads/25501_0_mirror_rank8_lr0.1_26.pt,0.6745366800023476,1200
25501,0,mirror_rank8_lr0.1,27,1.1448345184326172,19237,5509ac0040a49611d97a94c64d8f431a832a1321ba31b563020c749c994342e0,experiments/mirror_applications/ma-255-parameter-superposition-mirror/artifacts/payloads/25501_0_mirror_rank8_lr0.1_27.pt,0.6745366800023476,1200
25501,0,mirror_rank8_lr0.1,28,1.0507800579071045,19237,1e8bd5899e0e8ec94a4536d0df43f57642e9bcc93558ca596dee3f272b9826f0,experiments/mirror_applications/ma-255-parameter-superposition-mirror/artifacts/payloads/25501_0_mirror_rank8_lr0.1_28.pt,0.6745366800023476,1200
25501,0,mirror_rank8_lr0.1,29,1.0712584257125854,19237,371a745fcdcbe17b8cd36f5cbfba8c75bc91396120ba290109f153c379e2b791,experiments/mirror_applications/ma-255-parameter-superposition-mirror/artifacts/payloads/25501_0_mirror_rank8_lr0.1_29.pt,0.6745366800023476,1200
25501,0,mirror_rank8_lr0.1,30,1.1023268699645996,19237,48d913c8baaded6d82e313eb6414d3d05983ad891f01b8b5e44a8ae8a20004d7,experiments/mirror_applications/ma-255-parameter-superposition-mirror/artifacts/payloads/25501_0_mirror_rank8_lr0.1_30.pt,0.6745366800023476,1200
25501,0,mirror_rank8_lr0.1,31,1.1308122873306274,19237,fe159a45cdab2d832b732dddac24517e1af15ff6254ae2b0a320556f0fe51e98,experiments/mirror_applications/ma-255-parameter-superposition-mirror/artifacts/payloads/25501_0_mirror_rank8_lr0.1_31.pt,0.6745366800023476,1200
25501,1,psp_random_unbind,0,1.0000004768371582,1116005,99c33e687d9a7d530bd9b00e219403a0a22c5ee3ea4616fdca0ea7239236db4c,experiments/mirror_applications/ma-255-parameter-superposition-mirror/artifacts/payloads/25501_1_psp_random_unbind_0.pt,0.0,0
25501,1,psp_random_unbind,1,1.0000001192092896,1116005,b823957099daf4388a82a8cfb3dd34a78c43931b8a3f8d0dcd8cf01c3c4bebbe,experiments/mirror_applications/ma-255-parameter-superposition-mirror/artifacts/payloads/25501_1_psp_random_unbind_1.pt,0.0,0
25501,1,psp_random_unbind,2,1.0000001192092896,1116005,34e86db00d36584983c92cc8c2a513756cf0b4d78c9e7121db0b05cf89c7ee31,experiments/mirror_applications/ma-255-parameter-superposition-mirror/artifacts/payloads/25501_1_psp_random_unbind_2.pt,0.0,0
25501,1,psp_random_unbind,3,1.0000003576278687,1116005,59fbdece4c1433319c1fb1cd2988baf753f431c4f8afb74bb5ec418de6f01425,experiments/mirror_applications/ma-255-parameter-superposition-mirror/artifacts/payloads/25501_1_psp_random_unbind_3.pt,0.0,0
25501,1,psp_random_unbind,4,1.0000041723251343,1116005,73fa565257a39d5da329c5af7d0ee7461de5065aa60c9176306d147da6fcc3c5,experiments/mirror_applications/ma-255-parameter-superposition-mirror/artifacts/payloads/25501_1_psp_random_unbind_4.pt,0.0,0
25501,1,psp_random_unbind,5,0.9999998211860657,1116005,dee19f5b5507c8cfb1c47fe8bb95943e17210645b03fe3a5847c8a1ca04803c7,experiments/mirror_applications/ma-255-parameter-superposition-mirror/artifacts/payloads/25501_1_psp_random_unbind_5.pt,0.0,0
25501,1,psp_random_unbind,6,0.9999999403953552,1116005,650e8b4055062091f021da839a86ec5b56a475a8c87bba413989e11cf484fee2,experiments/mirror_applications/ma-255-parameter-superposition-mirror/artifacts/payloads/25501_1_psp_random_unbind_6.pt,0.0,0
25501,1,psp_random_unbind,7,0.9999993443489075,1116005,56ff39b1742a7ca4ae6167bfdc9cf37bb8b4df2902964e7e4b9c19c987fb25e0,experiments/mirror_applications/ma-255-parameter-superposition-mirror/artifacts/payloads/25501_1_psp_random_unbind_7.pt,0.0,0
25501,1,psp_random_unbind,8,1.0000001192092896,1116005,992380fee532294039643169add188742f5020b88957c79a534bbf8ab819bee2,experiments/mirror_applications/ma-255-parameter-superposition-mirror/artifacts/payloads/25501_1_psp_random_unbind_8.pt,0.0,0
25501,1,psp_random_unbind,9,0.9999995827674866,1116005,8c69a799517f733ae673a59a673ee7ff3d217aa5e1f75476d83d76a704ead400,experiments/mirror_applications/ma-255-parameter-superposition-mirror/artifacts/payloads/25501_1_psp_random_unbind_9.pt,0.0,0
25501,1,psp_random_unbind,10,1.0000005960464478,1116005,69631a3dba468cf38b661e4b873a7eeaca6609e50873e3a9aefb0a2ccb651d67,experiments/mirror_applications/ma-255-parameter-superposition-mirror/artifacts/payloads/25501_1_psp_random_unbind_10.pt,0.0,0
25501,1,psp_random_unbind,11,0.999997615814209,1116005,cbebb4bbfe78e3cbc557fafb590414f5c92dad69d8d2e55bb3cc070118ee81f4,experiments/mirror_applications/ma-255-parameter-superposition-mirror/artifacts/payloads/25501_1_psp_random_unbind_11.pt,0.0,0
25501,1,psp_random_unbind,12,1.000000238418579,1116005,4ff5f7f352a850d27d2e31ed4eded06839ad64a68f65ab0f0ecc8bd3d40a4d53,experiments/mirror_applications/ma-255-parameter-superposition-mirror/artifacts/payloads/25501_1_psp_random_unbind_12.pt,0.0,0
25501,1,psp_random_unbind,13,1.0,1116005,517402b289a3bd1dfc0efe2504f3d4003c518468f248e9a9ae2fe232941c4473,experiments/mirror_applications/ma-255-parameter-superposition-mirror/artifacts/payloads/25501_1_psp_random_unbind_13.pt,0.0,0
25501,1,psp_random_unbind,14,1.000000238418579,1116005,9ade0987837e33f6134499ccba8546ff5336ef6b59c85b26bdf570cd2cb76da1,experiments/mirror_applications/ma-255-parameter-superposition-mirror/artifacts/payloads/25501_1_psp_random_unbind_14.pt,0.0,0
25501,1,psp_random_unbind,15,1.0,1116005,f49300baa0a27604297600ffcbd111cddaadd9722b30ba4c7179d6181a159db4,experiments/mirror_applications/ma-255-parameter-superposition-mirror/artifacts/payloads/25501_1_psp_random_unbind_15.pt,0.0,0
25501,1,psp_random_unbind,16,0.9999995827674866,1116005,727653a3951836d706f02d6df4b7e697da3d059e07ee2d3eec044a8b650b2157,experiments/mirror_applications/ma-255-parameter-superposition-mirror/artifacts/payloads/25501_1_psp_random_unbind_16.pt,0.0,0
25501,1,psp_random_unbind,17,0.9999998211860657,1116005,fd111c392862fab970b70a916bda23fdc9af83f1084835967f08c97b9bd88f86,experiments/mirror_applications/ma-255-parameter-superposition-mirror/artifacts/payloads/25501_1_psp_random_unbind_17.pt,0.0,0
25501,1,psp_random_unbind,18,1.0000003576278687,1116005,f2c28f1d165750666cdfabfb623ae5cee828647da3c9581dd7cdb0c7e4522c7f,experiments/mirror_applications/ma-255-parameter-superposition-mirror/artifacts/payloads/25501_1_psp_random_unbind_18.pt,0.0,0
25501,1,psp_random_unbind,19,0.9999974370002747,1116005,f97f6d50857ec2d5d1e41f03277d8d6dc71dcdd2c7c4eec7492e80f78080183c,experiments/mirror_applications/ma-255-parameter-superposition-mirror/artifacts/payloads/25501_1_psp_random_unbind_19.pt,0.0,0
25501,1,psp_random_unbind,20,1.000001072883606,1116005,7e4434fd5561a81c075d85c030eccf71b8adf5d02cc9143baa7139a237368ff1,experiments/mirror_applications/ma-255-parameter-superposition-mirror/artifacts/payloads/25501_1_psp_random_unbind_20.pt,0.0,0
25501,1,psp_random_unbind,21,1.000000238418579,1116005,603f74c75058c064af5c37f8c366613d27a962c56e906a0e4cd917371ede9254,experiments/mirror_applications/ma-255-parameter-superposition-mirror/artifacts/payloads/25501_1_psp_random_unbind_21.pt,0.0,0
25501,1,psp_random_unbind,22,0.9999996423721313,1116005,2c1bbefffd7ea6a88c1fef2108aaf0d26aea5ed0b2c7183977d5dbddcd4f0d54,experiments/mirror_applications/ma-255-parameter-superposition-mirror/artifacts/payloads/25501_1_psp_random_unbind_22.pt,0.0,0
25501,1,psp_random_unbind,23,1.0000008344650269,1116005,116979bb2b3c384c3f70bdda992d1fcf57f670ff8eff4a42134ac73a5f83e386,experiments/mirror_applications/ma-255-parameter-superposition-mirror/artifacts/payloads/25501_1_psp_random_unbind_23.pt,0.0,0
25501,1,psp_random_unbind,24,1.0000007152557373,1116005,045e7dd7003baaaf18f184506399ffd5ca87c0ac08cd4bb9d842c325f6e49e5e,experiments/mirror_applications/ma-255-parameter-superposition-mirror/artifacts/payloads/25501_1_psp_random_unbind_24.pt,0.0,0
25501,1,psp_random_unbind,25,1.0000004768371582,1116005,03b1d29b3371eff791c8835426aa2b165fd47e17c21de365d180b98b590f7f21,experiments/mirror_applications/ma-255-parameter-superposition-mirror/artifacts/payloads/25501_1_psp_random_unbind_25.pt,0.0,0
25501,1,psp_random_unbind,26,0.9999995827674866,1116005,fd6e8e63ce8efa5a4aae65222129131303c11e202f61c7eedfd9327d95b785c2,experiments/mirror_applications/ma-255-parameter-superposition-mirror/artifacts/payloads/25501_1_psp_random_unbind_26.pt,0.0,0
25501,1,psp_random_unbind,27,1.0000014305114746,1116005,26850249eefcd3e0c24a6930535a0d9194460af1ab9035bef853b1141104e925,experiments/mirror_applications/ma-255-parameter-superposition-mirror/artifacts/payloads/25501_1_psp_random_unbind_27.pt,0.0,0
25501,1,psp_random_unbind,28,1.0000005960464478,1116005,b106fd966c8d0531d2f7db05f8519a9624dd5941d9fa87ce9415d35f893d52fe,experiments/mirror_applications/ma-255-parameter-superposition-mirror/artifacts/payloads/25501_1_psp_random_unbind_28.pt,0.0,0
25501,1,psp_random_unbind,29,1.0000030994415283,1116005,c52112a563317467eaa1e92cae38755adc4cec1a1ddd60997465454a7c817bfa,experiments/mirror_applications/ma-255-parameter-superposition-mirror/artifacts/payloads/25501_1_psp_random_unbind_29.pt,0.0,0
25501,1,psp_random_unbind,30,1.000001072883606,1116005,bb5e51a274a19105c71eb0ba616b528f87195db1b6aab79c749948f0aa74d42e,experiments/mirror_applications/ma-255-parameter-superposition-mirror/artifacts/payloads/25501_1_psp_random_unbind_30.pt,0.0,0
25501,1,psp_random_unbind,31,0.9999999403953552,1116005,60644724f9cb89c9ec5e81fc2a78d828eb8452943d5661c1a861e7213585eadf,experiments/mirror_applications/ma-255-parameter-superposition-mirror/artifacts/payloads/25501_1_psp_random_unbind_31.pt,0.0,0
25501,1,shared_tensor_no_task_code,0,5.752110004425049,3877,5f8a92b85de7c97a8f3830039c662980decb08083721b5132a712c03bde1165f,experiments/mirror_applications/ma-255-parameter-superposition-mirror/artifacts/payloads/25501_1_shared_tensor_no_task_code_0.pt,0.0,0
25501,1,shared_tensor_no_task_code,1,6.036163330078125,3877,b44af76fe93c3202542b4b62107a7708ef42234d2ebbf1fa410718d83cb3e8ec,experiments/mirror_applications/ma-255-parameter-superposition-mirror/artifacts/payloads/25501_1_shared_tensor_no_task_code_1.pt,0.0,0
25501,1,shared_tensor_no_task_code,2,5.372807502746582,3877,d1baccfce9b7a64a14907ac028d7b6abee78713ba0432a5ce65ef5e106eaaf1c,experiments/mirror_applications/ma-255-parameter-superposition-mirror/artifacts/payloads/25501_1_shared_tensor_no_task_code_2.pt,0.0,0
25501,1,shared_tensor_no_task_code,3,5.870913028717041,3877,2bd2409c2020c6f26e9911806aa2ceee27f932f6fe9144878dab21fdf02acb5f,experiments/mirror_applications/ma-255-parameter-superposition-mirror/artifacts/payloads/25501_1_shared_tensor_no_task_code_3.pt,0.0,0
25501,1,shared_tensor_no_task_code,4,5.985579490661621,3877,7ce75d76963d438a6ea220776162d7e9ae53573935be1c2eaefeeed4c35fd977,experiments/mirror_applications/ma-255-parameter-superposition-mirror/artifacts/payloads/25501_1_shared_tensor_no_task_code_4.pt,0.0,0
25501,1,shared_tensor_no_task_code,5,5.776224613189697,3877,0ab32acc4255d7484d686bbcf2ffd6ebd6cbb1fa8e156c0868bd364e19ffb206,experiments/mirror_applications/ma-255-parameter-superposition-mirror/artifacts/payloads/25501_1_shared_tensor_no_task_code_5.pt,0.0,0
25501,1,shared_tensor_no_task_code,6,5.8771185874938965,3877,26b845d49af9d2f73c0cf9f45f6e15e1ef352462f19d2e741af816e0a946054e,experiments/mirror_applications/ma-255-parameter-superposition-mirror/artifacts/payloads/25501_1_shared_tensor_no_task_code_6.pt,0.0,0
25501,1,shared_tensor_no_task_code,7,5.760391712188721,3877,94ce74164f18c0f685e9c48c915d818f4bad8e8b115eeb24be4c3773c3786fb7,experiments/mirror_applications/ma-255-parameter-superposition-mirror/artifacts/payloads/25501_1_shared_tensor_no_task_code_7.pt,0.0,0
25501,1,shared_tensor_no_task_code,8,5.770325660705566,3877,62fef9f4cf960908ee70e113c18ecd9c15710ecb94b529a8251d0357b0fea4b8,experiments/mirror_applications/ma-255-parameter-superposition-mirror/artifacts/payloads/25501_1_shared_tensor_no_task_code_8.pt,0.0,0
25501,1,shared_tensor_no_task_code,9,6.690980911254883,3877,ec76e5e0aed6b9491fa1a827737dc8d4e58238a90023d5e6e59798d829d723a6,experiments/mirror_applications/ma-255-parameter-superposition-mirror/artifacts/payloads/25501_1_shared_tensor_no_task_code_9.pt,0.0,0
25501,1,shared_tensor_no_task_code,10,5.8621368408203125,3877,0ce3ad413e0515206667266271d1dc29e6732033dfdf095c0b02e2d027fd0fad,experiments/mirror_applications/ma-255-parameter-superposition-mirror/artifacts/payloads/25501_1_shared_tensor_no_task_code_10.pt,0.0,0
25501,1,shared_tensor_no_task_code,11,5.62404727935791,3877,9e495f6cd7db279d49fb8a3734bc98472ae4adf707e81f80434b62a48e4a7750,experiments/mirror_applications/ma-255-parameter-superposition-mirror/artifacts/payloads/25501_1_shared_tensor_no_task_code_11.pt,0.0,0
25501,1,shared_tensor_no_task_code,12,6.149311542510986,3877,e09d4bb5c2d91ef5b98e73b5265116d3211f81daab44124757d92185869f682c,experiments/mirror_applications/ma-255-parameter-superposition-mirror/artifacts/payloads/25501_1_shared_tensor_no_task_code_12.pt,0.0,0
25501,1,shared_tensor_no_task_code,13,5.968532562255859,3877,838f031b154f8a04418ad169bd35f59a6ea51cba6799dfdbd19bb0b345200ac3,experiments/mirror_applications/ma-255-parameter-superposition-mirror/artifacts/payloads/25501_1_shared_tensor_no_task_code_13.pt,0.0,0
25501,1,shared_tensor_no_task_code,14,6.501293182373047,3877,eb59d8bdda209e8ac8392bea0c60b4bb107b0da05708252b7f60bb6e14338d17,experiments/mirror_applications/ma-255-parameter-superposition-mirror/artifacts/payloads/25501_1_shared_tensor_no_task_code_14.pt,0.0,0
25501,1,shared_tensor_no_task_code,15,5.488850116729736,3877,95652236c799730b33a17379a5f893a1baa49a593f25471df3c35084c9714f1e,experiments/mirror_applications/ma-255-parameter-superposition-mirror/artifacts/payloads/25501_1_shared_tensor_no_task_code_15.pt,0.0,0
25501,1,shared_tensor_no_task_code,16,5.856494903564453,3877,9375630d7141a04e9c81700999c32ced48a2efa5c7e50bc522ce4edcd8196bfc,experiments/mirror_applications/ma-255-parameter-superposition-mirror/artifacts/payloads/25501_1_shared_tensor_no_task_code_16.pt,0.0,0
25501,1,shared_tensor_no_task_code,17,5.600050926208496,3877,9d8a6ed639e36fcbe272401a7c56203a54bbceec66a80d3e30e83d4b220dd58a,experiments/mirror_applications/ma-255-parameter-superposition-mirror/artifacts/payloads/25501_1_shared_tensor_no_task_code_17.pt,0.0,0
25501,1,shared_tensor_no_task_code,18,6.0709123611450195,3877,f16a2ede99290b4b69a0ad00e7266541d5fa04aaf9016ffa3cdcf08087abeb26,experiments/mirror_applications/ma-255-parameter-superposition-mirror/artifacts/payloads/25501_1_shared_tensor_no_task_code_18.pt,0.0,0
25501,1,shared_tensor_no_task_code,19,5.848073482513428,3877,2e194352b1bc9359772480fcd52ab8f6833e1087d9ab4a9035372593c94ef981,experiments/mirror_applications/ma-255-parameter-superposition-mirror/artifacts/payloads/25501_1_shared_tensor_no_task_code_19.pt,0.0,0
25501,1,shared_tensor_no_task_code,20,5.79762077331543,3877,4e1ee4d6f21e920be8ed6916184e7b02287532a069c50fc29917e291c24a7979,experiments/mirror_applications/ma-255-parameter-superposition-mirror/artifacts/payloads/25501_1_shared_tensor_no_task_code_20.pt,0.0,0
25501,1,shared_tensor_no_task_code,21,5.749708652496338,3877,5048d846de09670169694ac7cc265f102583e4204bd184c1804cba5c206c5603,experiments/mirror_applications/ma-255-parameter-superposition-mirror/artifacts/payloads/25501_1_shared_tensor_no_task_code_21.pt,0.0,0
25501,1,shared_tensor_no_task_code,22,5.814198970794678,3877,5a0985e99f8da389205054d59cd32870c6102bbf2e1053009b09d4fa3d8a586f,experiments/mirror_applications/ma-255-parameter-superposition-mirror/artifacts/payloads/25501_1_shared_tensor_no_task_code_22.pt,0.0,0
25501,1,shared_tensor_no_task_code,23,5.7874531745910645,3877,3413862660513c6405bfab935f9fe8bca52617a3a6e96111f1df445008b62db3,experiments/mirror_applications/ma-255-parameter-superposition-mirror/artifacts/payloads/25501_1_shared_tensor_no_task_code_23.pt,0.0,0
25501,1,shared_tensor_no_task_code,24,5.767707347869873,3877,23d5da3e75e01b8f66f87ff1fc19e8ae33db23a2dd68a209b7e2a1b41670ec13,experiments/mirror_applications/ma-255-parameter-superposition-mirror/artifacts/payloads/25501_1_shared_tensor_no_task_code_24.pt,0.0,0
25501,1,shared_tensor_no_task_code,25,6.093803405761719,3877,229363ee3d30075b1da17a30d52b7fd6d6706349823a1b79a6d2c67ebd4de144,experiments/mirror_applications/ma-255-parameter-superposition-mirror/artifacts/payloads/25501_1_shared_tensor_no_task_code_25.pt,0.0,0
25501,1,shared_tensor_no_task_code,26,5.930904388427734,3877,a8d5eb9f65754bbb56bee79bef1f9b6273ee36b2f721bccc80ea4523c6a4fed6,experiments/mirror_applications/ma-255-parameter-superposition-mirror/artifacts/payloads/25501_1_shared_tensor_no_task_code_26.pt,0.0,0
25501,1,shared_tensor_no_task_code,27,5.71595573425293,3877,379a46a12e68932240b1046f833aa3c4c0f3597e35e6b740a132bf860004f1be,experiments/mirror_applications/ma-255-parameter-superposition-mirror/artifacts/payloads/25501_1_shared_tensor_no_task_code_27.pt,0.0,0
25501,1,shared_tensor_no_task_code,28,5.718191623687744,3877,6f57e7ad197d7b60ccfe9cce2d430bae5f824e90cd4c66a1941a8c22a91ec8a4,experiments/mirror_applications/ma-255-parameter-superposition-mirror/artifacts/payloads/25501_1_shared_tensor_no_task_code_28.pt,0.0,0
25501,1,shared_tensor_no_task_code,29,5.115330696105957,3877,89aa62879e959efe45a04476759b0157869f5c58444456bfed22d920f3e6dceb,experiments/mirror_applications/ma-255-parameter-superposition-mirror/artifacts/payloads/25501_1_shared_tensor_no_task_code_29.pt,0.0,0
25501,1,shared_tensor_no_task_code,30,5.83532190322876,3877,dedbe075ccf062cb956f748d772ce94a2d3614c7bc10b9dbddb8eafad6b24912,experiments/mirror_applications/ma-255-parameter-superposition-mirror/artifacts/payloads/25501_1_shared_tensor_no_task_code_30.pt,0.0,0
25501,1,shared_tensor_no_task_code,31,5.7211012840271,3877,9efa0c16a38a5317d54df582eb3c1f1a5d20004d129ed46db8c924d33cda7a31,experiments/mirror_applications/ma-255-parameter-superposition-mirror/artifacts/payloads/25501_1_shared_tensor_no_task_code_31.pt,0.0,0
25501,1,mirror_rank8_lr0.001,0,1.1472299098968506,19237,b2052685f8d46b40b229ed794d7410946ee8f8dedec5e4de94337786bdf84550,experiments/mirror_applications/ma-255-parameter-superposition-mirror/artifacts/payloads/25501_1_mirror_rank8_lr0.001_0.pt,0.6897296539973468,1200
25501,1,mirror_rank8_lr0.001,1,1.1168296337127686,19237,cb6906fd58de37176724e813976d405b7ea9b4b697dd45b826da19e129976512,experiments/mirror_applications/ma-255-parameter-superposition-mirror/artifacts/payloads/25501_1_mirror_rank8_lr0.001_1.pt,0.6897296539973468,1200
25501,1,mirror_rank8_lr0.001,2,1.1561193466186523,19237,10331a7e81e36021fdb037eedb11fe11498095a03a517bcaa94880558111b480,experiments/mirror_applications/ma-255-parameter-superposition-mirror/artifacts/payloads/25501_1_mirror_rank8_lr0.001_2.pt,0.6897296539973468,1200
25501,1,mirror_rank8_lr0.001,3,1.1161383390426636,19237,802ce84003efc883a1b5d6724d2f2b76144e84196ad7b140e67aed767cefce65,experiments/mirror_applications/ma-255-parameter-superposition-mirror/artifacts/payloads/25501_1_mirror_rank8_lr0.001_3.pt,0.6897296539973468,1200
25501,1,mirror_rank8_lr0.001,4,1.085749864578247,19237,ea7fa09fc6c0b4439fe8b5858c3fa9dc0cbf75a8e91b686739874b7258e6ed9b,experiments/mirror_applications/ma-255-parameter-superposition-mirror/artifacts/payloads/25501_1_mirror_rank8_lr0.001_4.pt,0.6897296539973468,1200
25501,1,mirror_rank8_lr0.001,5,1.1922965049743652,19237,49f39cdb06dc5952f32be1bd012c5fc2acbf872ef11ec5795fd3e5f618faf96f,experiments/mirror_applications/ma-255-parameter-superposition-mirror/artifacts/payloads/25501_1_mirror_rank8_lr0.001_5.pt,0.6897296539973468,1200
25501,1,mirror_rank8_lr0.001,6,1.1394858360290527,19237,b8a84aa9807825625bc766efd34ed8327d7f4187c3a10badbb10b1047b086430,experiments/mirror_applications/ma-255-parameter-superposition-mirror/artifacts/payloads/25501_1_mirror_rank8_lr0.001_6.pt,0.6897296539973468,1200
25501,1,mirror_rank8_lr0.001,7,1.170387625694275,19237,9e3ef5995d2f4ca087458015f5d2cb94e4e9f367c2e61b299c7088b3a94df74b,experiments/mirror_applications/ma-255-parameter-superposition-mirror/artifacts/payloads/25501_1_mirror_rank8_lr0.001_7.pt,0.6897296539973468,1200
25501,1,mirror_rank8_lr0.001,8,1.1610004901885986,19237,dfee48e7c34fd7beed014c4c097516596aa5c386cc80e94a0be47c33b1739cd4,experiments/mirror_applications/ma-255-parameter-superposition-mirror/artifacts/payloads/25501_1_mirror_rank8_lr0.001_8.pt,0.6897296539973468,1200
25501,1,mirror_rank8_lr0.001,9,1.1686112880706787,19237,d25b11b1c3db26434a5f8b41dbaf35d0cea3ace2367444cb659435e65799bf98,experiments/mirror_applications/ma-255-parameter-superposition-mirror/artifacts/payloads/25501_1_mirror_rank8_lr0.001_9.pt,0.6897296539973468,1200
25501,1,mirror_rank8_lr0.001,10,1.213320016860962,19237,96d68095c901b7bace65e31ac1d1dddc189cc2146d2d43025ef17b1472353cbf,experiments/mirror_applications/ma-255-parameter-superposition-mirror/artifacts/payloads/25501_1_mirror_rank8_lr0.001_10.pt,0.6897296539973468,1200
25501,1,mirror_rank8_lr0.001,11,1.1012976169586182,19237,b9aa893013929821315709fee556abe5f102c5b5334fe9b5e83dc4019a6bf838,experiments/mirror_applications/ma-255-parameter-superposition-mirror/artifacts/payloads/25501_1_mirror_rank8_lr0.001_11.pt,0.6897296539973468,1200
25501,1,mirror_rank8_lr0.001,12,1.109708309173584,19237,09164f5b78078bb0c7a65a0dfa26694d7493c3a6c87efd207e3f3e6e266832bb,experiments/mirror_applications/ma-255-parameter-superposition-mirror/artifacts/payloads/25501_1_mirror_rank8_lr0.001_12.pt,0.6897296539973468,1200
25501,1,mirror_rank8_lr0.001,13,1.1367965936660767,19237,dafb3d8aa0c8cc1cb62c8ff124e8ecf9e2f5bb6b6e6420f9c210ca3f8448df96,experiments/mirror_applications/ma-255-parameter-superposition-mirror/artifacts/payloads/25501_1_mirror_rank8_lr0.001_13.pt,0.6897296539973468,1200
25501,1,mirror_rank8_lr0.001,14,1.205281376838684,19237,dcf4b83839e7dc8203a7fd0d5d6247676f784d1d2a913a2835187a9bda354f75,experiments/mirror_applications/ma-255-parameter-superposition-mirror/artifacts/payloads/25501_1_mirror_rank8_lr0.001_14.pt,0.6897296539973468,1200
25501,1,mirror_rank8_lr0.001,15,1.1284583806991577,19237,4078f3553a991b2a27631aa59c7cca49700a9b86695e98ee41abc41a96b9db5b,experiments/mirror_applications/ma-255-parameter-superposition-mirror/artifacts/payloads/25501_1_mirror_rank8_lr0.001_15.pt,0.6897296539973468,1200
25501,1,mirror_rank8_lr0.001,16,1.18880295753479,19237,ba3a47503e9c07d5375df831d68f5dc9cd32fe435fc743356030449bde7e0591,experiments/mirror_applications/ma-255-parameter-superposition-mirror/artifacts/payloads/25501_1_mirror_rank8_lr0.001_16.pt,0.6897296539973468,1200
25501,1,mirror_rank8_lr0.001,17,1.1437957286834717,19237,4de6de572275704aa21044ef2348d0a0dfff35450eead167ea7574724e548c3c,experiments/mirror_applications/ma-255-parameter-superposition-mirror/artifacts/payloads/25501_1_mirror_rank8_lr0.001_17.pt,0.6897296539973468,1200
25501,1,mirror_rank8_lr0.001,18,1.0655056238174438,19237,ed929fd26a69f208a922ca6e09d17d75295b16b4049ed89c180e35519cec5e48,experiments/mirror_applications/ma-255-parameter-superposition-mirror/artifacts/payloads/25501_1_mirror_rank8_lr0.001_18.pt,0.6897296539973468,1200
25501,1,mirror_rank8_lr0.001,19,1.0840855836868286,19237,2a3474c01247d7ba90c145cf7c24d4c5345b40b563337a5348105ce4017340d2,experiments/mirror_applications/ma-255-parameter-superposition-mirror/artifacts/payloads/25501_1_mirror_rank8_lr0.001_19.pt,0.6897296539973468,1200
25501,1,mirror_rank8_lr0.001,20,1.2125056982040405,19237,172be7de5519c7051bb45d5a9246535372f96c9b391f44badc5fe0ca090ec04f,experiments/mirror_applications/ma-255-parameter-superposition-mirror/artifacts/payloads/25501_1_mirror_rank8_lr0.001_20.pt,0.6897296539973468,1200
25501,1,mirror_rank8_lr0.001,21,1.1064038276672363,19237,0e4b4bb00b0d045e546062dc04dc47e32cee561885a7d4e8a014cebdce216497,experiments/mirror_applications/ma-255-parameter-superposition-mirror/artifacts/payloads/25501_1_mirror_rank8_lr0.001_21.pt,0.6897296539973468,1200
25501,1,mirror_rank8_lr0.001,22,1.1737611293792725,19237,ce217edecc60a9145ea9dc76f897c677d32d75264ad2ad7bdc4625aa9c383ed7,experiments/mirror_applications/ma-255-parameter-superposition-mirror/artifacts/payloads/25501_1_mirror_rank8_lr0.001_22.pt,0.6897296539973468,1200
25501,1,mirror_rank8_lr0.001,23,1.0757405757904053,19237,bb9202cb011f36dfccaa748c4c86efb7fa0cae8c9c44b802b8f6f53f0c71cea2,experiments/mirror_applications/ma-255-parameter-superposition-mirror/artifacts/payloads/25501_1_mirror_rank8_lr0.001_23.pt,0.6897296539973468,1200
25501,1,mirror_rank8_lr0.001,24,1.1913087368011475,19237,f0816ef6c6d95f38b8a34b47c5ea589d031c47a2f1e6dde5e1423c6481e368b7,experiments/mirror_applications/ma-255-parameter-superposition-mirror/artifacts/payloads/25501_1_mirror_rank8_lr0.001_24.pt,0.6897296539973468,1200
25501,1,mirror_rank8_lr0.001,25,1.1134052276611328,19237,52a2d04b8f142fc5e93b182c0f55b368a1940798ef810ede7f43f4720b941975,experiments/mirror_applications/ma-255-parameter-superposition-mirror/artifacts/payloads/25501_1_mirror_rank8_lr0.001_25.pt,0.6897296539973468,1200
25501,1,mirror_rank8_lr0.001,26,1.1041017770767212,19237,736b706924963d9f40cd98f1ab2059082ed45b45865c2dd881098f007e6f8f3b,experiments/mirror_applications/ma-255-parameter-superposition-mirror/artifacts/payloads/25501_1_mirror_rank8_lr0.001_26.pt,0.6897296539973468,1200
25501,1,mirror_rank8_lr0.001,27,1.157425045967102,19237,ffa8786688663e723ae32dedffee77a57fea96a7ec74e136065d3020f68b50e2,experiments/mirror_applications/ma-255-parameter-superposition-mirror/artifacts/payloads/25501_1_mirror_rank8_lr0.001_27.pt,0.6897296539973468,1200
25501,1,mirror_rank8_lr0.001,28,1.1646332740783691,19237,4a916230e4aefe2b2105f7c8e9c41b30bd0473b837534da00e06b79c06328b0d,experiments/mirror_applications/ma-255-parameter-superposition-mirror/artifacts/payloads/25501_1_mirror_rank8_lr0.001_28.pt,0.6897296539973468,1200
25501,1,mirror_rank8_lr0.001,29,1.1785753965377808,19237,f361fdf0d3b74781d92eb9e761ff59925e822539d9c7dbf8e04795fe62bcef7c,experiments/mirror_applications/ma-255-parameter-superposition-mirror/artifacts/payloads/25501_1_mirror_rank8_lr0.001_29.pt,0.6897296539973468,1200
25501,1,mirror_rank8_lr0.001,30,1.1892516613006592,19237,3c7e2c49b2664aaf14b066d9243238dcec0d7bf734a475548bb40f05b76bd05b,experiments/mirror_applications/ma-255-parameter-superposition-mirror/artifacts/payloads/25501_1_mirror_rank8_lr0.001_30.pt,0.6897296539973468,1200
25501,1,mirror_rank8_lr0.001,31,1.260233759880066,19237,98abf44d39db8e221e86b1d13e93f405aa4e9ee62d66d83978767ba3b4726774,experiments/mirror_applications/ma-255-parameter-superposition-mirror/artifacts/payloads/25501_1_mirror_rank8_lr0.001_31.pt,0.6897296539973468,1200
25501,1,mirror_rank8_lr0.01,0,1.1575756072998047,19237,859e0aa71c84aaadb1d41ad68bd59db8bcc089dea561155900a98b29ffddb4c1,experiments/mirror_applications/ma-255-parameter-superposition-mirror/artifacts/payloads/25501_1_mirror_rank8_lr0.01_0.pt,0.7205371679883683,1200
25501,1,mirror_rank8_lr0.01,1,1.090377926826477,19237,d1ad82841d6aecd65aea177c62d9d63ec70c5363fa8cbc771a31e7c7e136bec8,experiments/mirror_applications/ma-255-parameter-superposition-mirror/artifacts/payloads/25501_1_mirror_rank8_lr0.01_1.pt,0.7205371679883683,1200
25501,1,mirror_rank8_lr0.01,2,1.164079189300537,19237,5de2b7787d3f62879d2107e78fe1ddecaddc09191aef06f6633dc5d4abc0b4a8,experiments/mirror_applications/ma-255-parameter-superposition-mirror/artifacts/payloads/25501_1_mirror_rank8_lr0.01_2.pt,0.7205371679883683,1200
25501,1,mirror_rank8_lr0.01,3,1.1676300764083862,19237,514901533550caff2af314740cbdac665e21214c6a4966cac45137747fe17f7f,experiments/mirror_applications/ma-255-parameter-superposition-mirror/artifacts/payloads/25501_1_mirror_rank8_lr0.01_3.pt,0.7205371679883683,1200
25501,1,mirror_rank8_lr0.01,4,1.1219875812530518,19237,b3983db96fd74649eac5422696a231d1fb65ded3204d59b28a63a1a68d996b8d,experiments/mirror_applications/ma-255-parameter-superposition-mirror/artifacts/payloads/25501_1_mirror_rank8_lr0.01_4.pt,0.7205371679883683,1200
25501,1,mirror_rank8_lr0.01,5,1.2009156942367554,19237,2ab56f694172ab73ca5e690a42566b3b15e969ca9377c7764844ed563b245708,experiments/mirror_applications/ma-255-parameter-superposition-mirror/artifacts/payloads/25501_1_mirror_rank8_lr0.01_5.pt,0.7205371679883683,1200
25501,1,mirror_rank8_lr0.01,6,1.135090708732605,19237,ab4c05b7413470caae72634413b9428775e96bb3e08bb8ab5f4399abe0929495,experiments/mirror_applications/ma-255-parameter-superposition-mirror/artifacts/payloads/25501_1_mirror_rank8_lr0.01_6.pt,0.7205371679883683,1200
25501,1,mirror_rank8_lr0.01,7,1.1371876001358032,19237,c6c002b152f167c8846ad706980c96e412cf307170cb597b6d23b94da1efd74c,experiments/mirror_applications/ma-255-parameter-superposition-mirror/artifacts/payloads/25501_1_mirror_rank8_lr0.01_7.pt,0.7205371679883683,1200
25501,1,mirror_rank8_lr0.01,8,1.1021757125854492,19237,11b3a9c91772faa3b92e488083a59046a29e0d7a82882d7c0e7c4d6931e018d2,experiments/mirror_applications/ma-255-parameter-superposition-mirror/artifacts/payloads/25501_1_mirror_rank8_lr0.01_8.pt,0.7205371679883683,1200
25501,1,mirror_rank8_lr0.01,9,1.234544277191162,19237,e3447138870741e6ac20d0d7eef58c7d2e8b77043525f2bec78347adea08afcd,experiments/mirror_applications/ma-255-parameter-superposition-mirror/artifacts/payloads/25501_1_mirror_rank8_lr0.01_9.pt,0.7205371679883683,1200
25501,1,mirror_rank8_lr0.01,10,1.1048846244812012,19237,8d086bcd61e8a7793715a5bd4f09283b334fe0a451ddc33a11ddf5659e8cf627,experiments/mirror_applications/ma-255-parameter-superposition-mirror/artifacts/payloads/25501_1_mirror_rank8_lr0.01_10.pt,0.7205371679883683,1200
25501,1,mirror_rank8_lr0.01,11,1.1398810148239136,19237,eed266778371609253f650b25e18d1c1f82547a5c59218cc5dcc91596c50a21a,experiments/mirror_applications/ma-255-parameter-superposition-mirror/artifacts/payloads/25501_1_mirror_rank8_lr0.01_11.pt,0.7205371679883683,1200
25501,1,mirror_rank8_lr0.01,12,1.1259716749191284,19237,92eafe91445452f15c8fad6cee7e56f8947cdd8e7b20e710921fd70c24a44fda,experiments/mirror_applications/ma-255-parameter-superposition-mirror/artifacts/payloads/25501_1_mirror_rank8_lr0.01_12.pt,0.7205371679883683,1200
25501,1,mirror_rank8_lr0.01,13,1.1062719821929932,19237,56319d8c75eed4c04f951c5563e3cbee11a5599e5e26a3b451c1dc66f5c3e71a,experiments/mirror_applications/ma-255-parameter-superposition-mirror/artifacts/payloads/25501_1_mirror_rank8_lr0.01_13.pt,0.7205371679883683,1200
25501,1,mirror_rank8_lr0.01,14,1.1337077617645264,19237,a4d5ab558a758fcd26f1719bb16c4d3ed680e9f95b1af7a4d1d188b54ff8c630,experiments/mirror_applications/ma-255-parameter-superposition-mirror/artifacts/payloads/25501_1_mirror_rank8_lr0.01_14.pt,0.7205371679883683,1200
25501,1,mirror_rank8_lr0.01,15,1.1722736358642578,19237,4f259fb732c82081aac5e892f47a0f3e7b318949f5b248f7fab45d8268e7bc8d,experiments/mirror_applications/ma-255-parameter-superposition-mirror/artifacts/payloads/25501_1_mirror_rank8_lr0.01_15.pt,0.7205371679883683,1200
25501,1,mirror_rank8_lr0.01,16,1.2193796634674072,19237,3636adfb7ae95cf1afa0d97f818dc597e5243093e02d09e1a035eaa695e1eb5f,experiments/mirror_applications/ma-255-parameter-superposition-mirror/artifacts/payloads/25501_1_mirror_rank8_lr0.01_16.pt,0.7205371679883683,1200
25501,1,mirror_rank8_lr0.01,17,1.1506588459014893,19237,915b552b05293df24fe84d65c4668601894fb16f493698a585c813dd4b3f4f96,experiments/mirror_applications/ma-255-parameter-superposition-mirror/artifacts/payloads/25501_1_mirror_rank8_lr0.01_17.pt,0.7205371679883683,1200
25501,1,mirror_rank8_lr0.01,18,1.0886549949645996,19237,0bb805b6214772182275d911717f5fba8496c0279b589cdda2fcf86afb5c8c03,experiments/mirror_applications/ma-255-parameter-superposition-mirror/artifacts/payloads/25501_1_mirror_rank8_lr0.01_18.pt,0.7205371679883683,1200
25501,1,mirror_rank8_lr0.01,19,1.114858865737915,19237,07b11a8a85f507a79e035bd155a1544f16b04072d9b19c7de452dd054ed12d37,experiments/mirror_applications/ma-255-parameter-superposition-mirror/artifacts/payloads/25501_1_mirror_rank8_lr0.01_19.pt,0.7205371679883683,1200
25501,1,mirror_rank8_lr0.01,20,1.2019119262695312,19237,2cfe6d230cced209be6c592971efa2b8153d23aefefcdc0eae030b4ca438aaaa,experiments/mirror_applications/ma-255-parameter-superposition-mirror/artifacts/payloads/25501_1_mirror_rank8_lr0.01_20.pt,0.7205371679883683,1200
25501,1,mirror_rank8_lr0.01,21,1.0843164920806885,19237,5ed531455e0998bc63ffd72d71eb5ff7e4ed551843cc01dfa0a6dea065444501,experiments/mirror_applications/ma-255-parameter-superposition-mirror/artifacts/payloads/25501_1_mirror_rank8_lr0.01_21.pt,0.7205371679883683,1200
25501,1,mirror_rank8_lr0.01,22,1.16875422000885,19237,614007888b127fb3ac52d3144726402f9d1ed768964899b1c16f8e6db543de63,experiments/mirror_applications/ma-255-parameter-superposition-mirror/artifacts/payloads/25501_1_mirror_rank8_lr0.01_22.pt,0.7205371679883683,1200
25501,1,mirror_rank8_lr0.01,23,1.0681772232055664,19237,c95e4fa6cccb4f957236704c3ada49e3887d8337a9f50fd8fc229ffc12c6bf89,experiments/mirror_applications/ma-255-parameter-superposition-mirror/artifacts/payloads/25501_1_mirror_rank8_lr0.01_23.pt,0.7205371679883683,1200
25501,1,mirror_rank8_lr0.01,24,1.22561776638031,19237,46895d9909c8030501ecb4871fcb08e1e4f93974ecbc5dbdd0eb796cc372ecec,experiments/mirror_applications/ma-255-parameter-superposition-mirror/artifacts/payloads/25501_1_mirror_rank8_lr0.01_24.pt,0.7205371679883683,1200
25501,1,mirror_rank8_lr0.01,25,1.0983881950378418,19237,b353a69652dfedec9f587251db7f4ddce327d0e27c315b9fbab69b74f9f844c2,experiments/mirror_applications/ma-255-parameter-superposition-mirror/artifacts/payloads/25501_1_mirror_rank8_lr0.01_25.pt,0.7205371679883683,1200
25501,1,mirror_rank8_lr0.01,26,1.0860035419464111,19237,5518a1d6a874e0658ce27605dd0dd591644bea1dbd13be3080ac1959bb0b3b38,experiments/mirror_applications/ma-255-parameter-superposition-mirror/artifacts/payloads/25501_1_mirror_rank8_lr0.01_26.pt,0.7205371679883683,1200
25501,1,mirror_rank8_lr0.01,27,1.2191411256790161,19237,23c1d65c28e193c08a5f316e20f4caca1e7ddc9c0fbdf48fd028d6a5c48683d6,experiments/mirror_applications/ma-255-parameter-superposition-mirror/artifacts/payloads/25501_1_mirror_rank8_lr0.01_27.pt,0.7205371679883683,1200
25501,1,mirror_rank8_lr0.01,28,1.211558222770691,19237,ef3e39c941f402eea88808e1871be1a39b69d86016e5df299276ddf3a2b65e9a,experiments/mirror_applications/ma-255-parameter-superposition-mirror/artifacts/payloads/25501_1_mirror_rank8_lr0.01_28.pt,0.7205371679883683,1200
25501,1,mirror_rank8_lr0.01,29,1.1887032985687256,19237,5a9ecb2d7cfbbbc7d273fe063e8db23b4c4a1f388aec3b6b1d6026e07085c48b,experiments/mirror_applications/ma-255-parameter-superposition-mirror/artifacts/payloads/25501_1_mirror_rank8_lr0.01_29.pt,0.7205371679883683,1200
25501,1,mirror_rank8_lr0.01,30,1.1680699586868286,19237,7ec53c29e407a5d903bd8238a5ef3ddc17c9560a1b61cad46886b795ad891032,experiments/mirror_applications/ma-255-parameter-superposition-mirror/artifacts/payloads/25501_1_mirror_rank8_lr0.01_30.pt,0.7205371679883683,1200
25501,1,mirror_rank8_lr0.01,31,1.285190463066101,19237,e146c8469469049cbf795e33431167090d563e1da6ca0455a180f284a94bc696,experiments/mirror_applications/ma-255-parameter-superposition-mirror/artifacts/payloads/25501_1_mirror_rank8_lr0.01_31.pt,0.7205371679883683,1200
25501,1,mirror_rank8_lr0.1,0,1.1599339246749878,19237,9ceec711b70aadd7ebeb56aa97e903d71280fb03f761b5750566bd10b326b609,experiments/mirror_applications/ma-255-parameter-superposition-mirror/artifacts/payloads/25501_1_mirror_rank8_lr0.1_0.pt,0.8163714719994459,1200
25501,1,mirror_rank8_lr0.1,1,1.0900700092315674,19237,904e93fbd82676f93e0872cd7d6aeecceed5764e141a626724efb1fb1e18994f,experiments/mirror_applications/ma-255-parameter-superposition-mirror/artifacts/payloads/25501_1_mirror_rank8_lr0.1_1.pt,0.8163714719994459,1200
25501,1,mirror_rank8_lr0.1,2,1.1636024713516235,19237,86f0057418d88ad886f2cff8087e8f73f5b9d7423e432ae959984199b5ffc94c,experiments/mirror_applications/ma-255-parameter-superposition-mirror/artifacts/payloads/25501_1_mirror_rank8_lr0.1_2.pt,0.8163714719994459,1200
25501,1,mirror_rank8_lr0.1,3,1.1672641038894653,19237,0449c620142f4b9ee41629b54a71d72789c96780ef4113a90186bd7f707f0419,experiments/mirror_applications/ma-255-parameter-superposition-mirror/artifacts/payloads/25501_1_mirror_rank8_lr0.1_3.pt,0.8163714719994459,1200
25501,1,mirror_rank8_lr0.1,4,1.121861219406128,19237,0a0257936a8e8fea88ac05f88e3f4f3b19a7804056a286ec3ec92acd941cb42b,experiments/mirror_applications/ma-255-parameter-superposition-mirror/artifacts/payloads/25501_1_mirror_rank8_lr0.1_4.pt,0.8163714719994459,1200
25501,1,mirror_rank8_lr0.1,5,1.200467824935913,19237,2aa94c0ef2c27c3ad5e042180212a36e0c753f5a1f30b4734526c75db0d27fb7,experiments/mirror_applications/ma-255-parameter-superposition-mirror/artifacts/payloads/25501_1_mirror_rank8_lr0.1_5.pt,0.8163714719994459,1200
25501,1,mirror_rank8_lr0.1,6,1.1360974311828613,19237,3cc22fb4b1b77e6c1dd8bffb91c9545d2bafc166568e483ff8f4678dfd233185,experiments/mirror_applications/ma-255-parameter-superposition-mirror/artifacts/payloads/25501_1_mirror_rank8_lr0.1_6.pt,0.8163714719994459,1200
25501,1,mirror_rank8_lr0.1,7,1.1367392539978027,19237,ebf5970157aae29dd64d47c4af8a8cbc583ab839525390ad43a52ba75285087d,experiments/mirror_applications/ma-255-parameter-superposition-mirror/artifacts/payloads/25501_1_mirror_rank8_lr0.1_7.pt,0.8163714719994459,1200
25501,1,mirror_rank8_lr0.1,8,1.1020487546920776,19237,5a40161bd17032b9d05dda20badfd260d244ae5707c378d75799cfcccb41e6de,experiments/mirror_applications/ma-255-parameter-superposition-mirror/artifacts/payloads/25501_1_mirror_rank8_lr0.1_8.pt,0.8163714719994459,1200
25501,1,mirror_rank8_lr0.1,9,1.2348607778549194,19237,4fb36d3833ce0fb9db260023f5fa26b56b967bd20274c0b7768d2a5e4bae2244,experiments/mirror_applications/ma-255-parameter-superposition-mirror/artifacts/payloads/25501_1_mirror_rank8_lr0.1_9.pt,0.8163714719994459,1200
25501,1,mirror_rank8_lr0.1,10,1.1049044132232666,19237,68d1a2310ec68f757a3cfc8368f993cbcb3e52884c12219ed2ff54210aa247ef,experiments/mirror_applications/ma-255-parameter-superposition-mirror/artifacts/payloads/25501_1_mirror_rank8_lr0.1_10.pt,0.8163714719994459,1200
25501,1,mirror_rank8_lr0.1,11,1.1390180587768555,19237,e286432424c4c66be3148db257ea17b15d999c9a2822f9a3134c4f040cf1d23f,experiments/mirror_applications/ma-255-parameter-superposition-mirror/artifacts/payloads/25501_1_mirror_rank8_lr0.1_11.pt,0.8163714719994459,1200
25501,1,mirror_rank8_lr0.1,12,1.128271460533142,19237,385fae3ec5ffa11219536f075c34358d514f7fda417c235f73f06953ee9cd07c,experiments/mirror_applications/ma-255-parameter-superposition-mirror/artifacts/payloads/25501_1_mirror_rank8_lr0.1_12.pt,0.8163714719994459,1200
25501,1,mirror_rank8_lr0.1,13,1.1061910390853882,19237,4e23f8e3c34a1ffb662bbc5dc2867df48799507dc20c21d120066eea44ed40ad,experiments/mirror_applications/ma-255-parameter-superposition-mirror/artifacts/payloads/25501_1_mirror_rank8_lr0.1_13.pt,0.8163714719994459,1200
25501,1,mirror_rank8_lr0.1,14,1.1337058544158936,19237,7062d3f6557f95931be978b95a5fad482fd507102cb1f9a9c4905b8123e8fdc5,experiments/mirror_applications/ma-255-parameter-superposition-mirror/artifacts/payloads/25501_1_mirror_rank8_lr0.1_14.pt,0.8163714719994459,1200
25501,1,mirror_rank8_lr0.1,15,1.1723597049713135,19237,a328c2ec44f047b2f91f83b96472ab81e505e5e0f83448d6a7e8c491316d00cb,experiments/mirror_applications/ma-255-parameter-superposition-mirror/artifacts/payloads/25501_1_mirror_rank8_lr0.1_15.pt,0.8163714719994459,1200
25501,1,mirror_rank8_lr0.1,16,1.2187776565551758,19237,4f525ce4d33ce688025bdea7d29d98d72e90e60322371ac264a2afca2344125e,experiments/mirror_applications/ma-255-parameter-superposition-mirror/artifacts/payloads/25501_1_mirror_rank8_lr0.1_16.pt,0.8163714719994459,1200
25501,1,mirror_rank8_lr0.1,17,1.153806447982788,19237,49ead8d8a1af272b8ce77e86f980c8fe3246183939d371eff3217d874aed54d2,experiments/mirror_applications/ma-255-parameter-superposition-mirror/artifacts/payloads/25501_1_mirror_rank8_lr0.1_17.pt,0.8163714719994459,1200
25501,1,mirror_rank8_lr0.1,18,1.0842628479003906,19237,563395534372ef0cfa834b2bca74df75eeb5054e297c0a355001fc3fc82daeb1,experiments/mirror_applications/ma-255-parameter-superposition-mirror/artifacts/payloads/25501_1_mirror_rank8_lr0.1_18.pt,0.8163714719994459,1200
25501,1,mirror_rank8_lr0.1,19,1.113831639289856,19237,38fda6b04ea1952c10a6b6433abe50eced492265c203dda1355149341ae715d0,experiments/mirror_applications/ma-255-parameter-superposition-mirror/artifacts/payloads/25501_1_mirror_rank8_lr0.1_19.pt,0.8163714719994459,1200
25501,1,mirror_rank8_lr0.1,20,1.2023175954818726,19237,fa4171916e110c834673ca03b55c8f25214b7a7be4fed23e6277bbc0666d644f,experiments/mirror_applications/ma-255-parameter-superposition-mirror/artifacts/payloads/25501_1_mirror_rank8_lr0.1_20.pt,0.8163714719994459,1200
25501,1,mirror_rank8_lr0.1,21,1.0843685865402222,19237,f1469c62982e82476e4052f890445bbac5fe4bc58f4c863484daa9b0a6a39245,experiments/mirror_applications/ma-255-parameter-superposition-mirror/artifacts/payloads/25501_1_mirror_rank8_lr0.1_21.pt,0.8163714719994459,1200
25501,1,mirror_rank8_lr0.1,22,1.1695044040679932,19237,fdf776d9dc8372d4fe514de1e55cd361c79015c15d48ea0870f1baade112216f,experiments/mirror_applications/ma-255-parameter-superposition-mirror/artifacts/payloads/25501_1_mirror_rank8_lr0.1_22.pt,0.8163714719994459,1200
25501,1,mirror_rank8_lr0.1,23,1.0640798807144165,19237,c88c954f8b60c7369984d6e64da385ff887f89fabfe160eb5bf43a71af8833f9,experiments/mirror_applications/ma-255-parameter-superposition-mirror/artifacts/payloads/25501_1_mirror_rank8_lr0.1_23.pt,0.8163714719994459,1200
25501,1,mirror_rank8_lr0.1,24,1.225190281867981,19237,d9803313cd42df464ea5bfaf62a92790e1008c8d6c924cadee136956b357f500,experiments/mirror_applications/ma-255-parameter-superposition-mirror/artifacts/payloads/25501_1_mirror_rank8_lr0.1_24.pt,0.8163714719994459,1200
25501,1,mirror_rank8_lr0.1,25,1.097123622894287,19237,4d8adf2db8ea152e9395b22591b9ca540b9966475fd66d5eecb58edf7b2b79df,experiments/mirror_applications/ma-255-parameter-superposition-mirror/artifacts/payloads/25501_1_mirror_rank8_lr0.1_25.pt,0.8163714719994459,1200
25501,1,mirror_rank8_lr0.1,26,1.0849082469940186,19237,9aa03b5df2f2f8d0a9672d81f7541ae2279c598e2f1feb07e7342b67f41946d1,experiments/mirror_applications/ma-255-parameter-superposition-mirror/artifacts/payloads/25501_1_mirror_rank8_lr0.1_26.pt,0.8163714719994459,1200
25501,1,mirror_rank8_lr0.1,27,1.2181118726730347,19237,267497dde0984538d32f3ec5c6246d85b1e3862f4c8a5fd7da8cd4f2314ddb3f,experiments/mirror_applications/ma-255-parameter-superposition-mirror/artifacts/payloads/25501_1_mirror_rank8_lr0.1_27.pt,0.8163714719994459,1200
25501,1,mirror_rank8_lr0.1,28,1.2137950658798218,19237,576b787c34364a7117c61833ee11bc8b95426395e1b393446617259aa313be5f,experiments/mirror_applications/ma-255-parameter-superposition-mirror/artifacts/payloads/25501_1_mirror_rank8_lr0.1_28.pt,0.8163714719994459,1200
25501,1,mirror_rank8_lr0.1,29,1.1953413486480713,19237,100fb06d34f39f5e4bd58c85b31a63d661fbbb87688ec20d9822e0df8b47a6ec,experiments/mirror_applications/ma-255-parameter-superposition-mirror/artifacts/payloads/25501_1_mirror_rank8_lr0.1_29.pt,0.8163714719994459,1200
25501,1,mirror_rank8_lr0.1,30,1.1676331758499146,19237,43b3798e57278cbcdc2db7648eb56352778c7c08038a093668ddb485aefad469,experiments/mirror_applications/ma-255-parameter-superposition-mirror/artifacts/payloads/25501_1_mirror_rank8_lr0.1_30.pt,0.8163714719994459,1200
25501,1,mirror_rank8_lr0.1,31,1.2848291397094727,19237,f8bbd9cc4b1299de7c16372dd0033bdacf5da3a6df778617d37a5cda8affd9f1,experiments/mirror_applications/ma-255-parameter-superposition-mirror/artifacts/payloads/25501_1_mirror_rank8_lr0.1_31.pt,0.8163714719994459,1200
25501,2,psp_random_unbind,0,0.9999991655349731,1116005,73b13b88c66e966b1df2e7e3f82872a8d301077250bcb61d0961675fdff8d659,experiments/mirror_applications/ma-255-parameter-superposition-mirror/artifacts/payloads/25501_2_psp_random_unbind_0.pt,0.0,0
25501,2,psp_random_unbind,1,1.0000009536743164,1116005,18dd99dcd0e4b31352c0c007f8e1b3b3ca86919ca93d0a28ba15c9032c55ef35,experiments/mirror_applications/ma-255-parameter-superposition-mirror/artifacts/payloads/25501_2_psp_random_unbind_1.pt,0.0,0
25501,2,psp_random_unbind,2,1.0,1116005,13b5d226853b5704ea41690be082f193fc3997fc7a7bf218efcfef9188cb1f88,experiments/mirror_applications/ma-255-parameter-superposition-mirror/artifacts/payloads/25501_2_psp_random_unbind_2.pt,0.0,0
25501,2,psp_random_unbind,3,1.000004768371582,1116005,bd5a43b87811e71f2addf9a4058e0468caa795e4a5ff51534b93689baa05e8ee,experiments/mirror_applications/ma-255-parameter-superposition-mirror/artifacts/payloads/25501_2_psp_random_unbind_3.pt,0.0,0
25501,2,psp_random_unbind,4,1.0,1116005,f34d1f104e3f04fcbac658fedbbfee5e3a620a3b23c70381675ad22b2b5136ae,experiments/mirror_applications/ma-255-parameter-superposition-mirror/artifacts/payloads/25501_2_psp_random_unbind_4.pt,0.0,0
25501,2,psp_random_unbind,5,1.000000238418579,1116005,18e0465d70f9ee253cdc8c1314de73b1705be9c3c673fb95ab61830e2dc70be3,experiments/mirror_applications/ma-255-parameter-superposition-mirror/artifacts/payloads/25501_2_psp_random_unbind_5.pt,0.0,0
25501,2,psp_random_unbind,6,0.9999992847442627,1116005,ea74fc5e748d42977a71046efb620055e6209683a2fdb4e1f7d3184f580f6f90,experiments/mirror_applications/ma-255-parameter-superposition-mirror/artifacts/payloads/25501_2_psp_random_unbind_6.pt,0.0,0
25501,2,psp_random_unbind,7,0.9999961853027344,1116005,18a980b609470733312e563433f62009e0a1f6fdf67568ced9fec7550fae7c87,experiments/mirror_applications/ma-255-parameter-superposition-mirror/artifacts/payloads/25501_2_psp_random_unbind_7.pt,0.0,0
25501,2,psp_random_unbind,8,1.0000001192092896,1116005,63a0b67e3e811a46b1d8b69619940dde21589ef5ebdaeab645912ab371273b34,experiments/mirror_applications/ma-255-parameter-superposition-mirror/artifacts/payloads/25501_2_psp_random_unbind_8.pt,0.0,0
25501,2,psp_random_unbind,9,1.0,1116005,9a8219a667cbe530049689fd7c959617262d06951205a0663f3d2abf618192a2,experiments/mirror_applications/ma-255-parameter-superposition-mirror/artifacts/payloads/25501_2_psp_random_unbind_9.pt,0.0,0
25501,2,psp_random_unbind,10,1.0,1116005,528f2a3943d2001aa56dab0711d36e01213e22917af3b064ef4db2f13561b8b5,experiments/mirror_applications/ma-255-parameter-superposition-mirror/artifacts/payloads/25501_2_psp_random_unbind_10.pt,0.0,0
25501,2,psp_random_unbind,11,1.0000003576278687,1116005,fe1bb13504ba09c7e261334a19a3597a0336ce7a9bed051cb7a445a86e4fb53d,experiments/mirror_applications/ma-255-parameter-superposition-mirror/artifacts/payloads/25501_2_psp_random_unbind_11.pt,0.0,0
25501,2,psp_random_unbind,12,1.0000011920928955,1116005,22e360d3a9e4847822d6dc4124365f92a027496e4ebabbca245ae554356dc4cd,experiments/mirror_applications/ma-255-parameter-superposition-mirror/artifacts/payloads/25501_2_psp_random_unbind_12.pt,0.0,0
25501,2,psp_random_unbind,13,1.0,1116005,718792dcfa06aedd86d035f2b0698a5dfacac703de0bf0e8b25d1a2351946060,experiments/mirror_applications/ma-255-parameter-superposition-mirror/artifacts/payloads/25501_2_psp_random_unbind_13.pt,0.0,0
25501,2,psp_random_unbind,14,0.9999994039535522,1116005,65fef5209bffc7e401fa358822527164aa0eecc3a16c2afaa90b3d3a41f802bc,experiments/mirror_applications/ma-255-parameter-superposition-mirror/artifacts/payloads/25501_2_psp_random_unbind_14.pt,0.0,0
25501,2,psp_random_unbind,15,1.0000004768371582,1116005,29e6113fbc01fbf64aac347dbf068ad32115c850fe8736aa92bf07b3d2aa8344,experiments/mirror_applications/ma-255-parameter-superposition-mirror/artifacts/payloads/25501_2_psp_random_unbind_15.pt,0.0,0
25501,2,psp_random_unbind,16,1.0,1116005,76d7f09ed15fbb11f331a4de4bb33e75cd53f7a04f58853b07afc1a45620bad4,experiments/mirror_applications/ma-255-parameter-superposition-mirror/artifacts/payloads/25501_2_psp_random_unbind_16.pt,0.0,0
25501,2,psp_random_unbind,17,1.0000001192092896,1116005,06ea69b70788afbeffbc7f0e2874af064cf156dd46b899ea3a97876281d40129,experiments/mirror_applications/ma-255-parameter-superposition-mirror/artifacts/payloads/25501_2_psp_random_unbind_17.pt,0.0,0
25501,2,psp_random_unbind,18,0.9999982118606567,1116005,aebbee1e31920531ae51c2621ef860aefc6f1ccd45c07a14e43dd6991e2870f9,experiments/mirror_applications/ma-255-parameter-superposition-mirror/artifacts/payloads/25501_2_psp_random_unbind_18.pt,0.0,0
25501,2,psp_random_unbind,19,1.0,1116005,83fe4c394020c5bbf89aa0f1cb878c060ff7ba818d184999a80ae172fda69e8c,experiments/mirror_applications/ma-255-parameter-superposition-mirror/artifacts/payloads/25501_2_psp_random_unbind_19.pt,0.0,0
25501,2,psp_random_unbind,20,0.9999997019767761,1116005,7d4a9d38327d20b0f057e6847f5f89cc298054319ea3273c45022b548b0f9c68,experiments/mirror_applications/ma-255-parameter-superposition-mirror/artifacts/payloads/25501_2_psp_random_unbind_20.pt,0.0,0
25501,2,psp_random_unbind,21,1.0000003576278687,1116005,7151462c0fd72653092df8840c646f76fa1ecbe32e6ede275338776e3334f6f3,experiments/mirror_applications/ma-255-parameter-superposition-mirror/artifacts/payloads/25501_2_psp_random_unbind_21.pt,0.0,0
25501,2,psp_random_unbind,22,0.9999998211860657,1116005,41bb60149bc0038343477b85692691b4a0f51663572e2773ca413d51661123f3,experiments/mirror_applications/ma-255-parameter-superposition-mirror/artifacts/payloads/25501_2_psp_random_unbind_22.pt,0.0,0
25501,2,psp_random_unbind,23,1.0000001192092896,1116005,4e93274ae60e71b694f33d2c067dd71c9e5f4f1bf3dabb1a4400c2f3f7dd2d1e,experiments/mirror_applications/ma-255-parameter-superposition-mirror/artifacts/payloads/25501_2_psp_random_unbind_23.pt,0.0,0
25501,2,psp_random_unbind,24,1.0,1116005,96bea5db2a354e2b42eb2149e6057b8af46cccb48096177a521515e6ba18b7df,experiments/mirror_applications/ma-255-parameter-superposition-mirror/artifacts/payloads/25501_2_psp_random_unbind_24.pt,0.0,0
25501,2,psp_random_unbind,25,0.9999925494194031,1116005,5fa17ead534f54b81b08e9a6abd2d253ed3150cfda327c463788d8bcc5c82f99,experiments/mirror_applications/ma-255-parameter-superposition-mirror/artifacts/payloads/25501_2_psp_random_unbind_25.pt,0.0,0
25501,2,psp_random_unbind,26,1.0000025033950806,1116005,eaae88bca3fb8c38c59172b42c5dfed356f8e9a6a0cae6be6898b3bf238bf984,experiments/mirror_applications/ma-255-parameter-superposition-mirror/artifacts/payloads/25501_2_psp_random_unbind_26.pt,0.0,0
25501,2,psp_random_unbind,27,1.000000238418579,1116005,4428683bf165829f4aeec2492bc7b9c8d375adb8d2d15749da6c615ebb319795,experiments/mirror_applications/ma-255-parameter-superposition-mirror/artifacts/payloads/25501_2_psp_random_unbind_27.pt,0.0,0
25501,2,psp_random_unbind,28,1.0000001192092896,1116005,c5e977f08622a1ce9250dcf8aeb34b434f8e695d17013988ec1a4adca22a6eb5,experiments/mirror_applications/ma-255-parameter-superposition-mirror/artifacts/payloads/25501_2_psp_random_unbind_28.pt,0.0,0
25501,2,psp_random_unbind,29,0.9999999403953552,1116005,535c81074affc3e0135d27abe10dbb76d17c2261424358fccf69588bd5830221,experiments/mirror_applications/ma-255-parameter-superposition-mirror/artifacts/payloads/25501_2_psp_random_unbind_29.pt,0.0,0
25501,2,psp_random_unbind,30,1.0000001192092896,1116005,fd39d064ea87d311c2124468b9a5dcdfe8759ad0db6f8a05b5ecb3e78566b1cd,experiments/mirror_applications/ma-255-parameter-superposition-mirror/artifacts/payloads/25501_2_psp_random_unbind_30.pt,0.0,0
25501,2,psp_random_unbind,31,1.0000015497207642,1116005,3165828fddb794b654820c4a24ddd6ada79f2110cb42ca66b4e0f25b6cdc5555,experiments/mirror_applications/ma-255-parameter-superposition-mirror/artifacts/payloads/25501_2_psp_random_unbind_31.pt,0.0,0
25501,2,shared_tensor_no_task_code,0,5.502071857452393,3877,2b5b68d192fc13e717ba5b658fd1aa15c9864d1b9f4bea11bb37f3227ad87005,experiments/mirror_applications/ma-255-parameter-superposition-mirror/artifacts/payloads/25501_2_shared_tensor_no_task_code_0.pt,0.0,0
25501,2,shared_tensor_no_task_code,1,6.147197246551514,3877,1b251763281e22798f64fbb4f8495d051b774b231eb3d8fae4d33ef9f0b97c01,experiments/mirror_applications/ma-255-parameter-superposition-mirror/artifacts/payloads/25501_2_shared_tensor_no_task_code_1.pt,0.0,0
25501,2,shared_tensor_no_task_code,2,5.383982181549072,3877,bfbd256b1807abb8591680ab073dfb85261f1334e19c7832e7b1d74e98e59388,experiments/mirror_applications/ma-255-parameter-superposition-mirror/artifacts/payloads/25501_2_shared_tensor_no_task_code_2.pt,0.0,0
25501,2,shared_tensor_no_task_code,3,5.832411289215088,3877,3b735dd5cbde394550344a3d1a9e6d0ce5255b2dd8619214d5979c5af8021c95,experiments/mirror_applications/ma-255-parameter-superposition-mirror/artifacts/payloads/25501_2_shared_tensor_no_task_code_3.pt,0.0,0
25501,2,shared_tensor_no_task_code,4,5.7571187019348145,3877,db72ce6911d599e62bb7c59625a1bdb072225ab0af101bc79981e28dce0828d6,experiments/mirror_applications/ma-255-parameter-superposition-mirror/artifacts/payloads/25501_2_shared_tensor_no_task_code_4.pt,0.0,0
25501,2,shared_tensor_no_task_code,5,5.618407249450684,3877,83c86715ef197754af07ba9eacf28aea63fd74200cb53ffadc49239e73018d30,experiments/mirror_applications/ma-255-parameter-superposition-mirror/artifacts/payloads/25501_2_shared_tensor_no_task_code_5.pt,0.0,0
25501,2,shared_tensor_no_task_code,6,5.4327392578125,3877,cf07a012fe1739780f281a0c96cc2918ffb56947a0d889b0bae21cae9d856814,experiments/mirror_applications/ma-255-parameter-superposition-mirror/artifacts/payloads/25501_2_shared_tensor_no_task_code_6.pt,0.0,0
25501,2,shared_tensor_no_task_code,7,5.599483013153076,3877,d7dbe3681136ddd4bc59228419009aed34134957e2aed12d3878346d095c6137,experiments/mirror_applications/ma-255-parameter-superposition-mirror/artifacts/payloads/25501_2_shared_tensor_no_task_code_7.pt,0.0,0
25501,2,shared_tensor_no_task_code,8,5.278541564941406,3877,a0029158fcc54ce3ddc5a53ad43c941aacf0412295caa3c042ecca4ba54577be,experiments/mirror_applications/ma-255-parameter-superposition-mirror/artifacts/payloads/25501_2_shared_tensor_no_task_code_8.pt,0.0,0
25501,2,shared_tensor_no_task_code,9,5.781806945800781,3877,760eaa705d5ae8fc8e2a82a0ff1f0680587e31b773855fa2846760e23e296971,experiments/mirror_applications/ma-255-parameter-superposition-mirror/artifacts/payloads/25501_2_shared_tensor_no_task_code_9.pt,0.0,0
25501,2,shared_tensor_no_task_code,10,6.059443473815918,3877,83d7d354a204653b5c804c31b04f6463fe052c5ed6366c9c5bfa061b83833970,experiments/mirror_applications/ma-255-parameter-superposition-mirror/artifacts/payloads/25501_2_shared_tensor_no_task_code_10.pt,0.0,0
25501,2,shared_tensor_no_task_code,11,5.860235691070557,3877,e0e0c8fba4781440308cc10338fce01a992918072f6638c84ed4e33cb23327af,experiments/mirror_applications/ma-255-parameter-superposition-mirror/artifacts/payloads/25501_2_shared_tensor_no_task_code_11.pt,0.0,0
25501,2,shared_tensor_no_task_code,12,5.575206756591797,3877,e2d93840c89c6f5d9e541626949e02f196c948bb8507985f06cb7df9f57d22fa,experiments/mirror_applications/ma-255-parameter-superposition-mirror/artifacts/payloads/25501_2_shared_tensor_no_task_code_12.pt,0.0,0
25501,2,shared_tensor_no_task_code,13,6.006134986877441,3877,22ed305e9c57d1e1fc762dfb72ddba658b982b17efc61532e951e4fd0ab3371f,experiments/mirror_applications/ma-255-parameter-superposition-mirror/artifacts/payloads/25501_2_shared_tensor_no_task_code_13.pt,0.0,0
25501,2,shared_tensor_no_task_code,14,5.761934280395508,3877,bab04e8eb9bb69d7931bff30fcd768374b31cd4a01b57932eefabd53f3bf3cca,experiments/mirror_applications/ma-255-parameter-superposition-mirror/artifacts/payloads/25501_2_shared_tensor_no_task_code_14.pt,0.0,0
25501,2,shared_tensor_no_task_code,15,5.66952657699585,3877,592370eb66d46f6ccbfd68c3a8bfa9ee1a9edd7ffbb7e30364e5806ed8228f8b,experiments/mirror_applications/ma-255-parameter-superposition-mirror/artifacts/payloads/25501_2_shared_tensor_no_task_code_15.pt,0.0,0
25501,2,shared_tensor_no_task_code,16,5.987988471984863,3877,3c1a58403a21bac302957c6637de9fb08e1f5a585c1383218e345e5135b74a9f,experiments/mirror_applications/ma-255-parameter-superposition-mirror/artifacts/payloads/25501_2_shared_tensor_no_task_code_16.pt,0.0,0
25501,2,shared_tensor_no_task_code,17,5.997211933135986,3877,9133740bd5debd706b0ce61258361f8ab80f99d3992dce286ad4c0360ec4260b,experiments/mirror_applications/ma-255-parameter-superposition-mirror/artifacts/payloads/25501_2_shared_tensor_no_task_code_17.pt,0.0,0
25501,2,shared_tensor_no_task_code,18,5.777003288269043,3877,8240eecdae74219f9551b4567faef4e8c4cda706d1e3809bbb9b0cfec2184bbb,experiments/mirror_applications/ma-255-parameter-superposition-mirror/artifacts/payloads/25501_2_shared_tensor_no_task_code_18.pt,0.0,0
25501,2,shared_tensor_no_task_code,19,5.878846645355225,3877,b4ba67e6dcedaca6d686fee58b075a0ca2f89355782c8e20726313962a8302dc,experiments/mirror_applications/ma-255-parameter-superposition-mirror/artifacts/payloads/25501_2_shared_tensor_no_task_code_19.pt,0.0,0
25501,2,shared_tensor_no_task_code,20,6.120912551879883,3877,7b6e030898573738cb5dafa63173f9b7ceddefa616bf5fc146dd0d21360a04d4,experiments/mirror_applications/ma-255-parameter-superposition-mirror/artifacts/payloads/25501_2_shared_tensor_no_task_code_20.pt,0.0,0
25501,2,shared_tensor_no_task_code,21,5.442838191986084,3877,f23b5231808fb3b1dbddd8902b4685d74fd53a5bfd3b1a640cf109c4a1df77d8,experiments/mirror_applications/ma-255-parameter-superposition-mirror/artifacts/payloads/25501_2_shared_tensor_no_task_code_21.pt,0.0,0
25501,2,shared_tensor_no_task_code,22,5.213661193847656,3877,cffb20faa7866a8efbd53e7888223a22f8350863b395314ae4546088d94a3936,experiments/mirror_applications/ma-255-parameter-superposition-mirror/artifacts/payloads/25501_2_shared_tensor_no_task_code_22.pt,0.0,0
25501,2,shared_tensor_no_task_code,23,5.593484878540039,3877,73419e68cb53dab9e631ba921c291ca76b280623d5dc6cc29cf5f04f2ef4d7db,experiments/mirror_applications/ma-255-parameter-superposition-mirror/artifacts/payloads/25501_2_shared_tensor_no_task_code_23.pt,0.0,0
25501,2,shared_tensor_no_task_code,24,5.789525508880615,3877,114bf53e8a3b308e93dcd319009540c79a2748c6cf75db47f1f8cda9b2c7e1d9,experiments/mirror_applications/ma-255-parameter-superposition-mirror/artifacts/payloads/25501_2_shared_tensor_no_task_code_24.pt,0.0,0
25501,2,shared_tensor_no_task_code,25,5.628067970275879,3877,1e5b4e8df44d5ad79697685400a839a4f02cbae961626c1c7bbb9e03fe51f1a9,experiments/mirror_applications/ma-255-parameter-superposition-mirror/artifacts/payloads/25501_2_shared_tensor_no_task_code_25.pt,0.0,0
25501,2,shared_tensor_no_task_code,26,6.352476119995117,3877,e7be4b4606fb7cc8ec689c5798775521ea1305baf81e415b6728490e0afc842f,experiments/mirror_applications/ma-255-parameter-superposition-mirror/artifacts/payloads/25501_2_shared_tensor_no_task_code_26.pt,0.0,0
25501,2,shared_tensor_no_task_code,27,5.712975025177002,3877,81b2f2bfbd4150f533797ae62a68c5d376c51df09b91849ecd7b8ea1c8c6da29,experiments/mirror_applications/ma-255-parameter-superposition-mirror/artifacts/payloads/25501_2_shared_tensor_no_task_code_27.pt,0.0,0
25501,2,shared_tensor_no_task_code,28,5.767823219299316,3877,ff49c71f3b803db279d5dc0fb2ce585c8babce6669ba350f469aa46ff3e8c47d,experiments/mirror_applications/ma-255-parameter-superposition-mirror/artifacts/payloads/25501_2_shared_tensor_no_task_code_28.pt,0.0,0
25501,2,shared_tensor_no_task_code,29,5.6212992668151855,3877,13e34f24332ab9b4fd351ef582122c34dccb02fe669c826e3405fbbc66789330,experiments/mirror_applications/ma-255-parameter-superposition-mirror/artifacts/payloads/25501_2_shared_tensor_no_task_code_29.pt,0.0,0
25501,2,shared_tensor_no_task_code,30,5.474010467529297,3877,07e6da44bc75d4bd203068e088fb76848d09975ba57cbdcd76de1c0788da22b0,experiments/mirror_applications/ma-255-parameter-superposition-mirror/artifacts/payloads/25501_2_shared_tensor_no_task_code_30.pt,0.0,0
25501,2,shared_tensor_no_task_code,31,5.749044418334961,3877,6f286e664a4a359b0ca0837c0d9aa89024c402b69759b7eecf6f5892c06cc1ec,experiments/mirror_applications/ma-255-parameter-superposition-mirror/artifacts/payloads/25501_2_shared_tensor_no_task_code_31.pt,0.0,0
25501,2,mirror_rank8_lr0.001,0,1.175636649131775,19237,09ceb7938a422ff779037f27e8972272119ecd99f825caf652e09b52c005f666,experiments/mirror_applications/ma-255-parameter-superposition-mirror/artifacts/payloads/25501_2_mirror_rank8_lr0.001_0.pt,0.6732685640017735,1200
25501,2,mirror_rank8_lr0.001,1,1.246927261352539,19237,b3b919d747f7979ae8c9fc41682fa7df45c70fa0f76c09be0d2db1954e92390e,experiments/mirror_applications/ma-255-parameter-superposition-mirror/artifacts/payloads/25501_2_mirror_rank8_lr0.001_1.pt,0.6732685640017735,1200
25501,2,mirror_rank8_lr0.001,2,1.193102240562439,19237,304ed5ff1ded8d1afc345225eb6388a4dc4a49a99dd3ebfa669159ea0ce47447,experiments/mirror_applications/ma-255-parameter-superposition-mirror/artifacts/payloads/25501_2_mirror_rank8_lr0.001_2.pt,0.6732685640017735,1200
25501,2,mirror_rank8_lr0.001,3,1.1206493377685547,19237,420944e7956fbf7893d6dd464ea79e7a2393fde8fef87bcc4b6fe7b40f1251f9,experiments/mirror_applications/ma-255-parameter-superposition-mirror/artifacts/payloads/25501_2_mirror_rank8_lr0.001_3.pt,0.6732685640017735,1200
25501,2,mirror_rank8_lr0.001,4,1.1440647840499878,19237,938a671a43e7cd8b3d42d31b0bdc24d27a3073140b4511657ca703eda5e3883e,experiments/mirror_applications/ma-255-parameter-superposition-mirror/artifacts/payloads/25501_2_mirror_rank8_lr0.001_4.pt,0.6732685640017735,1200
25501,2,mirror_rank8_lr0.001,5,1.1992908716201782,19237,f8c5e3e37839d0b422574abc88204f310ce1a30f69857ae457d14a6309103b1b,experiments/mirror_applications/ma-255-parameter-superposition-mirror/artifacts/payloads/25501_2_mirror_rank8_lr0.001_5.pt,0.6732685640017735,1200
25501,2,mirror_rank8_lr0.001,6,1.1829222440719604,19237,1559da71082f1d765603211985ac161c2faea4e16d36bdc2130b613813cb68ff,experiments/mirror_applications/ma-255-parameter-superposition-mirror/artifacts/payloads/25501_2_mirror_rank8_lr0.001_6.pt,0.6732685640017735,1200
25501,2,mirror_rank8_lr0.001,7,1.1500725746154785,19237,03d4ac856ade08f063ef2ef6b75eb4d5a8d0d1a97422c5f8bcae0dc86a78a035,experiments/mirror_applications/ma-255-parameter-superposition-mirror/artifacts/payloads/25501_2_mirror_rank8_lr0.001_7.pt,0.6732685640017735,1200
25501,2,mirror_rank8_lr0.001,8,1.1579667329788208,19237,ca66818fb02881bc3b3d53ce8ea7cbe6a9121612a453870952833f4fb6194a14,experiments/mirror_applications/ma-255-parameter-superposition-mirror/artifacts/payloads/25501_2_mirror_rank8_lr0.001_8.pt,0.6732685640017735,1200
25501,2,mirror_rank8_lr0.001,9,1.178813099861145,19237,05f08835c24fadd514a32f0b6a0ecebc15e7d18ab8266e28d2fd5c4d3628e7a8,experiments/mirror_applications/ma-255-parameter-superposition-mirror/artifacts/payloads/25501_2_mirror_rank8_lr0.001_9.pt,0.6732685640017735,1200
25501,2,mirror_rank8_lr0.001,10,1.1798938512802124,19237,792f37f89dcd038f7c2eff2c592cd4ba13f473d3f3e4a1b2ffc9606f467a1e97,experiments/mirror_applications/ma-255-parameter-superposition-mirror/artifacts/payloads/25501_2_mirror_rank8_lr0.001_10.pt,0.6732685640017735,1200
25501,2,mirror_rank8_lr0.001,11,1.1793771982192993,19237,bcc490d98a956a0c9b5c87d00d788ad6f8c98b3df387c1ba690ee732a1a131aa,experiments/mirror_applications/ma-255-parameter-superposition-mirror/artifacts/payloads/25501_2_mirror_rank8_lr0.001_11.pt,0.6732685640017735,1200
25501,2,mirror_rank8_lr0.001,12,1.1052536964416504,19237,2cb98d32eb7a2fa929375264dbfc7147c69b60f3d7f9e6c2d7dc62941e1ea4d0,experiments/mirror_applications/ma-255-parameter-superposition-mirror/artifacts/payloads/25501_2_mirror_rank8_lr0.001_12.pt,0.6732685640017735,1200
25501,2,mirror_rank8_lr0.001,13,1.115846872329712,19237,469298f4bd1a9e834714e48b2b111bf5678ffcb3c7ccb7b766406d8de006e980,experiments/mirror_applications/ma-255-parameter-superposition-mirror/artifacts/payloads/25501_2_mirror_rank8_lr0.001_13.pt,0.6732685640017735,1200
25501,2,mirror_rank8_lr0.001,14,1.1934199333190918,19237,ad5583cf02e3c7d054d58d3194dbf4c1988f25b77fc575d9a80ecb5e3d028249,experiments/mirror_applications/ma-255-parameter-superposition-mirror/artifacts/payloads/25501_2_mirror_rank8_lr0.001_14.pt,0.6732685640017735,1200
25501,2,mirror_rank8_lr0.001,15,1.167087435722351,19237,a5b468a43f13c6bd1d105c61305536a2f3c05c73e92da17d30f7df40cb027e81,experiments/mirror_applications/ma-255-parameter-superposition-mirror/artifacts/payloads/25501_2_mirror_rank8_lr0.001_15.pt,0.6732685640017735,1200
25501,2,mirror_rank8_lr0.001,16,1.1402900218963623,19237,20c590aa251cdc362ec66660a19622ace090c9c869b4376de77fefc0ec11ce2d,experiments/mirror_applications/ma-255-parameter-superposition-mirror/artifacts/payloads/25501_2_mirror_rank8_lr0.001_16.pt,0.6732685640017735,1200
25501,2,mirror_rank8_lr0.001,17,1.095109224319458,19237,5358a3dcbe0d55866fab9c5180f22723c23c65ccc9d3d63e377e8e34e7ac8e8f,experiments/mirror_applications/ma-255-parameter-superposition-mirror/artifacts/payloads/25501_2_mirror_rank8_lr0.001_17.pt,0.6732685640017735,1200
25501,2,mirror_rank8_lr0.001,18,1.1440173387527466,19237,5f66b0cea67b42b0167a2ddf95c293cb501b062b27122d12c60fa23e264532ba,experiments/mirror_applications/ma-255-parameter-superposition-mirror/artifacts/payloads/25501_2_mirror_rank8_lr0.001_18.pt,0.6732685640017735,1200
25501,2,mirror_rank8_lr0.001,19,1.199913740158081,19237,706ac1b6088d6f43d752104d43b7a3a701b423ed6a57265cb11f90a41adc6353,experiments/mirror_applications/ma-255-parameter-superposition-mirror/artifacts/payloads/25501_2_mirror_rank8_lr0.001_19.pt,0.6732685640017735,1200
25501,2,mirror_rank8_lr0.001,20,1.1604218482971191,19237,19b8a97417c4615fa5e79c003055f4b7c0a552c0dd1bba6763c3ef414a0a187a,experiments/mirror_applications/ma-255-parameter-superposition-mirror/artifacts/payloads/25501_2_mirror_rank8_lr0.001_20.pt,0.6732685640017735,1200
25501,2,mirror_rank8_lr0.001,21,1.1578469276428223,19237,8b09073e101840e5b1c26ad6564a9451e2ccbfa4b54f00598e6e3b4c12c298b6,experiments/mirror_applications/ma-255-parameter-superposition-mirror/artifacts/payloads/25501_2_mirror_rank8_lr0.001_21.pt,0.6732685640017735,1200
25501,2,mirror_rank8_lr0.001,22,1.1047438383102417,19237,12bf190a1352d4559eb92fedcf1e98713d5965c64105e25ad158666fe2111795,experiments/mirror_applications/ma-255-parameter-superposition-mirror/artifacts/payloads/25501_2_mirror_rank8_lr0.001_22.pt,0.6732685640017735,1200
25501,2,mirror_rank8_lr0.001,23,1.1423882246017456,19237,0d70a3a3b8eedf9625164badf0a104e63e8a7f50eb2244f162dee30e316422e6,experiments/mirror_applications/ma-255-parameter-superposition-mirror/artifacts/payloads/25501_2_mirror_rank8_lr0.001_23.pt,0.6732685640017735,1200
25501,2,mirror_rank8_lr0.001,24,1.130110263824463,19237,eef653182e55ac76ffecc3f5a88a5595048cbdf686c2b546421da8031dbe807c,experiments/mirror_applications/ma-255-parameter-superposition-mirror/artifacts/payloads/25501_2_mirror_rank8_lr0.001_24.pt,0.6732685640017735,1200
25501,2,mirror_rank8_lr0.001,25,1.1345058679580688,19237,f0821dba5e29b7309c6812361f7be2304a9d52702d5219de23985459fb1141f9,experiments/mirror_applications/ma-255-parameter-superposition-mirror/artifacts/payloads/25501_2_mirror_rank8_lr0.001_25.pt,0.6732685640017735,1200
25501,2,mirror_rank8_lr0.001,26,1.1135421991348267,19237,aff3f8dd92b1fb238f10912fcfcc4e4406ac43ab65b10433f27145af44c50b2a,experiments/mirror_applications/ma-255-parameter-superposition-mirror/artifacts/payloads/25501_2_mirror_rank8_lr0.001_26.pt,0.6732685640017735,1200
25501,2,mirror_rank8_lr0.001,27,1.0965875387191772,19237,5ded59ed8e0b4f36f633a995bfa9e005322194ba19d3f2cac94dec7ea6ef62f2,experiments/mirror_applications/ma-255-parameter-superposition-mirror/artifacts/payloads/25501_2_mirror_rank8_lr0.001_27.pt,0.6732685640017735,1200
25501,2,mirror_rank8_lr0.001,28,1.132469892501831,19237,99da284a8621332d4be14558b4748edabc06c4c674ac41e0a5703db1e5644603,experiments/mirror_applications/ma-255-parameter-superposition-mirror/artifacts/payloads/25501_2_mirror_rank8_lr0.001_28.pt,0.6732685640017735,1200
25501,2,mirror_rank8_lr0.001,29,1.1495444774627686,19237,c57bab5baa8db164366150d4d949abf5adf8acc65d9c452487d5944b9ec24c4b,experiments/mirror_applications/ma-255-parameter-superposition-mirror/artifacts/payloads/25501_2_mirror_rank8_lr0.001_29.pt,0.6732685640017735,1200
25501,2,mirror_rank8_lr0.001,30,1.183409333229065,19237,bd96d97114587973877004d8eda634449fd037ceb920aecb5b3a7a009a0ccedb,experiments/mirror_applications/ma-255-parameter-superposition-mirror/artifacts/payloads/25501_2_mirror_rank8_lr0.001_30.pt,0.6732685640017735,1200
25501,2,mirror_rank8_lr0.001,31,1.1433199644088745,19237,1f12b0e30015d5b634fd3a91c6b605aaf5b863f752e1e97cf78f61231e978fb9,experiments/mirror_applications/ma-255-parameter-superposition-mirror/artifacts/payloads/25501_2_mirror_rank8_lr0.001_31.pt,0.6732685640017735,1200
25501,2,mirror_rank8_lr0.01,0,1.220616102218628,19237,e69c348d655c1a730f26b9ddec22f0e03ff07d109c43d75b72df6a863fc963f3,experiments/mirror_applications/ma-255-parameter-superposition-mirror/artifacts/payloads/25501_2_mirror_rank8_lr0.01_0.pt,0.7032829240051797,1200
25501,2,mirror_rank8_lr0.01,1,1.2682803869247437,19237,6ccfea77231297f229e65776d95dcd2ba93a2cfce4b9a67e6830be982eb8e1f2,experiments/mirror_applications/ma-255-parameter-superposition-mirror/artifacts/payloads/25501_2_mirror_rank8_lr0.01_1.pt,0.7032829240051797,1200
25501,2,mirror_rank8_lr0.01,2,1.2022961378097534,19237,3b96337d8e825b1e216ade1a4f48f51121b4ebb444821f1317749c173d667961,experiments/mirror_applications/ma-255-parameter-superposition-mirror/artifacts/payloads/25501_2_mirror_rank8_lr0.01_2.pt,0.7032829240051797,1200
25501,2,mirror_rank8_lr0.01,3,1.1213843822479248,19237,3077b403fd9d4c3f4d3a1ab5abeef898f33887a9830173a0da0e2ebd125f1781,experiments/mirror_applications/ma-255-parameter-superposition-mirror/artifacts/payloads/25501_2_mirror_rank8_lr0.01_3.pt,0.7032829240051797,1200
25501,2,mirror_rank8_lr0.01,4,1.115514874458313,19237,f1a60949718f857ebfe9d1c555ade45066f7c20c5b26c408c0bb63883cfc4336,experiments/mirror_applications/ma-255-parameter-superposition-mirror/artifacts/payloads/25501_2_mirror_rank8_lr0.01_4.pt,0.7032829240051797,1200
25501,2,mirror_rank8_lr0.01,5,1.199471116065979,19237,9a3771619b4e32ce2f06a62a8f4c4dbdddfa42b2893cf73cdedcfed65d5570f3,experiments/mirror_applications/ma-255-parameter-superposition-mirror/artifacts/payloads/25501_2_mirror_rank8_lr0.01_5.pt,0.7032829240051797,1200
25501,2,mirror_rank8_lr0.01,6,1.181089162826538,19237,d9e6506a49f2c7908f8bc312322a776463250c50c03fe903f37082231345e81a,experiments/mirror_applications/ma-255-parameter-superposition-mirror/artifacts/payloads/25501_2_mirror_rank8_lr0.01_6.pt,0.7032829240051797,1200
25501,2,mirror_rank8_lr0.01,7,1.1120266914367676,19237,73b25539914fbecfff6cc9035704a91f3ee51d5663e91e085aa393c50cd082d3,experiments/mirror_applications/ma-255-parameter-superposition-mirror/artifacts/payloads/25501_2_mirror_rank8_lr0.01_7.pt,0.7032829240051797,1200
25501,2,mirror_rank8_lr0.01,8,1.16199791431427,19237,7cf136fbbe5d78ae36854f71d4b38b473c576dfa305d58caa140b0f6a47891db,experiments/mirror_applications/ma-255-parameter-superposition-mirror/artifacts/payloads/25501_2_mirror_rank8_lr0.01_8.pt,0.7032829240051797,1200
25501,2,mirror_rank8_lr0.01,9,1.1767446994781494,19237,48a8949efc6de20be2eff9153393218cb36e0e38eb135c558f2ddd58baa97c34,experiments/mirror_applications/ma-255-parameter-superposition-mirror/artifacts/payloads/25501_2_mirror_rank8_lr0.01_9.pt,0.7032829240051797,1200
25501,2,mirror_rank8_lr0.01,10,1.1795481443405151,19237,dabd617312743ddad066e8a32b4d3c54a30ec5a701f3d07a746c8071c71f7c91,experiments/mirror_applications/ma-255-parameter-superposition-mirror/artifacts/payloads/25501_2_mirror_rank8_lr0.01_10.pt,0.7032829240051797,1200
25501,2,mirror_rank8_lr0.01,11,1.2233885526657104,19237,7a478e8c6e74b467108d878156ccd879f5702c34528b5852bda86d0a8bb2e149,experiments/mirror_applications/ma-255-parameter-superposition-mirror/artifacts/payloads/25501_2_mirror_rank8_lr0.01_11.pt,0.7032829240051797,1200
25501,2,mirror_rank8_lr0.01,12,1.1130995750427246,19237,41c3127476f4d7b687e55c50f8446ac76ed29de6325a3fd164c83ff5287dbc60,experiments/mirror_applications/ma-255-parameter-superposition-mirror/artifacts/payloads/25501_2_mirror_rank8_lr0.01_12.pt,0.7032829240051797,1200
25501,2,mirror_rank8_lr0.01,13,1.1076234579086304,19237,66a5fb37e81b13a25ba5cd4b724b4fced179d066e9afb365012ace4b8e77f999,experiments/mirror_applications/ma-255-parameter-superposition-mirror/artifacts/payloads/25501_2_mirror_rank8_lr0.01_13.pt,0.7032829240051797,1200
25501,2,mirror_rank8_lr0.01,14,1.1969527006149292,19237,1344c900dc188cc07873b59dccf8b1695c9b23b0d3a658207bf9821b1e3dc849,experiments/mirror_applications/ma-255-parameter-superposition-mirror/artifacts/payloads/25501_2_mirror_rank8_lr0.01_14.pt,0.7032829240051797,1200
25501,2,mirror_rank8_lr0.01,15,1.1925644874572754,19237,ff3fe63be21e761ecf609481fe9900f1fe83046ee629134e64b7b0585b0c7a74,experiments/mirror_applications/ma-255-parameter-superposition-mirror/artifacts/payloads/25501_2_mirror_rank8_lr0.01_15.pt,0.7032829240051797,1200
25501,2,mirror_rank8_lr0.01,16,1.1077923774719238,19237,fe620f178dd9cab328f8628857408ce07149651b1c87a06f9474d28eab5adcf7,experiments/mirror_applications/ma-255-parameter-superposition-mirror/artifacts/payloads/25501_2_mirror_rank8_lr0.01_16.pt,0.7032829240051797,1200
25501,2,mirror_rank8_lr0.01,17,1.1551941633224487,19237,f04868483620a3b7eb5157ed7a14b268053a21a14e15b2f6fda1e31b08286dfa,experiments/mirror_applications/ma-255-parameter-superposition-mirror/artifacts/payloads/25501_2_mirror_rank8_lr0.01_17.pt,0.7032829240051797,1200
25501,2,mirror_rank8_lr0.01,18,1.1027202606201172,19237,77a630e22137355ca611d8e5bb25d9ebc28f3f89c9ae99afa18201e33ba1249d,experiments/mirror_applications/ma-255-parameter-superposition-mirror/artifacts/payloads/25501_2_mirror_rank8_lr0.01_18.pt,0.7032829240051797,1200
25501,2,mirror_rank8_lr0.01,19,1.2352155447006226,19237,62156796939730f630febf50058b8d73b4dd58ea4bff118167da2948af1104c8,experiments/mirror_applications/ma-255-parameter-superposition-mirror/artifacts/payloads/25501_2_mirror_rank8_lr0.01_19.pt,0.7032829240051797,1200
25501,2,mirror_rank8_lr0.01,20,1.1835404634475708,19237,d853432c4c1b71a71b199c2e7b746455257bb64c805362d5fadd2d683396592f,experiments/mirror_applications/ma-255-parameter-superposition-mirror/artifacts/payloads/25501_2_mirror_rank8_lr0.01_20.pt,0.7032829240051797,1200
25501,2,mirror_rank8_lr0.01,21,1.206600546836853,19237,3b5d7682f11f5e98538eec6aa4a2e851650f99f9f04a4eb6fc32f7d4fc9ad6a5,experiments/mirror_applications/ma-255-parameter-superposition-mirror/artifacts/payloads/25501_2_mirror_rank8_lr0.01_21.pt,0.7032829240051797,1200
25501,2,mirror_rank8_lr0.01,22,1.1034976243972778,19237,2901947ca9339da0b25469f6f4383e320ee23f120717f908475b0d6bd889ced5,experiments/mirror_applications/ma-255-parameter-superposition-mirror/artifacts/payloads/25501_2_mirror_rank8_lr0.01_22.pt,0.7032829240051797,1200
25501,2,mirror_rank8_lr0.01,23,1.1392663717269897,19237,143d1910f8e8f924c3c79ab54dc7d8a644de12f35d14ad7069df8b0a1dbe2c0a,experiments/mirror_applications/ma-255-parameter-superposition-mirror/artifacts/payloads/25501_2_mirror_rank8_lr0.01_23.pt,0.7032829240051797,1200
25501,2,mirror_rank8_lr0.01,24,1.1190038919448853,19237,00147a097ed693161fc814490d325a05d692c9564a8218239650bb8f1a2d4ce0,experiments/mirror_applications/ma-255-parameter-superposition-mirror/artifacts/payloads/25501_2_mirror_rank8_lr0.01_24.pt,0.7032829240051797,1200
25501,2,mirror_rank8_lr0.01,25,1.21541166305542,19237,446233341e0789782fcb84760fd456ee625e05402d39aab5d7abb4524c6fbb9b,experiments/mirror_applications/ma-255-parameter-superposition-mirror/artifacts/payloads/25501_2_mirror_rank8_lr0.01_25.pt,0.7032829240051797,1200
25501,2,mirror_rank8_lr0.01,26,1.0798777341842651,19237,0c6939552248ca587eb98516262deab706989c57358fe8d70bf5f09d67f0dd10,experiments/mirror_applications/ma-255-parameter-superposition-mirror/artifacts/payloads/25501_2_mirror_rank8_lr0.01_26.pt,0.7032829240051797,1200
25501,2,mirror_rank8_lr0.01,27,1.091167688369751,19237,e54f9bff177911adf846eae946fab02742bdd22a613237afa74f0e0b927d3de2,experiments/mirror_applications/ma-255-parameter-superposition-mirror/artifacts/payloads/25501_2_mirror_rank8_lr0.01_27.pt,0.7032829240051797,1200
25501,2,mirror_rank8_lr0.01,28,1.105435848236084,19237,19726f69c305510d410a930d94e5a77f20646d60f375e87ff250e47577779e33,experiments/mirror_applications/ma-255-parameter-superposition-mirror/artifacts/payloads/25501_2_mirror_rank8_lr0.01_28.pt,0.7032829240051797,1200
25501,2,mirror_rank8_lr0.01,29,1.165864109992981,19237,242222e674333d37596914e45fa5cf62171e5d4469923682efb0ec63ed0dd338,experiments/mirror_applications/ma-255-parameter-superposition-mirror/artifacts/payloads/25501_2_mirror_rank8_lr0.01_29.pt,0.7032829240051797,1200
25501,2,mirror_rank8_lr0.01,30,1.1950620412826538,19237,e1c180f991a19e936eda6291b573db2bd9429dc6f49d8ded01e5ba3cebf00219,experiments/mirror_applications/ma-255-parameter-superposition-mirror/artifacts/payloads/25501_2_mirror_rank8_lr0.01_30.pt,0.7032829240051797,1200
25501,2,mirror_rank8_lr0.01,31,1.136890172958374,19237,149fdfb40897d7c933d9ec334c6f96ab4b9a7115938b614eb1bb0f55ff37e2b5,experiments/mirror_applications/ma-255-parameter-superposition-mirror/artifacts/payloads/25501_2_mirror_rank8_lr0.01_31.pt,0.7032829240051797,1200
25501,2,mirror_rank8_lr0.1,0,1.2230854034423828,19237,c7c4e2e9a250c119e0ed31af444d029bd82bc8ab6ce9a03c54ddc16895ae40ce,experiments/mirror_applications/ma-255-parameter-superposition-mirror/artifacts/payloads/25501_2_mirror_rank8_lr0.1_0.pt,0.6856523829919752,1200
25501,2,mirror_rank8_lr0.1,1,1.2688275575637817,19237,a59201d1f0f25886e20ee1f731648f005137affdf946cc8c5e913beb8a7a0b13,experiments/mirror_applications/ma-255-parameter-superposition-mirror/artifacts/payloads/25501_2_mirror_rank8_lr0.1_1.pt,0.6856523829919752,1200
25501,2,mirror_rank8_lr0.1,2,1.19953191280365,19237,1afd8330928f6cfaaf9816a5a855fa5ccffd260a1ab32d3edc36d2e24fb61cf9,experiments/mirror_applications/ma-255-parameter-superposition-mirror/artifacts/payloads/25501_2_mirror_rank8_lr0.1_2.pt,0.6856523829919752,1200
25501,2,mirror_rank8_lr0.1,3,1.1213550567626953,19237,a0543b4b8e832d66fe68e059cd6bdb124888d5003fe747ff672ad409770939e6,experiments/mirror_applications/ma-255-parameter-superposition-mirror/artifacts/payloads/25501_2_mirror_rank8_lr0.1_3.pt,0.6856523829919752,1200
25501,2,mirror_rank8_lr0.1,4,1.1156392097473145,19237,84dd54c3404af609354607f388e63cfaa28b4b5612f8ee5c407873c3ef5048e7,experiments/mirror_applications/ma-255-parameter-superposition-mirror/artifacts/payloads/25501_2_mirror_rank8_lr0.1_4.pt,0.6856523829919752,1200
25501,2,mirror_rank8_lr0.1,5,1.199387550354004,19237,8dafe5818fe8fae3bf159a827faf86558f22db9891fab4ae2d1566331f8e3ede,experiments/mirror_applications/ma-255-parameter-superposition-mirror/artifacts/payloads/25501_2_mirror_rank8_lr0.1_5.pt,0.6856523829919752,1200
25501,2,mirror_rank8_lr0.1,6,1.1784650087356567,19237,183d6d0fc427c6358234e6596b79738b27265cde23b85f24521b86953848f410,experiments/mirror_applications/ma-255-parameter-superposition-mirror/artifacts/payloads/25501_2_mirror_rank8_lr0.1_6.pt,0.6856523829919752,1200
25501,2,mirror_rank8_lr0.1,7,1.1124686002731323,19237,bf71644431cf30d21ccff717548e5e82978d8edfab78ee51285e7898dbff837b,experiments/mirror_applications/ma-255-parameter-superposition-mirror/artifacts/payloads/25501_2_mirror_rank8_lr0.1_7.pt,0.6856523829919752,1200
25501,2,mirror_rank8_lr0.1,8,1.1602959632873535,19237,de289ed154a922dd4e932032a862c54659c1308834e517c12634ac0b3c4f731d,experiments/mirror_applications/ma-255-parameter-superposition-mirror/artifacts/payloads/25501_2_mirror_rank8_lr0.1_8.pt,0.6856523829919752,1200
25501,2,mirror_rank8_lr0.1,9,1.1793402433395386,19237,93d826971640c5b8267d5ea46c9d543817e55f7f95b06014351f19de619b67b0,experiments/mirror_applications/ma-255-parameter-superposition-mirror/artifacts/payloads/25501_2_mirror_rank8_lr0.1_9.pt,0.6856523829919752,1200
25501,2,mirror_rank8_lr0.1,10,1.1796187162399292,19237,33921d3527e11f4127ec6a84b7e01bf5bca5befd503d7f3b99dd84a34664dc89,experiments/mirror_applications/ma-255-parameter-superposition-mirror/artifacts/payloads/25501_2_mirror_rank8_lr0.1_10.pt,0.6856523829919752,1200
25501,2,mirror_rank8_lr0.1,11,1.2232229709625244,19237,e38a27c8230cd91f7a781848a8f19f2e00cb35b19477cf36f58c19b0ba8bac94,experiments/mirror_applications/ma-255-parameter-superposition-mirror/artifacts/payloads/25501_2_mirror_rank8_lr0.1_11.pt,0.6856523829919752,1200
25501,2,mirror_rank8_lr0.1,12,1.1130903959274292,19237,d17f0eeec7b4bf95c5f146fe63e70a388242cf08b54919e69c0d85c9de935379,experiments/mirror_applications/ma-255-parameter-superposition-mirror/artifacts/payloads/25501_2_mirror_rank8_lr0.1_12.pt,0.6856523829919752,1200
25501,2,mirror_rank8_lr0.1,13,1.1076672077178955,19237,a04f4b62f8e72c745ec68b74af089b070505feb76af3d6ad6143231c65840071,experiments/mirror_applications/ma-255-parameter-superposition-mirror/artifacts/payloads/25501_2_mirror_rank8_lr0.1_13.pt,0.6856523829919752,1200
25501,2,mirror_rank8_lr0.1,14,1.1971491575241089,19237,b0324c7517468e1230c06da3fb801ebe96715519c66a6a76adaf5f9315392a8c,experiments/mirror_applications/ma-255-parameter-superposition-mirror/artifacts/payloads/25501_2_mirror_rank8_lr0.1_14.pt,0.6856523829919752,1200
25501,2,mirror_rank8_lr0.1,15,1.1954371929168701,19237,d32ba536d17f164767b40933dfe2eab25f60d1a121fcbbcbc9447d5163a86f61,experiments/mirror_applications/ma-255-parameter-superposition-mirror/artifacts/payloads/25501_2_mirror_rank8_lr0.1_15.pt,0.6856523829919752,1200
25501,2,mirror_rank8_lr0.1,16,1.1067616939544678,19237,bc8ee55e2705ac4f925bb3846e470d435bf8cc5cbe13bd8c5d3298ba386c3863,experiments/mirror_applications/ma-255-parameter-superposition-mirror/artifacts/payloads/25501_2_mirror_rank8_lr0.1_16.pt,0.6856523829919752,1200
25501,2,mirror_rank8_lr0.1,17,1.155680537223816,19237,fcb3be959c4dfb4fa95a565dacfd208d330769886cb4a4bf77931ea8e44a6ebf,experiments/mirror_applications/ma-255-parameter-superposition-mirror/artifacts/payloads/25501_2_mirror_rank8_lr0.1_17.pt,0.6856523829919752,1200
25501,2,mirror_rank8_lr0.1,18,1.1024001836776733,19237,6ec630308ef3531dc5e53eb1634e5b3842c27b439ed3822d850cac97cfcb3da1,experiments/mirror_applications/ma-255-parameter-superposition-mirror/artifacts/payloads/25501_2_mirror_rank8_lr0.1_18.pt,0.6856523829919752,1200
25501,2,mirror_rank8_lr0.1,19,1.2350891828536987,19237,d344ff3f3fd96b541aa9a1c3cd96c1ee6974d439fbf2bf6d16014dac1615e2f2,experiments/mirror_applications/ma-255-parameter-superposition-mirror/artifacts/payloads/25501_2_mirror_rank8_lr0.1_19.pt,0.6856523829919752,1200
25501,2,mirror_rank8_lr0.1,20,1.1845505237579346,19237,2034966d6c3b92a4229008c12c2c55ec806f70184ae62f21dce0de19d2e34a8b,experiments/mirror_applications/ma-255-parameter-superposition-mirror/artifacts/payloads/25501_2_mirror_rank8_lr0.1_20.pt,0.6856523829919752,1200
25501,2,mirror_rank8_lr0.1,21,1.2076510190963745,19237,4cc45e52b3e428a88ded21a3bc55a74c49d66f5012b03d76c82b99e5cbe4b399,experiments/mirror_applications/ma-255-parameter-superposition-mirror/artifacts/payloads/25501_2_mirror_rank8_lr0.1_21.pt,0.6856523829919752,1200
25501,2,mirror_rank8_lr0.1,22,1.1041181087493896,19237,298fe6b36f2fe6a274f1ca1658c39904365b0d4c079127125599a875538e2e81,experiments/mirror_applications/ma-255-parameter-superposition-mirror/artifacts/payloads/25501_2_mirror_rank8_lr0.1_22.pt,0.6856523829919752,1200
25501,2,mirror_rank8_lr0.1,23,1.1402294635772705,19237,876afc0637b741df9d89c8bcf1810bc548a2d44c8335931029e3b4ece8aa736f,experiments/mirror_applications/ma-255-parameter-superposition-mirror/artifacts/payloads/25501_2_mirror_rank8_lr0.1_23.pt,0.6856523829919752,1200
25501,2,mirror_rank8_lr0.1,24,1.1178481578826904,19237,d3689ffedb3f03c9e1e7e02bd3bced93c6bd557c8196ae6ac22fecc7c6ff18ed,experiments/mirror_applications/ma-255-parameter-superposition-mirror/artifacts/payloads/25501_2_mirror_rank8_lr0.1_24.pt,0.6856523829919752,1200
25501,2,mirror_rank8_lr0.1,25,1.2151551246643066,19237,79b459810e5ea5e7039f6d957d73daad7f1d678080426c84eebe726ab648e0fc,experiments/mirror_applications/ma-255-parameter-superposition-mirror/artifacts/payloads/25501_2_mirror_rank8_lr0.1_25.pt,0.6856523829919752,1200
25501,2,mirror_rank8_lr0.1,26,1.0789850950241089,19237,90d76e63f56e24f60d7c551f27289d10914ff61f6be90e741045a9158014797d,experiments/mirror_applications/ma-255-parameter-superposition-mirror/artifacts/payloads/25501_2_mirror_rank8_lr0.1_26.pt,0.6856523829919752,1200
25501,2,mirror_rank8_lr0.1,27,1.0910707712173462,19237,183bed51f1ebc57124d4437c0383a3f92aeee3d7f48fe05c5c1c0fb2a818e231,experiments/mirror_applications/ma-255-parameter-superposition-mirror/artifacts/payloads/25501_2_mirror_rank8_lr0.1_27.pt,0.6856523829919752,1200
25501,2,mirror_rank8_lr0.1,28,1.103379249572754,19237,65f05b4c5fbb3f9c0c773b768534be3023d690ffa116eae93211cc3b77269787,experiments/mirror_applications/ma-255-parameter-superposition-mirror/artifacts/payloads/25501_2_mirror_rank8_lr0.1_28.pt,0.6856523829919752,1200
25501,2,mirror_rank8_lr0.1,29,1.1653066873550415,19237,11339bc028fdf3c141bc711bc751f2a7612abb6ac82f1523cc94b3cdf2d0a30b,experiments/mirror_applications/ma-255-parameter-superposition-mirror/artifacts/payloads/25501_2_mirror_rank8_lr0.1_29.pt,0.6856523829919752,1200
25501,2,mirror_rank8_lr0.1,30,1.1933929920196533,19237,29d6b18a0275c8e78ec4e1c3566e9be2cbdda649e26fdd00cf94a909ec862383,experiments/mirror_applications/ma-255-parameter-superposition-mirror/artifacts/payloads/25501_2_mirror_rank8_lr0.1_30.pt,0.6856523829919752,1200
25501,2,mirror_rank8_lr0.1,31,1.1367385387420654,19237,61357e789ef5fcd6c1dcba65c31c64115056fc5cf9a2ae5eae8023df1cda7510,experiments/mirror_applications/ma-255-parameter-superposition-mirror/artifacts/payloads/25501_2_mirror_rank8_lr0.1_31.pt,0.6856523829919752,1200
