world,seed,method,task,nrmse,payload_bytes,sha256,path,train_seconds,updates,query_examples,active_compute_proxy
25520,0,psp,0,0.8594375848770142,12133,af2cb8f7cf6bb9ded3b4e2692a4ce179f04e2a2f4d638281968ac46c4f8bfbab,experiments/mirror_applications/ma-255-parameter-superposition-mirror/artifacts/payloads_a1/25520_0_psp_0.pt,0.0,0,512,32768
25520,0,psp,1,0.45872241258621216,12133,18a98a4ff812bbf1b5facb2f6b31b6402dbdeb357b60b4631dd663a138917a52,experiments/mirror_applications/ma-255-parameter-superposition-mirror/artifacts/payloads_a1/25520_0_psp_1.pt,0.0,0,512,32768
25520,0,psp,2,0.7051718235015869,12133,4ec669a688cb3a28dc1c0ffde9e802d0b6ea23ef2e46238d9963257942c923ac,experiments/mirror_applications/ma-255-parameter-superposition-mirror/artifacts/payloads_a1/25520_0_psp_2.pt,0.0,0,512,32768
25520,0,psp,3,0.3757841885089874,12133,5a20ee31005b6af9fadff09ae79bb4b6a509e4fd491cc2e9f5be5e584a3134c0,experiments/mirror_applications/ma-255-parameter-superposition-mirror/artifacts/payloads_a1/25520_0_psp_3.pt,0.0,0,512,32768
25520,0,psp,4,0.37023234367370605,12133,9ffcd5384d5345267b314f13d5b7fa831548870369f69bd503d4f8c67f08a883,experiments/mirror_applications/ma-255-parameter-superposition-mirror/artifacts/payloads_a1/25520_0_psp_4.pt,0.0,0,512,32768
25520,0,psp,5,0.4682023227214813,12133,e455686736785df5c29e599fd57d4c59659e445a81646e000a691280c7d178ff,experiments/mirror_applications/ma-255-parameter-superposition-mirror/artifacts/payloads_a1/25520_0_psp_5.pt,0.0,0,512,32768
25520,0,psp,6,0.8480371236801147,12133,cf8f397bb7254a64ab7b79daa55e5f3275dd74188c607d5c92fcda92255d45ba,experiments/mirror_applications/ma-255-parameter-superposition-mirror/artifacts/payloads_a1/25520_0_psp_6.pt,0.0,0,512,32768
25520,0,psp,7,0.5121655464172363,12133,9044eb0b804465ec7ddca62606f862bcf0f4d7321b71ff529050cf1e4a6b1086,experiments/mirror_applications/ma-255-parameter-superposition-mirror/artifacts/payloads_a1/25520_0_psp_7.pt,0.0,0,512,32768
25520,0,psp,8,0.43988174200057983,12133,4f4d7fddc9184a8edfcd154edebab50604c38b0e297b8820af8f0b5e448616fe,experiments/mirror_applications/ma-255-parameter-superposition-mirror/artifacts/payloads_a1/25520_0_psp_8.pt,0.0,0,512,32768
25520,0,psp,9,0.3629146218299866,12133,6ce28beffb5f4915cb816d0e8523ba0263c2742b03c62e054bc891b7b03ea8ed,experiments/mirror_applications/ma-255-parameter-superposition-mirror/artifacts/payloads_a1/25520_0_psp_9.pt,0.0,0,512,32768
25520,0,psp,10,0.26640647649765015,12133,f92645b7cd3614ebf20804f0e517a773f23bd69d548521ba2e9a6b2be1fa2bfb,experiments/mirror_applications/ma-255-parameter-superposition-mirror/artifacts/payloads_a1/25520_0_psp_10.pt,0.0,0,512,32768
25520,0,psp,11,1.035650610923767,12133,86f8555965524c9c5bdc8a42e8780fc4cabf74f38c2b3f8dd06733de5ee4ec06,experiments/mirror_applications/ma-255-parameter-superposition-mirror/artifacts/payloads_a1/25520_0_psp_11.pt,0.0,0,512,32768
25520,0,psp,12,0.288309246301651,12133,9ec2eae4efc7bef3952d7f8e6231129d711dd5dcaf7c7efb33c95f899b71997a,experiments/mirror_applications/ma-255-parameter-superposition-mirror/artifacts/payloads_a1/25520_0_psp_12.pt,0.0,0,512,32768
25520,0,psp,13,0.3396162986755371,12133,a6d2f9016198b3d99663f4e27eff20635ae06d2c8a85a6e0b1ecb1d372c23544,experiments/mirror_applications/ma-255-parameter-superposition-mirror/artifacts/payloads_a1/25520_0_psp_13.pt,0.0,0,512,32768
25520,0,psp,14,0.7022894620895386,12133,0478da176a4639208baf6c6ba2a08522ba591c745fa54a7e9fafbbb5697cab88,experiments/mirror_applications/ma-255-parameter-superposition-mirror/artifacts/payloads_a1/25520_0_psp_14.pt,0.0,0,512,32768
25520,0,psp,15,0.33500412106513977,12133,e099550314b7369668c287f6c45afefbd1abc7143af3fd2d299cb1a6e953821e,experiments/mirror_applications/ma-255-parameter-superposition-mirror/artifacts/payloads_a1/25520_0_psp_15.pt,0.0,0,512,32768
25520,0,shared,0,0.9872279167175293,3245,776a35b8fbe2c715a683173e6c99274a67e64b3baec5f42143137ed38861fa6e,experiments/mirror_applications/ma-255-parameter-superposition-mirror/artifacts/payloads_a1/25520_0_shared_0.pt,0.0,0,512,32768
25520,0,shared,1,0.9490264058113098,3245,055c7e2456ad5070b9d4c4136a01e6a19d3e77a8be484096b3aa4735cc4e6d62,experiments/mirror_applications/ma-255-parameter-superposition-mirror/artifacts/payloads_a1/25520_0_shared_1.pt,0.0,0,512,32768
25520,0,shared,2,0.8764796257019043,3245,22d107fc9cccc1df6b94079e417d551a82c1a0f6d8cf220612c3b7e058358dd5,experiments/mirror_applications/ma-255-parameter-superposition-mirror/artifacts/payloads_a1/25520_0_shared_2.pt,0.0,0,512,32768
25520,0,shared,3,0.8484389185905457,3245,3edd20936c3a9ff30b20a9ee91c9ba4c3876f3bd3d0ce4f2dc14425f5ce42d78,experiments/mirror_applications/ma-255-parameter-superposition-mirror/artifacts/payloads_a1/25520_0_shared_3.pt,0.0,0,512,32768
25520,0,shared,4,0.8455780744552612,3245,62ab61f0e5ac92b165ae9a153f99d83153b71e204b8603ee5171f065b8116012,experiments/mirror_applications/ma-255-parameter-superposition-mirror/artifacts/payloads_a1/25520_0_shared_4.pt,0.0,0,512,32768
25520,0,shared,5,0.9906210899353027,3245,58f312697e90cdc8e76f0fe489411eb77f2edf9e15de6c06a993674cc218e99b,experiments/mirror_applications/ma-255-parameter-superposition-mirror/artifacts/payloads_a1/25520_0_shared_5.pt,0.0,0,512,32768
25520,0,shared,6,1.0147337913513184,3245,b896c93da1e44fd3e8cd6f84955c5eba786e5a838e896194df787e49670780de,experiments/mirror_applications/ma-255-parameter-superposition-mirror/artifacts/payloads_a1/25520_0_shared_6.pt,0.0,0,512,32768
25520,0,shared,7,0.85783851146698,3245,5168851d328e2e415962a721f07479b7f2d4a1434909fe595c9444e8b7a37cf8,experiments/mirror_applications/ma-255-parameter-superposition-mirror/artifacts/payloads_a1/25520_0_shared_7.pt,0.0,0,512,32768
25520,0,shared,8,1.068885087966919,3245,7f63fa2182ca588762e9c56858112a3944eb37ed6a9ce044a36a6735b3968603,experiments/mirror_applications/ma-255-parameter-superposition-mirror/artifacts/payloads_a1/25520_0_shared_8.pt,0.0,0,512,32768
25520,0,shared,9,1.136235237121582,3245,9ad433d8c1e338b946c5a6ec65d05a533ac45deff938bbf889c3f0f05ee62157,experiments/mirror_applications/ma-255-parameter-superposition-mirror/artifacts/payloads_a1/25520_0_shared_9.pt,0.0,0,512,32768
25520,0,shared,10,1.0330990552902222,3245,8efae1268171cbb68962ab2839bf29d882e72c4c4fe3e08776187e56a142922e,experiments/mirror_applications/ma-255-parameter-superposition-mirror/artifacts/payloads_a1/25520_0_shared_10.pt,0.0,0,512,32768
25520,0,shared,11,0.8891710042953491,3245,158e3aba1f407e0874ed775c352b39e10f5964209a60fd4a1ee9c63baa3a205a,experiments/mirror_applications/ma-255-parameter-superposition-mirror/artifacts/payloads_a1/25520_0_shared_11.pt,0.0,0,512,32768
25520,0,shared,12,0.9940217137336731,3245,2c6c916cc3e7746330403aedde18684f91644cb6818528ec6de7723856e94a5e,experiments/mirror_applications/ma-255-parameter-superposition-mirror/artifacts/payloads_a1/25520_0_shared_12.pt,0.0,0,512,32768
25520,0,shared,13,0.8905165195465088,3245,6bf5da1305b29f1587b8f4e302c82a43c964cfa510e1086e180f01e3eb4b7403,experiments/mirror_applications/ma-255-parameter-superposition-mirror/artifacts/payloads_a1/25520_0_shared_13.pt,0.0,0,512,32768
25520,0,shared,14,0.8820598125457764,3245,6ddecb9b98cca126df1e28c4c4f43009bc110d95930dd5315f754e787026aa42,experiments/mirror_applications/ma-255-parameter-superposition-mirror/artifacts/payloads_a1/25520_0_shared_14.pt,0.0,0,512,32768
25520,0,shared,15,0.9282386302947998,3245,d81d383ede030a1f0e81a875d13f682befa1dd7e09ca72c9bd64484563038b55,experiments/mirror_applications/ma-255-parameter-superposition-mirror/artifacts/payloads_a1/25520_0_shared_15.pt,0.0,0,512,32768
25520,0,independent,0,0.0,3245,a2a7489a85e675fe75e9c5ffaf7c8ef425ba55b0482cb231e648c7c53f7e0ea4,experiments/mirror_applications/ma-255-parameter-superposition-mirror/artifacts/payloads_a1/25520_0_independent_0.pt,0.0,0,512,32768
25520,0,independent,1,0.0,3245,9d9eab65951e372d4d2e7b5dbbd246958eeded6480e33b965aa57a5d2beef805,experiments/mirror_applications/ma-255-parameter-superposition-mirror/artifacts/payloads_a1/25520_0_independent_1.pt,0.0,0,512,32768
25520,0,independent,2,0.0,3245,866f5c019f5add63433143ad017eb5142e6cee4a6f6d96bfcadefd018ca8f257,experiments/mirror_applications/ma-255-parameter-superposition-mirror/artifacts/payloads_a1/25520_0_independent_2.pt,0.0,0,512,32768
25520,0,independent,3,0.0,3245,f7ce3faee35d109a3ce314ff55617f4517f04bee05a884427658da5e9a57b9d2,experiments/mirror_applications/ma-255-parameter-superposition-mirror/artifacts/payloads_a1/25520_0_independent_3.pt,0.0,0,512,32768
25520,0,independent,4,0.0,3245,a6931355e9d7f725c52a1042e3de10c46a767561d8e458eb96a71a935c0790c2,experiments/mirror_applications/ma-255-parameter-superposition-mirror/artifacts/payloads_a1/25520_0_independent_4.pt,0.0,0,512,32768
25520,0,independent,5,0.0,3245,db8aba64f5141acc76ca56fd2c35f0e906d26daa8a86a1b9df8daee3d16894bf,experiments/mirror_applications/ma-255-parameter-superposition-mirror/artifacts/payloads_a1/25520_0_independent_5.pt,0.0,0,512,32768
25520,0,independent,6,0.0,3245,e2a4bd1250fa72bfb94c9db446292f848f038a26eb1dd133add6264b74748825,experiments/mirror_applications/ma-255-parameter-superposition-mirror/artifacts/payloads_a1/25520_0_independent_6.pt,0.0,0,512,32768
25520,0,independent,7,0.0,3245,00ab72454016464c93a3c11713d60af6af5b29d9192525def565ac4936ed2ac9,experiments/mirror_applications/ma-255-parameter-superposition-mirror/artifacts/payloads_a1/25520_0_independent_7.pt,0.0,0,512,32768
25520,0,independent,8,0.0,3245,58e4ff6861b83ff6cc8c883366294a7089dec6c573049f575b1cb44e57b8faf3,experiments/mirror_applications/ma-255-parameter-superposition-mirror/artifacts/payloads_a1/25520_0_independent_8.pt,0.0,0,512,32768
25520,0,independent,9,0.0,3245,ca1f871b78b89c8ee2fc7e98b339d4f642dcfbb2236f9bdc5681fc82b86bf5b0,experiments/mirror_applications/ma-255-parameter-superposition-mirror/artifacts/payloads_a1/25520_0_independent_9.pt,0.0,0,512,32768
25520,0,independent,10,0.0,3245,517a95097cc15a5dd7a7366a750df0bb414c3915c83e0e8e4accd7777a43a096,experiments/mirror_applications/ma-255-parameter-superposition-mirror/artifacts/payloads_a1/25520_0_independent_10.pt,0.0,0,512,32768
25520,0,independent,11,0.0,3245,f79cecd53d5669a3fbf0df4bc0caab5bf61e20f94eb2af36a2e4c024b3f24105,experiments/mirror_applications/ma-255-parameter-superposition-mirror/artifacts/payloads_a1/25520_0_independent_11.pt,0.0,0,512,32768
25520,0,independent,12,0.0,3245,a2d9879cb6a62fab7b2b5c9c4924fa8b270fa91e091ee278b9f30c3ff0a0d508,experiments/mirror_applications/ma-255-parameter-superposition-mirror/artifacts/payloads_a1/25520_0_independent_12.pt,0.0,0,512,32768
25520,0,independent,13,0.0,3245,1a90adf6be8fa6b6d26d06e849bf8319d9828078536644e66c3d0a7508ea1c44,experiments/mirror_applications/ma-255-parameter-superposition-mirror/artifacts/payloads_a1/25520_0_independent_13.pt,0.0,0,512,32768
25520,0,independent,14,0.0,3245,a20539817405ce5b8b507839992a46c6dd1c59ccdfd2326afee2109b48f3b69f,experiments/mirror_applications/ma-255-parameter-superposition-mirror/artifacts/payloads_a1/25520_0_independent_14.pt,0.0,0,512,32768
25520,0,independent,15,0.0,3245,df4c71b347652f59cb85eb47f60018d45a943be67165390980df39a2ae73af73,experiments/mirror_applications/ma-255-parameter-superposition-mirror/artifacts/payloads_a1/25520_0_independent_15.pt,0.0,0,512,32768
25520,0,mirror_r8_lr0.001,0,0.10389725863933563,4717,4993207fb3819a8f66e59289677cb4ec8f86b94958f466572a133674d17fbc58,experiments/mirror_applications/ma-255-parameter-superposition-mirror/artifacts/payloads_a1/25520_0_mirror_r8_lr0.001_0.pt,1.3394193229905795,1600,512,524288
25520,0,mirror_r8_lr0.001,1,0.03897625207901001,4717,abe37f5e01e44754ff83d6ce126b03be798008eaf7b41c4d07aba3f7aff51804,experiments/mirror_applications/ma-255-parameter-superposition-mirror/artifacts/payloads_a1/25520_0_mirror_r8_lr0.001_1.pt,1.3394193229905795,1600,512,524288
25520,0,mirror_r8_lr0.001,2,0.04775690287351608,4717,204fc9f9e30759f468db9702b92529466c0293cdf5976a3037d853e9154231ea,experiments/mirror_applications/ma-255-parameter-superposition-mirror/artifacts/payloads_a1/25520_0_mirror_r8_lr0.001_2.pt,1.3394193229905795,1600,512,524288
25520,0,mirror_r8_lr0.001,3,0.04416117072105408,4717,5c5d19cb227c7b28c76d9d88bb1748ed5d737c183ea935c71e661cca187c4e6c,experiments/mirror_applications/ma-255-parameter-superposition-mirror/artifacts/payloads_a1/25520_0_mirror_r8_lr0.001_3.pt,1.3394193229905795,1600,512,524288
25520,0,mirror_r8_lr0.001,4,0.060341157019138336,4717,f39ea57e986f249bb56876e3f5d1b3eb224b928c4a79272e1fe027e7b28cbcc7,experiments/mirror_applications/ma-255-parameter-superposition-mirror/artifacts/payloads_a1/25520_0_mirror_r8_lr0.001_4.pt,1.3394193229905795,1600,512,524288
25520,0,mirror_r8_lr0.001,5,0.044929929077625275,4717,4fe671ebc5c6a6e27d424ebe60f3b8771a1b37221d88a979416bdfc9e39bffcd,experiments/mirror_applications/ma-255-parameter-superposition-mirror/artifacts/payloads_a1/25520_0_mirror_r8_lr0.001_5.pt,1.3394193229905795,1600,512,524288
25520,0,mirror_r8_lr0.001,6,0.13818487524986267,4717,b2a1998b77082620a5de98e3a05669aac394fb6092b5244b6ec6a50c9d6186bc,experiments/mirror_applications/ma-255-parameter-superposition-mirror/artifacts/payloads_a1/25520_0_mirror_r8_lr0.001_6.pt,1.3394193229905795,1600,512,524288
25520,0,mirror_r8_lr0.001,7,0.11087457090616226,4717,a5faacd4258b7827fd41ef50acb2fd4b22c7bb210124f71676d3e5fa5a2fe62c,experiments/mirror_applications/ma-255-parameter-superposition-mirror/artifacts/payloads_a1/25520_0_mirror_r8_lr0.001_7.pt,1.3394193229905795,1600,512,524288
25520,0,mirror_r8_lr0.001,8,0.03584602475166321,4717,4ffb39ea94b93486e1017b6290b79870b04776ec487bd31bc563ed7e17e09649,experiments/mirror_applications/ma-255-parameter-superposition-mirror/artifacts/payloads_a1/25520_0_mirror_r8_lr0.001_8.pt,1.3394193229905795,1600,512,524288
25520,0,mirror_r8_lr0.001,9,0.05480233579874039,4717,41fcfdf1ff87472634d1b7e1f81f4c6f4e48133292c90315f343e61f03474764,experiments/mirror_applications/ma-255-parameter-superposition-mirror/artifacts/payloads_a1/25520_0_mirror_r8_lr0.001_9.pt,1.3394193229905795,1600,512,524288
25520,0,mirror_r8_lr0.001,10,0.0535709410905838,4717,0f05ebd42c9a7d01b433cc5e6ad5ee59470a431cd8f6065118fc20e3b469a6fe,experiments/mirror_applications/ma-255-parameter-superposition-mirror/artifacts/payloads_a1/25520_0_mirror_r8_lr0.001_10.pt,1.3394193229905795,1600,512,524288
25520,0,mirror_r8_lr0.001,11,0.1711493730545044,4717,877ce56a7b2369fd686c605c288d9fc88b68f368ba1d3cbc1989cc864aaf8e2f,experiments/mirror_applications/ma-255-parameter-superposition-mirror/artifacts/payloads_a1/25520_0_mirror_r8_lr0.001_11.pt,1.3394193229905795,1600,512,524288
25520,0,mirror_r8_lr0.001,12,0.05444202944636345,4717,f7ace6b3fd37932aa6cafe22119bc34cb7ee3a06893c92c126db50e888d75765,experiments/mirror_applications/ma-255-parameter-superposition-mirror/artifacts/payloads_a1/25520_0_mirror_r8_lr0.001_12.pt,1.3394193229905795,1600,512,524288
25520,0,mirror_r8_lr0.001,13,0.05033131316304207,4717,55c5944e654c03d7bae97af4dac03b732d2f9e737535a09ba81c3cd06e5c9611,experiments/mirror_applications/ma-255-parameter-superposition-mirror/artifacts/payloads_a1/25520_0_mirror_r8_lr0.001_13.pt,1.3394193229905795,1600,512,524288
25520,0,mirror_r8_lr0.001,14,0.06934046745300293,4717,3bf1e45d60c44811af552b241b569b9ba225e2ee5b7bf395593f1fad4d88b1b4,experiments/mirror_applications/ma-255-parameter-superposition-mirror/artifacts/payloads_a1/25520_0_mirror_r8_lr0.001_14.pt,1.3394193229905795,1600,512,524288
25520,0,mirror_r8_lr0.001,15,0.029927518218755722,4717,71c66a12e0833b0ddeb28a92cdb3495780a37056c4b954a6cd7a60bd669d2b01,experiments/mirror_applications/ma-255-parameter-superposition-mirror/artifacts/payloads_a1/25520_0_mirror_r8_lr0.001_15.pt,1.3394193229905795,1600,512,524288
25520,0,generic_lowrank_r8_lr0.001,0,0.10389725863933563,4717,8351470838b19e5b4a37b17f6c428c3a837042f239c28477d65b20340cad9eae,experiments/mirror_applications/ma-255-parameter-superposition-mirror/artifacts/payloads_a1/25520_0_generic_lowrank_r8_lr0.001_0.pt,1.3394193229905795,1600,512,524288
25520,0,generic_lowrank_r8_lr0.001,1,0.03897625207901001,4717,9a339f8b8362ebae8be716e7ad1f8bfacf913136c0e4dd20bbfd3ebb639c2c00,experiments/mirror_applications/ma-255-parameter-superposition-mirror/artifacts/payloads_a1/25520_0_generic_lowrank_r8_lr0.001_1.pt,1.3394193229905795,1600,512,524288
25520,0,generic_lowrank_r8_lr0.001,2,0.04775690287351608,4717,a1badf696efcc29115e640348536e4e3b05afebd3a29da6f4443e95fd48267e5,experiments/mirror_applications/ma-255-parameter-superposition-mirror/artifacts/payloads_a1/25520_0_generic_lowrank_r8_lr0.001_2.pt,1.3394193229905795,1600,512,524288
25520,0,generic_lowrank_r8_lr0.001,3,0.04416117072105408,4717,17f2a9aa5623769a9c76c95bbafb6b611a11a148d4f314926ec968fdc01fa684,experiments/mirror_applications/ma-255-parameter-superposition-mirror/artifacts/payloads_a1/25520_0_generic_lowrank_r8_lr0.001_3.pt,1.3394193229905795,1600,512,524288
25520,0,generic_lowrank_r8_lr0.001,4,0.060341157019138336,4717,db549f604773edaf4279a62d3d72b057a9a1aff8d74fea7ac1099a4cadde31fa,experiments/mirror_applications/ma-255-parameter-superposition-mirror/artifacts/payloads_a1/25520_0_generic_lowrank_r8_lr0.001_4.pt,1.3394193229905795,1600,512,524288
25520,0,generic_lowrank_r8_lr0.001,5,0.044929929077625275,4717,cd62069c2d3c1409d27d8ef83512fc71c66a3b5c9888689178be08f640deb100,experiments/mirror_applications/ma-255-parameter-superposition-mirror/artifacts/payloads_a1/25520_0_generic_lowrank_r8_lr0.001_5.pt,1.3394193229905795,1600,512,524288
25520,0,generic_lowrank_r8_lr0.001,6,0.13818487524986267,4717,d81ea6cce650fc2a0e1fa8519d42b16bf8d3904f9b61779847d2a4249b5cdd9f,experiments/mirror_applications/ma-255-parameter-superposition-mirror/artifacts/payloads_a1/25520_0_generic_lowrank_r8_lr0.001_6.pt,1.3394193229905795,1600,512,524288
25520,0,generic_lowrank_r8_lr0.001,7,0.11087457090616226,4717,ae1a442ba2623d6c7ad8b333fd71bc7c44a34f24dd0aa1908acbd4fa06c70e69,experiments/mirror_applications/ma-255-parameter-superposition-mirror/artifacts/payloads_a1/25520_0_generic_lowrank_r8_lr0.001_7.pt,1.3394193229905795,1600,512,524288
25520,0,generic_lowrank_r8_lr0.001,8,0.03584602475166321,4717,91c725c435dea3dedd623e56334f9103456bac37c6113c6a70be2f6e9ab12c11,experiments/mirror_applications/ma-255-parameter-superposition-mirror/artifacts/payloads_a1/25520_0_generic_lowrank_r8_lr0.001_8.pt,1.3394193229905795,1600,512,524288
25520,0,generic_lowrank_r8_lr0.001,9,0.05480233579874039,4717,78723158942e4abaaafa9ffe0e63a1afbe3cc2a24d27ddf3a52348029d1a0ca8,experiments/mirror_applications/ma-255-parameter-superposition-mirror/artifacts/payloads_a1/25520_0_generic_lowrank_r8_lr0.001_9.pt,1.3394193229905795,1600,512,524288
25520,0,generic_lowrank_r8_lr0.001,10,0.0535709410905838,4717,ff305abfdc0dc3642bc0599994c8d208a75044d1fcf0cc660de335a0b5595b35,experiments/mirror_applications/ma-255-parameter-superposition-mirror/artifacts/payloads_a1/25520_0_generic_lowrank_r8_lr0.001_10.pt,1.3394193229905795,1600,512,524288
25520,0,generic_lowrank_r8_lr0.001,11,0.1711493730545044,4717,3e666f9ee1a7f9ed8c77759bc69db4495d389c2c4977363668535939a953ad85,experiments/mirror_applications/ma-255-parameter-superposition-mirror/artifacts/payloads_a1/25520_0_generic_lowrank_r8_lr0.001_11.pt,1.3394193229905795,1600,512,524288
25520,0,generic_lowrank_r8_lr0.001,12,0.05444202944636345,4717,8a7228db4319d92428f29a03760133fa7694a638e0d35aa0281711f7fac8f2f7,experiments/mirror_applications/ma-255-parameter-superposition-mirror/artifacts/payloads_a1/25520_0_generic_lowrank_r8_lr0.001_12.pt,1.3394193229905795,1600,512,524288
25520,0,generic_lowrank_r8_lr0.001,13,0.05033131316304207,4717,b137818871f23fb137b6a169640acad3256c701eb635e35172bcad4c453ca042,experiments/mirror_applications/ma-255-parameter-superposition-mirror/artifacts/payloads_a1/25520_0_generic_lowrank_r8_lr0.001_13.pt,1.3394193229905795,1600,512,524288
25520,0,generic_lowrank_r8_lr0.001,14,0.06934046745300293,4717,a07232c6855ea2084da54cea3e85622656ba9ca83a795556a87a1ef11f147a9b,experiments/mirror_applications/ma-255-parameter-superposition-mirror/artifacts/payloads_a1/25520_0_generic_lowrank_r8_lr0.001_14.pt,1.3394193229905795,1600,512,524288
25520,0,generic_lowrank_r8_lr0.001,15,0.029927518218755722,4717,764a4b509f6bc1a9adb0fb2c4f708fe5c160274cee73b2cd26df48e483c48ece,experiments/mirror_applications/ma-255-parameter-superposition-mirror/artifacts/payloads_a1/25520_0_generic_lowrank_r8_lr0.001_15.pt,1.3394193229905795,1600,512,524288
25520,0,mirror_r8_lr0.01,0,0.10399012267589569,4717,465b6e8fb745d2d33728c5a05160b3f6fbb96cfb7d38842a287612fd78c6f5b8,experiments/mirror_applications/ma-255-parameter-superposition-mirror/artifacts/payloads_a1/25520_0_mirror_r8_lr0.01_0.pt,0.5196744940039935,1600,512,524288
25520,0,mirror_r8_lr0.01,1,0.038901954889297485,4717,0f81343310232adcbe01a477f04957b46db458e1df9c068f0008fba9bde4ce59,experiments/mirror_applications/ma-255-parameter-superposition-mirror/artifacts/payloads_a1/25520_0_mirror_r8_lr0.01_1.pt,0.5196744940039935,1600,512,524288
25520,0,mirror_r8_lr0.01,2,0.047713637351989746,4717,442cd7b4d4901f34e2021320bd439c9edf7e08aa4c9f451461d0b74a1e88c2e3,experiments/mirror_applications/ma-255-parameter-superposition-mirror/artifacts/payloads_a1/25520_0_mirror_r8_lr0.01_2.pt,0.5196744940039935,1600,512,524288
25520,0,mirror_r8_lr0.01,3,0.04413418471813202,4717,43324928f1f440c3eb2be3636014e15b51796e4cf8b811c249950451e77206f0,experiments/mirror_applications/ma-255-parameter-superposition-mirror/artifacts/payloads_a1/25520_0_mirror_r8_lr0.01_3.pt,0.5196744940039935,1600,512,524288
25520,0,mirror_r8_lr0.01,4,0.06033182144165039,4717,7b82901e9c91875fb6cc44ae9dd68ee059c9d09c4fb13a6a581eaf0a46b8bafd,experiments/mirror_applications/ma-255-parameter-superposition-mirror/artifacts/payloads_a1/25520_0_mirror_r8_lr0.01_4.pt,0.5196744940039935,1600,512,524288
25520,0,mirror_r8_lr0.01,5,0.04485705867409706,4717,d0f267686b1d4605d17b494667a3fc209367d80dbbc482627ee0e014e973c834,experiments/mirror_applications/ma-255-parameter-superposition-mirror/artifacts/payloads_a1/25520_0_mirror_r8_lr0.01_5.pt,0.5196744940039935,1600,512,524288
25520,0,mirror_r8_lr0.01,6,0.13822227716445923,4717,b3f782786948a54f995cc8f137c66157911ff024bd83a37a300079e89b8959b8,experiments/mirror_applications/ma-255-parameter-superposition-mirror/artifacts/payloads_a1/25520_0_mirror_r8_lr0.01_6.pt,0.5196744940039935,1600,512,524288
25520,0,mirror_r8_lr0.01,7,0.1108597069978714,4717,9e62fe994ec627d8d96bca8874886ab0f640351235a8fdffa7fc2c42bdf96f09,experiments/mirror_applications/ma-255-parameter-superposition-mirror/artifacts/payloads_a1/25520_0_mirror_r8_lr0.01_7.pt,0.5196744940039935,1600,512,524288
25520,0,mirror_r8_lr0.01,8,0.03579632192850113,4717,300165221279b7de28f827fec1e59c28e2943847233a018add06f2dfdd49f7bd,experiments/mirror_applications/ma-255-parameter-superposition-mirror/artifacts/payloads_a1/25520_0_mirror_r8_lr0.01_8.pt,0.5196744940039935,1600,512,524288
25520,0,mirror_r8_lr0.01,9,0.054926060140132904,4717,55d7332cf2425d7ffe2c175fa01ad7a385508b4c733e77b6a56953f3bfc32a65,experiments/mirror_applications/ma-255-parameter-superposition-mirror/artifacts/payloads_a1/25520_0_mirror_r8_lr0.01_9.pt,0.5196744940039935,1600,512,524288
25520,0,mirror_r8_lr0.01,10,0.05352316051721573,4717,66fc0c0d628e835a97c7e822f585e11a7ebc81b7de78d8957600a4d66450c30f,experiments/mirror_applications/ma-255-parameter-superposition-mirror/artifacts/payloads_a1/25520_0_mirror_r8_lr0.01_10.pt,0.5196744940039935,1600,512,524288
25520,0,mirror_r8_lr0.01,11,0.17144477367401123,4717,5501746587a54384739e11e69b962ac4a7fed772af4b50e5ce0a82b50c5a1489,experiments/mirror_applications/ma-255-parameter-superposition-mirror/artifacts/payloads_a1/25520_0_mirror_r8_lr0.01_11.pt,0.5196744940039935,1600,512,524288
25520,0,mirror_r8_lr0.01,12,0.05439082533121109,4717,e62f33381f03fb2a62bc256c4d17dd3974e96b15a5781573f13f5b53ed338607,experiments/mirror_applications/ma-255-parameter-superposition-mirror/artifacts/payloads_a1/25520_0_mirror_r8_lr0.01_12.pt,0.5196744940039935,1600,512,524288
25520,0,mirror_r8_lr0.01,13,0.050084684044122696,4717,628a51757aa3a9c37eb8e5a25bbd02f146840742a6837fe1b7e3ae4c6058adc8,experiments/mirror_applications/ma-255-parameter-superposition-mirror/artifacts/payloads_a1/25520_0_mirror_r8_lr0.01_13.pt,0.5196744940039935,1600,512,524288
25520,0,mirror_r8_lr0.01,14,0.06947791576385498,4717,abff33d54e61b62864192d03880c45e007a8241625f78b3b95774d14ae7c0674,experiments/mirror_applications/ma-255-parameter-superposition-mirror/artifacts/payloads_a1/25520_0_mirror_r8_lr0.01_14.pt,0.5196744940039935,1600,512,524288
25520,0,mirror_r8_lr0.01,15,0.029939159750938416,4717,b2c498a1a9cb6a991dbe861359a10fcb661eb8aa9f2eec6eaf9f3f7f7d0c0e29,experiments/mirror_applications/ma-255-parameter-superposition-mirror/artifacts/payloads_a1/25520_0_mirror_r8_lr0.01_15.pt,0.5196744940039935,1600,512,524288
25520,0,generic_lowrank_r8_lr0.01,0,0.10399012267589569,4717,6c10cb7fcbaf808afdc7ca3d5a887b8622ea1e23d72f0e637872b9e59d33202d,experiments/mirror_applications/ma-255-parameter-superposition-mirror/artifacts/payloads_a1/25520_0_generic_lowrank_r8_lr0.01_0.pt,0.5196744940039935,1600,512,524288
25520,0,generic_lowrank_r8_lr0.01,1,0.038901954889297485,4717,a3449fe6de831708066c041ed0fe7dcb901d0f6210964c94d882495e0661926f,experiments/mirror_applications/ma-255-parameter-superposition-mirror/artifacts/payloads_a1/25520_0_generic_lowrank_r8_lr0.01_1.pt,0.5196744940039935,1600,512,524288
25520,0,generic_lowrank_r8_lr0.01,2,0.047713637351989746,4717,e4bad71c199c659f5e5699b7074056b51fd74c07a8c65040717a1416f06a2d2e,experiments/mirror_applications/ma-255-parameter-superposition-mirror/artifacts/payloads_a1/25520_0_generic_lowrank_r8_lr0.01_2.pt,0.5196744940039935,1600,512,524288
25520,0,generic_lowrank_r8_lr0.01,3,0.04413418471813202,4717,281a324d8806b74a48804221820c726f570eb17abf85f4c2dbf4eea2c3107117,experiments/mirror_applications/ma-255-parameter-superposition-mirror/artifacts/payloads_a1/25520_0_generic_lowrank_r8_lr0.01_3.pt,0.5196744940039935,1600,512,524288
25520,0,generic_lowrank_r8_lr0.01,4,0.06033182144165039,4717,03982f334082d37dbf95d6aaa4db0abb790271fb6658200374d3e09a38f66a4e,experiments/mirror_applications/ma-255-parameter-superposition-mirror/artifacts/payloads_a1/25520_0_generic_lowrank_r8_lr0.01_4.pt,0.5196744940039935,1600,512,524288
25520,0,generic_lowrank_r8_lr0.01,5,0.04485705867409706,4717,7771e5a3beed00b3b53800a736ac3ac9708d4f033681bd4cf817bbb78aa4e970,experiments/mirror_applications/ma-255-parameter-superposition-mirror/artifacts/payloads_a1/25520_0_generic_lowrank_r8_lr0.01_5.pt,0.5196744940039935,1600,512,524288
25520,0,generic_lowrank_r8_lr0.01,6,0.13822227716445923,4717,869f1f515c403ab28bd3e728e4aa79645ddcb84c64fb7b7adc71dff642fa0146,experiments/mirror_applications/ma-255-parameter-superposition-mirror/artifacts/payloads_a1/25520_0_generic_lowrank_r8_lr0.01_6.pt,0.5196744940039935,1600,512,524288
25520,0,generic_lowrank_r8_lr0.01,7,0.1108597069978714,4717,cce32dfcaad6f97a304d678de60a945b85f10c13131feb7fc6d0b9040bf5a6e1,experiments/mirror_applications/ma-255-parameter-superposition-mirror/artifacts/payloads_a1/25520_0_generic_lowrank_r8_lr0.01_7.pt,0.5196744940039935,1600,512,524288
25520,0,generic_lowrank_r8_lr0.01,8,0.03579632192850113,4717,7d9f3efe8cf112b25ff8d5f11c4740ad9621a9c3ec741f7b3122d03a47cfee67,experiments/mirror_applications/ma-255-parameter-superposition-mirror/artifacts/payloads_a1/25520_0_generic_lowrank_r8_lr0.01_8.pt,0.5196744940039935,1600,512,524288
25520,0,generic_lowrank_r8_lr0.01,9,0.054926060140132904,4717,e14ff1828157a34a787fcbf4bf293a51931d5f23738f220e674808884ca8ed1c,experiments/mirror_applications/ma-255-parameter-superposition-mirror/artifacts/payloads_a1/25520_0_generic_lowrank_r8_lr0.01_9.pt,0.5196744940039935,1600,512,524288
25520,0,generic_lowrank_r8_lr0.01,10,0.05352316051721573,4717,f5d5685a82baa39b50da038787a190b514bd2bd5f0152ba75565a4fe76738f3a,experiments/mirror_applications/ma-255-parameter-superposition-mirror/artifacts/payloads_a1/25520_0_generic_lowrank_r8_lr0.01_10.pt,0.5196744940039935,1600,512,524288
25520,0,generic_lowrank_r8_lr0.01,11,0.17144477367401123,4717,3fdda48b8e41e6557599e1c95619a22f14d80d06fce7b4bf77b0082b4b7ca5fa,experiments/mirror_applications/ma-255-parameter-superposition-mirror/artifacts/payloads_a1/25520_0_generic_lowrank_r8_lr0.01_11.pt,0.5196744940039935,1600,512,524288
25520,0,generic_lowrank_r8_lr0.01,12,0.05439082533121109,4717,cb1f26e4e0ec9abb806afd75683112b7d77a7a08cfb27f8166c2de9a70e25f0a,experiments/mirror_applications/ma-255-parameter-superposition-mirror/artifacts/payloads_a1/25520_0_generic_lowrank_r8_lr0.01_12.pt,0.5196744940039935,1600,512,524288
25520,0,generic_lowrank_r8_lr0.01,13,0.050084684044122696,4717,6a816e48069f98d8df0b46ac752adbeb94bdeec60128443544ed8a95ea1392a0,experiments/mirror_applications/ma-255-parameter-superposition-mirror/artifacts/payloads_a1/25520_0_generic_lowrank_r8_lr0.01_13.pt,0.5196744940039935,1600,512,524288
25520,0,generic_lowrank_r8_lr0.01,14,0.06947791576385498,4717,eb7598dce6c79d897ecb3be95975e9637197bbed84c7b917c0f77b13545c0f29,experiments/mirror_applications/ma-255-parameter-superposition-mirror/artifacts/payloads_a1/25520_0_generic_lowrank_r8_lr0.01_14.pt,0.5196744940039935,1600,512,524288
25520,0,generic_lowrank_r8_lr0.01,15,0.029939159750938416,4717,edb5e8b5764e9b192463eafcf38b82e8a10e19f772b0cbbc6662b7120eb48066,experiments/mirror_applications/ma-255-parameter-superposition-mirror/artifacts/payloads_a1/25520_0_generic_lowrank_r8_lr0.01_15.pt,0.5196744940039935,1600,512,524288
25520,0,mirror_r8_lr0.03,0,0.10399013757705688,4781,26edbfc31b1aa5d83a9d43ebf61b639e0d7e72fb4d25341ee69df30597aa7189,experiments/mirror_applications/ma-255-parameter-superposition-mirror/artifacts/payloads_a1/25520_0_mirror_r8_lr0.03_0.pt,0.5537060000060592,1600,512,524288
25520,0,mirror_r8_lr0.03,1,0.03890194743871689,4781,d82e065fdc4577cdef6dc9173fe56cde6d35fe8fa61cbc8f329d03a0b2750a1b,experiments/mirror_applications/ma-255-parameter-superposition-mirror/artifacts/payloads_a1/25520_0_mirror_r8_lr0.03_1.pt,0.5537060000060592,1600,512,524288
25520,0,mirror_r8_lr0.03,2,0.04771365597844124,4781,ebb49929007e193ae392fd73f2f7583cff11d2781e721098bf4a65030ae51119,experiments/mirror_applications/ma-255-parameter-superposition-mirror/artifacts/payloads_a1/25520_0_mirror_r8_lr0.03_2.pt,0.5537060000060592,1600,512,524288
25520,0,mirror_r8_lr0.03,3,0.04413418844342232,4781,4f789b60263c7ee6b81dd2e818e1f7d6506e03b4f3531c114eacda4ce553c6cc,experiments/mirror_applications/ma-255-parameter-superposition-mirror/artifacts/payloads_a1/25520_0_mirror_r8_lr0.03_3.pt,0.5537060000060592,1600,512,524288
25520,0,mirror_r8_lr0.03,4,0.060331832617521286,4781,ef5bda8a509b46e5d047548ce8e8354f9b6ad342135a59565df09b14e0b0313a,experiments/mirror_applications/ma-255-parameter-superposition-mirror/artifacts/payloads_a1/25520_0_mirror_r8_lr0.03_4.pt,0.5537060000060592,1600,512,524288
25520,0,mirror_r8_lr0.03,5,0.044857073575258255,4717,74001cb27ab21419589fc428006c7030c40ca74be5c8718c55ff7ac7cdc460f3,experiments/mirror_applications/ma-255-parameter-superposition-mirror/artifacts/payloads_a1/25520_0_mirror_r8_lr0.03_5.pt,0.5537060000060592,1600,512,524288
25520,0,mirror_r8_lr0.03,6,0.13822226226329803,4781,c1df159825e5d1bd52bb00fd9515dddbeb087b89cbd23051216db5999f039a08,experiments/mirror_applications/ma-255-parameter-superposition-mirror/artifacts/payloads_a1/25520_0_mirror_r8_lr0.03_6.pt,0.5537060000060592,1600,512,524288
25520,0,mirror_r8_lr0.03,7,0.110859714448452,4781,e747458cd96cae5c9c07e4c6d4b1f27132e748660e3760c51e857747dd79d16a,experiments/mirror_applications/ma-255-parameter-superposition-mirror/artifacts/payloads_a1/25520_0_mirror_r8_lr0.03_7.pt,0.5537060000060592,1600,512,524288
25520,0,mirror_r8_lr0.03,8,0.035796310752630234,4781,601eff32209e83b7301e20dfdad742c5bac7e8cd68093a9cdef6ac2b078d3e0a,experiments/mirror_applications/ma-255-parameter-superposition-mirror/artifacts/payloads_a1/25520_0_mirror_r8_lr0.03_8.pt,0.5537060000060592,1600,512,524288
25520,0,mirror_r8_lr0.03,9,0.0549260675907135,4781,a641d5445efb75cef39b328fe6cd04e88616b2cff1df05599d3a5fc89e93d0e2,experiments/mirror_applications/ma-255-parameter-superposition-mirror/artifacts/payloads_a1/25520_0_mirror_r8_lr0.03_9.pt,0.5537060000060592,1600,512,524288
25520,0,mirror_r8_lr0.03,10,0.05352315306663513,4781,abbad132d1e39d23c6ac9487e047025a316524c5409bfec01d1727a55a23e2b9,experiments/mirror_applications/ma-255-parameter-superposition-mirror/artifacts/payloads_a1/25520_0_mirror_r8_lr0.03_10.pt,0.5537060000060592,1600,512,524288
25520,0,mirror_r8_lr0.03,11,0.17144477367401123,4717,25df44be02c69d3deff5bb3982b9af8dd84b9f6071e37192bc1bb1b875ff62a4,experiments/mirror_applications/ma-255-parameter-superposition-mirror/artifacts/payloads_a1/25520_0_mirror_r8_lr0.03_11.pt,0.5537060000060592,1600,512,524288
25520,0,mirror_r8_lr0.03,12,0.05439084395766258,4781,2fe95acc8c50548668c4d5e5e8cb565987bc75947d2b7d5c6d7c8f1c9ca782c9,experiments/mirror_applications/ma-255-parameter-superposition-mirror/artifacts/payloads_a1/25520_0_mirror_r8_lr0.03_12.pt,0.5537060000060592,1600,512,524288
25520,0,mirror_r8_lr0.03,13,0.0500846765935421,4781,c74ac04740cd8123762520c211506c9bdca0d8e388b75b29bbdd8ab666c42e51,experiments/mirror_applications/ma-255-parameter-superposition-mirror/artifacts/payloads_a1/25520_0_mirror_r8_lr0.03_13.pt,0.5537060000060592,1600,512,524288
25520,0,mirror_r8_lr0.03,14,0.06947791576385498,4781,3e8f0307df7ee1cb2de8033409538f37b45fd8639936cac332436edf7a279ebd,experiments/mirror_applications/ma-255-parameter-superposition-mirror/artifacts/payloads_a1/25520_0_mirror_r8_lr0.03_14.pt,0.5537060000060592,1600,512,524288
25520,0,mirror_r8_lr0.03,15,0.029939161613583565,4717,d451269d7261a6ce6d16a50405e560fb9863641240abbdfc19e9edefaae9d18a,experiments/mirror_applications/ma-255-parameter-superposition-mirror/artifacts/payloads_a1/25520_0_mirror_r8_lr0.03_15.pt,0.5537060000060592,1600,512,524288
25520,0,generic_lowrank_r8_lr0.03,0,0.10399013757705688,4781,99f8d8d5915f7dd5c17a2e29a251be18851abbdbe3bb501c58ed44bf4e1cea90,experiments/mirror_applications/ma-255-parameter-superposition-mirror/artifacts/payloads_a1/25520_0_generic_lowrank_r8_lr0.03_0.pt,0.5537060000060592,1600,512,524288
25520,0,generic_lowrank_r8_lr0.03,1,0.03890194743871689,4781,247b17c22c02f8d1e5d9bbccab6ce95d18468b2e5de08d37752c297a6ba1af78,experiments/mirror_applications/ma-255-parameter-superposition-mirror/artifacts/payloads_a1/25520_0_generic_lowrank_r8_lr0.03_1.pt,0.5537060000060592,1600,512,524288
25520,0,generic_lowrank_r8_lr0.03,2,0.04771365597844124,4781,6e01e82560fc963bc28ab1c28432092f1f5da48c8a7850f6646c6005b9150265,experiments/mirror_applications/ma-255-parameter-superposition-mirror/artifacts/payloads_a1/25520_0_generic_lowrank_r8_lr0.03_2.pt,0.5537060000060592,1600,512,524288
25520,0,generic_lowrank_r8_lr0.03,3,0.04413418844342232,4781,83fff7fb31d3e84392c9ad5bee2ee84789eda3a88757909cbb1b80bb7e38b2a6,experiments/mirror_applications/ma-255-parameter-superposition-mirror/artifacts/payloads_a1/25520_0_generic_lowrank_r8_lr0.03_3.pt,0.5537060000060592,1600,512,524288
25520,0,generic_lowrank_r8_lr0.03,4,0.060331832617521286,4781,f015f87885c0f033e13a4c3491142a75a02abed2a4d0ffbd292198754c8bd23d,experiments/mirror_applications/ma-255-parameter-superposition-mirror/artifacts/payloads_a1/25520_0_generic_lowrank_r8_lr0.03_4.pt,0.5537060000060592,1600,512,524288
25520,0,generic_lowrank_r8_lr0.03,5,0.044857073575258255,4781,cfcac30968de955177dc8198f6463d679489d64ceeab0be0b8b2963581e3f00e,experiments/mirror_applications/ma-255-parameter-superposition-mirror/artifacts/payloads_a1/25520_0_generic_lowrank_r8_lr0.03_5.pt,0.5537060000060592,1600,512,524288
25520,0,generic_lowrank_r8_lr0.03,6,0.13822226226329803,4781,6c25f3daa4627f98143aeae7d56f2b87e1b4b0fb81324595dab8e81eecd89246,experiments/mirror_applications/ma-255-parameter-superposition-mirror/artifacts/payloads_a1/25520_0_generic_lowrank_r8_lr0.03_6.pt,0.5537060000060592,1600,512,524288
25520,0,generic_lowrank_r8_lr0.03,7,0.110859714448452,4781,489f28ce0890dc98de6bc9049921b34b2821767ab9af69b7f73f3edb67606169,experiments/mirror_applications/ma-255-parameter-superposition-mirror/artifacts/payloads_a1/25520_0_generic_lowrank_r8_lr0.03_7.pt,0.5537060000060592,1600,512,524288
25520,0,generic_lowrank_r8_lr0.03,8,0.035796310752630234,4781,4a7ba8871a48f9fd23567a6ded331fa79e1376fb4fb6a04a7c73ee97c5a0acea,experiments/mirror_applications/ma-255-parameter-superposition-mirror/artifacts/payloads_a1/25520_0_generic_lowrank_r8_lr0.03_8.pt,0.5537060000060592,1600,512,524288
25520,0,generic_lowrank_r8_lr0.03,9,0.0549260675907135,4781,16bc6ce3bec5c394a33e92ce3273d88ab8cc943cdfd5e1e13e36bde9e696c1d9,experiments/mirror_applications/ma-255-parameter-superposition-mirror/artifacts/payloads_a1/25520_0_generic_lowrank_r8_lr0.03_9.pt,0.5537060000060592,1600,512,524288
25520,0,generic_lowrank_r8_lr0.03,10,0.05352315306663513,4781,2467f79a77017a32539338138599436aee7d08fe58edbb8acc8b7802f4621f3c,experiments/mirror_applications/ma-255-parameter-superposition-mirror/artifacts/payloads_a1/25520_0_generic_lowrank_r8_lr0.03_10.pt,0.5537060000060592,1600,512,524288
25520,0,generic_lowrank_r8_lr0.03,11,0.17144477367401123,4717,cd96fb62b9ab02d8e176844e46fb06816423ed2ae8267900c29b3ecdb648084d,experiments/mirror_applications/ma-255-parameter-superposition-mirror/artifacts/payloads_a1/25520_0_generic_lowrank_r8_lr0.03_11.pt,0.5537060000060592,1600,512,524288
25520,0,generic_lowrank_r8_lr0.03,12,0.05439084395766258,4781,ebdfdfd19e1cf1be1d71ed1ae8e03995ea3b5ea345f5ae81e515c7aed45f1ed0,experiments/mirror_applications/ma-255-parameter-superposition-mirror/artifacts/payloads_a1/25520_0_generic_lowrank_r8_lr0.03_12.pt,0.5537060000060592,1600,512,524288
25520,0,generic_lowrank_r8_lr0.03,13,0.0500846765935421,4781,e4b352dae49d63a9a6ca89a4ecf491af373283bcc908419dc5e01136008f97c3,experiments/mirror_applications/ma-255-parameter-superposition-mirror/artifacts/payloads_a1/25520_0_generic_lowrank_r8_lr0.03_13.pt,0.5537060000060592,1600,512,524288
25520,0,generic_lowrank_r8_lr0.03,14,0.06947791576385498,4781,7fe040304bd14bc964568d993f837a340e628c1483478a3eff5154083fd6a8c8,experiments/mirror_applications/ma-255-parameter-superposition-mirror/artifacts/payloads_a1/25520_0_generic_lowrank_r8_lr0.03_14.pt,0.5537060000060592,1600,512,524288
25520,0,generic_lowrank_r8_lr0.03,15,0.029939161613583565,4781,3cd6bd78fd406aa468be22d0c74c65af467790879a76ad55549063c973d34278,experiments/mirror_applications/ma-255-parameter-superposition-mirror/artifacts/payloads_a1/25520_0_generic_lowrank_r8_lr0.03_15.pt,0.5537060000060592,1600,512,524288
25520,1,psp,0,0.2404431700706482,12133,d3e08cfe5e7f6feb785ad1c8d0fccb9b75f4d508f7aae718b2b8afd7754b6675,experiments/mirror_applications/ma-255-parameter-superposition-mirror/artifacts/payloads_a1/25520_1_psp_0.pt,0.0,0,512,32768
25520,1,psp,1,0.5877828598022461,12133,90abc17f9a85690e735cd52f2fdb5946657b4c9a713ab188c10ffc30b09dfef5,experiments/mirror_applications/ma-255-parameter-superposition-mirror/artifacts/payloads_a1/25520_1_psp_1.pt,0.0,0,512,32768
25520,1,psp,2,0.28407150506973267,12133,ddb10e3e856573f8ce055e4fd36e60a8788540c68d3e51a01596f980f6c5461c,experiments/mirror_applications/ma-255-parameter-superposition-mirror/artifacts/payloads_a1/25520_1_psp_2.pt,0.0,0,512,32768
25520,1,psp,3,0.2806380093097687,12133,19a407c189f905fd90cf272de4fba2d14299cd3ef7937a03f1fb4f25d5847cc4,experiments/mirror_applications/ma-255-parameter-superposition-mirror/artifacts/payloads_a1/25520_1_psp_3.pt,0.0,0,512,32768
25520,1,psp,4,0.47229841351509094,12133,237d6c668aa571f710de36bb5f0151301b687178ea971cfe99097eb44558ecfa,experiments/mirror_applications/ma-255-parameter-superposition-mirror/artifacts/payloads_a1/25520_1_psp_4.pt,0.0,0,512,32768
25520,1,psp,5,0.49678313732147217,12133,9194f5e817f9f278dba38456c8901559848964357b7f4181c7b4ad9f709c33a8,experiments/mirror_applications/ma-255-parameter-superposition-mirror/artifacts/payloads_a1/25520_1_psp_5.pt,0.0,0,512,32768
25520,1,psp,6,0.5462643504142761,12133,9068a5d7975fed2e1a9969072a66a2ea1e7eac45010ac374156db505510677ef,experiments/mirror_applications/ma-255-parameter-superposition-mirror/artifacts/payloads_a1/25520_1_psp_6.pt,0.0,0,512,32768
25520,1,psp,7,0.30723994970321655,12133,78c1a00689aaea12b3d8e78bec370accac296c04a7399761fa69b98eb1c53670,experiments/mirror_applications/ma-255-parameter-superposition-mirror/artifacts/payloads_a1/25520_1_psp_7.pt,0.0,0,512,32768
25520,1,psp,8,0.8722584247589111,12133,853c35887afd0159f0525628974f45688d4e56e80c1ca1a063259d76f8f2bf74,experiments/mirror_applications/ma-255-parameter-superposition-mirror/artifacts/payloads_a1/25520_1_psp_8.pt,0.0,0,512,32768
25520,1,psp,9,0.46558618545532227,12133,e4c269eeaabc57a8d83c2fc5b15ccba0b8f9627551e47781efe32ae214e2754f,experiments/mirror_applications/ma-255-parameter-superposition-mirror/artifacts/payloads_a1/25520_1_psp_9.pt,0.0,0,512,32768
25520,1,psp,10,0.48731759190559387,12133,719c76a7eee1f30199c196366e1ad95c0493178e565197d8b337cda9d7d6254d,experiments/mirror_applications/ma-255-parameter-superposition-mirror/artifacts/payloads_a1/25520_1_psp_10.pt,0.0,0,512,32768
25520,1,psp,11,0.6280563473701477,12133,3458f8ad5eda942b5fa7d7e5f777a6ff5b763c9d223999c6fd3142733355d3bd,experiments/mirror_applications/ma-255-parameter-superposition-mirror/artifacts/payloads_a1/25520_1_psp_11.pt,0.0,0,512,32768
25520,1,psp,12,0.3928099274635315,12133,499358c44eef53304a9bfab4572e52dd94bf58269fbe8dfd9844e12630f50356,experiments/mirror_applications/ma-255-parameter-superposition-mirror/artifacts/payloads_a1/25520_1_psp_12.pt,0.0,0,512,32768
25520,1,psp,13,0.4567917585372925,12133,ec4505f90aa6a33f8e0fd83f621bdf6d763fbec421fbf1e70b08f16585e8fb63,experiments/mirror_applications/ma-255-parameter-superposition-mirror/artifacts/payloads_a1/25520_1_psp_13.pt,0.0,0,512,32768
25520,1,psp,14,0.3257145285606384,12133,b3cc30bf6f1803ece9a13d5c631ee5030766c2f118347e9de4db3c778c8f9bf7,experiments/mirror_applications/ma-255-parameter-superposition-mirror/artifacts/payloads_a1/25520_1_psp_14.pt,0.0,0,512,32768
25520,1,psp,15,0.6671804785728455,12133,48db7dab81af4293add71769a7f46dfd23e837c52d5eae5c0b3cbc937829c917,experiments/mirror_applications/ma-255-parameter-superposition-mirror/artifacts/payloads_a1/25520_1_psp_15.pt,0.0,0,512,32768
25520,1,shared,0,0.782309353351593,3245,36c14ad50b6819be47b8541f3ef6ceac938aad01337bff43155533b543f1512f,experiments/mirror_applications/ma-255-parameter-superposition-mirror/artifacts/payloads_a1/25520_1_shared_0.pt,0.0,0,512,32768
25520,1,shared,1,0.9298332929611206,3245,db56df8c1943fafa87a919986d9b445232c96688b5a8510e3826e59608004fbb,experiments/mirror_applications/ma-255-parameter-superposition-mirror/artifacts/payloads_a1/25520_1_shared_1.pt,0.0,0,512,32768
25520,1,shared,2,0.7595745325088501,3245,17b94e6ede6a0950faea1d99de3de4f41beef041438f7afbfb9993dbe8db40ca,experiments/mirror_applications/ma-255-parameter-superposition-mirror/artifacts/payloads_a1/25520_1_shared_2.pt,0.0,0,512,32768
25520,1,shared,3,0.9459108114242554,3245,f90b201eaac2c54c5a4aea948999e9240710637170c3fe7c0c5a55410d5cee35,experiments/mirror_applications/ma-255-parameter-superposition-mirror/artifacts/payloads_a1/25520_1_shared_3.pt,0.0,0,512,32768
25520,1,shared,4,0.8250547647476196,3245,df1815328f61c27a1066a2d9a20da5539ee518df1046bf1cf3e96319b2d6211e,experiments/mirror_applications/ma-255-parameter-superposition-mirror/artifacts/payloads_a1/25520_1_shared_4.pt,0.0,0,512,32768
25520,1,shared,5,0.7957994341850281,3245,edc7cb507ce74b11a0c8c1f3279a94bc991eb7e99b8e4ceeacb9cb21dbc52357,experiments/mirror_applications/ma-255-parameter-superposition-mirror/artifacts/payloads_a1/25520_1_shared_5.pt,0.0,0,512,32768
25520,1,shared,6,1.1250503063201904,3245,d2a05117896a7b086fd0e982bb21bffb389847c9bb7ab393bdce0dcae4994a5f,experiments/mirror_applications/ma-255-parameter-superposition-mirror/artifacts/payloads_a1/25520_1_shared_6.pt,0.0,0,512,32768
25520,1,shared,7,0.8974838852882385,3245,36fa5c225d7a4875f246ca407be5cb383a7c8faaccdd91cad91dfe3eea2887ba,experiments/mirror_applications/ma-255-parameter-superposition-mirror/artifacts/payloads_a1/25520_1_shared_7.pt,0.0,0,512,32768
25520,1,shared,8,1.3282032012939453,3245,ff1e7143bb4c3a246db6caaf8a9e27d77f5e28dc43d4c8a7d79eaf8d59964abf,experiments/mirror_applications/ma-255-parameter-superposition-mirror/artifacts/payloads_a1/25520_1_shared_8.pt,0.0,0,512,32768
25520,1,shared,9,1.3250153064727783,3245,d6b4492cebf23ed28739a0c4447e0270daab46828a0eeb366207d1c7a431f00d,experiments/mirror_applications/ma-255-parameter-superposition-mirror/artifacts/payloads_a1/25520_1_shared_9.pt,0.0,0,512,32768
25520,1,shared,10,0.842190682888031,3245,b30d0d73590e585ee0c021fa43eeaf64d7410da0d6f5e90a68e010d7f865766b,experiments/mirror_applications/ma-255-parameter-superposition-mirror/artifacts/payloads_a1/25520_1_shared_10.pt,0.0,0,512,32768
25520,1,shared,11,1.0574548244476318,3245,dec242360c40656fdd9d794096e0a15397c8f827448ce58edeea79f79586cf4b,experiments/mirror_applications/ma-255-parameter-superposition-mirror/artifacts/payloads_a1/25520_1_shared_11.pt,0.0,0,512,32768
25520,1,shared,12,0.986796498298645,3245,becde5e46536ea478535b9dbe722ed084c0d6a3c0dcd773fe29dd57230349f1f,experiments/mirror_applications/ma-255-parameter-superposition-mirror/artifacts/payloads_a1/25520_1_shared_12.pt,0.0,0,512,32768
25520,1,shared,13,1.0959182977676392,3245,9c0cbda449fb2cdcc5e8e4d4b7562c0eacd4de3a836ce9696c97f9318eb5d013,experiments/mirror_applications/ma-255-parameter-superposition-mirror/artifacts/payloads_a1/25520_1_shared_13.pt,0.0,0,512,32768
25520,1,shared,14,0.9401989579200745,3245,299fcddf3746264c5cc06a243f9d25c0088650d95b3426859a3f8de948b91c53,experiments/mirror_applications/ma-255-parameter-superposition-mirror/artifacts/payloads_a1/25520_1_shared_14.pt,0.0,0,512,32768
25520,1,shared,15,1.0094525814056396,3245,d4cf68697cebf9de5e09bbf80c5363614808db78f33f119b0db2f1202e7ee550,experiments/mirror_applications/ma-255-parameter-superposition-mirror/artifacts/payloads_a1/25520_1_shared_15.pt,0.0,0,512,32768
25520,1,independent,0,0.0,3245,611178c4bf46f6d0ee6a8e934a228ac9a5a47bd662328d21c4cdadcf13ba94c9,experiments/mirror_applications/ma-255-parameter-superposition-mirror/artifacts/payloads_a1/25520_1_independent_0.pt,0.0,0,512,32768
25520,1,independent,1,0.0,3245,6248d0fe7663ad15052296ed800d892714b9939aa32ceed0bc2d5ff20f976ecb,experiments/mirror_applications/ma-255-parameter-superposition-mirror/artifacts/payloads_a1/25520_1_independent_1.pt,0.0,0,512,32768
25520,1,independent,2,0.0,3245,79a7388f2667e3b61b611b291b039332e98d3e87528eb1e83413ab6dd00378c8,experiments/mirror_applications/ma-255-parameter-superposition-mirror/artifacts/payloads_a1/25520_1_independent_2.pt,0.0,0,512,32768
25520,1,independent,3,0.0,3245,973c06d162b136a79bc79170cf97279ae059f2400fc178fe3da93b5755735954,experiments/mirror_applications/ma-255-parameter-superposition-mirror/artifacts/payloads_a1/25520_1_independent_3.pt,0.0,0,512,32768
25520,1,independent,4,0.0,3245,1e6963a78014c6b6e2b14117bc78d4c5dc29053b183985b84c99642157a0e025,experiments/mirror_applications/ma-255-parameter-superposition-mirror/artifacts/payloads_a1/25520_1_independent_4.pt,0.0,0,512,32768
25520,1,independent,5,0.0,3245,b158c15f57717d1cdcdc92b69030fcc6b10282215f2bef520ef07a1a4813833a,experiments/mirror_applications/ma-255-parameter-superposition-mirror/artifacts/payloads_a1/25520_1_independent_5.pt,0.0,0,512,32768
25520,1,independent,6,0.0,3245,79ac37b7c5fb697bd45fe5f69b7b055fe6eff378f741e0b5e68ddb9481e6e642,experiments/mirror_applications/ma-255-parameter-superposition-mirror/artifacts/payloads_a1/25520_1_independent_6.pt,0.0,0,512,32768
25520,1,independent,7,0.0,3245,02f318d875757fd8c5ce36750ac94db1c9da99e62241f477a49be0ff31adb9a6,experiments/mirror_applications/ma-255-parameter-superposition-mirror/artifacts/payloads_a1/25520_1_independent_7.pt,0.0,0,512,32768
25520,1,independent,8,0.0,3245,23c75744d4f303ffb80957987a0ca279c2ef51259898d26828fdb38d3912c672,experiments/mirror_applications/ma-255-parameter-superposition-mirror/artifacts/payloads_a1/25520_1_independent_8.pt,0.0,0,512,32768
25520,1,independent,9,0.0,3245,7bf8afc558577e99046fca26c23b4a9a478c3af75785ff252c8d2b1ae8dcc2f9,experiments/mirror_applications/ma-255-parameter-superposition-mirror/artifacts/payloads_a1/25520_1_independent_9.pt,0.0,0,512,32768
25520,1,independent,10,0.0,3245,7b3b225a35e1106cb3350baae169403e83b16eb8f077da249ba93708cacc6d4e,experiments/mirror_applications/ma-255-parameter-superposition-mirror/artifacts/payloads_a1/25520_1_independent_10.pt,0.0,0,512,32768
25520,1,independent,11,0.0,3245,16e4c009299532a41a1582e52fbbdc3f7f35ab47cf0450d56ecaf5a53acf68e6,experiments/mirror_applications/ma-255-parameter-superposition-mirror/artifacts/payloads_a1/25520_1_independent_11.pt,0.0,0,512,32768
25520,1,independent,12,0.0,3245,a81157e6d2ad3ae654b2d0423719fab486e292dde07fc1d4a7fad182a71bee3c,experiments/mirror_applications/ma-255-parameter-superposition-mirror/artifacts/payloads_a1/25520_1_independent_12.pt,0.0,0,512,32768
25520,1,independent,13,0.0,3245,9253877b798ca970c1833880b0534682a256ac12ef73bd3df1ef6c780f48137e,experiments/mirror_applications/ma-255-parameter-superposition-mirror/artifacts/payloads_a1/25520_1_independent_13.pt,0.0,0,512,32768
25520,1,independent,14,0.0,3245,1e1d72a55fc5d989836c91668c3842421efd1e774208baa1578f5cbf6b808a26,experiments/mirror_applications/ma-255-parameter-superposition-mirror/artifacts/payloads_a1/25520_1_independent_14.pt,0.0,0,512,32768
25520,1,independent,15,0.0,3245,b4a03f1b9ad758afc3c1e2e54bd6a6da2b19c38f2030857a36b6f761b483794f,experiments/mirror_applications/ma-255-parameter-superposition-mirror/artifacts/payloads_a1/25520_1_independent_15.pt,0.0,0,512,32768
25520,1,mirror_r8_lr0.001,0,0.03549185022711754,4781,8e665bf1459bdc18b764468f06bc909047ecb1fd7def6d39fda86e7bd30d6597,experiments/mirror_applications/ma-255-parameter-superposition-mirror/artifacts/payloads_a1/25520_1_mirror_r8_lr0.001_0.pt,0.6381126750056865,1600,512,524288
25520,1,mirror_r8_lr0.001,1,0.04939112067222595,4781,784fbfa731b8800bc7e1eeb5885ae3feb1b3ec306868f5133a468805fa55464f,experiments/mirror_applications/ma-255-parameter-superposition-mirror/artifacts/payloads_a1/25520_1_mirror_r8_lr0.001_1.pt,0.6381126750056865,1600,512,524288
25520,1,mirror_r8_lr0.001,2,0.04092063754796982,4781,52165560040403b8b26515d97b6abf15f0d082c82e77cf960e582c6afc0d9f90,experiments/mirror_applications/ma-255-parameter-superposition-mirror/artifacts/payloads_a1/25520_1_mirror_r8_lr0.001_2.pt,0.6381126750056865,1600,512,524288
25520,1,mirror_r8_lr0.001,3,0.03177816420793533,4781,79f7b5951eaf824821d88ae6dedd84894d973a714725a82e6dba62bf74e02373,experiments/mirror_applications/ma-255-parameter-superposition-mirror/artifacts/payloads_a1/25520_1_mirror_r8_lr0.001_3.pt,0.6381126750056865,1600,512,524288
25520,1,mirror_r8_lr0.001,4,0.05293566733598709,4781,90742001a8daed28eb4f7afa69cb5357ddfc334623e29e982aa1ded40f72eb78,experiments/mirror_applications/ma-255-parameter-superposition-mirror/artifacts/payloads_a1/25520_1_mirror_r8_lr0.001_4.pt,0.6381126750056865,1600,512,524288
25520,1,mirror_r8_lr0.001,5,0.09202715009450912,4781,0c97d3529ba6ea759d8c8afe6eff5565318a235a2429e6bf7f6f53764d12e171,experiments/mirror_applications/ma-255-parameter-superposition-mirror/artifacts/payloads_a1/25520_1_mirror_r8_lr0.001_5.pt,0.6381126750056865,1600,512,524288
25520,1,mirror_r8_lr0.001,6,0.11580580472946167,4781,43932184e9f273081540bdd1f291f450183d1dfa4deaf8828c5c6a154150e0ef,experiments/mirror_applications/ma-255-parameter-superposition-mirror/artifacts/payloads_a1/25520_1_mirror_r8_lr0.001_6.pt,0.6381126750056865,1600,512,524288
25520,1,mirror_r8_lr0.001,7,0.031608760356903076,4781,8580accc3828b2736fd0f4a63e38c68524c354c0efcdabcaad11fb7187e95246,experiments/mirror_applications/ma-255-parameter-superposition-mirror/artifacts/payloads_a1/25520_1_mirror_r8_lr0.001_7.pt,0.6381126750056865,1600,512,524288
25520,1,mirror_r8_lr0.001,8,0.09514850378036499,4781,fbe791bfb4d33c6c29336d3810778eb5f3ac6a9ede30cd9f09b835e67090a85b,experiments/mirror_applications/ma-255-parameter-superposition-mirror/artifacts/payloads_a1/25520_1_mirror_r8_lr0.001_8.pt,0.6381126750056865,1600,512,524288
25520,1,mirror_r8_lr0.001,9,0.07730367034673691,4781,16176716a899dd53d75d5343a466dcf50facbc4e7481ee262570e11e2e1161cf,experiments/mirror_applications/ma-255-parameter-superposition-mirror/artifacts/payloads_a1/25520_1_mirror_r8_lr0.001_9.pt,0.6381126750056865,1600,512,524288
25520,1,mirror_r8_lr0.001,10,0.0355459563434124,4781,2019d8f24880ecfb4fe455a290d9c08ba250aafcdc737206769797dd38825960,experiments/mirror_applications/ma-255-parameter-superposition-mirror/artifacts/payloads_a1/25520_1_mirror_r8_lr0.001_10.pt,0.6381126750056865,1600,512,524288
25520,1,mirror_r8_lr0.001,11,0.058812014758586884,4781,db30f991d1e6a19e72114b8c51451b1fe71d318d9701dbbdf7d69fdae5c3ba1f,experiments/mirror_applications/ma-255-parameter-superposition-mirror/artifacts/payloads_a1/25520_1_mirror_r8_lr0.001_11.pt,0.6381126750056865,1600,512,524288
25520,1,mirror_r8_lr0.001,12,0.06631314009428024,4781,80c18ee7162b8dbdf8dca191c39ee4d69aef2f7a22f710a337129782a7467cfd,experiments/mirror_applications/ma-255-parameter-superposition-mirror/artifacts/payloads_a1/25520_1_mirror_r8_lr0.001_12.pt,0.6381126750056865,1600,512,524288
25520,1,mirror_r8_lr0.001,13,0.05996214225888252,4781,38ccb2f88089e3baeeac29154156a12610fdce3d69cb231877af9124670ebd03,experiments/mirror_applications/ma-255-parameter-superposition-mirror/artifacts/payloads_a1/25520_1_mirror_r8_lr0.001_13.pt,0.6381126750056865,1600,512,524288
25520,1,mirror_r8_lr0.001,14,0.059711333364248276,4781,f0a339aa329a842307c47e752b0754840b59e9c6aa15c960bcc93cc84622e7a0,experiments/mirror_applications/ma-255-parameter-superposition-mirror/artifacts/payloads_a1/25520_1_mirror_r8_lr0.001_14.pt,0.6381126750056865,1600,512,524288
25520,1,mirror_r8_lr0.001,15,0.050069864839315414,4781,c46725aa70266acedf617386563a2e404d4da6ce82070a20b7160c095fe42c3b,experiments/mirror_applications/ma-255-parameter-superposition-mirror/artifacts/payloads_a1/25520_1_mirror_r8_lr0.001_15.pt,0.6381126750056865,1600,512,524288
25520,1,generic_lowrank_r8_lr0.001,0,0.03549185022711754,4781,db60a19bf4d4b579fdff5c6cb67e28b65b43bd5a3e961737098fdf0dd879433d,experiments/mirror_applications/ma-255-parameter-superposition-mirror/artifacts/payloads_a1/25520_1_generic_lowrank_r8_lr0.001_0.pt,0.6381126750056865,1600,512,524288
25520,1,generic_lowrank_r8_lr0.001,1,0.04939112067222595,4781,97e59a3f3293c30dfd2cbadfaf615cfbc7f603e063f624b40edafb29d142b847,experiments/mirror_applications/ma-255-parameter-superposition-mirror/artifacts/payloads_a1/25520_1_generic_lowrank_r8_lr0.001_1.pt,0.6381126750056865,1600,512,524288
25520,1,generic_lowrank_r8_lr0.001,2,0.04092063754796982,4781,cf9a818453cc52050d498c19202761180949c97960ea2b724b0b5713c7ac57df,experiments/mirror_applications/ma-255-parameter-superposition-mirror/artifacts/payloads_a1/25520_1_generic_lowrank_r8_lr0.001_2.pt,0.6381126750056865,1600,512,524288
25520,1,generic_lowrank_r8_lr0.001,3,0.03177816420793533,4781,89c1fee37c412e73a3958ff3ac284206066076909bed9a14ef57f4379ea9cc00,experiments/mirror_applications/ma-255-parameter-superposition-mirror/artifacts/payloads_a1/25520_1_generic_lowrank_r8_lr0.001_3.pt,0.6381126750056865,1600,512,524288
25520,1,generic_lowrank_r8_lr0.001,4,0.05293566733598709,4781,91c1ac198f620f3ea4cc70ebb2a04dbd1d21df83308c436aafdf113a2df539c1,experiments/mirror_applications/ma-255-parameter-superposition-mirror/artifacts/payloads_a1/25520_1_generic_lowrank_r8_lr0.001_4.pt,0.6381126750056865,1600,512,524288
25520,1,generic_lowrank_r8_lr0.001,5,0.09202715009450912,4781,744c5c802049f3d62666966bf6cd7013e538acef646c3ba35865ba2bc10acb55,experiments/mirror_applications/ma-255-parameter-superposition-mirror/artifacts/payloads_a1/25520_1_generic_lowrank_r8_lr0.001_5.pt,0.6381126750056865,1600,512,524288
25520,1,generic_lowrank_r8_lr0.001,6,0.11580580472946167,4781,8bd694009752b05b97e2d3f570471e594fd75a0a40d99764c756c5e165280c96,experiments/mirror_applications/ma-255-parameter-superposition-mirror/artifacts/payloads_a1/25520_1_generic_lowrank_r8_lr0.001_6.pt,0.6381126750056865,1600,512,524288
25520,1,generic_lowrank_r8_lr0.001,7,0.031608760356903076,4781,2d658709076db4c5fd7b6633abda8bb061cfb536378a25f732bdd8d39c6a0bd7,experiments/mirror_applications/ma-255-parameter-superposition-mirror/artifacts/payloads_a1/25520_1_generic_lowrank_r8_lr0.001_7.pt,0.6381126750056865,1600,512,524288
25520,1,generic_lowrank_r8_lr0.001,8,0.09514850378036499,4781,537b415c4899aa1f8ff70487f4cfa74e33c2bbd0c7fb4c9f4af43518f56743be,experiments/mirror_applications/ma-255-parameter-superposition-mirror/artifacts/payloads_a1/25520_1_generic_lowrank_r8_lr0.001_8.pt,0.6381126750056865,1600,512,524288
25520,1,generic_lowrank_r8_lr0.001,9,0.07730367034673691,4781,fa5e0bef8e92d206ba07cb4e9f28e0f7d4e16e1ab3d8b801c48d253df88767c3,experiments/mirror_applications/ma-255-parameter-superposition-mirror/artifacts/payloads_a1/25520_1_generic_lowrank_r8_lr0.001_9.pt,0.6381126750056865,1600,512,524288
25520,1,generic_lowrank_r8_lr0.001,10,0.0355459563434124,4781,63629a67ab58f7996ac4bfa8b2cfb6b4fe83172ae5198c8222277c4b95f5d9e8,experiments/mirror_applications/ma-255-parameter-superposition-mirror/artifacts/payloads_a1/25520_1_generic_lowrank_r8_lr0.001_10.pt,0.6381126750056865,1600,512,524288
25520,1,generic_lowrank_r8_lr0.001,11,0.058812014758586884,4781,bf7108000bd342f34b777ebe3444cf9ce55be0cbb46da862bb514bf3dad3b0d4,experiments/mirror_applications/ma-255-parameter-superposition-mirror/artifacts/payloads_a1/25520_1_generic_lowrank_r8_lr0.001_11.pt,0.6381126750056865,1600,512,524288
25520,1,generic_lowrank_r8_lr0.001,12,0.06631314009428024,4781,35ba95f8f937c7425df853f8d15e8a4cef5500fc88a57fbcb00fb637c5f32baf,experiments/mirror_applications/ma-255-parameter-superposition-mirror/artifacts/payloads_a1/25520_1_generic_lowrank_r8_lr0.001_12.pt,0.6381126750056865,1600,512,524288
25520,1,generic_lowrank_r8_lr0.001,13,0.05996214225888252,4781,cbb9becc39a7821f739938588a9bbd03aa48dd1a4901b25cfb8e0724ff6c79d4,experiments/mirror_applications/ma-255-parameter-superposition-mirror/artifacts/payloads_a1/25520_1_generic_lowrank_r8_lr0.001_13.pt,0.6381126750056865,1600,512,524288
25520,1,generic_lowrank_r8_lr0.001,14,0.059711333364248276,4781,4a5a6a0da7034cbe9c5af042799666d6ddb1e438223891f450193965ea4b2bd1,experiments/mirror_applications/ma-255-parameter-superposition-mirror/artifacts/payloads_a1/25520_1_generic_lowrank_r8_lr0.001_14.pt,0.6381126750056865,1600,512,524288
25520,1,generic_lowrank_r8_lr0.001,15,0.050069864839315414,4781,4945e746c4a6c089762438d2c8ef93aaeae164d4d70db262313921097165ac84,experiments/mirror_applications/ma-255-parameter-superposition-mirror/artifacts/payloads_a1/25520_1_generic_lowrank_r8_lr0.001_15.pt,0.6381126750056865,1600,512,524288
25520,1,mirror_r8_lr0.01,0,0.03559277206659317,4717,469ef4335e0ef296ea8739648697da3194205438b6db0db3a80c6e6cda0223d2,experiments/mirror_applications/ma-255-parameter-superposition-mirror/artifacts/payloads_a1/25520_1_mirror_r8_lr0.01_0.pt,0.5108057789911982,1600,512,524288
25520,1,mirror_r8_lr0.01,1,0.04913634806871414,4717,c695fe54c50dd33da25a9a0f654b4f050c6318812c0c9051c425e859506ee729,experiments/mirror_applications/ma-255-parameter-superposition-mirror/artifacts/payloads_a1/25520_1_mirror_r8_lr0.01_1.pt,0.5108057789911982,1600,512,524288
25520,1,mirror_r8_lr0.01,2,0.040849246084690094,4717,e049b808751bf3ee5db6ad4d196cdb11adcad52b3926c5a62e281572aef4139c,experiments/mirror_applications/ma-255-parameter-superposition-mirror/artifacts/payloads_a1/25520_1_mirror_r8_lr0.01_2.pt,0.5108057789911982,1600,512,524288
25520,1,mirror_r8_lr0.01,3,0.03235987573862076,4717,8ed5f54a215f88b1bfcfb2db3b41f408dd809dcabd1e4387cd72bab5fc9c24dc,experiments/mirror_applications/ma-255-parameter-superposition-mirror/artifacts/payloads_a1/25520_1_mirror_r8_lr0.01_3.pt,0.5108057789911982,1600,512,524288
25520,1,mirror_r8_lr0.01,4,0.05298028513789177,4717,16fc60d757a6ce28f79be265795aeee602459eec81092e304edc9b5013dd4cd1,experiments/mirror_applications/ma-255-parameter-superposition-mirror/artifacts/payloads_a1/25520_1_mirror_r8_lr0.01_4.pt,0.5108057789911982,1600,512,524288
25520,1,mirror_r8_lr0.01,5,0.0905127227306366,4717,4f8ac33b03125f0e829055d147c7bfde5384ed89e9d4ae60fb86031d2c15e838,experiments/mirror_applications/ma-255-parameter-superposition-mirror/artifacts/payloads_a1/25520_1_mirror_r8_lr0.01_5.pt,0.5108057789911982,1600,512,524288
25520,1,mirror_r8_lr0.01,6,0.11605910956859589,4717,531df9de0c53314d80ff8b52be2d8796868cc2a944105b56493265cd52aa0836,experiments/mirror_applications/ma-255-parameter-superposition-mirror/artifacts/payloads_a1/25520_1_mirror_r8_lr0.01_6.pt,0.5108057789911982,1600,512,524288
25520,1,mirror_r8_lr0.01,7,0.031737569719552994,4717,324b3647371a25e4218bd959f2a5faf5a05f804ab6b64a3caed1a6ee0697758b,experiments/mirror_applications/ma-255-parameter-superposition-mirror/artifacts/payloads_a1/25520_1_mirror_r8_lr0.01_7.pt,0.5108057789911982,1600,512,524288
25520,1,mirror_r8_lr0.01,8,0.09502597153186798,4717,3632f64cfd60baeb059970b250a0b737de3b1bc2991be4781b5c0cf3ed4846a1,experiments/mirror_applications/ma-255-parameter-superposition-mirror/artifacts/payloads_a1/25520_1_mirror_r8_lr0.01_8.pt,0.5108057789911982,1600,512,524288
25520,1,mirror_r8_lr0.01,9,0.07289114594459534,4717,da8f3835d1aa3899083ff65c1f5336625d44038395735e8a861d8b81ee85c85b,experiments/mirror_applications/ma-255-parameter-superposition-mirror/artifacts/payloads_a1/25520_1_mirror_r8_lr0.01_9.pt,0.5108057789911982,1600,512,524288
25520,1,mirror_r8_lr0.01,10,0.035185039043426514,4717,5f551256bade7c01e96acad9192b590de6f6cf6cc3df4d9bd172e6487ad2d021,experiments/mirror_applications/ma-255-parameter-superposition-mirror/artifacts/payloads_a1/25520_1_mirror_r8_lr0.01_10.pt,0.5108057789911982,1600,512,524288
25520,1,mirror_r8_lr0.01,11,0.05968061462044716,4717,14da8d509746301c1df86e95994dc5f280ee34cb5c5ba9923cdc8cc4e6fcfd50,experiments/mirror_applications/ma-255-parameter-superposition-mirror/artifacts/payloads_a1/25520_1_mirror_r8_lr0.01_11.pt,0.5108057789911982,1600,512,524288
25520,1,mirror_r8_lr0.01,12,0.06628721952438354,4717,c198578fb2702599601c2d5c4a5707ba7946a7ba6c1656d69dca9a1dbb213233,experiments/mirror_applications/ma-255-parameter-superposition-mirror/artifacts/payloads_a1/25520_1_mirror_r8_lr0.01_12.pt,0.5108057789911982,1600,512,524288
25520,1,mirror_r8_lr0.01,13,0.05983641743659973,4717,d04d14377431a1f24305496e4a83422ddd24dcf7b6c368d303dadc2ee5dba932,experiments/mirror_applications/ma-255-parameter-superposition-mirror/artifacts/payloads_a1/25520_1_mirror_r8_lr0.01_13.pt,0.5108057789911982,1600,512,524288
25520,1,mirror_r8_lr0.01,14,0.061061080545186996,4717,5eabdf560fb7ea6a413c7a556755459039c93d60ab1df01d1e556390b2b91e34,experiments/mirror_applications/ma-255-parameter-superposition-mirror/artifacts/payloads_a1/25520_1_mirror_r8_lr0.01_14.pt,0.5108057789911982,1600,512,524288
25520,1,mirror_r8_lr0.01,15,0.05012144893407822,4717,983de2a09168f98e1c18136d8c0b78f8ffb1a2fb220919abace5d312bd7efe4e,experiments/mirror_applications/ma-255-parameter-superposition-mirror/artifacts/payloads_a1/25520_1_mirror_r8_lr0.01_15.pt,0.5108057789911982,1600,512,524288
25520,1,generic_lowrank_r8_lr0.01,0,0.03559277206659317,4717,9c2252fd477bfefb3bc8d1c78e05930637972ad696ad00dfa060f69ca29c2f94,experiments/mirror_applications/ma-255-parameter-superposition-mirror/artifacts/payloads_a1/25520_1_generic_lowrank_r8_lr0.01_0.pt,0.5108057789911982,1600,512,524288
25520,1,generic_lowrank_r8_lr0.01,1,0.04913634806871414,4717,74290189c89e0f94c60c49685e4bb9f0b2129b19881e3eda54ddee2f541befc3,experiments/mirror_applications/ma-255-parameter-superposition-mirror/artifacts/payloads_a1/25520_1_generic_lowrank_r8_lr0.01_1.pt,0.5108057789911982,1600,512,524288
25520,1,generic_lowrank_r8_lr0.01,2,0.040849246084690094,4717,080e4dc18dedecb739f428a5a2e8f300412b667881d52ea5eb0f49e1db288b94,experiments/mirror_applications/ma-255-parameter-superposition-mirror/artifacts/payloads_a1/25520_1_generic_lowrank_r8_lr0.01_2.pt,0.5108057789911982,1600,512,524288
25520,1,generic_lowrank_r8_lr0.01,3,0.03235987573862076,4717,7a1828c274c501b113a99e72c71a9c5a812ff464a245ec0556ee37d50ae5e12f,experiments/mirror_applications/ma-255-parameter-superposition-mirror/artifacts/payloads_a1/25520_1_generic_lowrank_r8_lr0.01_3.pt,0.5108057789911982,1600,512,524288
25520,1,generic_lowrank_r8_lr0.01,4,0.05298028513789177,4717,97702d5b4536e55b2bba057f15d419717c6b200e4c7609a4b1dacf6671962060,experiments/mirror_applications/ma-255-parameter-superposition-mirror/artifacts/payloads_a1/25520_1_generic_lowrank_r8_lr0.01_4.pt,0.5108057789911982,1600,512,524288
25520,1,generic_lowrank_r8_lr0.01,5,0.0905127227306366,4717,b8cee6c72721a99cbe973767ee7df988be67f0d46293e069d91200e1bc351bd2,experiments/mirror_applications/ma-255-parameter-superposition-mirror/artifacts/payloads_a1/25520_1_generic_lowrank_r8_lr0.01_5.pt,0.5108057789911982,1600,512,524288
25520,1,generic_lowrank_r8_lr0.01,6,0.11605910956859589,4717,3205dc4a66be4facf884db7d94c028ddc12ac52e4e69058278ff1641c6a8a72f,experiments/mirror_applications/ma-255-parameter-superposition-mirror/artifacts/payloads_a1/25520_1_generic_lowrank_r8_lr0.01_6.pt,0.5108057789911982,1600,512,524288
25520,1,generic_lowrank_r8_lr0.01,7,0.031737569719552994,4717,dbbe830c14cd58df73ccc9185f80256694ec061dd2dcfcb4d7ce0ecad646d108,experiments/mirror_applications/ma-255-parameter-superposition-mirror/artifacts/payloads_a1/25520_1_generic_lowrank_r8_lr0.01_7.pt,0.5108057789911982,1600,512,524288
25520,1,generic_lowrank_r8_lr0.01,8,0.09502597153186798,4717,f4f609c836bc0e7df3da344783849bddbe9eb6a74bafa91281039b4bb18e026c,experiments/mirror_applications/ma-255-parameter-superposition-mirror/artifacts/payloads_a1/25520_1_generic_lowrank_r8_lr0.01_8.pt,0.5108057789911982,1600,512,524288
25520,1,generic_lowrank_r8_lr0.01,9,0.07289114594459534,4717,2e9b65ce331dddadb5db75f18e2800702925b9a48fc72ac804f13ed6b79a83f4,experiments/mirror_applications/ma-255-parameter-superposition-mirror/artifacts/payloads_a1/25520_1_generic_lowrank_r8_lr0.01_9.pt,0.5108057789911982,1600,512,524288
25520,1,generic_lowrank_r8_lr0.01,10,0.035185039043426514,4717,0bfb780886efcb6bc894471699ac5412022c8288d0cf2e65afa12e7c16cbd1ca,experiments/mirror_applications/ma-255-parameter-superposition-mirror/artifacts/payloads_a1/25520_1_generic_lowrank_r8_lr0.01_10.pt,0.5108057789911982,1600,512,524288
25520,1,generic_lowrank_r8_lr0.01,11,0.05968061462044716,4717,f62788c63e5e85d12b63002b162b63c7c2f5a785b4137d63142efcc2c61ea6f3,experiments/mirror_applications/ma-255-parameter-superposition-mirror/artifacts/payloads_a1/25520_1_generic_lowrank_r8_lr0.01_11.pt,0.5108057789911982,1600,512,524288
25520,1,generic_lowrank_r8_lr0.01,12,0.06628721952438354,4717,f4cee0a8915eb28550efc628a5cc9faad33f0b2a78bdc1826dd3187d12f50535,experiments/mirror_applications/ma-255-parameter-superposition-mirror/artifacts/payloads_a1/25520_1_generic_lowrank_r8_lr0.01_12.pt,0.5108057789911982,1600,512,524288
25520,1,generic_lowrank_r8_lr0.01,13,0.05983641743659973,4717,ef710c2aa6abc50983dc9c54729cd8f3255e23cb598fe6abe58399f519bcf9e2,experiments/mirror_applications/ma-255-parameter-superposition-mirror/artifacts/payloads_a1/25520_1_generic_lowrank_r8_lr0.01_13.pt,0.5108057789911982,1600,512,524288
25520,1,generic_lowrank_r8_lr0.01,14,0.061061080545186996,4717,e2755daa513f7c1d62708c5ecae146a1918655ea588291827da2abd7ce49fcdf,experiments/mirror_applications/ma-255-parameter-superposition-mirror/artifacts/payloads_a1/25520_1_generic_lowrank_r8_lr0.01_14.pt,0.5108057789911982,1600,512,524288
25520,1,generic_lowrank_r8_lr0.01,15,0.05012144893407822,4717,73dcace8a1536552042b42ab6e600bd99192ed052f67f44e4672bf8e3b231bb5,experiments/mirror_applications/ma-255-parameter-superposition-mirror/artifacts/payloads_a1/25520_1_generic_lowrank_r8_lr0.01_15.pt,0.5108057789911982,1600,512,524288
25520,1,mirror_r8_lr0.03,0,0.03559279069304466,4717,d867f008ba9206d9cbd6c67b15f9ccaa85b105cfad6d7e80650e37f4c3035fec,experiments/mirror_applications/ma-255-parameter-superposition-mirror/artifacts/payloads_a1/25520_1_mirror_r8_lr0.03_0.pt,0.5689409190090373,1600,512,524288
25520,1,mirror_r8_lr0.03,1,0.049136336892843246,4717,5e69e1d83869374446f44bf5d6596b5332b6a76cbc2210aaa2b87fd81346915f,experiments/mirror_applications/ma-255-parameter-superposition-mirror/artifacts/payloads_a1/25520_1_mirror_r8_lr0.03_1.pt,0.5689409190090373,1600,512,524288
25520,1,mirror_r8_lr0.03,2,0.04084921255707741,4717,550be2579d6f3a63074dcaddd67b94e186450a18d2a65392fb595fff3e194c18,experiments/mirror_applications/ma-255-parameter-superposition-mirror/artifacts/payloads_a1/25520_1_mirror_r8_lr0.03_2.pt,0.5689409190090373,1600,512,524288
25520,1,mirror_r8_lr0.03,3,0.03235991299152374,4717,d9806c72d41b39cdb1cee2c891d6ac5ea1524633adb15398b550d0f0fa9af8fa,experiments/mirror_applications/ma-255-parameter-superposition-mirror/artifacts/payloads_a1/25520_1_mirror_r8_lr0.03_3.pt,0.5689409190090373,1600,512,524288
25520,1,mirror_r8_lr0.03,4,0.052980296313762665,4781,1bd896aa16a498312938e705fe6a928375c97eaeee63a9b8718671d4783402d2,experiments/mirror_applications/ma-255-parameter-superposition-mirror/artifacts/payloads_a1/25520_1_mirror_r8_lr0.03_4.pt,0.5689409190090373,1600,512,524288
25520,1,mirror_r8_lr0.03,5,0.0905127078294754,4781,dd0a7918f05de14b0c7914f00591eafce5dfe1cc2ee5d51128c0fb9f420e51c1,experiments/mirror_applications/ma-255-parameter-superposition-mirror/artifacts/payloads_a1/25520_1_mirror_r8_lr0.03_5.pt,0.5689409190090373,1600,512,524288
25520,1,mirror_r8_lr0.03,6,0.11605912446975708,4717,08542fa2c8789388d14356c53538bc0b1838ceb3121c490f1a104c5f33f1c496,experiments/mirror_applications/ma-255-parameter-superposition-mirror/artifacts/payloads_a1/25520_1_mirror_r8_lr0.03_6.pt,0.5689409190090373,1600,512,524288
25520,1,mirror_r8_lr0.03,7,0.0317375622689724,4717,7b7d3f540bacbbefc0f4ab15147f744656f5ad658f028af7fab268b8ee9320d2,experiments/mirror_applications/ma-255-parameter-superposition-mirror/artifacts/payloads_a1/25520_1_mirror_r8_lr0.03_7.pt,0.5689409190090373,1600,512,524288
25520,1,mirror_r8_lr0.03,8,0.09502596408128738,4717,ae28dadebc7c0e874c03539cf4f662407494a4f33f40479077ec7dcb54c7fa8e,experiments/mirror_applications/ma-255-parameter-superposition-mirror/artifacts/payloads_a1/25520_1_mirror_r8_lr0.03_8.pt,0.5689409190090373,1600,512,524288
25520,1,mirror_r8_lr0.03,9,0.07289109379053116,4717,4bf968fc26ee5a21ef5f2c4d885aa6f8fe6a74efe5f19d90339982a6a9a7f851,experiments/mirror_applications/ma-255-parameter-superposition-mirror/artifacts/payloads_a1/25520_1_mirror_r8_lr0.03_9.pt,0.5689409190090373,1600,512,524288
25520,1,mirror_r8_lr0.03,10,0.03518503159284592,4717,88a2bb2645485754c0889060e1fac577ff6db1ebfc4a7100b5cbea7383024583,experiments/mirror_applications/ma-255-parameter-superposition-mirror/artifacts/payloads_a1/25520_1_mirror_r8_lr0.03_10.pt,0.5689409190090373,1600,512,524288
25520,1,mirror_r8_lr0.03,11,0.05968059226870537,4717,b044ce831a4d1c4e5c24f97c762b0ee021cd7191b28dd571fff37d60b56dbb86,experiments/mirror_applications/ma-255-parameter-superposition-mirror/artifacts/payloads_a1/25520_1_mirror_r8_lr0.03_11.pt,0.5689409190090373,1600,512,524288
25520,1,mirror_r8_lr0.03,12,0.06628721952438354,4717,8230246688fa8d9d7827874ae7fd7daf61c6ccc734b33504176a39f2bb9e667c,experiments/mirror_applications/ma-255-parameter-superposition-mirror/artifacts/payloads_a1/25520_1_mirror_r8_lr0.03_12.pt,0.5689409190090373,1600,512,524288
25520,1,mirror_r8_lr0.03,13,0.05983645096421242,4717,e83d0b3a802f78b67a2f1485d4de875041c876a53ec2b8b51352c58708a8f22c,experiments/mirror_applications/ma-255-parameter-superposition-mirror/artifacts/payloads_a1/25520_1_mirror_r8_lr0.03_13.pt,0.5689409190090373,1600,512,524288
25520,1,mirror_r8_lr0.03,14,0.06106110289692879,4717,3ac54ee7db1d1cde8f99ffe6d371799861a955b3fa340f814a2f1e7e132bf5ce,experiments/mirror_applications/ma-255-parameter-superposition-mirror/artifacts/payloads_a1/25520_1_mirror_r8_lr0.03_14.pt,0.5689409190090373,1600,512,524288
25520,1,mirror_r8_lr0.03,15,0.050121426582336426,4717,0d427e9b0ac2c7dd69a4b5700b6c66c6739dbaae2425710a7257f893e4c1a504,experiments/mirror_applications/ma-255-parameter-superposition-mirror/artifacts/payloads_a1/25520_1_mirror_r8_lr0.03_15.pt,0.5689409190090373,1600,512,524288
25520,1,generic_lowrank_r8_lr0.03,0,0.03559279069304466,4717,1b70851db7328435f10d075c69bf51e5ff0d9838c25a5bfcf9dd1d1bf8a19656,experiments/mirror_applications/ma-255-parameter-superposition-mirror/artifacts/payloads_a1/25520_1_generic_lowrank_r8_lr0.03_0.pt,0.5689409190090373,1600,512,524288
25520,1,generic_lowrank_r8_lr0.03,1,0.049136336892843246,4717,60c6333691e9b9402a36d1c14b3464e7f2e2f6188c8f621fc2ab9d3927858223,experiments/mirror_applications/ma-255-parameter-superposition-mirror/artifacts/payloads_a1/25520_1_generic_lowrank_r8_lr0.03_1.pt,0.5689409190090373,1600,512,524288
25520,1,generic_lowrank_r8_lr0.03,2,0.04084921255707741,4717,9e858ba80f9a162c594d3c66f7a5d7217e82530e2da7bfbc6346182b8f62817d,experiments/mirror_applications/ma-255-parameter-superposition-mirror/artifacts/payloads_a1/25520_1_generic_lowrank_r8_lr0.03_2.pt,0.5689409190090373,1600,512,524288
25520,1,generic_lowrank_r8_lr0.03,3,0.03235991299152374,4717,8232f2999a03b12061f19cd081fb423b88aed8344dfdaee0b7141293ea8fdd19,experiments/mirror_applications/ma-255-parameter-superposition-mirror/artifacts/payloads_a1/25520_1_generic_lowrank_r8_lr0.03_3.pt,0.5689409190090373,1600,512,524288
25520,1,generic_lowrank_r8_lr0.03,4,0.052980296313762665,4717,2407817d4150ce281931ad458544f2fd03e1af200e04b0e4e412e93428694384,experiments/mirror_applications/ma-255-parameter-superposition-mirror/artifacts/payloads_a1/25520_1_generic_lowrank_r8_lr0.03_4.pt,0.5689409190090373,1600,512,524288
25520,1,generic_lowrank_r8_lr0.03,5,0.0905127078294754,4717,125a857540ac5aef2adce3da46f5790e126f6a0447da0735307664d95d8fdce9,experiments/mirror_applications/ma-255-parameter-superposition-mirror/artifacts/payloads_a1/25520_1_generic_lowrank_r8_lr0.03_5.pt,0.5689409190090373,1600,512,524288
25520,1,generic_lowrank_r8_lr0.03,6,0.11605912446975708,4717,ad4d4976a992cc79c6d3b86a38cb6b3bd36044ab291be0fa0f6be0f459b9445e,experiments/mirror_applications/ma-255-parameter-superposition-mirror/artifacts/payloads_a1/25520_1_generic_lowrank_r8_lr0.03_6.pt,0.5689409190090373,1600,512,524288
25520,1,generic_lowrank_r8_lr0.03,7,0.0317375622689724,4717,5930b8a76aee4f9be05fdf042e2cf40faa5f0521c1d2f6277d56ceb715a359da,experiments/mirror_applications/ma-255-parameter-superposition-mirror/artifacts/payloads_a1/25520_1_generic_lowrank_r8_lr0.03_7.pt,0.5689409190090373,1600,512,524288
25520,1,generic_lowrank_r8_lr0.03,8,0.09502596408128738,4717,803b7f5cd5ca527035e96e084fe3b96458081239a59389b2017273e551b9f734,experiments/mirror_applications/ma-255-parameter-superposition-mirror/artifacts/payloads_a1/25520_1_generic_lowrank_r8_lr0.03_8.pt,0.5689409190090373,1600,512,524288
25520,1,generic_lowrank_r8_lr0.03,9,0.07289109379053116,4717,ab83e0bab6d1a0d3ffe5ad805e3eab077b0a4979fbb3c1cf7f0c3746ec19c3f0,experiments/mirror_applications/ma-255-parameter-superposition-mirror/artifacts/payloads_a1/25520_1_generic_lowrank_r8_lr0.03_9.pt,0.5689409190090373,1600,512,524288
25520,1,generic_lowrank_r8_lr0.03,10,0.03518503159284592,4717,fb1af9cfc533d5d3605c2a0fddc4ecc8e44607c90740adcb0a027fbb07a0c434,experiments/mirror_applications/ma-255-parameter-superposition-mirror/artifacts/payloads_a1/25520_1_generic_lowrank_r8_lr0.03_10.pt,0.5689409190090373,1600,512,524288
25520,1,generic_lowrank_r8_lr0.03,11,0.05968059226870537,4717,cbf4c4c3111b4d0c014a3c9a296ee5605e6fd9ad461d365627003eb7281523a1,experiments/mirror_applications/ma-255-parameter-superposition-mirror/artifacts/payloads_a1/25520_1_generic_lowrank_r8_lr0.03_11.pt,0.5689409190090373,1600,512,524288
25520,1,generic_lowrank_r8_lr0.03,12,0.06628721952438354,4717,8508b631db2652e55698f5f01c8c3bd151e041be022aa8e7f2dad6a911bb88e1,experiments/mirror_applications/ma-255-parameter-superposition-mirror/artifacts/payloads_a1/25520_1_generic_lowrank_r8_lr0.03_12.pt,0.5689409190090373,1600,512,524288
25520,1,generic_lowrank_r8_lr0.03,13,0.05983645096421242,4717,0547d23cc115835955b9d66aaa3f1e621f9d9f3e39ae982d13ea77a381829a22,experiments/mirror_applications/ma-255-parameter-superposition-mirror/artifacts/payloads_a1/25520_1_generic_lowrank_r8_lr0.03_13.pt,0.5689409190090373,1600,512,524288
25520,1,generic_lowrank_r8_lr0.03,14,0.06106110289692879,4717,ef619bb3f500b67869f8d02a397cf95067d323cf37b58b096810877776eca9a5,experiments/mirror_applications/ma-255-parameter-superposition-mirror/artifacts/payloads_a1/25520_1_generic_lowrank_r8_lr0.03_14.pt,0.5689409190090373,1600,512,524288
25520,1,generic_lowrank_r8_lr0.03,15,0.050121426582336426,4717,b757769ad602d037cfd1bc0611292a3ace670df6d2c50c88b3ae706820892119,experiments/mirror_applications/ma-255-parameter-superposition-mirror/artifacts/payloads_a1/25520_1_generic_lowrank_r8_lr0.03_15.pt,0.5689409190090373,1600,512,524288
25520,2,psp,0,0.6538960337638855,12133,4e7322f5a7345bb42a3987f34f51447490431e9e307ea8f352339330c2d3b822,experiments/mirror_applications/ma-255-parameter-superposition-mirror/artifacts/payloads_a1/25520_2_psp_0.pt,0.0,0,512,32768
25520,2,psp,1,0.488048255443573,12133,08a667036ab0120e50ed61a625ef9d050b1b2dafb058f0a0edb981e53e42d5b6,experiments/mirror_applications/ma-255-parameter-superposition-mirror/artifacts/payloads_a1/25520_2_psp_1.pt,0.0,0,512,32768
25520,2,psp,2,0.47234436869621277,12133,6011530dc1c905c169efdfc8b06493cf1b67b22c29591ea302ab75de9fa64462,experiments/mirror_applications/ma-255-parameter-superposition-mirror/artifacts/payloads_a1/25520_2_psp_2.pt,0.0,0,512,32768
25520,2,psp,3,0.6830472946166992,12133,0f599c5840eeb9cf4717e37641203814a4c127169ea8cac82b85494412b995b2,experiments/mirror_applications/ma-255-parameter-superposition-mirror/artifacts/payloads_a1/25520_2_psp_3.pt,0.0,0,512,32768
25520,2,psp,4,0.49663862586021423,12133,c26f4ed4816eb7cf707fbacee3f9d4fe8bf7945d31a97b4fbe770cdeecc0b349,experiments/mirror_applications/ma-255-parameter-superposition-mirror/artifacts/payloads_a1/25520_2_psp_4.pt,0.0,0,512,32768
25520,2,psp,5,0.7607283592224121,12133,131284f21b4e46bccca46dbb0572eaaf03ad6ca439b3b1ef57921a0e9fa83335,experiments/mirror_applications/ma-255-parameter-superposition-mirror/artifacts/payloads_a1/25520_2_psp_5.pt,0.0,0,512,32768
25520,2,psp,6,1.7590181827545166,12133,4049dbad4676f4127acc964310bf1d1de3e4682172f2dac80ce651aa8e2b9f72,experiments/mirror_applications/ma-255-parameter-superposition-mirror/artifacts/payloads_a1/25520_2_psp_6.pt,0.0,0,512,32768
25520,2,psp,7,0.23657971620559692,12133,d14975578d8a2228a939e686413814495e06418722e70570f84a3423bc1b6362,experiments/mirror_applications/ma-255-parameter-superposition-mirror/artifacts/payloads_a1/25520_2_psp_7.pt,0.0,0,512,32768
25520,2,psp,8,0.4747116267681122,12133,d5899ccdc9a12479e898fcbee8b46ece141e8c1a352edc4b637a7fe18cfd3084,experiments/mirror_applications/ma-255-parameter-superposition-mirror/artifacts/payloads_a1/25520_2_psp_8.pt,0.0,0,512,32768
25520,2,psp,9,0.28835588693618774,12133,8d16a6b4f73b84c2dfb4fb0e9c5025c6dc62e7471395442d04edec4b82404676,experiments/mirror_applications/ma-255-parameter-superposition-mirror/artifacts/payloads_a1/25520_2_psp_9.pt,0.0,0,512,32768
25520,2,psp,10,0.42920127511024475,12133,950055eb470522f788eb1992b592a490ba0436f22fb889384459e71093f69dc2,experiments/mirror_applications/ma-255-parameter-superposition-mirror/artifacts/payloads_a1/25520_2_psp_10.pt,0.0,0,512,32768
25520,2,psp,11,0.4389568269252777,12133,2c016c477c301dc54eadfed7c19b59426176e68b4df90c108ab0d38548e008aa,experiments/mirror_applications/ma-255-parameter-superposition-mirror/artifacts/payloads_a1/25520_2_psp_11.pt,0.0,0,512,32768
25520,2,psp,12,0.4630441963672638,12133,43f90033ad775b136086fb9f94f1760cec2d1c18aa769872875a5288f2f19d4b,experiments/mirror_applications/ma-255-parameter-superposition-mirror/artifacts/payloads_a1/25520_2_psp_12.pt,0.0,0,512,32768
25520,2,psp,13,0.3146669268608093,12133,46486ef4c4897228876d43c59576d80d6fc1f73f6777ebb85c596f8757bfaa77,experiments/mirror_applications/ma-255-parameter-superposition-mirror/artifacts/payloads_a1/25520_2_psp_13.pt,0.0,0,512,32768
25520,2,psp,14,1.5634745359420776,12133,e081f002e69cc5f2151c9ec83e36e987f2fe3703698613c0740e6f52a0e4b5d4,experiments/mirror_applications/ma-255-parameter-superposition-mirror/artifacts/payloads_a1/25520_2_psp_14.pt,0.0,0,512,32768
25520,2,psp,15,0.47873708605766296,12133,ca098e122537852459ef32f40004f46d8e3e1c6f0715d418faaf85e651d20886,experiments/mirror_applications/ma-255-parameter-superposition-mirror/artifacts/payloads_a1/25520_2_psp_15.pt,0.0,0,512,32768
25520,2,shared,0,1.0043320655822754,3245,46f2e0aa2184bf9dbcca7c745e4e7657e8d672ec2d7c4056cf44721c870f9dc9,experiments/mirror_applications/ma-255-parameter-superposition-mirror/artifacts/payloads_a1/25520_2_shared_0.pt,0.0,0,512,32768
25520,2,shared,1,0.9313719272613525,3245,0fad295480f4a3af5fbe04968e135998b802cdc50099ce02b6e5c024a805f849,experiments/mirror_applications/ma-255-parameter-superposition-mirror/artifacts/payloads_a1/25520_2_shared_1.pt,0.0,0,512,32768
25520,2,shared,2,1.0333576202392578,3245,95ae0202e1be9fe70220bfd5131758f36bf6983f8c0ae410c3f61d2655abfea9,experiments/mirror_applications/ma-255-parameter-superposition-mirror/artifacts/payloads_a1/25520_2_shared_2.pt,0.0,0,512,32768
25520,2,shared,3,0.966403067111969,3245,17013b88a06c17814e40ea0a2b6644ef06776e173633804acd1f475d13b40444,experiments/mirror_applications/ma-255-parameter-superposition-mirror/artifacts/payloads_a1/25520_2_shared_3.pt,0.0,0,512,32768
25520,2,shared,4,1.0655406713485718,3245,b68c55850904656bc2ddabc427f0a376bd52a360489f77cd1bf714dd670a90a4,experiments/mirror_applications/ma-255-parameter-superposition-mirror/artifacts/payloads_a1/25520_2_shared_4.pt,0.0,0,512,32768
25520,2,shared,5,0.8860138654708862,3245,22d9eb57625b2becd63b15a605dc760c84e5e1a439372c8b8ee2ec6fdec1b1ab,experiments/mirror_applications/ma-255-parameter-superposition-mirror/artifacts/payloads_a1/25520_2_shared_5.pt,0.0,0,512,32768
25520,2,shared,6,1.185633897781372,3245,ffe849ec9079dd8386f17a0e12678be766561e17e8cfe3d548b92edef401a940,experiments/mirror_applications/ma-255-parameter-superposition-mirror/artifacts/payloads_a1/25520_2_shared_6.pt,0.0,0,512,32768
25520,2,shared,7,0.9597969651222229,3245,297e421cf3f5ddc833e8ce84a3c1e36ba677b4276934297b87bd962b16f194b5,experiments/mirror_applications/ma-255-parameter-superposition-mirror/artifacts/payloads_a1/25520_2_shared_7.pt,0.0,0,512,32768
25520,2,shared,8,0.9984126687049866,3245,75f878509c2fd798405d08a2f90742c2a80bca9d1fe2d3abd17b11494e76e92f,experiments/mirror_applications/ma-255-parameter-superposition-mirror/artifacts/payloads_a1/25520_2_shared_8.pt,0.0,0,512,32768
25520,2,shared,9,0.8917518854141235,3245,d78e5642bc1b972a5690a799409589dff8a4327c978b1391a57cb0a172107025,experiments/mirror_applications/ma-255-parameter-superposition-mirror/artifacts/payloads_a1/25520_2_shared_9.pt,0.0,0,512,32768
25520,2,shared,10,0.9391106963157654,3245,7bb362564fa8aa7bdaaff834c885f1e7123f55a0da4aa4ed7d5e619ea3f885cc,experiments/mirror_applications/ma-255-parameter-superposition-mirror/artifacts/payloads_a1/25520_2_shared_10.pt,0.0,0,512,32768
25520,2,shared,11,0.943155825138092,3245,51124a14f58b47d74bb381c8450698dbe72c05a0460d179322f44e9b9c34071f,experiments/mirror_applications/ma-255-parameter-superposition-mirror/artifacts/payloads_a1/25520_2_shared_11.pt,0.0,0,512,32768
25520,2,shared,12,1.0272070169448853,3245,ee529fb431f23ee02068a1a26ad8fe3877d73562b9bf19816a7fe7aef50363c5,experiments/mirror_applications/ma-255-parameter-superposition-mirror/artifacts/payloads_a1/25520_2_shared_12.pt,0.0,0,512,32768
25520,2,shared,13,0.9787663221359253,3245,71ff492d0a4d3fafe033636dd0622e5cfa4067f00660b3158722aafed30e75a3,experiments/mirror_applications/ma-255-parameter-superposition-mirror/artifacts/payloads_a1/25520_2_shared_13.pt,0.0,0,512,32768
25520,2,shared,14,1.0431894063949585,3245,e9468f432fee95981fc16c8da7cc08c9dc1a68c8ebbf2834fad14dbe378cd978,experiments/mirror_applications/ma-255-parameter-superposition-mirror/artifacts/payloads_a1/25520_2_shared_14.pt,0.0,0,512,32768
25520,2,shared,15,1.0475022792816162,3245,218d5d992098bad0ccab1870add4365f6de0ec4de16f7276319f595e15a2b7b3,experiments/mirror_applications/ma-255-parameter-superposition-mirror/artifacts/payloads_a1/25520_2_shared_15.pt,0.0,0,512,32768
25520,2,independent,0,0.0,3245,e3288551faea15fbeb8992164dc5517a32c294881927480e3426a6a6f79f8dc6,experiments/mirror_applications/ma-255-parameter-superposition-mirror/artifacts/payloads_a1/25520_2_independent_0.pt,0.0,0,512,32768
25520,2,independent,1,0.0,3245,f9a953893c1fc370045a103d838151332799b0d988984b639e173d489d1d31c7,experiments/mirror_applications/ma-255-parameter-superposition-mirror/artifacts/payloads_a1/25520_2_independent_1.pt,0.0,0,512,32768
25520,2,independent,2,0.0,3245,89f7007a01448a1697de93ed69f1121a343681c790484b6cd658cce70622e8df,experiments/mirror_applications/ma-255-parameter-superposition-mirror/artifacts/payloads_a1/25520_2_independent_2.pt,0.0,0,512,32768
25520,2,independent,3,0.0,3245,4fe5feb1421dcfeabd9f85328f48478979c02d0f652db0450e32df46aa5ff5e3,experiments/mirror_applications/ma-255-parameter-superposition-mirror/artifacts/payloads_a1/25520_2_independent_3.pt,0.0,0,512,32768
25520,2,independent,4,0.0,3245,3977461e97e978dd5048cd53c6a4ddd5a3fa8d8b16b48c05e97047a00e4e9d1e,experiments/mirror_applications/ma-255-parameter-superposition-mirror/artifacts/payloads_a1/25520_2_independent_4.pt,0.0,0,512,32768
25520,2,independent,5,0.0,3245,a868ddff69e9a5988d6903e0fbcd0494fddc16c5eb30a5fe7040236422c063eb,experiments/mirror_applications/ma-255-parameter-superposition-mirror/artifacts/payloads_a1/25520_2_independent_5.pt,0.0,0,512,32768
25520,2,independent,6,0.0,3245,fd6865ae026437b123b4bc73042d42c36433ef0ffc80126a3a39ab4cc2bf5f7b,experiments/mirror_applications/ma-255-parameter-superposition-mirror/artifacts/payloads_a1/25520_2_independent_6.pt,0.0,0,512,32768
25520,2,independent,7,0.0,3245,d395eee51c2d0346c452f43fc207df519ddfcc5e7e1b24086bb68d56641aa9b9,experiments/mirror_applications/ma-255-parameter-superposition-mirror/artifacts/payloads_a1/25520_2_independent_7.pt,0.0,0,512,32768
25520,2,independent,8,0.0,3245,b40c4aa5cdfc7b5b61ccaee52b6dbdbec588e18dfd8116c65d6578c1cab184b6,experiments/mirror_applications/ma-255-parameter-superposition-mirror/artifacts/payloads_a1/25520_2_independent_8.pt,0.0,0,512,32768
25520,2,independent,9,0.0,3245,cf83df55c41672f55d5e717d1a852b16b2de98af4100dbdd9abe320f8eb2cad3,experiments/mirror_applications/ma-255-parameter-superposition-mirror/artifacts/payloads_a1/25520_2_independent_9.pt,0.0,0,512,32768
25520,2,independent,10,0.0,3245,4963f724a554b9d4991b9393c578bb9625295098829fdeb437861ec747dff07b,experiments/mirror_applications/ma-255-parameter-superposition-mirror/artifacts/payloads_a1/25520_2_independent_10.pt,0.0,0,512,32768
25520,2,independent,11,0.0,3245,e8cd904a38efc96fc4a0c1147f6681c23ded1b908293b7c91055785d4c228430,experiments/mirror_applications/ma-255-parameter-superposition-mirror/artifacts/payloads_a1/25520_2_independent_11.pt,0.0,0,512,32768
25520,2,independent,12,0.0,3245,18e7fefa42da710dbc053c7476c3ff8470df3dac65f648d6eb77c1edc7b3ff4c,experiments/mirror_applications/ma-255-parameter-superposition-mirror/artifacts/payloads_a1/25520_2_independent_12.pt,0.0,0,512,32768
25520,2,independent,13,0.0,3245,4650579f82cf52d7db00edb30d5e2a36499be6e527b2a26fad7f84ae51f0781c,experiments/mirror_applications/ma-255-parameter-superposition-mirror/artifacts/payloads_a1/25520_2_independent_13.pt,0.0,0,512,32768
25520,2,independent,14,0.0,3245,0ebd742a10a522534228eb2023d1d04548255103b40bf78fe5b8989eea639e57,experiments/mirror_applications/ma-255-parameter-superposition-mirror/artifacts/payloads_a1/25520_2_independent_14.pt,0.0,0,512,32768
25520,2,independent,15,0.0,3245,6729476a37b4703932e2b908093c5ef30d08cd5e4edfb7b0e2e1bca3273128ef,experiments/mirror_applications/ma-255-parameter-superposition-mirror/artifacts/payloads_a1/25520_2_independent_15.pt,0.0,0,512,32768
25520,2,mirror_r8_lr0.001,0,0.07131980359554291,4717,f2f954a16fd18a5deb143c41b86078cbf037a8e153ede1935d09a8e63209cd08,experiments/mirror_applications/ma-255-parameter-superposition-mirror/artifacts/payloads_a1/25520_2_mirror_r8_lr0.001_0.pt,0.5546216790098697,1600,512,524288
25520,2,mirror_r8_lr0.001,1,0.07321560382843018,4781,7c694e6ebf8387f1cf59e6d3a4dc9a969dffb6733d0f7c9dc500fad1a600e0fb,experiments/mirror_applications/ma-255-parameter-superposition-mirror/artifacts/payloads_a1/25520_2_mirror_r8_lr0.001_1.pt,0.5546216790098697,1600,512,524288
25520,2,mirror_r8_lr0.001,2,0.04699567332863808,4717,27cd439f4131e1ede97d3be98d3bfa18ac1b77c44703c5ffe86f55cd5f1270f0,experiments/mirror_applications/ma-255-parameter-superposition-mirror/artifacts/payloads_a1/25520_2_mirror_r8_lr0.001_2.pt,0.5546216790098697,1600,512,524288
25520,2,mirror_r8_lr0.001,3,0.054680969566106796,4781,11cf74177b93f36ba02148d4ed0c3d89024c4b93f4e23fa3abbb7e824aae5e11,experiments/mirror_applications/ma-255-parameter-superposition-mirror/artifacts/payloads_a1/25520_2_mirror_r8_lr0.001_3.pt,0.5546216790098697,1600,512,524288
25520,2,mirror_r8_lr0.001,4,0.07694271951913834,4717,721c4063c69380e1e697bbc9f868c81a8906609885b7f57731dcc78be3f5257a,experiments/mirror_applications/ma-255-parameter-superposition-mirror/artifacts/payloads_a1/25520_2_mirror_r8_lr0.001_4.pt,0.5546216790098697,1600,512,524288
25520,2,mirror_r8_lr0.001,5,0.06082213297486305,4781,c2098a7adf703a692911d320774f9f6184e3f63a352ff565b08d68ab01479c86,experiments/mirror_applications/ma-255-parameter-superposition-mirror/artifacts/payloads_a1/25520_2_mirror_r8_lr0.001_5.pt,0.5546216790098697,1600,512,524288
25520,2,mirror_r8_lr0.001,6,0.15126758813858032,4781,3f8f7ca97ebaf13c3ece1da0b1b48984b17fce08d2e35e3f58e44bd3d6d7d2da,experiments/mirror_applications/ma-255-parameter-superposition-mirror/artifacts/payloads_a1/25520_2_mirror_r8_lr0.001_6.pt,0.5546216790098697,1600,512,524288
25520,2,mirror_r8_lr0.001,7,0.03922193497419357,4781,d50fbeff9d139fd63a924e246acfca90d3bfa0ad708b1c932953046008b5a1cb,experiments/mirror_applications/ma-255-parameter-superposition-mirror/artifacts/payloads_a1/25520_2_mirror_r8_lr0.001_7.pt,0.5546216790098697,1600,512,524288
25520,2,mirror_r8_lr0.001,8,0.04120924323797226,4717,a3c5ef9c1267913ad79bae7a32efe4ad4cb5f5b2781a25b614e51976e3a82a49,experiments/mirror_applications/ma-255-parameter-superposition-mirror/artifacts/payloads_a1/25520_2_mirror_r8_lr0.001_8.pt,0.5546216790098697,1600,512,524288
25520,2,mirror_r8_lr0.001,9,0.05383188650012016,4717,d6ca00b9ac95a2839d1eeb000e9fb32c62cff9ec51ca0264cacb096441cf2791,experiments/mirror_applications/ma-255-parameter-superposition-mirror/artifacts/payloads_a1/25520_2_mirror_r8_lr0.001_9.pt,0.5546216790098697,1600,512,524288
25520,2,mirror_r8_lr0.001,10,0.08083426207304001,4717,00dba9fa17cb98bde760abb4c9ad07e08605894c55536661def27d4619d617c7,experiments/mirror_applications/ma-255-parameter-superposition-mirror/artifacts/payloads_a1/25520_2_mirror_r8_lr0.001_10.pt,0.5546216790098697,1600,512,524288
25520,2,mirror_r8_lr0.001,11,0.05577242374420166,4717,aec1f374c359fb3d4859f3498bf84e6df32c811c746baa077c916ad637165e9a,experiments/mirror_applications/ma-255-parameter-superposition-mirror/artifacts/payloads_a1/25520_2_mirror_r8_lr0.001_11.pt,0.5546216790098697,1600,512,524288
25520,2,mirror_r8_lr0.001,12,0.03745625913143158,4717,3823f4bd0a2a5cf211d02f01b993b8b37503c5192393c432db01c96e4edc48bf,experiments/mirror_applications/ma-255-parameter-superposition-mirror/artifacts/payloads_a1/25520_2_mirror_r8_lr0.001_12.pt,0.5546216790098697,1600,512,524288
25520,2,mirror_r8_lr0.001,13,0.0630396232008934,4717,5333219947514c850a176b0c2d3a142d1df08ee1380738e81780caf4e10d443d,experiments/mirror_applications/ma-255-parameter-superposition-mirror/artifacts/payloads_a1/25520_2_mirror_r8_lr0.001_13.pt,0.5546216790098697,1600,512,524288
25520,2,mirror_r8_lr0.001,14,0.12067712843418121,4717,2b78dc3abf98793b54d2747e58c42e10398897d927a6ce78a138975d5cf9881f,experiments/mirror_applications/ma-255-parameter-superposition-mirror/artifacts/payloads_a1/25520_2_mirror_r8_lr0.001_14.pt,0.5546216790098697,1600,512,524288
25520,2,mirror_r8_lr0.001,15,0.06053607165813446,4781,90549d8d282006cc6850e0066e08c929e3b48a6ea46fdf6a4a740aae69c6c434,experiments/mirror_applications/ma-255-parameter-superposition-mirror/artifacts/payloads_a1/25520_2_mirror_r8_lr0.001_15.pt,0.5546216790098697,1600,512,524288
25520,2,generic_lowrank_r8_lr0.001,0,0.07131980359554291,4717,ae261b8af702cc8094ad16c6cb4f96179983701e476fdd2fdbd351035019b877,experiments/mirror_applications/ma-255-parameter-superposition-mirror/artifacts/payloads_a1/25520_2_generic_lowrank_r8_lr0.001_0.pt,0.5546216790098697,1600,512,524288
25520,2,generic_lowrank_r8_lr0.001,1,0.07321560382843018,4781,cc17772f854cb210e7a58c45e6e9f9bf04dd17fdffa3b73634c3fb32fa3f2b92,experiments/mirror_applications/ma-255-parameter-superposition-mirror/artifacts/payloads_a1/25520_2_generic_lowrank_r8_lr0.001_1.pt,0.5546216790098697,1600,512,524288
25520,2,generic_lowrank_r8_lr0.001,2,0.04699567332863808,4717,03578f1e222ea464950a8fa7dabeddffa0794849f3d88131c18f0feb1c15e654,experiments/mirror_applications/ma-255-parameter-superposition-mirror/artifacts/payloads_a1/25520_2_generic_lowrank_r8_lr0.001_2.pt,0.5546216790098697,1600,512,524288
25520,2,generic_lowrank_r8_lr0.001,3,0.054680969566106796,4717,7bfd44afc0df4978fd2e26902780db02c51af1d57528e86207020a3a95c1068e,experiments/mirror_applications/ma-255-parameter-superposition-mirror/artifacts/payloads_a1/25520_2_generic_lowrank_r8_lr0.001_3.pt,0.5546216790098697,1600,512,524288
25520,2,generic_lowrank_r8_lr0.001,4,0.07694271951913834,4717,e5287ebf50ad9329122e5cfca6cb0fdfda9819ac1d2994ce5c122165064134da,experiments/mirror_applications/ma-255-parameter-superposition-mirror/artifacts/payloads_a1/25520_2_generic_lowrank_r8_lr0.001_4.pt,0.5546216790098697,1600,512,524288
25520,2,generic_lowrank_r8_lr0.001,5,0.06082213297486305,4781,755858fed1fadebbcb81760785c67a69457b8cd2670d4dea6839689a9e103f91,experiments/mirror_applications/ma-255-parameter-superposition-mirror/artifacts/payloads_a1/25520_2_generic_lowrank_r8_lr0.001_5.pt,0.5546216790098697,1600,512,524288
25520,2,generic_lowrank_r8_lr0.001,6,0.15126758813858032,4717,d0389e510e76db6e226f35b226830bc5b122ecda1515463d28bd518a47bef800,experiments/mirror_applications/ma-255-parameter-superposition-mirror/artifacts/payloads_a1/25520_2_generic_lowrank_r8_lr0.001_6.pt,0.5546216790098697,1600,512,524288
25520,2,generic_lowrank_r8_lr0.001,7,0.03922193497419357,4717,b954e020f116b7d8db23a51a448130a10b3f60b971b875b141af95aa16d17b5e,experiments/mirror_applications/ma-255-parameter-superposition-mirror/artifacts/payloads_a1/25520_2_generic_lowrank_r8_lr0.001_7.pt,0.5546216790098697,1600,512,524288
25520,2,generic_lowrank_r8_lr0.001,8,0.04120924323797226,4717,895ded325f714a518494038df946987aa93d7bb5d1120cd342f4c3566131d6c5,experiments/mirror_applications/ma-255-parameter-superposition-mirror/artifacts/payloads_a1/25520_2_generic_lowrank_r8_lr0.001_8.pt,0.5546216790098697,1600,512,524288
25520,2,generic_lowrank_r8_lr0.001,9,0.05383188650012016,4717,141e2563a8cfff5384208438bebf2980376f2249bc76d08bbe33d02bc0fcd03d,experiments/mirror_applications/ma-255-parameter-superposition-mirror/artifacts/payloads_a1/25520_2_generic_lowrank_r8_lr0.001_9.pt,0.5546216790098697,1600,512,524288
25520,2,generic_lowrank_r8_lr0.001,10,0.08083426207304001,4717,1abee468bc6070ebd89d95ca7bf6965b7bf435c097ce6ab130e94534cb0a97d2,experiments/mirror_applications/ma-255-parameter-superposition-mirror/artifacts/payloads_a1/25520_2_generic_lowrank_r8_lr0.001_10.pt,0.5546216790098697,1600,512,524288
25520,2,generic_lowrank_r8_lr0.001,11,0.05577242374420166,4717,bc244c594ee91fe4f6336d09a622902fe17f7aefe3522762b1f6d24cb1539908,experiments/mirror_applications/ma-255-parameter-superposition-mirror/artifacts/payloads_a1/25520_2_generic_lowrank_r8_lr0.001_11.pt,0.5546216790098697,1600,512,524288
25520,2,generic_lowrank_r8_lr0.001,12,0.03745625913143158,4717,70af477d3243de89fdb9ca535ffe4f5f34dff4aef3c05524aeee7b226590809a,experiments/mirror_applications/ma-255-parameter-superposition-mirror/artifacts/payloads_a1/25520_2_generic_lowrank_r8_lr0.001_12.pt,0.5546216790098697,1600,512,524288
25520,2,generic_lowrank_r8_lr0.001,13,0.0630396232008934,4717,133b052838768c10cd1ba0b5eba71ac54c0005b8b2bb7e3382b42cfd71ea7c65,experiments/mirror_applications/ma-255-parameter-superposition-mirror/artifacts/payloads_a1/25520_2_generic_lowrank_r8_lr0.001_13.pt,0.5546216790098697,1600,512,524288
25520,2,generic_lowrank_r8_lr0.001,14,0.12067712843418121,4717,0da01207d4d28f160780a4c132993a1166ec0c50489d86c1c0de4bbedd6b3606,experiments/mirror_applications/ma-255-parameter-superposition-mirror/artifacts/payloads_a1/25520_2_generic_lowrank_r8_lr0.001_14.pt,0.5546216790098697,1600,512,524288
25520,2,generic_lowrank_r8_lr0.001,15,0.06053607165813446,4781,11b19e6d5390a86c4626e7fb5eaa71954df164238997866ddbaab47f8f59032a,experiments/mirror_applications/ma-255-parameter-superposition-mirror/artifacts/payloads_a1/25520_2_generic_lowrank_r8_lr0.001_15.pt,0.5546216790098697,1600,512,524288
25520,2,mirror_r8_lr0.01,0,0.07126875966787338,4781,a131783e2399e097ebf794173fcf17b87235f5e5dc74e9d78da37b63003f3155,experiments/mirror_applications/ma-255-parameter-superposition-mirror/artifacts/payloads_a1/25520_2_mirror_r8_lr0.01_0.pt,0.5320419130002847,1600,512,524288
25520,2,mirror_r8_lr0.01,1,0.07329926639795303,4781,28ca06a46894c655ec08d57c097961d929431077742f3f4cbfc93d09f9107313,experiments/mirror_applications/ma-255-parameter-superposition-mirror/artifacts/payloads_a1/25520_2_mirror_r8_lr0.01_1.pt,0.5320419130002847,1600,512,524288
25520,2,mirror_r8_lr0.01,2,0.046960681676864624,4781,787e5caa7fe1f3af2f6171211bfe94cbfa0a3283afb81d1e3df5a12f7a2c0240,experiments/mirror_applications/ma-255-parameter-superposition-mirror/artifacts/payloads_a1/25520_2_mirror_r8_lr0.01_2.pt,0.5320419130002847,1600,512,524288
25520,2,mirror_r8_lr0.01,3,0.054658934473991394,4781,abcef84f9d5c051083cb2a83113bb0b7796d5359447ccad9aab74679b0ee48ca,experiments/mirror_applications/ma-255-parameter-superposition-mirror/artifacts/payloads_a1/25520_2_mirror_r8_lr0.01_3.pt,0.5320419130002847,1600,512,524288
25520,2,mirror_r8_lr0.01,4,0.07702159881591797,4781,2360409846898d44d1d1772783ef970bca2473b26107c12a469c56d0837ab022,experiments/mirror_applications/ma-255-parameter-superposition-mirror/artifacts/payloads_a1/25520_2_mirror_r8_lr0.01_4.pt,0.5320419130002847,1600,512,524288
25520,2,mirror_r8_lr0.01,5,0.060453906655311584,4781,7e724e855ab11abfeca6907fba6dfa31719d77de98ff1735621aeea41a5817ac,experiments/mirror_applications/ma-255-parameter-superposition-mirror/artifacts/payloads_a1/25520_2_mirror_r8_lr0.01_5.pt,0.5320419130002847,1600,512,524288
25520,2,mirror_r8_lr0.01,6,0.15134069323539734,4781,07c9e3beb6ee876d1c081bbf3873819542c042977618b9b104f37a7adcc7e154,experiments/mirror_applications/ma-255-parameter-superposition-mirror/artifacts/payloads_a1/25520_2_mirror_r8_lr0.01_6.pt,0.5320419130002847,1600,512,524288
25520,2,mirror_r8_lr0.01,7,0.039404068142175674,4781,6d7695c971a97cb1b925afcbbcadc11e56671bf132221dea57fac2636befa7f3,experiments/mirror_applications/ma-255-parameter-superposition-mirror/artifacts/payloads_a1/25520_2_mirror_r8_lr0.01_7.pt,0.5320419130002847,1600,512,524288
25520,2,mirror_r8_lr0.01,8,0.04122589901089668,4781,92a35b8bd09545433337de03f0b1ea297a3d3636841b8a1a12f4fc06112b92e9,experiments/mirror_applications/ma-255-parameter-superposition-mirror/artifacts/payloads_a1/25520_2_mirror_r8_lr0.01_8.pt,0.5320419130002847,1600,512,524288
25520,2,mirror_r8_lr0.01,9,0.05383465439081192,4781,46aac9b70f0b2828ed479555f1762703aa8903e253282f2ce094be4d4206a98b,experiments/mirror_applications/ma-255-parameter-superposition-mirror/artifacts/payloads_a1/25520_2_mirror_r8_lr0.01_9.pt,0.5320419130002847,1600,512,524288
25520,2,mirror_r8_lr0.01,10,0.08069829642772675,4781,8abe3e66520cb6bb32414a5797ebdae06ecd2d87d145894e7874ba050e30c8ea,experiments/mirror_applications/ma-255-parameter-superposition-mirror/artifacts/payloads_a1/25520_2_mirror_r8_lr0.01_10.pt,0.5320419130002847,1600,512,524288
25520,2,mirror_r8_lr0.01,11,0.055743031203746796,4781,81a7a7b40b82199365016558513e99424726fa020e8b14b738a7117645095937,experiments/mirror_applications/ma-255-parameter-superposition-mirror/artifacts/payloads_a1/25520_2_mirror_r8_lr0.01_11.pt,0.5320419130002847,1600,512,524288
25520,2,mirror_r8_lr0.01,12,0.03744104132056236,4781,da0269cc630f444fb391aa78f7f3062ac7721417dc7db14dd8d798b61a2476fa,experiments/mirror_applications/ma-255-parameter-superposition-mirror/artifacts/payloads_a1/25520_2_mirror_r8_lr0.01_12.pt,0.5320419130002847,1600,512,524288
25520,2,mirror_r8_lr0.01,13,0.06321728974580765,4781,0843b1d6e4177099eb840f780453e070b7ce0b4c9ff7efc69e1bed485ca30072,experiments/mirror_applications/ma-255-parameter-superposition-mirror/artifacts/payloads_a1/25520_2_mirror_r8_lr0.01_13.pt,0.5320419130002847,1600,512,524288
25520,2,mirror_r8_lr0.01,14,0.12062763422727585,4781,e60bb6a55bc521d52894706fd8a654f8e1f28430e2ccfdb64d4643391655a8d1,experiments/mirror_applications/ma-255-parameter-superposition-mirror/artifacts/payloads_a1/25520_2_mirror_r8_lr0.01_14.pt,0.5320419130002847,1600,512,524288
25520,2,mirror_r8_lr0.01,15,0.060540128499269485,4781,b892dfe75e9bba12a7041429f0eda17f862101b7a4272f752506e0c5e4e912ee,experiments/mirror_applications/ma-255-parameter-superposition-mirror/artifacts/payloads_a1/25520_2_mirror_r8_lr0.01_15.pt,0.5320419130002847,1600,512,524288
25520,2,generic_lowrank_r8_lr0.01,0,0.07126875966787338,4781,df67c9a8d53cd32e12f84013ce98fb23ea1cb364f9173e3587e4654340b4229f,experiments/mirror_applications/ma-255-parameter-superposition-mirror/artifacts/payloads_a1/25520_2_generic_lowrank_r8_lr0.01_0.pt,0.5320419130002847,1600,512,524288
25520,2,generic_lowrank_r8_lr0.01,1,0.07329926639795303,4781,6fecb61b169da28bef113314b1d9da232e6951884cedfe48a8faa9a67157e7c8,experiments/mirror_applications/ma-255-parameter-superposition-mirror/artifacts/payloads_a1/25520_2_generic_lowrank_r8_lr0.01_1.pt,0.5320419130002847,1600,512,524288
25520,2,generic_lowrank_r8_lr0.01,2,0.046960681676864624,4781,a22d9b259c3c4bb213965f1a8ff5e6737867959c255cb0da286c0c7ea1503620,experiments/mirror_applications/ma-255-parameter-superposition-mirror/artifacts/payloads_a1/25520_2_generic_lowrank_r8_lr0.01_2.pt,0.5320419130002847,1600,512,524288
25520,2,generic_lowrank_r8_lr0.01,3,0.054658934473991394,4781,a740d440e29334463a9b3d1f130a61b8f20489c791665dd168615d951512b387,experiments/mirror_applications/ma-255-parameter-superposition-mirror/artifacts/payloads_a1/25520_2_generic_lowrank_r8_lr0.01_3.pt,0.5320419130002847,1600,512,524288
25520,2,generic_lowrank_r8_lr0.01,4,0.07702159881591797,4781,d90cb12f1e960c193eebbbb823add01ff943ab689364dd666c948d4f019f6441,experiments/mirror_applications/ma-255-parameter-superposition-mirror/artifacts/payloads_a1/25520_2_generic_lowrank_r8_lr0.01_4.pt,0.5320419130002847,1600,512,524288
25520,2,generic_lowrank_r8_lr0.01,5,0.060453906655311584,4717,b120b383f7eb9e03ca9285fa5519c958106e0e5a333fdf05906cb5a946e89304,experiments/mirror_applications/ma-255-parameter-superposition-mirror/artifacts/payloads_a1/25520_2_generic_lowrank_r8_lr0.01_5.pt,0.5320419130002847,1600,512,524288
25520,2,generic_lowrank_r8_lr0.01,6,0.15134069323539734,4781,9c7c6a952883f2590816ce67bd743f45947730ab3c7a66366de3fc58127d28bc,experiments/mirror_applications/ma-255-parameter-superposition-mirror/artifacts/payloads_a1/25520_2_generic_lowrank_r8_lr0.01_6.pt,0.5320419130002847,1600,512,524288
25520,2,generic_lowrank_r8_lr0.01,7,0.039404068142175674,4781,c9ac12d2e50baf9b2dc71f02c9bbbcdab77e3acd97c22ccc40c9f2afdccb3af0,experiments/mirror_applications/ma-255-parameter-superposition-mirror/artifacts/payloads_a1/25520_2_generic_lowrank_r8_lr0.01_7.pt,0.5320419130002847,1600,512,524288
25520,2,generic_lowrank_r8_lr0.01,8,0.04122589901089668,4781,ca394117d64fae6669c8b78c5bd0879377e4d7c0c8d438bc206f0a0d5f82a30a,experiments/mirror_applications/ma-255-parameter-superposition-mirror/artifacts/payloads_a1/25520_2_generic_lowrank_r8_lr0.01_8.pt,0.5320419130002847,1600,512,524288
25520,2,generic_lowrank_r8_lr0.01,9,0.05383465439081192,4781,4e02537482fc39b8635d3d0f98ad2639353dbcf4d809f74105af41b8195e7b24,experiments/mirror_applications/ma-255-parameter-superposition-mirror/artifacts/payloads_a1/25520_2_generic_lowrank_r8_lr0.01_9.pt,0.5320419130002847,1600,512,524288
25520,2,generic_lowrank_r8_lr0.01,10,0.08069829642772675,4781,3bce230a6ae007a00820c9d7915fe111e4144df07c164760d4b0bb13c7cdc800,experiments/mirror_applications/ma-255-parameter-superposition-mirror/artifacts/payloads_a1/25520_2_generic_lowrank_r8_lr0.01_10.pt,0.5320419130002847,1600,512,524288
25520,2,generic_lowrank_r8_lr0.01,11,0.055743031203746796,4781,ac76c10fc3402337ef2bd32e5b63cb1de2f1e21a941dc57650ae861a53558d45,experiments/mirror_applications/ma-255-parameter-superposition-mirror/artifacts/payloads_a1/25520_2_generic_lowrank_r8_lr0.01_11.pt,0.5320419130002847,1600,512,524288
25520,2,generic_lowrank_r8_lr0.01,12,0.03744104132056236,4781,859da802e80ba74b981b26933d5f917d6c6ee3aac18040580c8f171ea26397a0,experiments/mirror_applications/ma-255-parameter-superposition-mirror/artifacts/payloads_a1/25520_2_generic_lowrank_r8_lr0.01_12.pt,0.5320419130002847,1600,512,524288
25520,2,generic_lowrank_r8_lr0.01,13,0.06321728974580765,4781,e637e03791ecd8672dfe2479c1f0eec586eee4ef86af9ef36e96fa48eca602c2,experiments/mirror_applications/ma-255-parameter-superposition-mirror/artifacts/payloads_a1/25520_2_generic_lowrank_r8_lr0.01_13.pt,0.5320419130002847,1600,512,524288
25520,2,generic_lowrank_r8_lr0.01,14,0.12062763422727585,4781,b2405057be3c4b2b9237f6cecc82c68e9e91ab5220c068b3046ae83514bfbecd,experiments/mirror_applications/ma-255-parameter-superposition-mirror/artifacts/payloads_a1/25520_2_generic_lowrank_r8_lr0.01_14.pt,0.5320419130002847,1600,512,524288
25520,2,generic_lowrank_r8_lr0.01,15,0.060540128499269485,4781,ba8a083b7689db58d15bd67ce3059d159da07bc1707fe8d34722bffe330822a9,experiments/mirror_applications/ma-255-parameter-superposition-mirror/artifacts/payloads_a1/25520_2_generic_lowrank_r8_lr0.01_15.pt,0.5320419130002847,1600,512,524288
25520,2,mirror_r8_lr0.03,0,0.07126876711845398,4717,e2707937a6bb5d45e3527d65d93203aae813d4f3e544491a02caec5f2454e9cc,experiments/mirror_applications/ma-255-parameter-superposition-mirror/artifacts/payloads_a1/25520_2_mirror_r8_lr0.03_0.pt,0.6708217159903143,1600,512,524288
25520,2,mirror_r8_lr0.03,1,0.07329928874969482,4717,b988177752c9ec43e5770771ee5a648d4761bb23d5453f8734a55a1334b87d7a,experiments/mirror_applications/ma-255-parameter-superposition-mirror/artifacts/payloads_a1/25520_2_mirror_r8_lr0.03_1.pt,0.6708217159903143,1600,512,524288
25520,2,mirror_r8_lr0.03,2,0.04696067422628403,4781,d666e99d2719b9d68ef518ab89195a75b29f9f284ebde44840fa3efac84653f3,experiments/mirror_applications/ma-255-parameter-superposition-mirror/artifacts/payloads_a1/25520_2_mirror_r8_lr0.03_2.pt,0.6708217159903143,1600,512,524288
25520,2,mirror_r8_lr0.03,3,0.05465894564986229,4717,7c6e78a2ded0b95ed72e78fa355cfda46bda924a62786a5a1185cc485ba86250,experiments/mirror_applications/ma-255-parameter-superposition-mirror/artifacts/payloads_a1/25520_2_mirror_r8_lr0.03_3.pt,0.6708217159903143,1600,512,524288
25520,2,mirror_r8_lr0.03,4,0.07702159881591797,4781,b2373fdb571f1cee5431b97c3f97047599c44e34eb606bd81abc9e474a6b3eeb,experiments/mirror_applications/ma-255-parameter-superposition-mirror/artifacts/payloads_a1/25520_2_mirror_r8_lr0.03_4.pt,0.6708217159903143,1600,512,524288
25520,2,mirror_r8_lr0.03,5,0.060453906655311584,4717,d22958c8bf1f79c2f97f6aedd5157573cd01bca3382eb9dedc39bba2bb5b2ff1,experiments/mirror_applications/ma-255-parameter-superposition-mirror/artifacts/payloads_a1/25520_2_mirror_r8_lr0.03_5.pt,0.6708217159903143,1600,512,524288
25520,2,mirror_r8_lr0.03,6,0.15134067833423615,4717,857a4aeb27e8fc2369f85f14e9470cd5d2acf07f015543e69b3c76e8297ae4ff,experiments/mirror_applications/ma-255-parameter-superposition-mirror/artifacts/payloads_a1/25520_2_mirror_r8_lr0.03_6.pt,0.6708217159903143,1600,512,524288
25520,2,mirror_r8_lr0.03,7,0.03940406069159508,4717,34fdf16d80836226f54a978418fd6f1719340bc03b292e66d69d443637dc11c9,experiments/mirror_applications/ma-255-parameter-superposition-mirror/artifacts/payloads_a1/25520_2_mirror_r8_lr0.03_7.pt,0.6708217159903143,1600,512,524288
25520,2,mirror_r8_lr0.03,8,0.04122588410973549,4717,4cf5dd6d8413202270a316e889776303f62667d0ad1b7e7008d7cf10e02789e1,experiments/mirror_applications/ma-255-parameter-superposition-mirror/artifacts/payloads_a1/25520_2_mirror_r8_lr0.03_8.pt,0.6708217159903143,1600,512,524288
25520,2,mirror_r8_lr0.03,9,0.05383467301726341,4717,e3455dc982e03277fc0f0526e7632fecbf9e94faf9d7b6b672e18835777e0929,experiments/mirror_applications/ma-255-parameter-superposition-mirror/artifacts/payloads_a1/25520_2_mirror_r8_lr0.03_9.pt,0.6708217159903143,1600,512,524288
25520,2,mirror_r8_lr0.03,10,0.08069827407598495,4717,a970c014698b71e022400dd5f50cdbf7c34cbfcfb9f0f2477c071e5bf0c37eca,experiments/mirror_applications/ma-255-parameter-superposition-mirror/artifacts/payloads_a1/25520_2_mirror_r8_lr0.03_10.pt,0.6708217159903143,1600,512,524288
25520,2,mirror_r8_lr0.03,11,0.0557430200278759,4717,757dd9cab9a920bb63c85a5e5bbd919f7bee12ea79d8db7ee640c1e97aa2f0b3,experiments/mirror_applications/ma-255-parameter-superposition-mirror/artifacts/payloads_a1/25520_2_mirror_r8_lr0.03_11.pt,0.6708217159903143,1600,512,524288
25520,2,mirror_r8_lr0.03,12,0.037441037595272064,4781,e32eedc4d2ce0d39a61a036cf412475cbb06c62ecb1da577c0c85a84e3e2c8ad,experiments/mirror_applications/ma-255-parameter-superposition-mirror/artifacts/payloads_a1/25520_2_mirror_r8_lr0.03_12.pt,0.6708217159903143,1600,512,524288
25520,2,mirror_r8_lr0.03,13,0.06321727484464645,4717,9e17c63fc7a41a4a31de91a95627475a604a8a5417f64bf170d806d726310356,experiments/mirror_applications/ma-255-parameter-superposition-mirror/artifacts/payloads_a1/25520_2_mirror_r8_lr0.03_13.pt,0.6708217159903143,1600,512,524288
25520,2,mirror_r8_lr0.03,14,0.12062762677669525,4717,636464968fcfc464f30faed0e66193255cee54e2d8987430b6a573e10edbef15,experiments/mirror_applications/ma-255-parameter-superposition-mirror/artifacts/payloads_a1/25520_2_mirror_r8_lr0.03_14.pt,0.6708217159903143,1600,512,524288
25520,2,mirror_r8_lr0.03,15,0.060540128499269485,4717,b2f6557441c7cbd5a7a35b91e63d18471e9293917cc9f0c50152b89b0dfa63bb,experiments/mirror_applications/ma-255-parameter-superposition-mirror/artifacts/payloads_a1/25520_2_mirror_r8_lr0.03_15.pt,0.6708217159903143,1600,512,524288
25520,2,generic_lowrank_r8_lr0.03,0,0.07126876711845398,4717,ba0b3659cf6a484f410df241fdb8792128cf9c7b85e3a9f45c7d1d7ce9746cf6,experiments/mirror_applications/ma-255-parameter-superposition-mirror/artifacts/payloads_a1/25520_2_generic_lowrank_r8_lr0.03_0.pt,0.6708217159903143,1600,512,524288
25520,2,generic_lowrank_r8_lr0.03,1,0.07329928874969482,4717,896b6096b72f8676a301c1e79d0e55520ab53c85dfa5cf0ed73d099a17d87d07,experiments/mirror_applications/ma-255-parameter-superposition-mirror/artifacts/payloads_a1/25520_2_generic_lowrank_r8_lr0.03_1.pt,0.6708217159903143,1600,512,524288
25520,2,generic_lowrank_r8_lr0.03,2,0.04696067422628403,4717,940bb503df6ad32ab7ae9526aa181d117eebf7bad8d3e1874b02b44112c4c1d3,experiments/mirror_applications/ma-255-parameter-superposition-mirror/artifacts/payloads_a1/25520_2_generic_lowrank_r8_lr0.03_2.pt,0.6708217159903143,1600,512,524288
25520,2,generic_lowrank_r8_lr0.03,3,0.05465894564986229,4717,84a222bfe962528fd19e971709cb77bfff7d505d5e4f72dceb76f7f3c22ee36e,experiments/mirror_applications/ma-255-parameter-superposition-mirror/artifacts/payloads_a1/25520_2_generic_lowrank_r8_lr0.03_3.pt,0.6708217159903143,1600,512,524288
25520,2,generic_lowrank_r8_lr0.03,4,0.07702159881591797,4781,fea21320901d7d26191d95cfc9caac0e3a32c0dccc1a2d76f4cee8e710ecc669,experiments/mirror_applications/ma-255-parameter-superposition-mirror/artifacts/payloads_a1/25520_2_generic_lowrank_r8_lr0.03_4.pt,0.6708217159903143,1600,512,524288
25520,2,generic_lowrank_r8_lr0.03,5,0.060453906655311584,4717,ecd40b385c896514f542fce7a80c099a7c68daf8184859475b22b7090e405a9a,experiments/mirror_applications/ma-255-parameter-superposition-mirror/artifacts/payloads_a1/25520_2_generic_lowrank_r8_lr0.03_5.pt,0.6708217159903143,1600,512,524288
25520,2,generic_lowrank_r8_lr0.03,6,0.15134067833423615,4717,ffcede10c0acff9490bd0fc4dadab54f1d2e6c45ea5cfc8bb4a88e762651670b,experiments/mirror_applications/ma-255-parameter-superposition-mirror/artifacts/payloads_a1/25520_2_generic_lowrank_r8_lr0.03_6.pt,0.6708217159903143,1600,512,524288
25520,2,generic_lowrank_r8_lr0.03,7,0.03940406069159508,4717,621805ec51e7e88fc05bac1426786b9b775bb00eccf658de773b99438e47cfb8,experiments/mirror_applications/ma-255-parameter-superposition-mirror/artifacts/payloads_a1/25520_2_generic_lowrank_r8_lr0.03_7.pt,0.6708217159903143,1600,512,524288
25520,2,generic_lowrank_r8_lr0.03,8,0.04122588410973549,4717,2951e9a37e09fbb7f0ea56af1773f63fd95e6e6b6a16579f3df24ccb88ede19d,experiments/mirror_applications/ma-255-parameter-superposition-mirror/artifacts/payloads_a1/25520_2_generic_lowrank_r8_lr0.03_8.pt,0.6708217159903143,1600,512,524288
25520,2,generic_lowrank_r8_lr0.03,9,0.05383467301726341,4717,2545f78eb5fdc348ce92c59a2131924c9936906007e70fa6495f638aabcba07c,experiments/mirror_applications/ma-255-parameter-superposition-mirror/artifacts/payloads_a1/25520_2_generic_lowrank_r8_lr0.03_9.pt,0.6708217159903143,1600,512,524288
25520,2,generic_lowrank_r8_lr0.03,10,0.08069827407598495,4717,627d48387c4c149b10be943432abd1987c315dfb3a2a9c3ded6bf5804df10d9d,experiments/mirror_applications/ma-255-parameter-superposition-mirror/artifacts/payloads_a1/25520_2_generic_lowrank_r8_lr0.03_10.pt,0.6708217159903143,1600,512,524288
25520,2,generic_lowrank_r8_lr0.03,11,0.0557430200278759,4781,068a7c887a905ffcacb1f8ec7c209c441f87d5d088fed2ddaf44fe47dc19356d,experiments/mirror_applications/ma-255-parameter-superposition-mirror/artifacts/payloads_a1/25520_2_generic_lowrank_r8_lr0.03_11.pt,0.6708217159903143,1600,512,524288
25520,2,generic_lowrank_r8_lr0.03,12,0.037441037595272064,4781,0932e0af1e30541f3cd6c9d09b82c605368a722def1e20b38f58111135182044,experiments/mirror_applications/ma-255-parameter-superposition-mirror/artifacts/payloads_a1/25520_2_generic_lowrank_r8_lr0.03_12.pt,0.6708217159903143,1600,512,524288
25520,2,generic_lowrank_r8_lr0.03,13,0.06321727484464645,4717,0b0fb610f634ddb861fa4811f330681b7ec6725d1d5ab2910d20452878ff1f40,experiments/mirror_applications/ma-255-parameter-superposition-mirror/artifacts/payloads_a1/25520_2_generic_lowrank_r8_lr0.03_13.pt,0.6708217159903143,1600,512,524288
25520,2,generic_lowrank_r8_lr0.03,14,0.12062762677669525,4717,4e9ca6cf0a41626b8f5c06e8364db96a8749871b6acf9f94ab134d14dd9d2c00,experiments/mirror_applications/ma-255-parameter-superposition-mirror/artifacts/payloads_a1/25520_2_generic_lowrank_r8_lr0.03_14.pt,0.6708217159903143,1600,512,524288
25520,2,generic_lowrank_r8_lr0.03,15,0.060540128499269485,4717,eb582670899e7d6258451e935c91ada6ec440ff2af4dbe9bb62195e8c24b58fd,experiments/mirror_applications/ma-255-parameter-superposition-mirror/artifacts/payloads_a1/25520_2_generic_lowrank_r8_lr0.03_15.pt,0.6708217159903143,1600,512,524288
25521,0,psp,0,0.5553171634674072,12133,c3468c01bfa936d980f3277a461666b9f30049fae1dfa7cad485abdbb9111134,experiments/mirror_applications/ma-255-parameter-superposition-mirror/artifacts/payloads_a1/25521_0_psp_0.pt,0.0,0,512,32768
25521,0,psp,1,0.58844393491745,12133,5b3719ed1e45388c41afdee04b41ede680b545c2abdaaa66b615685d977fcde8,experiments/mirror_applications/ma-255-parameter-superposition-mirror/artifacts/payloads_a1/25521_0_psp_1.pt,0.0,0,512,32768
25521,0,psp,2,0.4539346992969513,12133,a880e92584ba612a2ea8b7bbe5bff98d6b5811d30445ed873ae02eb381d9b91a,experiments/mirror_applications/ma-255-parameter-superposition-mirror/artifacts/payloads_a1/25521_0_psp_2.pt,0.0,0,512,32768
25521,0,psp,3,0.3067198395729065,12133,7810d8cbf0d8a5cb7fb910c3f3f70286ff7a9e88ee2e151314bacf86c5914c05,experiments/mirror_applications/ma-255-parameter-superposition-mirror/artifacts/payloads_a1/25521_0_psp_3.pt,0.0,0,512,32768
25521,0,psp,4,1.1994385719299316,12133,727496fefeefe429cb6b3c021e7ed049d5fa5cb0cdff1d0fbd1455fd843b68e9,experiments/mirror_applications/ma-255-parameter-superposition-mirror/artifacts/payloads_a1/25521_0_psp_4.pt,0.0,0,512,32768
25521,0,psp,5,0.35977625846862793,12133,59f9cf43f76153cf030c5a6ab9f41eef30d91161a5f9c6f0f813ac9dccc99d81,experiments/mirror_applications/ma-255-parameter-superposition-mirror/artifacts/payloads_a1/25521_0_psp_5.pt,0.0,0,512,32768
25521,0,psp,6,1.2785366773605347,12133,72db5d05a2d94cf5685814723d3920ec66a1637d415dc169f61c9c2bb02153e9,experiments/mirror_applications/ma-255-parameter-superposition-mirror/artifacts/payloads_a1/25521_0_psp_6.pt,0.0,0,512,32768
25521,0,psp,7,0.4663877487182617,12133,29f642b6223021e616802914178f0d025c286ae936b1706fd55eec63a2d65de1,experiments/mirror_applications/ma-255-parameter-superposition-mirror/artifacts/payloads_a1/25521_0_psp_7.pt,0.0,0,512,32768
25521,0,psp,8,0.5594537854194641,12133,6b6b57dbdfc291dba5f07632c1aa4a2c6d2de8626e01c9ddd1cdf63b00ed8aa4,experiments/mirror_applications/ma-255-parameter-superposition-mirror/artifacts/payloads_a1/25521_0_psp_8.pt,0.0,0,512,32768
25521,0,psp,9,0.12894384562969208,12133,32df662385a24a1bd134d88bfe111ef74d76c93129a6bd1d73d3f6e77b3b773f,experiments/mirror_applications/ma-255-parameter-superposition-mirror/artifacts/payloads_a1/25521_0_psp_9.pt,0.0,0,512,32768
25521,0,psp,10,0.34071019291877747,12133,9ae136a0d848e00ab77050f4a112d32945afd16565a823735a8b57962fcd43f1,experiments/mirror_applications/ma-255-parameter-superposition-mirror/artifacts/payloads_a1/25521_0_psp_10.pt,0.0,0,512,32768
25521,0,psp,11,0.30359160900115967,12133,9af86816249e04ec631cbd1cbe5615d5a3f72a92489779bb17c71121e70533d5,experiments/mirror_applications/ma-255-parameter-superposition-mirror/artifacts/payloads_a1/25521_0_psp_11.pt,0.0,0,512,32768
25521,0,psp,12,0.3887726664543152,12133,5b02a5eb07b06867d478c84dff9063503d8934a24662264f807ca46deed5da60,experiments/mirror_applications/ma-255-parameter-superposition-mirror/artifacts/payloads_a1/25521_0_psp_12.pt,0.0,0,512,32768
25521,0,psp,13,0.5009363293647766,12133,d9d4d93553805fafca1cc87f72cc1f0632a41497d3f7f349d0e9e4b75942793f,experiments/mirror_applications/ma-255-parameter-superposition-mirror/artifacts/payloads_a1/25521_0_psp_13.pt,0.0,0,512,32768
25521,0,psp,14,0.4341643750667572,12133,fe5da843987688200a0f42e32d791da3dfc20837e15be89e0cbcda487b55d1c4,experiments/mirror_applications/ma-255-parameter-superposition-mirror/artifacts/payloads_a1/25521_0_psp_14.pt,0.0,0,512,32768
25521,0,psp,15,0.2542933523654938,12133,738276eda3276c363b76cf0955c5e3c11adfc6e4a34a046d0cf2296ff86a858f,experiments/mirror_applications/ma-255-parameter-superposition-mirror/artifacts/payloads_a1/25521_0_psp_15.pt,0.0,0,512,32768
25521,0,shared,0,1.0807641744613647,3245,a6e4c0f33759cbe43798b6a7e5df937f1103d89827381b5180131b87faaf1a86,experiments/mirror_applications/ma-255-parameter-superposition-mirror/artifacts/payloads_a1/25521_0_shared_0.pt,0.0,0,512,32768
25521,0,shared,1,1.0100997686386108,3245,73ccb3c9fb76c8a9c4c4348d9082c3f45e9ed747305b94d724f84e70a10089c6,experiments/mirror_applications/ma-255-parameter-superposition-mirror/artifacts/payloads_a1/25521_0_shared_1.pt,0.0,0,512,32768
25521,0,shared,2,0.9784247875213623,3245,b5b8e5210668c71bee4cdca93bee22e8a0a64b843fa7eecc9f6642a4274d9284,experiments/mirror_applications/ma-255-parameter-superposition-mirror/artifacts/payloads_a1/25521_0_shared_2.pt,0.0,0,512,32768
25521,0,shared,3,0.9024128317832947,3245,60ad1d810b110cda7d9fc0bcef097ed324987ef284f6cca98aaed84683281192,experiments/mirror_applications/ma-255-parameter-superposition-mirror/artifacts/payloads_a1/25521_0_shared_3.pt,0.0,0,512,32768
25521,0,shared,4,0.8823367357254028,3245,ac6acb1e3ea2b8e8a6d17eab4e001ebd0530cc9a97d5fcced4c0326a1c24c109,experiments/mirror_applications/ma-255-parameter-superposition-mirror/artifacts/payloads_a1/25521_0_shared_4.pt,0.0,0,512,32768
25521,0,shared,5,0.9939767718315125,3245,041556b521f28732ec4be7b65e299fd4441a421c2c9ca926294dd7a484a9f776,experiments/mirror_applications/ma-255-parameter-superposition-mirror/artifacts/payloads_a1/25521_0_shared_5.pt,0.0,0,512,32768
25521,0,shared,6,0.811149001121521,3245,89f1761454d110fa3601981c823abd0771549529c2bee6ad8d3a9fcbc3adbe8c,experiments/mirror_applications/ma-255-parameter-superposition-mirror/artifacts/payloads_a1/25521_0_shared_6.pt,0.0,0,512,32768
25521,0,shared,7,1.0814300775527954,3245,cb08262542a510934ca3a2cab168cd921f6e0e9e19750224044b067c45566a80,experiments/mirror_applications/ma-255-parameter-superposition-mirror/artifacts/payloads_a1/25521_0_shared_7.pt,0.0,0,512,32768
25521,0,shared,8,1.084661841392517,3245,db32f1e449bdcc4227a5a39d1841d4fd79c51d095658c6b1d2f9944c48837d57,experiments/mirror_applications/ma-255-parameter-superposition-mirror/artifacts/payloads_a1/25521_0_shared_8.pt,0.0,0,512,32768
25521,0,shared,9,0.9593188762664795,3245,2585d280ef0c017da357549dc0c8ecec107e9a8266cb8cc11373495b53888cd7,experiments/mirror_applications/ma-255-parameter-superposition-mirror/artifacts/payloads_a1/25521_0_shared_9.pt,0.0,0,512,32768
25521,0,shared,10,1.011597752571106,3245,cd4430cb0eb849f739fb980e287061071820e90d1d694502f3d10e39548be94a,experiments/mirror_applications/ma-255-parameter-superposition-mirror/artifacts/payloads_a1/25521_0_shared_10.pt,0.0,0,512,32768
25521,0,shared,11,0.9438027739524841,3245,a95adb364c0cb3c650b012bcd721af50bba8ed735576bb23e5029b5c18e87863,experiments/mirror_applications/ma-255-parameter-superposition-mirror/artifacts/payloads_a1/25521_0_shared_11.pt,0.0,0,512,32768
25521,0,shared,12,1.0565897226333618,3245,17bb1ae9b37710f3bf10247bc4a74f211ffa57f66ae51cd9ee28cadb7878578b,experiments/mirror_applications/ma-255-parameter-superposition-mirror/artifacts/payloads_a1/25521_0_shared_12.pt,0.0,0,512,32768
25521,0,shared,13,0.9109506011009216,3245,543661b7759b2fc0cb0525228cac2add94cebef7a5a030317505ae9405646cd5,experiments/mirror_applications/ma-255-parameter-superposition-mirror/artifacts/payloads_a1/25521_0_shared_13.pt,0.0,0,512,32768
25521,0,shared,14,1.0375556945800781,3245,91fda458ff8e86ef49670213cdd713294cc2d9ceb7436ce97ecc17d0ec14feb4,experiments/mirror_applications/ma-255-parameter-superposition-mirror/artifacts/payloads_a1/25521_0_shared_14.pt,0.0,0,512,32768
25521,0,shared,15,0.9921146035194397,3245,78da72d08da7fcc2c81e95373fb1394d82b49f60d6fdc7ba5b75cccb5b2cff26,experiments/mirror_applications/ma-255-parameter-superposition-mirror/artifacts/payloads_a1/25521_0_shared_15.pt,0.0,0,512,32768
25521,0,independent,0,0.0,3245,e3977d48e22bdaae971661bc82979bc280b1d4475ae63fd195f19baffa060920,experiments/mirror_applications/ma-255-parameter-superposition-mirror/artifacts/payloads_a1/25521_0_independent_0.pt,0.0,0,512,32768
25521,0,independent,1,0.0,3245,67542c0d6ae318f6764f477f7a33f1ef1060c3e597720ffdfd5b90f07e5c6196,experiments/mirror_applications/ma-255-parameter-superposition-mirror/artifacts/payloads_a1/25521_0_independent_1.pt,0.0,0,512,32768
25521,0,independent,2,0.0,3245,0dfad27086afb5a5135a4be560b911054f3ffda014c4384f31a77f27b982a772,experiments/mirror_applications/ma-255-parameter-superposition-mirror/artifacts/payloads_a1/25521_0_independent_2.pt,0.0,0,512,32768
25521,0,independent,3,0.0,3245,e1e1a2c76fe20643a80cf8800ce55c719bee67d3c1e9c64e93d56acdb51609a4,experiments/mirror_applications/ma-255-parameter-superposition-mirror/artifacts/payloads_a1/25521_0_independent_3.pt,0.0,0,512,32768
25521,0,independent,4,0.0,3245,9dd66d41f764b41f1361576181a074ac43f4a9c374966f140f4c4fdd346ddb12,experiments/mirror_applications/ma-255-parameter-superposition-mirror/artifacts/payloads_a1/25521_0_independent_4.pt,0.0,0,512,32768
25521,0,independent,5,0.0,3245,65b891886b7d09fe8334c34d1ea037373346a004950d30ce813e13b0db2ab01b,experiments/mirror_applications/ma-255-parameter-superposition-mirror/artifacts/payloads_a1/25521_0_independent_5.pt,0.0,0,512,32768
25521,0,independent,6,0.0,3245,371df9e15671b2e9008f4c782276365b7fa47b2dd8cd98b6dd755024a6805a4d,experiments/mirror_applications/ma-255-parameter-superposition-mirror/artifacts/payloads_a1/25521_0_independent_6.pt,0.0,0,512,32768
25521,0,independent,7,0.0,3245,2f0f9b72db69795da97a99e0e872a8081afa379feedf83108eaefdaa982510bd,experiments/mirror_applications/ma-255-parameter-superposition-mirror/artifacts/payloads_a1/25521_0_independent_7.pt,0.0,0,512,32768
25521,0,independent,8,0.0,3245,102afbbfca1a3ef05b79460dddff63f7111ade94cf8cbe6fc9b9fc76dad18e64,experiments/mirror_applications/ma-255-parameter-superposition-mirror/artifacts/payloads_a1/25521_0_independent_8.pt,0.0,0,512,32768
25521,0,independent,9,0.0,3245,04f2311b771a29a58742f2dd2ef9ca0dd78702585ebbef404fd784d9a687da2f,experiments/mirror_applications/ma-255-parameter-superposition-mirror/artifacts/payloads_a1/25521_0_independent_9.pt,0.0,0,512,32768
25521,0,independent,10,0.0,3245,a705e563eded649ea5ff76e6c2562bdbebaf4a983600c1f98dd18d14f1789661,experiments/mirror_applications/ma-255-parameter-superposition-mirror/artifacts/payloads_a1/25521_0_independent_10.pt,0.0,0,512,32768
25521,0,independent,11,0.0,3245,ad8da9f9d7806355581d8dfa30e7ca3afd44666d492125e0efd82ef0444726a6,experiments/mirror_applications/ma-255-parameter-superposition-mirror/artifacts/payloads_a1/25521_0_independent_11.pt,0.0,0,512,32768
25521,0,independent,12,0.0,3245,c0673cdaa22197ab2493f6c5898cd625cbf1ce4540f0abe7423b5daa379362bf,experiments/mirror_applications/ma-255-parameter-superposition-mirror/artifacts/payloads_a1/25521_0_independent_12.pt,0.0,0,512,32768
25521,0,independent,13,0.0,3245,5a5e56efd86584a6597cdc3fc67533f1335d6bc98c22596a51f6601383a6d835,experiments/mirror_applications/ma-255-parameter-superposition-mirror/artifacts/payloads_a1/25521_0_independent_13.pt,0.0,0,512,32768
25521,0,independent,14,0.0,3245,305c3ca3cb73f6794bc8043cf9c1ead48b922b95574d55bf92ced4a276d34fe1,experiments/mirror_applications/ma-255-parameter-superposition-mirror/artifacts/payloads_a1/25521_0_independent_14.pt,0.0,0,512,32768
25521,0,independent,15,0.0,3245,775cb21196d4dabcecc2a421e061253a1a50cebee24d82e9493f4e1e9b1d0c59,experiments/mirror_applications/ma-255-parameter-superposition-mirror/artifacts/payloads_a1/25521_0_independent_15.pt,0.0,0,512,32768
25521,0,mirror_r8_lr0.001,0,0.05773107334971428,4717,bd4a2fb935818d328060d1308cadeb14875769707e3b2c32c108f9d410492015,experiments/mirror_applications/ma-255-parameter-superposition-mirror/artifacts/payloads_a1/25521_0_mirror_r8_lr0.001_0.pt,0.6312826339999447,1600,512,524288
25521,0,mirror_r8_lr0.001,1,0.06994271278381348,4781,01aae8300777057083c7947d999f34852939c404f8e4e1f6d2f14578b88c41fb,experiments/mirror_applications/ma-255-parameter-superposition-mirror/artifacts/payloads_a1/25521_0_mirror_r8_lr0.001_1.pt,0.6312826339999447,1600,512,524288
25521,0,mirror_r8_lr0.001,2,0.047840140759944916,4781,2ca1ec636d84ccd0cca97b0b6b85a4fcdd59b139ebb41babc59972b006c8cb46,experiments/mirror_applications/ma-255-parameter-superposition-mirror/artifacts/payloads_a1/25521_0_mirror_r8_lr0.001_2.pt,0.6312826339999447,1600,512,524288
25521,0,mirror_r8_lr0.001,3,0.031296491622924805,4781,dfeeae41dcf355438c88cf1b4a12edd1a2397b4a18b637bd3448175986847abd,experiments/mirror_applications/ma-255-parameter-superposition-mirror/artifacts/payloads_a1/25521_0_mirror_r8_lr0.001_3.pt,0.6312826339999447,1600,512,524288
25521,0,mirror_r8_lr0.001,4,0.1782277226448059,4781,e9611a98491bddd438a876b824d1b37d662c104278838f0d05d5ad9e0f741fc9,experiments/mirror_applications/ma-255-parameter-superposition-mirror/artifacts/payloads_a1/25521_0_mirror_r8_lr0.001_4.pt,0.6312826339999447,1600,512,524288
25521,0,mirror_r8_lr0.001,5,0.13162115216255188,4781,dfddb87acd9912ad7e95b24e0a2c02340e15ba9d745ab7199d800bd30fd1e660,experiments/mirror_applications/ma-255-parameter-superposition-mirror/artifacts/payloads_a1/25521_0_mirror_r8_lr0.001_5.pt,0.6312826339999447,1600,512,524288
25521,0,mirror_r8_lr0.001,6,0.19687017798423767,4781,6a09d6a779974e52ece2a2e9d64a1a82ce4a0e009f6c235416181b6b60f1e30f,experiments/mirror_applications/ma-255-parameter-superposition-mirror/artifacts/payloads_a1/25521_0_mirror_r8_lr0.001_6.pt,0.6312826339999447,1600,512,524288
25521,0,mirror_r8_lr0.001,7,0.08516146242618561,4781,0e923353a4f531979f1fce2c62ac1ffbe9340872556d36072c050add0e4415a3,experiments/mirror_applications/ma-255-parameter-superposition-mirror/artifacts/payloads_a1/25521_0_mirror_r8_lr0.001_7.pt,0.6312826339999447,1600,512,524288
25521,0,mirror_r8_lr0.001,8,0.10712169855833054,4717,dab56aa4beef4221994bd8f68f29972fcb8f02d42ede1463f9d1d605950c8744,experiments/mirror_applications/ma-255-parameter-superposition-mirror/artifacts/payloads_a1/25521_0_mirror_r8_lr0.001_8.pt,0.6312826339999447,1600,512,524288
25521,0,mirror_r8_lr0.001,9,0.01578930951654911,4781,ae13198a51bcd9b6e2dccd566e5fbf5c8f1b4b258900c8c905d7af0e4f4a5b0f,experiments/mirror_applications/ma-255-parameter-superposition-mirror/artifacts/payloads_a1/25521_0_mirror_r8_lr0.001_9.pt,0.6312826339999447,1600,512,524288
25521,0,mirror_r8_lr0.001,10,0.12526445090770721,4717,7a993b399e447974eaa8785d0bd3c87bdd609af5f7f27574ac5c4a22eb949709,experiments/mirror_applications/ma-255-parameter-superposition-mirror/artifacts/payloads_a1/25521_0_mirror_r8_lr0.001_10.pt,0.6312826339999447,1600,512,524288
25521,0,mirror_r8_lr0.001,11,0.03449419513344765,4781,7b454b430a7cfce2862b72326b3064ae427f39e11afd280709c183d6ba1cac19,experiments/mirror_applications/ma-255-parameter-superposition-mirror/artifacts/payloads_a1/25521_0_mirror_r8_lr0.001_11.pt,0.6312826339999447,1600,512,524288
25521,0,mirror_r8_lr0.001,12,0.09300421178340912,4781,911a0c4efa4bfda93da5ddfe7b0138666c9b54705f247c1a1171e8f001ef8fe7,experiments/mirror_applications/ma-255-parameter-superposition-mirror/artifacts/payloads_a1/25521_0_mirror_r8_lr0.001_12.pt,0.6312826339999447,1600,512,524288
25521,0,mirror_r8_lr0.001,13,0.07664741575717926,4781,769e09ee4383e50d1437ce28aaaa14ddcdcc52ff6baf28c4585eb4b0be6debdd,experiments/mirror_applications/ma-255-parameter-superposition-mirror/artifacts/payloads_a1/25521_0_mirror_r8_lr0.001_13.pt,0.6312826339999447,1600,512,524288
25521,0,mirror_r8_lr0.001,14,0.10591192543506622,4717,086b5d0eb0041c1e94e91067e9e5f68927b86901c11270d6b9f0ababb6b8e4be,experiments/mirror_applications/ma-255-parameter-superposition-mirror/artifacts/payloads_a1/25521_0_mirror_r8_lr0.001_14.pt,0.6312826339999447,1600,512,524288
25521,0,mirror_r8_lr0.001,15,0.02436676435172558,4717,a97f7b44c55bdcbf9fa89dad73f9e5178948e57f4234461e7ba62b3e980a222f,experiments/mirror_applications/ma-255-parameter-superposition-mirror/artifacts/payloads_a1/25521_0_mirror_r8_lr0.001_15.pt,0.6312826339999447,1600,512,524288
25521,0,generic_lowrank_r8_lr0.001,0,0.05773107334971428,4781,ec33a4673d4c31c9836ce526837a89d730eba81467af7802d873e7a814465d42,experiments/mirror_applications/ma-255-parameter-superposition-mirror/artifacts/payloads_a1/25521_0_generic_lowrank_r8_lr0.001_0.pt,0.6312826339999447,1600,512,524288
25521,0,generic_lowrank_r8_lr0.001,1,0.06994271278381348,4781,5badc81e977df1e43103e25c1e52f2646e97c1821dbcf6af94bfbc9f7e0ad010,experiments/mirror_applications/ma-255-parameter-superposition-mirror/artifacts/payloads_a1/25521_0_generic_lowrank_r8_lr0.001_1.pt,0.6312826339999447,1600,512,524288
25521,0,generic_lowrank_r8_lr0.001,2,0.047840140759944916,4717,8d9f389a25ddef210ada9caafe1ec9a9780a8db631c1ce5ca8da378502794676,experiments/mirror_applications/ma-255-parameter-superposition-mirror/artifacts/payloads_a1/25521_0_generic_lowrank_r8_lr0.001_2.pt,0.6312826339999447,1600,512,524288
25521,0,generic_lowrank_r8_lr0.001,3,0.031296491622924805,4717,57699c3eff3fc94a896974e39ae278b7d8f61b320b865af255c6ae19064a7e6b,experiments/mirror_applications/ma-255-parameter-superposition-mirror/artifacts/payloads_a1/25521_0_generic_lowrank_r8_lr0.001_3.pt,0.6312826339999447,1600,512,524288
25521,0,generic_lowrank_r8_lr0.001,4,0.1782277226448059,4781,c4c3c868823c76e42e99ae7c720c0ba50ba6150279ded77c1f0f06d885b64275,experiments/mirror_applications/ma-255-parameter-superposition-mirror/artifacts/payloads_a1/25521_0_generic_lowrank_r8_lr0.001_4.pt,0.6312826339999447,1600,512,524288
25521,0,generic_lowrank_r8_lr0.001,5,0.13162115216255188,4717,5ce517bfabfe325697948931ced386f7fc1a8802584151f8dda97f396719d5b8,experiments/mirror_applications/ma-255-parameter-superposition-mirror/artifacts/payloads_a1/25521_0_generic_lowrank_r8_lr0.001_5.pt,0.6312826339999447,1600,512,524288
25521,0,generic_lowrank_r8_lr0.001,6,0.19687017798423767,4781,a604003a42a63c9d57158b0389072cd2b5f6953e150365d117e9451224931532,experiments/mirror_applications/ma-255-parameter-superposition-mirror/artifacts/payloads_a1/25521_0_generic_lowrank_r8_lr0.001_6.pt,0.6312826339999447,1600,512,524288
25521,0,generic_lowrank_r8_lr0.001,7,0.08516146242618561,4781,3ed24885b5633ae4442b84bca4d26f84ee77bf92ad8553bea904dc5b9b3dffd9,experiments/mirror_applications/ma-255-parameter-superposition-mirror/artifacts/payloads_a1/25521_0_generic_lowrank_r8_lr0.001_7.pt,0.6312826339999447,1600,512,524288
25521,0,generic_lowrank_r8_lr0.001,8,0.10712169855833054,4781,e6c517353b8046ceec2b789a2e24aaa53b552d2087b925c9202143d2116571d9,experiments/mirror_applications/ma-255-parameter-superposition-mirror/artifacts/payloads_a1/25521_0_generic_lowrank_r8_lr0.001_8.pt,0.6312826339999447,1600,512,524288
25521,0,generic_lowrank_r8_lr0.001,9,0.01578930951654911,4781,868dd5f7af903bf90e51af0635f677b8c618c202fbef85b9dac5f8d13b703cb3,experiments/mirror_applications/ma-255-parameter-superposition-mirror/artifacts/payloads_a1/25521_0_generic_lowrank_r8_lr0.001_9.pt,0.6312826339999447,1600,512,524288
25521,0,generic_lowrank_r8_lr0.001,10,0.12526445090770721,4717,6578d1d5a2e4a0848a1b0592faa45c11fb291f3cf48624b2be10035b97824913,experiments/mirror_applications/ma-255-parameter-superposition-mirror/artifacts/payloads_a1/25521_0_generic_lowrank_r8_lr0.001_10.pt,0.6312826339999447,1600,512,524288
25521,0,generic_lowrank_r8_lr0.001,11,0.03449419513344765,4781,888447b16825e58adfa0dd3768659b33bbdd6a7828db2dd1fea0afe76f79ebfc,experiments/mirror_applications/ma-255-parameter-superposition-mirror/artifacts/payloads_a1/25521_0_generic_lowrank_r8_lr0.001_11.pt,0.6312826339999447,1600,512,524288
25521,0,generic_lowrank_r8_lr0.001,12,0.09300421178340912,4717,fdb07e3d0b4bfd720e414047225335600e20662a4048e8a9c9ae491bea8ec4d9,experiments/mirror_applications/ma-255-parameter-superposition-mirror/artifacts/payloads_a1/25521_0_generic_lowrank_r8_lr0.001_12.pt,0.6312826339999447,1600,512,524288
25521,0,generic_lowrank_r8_lr0.001,13,0.07664741575717926,4717,805e862a0617568a4163949427d33244b2c91cc5b47cfab4b9897c3ba3c64a22,experiments/mirror_applications/ma-255-parameter-superposition-mirror/artifacts/payloads_a1/25521_0_generic_lowrank_r8_lr0.001_13.pt,0.6312826339999447,1600,512,524288
25521,0,generic_lowrank_r8_lr0.001,14,0.10591192543506622,4717,4f052055c0996900e78d8af3bbe8901f73d880884ae4671a86141b448329fbd2,experiments/mirror_applications/ma-255-parameter-superposition-mirror/artifacts/payloads_a1/25521_0_generic_lowrank_r8_lr0.001_14.pt,0.6312826339999447,1600,512,524288
25521,0,generic_lowrank_r8_lr0.001,15,0.02436676435172558,4717,19aea8665a016c1edfca094bb16bc76a54e0ce4029921baf573be1d324647ec7,experiments/mirror_applications/ma-255-parameter-superposition-mirror/artifacts/payloads_a1/25521_0_generic_lowrank_r8_lr0.001_15.pt,0.6312826339999447,1600,512,524288
25521,0,mirror_r8_lr0.01,0,0.03499902784824371,4717,4e58692f1cc9f71f7cc8f02370ef574e0b1895666e19506095b0fa7ca3c5f8ff,experiments/mirror_applications/ma-255-parameter-superposition-mirror/artifacts/payloads_a1/25521_0_mirror_r8_lr0.01_0.pt,0.6175350740086287,1600,512,524288
25521,0,mirror_r8_lr0.01,1,0.0671081468462944,4717,db5dd028e693b4d268515bd4d3df441b21fe706f13fc2bb5a77fcdd87289b91f,experiments/mirror_applications/ma-255-parameter-superposition-mirror/artifacts/payloads_a1/25521_0_mirror_r8_lr0.01_1.pt,0.6175350740086287,1600,512,524288
25521,0,mirror_r8_lr0.01,2,0.04172496870160103,4717,a31b5927426236f7754a9456cf9cfefecc0d587016371b5a6457c723a4c33bc7,experiments/mirror_applications/ma-255-parameter-superposition-mirror/artifacts/payloads_a1/25521_0_mirror_r8_lr0.01_2.pt,0.6175350740086287,1600,512,524288
25521,0,mirror_r8_lr0.01,3,0.03194541484117508,4717,e04612dfbc81a73282007412d5fe1c491bbb765e35b82fadba8476395d55ed45,experiments/mirror_applications/ma-255-parameter-superposition-mirror/artifacts/payloads_a1/25521_0_mirror_r8_lr0.01_3.pt,0.6175350740086287,1600,512,524288
25521,0,mirror_r8_lr0.01,4,0.17614176869392395,4717,97f3258ee40f314b512139889b7b35f9293d0cf6721ccd6859666fc104b2c314,experiments/mirror_applications/ma-255-parameter-superposition-mirror/artifacts/payloads_a1/25521_0_mirror_r8_lr0.01_4.pt,0.6175350740086287,1600,512,524288
25521,0,mirror_r8_lr0.01,5,0.13236485421657562,4717,ed228cd057f72738305049be5f4f096d96942714e815b867fba56053f2f94c20,experiments/mirror_applications/ma-255-parameter-superposition-mirror/artifacts/payloads_a1/25521_0_mirror_r8_lr0.01_5.pt,0.6175350740086287,1600,512,524288
25521,0,mirror_r8_lr0.01,6,0.20463721454143524,4717,1cb1970f3550ddbfde8e13716da3a88a00b07328adc4bf720981cd96087e37ea,experiments/mirror_applications/ma-255-parameter-superposition-mirror/artifacts/payloads_a1/25521_0_mirror_r8_lr0.01_6.pt,0.6175350740086287,1600,512,524288
25521,0,mirror_r8_lr0.01,7,0.0826977863907814,4717,2712fcb4a055aab09cf35e26d8f8ddfb94aef05d43e147ede15572ff5e0f783f,experiments/mirror_applications/ma-255-parameter-superposition-mirror/artifacts/payloads_a1/25521_0_mirror_r8_lr0.01_7.pt,0.6175350740086287,1600,512,524288
25521,0,mirror_r8_lr0.01,8,0.10234425961971283,4717,a8fa34400b2fc763a180f34e08da7d0dbac6c00e5ba3d4afc6c10a43aa98a0f8,experiments/mirror_applications/ma-255-parameter-superposition-mirror/artifacts/payloads_a1/25521_0_mirror_r8_lr0.01_8.pt,0.6175350740086287,1600,512,524288
25521,0,mirror_r8_lr0.01,9,0.012738838791847229,4717,94f21d7e4ccd097d3faa92090f88238b6f81c44324e866e34f2eb6be10227d1a,experiments/mirror_applications/ma-255-parameter-superposition-mirror/artifacts/payloads_a1/25521_0_mirror_r8_lr0.01_9.pt,0.6175350740086287,1600,512,524288
25521,0,mirror_r8_lr0.01,10,0.12085769325494766,4717,1260ddafe6f635e1115029615e79e61b3a13808394fea13a25eaa1996562e66e,experiments/mirror_applications/ma-255-parameter-superposition-mirror/artifacts/payloads_a1/25521_0_mirror_r8_lr0.01_10.pt,0.6175350740086287,1600,512,524288
25521,0,mirror_r8_lr0.01,11,0.03393720090389252,4717,d377928336c5c227420754d35c81fcf49cbf91a1d6ee1b0bfc4c66ad442cb114,experiments/mirror_applications/ma-255-parameter-superposition-mirror/artifacts/payloads_a1/25521_0_mirror_r8_lr0.01_11.pt,0.6175350740086287,1600,512,524288
25521,0,mirror_r8_lr0.01,12,0.08249307423830032,4717,6c7668713c7021d85689b07e177b83e274268aeaa978b2da75cec0001074589b,experiments/mirror_applications/ma-255-parameter-superposition-mirror/artifacts/payloads_a1/25521_0_mirror_r8_lr0.01_12.pt,0.6175350740086287,1600,512,524288
25521,0,mirror_r8_lr0.01,13,0.07575737684965134,4717,b9a8850ff8c7c7951d83fb08d0d16fb521419e92ad49685a9353465dbd580785,experiments/mirror_applications/ma-255-parameter-superposition-mirror/artifacts/payloads_a1/25521_0_mirror_r8_lr0.01_13.pt,0.6175350740086287,1600,512,524288
25521,0,mirror_r8_lr0.01,14,0.10304099321365356,4717,c960225088848c229a2192a3f1a6d26feade16ed46f1b45cb73f6196c94d9987,experiments/mirror_applications/ma-255-parameter-superposition-mirror/artifacts/payloads_a1/25521_0_mirror_r8_lr0.01_14.pt,0.6175350740086287,1600,512,524288
25521,0,mirror_r8_lr0.01,15,0.022141121327877045,4717,b452674a9b7849498f23ec043a784e7d434ed6a5f08ca8001494d7c9a85e7881,experiments/mirror_applications/ma-255-parameter-superposition-mirror/artifacts/payloads_a1/25521_0_mirror_r8_lr0.01_15.pt,0.6175350740086287,1600,512,524288
25521,0,generic_lowrank_r8_lr0.01,0,0.03499902784824371,4717,7b41075d22cf008616a8dd8168147bc7ae6e5776bd575be6cdc796266c1b0813,experiments/mirror_applications/ma-255-parameter-superposition-mirror/artifacts/payloads_a1/25521_0_generic_lowrank_r8_lr0.01_0.pt,0.6175350740086287,1600,512,524288
25521,0,generic_lowrank_r8_lr0.01,1,0.0671081468462944,4717,ccd5104e15b9ac7702d4cad615e6c37a08c8524e1169bdeee39676d9835bdfff,experiments/mirror_applications/ma-255-parameter-superposition-mirror/artifacts/payloads_a1/25521_0_generic_lowrank_r8_lr0.01_1.pt,0.6175350740086287,1600,512,524288
25521,0,generic_lowrank_r8_lr0.01,2,0.04172496870160103,4717,ceba629d892646271ad0f064b924e0b56415772a43ebb9a00a4fa009e0b91d32,experiments/mirror_applications/ma-255-parameter-superposition-mirror/artifacts/payloads_a1/25521_0_generic_lowrank_r8_lr0.01_2.pt,0.6175350740086287,1600,512,524288
25521,0,generic_lowrank_r8_lr0.01,3,0.03194541484117508,4717,faed3baf67d5af583b793c8f2b2b10ce5e25cb9df8aac30526d64e32277fb685,experiments/mirror_applications/ma-255-parameter-superposition-mirror/artifacts/payloads_a1/25521_0_generic_lowrank_r8_lr0.01_3.pt,0.6175350740086287,1600,512,524288
25521,0,generic_lowrank_r8_lr0.01,4,0.17614176869392395,4717,48593f7d1098119148a48da5b3cce448467032b6d6f8fb69d9cdb2ceb0f946ba,experiments/mirror_applications/ma-255-parameter-superposition-mirror/artifacts/payloads_a1/25521_0_generic_lowrank_r8_lr0.01_4.pt,0.6175350740086287,1600,512,524288
25521,0,generic_lowrank_r8_lr0.01,5,0.13236485421657562,4717,b83849573361bbe614968767d0d11ec46e2f3a44f7b927e224eaa317e372a7ee,experiments/mirror_applications/ma-255-parameter-superposition-mirror/artifacts/payloads_a1/25521_0_generic_lowrank_r8_lr0.01_5.pt,0.6175350740086287,1600,512,524288
25521,0,generic_lowrank_r8_lr0.01,6,0.20463721454143524,4717,c843e26cc7ee7bbb7897532d8fa0c4fe9db536f360d8873435fb4b9658147ea2,experiments/mirror_applications/ma-255-parameter-superposition-mirror/artifacts/payloads_a1/25521_0_generic_lowrank_r8_lr0.01_6.pt,0.6175350740086287,1600,512,524288
25521,0,generic_lowrank_r8_lr0.01,7,0.0826977863907814,4717,02821acea7f8b881b44a5f8aa247f4977c94a7a59e0297f018c92e5c2226608c,experiments/mirror_applications/ma-255-parameter-superposition-mirror/artifacts/payloads_a1/25521_0_generic_lowrank_r8_lr0.01_7.pt,0.6175350740086287,1600,512,524288
25521,0,generic_lowrank_r8_lr0.01,8,0.10234425961971283,4717,bbbab03d1d80f38b6215322d5aa2d180a8b4ce7b77b1ab03b1c9129a574271d5,experiments/mirror_applications/ma-255-parameter-superposition-mirror/artifacts/payloads_a1/25521_0_generic_lowrank_r8_lr0.01_8.pt,0.6175350740086287,1600,512,524288
25521,0,generic_lowrank_r8_lr0.01,9,0.012738838791847229,4717,f29862ee793204bc6a6f4fe5b1a2baf9b5cc94965772b25d720eee4ba19cc1ed,experiments/mirror_applications/ma-255-parameter-superposition-mirror/artifacts/payloads_a1/25521_0_generic_lowrank_r8_lr0.01_9.pt,0.6175350740086287,1600,512,524288
25521,0,generic_lowrank_r8_lr0.01,10,0.12085769325494766,4717,6a1e01773c2d41bd3279aea893799805cd1810963ff9232dbf7644a9b966499e,experiments/mirror_applications/ma-255-parameter-superposition-mirror/artifacts/payloads_a1/25521_0_generic_lowrank_r8_lr0.01_10.pt,0.6175350740086287,1600,512,524288
25521,0,generic_lowrank_r8_lr0.01,11,0.03393720090389252,4717,160a8a07a767079031ae518daf6bbb2775c1857ac863edf634b86e1828b82526,experiments/mirror_applications/ma-255-parameter-superposition-mirror/artifacts/payloads_a1/25521_0_generic_lowrank_r8_lr0.01_11.pt,0.6175350740086287,1600,512,524288
25521,0,generic_lowrank_r8_lr0.01,12,0.08249307423830032,4717,965f04962846c66ef5b5b3ec07cc4b6d5386b705b9af06f836d5dd84aa69c55b,experiments/mirror_applications/ma-255-parameter-superposition-mirror/artifacts/payloads_a1/25521_0_generic_lowrank_r8_lr0.01_12.pt,0.6175350740086287,1600,512,524288
25521,0,generic_lowrank_r8_lr0.01,13,0.07575737684965134,4717,6df019a654ce0e20f416d505d285f1eb53a5fb8ea67b16f53df1b6a32d5c2a0b,experiments/mirror_applications/ma-255-parameter-superposition-mirror/artifacts/payloads_a1/25521_0_generic_lowrank_r8_lr0.01_13.pt,0.6175350740086287,1600,512,524288
25521,0,generic_lowrank_r8_lr0.01,14,0.10304099321365356,4717,4e39f9f0adfbdd8da7905486323b89bef21739586b60b060f43643d0c7a94d28,experiments/mirror_applications/ma-255-parameter-superposition-mirror/artifacts/payloads_a1/25521_0_generic_lowrank_r8_lr0.01_14.pt,0.6175350740086287,1600,512,524288
25521,0,generic_lowrank_r8_lr0.01,15,0.022141121327877045,4717,5ff032660da725744dc09b31002615e915bcc67313e14b67304ddea9282a81e0,experiments/mirror_applications/ma-255-parameter-superposition-mirror/artifacts/payloads_a1/25521_0_generic_lowrank_r8_lr0.01_15.pt,0.6175350740086287,1600,512,524288
25521,0,mirror_r8_lr0.03,0,0.034970033913850784,4717,576e30ed804e1be2a9b8f13bc9fbf099e1ed582bcb8480bbb1d4959c6fa333a9,experiments/mirror_applications/ma-255-parameter-superposition-mirror/artifacts/payloads_a1/25521_0_mirror_r8_lr0.03_0.pt,0.6340127889998257,1600,512,524288
25521,0,mirror_r8_lr0.03,1,0.0671001598238945,4781,b67f63737a0f0db136d914916ec9faab045569a012d7ca11154e78cfe6d69fc6,experiments/mirror_applications/ma-255-parameter-superposition-mirror/artifacts/payloads_a1/25521_0_mirror_r8_lr0.03_1.pt,0.6340127889998257,1600,512,524288
25521,0,mirror_r8_lr0.03,2,0.041741855442523956,4781,8d162b32e3f6ea2a849c55a0e92d89f1d5d56af578b8eebc0d6eef33b5b8e890,experiments/mirror_applications/ma-255-parameter-superposition-mirror/artifacts/payloads_a1/25521_0_mirror_r8_lr0.03_2.pt,0.6340127889998257,1600,512,524288
25521,0,mirror_r8_lr0.03,3,0.03195027634501457,4781,879ba7e63bf0ae6e5bd38000a3191d5eb18d1f10c15103e0242cac8c5d775590,experiments/mirror_applications/ma-255-parameter-superposition-mirror/artifacts/payloads_a1/25521_0_mirror_r8_lr0.03_3.pt,0.6340127889998257,1600,512,524288
25521,0,mirror_r8_lr0.03,4,0.1761467456817627,4781,75cff9a9c1863d8893f5a578cb1c9e7bf52004993eefd892cff6a97bbd6ac815,experiments/mirror_applications/ma-255-parameter-superposition-mirror/artifacts/payloads_a1/25521_0_mirror_r8_lr0.03_4.pt,0.6340127889998257,1600,512,524288
25521,0,mirror_r8_lr0.03,5,0.13236738741397858,4781,1185c9c8fef4415ab61c8478360ff53883ec6fd3ac68030432c8d9c0570395ac,experiments/mirror_applications/ma-255-parameter-superposition-mirror/artifacts/payloads_a1/25521_0_mirror_r8_lr0.03_5.pt,0.6340127889998257,1600,512,524288
25521,0,mirror_r8_lr0.03,6,0.20463666319847107,4781,22041dac64c3758dd8d5a6a4df6ad94a0a1222c7d1b6f83473b45f7590213bcb,experiments/mirror_applications/ma-255-parameter-superposition-mirror/artifacts/payloads_a1/25521_0_mirror_r8_lr0.03_6.pt,0.6340127889998257,1600,512,524288
25521,0,mirror_r8_lr0.03,7,0.08271675556898117,4717,b95302bcaae6168ab7b5dc7e058b1b6ad27b2328b3c403cb1b3f79e92d81a77e,experiments/mirror_applications/ma-255-parameter-superposition-mirror/artifacts/payloads_a1/25521_0_mirror_r8_lr0.03_7.pt,0.6340127889998257,1600,512,524288
25521,0,mirror_r8_lr0.03,8,0.10236045718193054,4717,a674c29fa6b0317dce6994e7dc5e4c91d4b8e5771fed0a0b4e386ae8d54b198f,experiments/mirror_applications/ma-255-parameter-superposition-mirror/artifacts/payloads_a1/25521_0_mirror_r8_lr0.03_8.pt,0.6340127889998257,1600,512,524288
25521,0,mirror_r8_lr0.03,9,0.012739899568259716,4781,7955e80907e393131c8ed8f630d33cf2fda644bbe3a527e8496f98bf8ecab90b,experiments/mirror_applications/ma-255-parameter-superposition-mirror/artifacts/payloads_a1/25521_0_mirror_r8_lr0.03_9.pt,0.6340127889998257,1600,512,524288
25521,0,mirror_r8_lr0.03,10,0.1208677887916565,4781,a818402f0170f5572e91fd602a537c9a7ed0c21db760460dd28d7bf34eb0b08f,experiments/mirror_applications/ma-255-parameter-superposition-mirror/artifacts/payloads_a1/25521_0_mirror_r8_lr0.03_10.pt,0.6340127889998257,1600,512,524288
25521,0,mirror_r8_lr0.03,11,0.03393622487783432,4781,475ebd1dbf7cafc2ab27a6fdeb4b19842a203c37451d461f5869253be6ac81f0,experiments/mirror_applications/ma-255-parameter-superposition-mirror/artifacts/payloads_a1/25521_0_mirror_r8_lr0.03_11.pt,0.6340127889998257,1600,512,524288
25521,0,mirror_r8_lr0.03,12,0.08247089385986328,4781,03207173440ceef820e94abb6833bd097ac73a52d76b811f2a6cdbfd79e7a01a,experiments/mirror_applications/ma-255-parameter-superposition-mirror/artifacts/payloads_a1/25521_0_mirror_r8_lr0.03_12.pt,0.6340127889998257,1600,512,524288
25521,0,mirror_r8_lr0.03,13,0.07575327157974243,4781,412a39a6984946ef44b90403813a08de90c5010100b7bcfeda896a91fad69246,experiments/mirror_applications/ma-255-parameter-superposition-mirror/artifacts/payloads_a1/25521_0_mirror_r8_lr0.03_13.pt,0.6340127889998257,1600,512,524288
25521,0,mirror_r8_lr0.03,14,0.10302743315696716,4781,506747ab81564e11ad13453531dd340232284b6f1da4086b7a4b034895f36216,experiments/mirror_applications/ma-255-parameter-superposition-mirror/artifacts/payloads_a1/25521_0_mirror_r8_lr0.03_14.pt,0.6340127889998257,1600,512,524288
25521,0,mirror_r8_lr0.03,15,0.02214767225086689,4781,7a9cb528ae58dd643a8f6123b643b6ed694fef335e5a885f217d0239944be053,experiments/mirror_applications/ma-255-parameter-superposition-mirror/artifacts/payloads_a1/25521_0_mirror_r8_lr0.03_15.pt,0.6340127889998257,1600,512,524288
25521,0,generic_lowrank_r8_lr0.03,0,0.034970033913850784,4781,62a9e6c5524ccd8bb53c5e7be9a75b546c388d3760431b3b23992dadeec91ed2,experiments/mirror_applications/ma-255-parameter-superposition-mirror/artifacts/payloads_a1/25521_0_generic_lowrank_r8_lr0.03_0.pt,0.6340127889998257,1600,512,524288
25521,0,generic_lowrank_r8_lr0.03,1,0.0671001598238945,4781,8debe85b63721ecae5e3eebe0f73a728895aa69cae824725090268b8ff5d99f2,experiments/mirror_applications/ma-255-parameter-superposition-mirror/artifacts/payloads_a1/25521_0_generic_lowrank_r8_lr0.03_1.pt,0.6340127889998257,1600,512,524288
25521,0,generic_lowrank_r8_lr0.03,2,0.041741855442523956,4781,0fbb645553ad23a1e9719c9cd5519248fec390d43be5824da3a1ed3184a73a9c,experiments/mirror_applications/ma-255-parameter-superposition-mirror/artifacts/payloads_a1/25521_0_generic_lowrank_r8_lr0.03_2.pt,0.6340127889998257,1600,512,524288
25521,0,generic_lowrank_r8_lr0.03,3,0.03195027634501457,4717,f483a321ad28bacb162c48feb6cb138bb841ee7d7951e4a79a0e7e5dfe934f9a,experiments/mirror_applications/ma-255-parameter-superposition-mirror/artifacts/payloads_a1/25521_0_generic_lowrank_r8_lr0.03_3.pt,0.6340127889998257,1600,512,524288
25521,0,generic_lowrank_r8_lr0.03,4,0.1761467456817627,4781,e3781358b25b37feacff9e5c0c201908472dcb634a419e88473ca0ccef71a347,experiments/mirror_applications/ma-255-parameter-superposition-mirror/artifacts/payloads_a1/25521_0_generic_lowrank_r8_lr0.03_4.pt,0.6340127889998257,1600,512,524288
25521,0,generic_lowrank_r8_lr0.03,5,0.13236738741397858,4781,913e83f995dad7ed41f2ccaaa96fd2bc75695f97a2ddaf0c54e7f4363c3f4dbb,experiments/mirror_applications/ma-255-parameter-superposition-mirror/artifacts/payloads_a1/25521_0_generic_lowrank_r8_lr0.03_5.pt,0.6340127889998257,1600,512,524288
25521,0,generic_lowrank_r8_lr0.03,6,0.20463666319847107,4781,0301384d737ef4cd6a98e1c357fbdb88f79b66e9192f0cf3db84091f8653c3ee,experiments/mirror_applications/ma-255-parameter-superposition-mirror/artifacts/payloads_a1/25521_0_generic_lowrank_r8_lr0.03_6.pt,0.6340127889998257,1600,512,524288
25521,0,generic_lowrank_r8_lr0.03,7,0.08271675556898117,4717,9a6381e9b3f140256ff7136b564cd7369bf456de62263a18cb6452aef47365d7,experiments/mirror_applications/ma-255-parameter-superposition-mirror/artifacts/payloads_a1/25521_0_generic_lowrank_r8_lr0.03_7.pt,0.6340127889998257,1600,512,524288
25521,0,generic_lowrank_r8_lr0.03,8,0.10236045718193054,4717,d3d42ebbaa372a677c32f920ac3d97c00974246f4d5db4e2f96f5a4272b5d6e7,experiments/mirror_applications/ma-255-parameter-superposition-mirror/artifacts/payloads_a1/25521_0_generic_lowrank_r8_lr0.03_8.pt,0.6340127889998257,1600,512,524288
25521,0,generic_lowrank_r8_lr0.03,9,0.012739899568259716,4781,d6b64154e27415f6d96af94c103e47e18d701758f3256e4f5b943f8abd7d8757,experiments/mirror_applications/ma-255-parameter-superposition-mirror/artifacts/payloads_a1/25521_0_generic_lowrank_r8_lr0.03_9.pt,0.6340127889998257,1600,512,524288
25521,0,generic_lowrank_r8_lr0.03,10,0.1208677887916565,4781,dd44793e8e5f8550143576078ff1304d858f361d3dd2560bf6fc4ec5197698c4,experiments/mirror_applications/ma-255-parameter-superposition-mirror/artifacts/payloads_a1/25521_0_generic_lowrank_r8_lr0.03_10.pt,0.6340127889998257,1600,512,524288
25521,0,generic_lowrank_r8_lr0.03,11,0.03393622487783432,4781,5f7db34cd935207d021818da79d5af0fd456118979846f05e963d45d6b836161,experiments/mirror_applications/ma-255-parameter-superposition-mirror/artifacts/payloads_a1/25521_0_generic_lowrank_r8_lr0.03_11.pt,0.6340127889998257,1600,512,524288
25521,0,generic_lowrank_r8_lr0.03,12,0.08247089385986328,4781,ff82e8655cb3aba60240f9a487ccf42f99ac5a257e866314e18d7719608f4d6e,experiments/mirror_applications/ma-255-parameter-superposition-mirror/artifacts/payloads_a1/25521_0_generic_lowrank_r8_lr0.03_12.pt,0.6340127889998257,1600,512,524288
25521,0,generic_lowrank_r8_lr0.03,13,0.07575327157974243,4781,29c7f6a2457649db853f286e26ba0163f96bddb5e555c2a8a4b44769d14b74ed,experiments/mirror_applications/ma-255-parameter-superposition-mirror/artifacts/payloads_a1/25521_0_generic_lowrank_r8_lr0.03_13.pt,0.6340127889998257,1600,512,524288
25521,0,generic_lowrank_r8_lr0.03,14,0.10302743315696716,4781,5683087545b90403af4869a9c94d83f14e3012c4e0426abf5630b8f4c77af2d0,experiments/mirror_applications/ma-255-parameter-superposition-mirror/artifacts/payloads_a1/25521_0_generic_lowrank_r8_lr0.03_14.pt,0.6340127889998257,1600,512,524288
25521,0,generic_lowrank_r8_lr0.03,15,0.02214767225086689,4781,358b346bbba295070ba0d02a29b905fd25d0e6cfc4fe7ac660129be65610c6ca,experiments/mirror_applications/ma-255-parameter-superposition-mirror/artifacts/payloads_a1/25521_0_generic_lowrank_r8_lr0.03_15.pt,0.6340127889998257,1600,512,524288
25521,1,psp,0,0.600019097328186,12133,c4725b4cf9af10f0a7dcc5ffe24fdccf27ede588a510c4d39b5e4ce6134a61d2,experiments/mirror_applications/ma-255-parameter-superposition-mirror/artifacts/payloads_a1/25521_1_psp_0.pt,0.0,0,512,32768
25521,1,psp,1,0.25193899869918823,12133,1d746757f060ffcc86021409b9babf2b64e6f337cb69ef54e7006f5023f5d179,experiments/mirror_applications/ma-255-parameter-superposition-mirror/artifacts/payloads_a1/25521_1_psp_1.pt,0.0,0,512,32768
25521,1,psp,2,0.2867777347564697,12133,c36f0c2f39649e8bb42d4616f8dbc868c7e932d4b970cbe84c41c6c6fb6e7977,experiments/mirror_applications/ma-255-parameter-superposition-mirror/artifacts/payloads_a1/25521_1_psp_2.pt,0.0,0,512,32768
25521,1,psp,3,1.1007155179977417,12133,bce01826b5314b5f23ad323ee2a7afb4097ef7d7f6687eaaf22a033f75fce13e,experiments/mirror_applications/ma-255-parameter-superposition-mirror/artifacts/payloads_a1/25521_1_psp_3.pt,0.0,0,512,32768
25521,1,psp,4,0.29966840147972107,12133,f718df28d5db729c9776e57d0baa99dc130a73fbfae99281d3339d5fda0a39f4,experiments/mirror_applications/ma-255-parameter-superposition-mirror/artifacts/payloads_a1/25521_1_psp_4.pt,0.0,0,512,32768
25521,1,psp,5,0.9137154817581177,12133,ddc7b430157f87f5ba285847311d257073f933d7df397d6a25c20a40d7e3a629,experiments/mirror_applications/ma-255-parameter-superposition-mirror/artifacts/payloads_a1/25521_1_psp_5.pt,0.0,0,512,32768
25521,1,psp,6,0.5855238437652588,12133,fe99225ab02ab13cd82719745e7a06a3465ae2176dbe0ef7da78d4077986e63d,experiments/mirror_applications/ma-255-parameter-superposition-mirror/artifacts/payloads_a1/25521_1_psp_6.pt,0.0,0,512,32768
25521,1,psp,7,0.3803248107433319,12133,88a044522dc59c47d7afdc3b72c4b9a33bd01b3f1738d7c7fc4b6e6b39c50697,experiments/mirror_applications/ma-255-parameter-superposition-mirror/artifacts/payloads_a1/25521_1_psp_7.pt,0.0,0,512,32768
25521,1,psp,8,0.37630245089530945,12133,f1296995271109758211aba2cc4daacd6524079de3f1488a4e50cd7b2642daee,experiments/mirror_applications/ma-255-parameter-superposition-mirror/artifacts/payloads_a1/25521_1_psp_8.pt,0.0,0,512,32768
25521,1,psp,9,0.2716253697872162,12133,9d647a917810d6b97eeeb5647d6d54b1d90b40716b26c075ffcf53b016c11b72,experiments/mirror_applications/ma-255-parameter-superposition-mirror/artifacts/payloads_a1/25521_1_psp_9.pt,0.0,0,512,32768
25521,1,psp,10,0.20398393273353577,12133,17836ff22a3bf49152d38f5f67d8c831fc632d152a304deb0b699ebe03769364,experiments/mirror_applications/ma-255-parameter-superposition-mirror/artifacts/payloads_a1/25521_1_psp_10.pt,0.0,0,512,32768
25521,1,psp,11,0.3080342411994934,12133,33471d7e4b153720c98e582ee50647bfdc86d91f0476f5e77b20e1deb5597a63,experiments/mirror_applications/ma-255-parameter-superposition-mirror/artifacts/payloads_a1/25521_1_psp_11.pt,0.0,0,512,32768
25521,1,psp,12,0.48331162333488464,12133,fc98fff6c5e599aa86386e83892d78fe32c29cce5dcda3da0110e5b9e96f765a,experiments/mirror_applications/ma-255-parameter-superposition-mirror/artifacts/payloads_a1/25521_1_psp_12.pt,0.0,0,512,32768
25521,1,psp,13,0.8743806481361389,12133,b9eb027bec9b183a11496d5e1a602a031c8110d0f69b228078668116bffc1dc4,experiments/mirror_applications/ma-255-parameter-superposition-mirror/artifacts/payloads_a1/25521_1_psp_13.pt,0.0,0,512,32768
25521,1,psp,14,0.500758707523346,12133,d0f97bbec492ea02094748738a87755de641e13e158e87e811889c0cf7b55c56,experiments/mirror_applications/ma-255-parameter-superposition-mirror/artifacts/payloads_a1/25521_1_psp_14.pt,0.0,0,512,32768
25521,1,psp,15,0.5126252174377441,12133,3c5699198d056afe5a319473d0d72f1d4f8b601432aae429d85884f751e5db12,experiments/mirror_applications/ma-255-parameter-superposition-mirror/artifacts/payloads_a1/25521_1_psp_15.pt,0.0,0,512,32768
25521,1,shared,0,1.207292914390564,3245,3210b14066ef3730b8773fd36f0b4197dc333741283723debb554ce64f112535,experiments/mirror_applications/ma-255-parameter-superposition-mirror/artifacts/payloads_a1/25521_1_shared_0.pt,0.0,0,512,32768
25521,1,shared,1,0.9536853432655334,3245,dd580de694644a62aece55aa92c027737f798d52eb98251057f1671de7a5e07a,experiments/mirror_applications/ma-255-parameter-superposition-mirror/artifacts/payloads_a1/25521_1_shared_1.pt,0.0,0,512,32768
25521,1,shared,2,0.9553884863853455,3245,3a64ea7f16bae99083e6e87a9373a567f1a6daf50034e101a6b17a521215097a,experiments/mirror_applications/ma-255-parameter-superposition-mirror/artifacts/payloads_a1/25521_1_shared_2.pt,0.0,0,512,32768
25521,1,shared,3,0.8873739838600159,3245,77b5881b8a46fb2e395d0c011556fb3da3eef5e30d92c945ac3591cb1e9a0319,experiments/mirror_applications/ma-255-parameter-superposition-mirror/artifacts/payloads_a1/25521_1_shared_3.pt,0.0,0,512,32768
25521,1,shared,4,0.9397175908088684,3245,be0fc02ab0e1091a6f91606ff020c1b53a49f0fc68f7ff8c4d90bfc9554451dd,experiments/mirror_applications/ma-255-parameter-superposition-mirror/artifacts/payloads_a1/25521_1_shared_4.pt,0.0,0,512,32768
25521,1,shared,5,1.2392619848251343,3245,8253f48d4e6de2b755bc4b45669b2f634794f0ed51a8930e8e44f585708db7e8,experiments/mirror_applications/ma-255-parameter-superposition-mirror/artifacts/payloads_a1/25521_1_shared_5.pt,0.0,0,512,32768
25521,1,shared,6,0.8537347316741943,3245,e58dd2a2a2c7bba88742c1bb628603dbb4aad385365e16252f5ef57bada7805b,experiments/mirror_applications/ma-255-parameter-superposition-mirror/artifacts/payloads_a1/25521_1_shared_6.pt,0.0,0,512,32768
25521,1,shared,7,0.8158139586448669,3245,bcecbecdd9f6e1909e52f140c13df10aa3c555e081d1124b490f09d05d078f4c,experiments/mirror_applications/ma-255-parameter-superposition-mirror/artifacts/payloads_a1/25521_1_shared_7.pt,0.0,0,512,32768
25521,1,shared,8,1.237987995147705,3245,29ad145ae7fe4311e1ef210f4fe645a14fbd8ebaf7199b619f6091f3724b58b5,experiments/mirror_applications/ma-255-parameter-superposition-mirror/artifacts/payloads_a1/25521_1_shared_8.pt,0.0,0,512,32768
25521,1,shared,9,1.1163280010223389,3245,192edc9e05de3fb429f8911feaeaf6359f8cbcf9c630849b953335c99ad4c63b,experiments/mirror_applications/ma-255-parameter-superposition-mirror/artifacts/payloads_a1/25521_1_shared_9.pt,0.0,0,512,32768
25521,1,shared,10,0.8898037672042847,3245,155b120df89c74610ecfa8468a6e8fde42e88f4e5ed4ba25df17fcbb508ed1f5,experiments/mirror_applications/ma-255-parameter-superposition-mirror/artifacts/payloads_a1/25521_1_shared_10.pt,0.0,0,512,32768
25521,1,shared,11,0.8286986947059631,3245,c99bce8203426a7b75d1b4730df3b933fd820d54fd3ae660190d4de216e0c869,experiments/mirror_applications/ma-255-parameter-superposition-mirror/artifacts/payloads_a1/25521_1_shared_11.pt,0.0,0,512,32768
25521,1,shared,12,0.8634127974510193,3245,aee1499cd084ed0d7ba5e1bc5086dabd1bc3af1ec5dd29c3f5ca9f1df98f20da,experiments/mirror_applications/ma-255-parameter-superposition-mirror/artifacts/payloads_a1/25521_1_shared_12.pt,0.0,0,512,32768
25521,1,shared,13,0.8220359086990356,3245,0a9d732322e3a3bb5bfeb050bae3e1af91b2f169a5a2533384ee0f49b1ce2dc1,experiments/mirror_applications/ma-255-parameter-superposition-mirror/artifacts/payloads_a1/25521_1_shared_13.pt,0.0,0,512,32768
25521,1,shared,14,0.8810284733772278,3245,86fb9ced2847a07dd6458acd2397239cb18e4baf2e2ab371585f8d4dfa741365,experiments/mirror_applications/ma-255-parameter-superposition-mirror/artifacts/payloads_a1/25521_1_shared_14.pt,0.0,0,512,32768
25521,1,shared,15,0.8914378881454468,3245,e1b40fa5099b6d1d5c63e45120ed2e4132f8fd3e8dc008fb52ef240d17ad0dff,experiments/mirror_applications/ma-255-parameter-superposition-mirror/artifacts/payloads_a1/25521_1_shared_15.pt,0.0,0,512,32768
25521,1,independent,0,0.0,3245,6556201013df11ed13ea035c998005d255bff644796a332187baa4ed579da285,experiments/mirror_applications/ma-255-parameter-superposition-mirror/artifacts/payloads_a1/25521_1_independent_0.pt,0.0,0,512,32768
25521,1,independent,1,0.0,3245,f9ce10dca134ec998454de1d25f9de10546ec2b2a75d36e4064b00b5386e9ab0,experiments/mirror_applications/ma-255-parameter-superposition-mirror/artifacts/payloads_a1/25521_1_independent_1.pt,0.0,0,512,32768
25521,1,independent,2,0.0,3245,ad8446139db1dd3845fdee9a274ba0a9513128bf447f55288f421890ba5ae947,experiments/mirror_applications/ma-255-parameter-superposition-mirror/artifacts/payloads_a1/25521_1_independent_2.pt,0.0,0,512,32768
25521,1,independent,3,0.0,3245,c9d858a023984d689d42093c1334585ad7c58001a0a5e8150a80d800c2ef5908,experiments/mirror_applications/ma-255-parameter-superposition-mirror/artifacts/payloads_a1/25521_1_independent_3.pt,0.0,0,512,32768
25521,1,independent,4,0.0,3245,0ca3ddbd0140b7beb461ea93c9834486d1a56f69a7e15e72d65a7db8b9c13245,experiments/mirror_applications/ma-255-parameter-superposition-mirror/artifacts/payloads_a1/25521_1_independent_4.pt,0.0,0,512,32768
25521,1,independent,5,0.0,3245,1c9f0f41460f192f2717268f415f671860696447d15ec8fd6637856c369ee83e,experiments/mirror_applications/ma-255-parameter-superposition-mirror/artifacts/payloads_a1/25521_1_independent_5.pt,0.0,0,512,32768
25521,1,independent,6,0.0,3245,b8174b87a732b5580d6a5a80defc3e08bbbccae1a24b24908cb34be7aa4feb14,experiments/mirror_applications/ma-255-parameter-superposition-mirror/artifacts/payloads_a1/25521_1_independent_6.pt,0.0,0,512,32768
25521,1,independent,7,0.0,3245,10a89a737b63be9a43aa40fdfb093b2ffdb33352a93779a78453e6dc0405d2b6,experiments/mirror_applications/ma-255-parameter-superposition-mirror/artifacts/payloads_a1/25521_1_independent_7.pt,0.0,0,512,32768
25521,1,independent,8,0.0,3245,9a2c91eaf42a1aa320dbff548a9af0179b2a09a14f128d38e6200af373175521,experiments/mirror_applications/ma-255-parameter-superposition-mirror/artifacts/payloads_a1/25521_1_independent_8.pt,0.0,0,512,32768
25521,1,independent,9,0.0,3245,30f34809220526d198b7458355694b8e71f50fe629632a481b0dda9c895b1f2f,experiments/mirror_applications/ma-255-parameter-superposition-mirror/artifacts/payloads_a1/25521_1_independent_9.pt,0.0,0,512,32768
25521,1,independent,10,0.0,3245,df501f4b3d05d84f4b6e929383f0f764834310fbb7cf2f2e75deb283a576da79,experiments/mirror_applications/ma-255-parameter-superposition-mirror/artifacts/payloads_a1/25521_1_independent_10.pt,0.0,0,512,32768
25521,1,independent,11,0.0,3245,5c874557803d04049556b28705f5185f4aa4a8cf9a9d9ddda03f8d88610e29ab,experiments/mirror_applications/ma-255-parameter-superposition-mirror/artifacts/payloads_a1/25521_1_independent_11.pt,0.0,0,512,32768
25521,1,independent,12,0.0,3245,19ace81c6ba66fd0b9613903eee011fdc1f09f69d1e1ddc1031cf82c6174561d,experiments/mirror_applications/ma-255-parameter-superposition-mirror/artifacts/payloads_a1/25521_1_independent_12.pt,0.0,0,512,32768
25521,1,independent,13,0.0,3245,fc05abebb709858013ebc5fe783c9cbb15212d782792ac6d884b90f5aed2ee88,experiments/mirror_applications/ma-255-parameter-superposition-mirror/artifacts/payloads_a1/25521_1_independent_13.pt,0.0,0,512,32768
25521,1,independent,14,0.0,3245,289838795bb471e372d82410490bea1f63392188c68a8373890e0f6fb5f9a0c0,experiments/mirror_applications/ma-255-parameter-superposition-mirror/artifacts/payloads_a1/25521_1_independent_14.pt,0.0,0,512,32768
25521,1,independent,15,0.0,3245,4ae770341fafc87e399b9ae9d2e01a626a5908b57b9544bf4023789d4ddb815e,experiments/mirror_applications/ma-255-parameter-superposition-mirror/artifacts/payloads_a1/25521_1_independent_15.pt,0.0,0,512,32768
25521,1,mirror_r8_lr0.001,0,0.08359400182962418,4717,bb6101032f53ab1c2a26f471f45ee68f58bfb2b8382709d04e4e1aaca060d44f,experiments/mirror_applications/ma-255-parameter-superposition-mirror/artifacts/payloads_a1/25521_1_mirror_r8_lr0.001_0.pt,0.6208438820031006,1600,512,524288
25521,1,mirror_r8_lr0.001,1,0.0361005999147892,4717,75f9b98dbdf705ecf15adc5a63aa88177ccb462b1ae64c8318d74bb3bf95ee5d,experiments/mirror_applications/ma-255-parameter-superposition-mirror/artifacts/payloads_a1/25521_1_mirror_r8_lr0.001_1.pt,0.6208438820031006,1600,512,524288
25521,1,mirror_r8_lr0.001,2,0.04198935627937317,4717,4d9adb45ba21b5563dc09d82223d70da9e88c3c260c3e0ab6022ff8c2534f038,experiments/mirror_applications/ma-255-parameter-superposition-mirror/artifacts/payloads_a1/25521_1_mirror_r8_lr0.001_2.pt,0.6208438820031006,1600,512,524288
25521,1,mirror_r8_lr0.001,3,0.08161173015832901,4717,94df5d1c18ec8e23dcabd142601c59de9241b8ac35a6e417fa81b61d1c232af9,experiments/mirror_applications/ma-255-parameter-superposition-mirror/artifacts/payloads_a1/25521_1_mirror_r8_lr0.001_3.pt,0.6208438820031006,1600,512,524288
25521,1,mirror_r8_lr0.001,4,0.06708630919456482,4717,1216a01150bb5ae12e31b94bbc40fe33f37b0a28cdc220977e1f90d6946d530c,experiments/mirror_applications/ma-255-parameter-superposition-mirror/artifacts/payloads_a1/25521_1_mirror_r8_lr0.001_4.pt,0.6208438820031006,1600,512,524288
25521,1,mirror_r8_lr0.001,5,0.1800941526889801,4717,c5c0407120eff06141b496433edc1f2fef934bf207c2ce4117733af2e13f312b,experiments/mirror_applications/ma-255-parameter-superposition-mirror/artifacts/payloads_a1/25521_1_mirror_r8_lr0.001_5.pt,0.6208438820031006,1600,512,524288
25521,1,mirror_r8_lr0.001,6,0.09216298162937164,4717,80c63e9e81c25dd36de65753ae0deee9e9d9a3902437fa080d94498e0f9c1d55,experiments/mirror_applications/ma-255-parameter-superposition-mirror/artifacts/payloads_a1/25521_1_mirror_r8_lr0.001_6.pt,0.6208438820031006,1600,512,524288
25521,1,mirror_r8_lr0.001,7,0.0871897041797638,4717,349274c34cc6c55d39ab3cb49f5e173643882b9fcb7e6dbb2fc9d7e05e73f3c6,experiments/mirror_applications/ma-255-parameter-superposition-mirror/artifacts/payloads_a1/25521_1_mirror_r8_lr0.001_7.pt,0.6208438820031006,1600,512,524288
25521,1,mirror_r8_lr0.001,8,0.07413814216852188,4717,b9da0963954afd94bd80b2397618cf9ba6f4e8bae5abe789e1ca09b06200da1b,experiments/mirror_applications/ma-255-parameter-superposition-mirror/artifacts/payloads_a1/25521_1_mirror_r8_lr0.001_8.pt,0.6208438820031006,1600,512,524288
25521,1,mirror_r8_lr0.001,9,0.04783842712640762,4717,ba38432231df52f06e2a2d64e0e735591a3d9b2d17333e0033241e379a4b8c8f,experiments/mirror_applications/ma-255-parameter-superposition-mirror/artifacts/payloads_a1/25521_1_mirror_r8_lr0.001_9.pt,0.6208438820031006,1600,512,524288
25521,1,mirror_r8_lr0.001,10,0.05790480598807335,4717,adbdc55621bc9785277f296ed0c1bd1c1e906a6ca81967fa6bcb37ed8325645c,experiments/mirror_applications/ma-255-parameter-superposition-mirror/artifacts/payloads_a1/25521_1_mirror_r8_lr0.001_10.pt,0.6208438820031006,1600,512,524288
25521,1,mirror_r8_lr0.001,11,0.05293188616633415,4717,1f1d4b4462977f3f49d3b1dbc95a8bc2876758218a73746baab3f67b07094ac4,experiments/mirror_applications/ma-255-parameter-superposition-mirror/artifacts/payloads_a1/25521_1_mirror_r8_lr0.001_11.pt,0.6208438820031006,1600,512,524288
25521,1,mirror_r8_lr0.001,12,0.11061491072177887,4717,0ee92c57a87080d0b7eac89d49a554460b1dfdd820becfcc7f18025ff3fe57a6,experiments/mirror_applications/ma-255-parameter-superposition-mirror/artifacts/payloads_a1/25521_1_mirror_r8_lr0.001_12.pt,0.6208438820031006,1600,512,524288
25521,1,mirror_r8_lr0.001,13,0.11439546197652817,4717,63719f6df6357e639d78fc44fe158c45747bdbaf03487cc3d4bd37330b17abf3,experiments/mirror_applications/ma-255-parameter-superposition-mirror/artifacts/payloads_a1/25521_1_mirror_r8_lr0.001_13.pt,0.6208438820031006,1600,512,524288
25521,1,mirror_r8_lr0.001,14,0.05367056652903557,4717,0d7d94f816eabba901c394b66588ac2b167cbfdd28abd934fc13e56955a06a01,experiments/mirror_applications/ma-255-parameter-superposition-mirror/artifacts/payloads_a1/25521_1_mirror_r8_lr0.001_14.pt,0.6208438820031006,1600,512,524288
25521,1,mirror_r8_lr0.001,15,0.05068407207727432,4717,71e715826734aa362c4b3f13d110a640aad16e409db04eaddff0f3ef68d3ef87,experiments/mirror_applications/ma-255-parameter-superposition-mirror/artifacts/payloads_a1/25521_1_mirror_r8_lr0.001_15.pt,0.6208438820031006,1600,512,524288
25521,1,generic_lowrank_r8_lr0.001,0,0.08359400182962418,4717,4b3fb512f397e718dd5530bbf4e9bdfdb99f342d58de9e495ceffd9cbeb98157,experiments/mirror_applications/ma-255-parameter-superposition-mirror/artifacts/payloads_a1/25521_1_generic_lowrank_r8_lr0.001_0.pt,0.6208438820031006,1600,512,524288
25521,1,generic_lowrank_r8_lr0.001,1,0.0361005999147892,4717,ca14ce4a2b9e79ad9024498aaa45a9a6130c52de5ab4a5211f59687f9c1012d5,experiments/mirror_applications/ma-255-parameter-superposition-mirror/artifacts/payloads_a1/25521_1_generic_lowrank_r8_lr0.001_1.pt,0.6208438820031006,1600,512,524288
25521,1,generic_lowrank_r8_lr0.001,2,0.04198935627937317,4717,3f6a3d83c029cc06cfe62784c9e43e5f235ad4ee5049aa2cf8aafb75d17ee9f3,experiments/mirror_applications/ma-255-parameter-superposition-mirror/artifacts/payloads_a1/25521_1_generic_lowrank_r8_lr0.001_2.pt,0.6208438820031006,1600,512,524288
25521,1,generic_lowrank_r8_lr0.001,3,0.08161173015832901,4717,7ba3e2b1445114c5f19d35e6fbf709ad1954a49122cfc9b63f59f60b0c557343,experiments/mirror_applications/ma-255-parameter-superposition-mirror/artifacts/payloads_a1/25521_1_generic_lowrank_r8_lr0.001_3.pt,0.6208438820031006,1600,512,524288
25521,1,generic_lowrank_r8_lr0.001,4,0.06708630919456482,4717,ebcb8a1753b4f0212254f484dfbc6ee38cdb0f5995e612d474da83431a5ac555,experiments/mirror_applications/ma-255-parameter-superposition-mirror/artifacts/payloads_a1/25521_1_generic_lowrank_r8_lr0.001_4.pt,0.6208438820031006,1600,512,524288
25521,1,generic_lowrank_r8_lr0.001,5,0.1800941526889801,4717,abb4beb3990d0ae803f504016fb929ab0b490661d422c64b6ab22ef1a39bca57,experiments/mirror_applications/ma-255-parameter-superposition-mirror/artifacts/payloads_a1/25521_1_generic_lowrank_r8_lr0.001_5.pt,0.6208438820031006,1600,512,524288
25521,1,generic_lowrank_r8_lr0.001,6,0.09216298162937164,4717,865719cdfc22ed7e7873988e66dba4f4b053783183d4f24da25286af2dd4ed1d,experiments/mirror_applications/ma-255-parameter-superposition-mirror/artifacts/payloads_a1/25521_1_generic_lowrank_r8_lr0.001_6.pt,0.6208438820031006,1600,512,524288
25521,1,generic_lowrank_r8_lr0.001,7,0.0871897041797638,4717,f6b4f68a550271092c847e4856facc3f57825d4005b9c25af9e1e9e9b41ffb79,experiments/mirror_applications/ma-255-parameter-superposition-mirror/artifacts/payloads_a1/25521_1_generic_lowrank_r8_lr0.001_7.pt,0.6208438820031006,1600,512,524288
25521,1,generic_lowrank_r8_lr0.001,8,0.07413814216852188,4717,8a2702e6bb33b63aca74c7662f9e926f68daa0fe94784499ad21f9cdbf1c93f8,experiments/mirror_applications/ma-255-parameter-superposition-mirror/artifacts/payloads_a1/25521_1_generic_lowrank_r8_lr0.001_8.pt,0.6208438820031006,1600,512,524288
25521,1,generic_lowrank_r8_lr0.001,9,0.04783842712640762,4717,2332167616d005db5949c6b63939c85489ba38e332f5aa440327ddec4cc5097e,experiments/mirror_applications/ma-255-parameter-superposition-mirror/artifacts/payloads_a1/25521_1_generic_lowrank_r8_lr0.001_9.pt,0.6208438820031006,1600,512,524288
25521,1,generic_lowrank_r8_lr0.001,10,0.05790480598807335,4717,11edc5e2914f6d60ee72b8c980ac16a0f003058ba040d522f0849f1717d48188,experiments/mirror_applications/ma-255-parameter-superposition-mirror/artifacts/payloads_a1/25521_1_generic_lowrank_r8_lr0.001_10.pt,0.6208438820031006,1600,512,524288
25521,1,generic_lowrank_r8_lr0.001,11,0.05293188616633415,4717,a93462f133ca2fae9f55c0ef0e4205d28a473d5e838a6e0a624893080cf96f6b,experiments/mirror_applications/ma-255-parameter-superposition-mirror/artifacts/payloads_a1/25521_1_generic_lowrank_r8_lr0.001_11.pt,0.6208438820031006,1600,512,524288
25521,1,generic_lowrank_r8_lr0.001,12,0.11061491072177887,4717,65e061554c41f0a53fe332a99561a2374e1e1f41fad1d949b9c2f61d88443e81,experiments/mirror_applications/ma-255-parameter-superposition-mirror/artifacts/payloads_a1/25521_1_generic_lowrank_r8_lr0.001_12.pt,0.6208438820031006,1600,512,524288
25521,1,generic_lowrank_r8_lr0.001,13,0.11439546197652817,4717,a753acf9eeaf280f3902edc347c651c2d75ab1b6777a59dc8ebea233d0eeb5d7,experiments/mirror_applications/ma-255-parameter-superposition-mirror/artifacts/payloads_a1/25521_1_generic_lowrank_r8_lr0.001_13.pt,0.6208438820031006,1600,512,524288
25521,1,generic_lowrank_r8_lr0.001,14,0.05367056652903557,4717,fd5c5d8a751cd90a55ee7a284da6ea8f965ffeb588ea1c5d24f13fb58f5814cd,experiments/mirror_applications/ma-255-parameter-superposition-mirror/artifacts/payloads_a1/25521_1_generic_lowrank_r8_lr0.001_14.pt,0.6208438820031006,1600,512,524288
25521,1,generic_lowrank_r8_lr0.001,15,0.05068407207727432,4717,4d561b3367ecd88aac42ba476b02d2c71e4b145735e4d863978385c38007e15a,experiments/mirror_applications/ma-255-parameter-superposition-mirror/artifacts/payloads_a1/25521_1_generic_lowrank_r8_lr0.001_15.pt,0.6208438820031006,1600,512,524288
25521,1,mirror_r8_lr0.01,0,0.0836179256439209,4717,25715b2a735dc0a8fd3ed37d3062d3852f2aed9386166e146eb7bef41f536ed7,experiments/mirror_applications/ma-255-parameter-superposition-mirror/artifacts/payloads_a1/25521_1_mirror_r8_lr0.01_0.pt,0.6010710380069213,1600,512,524288
25521,1,mirror_r8_lr0.01,1,0.03614387288689613,4717,e1816795806e5f5345cd3265e66497cfe70a175599ac6fb05ad269d3e3aa2365,experiments/mirror_applications/ma-255-parameter-superposition-mirror/artifacts/payloads_a1/25521_1_mirror_r8_lr0.01_1.pt,0.6010710380069213,1600,512,524288
25521,1,mirror_r8_lr0.01,2,0.04203598201274872,4717,e864d18f80d6cd25d64c636ccc1805c8e0ad51e92569a193acdac7d4e66a63b4,experiments/mirror_applications/ma-255-parameter-superposition-mirror/artifacts/payloads_a1/25521_1_mirror_r8_lr0.01_2.pt,0.6010710380069213,1600,512,524288
25521,1,mirror_r8_lr0.01,3,0.08150472491979599,4717,16b3d01c9d075919b68546661b8058a1d797aade430bea8fd73ce88a3f9e5b10,experiments/mirror_applications/ma-255-parameter-superposition-mirror/artifacts/payloads_a1/25521_1_mirror_r8_lr0.01_3.pt,0.6010710380069213,1600,512,524288
25521,1,mirror_r8_lr0.01,4,0.06710746884346008,4717,bf767100422bafde45e94fb4ae10309d1e05035e1d2dac8a0577f698b5e3114a,experiments/mirror_applications/ma-255-parameter-superposition-mirror/artifacts/payloads_a1/25521_1_mirror_r8_lr0.01_4.pt,0.6010710380069213,1600,512,524288
25521,1,mirror_r8_lr0.01,5,0.18029461801052094,4717,f62e01cfec15f24c247b6567a4d749b80575be49c96396c701214f9ba5eedbac,experiments/mirror_applications/ma-255-parameter-superposition-mirror/artifacts/payloads_a1/25521_1_mirror_r8_lr0.01_5.pt,0.6010710380069213,1600,512,524288
25521,1,mirror_r8_lr0.01,6,0.09215609729290009,4717,2a793dbefd944634397a4a46716228f3f644bce1d87a13883a421d4fc56c7fd6,experiments/mirror_applications/ma-255-parameter-superposition-mirror/artifacts/payloads_a1/25521_1_mirror_r8_lr0.01_6.pt,0.6010710380069213,1600,512,524288
25521,1,mirror_r8_lr0.01,7,0.08717737346887589,4717,f959aaccfdc99ff5a93be5a14fe4c5c507b8124c3d7a83a107bff3db1f107aed,experiments/mirror_applications/ma-255-parameter-superposition-mirror/artifacts/payloads_a1/25521_1_mirror_r8_lr0.01_7.pt,0.6010710380069213,1600,512,524288
25521,1,mirror_r8_lr0.01,8,0.07399004697799683,4717,4fa70db1bbf57f458bea95a2c2f770a1a9d391e30388b600bd32fc4c9674fc40,experiments/mirror_applications/ma-255-parameter-superposition-mirror/artifacts/payloads_a1/25521_1_mirror_r8_lr0.01_8.pt,0.6010710380069213,1600,512,524288
25521,1,mirror_r8_lr0.01,9,0.04783548787236214,4717,2df07bb126ca549573e9884b0dfd19b57b0922417feb8ea82e39199d0470ee3c,experiments/mirror_applications/ma-255-parameter-superposition-mirror/artifacts/payloads_a1/25521_1_mirror_r8_lr0.01_9.pt,0.6010710380069213,1600,512,524288
25521,1,mirror_r8_lr0.01,10,0.05790157616138458,4717,e6d119239718a08722b9051976243cced1054ef3c68249f23add98c71f00fe73,experiments/mirror_applications/ma-255-parameter-superposition-mirror/artifacts/payloads_a1/25521_1_mirror_r8_lr0.01_10.pt,0.6010710380069213,1600,512,524288
25521,1,mirror_r8_lr0.01,11,0.05286883935332298,4717,c46d416eb3ca5cd5112e6c903a1b7590747c8eeb72d9c68d4338523abc8d73eb,experiments/mirror_applications/ma-255-parameter-superposition-mirror/artifacts/payloads_a1/25521_1_mirror_r8_lr0.01_11.pt,0.6010710380069213,1600,512,524288
25521,1,mirror_r8_lr0.01,12,0.11057418584823608,4717,15b2ca0bf27ec14beea5de213870a70e5adf2f4472d7fa56fda0cc122e069a77,experiments/mirror_applications/ma-255-parameter-superposition-mirror/artifacts/payloads_a1/25521_1_mirror_r8_lr0.01_12.pt,0.6010710380069213,1600,512,524288
25521,1,mirror_r8_lr0.01,13,0.11434146761894226,4717,ae5c25f58b974c382ee795fd194b0cde3a1a511fd9f056c4a6d1ae7ab85ebf55,experiments/mirror_applications/ma-255-parameter-superposition-mirror/artifacts/payloads_a1/25521_1_mirror_r8_lr0.01_13.pt,0.6010710380069213,1600,512,524288
25521,1,mirror_r8_lr0.01,14,0.053682975471019745,4717,cf4053087958f4ac021c5bb37be602a3007a83670119cd374434ff9227c32884,experiments/mirror_applications/ma-255-parameter-superposition-mirror/artifacts/payloads_a1/25521_1_mirror_r8_lr0.01_14.pt,0.6010710380069213,1600,512,524288
25521,1,mirror_r8_lr0.01,15,0.05076258257031441,4717,52e333c2ccc9729b8c055aeecc75305ed449a11a6be93a5952871720d5d776fa,experiments/mirror_applications/ma-255-parameter-superposition-mirror/artifacts/payloads_a1/25521_1_mirror_r8_lr0.01_15.pt,0.6010710380069213,1600,512,524288
25521,1,generic_lowrank_r8_lr0.01,0,0.0836179256439209,4717,a00f318c95e20d2fb26a32649f12ada9fa4b8306bd0552c52a1e2fff5ee55d5f,experiments/mirror_applications/ma-255-parameter-superposition-mirror/artifacts/payloads_a1/25521_1_generic_lowrank_r8_lr0.01_0.pt,0.6010710380069213,1600,512,524288
25521,1,generic_lowrank_r8_lr0.01,1,0.03614387288689613,4717,b6f97684519e6902c3f6b4fe9b774a3361b2fcf398276e7c919bc60fa5fd5aea,experiments/mirror_applications/ma-255-parameter-superposition-mirror/artifacts/payloads_a1/25521_1_generic_lowrank_r8_lr0.01_1.pt,0.6010710380069213,1600,512,524288
25521,1,generic_lowrank_r8_lr0.01,2,0.04203598201274872,4717,104bfa9fa2b08fb4e7bba55b355a20bc0d313932eaf5638d6e589e07d94bad95,experiments/mirror_applications/ma-255-parameter-superposition-mirror/artifacts/payloads_a1/25521_1_generic_lowrank_r8_lr0.01_2.pt,0.6010710380069213,1600,512,524288
25521,1,generic_lowrank_r8_lr0.01,3,0.08150472491979599,4717,e95595c0d2ba42a0cb703f2129e85eb1a824b060fc89f78455f43669f7dda220,experiments/mirror_applications/ma-255-parameter-superposition-mirror/artifacts/payloads_a1/25521_1_generic_lowrank_r8_lr0.01_3.pt,0.6010710380069213,1600,512,524288
25521,1,generic_lowrank_r8_lr0.01,4,0.06710746884346008,4717,80fff083496a4b2d74df31ea9603b1c2b4a68d8b5f3c5cc49c9bc15cd62ce03e,experiments/mirror_applications/ma-255-parameter-superposition-mirror/artifacts/payloads_a1/25521_1_generic_lowrank_r8_lr0.01_4.pt,0.6010710380069213,1600,512,524288
25521,1,generic_lowrank_r8_lr0.01,5,0.18029461801052094,4717,2337dc997b51004997663c696294bbd6661a48f9550af0b45aa1066f258f6336,experiments/mirror_applications/ma-255-parameter-superposition-mirror/artifacts/payloads_a1/25521_1_generic_lowrank_r8_lr0.01_5.pt,0.6010710380069213,1600,512,524288
25521,1,generic_lowrank_r8_lr0.01,6,0.09215609729290009,4717,c55d2775d1a22db28c9b985f1363cb8f377f227ac03cfd5b0e044f33be2ca4c0,experiments/mirror_applications/ma-255-parameter-superposition-mirror/artifacts/payloads_a1/25521_1_generic_lowrank_r8_lr0.01_6.pt,0.6010710380069213,1600,512,524288
25521,1,generic_lowrank_r8_lr0.01,7,0.08717737346887589,4717,ba2317e80838b7f73bd3c2aafe97eed5a5a891d6920b4c49a71261f87c0f7ba2,experiments/mirror_applications/ma-255-parameter-superposition-mirror/artifacts/payloads_a1/25521_1_generic_lowrank_r8_lr0.01_7.pt,0.6010710380069213,1600,512,524288
25521,1,generic_lowrank_r8_lr0.01,8,0.07399004697799683,4717,8154b42dbecc29fdbb538142a0fd4cd4cb35015775915f785c46872ff6046bb0,experiments/mirror_applications/ma-255-parameter-superposition-mirror/artifacts/payloads_a1/25521_1_generic_lowrank_r8_lr0.01_8.pt,0.6010710380069213,1600,512,524288
25521,1,generic_lowrank_r8_lr0.01,9,0.04783548787236214,4717,894ed32ca644dc0677920dae652a04b0c0310e9d77cc06c486a747a458261e82,experiments/mirror_applications/ma-255-parameter-superposition-mirror/artifacts/payloads_a1/25521_1_generic_lowrank_r8_lr0.01_9.pt,0.6010710380069213,1600,512,524288
25521,1,generic_lowrank_r8_lr0.01,10,0.05790157616138458,4717,7e34e18e7495416ae7bda648210dc9e1a7ed353dbb97c0a7301571b19ce5c6fb,experiments/mirror_applications/ma-255-parameter-superposition-mirror/artifacts/payloads_a1/25521_1_generic_lowrank_r8_lr0.01_10.pt,0.6010710380069213,1600,512,524288
25521,1,generic_lowrank_r8_lr0.01,11,0.05286883935332298,4717,ecf7ed2473a7d02cadc69332274487f26d37b117357c85f8ad6440262db8a874,experiments/mirror_applications/ma-255-parameter-superposition-mirror/artifacts/payloads_a1/25521_1_generic_lowrank_r8_lr0.01_11.pt,0.6010710380069213,1600,512,524288
25521,1,generic_lowrank_r8_lr0.01,12,0.11057418584823608,4717,c58e162697d5b607fae72f5485b6ab8094bbc82834def9fcb04b617bc2d884a6,experiments/mirror_applications/ma-255-parameter-superposition-mirror/artifacts/payloads_a1/25521_1_generic_lowrank_r8_lr0.01_12.pt,0.6010710380069213,1600,512,524288
25521,1,generic_lowrank_r8_lr0.01,13,0.11434146761894226,4717,c5ecc709ccd761da581ea8d457d54e5a532105023fa1ce3802fffafa8acf0eec,experiments/mirror_applications/ma-255-parameter-superposition-mirror/artifacts/payloads_a1/25521_1_generic_lowrank_r8_lr0.01_13.pt,0.6010710380069213,1600,512,524288
25521,1,generic_lowrank_r8_lr0.01,14,0.053682975471019745,4717,815d2b7e788c0e983f96a2ff6214be9203a1429a26c901d880d24ac2a2f3957d,experiments/mirror_applications/ma-255-parameter-superposition-mirror/artifacts/payloads_a1/25521_1_generic_lowrank_r8_lr0.01_14.pt,0.6010710380069213,1600,512,524288
25521,1,generic_lowrank_r8_lr0.01,15,0.05076258257031441,4717,8bf8284969ec8104842cbead353746dce787475fdbeb4dd5e256049b667245f8,experiments/mirror_applications/ma-255-parameter-superposition-mirror/artifacts/payloads_a1/25521_1_generic_lowrank_r8_lr0.01_15.pt,0.6010710380069213,1600,512,524288
25521,1,mirror_r8_lr0.03,0,0.0836179256439209,4781,8a4968751b0d7cc4212fd3deace07e51e55a165b64c5daca6d14d7b81381242e,experiments/mirror_applications/ma-255-parameter-superposition-mirror/artifacts/payloads_a1/25521_1_mirror_r8_lr0.03_0.pt,0.6294608110038098,1600,512,524288
25521,1,mirror_r8_lr0.03,1,0.03614387288689613,4781,b7346b52fd7f87ee708c441692406825c273c008162e544be6527689549086b1,experiments/mirror_applications/ma-255-parameter-superposition-mirror/artifacts/payloads_a1/25521_1_mirror_r8_lr0.03_1.pt,0.6294608110038098,1600,512,524288
25521,1,mirror_r8_lr0.03,2,0.04203593730926514,4781,53ee4a7058f29b4088b7d60aeaa65aa209d63cba5222dcf6b37d24db6458812c,experiments/mirror_applications/ma-255-parameter-superposition-mirror/artifacts/payloads_a1/25521_1_mirror_r8_lr0.03_2.pt,0.6294608110038098,1600,512,524288
25521,1,mirror_r8_lr0.03,3,0.08150472491979599,4781,1a040568595f3b917901daadc37955bb61900e4804ca097c9b589bfcd07306b1,experiments/mirror_applications/ma-255-parameter-superposition-mirror/artifacts/payloads_a1/25521_1_mirror_r8_lr0.03_3.pt,0.6294608110038098,1600,512,524288
25521,1,mirror_r8_lr0.03,4,0.06710747629404068,4781,029537181dcb420f1bca3e3a4437ba0ccee66caf7d8afa9c2ad244133c09c1a5,experiments/mirror_applications/ma-255-parameter-superposition-mirror/artifacts/payloads_a1/25521_1_mirror_r8_lr0.03_4.pt,0.6294608110038098,1600,512,524288
25521,1,mirror_r8_lr0.03,5,0.18029460310935974,4781,2d308478be06975e3e095a4649997070c72cc0ed8e398dc89d6f41dc2660ddf7,experiments/mirror_applications/ma-255-parameter-superposition-mirror/artifacts/payloads_a1/25521_1_mirror_r8_lr0.03_5.pt,0.6294608110038098,1600,512,524288
25521,1,mirror_r8_lr0.03,6,0.09215609729290009,4781,381202b155d19e8a5e55f79df0f1b4644e26ef192559b01a937e8b33bf6db542,experiments/mirror_applications/ma-255-parameter-superposition-mirror/artifacts/payloads_a1/25521_1_mirror_r8_lr0.03_6.pt,0.6294608110038098,1600,512,524288
25521,1,mirror_r8_lr0.03,7,0.08717741072177887,4781,51b0c13d7762f0ea779b8e235bed675939f1f547ab329bf408fdd875f07d990c,experiments/mirror_applications/ma-255-parameter-superposition-mirror/artifacts/payloads_a1/25521_1_mirror_r8_lr0.03_7.pt,0.6294608110038098,1600,512,524288
25521,1,mirror_r8_lr0.03,8,0.07399007678031921,4781,f41f53370a7c45534cc17f6d62d3e3d6fdea1d504f8de270f1e749d3b39a5564,experiments/mirror_applications/ma-255-parameter-superposition-mirror/artifacts/payloads_a1/25521_1_mirror_r8_lr0.03_8.pt,0.6294608110038098,1600,512,524288
25521,1,mirror_r8_lr0.03,9,0.04783549904823303,4781,4475666ef709d02dfaa901611457b97750ef89059b16f08d7713d8374db5d645,experiments/mirror_applications/ma-255-parameter-superposition-mirror/artifacts/payloads_a1/25521_1_mirror_r8_lr0.03_9.pt,0.6294608110038098,1600,512,524288
25521,1,mirror_r8_lr0.03,10,0.05790157616138458,4781,78ebedbbe8b3a46a7de4758a3a5f0f56c0eb6a5a45ffcf1a914826f14431d6d7,experiments/mirror_applications/ma-255-parameter-superposition-mirror/artifacts/payloads_a1/25521_1_mirror_r8_lr0.03_10.pt,0.6294608110038098,1600,512,524288
25521,1,mirror_r8_lr0.03,11,0.05286883935332298,4781,13e651367f268a2699f90ea3815f673f8ce3b98df4e3a05389c89efd0ac036b9,experiments/mirror_applications/ma-255-parameter-superposition-mirror/artifacts/payloads_a1/25521_1_mirror_r8_lr0.03_11.pt,0.6294608110038098,1600,512,524288
25521,1,mirror_r8_lr0.03,12,0.11057419329881668,4781,f543025a9c20b1475d63e6b79435a7773a434a84d2a5394307185ad16f4d17cc,experiments/mirror_applications/ma-255-parameter-superposition-mirror/artifacts/payloads_a1/25521_1_mirror_r8_lr0.03_12.pt,0.6294608110038098,1600,512,524288
25521,1,mirror_r8_lr0.03,13,0.11434148252010345,4781,f8ea2329b6d08194362b5d554f93090e7e9858a5e7eb4eedc5a37fa7f1809d27,experiments/mirror_applications/ma-255-parameter-superposition-mirror/artifacts/payloads_a1/25521_1_mirror_r8_lr0.03_13.pt,0.6294608110038098,1600,512,524288
25521,1,mirror_r8_lr0.03,14,0.05368298664689064,4781,7780002127f23608d8698ef46957b42ec8555e9b50378036980dbe5178d43e47,experiments/mirror_applications/ma-255-parameter-superposition-mirror/artifacts/payloads_a1/25521_1_mirror_r8_lr0.03_14.pt,0.6294608110038098,1600,512,524288
25521,1,mirror_r8_lr0.03,15,0.05076257884502411,4781,c740100b9ba9a4dca3adcd1fabbb381b65742ab082cfc22c2c9c3445c7381a54,experiments/mirror_applications/ma-255-parameter-superposition-mirror/artifacts/payloads_a1/25521_1_mirror_r8_lr0.03_15.pt,0.6294608110038098,1600,512,524288
25521,1,generic_lowrank_r8_lr0.03,0,0.0836179256439209,4781,64b89986e224a820e99c0e473419aa30a2b2bb4150c59e2449a3a3edf8140cc1,experiments/mirror_applications/ma-255-parameter-superposition-mirror/artifacts/payloads_a1/25521_1_generic_lowrank_r8_lr0.03_0.pt,0.6294608110038098,1600,512,524288
25521,1,generic_lowrank_r8_lr0.03,1,0.03614387288689613,4781,6bd7dbe271191e7561399106800690bcad230328dc9a901c1fd80a90e917ab7f,experiments/mirror_applications/ma-255-parameter-superposition-mirror/artifacts/payloads_a1/25521_1_generic_lowrank_r8_lr0.03_1.pt,0.6294608110038098,1600,512,524288
25521,1,generic_lowrank_r8_lr0.03,2,0.04203593730926514,4781,25a3196161f6e02ffd7855560b2aa8669426d863ba09a6cf31fa797b9ffd9acf,experiments/mirror_applications/ma-255-parameter-superposition-mirror/artifacts/payloads_a1/25521_1_generic_lowrank_r8_lr0.03_2.pt,0.6294608110038098,1600,512,524288
25521,1,generic_lowrank_r8_lr0.03,3,0.08150472491979599,4781,ed971f9c1c5b85f211ade58c3baab8ebec99b2d68f4ea0ce628e44854cf34f42,experiments/mirror_applications/ma-255-parameter-superposition-mirror/artifacts/payloads_a1/25521_1_generic_lowrank_r8_lr0.03_3.pt,0.6294608110038098,1600,512,524288
25521,1,generic_lowrank_r8_lr0.03,4,0.06710747629404068,4781,6352d57a7e59fd16c249245c3f90b7c887a48f2e7b648d89fa7bc54111b3a5fb,experiments/mirror_applications/ma-255-parameter-superposition-mirror/artifacts/payloads_a1/25521_1_generic_lowrank_r8_lr0.03_4.pt,0.6294608110038098,1600,512,524288
25521,1,generic_lowrank_r8_lr0.03,5,0.18029460310935974,4781,e35d74fd15c0da457f2df956a433e133ef9245e176ffd85301175cd3e5bca4e4,experiments/mirror_applications/ma-255-parameter-superposition-mirror/artifacts/payloads_a1/25521_1_generic_lowrank_r8_lr0.03_5.pt,0.6294608110038098,1600,512,524288
25521,1,generic_lowrank_r8_lr0.03,6,0.09215609729290009,4781,0834dcd193cf5212ab940212ffd3cbdc3f355c543cc5e9bc4e678f54ba0e7d80,experiments/mirror_applications/ma-255-parameter-superposition-mirror/artifacts/payloads_a1/25521_1_generic_lowrank_r8_lr0.03_6.pt,0.6294608110038098,1600,512,524288
25521,1,generic_lowrank_r8_lr0.03,7,0.08717741072177887,4781,fe07f315b22ba3d3daa556398c4d793ce78e0741de140cdd9db750a791ac78d2,experiments/mirror_applications/ma-255-parameter-superposition-mirror/artifacts/payloads_a1/25521_1_generic_lowrank_r8_lr0.03_7.pt,0.6294608110038098,1600,512,524288
25521,1,generic_lowrank_r8_lr0.03,8,0.07399007678031921,4781,b4e9aadd8d2b9761a2a003b5134c40215c041f4f6413307e6a99ac51fc1b6b85,experiments/mirror_applications/ma-255-parameter-superposition-mirror/artifacts/payloads_a1/25521_1_generic_lowrank_r8_lr0.03_8.pt,0.6294608110038098,1600,512,524288
25521,1,generic_lowrank_r8_lr0.03,9,0.04783549904823303,4781,86f701938211635c42f89d36ba5075fdbc004bc40103581222fffba3b48634b3,experiments/mirror_applications/ma-255-parameter-superposition-mirror/artifacts/payloads_a1/25521_1_generic_lowrank_r8_lr0.03_9.pt,0.6294608110038098,1600,512,524288
25521,1,generic_lowrank_r8_lr0.03,10,0.05790157616138458,4781,e85910a61534c0b3e8680110f71ce46631cac7623f29ad18341ac111b6d80692,experiments/mirror_applications/ma-255-parameter-superposition-mirror/artifacts/payloads_a1/25521_1_generic_lowrank_r8_lr0.03_10.pt,0.6294608110038098,1600,512,524288
25521,1,generic_lowrank_r8_lr0.03,11,0.05286883935332298,4781,a936746bf803e996f0118dc7e042c2b382aa741fcabd4f5e7e079103be4edb67,experiments/mirror_applications/ma-255-parameter-superposition-mirror/artifacts/payloads_a1/25521_1_generic_lowrank_r8_lr0.03_11.pt,0.6294608110038098,1600,512,524288
25521,1,generic_lowrank_r8_lr0.03,12,0.11057419329881668,4781,b81e0a37043b6afea9277228d05b70b5233558e723e61e8a274b0b8d4fca0ab7,experiments/mirror_applications/ma-255-parameter-superposition-mirror/artifacts/payloads_a1/25521_1_generic_lowrank_r8_lr0.03_12.pt,0.6294608110038098,1600,512,524288
25521,1,generic_lowrank_r8_lr0.03,13,0.11434148252010345,4781,cc35d6dd78724d790ff911d5e9c09c686aaf1cb62d65dad5a799a2aa36907d44,experiments/mirror_applications/ma-255-parameter-superposition-mirror/artifacts/payloads_a1/25521_1_generic_lowrank_r8_lr0.03_13.pt,0.6294608110038098,1600,512,524288
25521,1,generic_lowrank_r8_lr0.03,14,0.05368298664689064,4781,580fe987eeca8aee4ff55e320b78be64c350d04b8a21a36b2999529a1f086bb6,experiments/mirror_applications/ma-255-parameter-superposition-mirror/artifacts/payloads_a1/25521_1_generic_lowrank_r8_lr0.03_14.pt,0.6294608110038098,1600,512,524288
25521,1,generic_lowrank_r8_lr0.03,15,0.05076257884502411,4781,a7a4e5606755421bf965816abe0a3099b6b90773a0ec9df0b46f5b2d5b80292a,experiments/mirror_applications/ma-255-parameter-superposition-mirror/artifacts/payloads_a1/25521_1_generic_lowrank_r8_lr0.03_15.pt,0.6294608110038098,1600,512,524288
25521,2,psp,0,0.39297381043434143,12133,e3ca3a223e7c229744362bc3d9ed7ec9d835acf8eb30fc2171ca9a211f47e077,experiments/mirror_applications/ma-255-parameter-superposition-mirror/artifacts/payloads_a1/25521_2_psp_0.pt,0.0,0,512,32768
25521,2,psp,1,0.4024311304092407,12133,7df7ea15508e43c098ecafded7cd809a620c6a214ae7b421b69ca682331a5004,experiments/mirror_applications/ma-255-parameter-superposition-mirror/artifacts/payloads_a1/25521_2_psp_1.pt,0.0,0,512,32768
25521,2,psp,2,0.26093557476997375,12133,22aa42df36305d6b3189ccea24d979924b87bfa92f4895100d96a36c5def001e,experiments/mirror_applications/ma-255-parameter-superposition-mirror/artifacts/payloads_a1/25521_2_psp_2.pt,0.0,0,512,32768
25521,2,psp,3,0.5356723070144653,12133,049338a30f8924aacf9869f81013227cb254f2113ae51c849cd6de8498ed42a7,experiments/mirror_applications/ma-255-parameter-superposition-mirror/artifacts/payloads_a1/25521_2_psp_3.pt,0.0,0,512,32768
25521,2,psp,4,0.6495035290718079,12133,77b63ea439e08a565abaa3e69144081b2abf9f37c557908989b956eb29d9ceed,experiments/mirror_applications/ma-255-parameter-superposition-mirror/artifacts/payloads_a1/25521_2_psp_4.pt,0.0,0,512,32768
25521,2,psp,5,0.2802083194255829,12133,be88a306aae6879b7b9c70bbd5b135c59d04d74a38c0139a2c577a5ff17234b2,experiments/mirror_applications/ma-255-parameter-superposition-mirror/artifacts/payloads_a1/25521_2_psp_5.pt,0.0,0,512,32768
25521,2,psp,6,0.49054035544395447,12133,952572c0594611ce3e8bc6e727b0ace4fe80c803d4e1853eeb7a2c2e658117eb,experiments/mirror_applications/ma-255-parameter-superposition-mirror/artifacts/payloads_a1/25521_2_psp_6.pt,0.0,0,512,32768
25521,2,psp,7,0.3917447328567505,12133,42cf5576dcd56c142f218136bfd0fe3cee60da4827ff83e6f43aa6410849b96c,experiments/mirror_applications/ma-255-parameter-superposition-mirror/artifacts/payloads_a1/25521_2_psp_7.pt,0.0,0,512,32768
25521,2,psp,8,0.38111308217048645,12133,ca54e10d1afa255029c35a7af36f063c122448e9c9c3a0f3b50a959e540d6926,experiments/mirror_applications/ma-255-parameter-superposition-mirror/artifacts/payloads_a1/25521_2_psp_8.pt,0.0,0,512,32768
25521,2,psp,9,0.5562810897827148,12133,1a1440be9f289f0fba59e9e9af12fdf59f4aa79d1b6828c4b98073cee366ac48,experiments/mirror_applications/ma-255-parameter-superposition-mirror/artifacts/payloads_a1/25521_2_psp_9.pt,0.0,0,512,32768
25521,2,psp,10,0.3417711853981018,12133,066c284e35a9e3f625c716ad408d79629ce319e2ae1a137b6e5b6642720bc002,experiments/mirror_applications/ma-255-parameter-superposition-mirror/artifacts/payloads_a1/25521_2_psp_10.pt,0.0,0,512,32768
25521,2,psp,11,0.5343649387359619,12133,4e4368e69a233cb06d9b20506f90e9e0dd9358dfd9b4ff50b2236c9026e39060,experiments/mirror_applications/ma-255-parameter-superposition-mirror/artifacts/payloads_a1/25521_2_psp_11.pt,0.0,0,512,32768
25521,2,psp,12,0.5190969109535217,12133,1610afbf2c4cd8bf819f9142c1aa0afcbe40e1cfd2606120aa9751325c745974,experiments/mirror_applications/ma-255-parameter-superposition-mirror/artifacts/payloads_a1/25521_2_psp_12.pt,0.0,0,512,32768
25521,2,psp,13,0.5175912380218506,12133,4fa75f0e8a2e685e6e3fbe9219492e4aa45b5f27225f27e93d7f1fce8dd68525,experiments/mirror_applications/ma-255-parameter-superposition-mirror/artifacts/payloads_a1/25521_2_psp_13.pt,0.0,0,512,32768
25521,2,psp,14,0.9664523005485535,12133,42e3553bc013fd7fe1fee575cf9b1ddc7b7a616b6bc3855e8bbac195577b0911,experiments/mirror_applications/ma-255-parameter-superposition-mirror/artifacts/payloads_a1/25521_2_psp_14.pt,0.0,0,512,32768
25521,2,psp,15,0.4582347869873047,12133,d7ad618e916ac2b310e114cbf1401cc3bacb1a7ee2815485ce591b82a6253dc3,experiments/mirror_applications/ma-255-parameter-superposition-mirror/artifacts/payloads_a1/25521_2_psp_15.pt,0.0,0,512,32768
25521,2,shared,0,0.8680077791213989,3245,6570edfd111b6697e7ec85cd4cfa3d4bb584112dd7f9a067a31d9ad480785550,experiments/mirror_applications/ma-255-parameter-superposition-mirror/artifacts/payloads_a1/25521_2_shared_0.pt,0.0,0,512,32768
25521,2,shared,1,1.0189073085784912,3245,bf5a4cd05c8ac2cbfd2e63bd54b47b3e4e09eb3b5efb4f1e64df6b20f3955b5b,experiments/mirror_applications/ma-255-parameter-superposition-mirror/artifacts/payloads_a1/25521_2_shared_1.pt,0.0,0,512,32768
25521,2,shared,2,1.0461559295654297,3245,2a44a6f40e87c69894b6272c3b53ae910c6f793e2ce115fb263e7b7277100b0b,experiments/mirror_applications/ma-255-parameter-superposition-mirror/artifacts/payloads_a1/25521_2_shared_2.pt,0.0,0,512,32768
25521,2,shared,3,0.8789381980895996,3245,5640777a9aaf8f77006ce08a5702f0d336d973c7964b77d734e889a7bf2c3435,experiments/mirror_applications/ma-255-parameter-superposition-mirror/artifacts/payloads_a1/25521_2_shared_3.pt,0.0,0,512,32768
25521,2,shared,4,0.9676778316497803,3245,73f2a6b5708ada2d70aa51fdb9a06a355a46a84d8c02d291d62bc9c3cc9922cc,experiments/mirror_applications/ma-255-parameter-superposition-mirror/artifacts/payloads_a1/25521_2_shared_4.pt,0.0,0,512,32768
25521,2,shared,5,0.8752979636192322,3245,e64aaaf0d4769dbab72d008ca2ddcdaaf8de79d1d38a94bbb28dad97672c6cd1,experiments/mirror_applications/ma-255-parameter-superposition-mirror/artifacts/payloads_a1/25521_2_shared_5.pt,0.0,0,512,32768
25521,2,shared,6,1.0564401149749756,3245,8f897b287b813a02698df4101089991caeec289e645d54c6a5c14780b9ec686d,experiments/mirror_applications/ma-255-parameter-superposition-mirror/artifacts/payloads_a1/25521_2_shared_6.pt,0.0,0,512,32768
25521,2,shared,7,0.8403071165084839,3245,2a7a3cc540209e42e8b718ec22d4cd856bcaae16610f5fddc5445a9129d5bdb8,experiments/mirror_applications/ma-255-parameter-superposition-mirror/artifacts/payloads_a1/25521_2_shared_7.pt,0.0,0,512,32768
25521,2,shared,8,1.0237858295440674,3245,66366f94948e3f033714e550d9d0de96f3ab6ef2a16fe0dde68709942253b058,experiments/mirror_applications/ma-255-parameter-superposition-mirror/artifacts/payloads_a1/25521_2_shared_8.pt,0.0,0,512,32768
25521,2,shared,9,1.0122735500335693,3245,1f7d6bd3467196e4a064f0be230503d53c5632a618a7376ee412021730d4c91c,experiments/mirror_applications/ma-255-parameter-superposition-mirror/artifacts/payloads_a1/25521_2_shared_9.pt,0.0,0,512,32768
25521,2,shared,10,0.8808683156967163,3245,dca7a06205006536d573fa18824baa8df328f22d17b4b648d81d5c8127be1851,experiments/mirror_applications/ma-255-parameter-superposition-mirror/artifacts/payloads_a1/25521_2_shared_10.pt,0.0,0,512,32768
25521,2,shared,11,0.9605463743209839,3245,2a3fbddbc196fa669068e2cecde468e266f51ed705b0c6c07299e54e361781aa,experiments/mirror_applications/ma-255-parameter-superposition-mirror/artifacts/payloads_a1/25521_2_shared_11.pt,0.0,0,512,32768
25521,2,shared,12,1.0262372493743896,3245,8a135d61604c8d9d34873b3920d317806fdb56afcafea4d468cecb227501e0c9,experiments/mirror_applications/ma-255-parameter-superposition-mirror/artifacts/payloads_a1/25521_2_shared_12.pt,0.0,0,512,32768
25521,2,shared,13,1.0023473501205444,3245,61b367a4f2d4ff1917843a002c4f3b6f847bbd90be2055f3ea3c9d759227e547,experiments/mirror_applications/ma-255-parameter-superposition-mirror/artifacts/payloads_a1/25521_2_shared_13.pt,0.0,0,512,32768
25521,2,shared,14,0.9707461595535278,3245,5b029f9584ce354f2b11fe96ff1cca2804ac665440d9ce93e518924269887886,experiments/mirror_applications/ma-255-parameter-superposition-mirror/artifacts/payloads_a1/25521_2_shared_14.pt,0.0,0,512,32768
25521,2,shared,15,0.9549411535263062,3245,1695fbaad4dfecd927723320de2a3dbc1666d59c01c142bd4dd6f5b464a33199,experiments/mirror_applications/ma-255-parameter-superposition-mirror/artifacts/payloads_a1/25521_2_shared_15.pt,0.0,0,512,32768
25521,2,independent,0,0.0,3245,3e30812c4c792df19674e59067ae1c5020c07335ba2dbf4c3f926c888fda52cd,experiments/mirror_applications/ma-255-parameter-superposition-mirror/artifacts/payloads_a1/25521_2_independent_0.pt,0.0,0,512,32768
25521,2,independent,1,0.0,3245,68f3fd1716d6590ab201890a52acf875bc2c5c9aa682fba73c341172334455e6,experiments/mirror_applications/ma-255-parameter-superposition-mirror/artifacts/payloads_a1/25521_2_independent_1.pt,0.0,0,512,32768
25521,2,independent,2,0.0,3245,14be45be684eb3a7ba2cfa2ccb3495bde4ffd02fc46e16f496d16bffb0620415,experiments/mirror_applications/ma-255-parameter-superposition-mirror/artifacts/payloads_a1/25521_2_independent_2.pt,0.0,0,512,32768
25521,2,independent,3,0.0,3245,19bc219ac130378070a64503cdb8b1dd692739ac2ddbb992a232db4b26fee723,experiments/mirror_applications/ma-255-parameter-superposition-mirror/artifacts/payloads_a1/25521_2_independent_3.pt,0.0,0,512,32768
25521,2,independent,4,0.0,3245,301c31cc1f8586b3c6f87088f3483b27c85e3c7bebd744169d6a9a683041266c,experiments/mirror_applications/ma-255-parameter-superposition-mirror/artifacts/payloads_a1/25521_2_independent_4.pt,0.0,0,512,32768
25521,2,independent,5,0.0,3245,1cf6d023f7ccb37de632fc2e130b8506e15d0ceeaad2f185b4fdf4fab660a2fa,experiments/mirror_applications/ma-255-parameter-superposition-mirror/artifacts/payloads_a1/25521_2_independent_5.pt,0.0,0,512,32768
25521,2,independent,6,0.0,3245,93d3ad9f924fc15f75362d981127111bec09e99fa11e5651454eafe11bf1a15b,experiments/mirror_applications/ma-255-parameter-superposition-mirror/artifacts/payloads_a1/25521_2_independent_6.pt,0.0,0,512,32768
25521,2,independent,7,0.0,3245,41ceacec6924794578dbc94149672d21e6fe0de73dcdddd0964dba577de85605,experiments/mirror_applications/ma-255-parameter-superposition-mirror/artifacts/payloads_a1/25521_2_independent_7.pt,0.0,0,512,32768
25521,2,independent,8,0.0,3245,05bb06d14299e4e0d47aa3f3e05797f6db421fab652b37e418817a0b9a213ad3,experiments/mirror_applications/ma-255-parameter-superposition-mirror/artifacts/payloads_a1/25521_2_independent_8.pt,0.0,0,512,32768
25521,2,independent,9,0.0,3245,6aca97788aeb12be077ea985e2ab1a3d01f37670bcd43e65aa7654de7d4f9f27,experiments/mirror_applications/ma-255-parameter-superposition-mirror/artifacts/payloads_a1/25521_2_independent_9.pt,0.0,0,512,32768
25521,2,independent,10,0.0,3245,6a84143b93de9398e52e23f29f866399603a35fe412c7a4e6a95e7fa723a6f68,experiments/mirror_applications/ma-255-parameter-superposition-mirror/artifacts/payloads_a1/25521_2_independent_10.pt,0.0,0,512,32768
25521,2,independent,11,0.0,3245,66bbe5d8c27860ca69a1a31ffc7ef28d74daced97934b8f41ceb89cae98670a2,experiments/mirror_applications/ma-255-parameter-superposition-mirror/artifacts/payloads_a1/25521_2_independent_11.pt,0.0,0,512,32768
25521,2,independent,12,0.0,3245,0575bf60106196d0e7615ed61b1921efea6ce0464712baa07abd47c402076d44,experiments/mirror_applications/ma-255-parameter-superposition-mirror/artifacts/payloads_a1/25521_2_independent_12.pt,0.0,0,512,32768
25521,2,independent,13,0.0,3245,ba5c3061814c9dde306b9f798d4210d9e418589f14329767e562144970593ef2,experiments/mirror_applications/ma-255-parameter-superposition-mirror/artifacts/payloads_a1/25521_2_independent_13.pt,0.0,0,512,32768
25521,2,independent,14,0.0,3245,2910873e55839679ab4b8898c90dcfce4ecb32a0eb697e5c35da0e114909dd7f,experiments/mirror_applications/ma-255-parameter-superposition-mirror/artifacts/payloads_a1/25521_2_independent_14.pt,0.0,0,512,32768
25521,2,independent,15,0.0,3181,3920113447828a6966230d8062f97256cef51af256f44d2d3d36021141ab8be8,experiments/mirror_applications/ma-255-parameter-superposition-mirror/artifacts/payloads_a1/25521_2_independent_15.pt,0.0,0,512,32768
25521,2,mirror_r8_lr0.001,0,0.050349242985248566,4781,94c9278853f4fcc34fd3e291c33c567b8d29f156cb059a038a41fa940a86b184,experiments/mirror_applications/ma-255-parameter-superposition-mirror/artifacts/payloads_a1/25521_2_mirror_r8_lr0.001_0.pt,0.58829255499586,1600,512,524288
25521,2,mirror_r8_lr0.001,1,0.03134898841381073,4781,1de7eb111727473f7e18823b578fbc09ca870b6f4c22a31dd343b5a230d380d9,experiments/mirror_applications/ma-255-parameter-superposition-mirror/artifacts/payloads_a1/25521_2_mirror_r8_lr0.001_1.pt,0.58829255499586,1600,512,524288
25521,2,mirror_r8_lr0.001,2,0.07847458869218826,4781,9e1bcd410deb6d03bd31ad4b4dfe099915c958dc6023c689c6ece64681f7889a,experiments/mirror_applications/ma-255-parameter-superposition-mirror/artifacts/payloads_a1/25521_2_mirror_r8_lr0.001_2.pt,0.58829255499586,1600,512,524288
25521,2,mirror_r8_lr0.001,3,0.05415084958076477,4781,37d5314fcabb4898d08be9762b294b77b01cb1700dcf062b2aa24946a5251205,experiments/mirror_applications/ma-255-parameter-superposition-mirror/artifacts/payloads_a1/25521_2_mirror_r8_lr0.001_3.pt,0.58829255499586,1600,512,524288
25521,2,mirror_r8_lr0.001,4,0.043184541165828705,4781,3440aea7d687e25f34691e7986270f58a1856cc8c3fcc0fecbef1bde90f206d8,experiments/mirror_applications/ma-255-parameter-superposition-mirror/artifacts/payloads_a1/25521_2_mirror_r8_lr0.001_4.pt,0.58829255499586,1600,512,524288
25521,2,mirror_r8_lr0.001,5,0.05099150910973549,4781,f635c03e0578ab7fc85a9a34a61d710d443a0ff98d0b527b9b0ecdc510352f32,experiments/mirror_applications/ma-255-parameter-superposition-mirror/artifacts/payloads_a1/25521_2_mirror_r8_lr0.001_5.pt,0.58829255499586,1600,512,524288
25521,2,mirror_r8_lr0.001,6,0.12221316248178482,4781,8e32b194e42631818295f7f41be6e0d6a8ae00e795bf7c7c4e8bf125d5304182,experiments/mirror_applications/ma-255-parameter-superposition-mirror/artifacts/payloads_a1/25521_2_mirror_r8_lr0.001_6.pt,0.58829255499586,1600,512,524288
25521,2,mirror_r8_lr0.001,7,0.057826895266771317,4781,aaee13379ceaef1c972b8b4e23de3dccab50d08e98f47a680f883f9b1c9dddbf,experiments/mirror_applications/ma-255-parameter-superposition-mirror/artifacts/payloads_a1/25521_2_mirror_r8_lr0.001_7.pt,0.58829255499586,1600,512,524288
25521,2,mirror_r8_lr0.001,8,0.05411960929632187,4781,c81f85f1e83708b9dfc084a7f41a991212ba00c56065643146e1b16acdbfa30e,experiments/mirror_applications/ma-255-parameter-superposition-mirror/artifacts/payloads_a1/25521_2_mirror_r8_lr0.001_8.pt,0.58829255499586,1600,512,524288
25521,2,mirror_r8_lr0.001,9,0.037748441100120544,4781,fc31fd51e5e194427b72bda7d43a89dd2fa015a94fe0c225ca33331eaaaaa658,experiments/mirror_applications/ma-255-parameter-superposition-mirror/artifacts/payloads_a1/25521_2_mirror_r8_lr0.001_9.pt,0.58829255499586,1600,512,524288
25521,2,mirror_r8_lr0.001,10,0.08359872549772263,4781,80e814fbd4abfe7a205b59882ab36a3e383bd3a8cd078e422fc3704f34dfd718,experiments/mirror_applications/ma-255-parameter-superposition-mirror/artifacts/payloads_a1/25521_2_mirror_r8_lr0.001_10.pt,0.58829255499586,1600,512,524288
25521,2,mirror_r8_lr0.001,11,0.07059866189956665,4781,ed7fc95ff98333ee2d5c0ecba3f0a87dfdd0b47145afa4051632b22f5eeddd3f,experiments/mirror_applications/ma-255-parameter-superposition-mirror/artifacts/payloads_a1/25521_2_mirror_r8_lr0.001_11.pt,0.58829255499586,1600,512,524288
25521,2,mirror_r8_lr0.001,12,0.037891242653131485,4781,8da8a0a3cee8c1a2462c11493e4e0a372856834662f362c2fbf612608e65153a,experiments/mirror_applications/ma-255-parameter-superposition-mirror/artifacts/payloads_a1/25521_2_mirror_r8_lr0.001_12.pt,0.58829255499586,1600,512,524288
25521,2,mirror_r8_lr0.001,13,0.039464857429265976,4781,8dc4fe9a35948d70e6d6a80f8679fbb58f373a23e4145c63d8ae554d248c0e32,experiments/mirror_applications/ma-255-parameter-superposition-mirror/artifacts/payloads_a1/25521_2_mirror_r8_lr0.001_13.pt,0.58829255499586,1600,512,524288
25521,2,mirror_r8_lr0.001,14,0.062368594110012054,4781,38f329b88340b85ffe419b098d0d83efa5cef24ab89fc8165beeaf4ad94b50cf,experiments/mirror_applications/ma-255-parameter-superposition-mirror/artifacts/payloads_a1/25521_2_mirror_r8_lr0.001_14.pt,0.58829255499586,1600,512,524288
25521,2,mirror_r8_lr0.001,15,0.07910270988941193,4781,a9e80c5309e11573b2475121c014b22009c40741e2c831b40d615a1b1c53811a,experiments/mirror_applications/ma-255-parameter-superposition-mirror/artifacts/payloads_a1/25521_2_mirror_r8_lr0.001_15.pt,0.58829255499586,1600,512,524288
25521,2,generic_lowrank_r8_lr0.001,0,0.050349242985248566,4781,8d3697d9bf777666bfdbe77eb211ca82f36a4ee355f4b1a02f85e3016aa067eb,experiments/mirror_applications/ma-255-parameter-superposition-mirror/artifacts/payloads_a1/25521_2_generic_lowrank_r8_lr0.001_0.pt,0.58829255499586,1600,512,524288
25521,2,generic_lowrank_r8_lr0.001,1,0.03134898841381073,4781,a52cf21eda7a57f7dd9c1851a414f40b5edce38a9c016466eb8ed45dfd9564f2,experiments/mirror_applications/ma-255-parameter-superposition-mirror/artifacts/payloads_a1/25521_2_generic_lowrank_r8_lr0.001_1.pt,0.58829255499586,1600,512,524288
25521,2,generic_lowrank_r8_lr0.001,2,0.07847458869218826,4781,435561f46e40029e6c8e6e59fcca1bcb2780cdda5fa367625f1bbf9aa5dd3395,experiments/mirror_applications/ma-255-parameter-superposition-mirror/artifacts/payloads_a1/25521_2_generic_lowrank_r8_lr0.001_2.pt,0.58829255499586,1600,512,524288
25521,2,generic_lowrank_r8_lr0.001,3,0.05415084958076477,4781,506ba72abfd1361777ddad4053fc7ee237141f57000f25a2c495741d6484eb97,experiments/mirror_applications/ma-255-parameter-superposition-mirror/artifacts/payloads_a1/25521_2_generic_lowrank_r8_lr0.001_3.pt,0.58829255499586,1600,512,524288
25521,2,generic_lowrank_r8_lr0.001,4,0.043184541165828705,4781,470fd2a080ff1c65e5f1ffc33f2edd7fbed1a986179e34dc632dbb0590729741,experiments/mirror_applications/ma-255-parameter-superposition-mirror/artifacts/payloads_a1/25521_2_generic_lowrank_r8_lr0.001_4.pt,0.58829255499586,1600,512,524288
25521,2,generic_lowrank_r8_lr0.001,5,0.05099150910973549,4781,53b0b530010bb65d236c31c2f4133f2bf20afd287d7c07e7f4124b4c707b1fe0,experiments/mirror_applications/ma-255-parameter-superposition-mirror/artifacts/payloads_a1/25521_2_generic_lowrank_r8_lr0.001_5.pt,0.58829255499586,1600,512,524288
25521,2,generic_lowrank_r8_lr0.001,6,0.12221316248178482,4781,264f967b65b94da951313942dab7765cc460d93afa4945402498907cb920f413,experiments/mirror_applications/ma-255-parameter-superposition-mirror/artifacts/payloads_a1/25521_2_generic_lowrank_r8_lr0.001_6.pt,0.58829255499586,1600,512,524288
25521,2,generic_lowrank_r8_lr0.001,7,0.057826895266771317,4781,2d6aea1f181b5946f2e6e904cced617dd8666f69b0d1cc08b96af51ac8315afa,experiments/mirror_applications/ma-255-parameter-superposition-mirror/artifacts/payloads_a1/25521_2_generic_lowrank_r8_lr0.001_7.pt,0.58829255499586,1600,512,524288
25521,2,generic_lowrank_r8_lr0.001,8,0.05411960929632187,4781,a093f0c596d74f4aa89f5e3e9d3d28af04c419f1caefdb5e89f2f4eb7aafee65,experiments/mirror_applications/ma-255-parameter-superposition-mirror/artifacts/payloads_a1/25521_2_generic_lowrank_r8_lr0.001_8.pt,0.58829255499586,1600,512,524288
25521,2,generic_lowrank_r8_lr0.001,9,0.037748441100120544,4781,8af067e9283e4c86eac1c08e7156eea3801b68edaa81967da1de07ce21ab28d6,experiments/mirror_applications/ma-255-parameter-superposition-mirror/artifacts/payloads_a1/25521_2_generic_lowrank_r8_lr0.001_9.pt,0.58829255499586,1600,512,524288
25521,2,generic_lowrank_r8_lr0.001,10,0.08359872549772263,4781,8e8c58d966a75a2915e5830fc118e9908599c9736d2d253b4e5e977d7d7dc3ed,experiments/mirror_applications/ma-255-parameter-superposition-mirror/artifacts/payloads_a1/25521_2_generic_lowrank_r8_lr0.001_10.pt,0.58829255499586,1600,512,524288
25521,2,generic_lowrank_r8_lr0.001,11,0.07059866189956665,4781,8c96362b0fa6eb60d051dbf4f2a3aa7084deec4945c995484b272e204393e09c,experiments/mirror_applications/ma-255-parameter-superposition-mirror/artifacts/payloads_a1/25521_2_generic_lowrank_r8_lr0.001_11.pt,0.58829255499586,1600,512,524288
25521,2,generic_lowrank_r8_lr0.001,12,0.037891242653131485,4781,cd9e599e0cb8670472e3f626c8ce7d005c2a25b4a89ed53ff01e4f065c41daa2,experiments/mirror_applications/ma-255-parameter-superposition-mirror/artifacts/payloads_a1/25521_2_generic_lowrank_r8_lr0.001_12.pt,0.58829255499586,1600,512,524288
25521,2,generic_lowrank_r8_lr0.001,13,0.039464857429265976,4781,b57b6448683da97bd4524a7c6a58acccfd207e4c3272a02e84ae107a16ead8c9,experiments/mirror_applications/ma-255-parameter-superposition-mirror/artifacts/payloads_a1/25521_2_generic_lowrank_r8_lr0.001_13.pt,0.58829255499586,1600,512,524288
25521,2,generic_lowrank_r8_lr0.001,14,0.062368594110012054,4781,c915a39e489b34eeb91407b5bf29a9b0083bc437b174106dee2579c79ba17223,experiments/mirror_applications/ma-255-parameter-superposition-mirror/artifacts/payloads_a1/25521_2_generic_lowrank_r8_lr0.001_14.pt,0.58829255499586,1600,512,524288
25521,2,generic_lowrank_r8_lr0.001,15,0.07910270988941193,4781,f8961763aa421a3b477a15e36ce7b8dca7724f1e3bbdcd6c53a759d92c1dd9da,experiments/mirror_applications/ma-255-parameter-superposition-mirror/artifacts/payloads_a1/25521_2_generic_lowrank_r8_lr0.001_15.pt,0.58829255499586,1600,512,524288
25521,2,mirror_r8_lr0.01,0,0.0507097989320755,4717,00038c5135976dbacdcf34e20d6ca7f992e65b7b15951fad7c7d9d91cb392111,experiments/mirror_applications/ma-255-parameter-superposition-mirror/artifacts/payloads_a1/25521_2_mirror_r8_lr0.01_0.pt,0.6309989690053044,1600,512,524288
25521,2,mirror_r8_lr0.01,1,0.03220069780945778,4717,6ed921af1946131c601a0bdc18bcf95aedf5d5f5bfb8c5eb782179a5a6270f46,experiments/mirror_applications/ma-255-parameter-superposition-mirror/artifacts/payloads_a1/25521_2_mirror_r8_lr0.01_1.pt,0.6309989690053044,1600,512,524288
25521,2,mirror_r8_lr0.01,2,0.0770006850361824,4781,15d91069d72239b30b6480ef86ef6e4aff24396e63d656fcf20279742e31004b,experiments/mirror_applications/ma-255-parameter-superposition-mirror/artifacts/payloads_a1/25521_2_mirror_r8_lr0.01_2.pt,0.6309989690053044,1600,512,524288
25521,2,mirror_r8_lr0.01,3,0.05546821653842926,4781,3accc21cbd1814b2da462ab7e86eb53164f2ebe56ab175ce627caa9feebd3d8b,experiments/mirror_applications/ma-255-parameter-superposition-mirror/artifacts/payloads_a1/25521_2_mirror_r8_lr0.01_3.pt,0.6309989690053044,1600,512,524288
25521,2,mirror_r8_lr0.01,4,0.04253234341740608,4781,fe5bf66c8073564740515964aefcd036b96ca9b7c41a301947beb4e793d864fb,experiments/mirror_applications/ma-255-parameter-superposition-mirror/artifacts/payloads_a1/25521_2_mirror_r8_lr0.01_4.pt,0.6309989690053044,1600,512,524288
25521,2,mirror_r8_lr0.01,5,0.05134248733520508,4781,c3126c3046c8e3fc6cbe0b526352437d79f08b9d5b86886074a4e4553a7e8726,experiments/mirror_applications/ma-255-parameter-superposition-mirror/artifacts/payloads_a1/25521_2_mirror_r8_lr0.01_5.pt,0.6309989690053044,1600,512,524288
25521,2,mirror_r8_lr0.01,6,0.12198640406131744,4717,bf850315bfce9e24189ea4a130c46e2a1359f35feb3541c61837f357c4580148,experiments/mirror_applications/ma-255-parameter-superposition-mirror/artifacts/payloads_a1/25521_2_mirror_r8_lr0.01_6.pt,0.6309989690053044,1600,512,524288
25521,2,mirror_r8_lr0.01,7,0.05745328590273857,4781,c65fd3be9f152afb27fbfdb48642134c2d31637219739fa4758ba9a89c366196,experiments/mirror_applications/ma-255-parameter-superposition-mirror/artifacts/payloads_a1/25521_2_mirror_r8_lr0.01_7.pt,0.6309989690053044,1600,512,524288
25521,2,mirror_r8_lr0.01,8,0.0466691255569458,4717,47e84e3945943a9f1325329785a5c79fe6a154ae63ed6847579c8ec53608ab81,experiments/mirror_applications/ma-255-parameter-superposition-mirror/artifacts/payloads_a1/25521_2_mirror_r8_lr0.01_8.pt,0.6309989690053044,1600,512,524288
25521,2,mirror_r8_lr0.01,9,0.037355680018663406,4717,0325072603ace360f84b734a89268601f82cd5a687874e272ca9cfb4f5e73121,experiments/mirror_applications/ma-255-parameter-superposition-mirror/artifacts/payloads_a1/25521_2_mirror_r8_lr0.01_9.pt,0.6309989690053044,1600,512,524288
25521,2,mirror_r8_lr0.01,10,0.08596701174974442,4717,500c9c16191a55732f398259be108c7fcdb30e9ae556011b4607947f2fff0303,experiments/mirror_applications/ma-255-parameter-superposition-mirror/artifacts/payloads_a1/25521_2_mirror_r8_lr0.01_10.pt,0.6309989690053044,1600,512,524288
25521,2,mirror_r8_lr0.01,11,0.07060247659683228,4781,28d2d728543761a177482537172aa6a1963ba572d73ccc8ace7ee9253a6afbdd,experiments/mirror_applications/ma-255-parameter-superposition-mirror/artifacts/payloads_a1/25521_2_mirror_r8_lr0.01_11.pt,0.6309989690053044,1600,512,524288
25521,2,mirror_r8_lr0.01,12,0.03767804056406021,4781,72d1eed5127ba74297adb60c96f672b71f3fa19345561465f4e98e209cb98ec8,experiments/mirror_applications/ma-255-parameter-superposition-mirror/artifacts/payloads_a1/25521_2_mirror_r8_lr0.01_12.pt,0.6309989690053044,1600,512,524288
25521,2,mirror_r8_lr0.01,13,0.03708847239613533,4717,5ef55d555331639512c62e6cb307b8f0c851c4e5aeadeea5080844c11059fca4,experiments/mirror_applications/ma-255-parameter-superposition-mirror/artifacts/payloads_a1/25521_2_mirror_r8_lr0.01_13.pt,0.6309989690053044,1600,512,524288
25521,2,mirror_r8_lr0.01,14,0.05237971618771553,4781,ff0b5d85329451ff1f338636d53bd4c2fbed2db20378444a3ff8b626904db323,experiments/mirror_applications/ma-255-parameter-superposition-mirror/artifacts/payloads_a1/25521_2_mirror_r8_lr0.01_14.pt,0.6309989690053044,1600,512,524288
25521,2,mirror_r8_lr0.01,15,0.07831154763698578,4781,21f868c39a8f39c34e819aec008aaa70354e883f2698ad274adf888c0be1e867,experiments/mirror_applications/ma-255-parameter-superposition-mirror/artifacts/payloads_a1/25521_2_mirror_r8_lr0.01_15.pt,0.6309989690053044,1600,512,524288
25521,2,generic_lowrank_r8_lr0.01,0,0.0507097989320755,4781,9ff8a2dfa8b8037699155a21da4e44d1dccb51be7da12706f95a317e942bd430,experiments/mirror_applications/ma-255-parameter-superposition-mirror/artifacts/payloads_a1/25521_2_generic_lowrank_r8_lr0.01_0.pt,0.6309989690053044,1600,512,524288
25521,2,generic_lowrank_r8_lr0.01,1,0.03220069780945778,4717,86951e2212be6cd886c83606f840e779f5587d4360a40743f94b5b9b9897d63d,experiments/mirror_applications/ma-255-parameter-superposition-mirror/artifacts/payloads_a1/25521_2_generic_lowrank_r8_lr0.01_1.pt,0.6309989690053044,1600,512,524288
25521,2,generic_lowrank_r8_lr0.01,2,0.0770006850361824,4781,06da7be3e5c15cbf35f0d48fb884240ec435724dad6d7a934730005d7b0d5dee,experiments/mirror_applications/ma-255-parameter-superposition-mirror/artifacts/payloads_a1/25521_2_generic_lowrank_r8_lr0.01_2.pt,0.6309989690053044,1600,512,524288
25521,2,generic_lowrank_r8_lr0.01,3,0.05546821653842926,4781,259fd125b9e03adf59088dfb40f2f5617e8303678bde82a2fa55930f17eee611,experiments/mirror_applications/ma-255-parameter-superposition-mirror/artifacts/payloads_a1/25521_2_generic_lowrank_r8_lr0.01_3.pt,0.6309989690053044,1600,512,524288
25521,2,generic_lowrank_r8_lr0.01,4,0.04253234341740608,4781,d5ce18d9c219793777adacc5e870cd43c0df6e106d8fcdafeac3a6cbcf009db9,experiments/mirror_applications/ma-255-parameter-superposition-mirror/artifacts/payloads_a1/25521_2_generic_lowrank_r8_lr0.01_4.pt,0.6309989690053044,1600,512,524288
25521,2,generic_lowrank_r8_lr0.01,5,0.05134248733520508,4781,7287b5809d6a3675261ccd8d8dc0e01c89e8943e08c8fc478cb903112aed04b3,experiments/mirror_applications/ma-255-parameter-superposition-mirror/artifacts/payloads_a1/25521_2_generic_lowrank_r8_lr0.01_5.pt,0.6309989690053044,1600,512,524288
25521,2,generic_lowrank_r8_lr0.01,6,0.12198640406131744,4717,4b5e80390331da283cf220eb7e73e77ecc4e1f57092b6f1ed695124d61bf79e8,experiments/mirror_applications/ma-255-parameter-superposition-mirror/artifacts/payloads_a1/25521_2_generic_lowrank_r8_lr0.01_6.pt,0.6309989690053044,1600,512,524288
25521,2,generic_lowrank_r8_lr0.01,7,0.05745328590273857,4781,2383f56905204d26bea5f6910b653042ca43f42482d502c178eab3d9088f2798,experiments/mirror_applications/ma-255-parameter-superposition-mirror/artifacts/payloads_a1/25521_2_generic_lowrank_r8_lr0.01_7.pt,0.6309989690053044,1600,512,524288
25521,2,generic_lowrank_r8_lr0.01,8,0.0466691255569458,4717,4a1d05e3f935d31e7626d878b0d6b203da3af7c429910d97e69cd00c1724d2d2,experiments/mirror_applications/ma-255-parameter-superposition-mirror/artifacts/payloads_a1/25521_2_generic_lowrank_r8_lr0.01_8.pt,0.6309989690053044,1600,512,524288
25521,2,generic_lowrank_r8_lr0.01,9,0.037355680018663406,4717,38df91637f92418efbee9c44aca00341d503b6e47b0b8919aecfb57f5ccfd1f6,experiments/mirror_applications/ma-255-parameter-superposition-mirror/artifacts/payloads_a1/25521_2_generic_lowrank_r8_lr0.01_9.pt,0.6309989690053044,1600,512,524288
25521,2,generic_lowrank_r8_lr0.01,10,0.08596701174974442,4781,631ea7fef0a3018706b084709ba85c6622b2b055507eca13e905194fcad18610,experiments/mirror_applications/ma-255-parameter-superposition-mirror/artifacts/payloads_a1/25521_2_generic_lowrank_r8_lr0.01_10.pt,0.6309989690053044,1600,512,524288
25521,2,generic_lowrank_r8_lr0.01,11,0.07060247659683228,4717,4edb2daa932e48006dae43086f46dfabb3914c3734e338dd2481757c546cea55,experiments/mirror_applications/ma-255-parameter-superposition-mirror/artifacts/payloads_a1/25521_2_generic_lowrank_r8_lr0.01_11.pt,0.6309989690053044,1600,512,524288
25521,2,generic_lowrank_r8_lr0.01,12,0.03767804056406021,4717,021826f5e92d7c5ce6251f0b2236e8669860b77e8a0bd8b7496d79a1ca510620,experiments/mirror_applications/ma-255-parameter-superposition-mirror/artifacts/payloads_a1/25521_2_generic_lowrank_r8_lr0.01_12.pt,0.6309989690053044,1600,512,524288
25521,2,generic_lowrank_r8_lr0.01,13,0.03708847239613533,4717,53e979ca1cee3329bd446e6f864f24c450518ed5ee3fd350dba908d7d4758c9d,experiments/mirror_applications/ma-255-parameter-superposition-mirror/artifacts/payloads_a1/25521_2_generic_lowrank_r8_lr0.01_13.pt,0.6309989690053044,1600,512,524288
25521,2,generic_lowrank_r8_lr0.01,14,0.05237971618771553,4781,f36eb90e38b6fbf843738c5b96ca5381424a9f008fa06e4a2de99291cbda7946,experiments/mirror_applications/ma-255-parameter-superposition-mirror/artifacts/payloads_a1/25521_2_generic_lowrank_r8_lr0.01_14.pt,0.6309989690053044,1600,512,524288
25521,2,generic_lowrank_r8_lr0.01,15,0.07831154763698578,4781,6e27d7c3bd290f022c425e143539fc7971296d48e07fee3beeec5a5f5bc909c8,experiments/mirror_applications/ma-255-parameter-superposition-mirror/artifacts/payloads_a1/25521_2_generic_lowrank_r8_lr0.01_15.pt,0.6309989690053044,1600,512,524288
25521,2,mirror_r8_lr0.03,0,0.050709810107946396,4717,316fd52ea783bad1ddd22545a30cea6bbb69b559410208332a78c45424185ce8,experiments/mirror_applications/ma-255-parameter-superposition-mirror/artifacts/payloads_a1/25521_2_mirror_r8_lr0.03_0.pt,0.5948637289984617,1600,512,524288
25521,2,mirror_r8_lr0.03,1,0.03220067918300629,4717,6e14e705e7f175d25ae125e09d07c91cf40e6752504f1d425fcb556b4f0f09a0,experiments/mirror_applications/ma-255-parameter-superposition-mirror/artifacts/payloads_a1/25521_2_mirror_r8_lr0.03_1.pt,0.5948637289984617,1600,512,524288
25521,2,mirror_r8_lr0.03,2,0.0770006775856018,4717,dc935b73234ee9d854dd2a4da08eec490b6de4d580fb721205ffd7a89407d155,experiments/mirror_applications/ma-255-parameter-superposition-mirror/artifacts/payloads_a1/25521_2_mirror_r8_lr0.03_2.pt,0.5948637289984617,1600,512,524288
25521,2,mirror_r8_lr0.03,3,0.05546822398900986,4717,1d3ae7963b37149806bae72f9dc269417a3c7e9760366cd6f6d72d4169df7f2f,experiments/mirror_applications/ma-255-parameter-superposition-mirror/artifacts/payloads_a1/25521_2_mirror_r8_lr0.03_3.pt,0.5948637289984617,1600,512,524288
25521,2,mirror_r8_lr0.03,4,0.04253232479095459,4717,85f381226f7d977dd006e06b0f5656d58b2c14439c1bb00e68a740c4344a09cd,experiments/mirror_applications/ma-255-parameter-superposition-mirror/artifacts/payloads_a1/25521_2_mirror_r8_lr0.03_4.pt,0.5948637289984617,1600,512,524288
25521,2,mirror_r8_lr0.03,5,0.051342472434043884,4717,e6e293d7ff555b7383b9ad463e370cd6ee34b77da2c3f4f9258066299220dad2,experiments/mirror_applications/ma-255-parameter-superposition-mirror/artifacts/payloads_a1/25521_2_mirror_r8_lr0.03_5.pt,0.5948637289984617,1600,512,524288
25521,2,mirror_r8_lr0.03,6,0.12198641896247864,4717,035aa74458a975e3cc7c3b5650b5fb5836c02c8502748b2759eb4fd511b662d6,experiments/mirror_applications/ma-255-parameter-superposition-mirror/artifacts/payloads_a1/25521_2_mirror_r8_lr0.03_6.pt,0.5948637289984617,1600,512,524288
25521,2,mirror_r8_lr0.03,7,0.05745328962802887,4717,dbfb2b150106bfc87701efa7366478bb3b3ecc314164d488f99043105dcceca4,experiments/mirror_applications/ma-255-parameter-superposition-mirror/artifacts/payloads_a1/25521_2_mirror_r8_lr0.03_7.pt,0.5948637289984617,1600,512,524288
25521,2,mirror_r8_lr0.03,8,0.0466691292822361,4717,83e248482d66c96247512b487dee3d6ddf842f46e2fd40ab91fd839717a624e7,experiments/mirror_applications/ma-255-parameter-superposition-mirror/artifacts/payloads_a1/25521_2_mirror_r8_lr0.03_8.pt,0.5948637289984617,1600,512,524288
25521,2,mirror_r8_lr0.03,9,0.037355680018663406,4717,e77b769382c45662835f48a0589971fb9686f65fbf66920d009eacf2d6ef4e71,experiments/mirror_applications/ma-255-parameter-superposition-mirror/artifacts/payloads_a1/25521_2_mirror_r8_lr0.03_9.pt,0.5948637289984617,1600,512,524288
25521,2,mirror_r8_lr0.03,10,0.08596701920032501,4717,6fff3a96e571cc530fb958e856784fcabe7e30dd70d292ac47cbfd0162f3439a,experiments/mirror_applications/ma-255-parameter-superposition-mirror/artifacts/payloads_a1/25521_2_mirror_r8_lr0.03_10.pt,0.5948637289984617,1600,512,524288
25521,2,mirror_r8_lr0.03,11,0.07060248404741287,4717,a39db0354b3afd41a369eadf5ce031d44cfd6a86724fd7d52deb170aa43c26e6,experiments/mirror_applications/ma-255-parameter-superposition-mirror/artifacts/payloads_a1/25521_2_mirror_r8_lr0.03_11.pt,0.5948637289984617,1600,512,524288
25521,2,mirror_r8_lr0.03,12,0.037678007036447525,4717,c11375f5bc7a0dcf85abf89d6a9a3e3cdc271dd06976d3c2d85ed0bd96e3304a,experiments/mirror_applications/ma-255-parameter-superposition-mirror/artifacts/payloads_a1/25521_2_mirror_r8_lr0.03_12.pt,0.5948637289984617,1600,512,524288
25521,2,mirror_r8_lr0.03,13,0.03708847612142563,4717,e52412849bc664515702edd8cf2298a6fc7594239c05152028ed99339a8c5872,experiments/mirror_applications/ma-255-parameter-superposition-mirror/artifacts/payloads_a1/25521_2_mirror_r8_lr0.03_13.pt,0.5948637289984617,1600,512,524288
25521,2,mirror_r8_lr0.03,14,0.05237974971532822,4717,3b71b2145dab36f0aaeb3e6ffc3d3d1ead39e7ab612adf40091ccea2fafb9342,experiments/mirror_applications/ma-255-parameter-superposition-mirror/artifacts/payloads_a1/25521_2_mirror_r8_lr0.03_14.pt,0.5948637289984617,1600,512,524288
25521,2,mirror_r8_lr0.03,15,0.07831154018640518,4717,50cf0287489d4ff7bf90f30d4474c1a6c8054f71ae0134c18959973cf11f7c66,experiments/mirror_applications/ma-255-parameter-superposition-mirror/artifacts/payloads_a1/25521_2_mirror_r8_lr0.03_15.pt,0.5948637289984617,1600,512,524288
25521,2,generic_lowrank_r8_lr0.03,0,0.050709810107946396,4717,3824309701cb2d9f177326ddf5c14f2865f3381f72f665a5b7d8fe2ef79661cc,experiments/mirror_applications/ma-255-parameter-superposition-mirror/artifacts/payloads_a1/25521_2_generic_lowrank_r8_lr0.03_0.pt,0.5948637289984617,1600,512,524288
25521,2,generic_lowrank_r8_lr0.03,1,0.03220067918300629,4717,cd257829705b9b5657c9374f0c299bc867b7b0cb1386a47aabdc88dedc15fd85,experiments/mirror_applications/ma-255-parameter-superposition-mirror/artifacts/payloads_a1/25521_2_generic_lowrank_r8_lr0.03_1.pt,0.5948637289984617,1600,512,524288
25521,2,generic_lowrank_r8_lr0.03,2,0.0770006775856018,4717,11cfc01e085cd43c14bad14bfbcfae537d7ed9eb047fa1ba4eb4399d8af447f5,experiments/mirror_applications/ma-255-parameter-superposition-mirror/artifacts/payloads_a1/25521_2_generic_lowrank_r8_lr0.03_2.pt,0.5948637289984617,1600,512,524288
25521,2,generic_lowrank_r8_lr0.03,3,0.05546822398900986,4717,11ac097d342d8ac2da614f62f99087b1149e07c2ae1364596b8734f4e1a88317,experiments/mirror_applications/ma-255-parameter-superposition-mirror/artifacts/payloads_a1/25521_2_generic_lowrank_r8_lr0.03_3.pt,0.5948637289984617,1600,512,524288
25521,2,generic_lowrank_r8_lr0.03,4,0.04253232479095459,4717,f08209e66d75cf0d451b6033eb7cf6bb249d1ff05132cc4df9c70b51e70c7235,experiments/mirror_applications/ma-255-parameter-superposition-mirror/artifacts/payloads_a1/25521_2_generic_lowrank_r8_lr0.03_4.pt,0.5948637289984617,1600,512,524288
25521,2,generic_lowrank_r8_lr0.03,5,0.051342472434043884,4717,aa302c9bb04a5a1090ff930dcee7a972e18065a7cd919f17a91337a938129d00,experiments/mirror_applications/ma-255-parameter-superposition-mirror/artifacts/payloads_a1/25521_2_generic_lowrank_r8_lr0.03_5.pt,0.5948637289984617,1600,512,524288
25521,2,generic_lowrank_r8_lr0.03,6,0.12198641896247864,4717,7b94398882d81d7732c8cdbfd0ffe105b882bdbd29c6b34301d614dda5d03cc4,experiments/mirror_applications/ma-255-parameter-superposition-mirror/artifacts/payloads_a1/25521_2_generic_lowrank_r8_lr0.03_6.pt,0.5948637289984617,1600,512,524288
25521,2,generic_lowrank_r8_lr0.03,7,0.05745328962802887,4717,fae3b38de6481fa0a657ad5699216f594e48983ef621e94283014461e7796841,experiments/mirror_applications/ma-255-parameter-superposition-mirror/artifacts/payloads_a1/25521_2_generic_lowrank_r8_lr0.03_7.pt,0.5948637289984617,1600,512,524288
25521,2,generic_lowrank_r8_lr0.03,8,0.0466691292822361,4717,2f206aae18b80c764204718cff3074defbecd190c71a2aefe774d607afa3deea,experiments/mirror_applications/ma-255-parameter-superposition-mirror/artifacts/payloads_a1/25521_2_generic_lowrank_r8_lr0.03_8.pt,0.5948637289984617,1600,512,524288
25521,2,generic_lowrank_r8_lr0.03,9,0.037355680018663406,4717,0be4480536e5857894164fd06a1da710a4cc548c2882078120fcbfd7040b7389,experiments/mirror_applications/ma-255-parameter-superposition-mirror/artifacts/payloads_a1/25521_2_generic_lowrank_r8_lr0.03_9.pt,0.5948637289984617,1600,512,524288
25521,2,generic_lowrank_r8_lr0.03,10,0.08596701920032501,4717,afe2e759ff2a522bd20b3908d2722d1aee68ea74b648a8cf593814cd56239208,experiments/mirror_applications/ma-255-parameter-superposition-mirror/artifacts/payloads_a1/25521_2_generic_lowrank_r8_lr0.03_10.pt,0.5948637289984617,1600,512,524288
25521,2,generic_lowrank_r8_lr0.03,11,0.07060248404741287,4717,d747c7ba32b6447659c7b4067dd2c3de14cf74f61474c027d00975c64a0c3ba6,experiments/mirror_applications/ma-255-parameter-superposition-mirror/artifacts/payloads_a1/25521_2_generic_lowrank_r8_lr0.03_11.pt,0.5948637289984617,1600,512,524288
25521,2,generic_lowrank_r8_lr0.03,12,0.037678007036447525,4717,5b74f9440e2070740b299c17d4fd89b250f3150f39a3753a4676c9d4b4e1e020,experiments/mirror_applications/ma-255-parameter-superposition-mirror/artifacts/payloads_a1/25521_2_generic_lowrank_r8_lr0.03_12.pt,0.5948637289984617,1600,512,524288
25521,2,generic_lowrank_r8_lr0.03,13,0.03708847612142563,4717,bf6563e4989736fe5803270bc0d0188273ca94548d06c2cebbcecaa67df96cda,experiments/mirror_applications/ma-255-parameter-superposition-mirror/artifacts/payloads_a1/25521_2_generic_lowrank_r8_lr0.03_13.pt,0.5948637289984617,1600,512,524288
25521,2,generic_lowrank_r8_lr0.03,14,0.05237974971532822,4717,a7fe8966321788f42c2f67ae495bf9e6d1819a3a405fec406cc9fd0605898bcc,experiments/mirror_applications/ma-255-parameter-superposition-mirror/artifacts/payloads_a1/25521_2_generic_lowrank_r8_lr0.03_14.pt,0.5948637289984617,1600,512,524288
25521,2,generic_lowrank_r8_lr0.03,15,0.07831154018640518,4717,9785f29cc518e7c91213ab743d15fe2b7e73e1651aaa91dabadf855d9278405c,experiments/mirror_applications/ma-255-parameter-superposition-mirror/artifacts/payloads_a1/25521_2_generic_lowrank_r8_lr0.03_15.pt,0.5948637289984617,1600,512,524288
