world,seed,method,K,stages,normalized_rmse,stage_ablation_rmse,used_codes_per_stage,payload_bytes,bytes_per_function,assignment_MAC_per_function,phase_encode_ops_per_function,decode_MAC_per_function,encode_seconds_per_function,decode_seconds_per_function,hash,path
48220,0,dense,4,1,0.0,[],[],9833,76.8203125,0,0,0,5.641171583192772e-07,1.4203180853655795e-08,369cf5d63e862d0aa2cc400e834535b2a543f6db008f1cd6a8b350302e181121,experiments/mirror_applications/ma-482-residual-vq-mirror/artifacts/payloads/48220_0_dense_K4_R1.pt
48220,0,native_rvq,4,1,0.6207499504089355,[1.0],[4],2277,17.7890625,64,0,32,1.5691172166043543e-06,8.238674809035729e-08,1792e8dcc9ea2510c117c746606ef30ba817d3de7399c30a6f816845934f3f0e,experiments/mirror_applications/ma-482-residual-vq-mirror/artifacts/payloads/48220_0_native_rvq_K4_R1.pt
48220,0,generic_coeff_rvq,4,1,0.6220243573188782,[1.0],[4],2969,23.1953125,0,1,32,1.7913984038386843e-06,1.5441014511452522e-07,405f9bdc46892fb7e7acb8d3debda2b03d6616c003f575258f9c407b3404c8b5,experiments/mirror_applications/ma-482-residual-vq-mirror/artifacts/payloads/48220_0_generic_coeff_rvq_K4_R1.pt
48220,0,mirror_rvq,4,1,0.6220243573188782,[1.0],[4],2653,20.7265625,0,1,32,1.5201327414615662e-06,1.6438281136288424e-07,d5d9f12fe9e54f541f5b9d7d575fa9789663fe0ff13b2f35771c9c4ebc41f364,experiments/mirror_applications/ma-482-residual-vq-mirror/artifacts/payloads/48220_0_mirror_rvq_K4_R1.pt
48220,0,dense,4,2,0.0,[],[],9833,76.8203125,0,0,0,5.130234512762399e-07,1.3886676697438816e-08,369cf5d63e862d0aa2cc400e834535b2a543f6db008f1cd6a8b350302e181121,experiments/mirror_applications/ma-482-residual-vq-mirror/artifacts/payloads/48220_0_dense_K4_R2.pt
48220,0,native_rvq,4,2,0.4922908544540405,"[0.9284259676933289, 0.620603084564209]","[4, 4]",2661,20.7890625,128,0,64,2.3602030978508992e-06,1.4689061345052323e-07,da71d855159e75de2286c2132f3d75e1fe034efdcae1fc145cc923c85de6ea7f,experiments/mirror_applications/ma-482-residual-vq-mirror/artifacts/payloads/48220_0_native_rvq_K4_R2.pt
48220,0,generic_coeff_rvq,4,2,0.4832247197628021,"[0.9201042652130127, 0.6220243573188782]","[4, 4]",3097,24.1953125,0,2,64,2.0478750002439483e-06,2.6292968868801836e-07,dfdfae6758a037cc2bf6953cea1432befd25c58c2eadbc0f7ee8adceea57d7be,experiments/mirror_applications/ma-482-residual-vq-mirror/artifacts/payloads/48220_0_generic_coeff_rvq_K4_R2.pt
48220,0,mirror_rvq,4,2,0.4832247197628021,"[0.9201042652130127, 0.6220243573188782]","[4, 4]",2781,21.7265625,0,2,64,1.7608829239179613e-06,2.7309761208016425e-07,dde69276a02d8a1e10c63fc16434289baa534cf2189f3066c317ee76425fb06a,experiments/mirror_applications/ma-482-residual-vq-mirror/artifacts/payloads/48220_0_mirror_rvq_K4_R2.pt
48220,0,dense,4,4,0.0,[],[],9833,76.8203125,0,0,0,4.4690625600196654e-07,1.384762526868144e-08,369cf5d63e862d0aa2cc400e834535b2a543f6db008f1cd6a8b350302e181121,experiments/mirror_applications/ma-482-residual-vq-mirror/artifacts/payloads/48220_0_dense_K4_R4.pt
48220,0,native_rvq,4,4,0.3264676034450531,"[0.8237116932868958, 0.5055801272392273, 0.4669654369354248, 0.3845856189727783]","[4, 4, 4, 4]",3429,26.7890625,256,0,128,2.5087108497245936e-06,2.724765977291099e-07,aaca5705cf856da0ad09124016a7acef600b1ffc4e192724faab62c173006982,experiments/mirror_applications/ma-482-residual-vq-mirror/artifacts/payloads/48220_0_native_rvq_K4_R4.pt
48220,0,generic_coeff_rvq,4,4,0.4318103790283203,"[0.8941733241081238, 0.5829823017120361, 0.4730648100376129, 0.4429175853729248]","[4, 4, 4, 4]",3353,26.1953125,0,4,128,1.968999981727393e-06,4.7284765969379805e-07,40de60f23f61ad27a7520594ff7af3d3f6691ac4114db81169777b988457da41,experiments/mirror_applications/ma-482-residual-vq-mirror/artifacts/payloads/48220_0_generic_coeff_rvq_K4_R4.pt
48220,0,mirror_rvq,4,4,0.4318103790283203,"[0.8941733241081238, 0.5829823017120361, 0.4730648100376129, 0.4429175853729248]","[4, 4, 4, 4]",3037,23.7265625,0,4,128,1.778171849764476e-06,5.00859357543959e-07,2f4737c45526c22fb3eff9711a4a532b29b9348b637d4de23c82eb7ed93f8c93,experiments/mirror_applications/ma-482-residual-vq-mirror/artifacts/payloads/48220_0_mirror_rvq_K4_R4.pt
48220,0,dense,8,1,0.0,[],[],9833,76.8203125,0,0,0,4.5864851472288137e-07,1.4632860256824642e-08,369cf5d63e862d0aa2cc400e834535b2a543f6db008f1cd6a8b350302e181121,experiments/mirror_applications/ma-482-residual-vq-mirror/artifacts/payloads/48220_0_dense_K8_R1.pt
48220,0,native_rvq,8,1,0.547962486743927,[1.0],[8],2533,19.7890625,128,0,32,1.6632421875328873e-06,7.964843007357558e-08,b741332f5e1ec3d89700b57a76ade2cf6b68a81ae16e5e959ff0d1b86a381dfa,experiments/mirror_applications/ma-482-residual-vq-mirror/artifacts/payloads/48220_0_native_rvq_K8_R1.pt
48220,0,generic_coeff_rvq,8,1,0.5340951681137085,[1.0],[8],2969,23.1953125,0,1,32,1.914781250889064e-06,1.5761719396323315e-07,6e8f7a2c04ebdcda64430835445a2e0d294f2e255f39f8276b1e19f031c6d8a3,experiments/mirror_applications/ma-482-residual-vq-mirror/artifacts/payloads/48220_0_generic_coeff_rvq_K8_R1.pt
48220,0,mirror_rvq,8,1,0.5340951681137085,[1.0],[8],2653,20.7265625,0,1,32,1.5754530977574177e-06,1.6234764643741073e-07,1b4e4dc429e2de1deedae079081afe8e0c8f270d6a7f4d492c6d6021c927cf8e,experiments/mirror_applications/ma-482-residual-vq-mirror/artifacts/payloads/48220_0_mirror_rvq_K8_R1.pt
48220,0,dense,8,2,0.0,[],[],9833,76.8203125,0,0,0,4.3916406866628677e-07,1.4007810023031197e-08,369cf5d63e862d0aa2cc400e834535b2a543f6db008f1cd6a8b350302e181121,experiments/mirror_applications/ma-482-residual-vq-mirror/artifacts/payloads/48220_0_dense_K8_R2.pt
48220,0,native_rvq,8,2,0.36530324816703796,"[0.9202443361282349, 0.5290646553039551]","[8, 8]",3173,24.7890625,256,0,64,2.07705477350828e-06,1.4689447880300577e-07,48315713850c2f5edd02e3d7992be3fcd6589dbdd0367cf09390a335b63fb50d,experiments/mirror_applications/ma-482-residual-vq-mirror/artifacts/payloads/48220_0_native_rvq_K8_R2.pt
48220,0,generic_coeff_rvq,8,2,0.3257880210876465,"[0.9060243964195251, 0.5340951681137085]","[8, 8]",3097,24.1953125,0,2,64,1.9173671716998797e-06,2.62378932802676e-07,76504b63f8007877d704f9709056fab5787c7fcf31cefac4acadedeeeeb6de29,experiments/mirror_applications/ma-482-residual-vq-mirror/artifacts/payloads/48220_0_generic_coeff_rvq_K8_R2.pt
48220,0,mirror_rvq,8,2,0.3257880210876465,"[0.9060243964195251, 0.5340951681137085]","[8, 8]",2781,21.7265625,0,2,64,1.517554665042553e-06,2.7888665954378666e-07,48d4d740e9a895bfc7b21c1f444264cfdf069f05c04844d5687f81a77004528f,experiments/mirror_applications/ma-482-residual-vq-mirror/artifacts/payloads/48220_0_mirror_rvq_K8_R2.pt
48220,0,dense,8,4,0.0,[],[],9833,76.8203125,0,0,0,4.296953193261288e-07,1.4242175438994309e-08,369cf5d63e862d0aa2cc400e834535b2a543f6db008f1cd6a8b350302e181121,experiments/mirror_applications/ma-482-residual-vq-mirror/artifacts/payloads/48220_0_dense_K8_R4.pt
48220,0,native_rvq,8,4,0.24694180488586426,"[0.8853789567947388, 0.45436736941337585, 0.34310945868492126, 0.3036758303642273]","[8, 8, 8, 8]",4453,34.7890625,512,0,128,3.654781266959617e-06,2.731327981564391e-07,3f454735117d5b6178a60b58e121afb0296ee375a5677b03fb6bfb3d56c96d0f,experiments/mirror_applications/ma-482-residual-vq-mirror/artifacts/payloads/48220_0_native_rvq_K8_R4.pt
48220,0,generic_coeff_rvq,8,4,0.22361615300178528,"[0.8744978904724121, 0.4786689877510071, 0.30812984704971313, 0.24738234281539917]","[8, 8, 8, 8]",3353,26.1953125,0,4,128,2.131585915776668e-06,4.821210950467503e-07,f090f45045b903a85ba8efd28413cb5f8825fcf9ddbbe80d441e900af2c99227,experiments/mirror_applications/ma-482-residual-vq-mirror/artifacts/payloads/48220_0_generic_coeff_rvq_K8_R4.pt
48220,0,mirror_rvq,8,4,0.22361615300178528,"[0.8744978904724121, 0.4786689877510071, 0.30812984704971313, 0.24738234281539917]","[8, 8, 8, 8]",3037,23.7265625,0,4,128,1.724187541185529e-06,5.053593667980749e-07,2d8d5c3808e5ddf531d586fbf0e8f121a331ea78045933f5787c03ee97767cab,experiments/mirror_applications/ma-482-residual-vq-mirror/artifacts/payloads/48220_0_mirror_rvq_K8_R4.pt
48220,0,dense,16,1,0.0,[],[],9833,76.8203125,0,0,0,4.2585941173456376e-07,1.392572812619619e-08,369cf5d63e862d0aa2cc400e834535b2a543f6db008f1cd6a8b350302e181121,experiments/mirror_applications/ma-482-residual-vq-mirror/artifacts/payloads/48220_0_dense_K16_R1.pt
48220,0,native_rvq,16,1,0.46840643882751465,[1.0],[16],3045,23.7890625,256,0,32,1.6969609077932546e-06,7.980861482792534e-08,7ee296c2c0741c4b6b7adb519c828d2120298db6c2f6b6dd731329c34af67c7a,experiments/mirror_applications/ma-482-residual-vq-mirror/artifacts/payloads/48220_0_native_rvq_K16_R1.pt
48220,0,generic_coeff_rvq,16,1,0.5054931640625,[1.0],[16],3033,23.6953125,0,1,32,1.7741796227710438e-06,1.5476172166017932e-07,050087022ff167145503d23e8723e9a382f68820ad6a8ad5807bb1a7309de70a,experiments/mirror_applications/ma-482-residual-vq-mirror/artifacts/payloads/48220_0_generic_coeff_rvq_K16_R1.pt
48220,0,mirror_rvq,16,1,0.5054931640625,[1.0],[16],2653,20.7265625,0,1,32,1.5652030924684368e-06,1.6356250398530392e-07,78c44ac7937217a8b3cefeb1ca4e79adc9b36cf4d57e00bcf77df6040dd30ba1,experiments/mirror_applications/ma-482-residual-vq-mirror/artifacts/payloads/48220_0_mirror_rvq_K16_R1.pt
48220,0,dense,16,2,0.0,[],[],9833,76.8203125,0,0,0,4.3666409510478843e-07,1.4281283711170545e-08,369cf5d63e862d0aa2cc400e834535b2a543f6db008f1cd6a8b350302e181121,experiments/mirror_applications/ma-482-residual-vq-mirror/artifacts/payloads/48220_0_dense_K16_R2.pt
48220,0,native_rvq,16,2,0.3246161639690399,"[0.9736185669898987, 0.4551526606082916]","[16, 16]",4197,32.7890625,512,0,64,2.3263281718755024e-06,1.4713276641487028e-07,898894d50b5edc81e9b8b7e225e016af1abf4fb1bc20facb29fab0577944da09,experiments/mirror_applications/ma-482-residual-vq-mirror/artifacts/payloads/48220_0_native_rvq_K16_R2.pt
48220,0,generic_coeff_rvq,16,2,0.2639068067073822,"[0.9022879004478455, 0.5054931640625]","[16, 16]",3161,24.6953125,0,2,64,1.9902812482541776e-06,2.630859512464667e-07,d1617460f79c039336de6b3e58c07e2ae8402222dfe36b302fbf46215978dde0,experiments/mirror_applications/ma-482-residual-vq-mirror/artifacts/payloads/48220_0_generic_coeff_rvq_K16_R2.pt
48220,0,mirror_rvq,16,2,0.2639068067073822,"[0.9022879004478455, 0.5054931640625]","[16, 16]",2781,21.7265625,0,2,64,1.5900858443274046e-06,2.747421490312263e-07,9a7ddccd3d05b01b863a0f0c1e4c5b5b7135a43bdbf28d8a6ef2e4248177f826,experiments/mirror_applications/ma-482-residual-vq-mirror/artifacts/payloads/48220_0_mirror_rvq_K16_R2.pt
48220,0,dense,16,4,0.0,[],[],9833,76.8203125,0,0,0,4.484764986045775e-07,1.4164015738060698e-08,369cf5d63e862d0aa2cc400e834535b2a543f6db008f1cd6a8b350302e181121,experiments/mirror_applications/ma-482-residual-vq-mirror/artifacts/payloads/48220_0_dense_K16_R4.pt
48220,0,native_rvq,16,4,0.18908901512622833,"[0.9222990274429321, 0.36061251163482666, 0.2847224175930023, 0.24423876404762268]","[16, 16, 16, 16]",6501,50.7890625,1024,0,128,3.058898414565192e-06,2.749375198618509e-07,d613f8cfac200982bdf2b737b0275d2aa33c045c0a33ab9ec76e0abed2b6ece7,experiments/mirror_applications/ma-482-residual-vq-mirror/artifacts/payloads/48220_0_native_rvq_K16_R4.pt
48220,0,generic_coeff_rvq,16,4,0.10764835774898529,"[0.8695198893547058, 0.44437000155448914, 0.24090199172496796, 0.15231940150260925]","[16, 16, 16, 16]",3417,26.6953125,0,4,128,2.090203111038136e-06,4.793047310158727e-07,8777c9f8b96e4a471821d813037ffab2200f35f062b9efad2d8eadfc03558be0,experiments/mirror_applications/ma-482-residual-vq-mirror/artifacts/payloads/48220_0_generic_coeff_rvq_K16_R4.pt
48220,0,mirror_rvq,16,4,0.10764835774898529,"[0.8695198893547058, 0.44437000155448914, 0.24090199172496796, 0.15231940150260925]","[16, 16, 16, 16]",3037,23.7265625,0,4,128,1.716289034447982e-06,5.025390805712959e-07,2884156804b5fc494028819a6858298d910ddde4297663ff67888f6d10beae00,experiments/mirror_applications/ma-482-residual-vq-mirror/artifacts/payloads/48220_0_mirror_rvq_K16_R4.pt
48220,0,dense,32,1,0.0,[],[],9833,76.8203125,0,0,0,4.839922667088103e-07,1.4160093542159302e-08,369cf5d63e862d0aa2cc400e834535b2a543f6db008f1cd6a8b350302e181121,experiments/mirror_applications/ma-482-residual-vq-mirror/artifacts/payloads/48220_0_dense_K32_R1.pt
48220,0,native_rvq,32,1,0.3745609521865845,[1.0],[32],4069,31.7890625,512,0,32,1.827234427764779e-06,8.1332018453395e-08,b425388fb9f36ed13e5f4f1711ea919d718964248969a6bdf4c5066159be23fc,experiments/mirror_applications/ma-482-residual-vq-mirror/artifacts/payloads/48220_0_native_rvq_K32_R1.pt
48220,0,generic_coeff_rvq,32,1,0.49967479705810547,[1.0],[30],3161,24.6953125,0,1,32,1.8002422166318865e-06,1.5393754893011646e-07,303cda87e0e3ff4481db7f46256dea0cb82a001e1305cb35e9d8b69a7289c9e9,experiments/mirror_applications/ma-482-residual-vq-mirror/artifacts/payloads/48220_0_generic_coeff_rvq_K32_R1.pt
48220,0,mirror_rvq,32,1,0.49967479705810547,[1.0],[30],2653,20.7265625,0,1,32,1.447765612283547e-06,1.6305472172462032e-07,2e4ccc921481db51c4240f0b69c47e4e367ef2d57e4c89b7180098e03b35a1b2,experiments/mirror_applications/ma-482-residual-vq-mirror/artifacts/payloads/48220_0_mirror_rvq_K32_R1.pt
48220,0,dense,32,2,0.0,[],[],9833,76.8203125,0,0,0,4.276640765965567e-07,1.4429645034397254e-08,369cf5d63e862d0aa2cc400e834535b2a543f6db008f1cd6a8b350302e181121,experiments/mirror_applications/ma-482-residual-vq-mirror/artifacts/payloads/48220_0_dense_K32_R2.pt
48220,0,native_rvq,32,2,0.2397240698337555,"[0.968034029006958, 0.3755625784397125]","[32, 31]",6245,48.7890625,1024,0,64,2.7735546836993308e-06,2.1039068087702617e-07,4c6923429e646d98ff081904a2bc646ebb39ab1b91824c1bd7d4804884eb3f94,experiments/mirror_applications/ma-482-residual-vq-mirror/artifacts/payloads/48220_0_native_rvq_K32_R2.pt
48220,0,generic_coeff_rvq,32,2,0.24913589656352997,"[0.9013288617134094, 0.49967479705810547]","[30, 30]",3289,25.6953125,0,2,64,2.38211725900328e-06,3.4437891827110434e-07,2012468d7cd03d42406914e9e64e6f65242558a84271649f5f4522a9b14750e0,experiments/mirror_applications/ma-482-residual-vq-mirror/artifacts/payloads/48220_0_generic_coeff_rvq_K32_R2.pt
48220,0,mirror_rvq,32,2,0.24913589656352997,"[0.9013288617134094, 0.49967479705810547]","[30, 30]",2781,21.7265625,0,2,64,1.5889921769485227e-06,2.73375007964205e-07,2836b664577d3cd1ca0496a0e7f41c5ff82850fcde02d3627d79f515f821330c,experiments/mirror_applications/ma-482-residual-vq-mirror/artifacts/payloads/48220_0_mirror_rvq_K32_R2.pt
48220,0,dense,32,4,0.0,[],[],9833,76.8203125,0,0,0,4.432343985172338e-07,1.4164015738060698e-08,369cf5d63e862d0aa2cc400e834535b2a543f6db008f1cd6a8b350302e181121,experiments/mirror_applications/ma-482-residual-vq-mirror/artifacts/payloads/48220_0_dense_K32_R4.pt
48220,0,native_rvq,32,4,0.1332424134016037,"[0.947161078453064, 0.30395910143852234, 0.21368837356567383, 0.18093107640743256]","[32, 29, 31, 30]",10597,82.7890625,2048,0,128,3.7913046071480494e-06,3.9730468870402547e-07,26444e908482f3daedb6b793da5b423aa3b4aa56b4178b26e8949e4cac2c937a,experiments/mirror_applications/ma-482-residual-vq-mirror/artifacts/payloads/48220_0_native_rvq_K32_R4.pt
48220,0,generic_coeff_rvq,32,4,0.05866841599345207,"[0.8681975603103638, 0.43709057569503784, 0.22437889873981476, 0.12314540892839432]","[30, 30, 32, 31]",3545,27.6953125,0,4,128,2.3423672246281058e-06,4.798125132765563e-07,b4fb83e1654f194fb8adad0a2ce7fb3fd19ccdce4d4d3fd037a19f5f34db2f0e,experiments/mirror_applications/ma-482-residual-vq-mirror/artifacts/payloads/48220_0_generic_coeff_rvq_K32_R4.pt
48220,0,mirror_rvq,32,4,0.05866841599345207,"[0.8681975603103638, 0.43709057569503784, 0.22437889873981476, 0.12314540892839432]","[30, 30, 32, 31]",3037,23.7265625,0,4,128,1.757679683578317e-06,5.023047151553328e-07,d9f659edd6760dd635378c4601347f969cc7acfc0a7da63c6d06a6a86f82c8a6,experiments/mirror_applications/ma-482-residual-vq-mirror/artifacts/payloads/48220_0_mirror_rvq_K32_R4.pt
48220,1,dense,4,1,0.0,[],[],9833,76.8203125,0,0,0,5.76710931454727e-07,1.4164072581479559e-08,ca6ccbb6cf00c72ee56ba2be478a720910f88f0fe1c5515b00d9be29bbd9134c,experiments/mirror_applications/ma-482-residual-vq-mirror/artifacts/payloads/48220_1_dense_K4_R1.pt
48220,1,native_rvq,4,1,0.6208015084266663,[1.0],[4],2277,17.7890625,64,0,32,1.5673125517423614e-06,8.113670446618926e-08,783dbb40f5a8601a348d47ce174367415e555dca6d712ba61817178a27ca5121,experiments/mirror_applications/ma-482-residual-vq-mirror/artifacts/payloads/48220_1_native_rvq_K4_R1.pt
48220,1,generic_coeff_rvq,4,1,0.6297782063484192,[1.0],[4],2969,23.1953125,0,1,32,1.958992129402759e-06,1.5448830481545883e-07,5eb1065487f94899ca4dfed8b58565546c0fc4e14b063e1fab5ee3c65d6c6251,experiments/mirror_applications/ma-482-residual-vq-mirror/artifacts/payloads/48220_1_generic_coeff_rvq_K4_R1.pt
48220,1,mirror_rvq,4,1,0.6297782063484192,[1.0],[4],2653,20.7265625,0,1,32,1.5986172456905479e-06,1.6141405012604082e-07,2512ad2696e61c9e250e7e037ee3d4037a1dbdf18f3b74314a79c36242908448,experiments/mirror_applications/ma-482-residual-vq-mirror/artifacts/payloads/48220_1_mirror_rvq_K4_R1.pt
48220,1,dense,4,2,0.0,[],[],9833,76.8203125,0,0,0,4.6818740884191357e-07,1.4164015738060698e-08,ca6ccbb6cf00c72ee56ba2be478a720910f88f0fe1c5515b00d9be29bbd9134c,experiments/mirror_applications/ma-482-residual-vq-mirror/artifacts/payloads/48220_1_dense_K4_R2.pt
48220,1,native_rvq,4,2,0.48729225993156433,"[0.9167545437812805, 0.6204832792282104]","[4, 4]",2661,20.7890625,128,0,64,2.021656200668076e-06,1.4697656069984077e-07,afdf703584e6c649cace8ceff978800bcc39e15c9342a49c8e58ded3e1e727ba,experiments/mirror_applications/ma-482-residual-vq-mirror/artifacts/payloads/48220_1_native_rvq_K4_R2.pt
48220,1,generic_coeff_rvq,4,2,0.4937320649623871,"[0.9204078912734985, 0.6297782063484192]","[4, 4]",3097,24.1953125,0,2,64,2.180484329983301e-06,2.635547389218118e-07,0ce182aeaf32188e8325199d52d6093a5ba8926128c3752151150a54fde24ca0,experiments/mirror_applications/ma-482-residual-vq-mirror/artifacts/payloads/48220_1_generic_coeff_rvq_K4_R2.pt
48220,1,mirror_rvq,4,2,0.4937320649623871,"[0.9204078912734985, 0.6297782063484192]","[4, 4]",2781,21.7265625,0,2,64,1.6632421875328873e-06,2.770898390735965e-07,372762bf4faf8eeb5df078d8f51f8ff069bdda6ac6caef82f2eebabb3b27d76f,experiments/mirror_applications/ma-482-residual-vq-mirror/artifacts/payloads/48220_1_mirror_rvq_K4_R2.pt
48220,1,dense,4,4,0.0,[],[],9833,76.8203125,0,0,0,4.706953404820524e-07,1.4000079318066128e-08,ca6ccbb6cf00c72ee56ba2be478a720910f88f0fe1c5515b00d9be29bbd9134c,experiments/mirror_applications/ma-482-residual-vq-mirror/artifacts/payloads/48220_1_dense_K4_R4.pt
48220,1,native_rvq,4,4,0.3285324275493622,"[0.8332891464233398, 0.4946061074733734, 0.4627607762813568, 0.38387641310691833]","[4, 4, 4, 4]",3429,26.7890625,256,0,128,3.665031272248598e-06,4.005156597486348e-07,bce4b11716ba14449b37571e08cc1b80f084aa53ecffb034e3d297e308f07f19,experiments/mirror_applications/ma-482-residual-vq-mirror/artifacts/payloads/48220_1_native_rvq_K4_R4.pt
48220,1,generic_coeff_rvq,4,4,0.4426931142807007,"[0.8940674066543579, 0.5906152725219727, 0.48412203788757324, 0.45318251848220825]","[4, 4, 4, 4]",3353,26.1953125,0,4,128,2.3724140874037403e-06,4.790703087564907e-07,547c1fa0c099b6cc5f061173eacd6a0bc19bbd969044fa686ec4f0a0934f34a1,experiments/mirror_applications/ma-482-residual-vq-mirror/artifacts/payloads/48220_1_generic_coeff_rvq_K4_R4.pt
48220,1,mirror_rvq,4,4,0.4426931142807007,"[0.8940674066543579, 0.5906152725219727, 0.48412203788757324, 0.45318251848220825]","[4, 4, 4, 4]",3037,23.7265625,0,4,128,1.678492139944865e-06,5.023437097406713e-07,1ffdede09336d9612576fc54b2b24401d3e66e9f60f034a33bbd03eee0f12ef8,experiments/mirror_applications/ma-482-residual-vq-mirror/artifacts/payloads/48220_1_mirror_rvq_K4_R4.pt
48220,1,dense,8,1,0.0,[],[],9833,76.8203125,0,0,0,5.020702928959508e-07,1.4003887827129802e-08,ca6ccbb6cf00c72ee56ba2be478a720910f88f0fe1c5515b00d9be29bbd9134c,experiments/mirror_applications/ma-482-residual-vq-mirror/artifacts/payloads/48220_1_dense_K8_R1.pt
48220,1,native_rvq,8,1,0.5481013059616089,[1.0],[8],2533,19.7890625,128,0,32,1.873078076641832e-06,1.1410935485400842e-07,4a0db5039157d2cadca88737f29fd6b9fdf5b19e2f36924f3d48194a77069c98,experiments/mirror_applications/ma-482-residual-vq-mirror/artifacts/payloads/48220_1_native_rvq_K8_R1.pt
48220,1,generic_coeff_rvq,8,1,0.5330953598022461,[1.0],[8],2969,23.1953125,0,1,32,2.1664843643520726e-06,2.1590233245660784e-07,c09f5b195b9f45040d5935e924b336e30ea4d2f0dd0e795830305a22e604216a,experiments/mirror_applications/ma-482-residual-vq-mirror/artifacts/payloads/48220_1_generic_coeff_rvq_K8_R1.pt
48220,1,mirror_rvq,8,1,0.5330953598022461,[1.0],[8],2653,20.7265625,0,1,32,1.5756875200167997e-06,1.648945726628881e-07,2531929385a9a3cca3f41334aceb3ef8d99d55d2374d31ce2e5f3eaedf2c00fa,experiments/mirror_applications/ma-482-residual-vq-mirror/artifacts/payloads/48220_1_mirror_rvq_K8_R1.pt
48220,1,dense,8,2,0.0,[],[],9833,76.8203125,0,0,0,4.356484168965835e-07,1.4078068488743156e-08,ca6ccbb6cf00c72ee56ba2be478a720910f88f0fe1c5515b00d9be29bbd9134c,experiments/mirror_applications/ma-482-residual-vq-mirror/artifacts/payloads/48220_1_dense_K8_R2.pt
48220,1,native_rvq,8,2,0.37843483686447144,"[0.9265627861022949, 0.541340172290802]","[8, 8]",3173,24.7890625,256,0,64,2.317718781341682e-06,2.2259376919464557e-07,885016e2285389f72e0cd47844ac8bdaf4e88e6df146cb07902a2e703bbd4052,experiments/mirror_applications/ma-482-residual-vq-mirror/artifacts/payloads/48220_1_native_rvq_K8_R2.pt
48220,1,generic_coeff_rvq,8,2,0.32409989833831787,"[0.9060077667236328, 0.5330953598022461]","[8, 8]",3097,24.1953125,0,2,64,2.360992198191525e-06,3.7356250004449976e-07,597298edd4f1366635a78eba45b48bd9a17e0521f75833c15672437b60d3fd85,experiments/mirror_applications/ma-482-residual-vq-mirror/artifacts/payloads/48220_1_generic_coeff_rvq_K8_R2.pt
48220,1,mirror_rvq,8,2,0.32409989833831787,"[0.9060077667236328, 0.5330953598022461]","[8, 8]",2781,21.7265625,0,2,64,1.580461002959055e-06,2.765390263448353e-07,fcba19b8ad2155b5c52ba708c2768013d351cde554a766d5ccb4516e5b786532,experiments/mirror_applications/ma-482-residual-vq-mirror/artifacts/payloads/48220_1_mirror_rvq_K8_R2.pt
48220,1,dense,8,4,0.0,[],[],9833,76.8203125,0,0,0,4.493359710977529e-07,1.4003944670548663e-08,ca6ccbb6cf00c72ee56ba2be478a720910f88f0fe1c5515b00d9be29bbd9134c,experiments/mirror_applications/ma-482-residual-vq-mirror/artifacts/payloads/48220_1_dense_K8_R4.pt
48220,1,native_rvq,8,4,0.25471100211143494,"[0.8891373872756958, 0.4441230595111847, 0.3397137522697449, 0.3116970658302307]","[8, 8, 8, 8]",4453,34.7890625,512,0,128,3.4403202562316437e-06,3.988320145253965e-07,bd8aed1d087a4334dcc8d68eff9853ca4d06bcd0e8891704bda9f9b85412ae90,experiments/mirror_applications/ma-482-residual-vq-mirror/artifacts/payloads/48220_1_native_rvq_K8_R4.pt
48220,1,generic_coeff_rvq,8,4,0.22239740192890167,"[0.8747971653938293, 0.47813233733177185, 0.30645477771759033, 0.2461438924074173]","[8, 8, 8, 8]",3353,26.1953125,0,4,128,2.423656269456842e-06,4.821171728508489e-07,48c0e4ebe8f4ce32af26f280e873980f17f89ce5ba54d9bbd35d31723974c519,experiments/mirror_applications/ma-482-residual-vq-mirror/artifacts/payloads/48220_1_generic_coeff_rvq_K8_R4.pt
48220,1,mirror_rvq,8,4,0.22239740192890167,"[0.8747971653938293, 0.47813233733177185, 0.30645477771759033, 0.2461438924074173]","[8, 8, 8, 8]",3037,23.7265625,0,4,128,1.6277188024105271e-06,5.054335474596883e-07,ad36c11d833d631f58e22b0052c1717b0af49647d4025c7ba83d7da83569258c,experiments/mirror_applications/ma-482-residual-vq-mirror/artifacts/payloads/48220_1_mirror_rvq_K8_R4.pt
48220,1,dense,16,1,0.0,[],[],9833,76.8203125,0,0,0,4.242186832925654e-07,1.4042939255887177e-08,ca6ccbb6cf00c72ee56ba2be478a720910f88f0fe1c5515b00d9be29bbd9134c,experiments/mirror_applications/ma-482-residual-vq-mirror/artifacts/payloads/48220_1_dense_K16_R1.pt
48220,1,native_rvq,16,1,0.4669863283634186,[1.0],[16],3045,23.7890625,256,0,32,1.8264453274241532e-06,1.1449998282841989e-07,0624a2d7cb3c07fc763a01b2540ef14510a9772960f12ed5dc66789c5100dd00,experiments/mirror_applications/ma-482-residual-vq-mirror/artifacts/payloads/48220_1_native_rvq_K16_R1.pt
48220,1,generic_coeff_rvq,16,1,0.5082737803459167,[1.0],[16],3033,23.6953125,0,1,32,2.1808045858051628e-06,2.193515342696628e-07,6af5887fe737c4d5f8d9db78451475c92239857fe6fcc24359518bd472d5db89,experiments/mirror_applications/ma-482-residual-vq-mirror/artifacts/payloads/48220_1_generic_coeff_rvq_K16_R1.pt
48220,1,mirror_rvq,16,1,0.5082737803459167,[1.0],[16],2653,20.7265625,0,1,32,1.4691249816678464e-06,1.6442186279164162e-07,ec4f541f6ac819ab725ff64d73a54becb728f8f82a182d9a54c4dca7b29b8bfb,experiments/mirror_applications/ma-482-residual-vq-mirror/artifacts/payloads/48220_1_mirror_rvq_K16_R1.pt
48220,1,dense,16,2,0.0,[],[],9833,76.8203125,0,0,0,4.1459372823737795e-07,1.4078125332162017e-08,ca6ccbb6cf00c72ee56ba2be478a720910f88f0fe1c5515b00d9be29bbd9134c,experiments/mirror_applications/ma-482-residual-vq-mirror/artifacts/payloads/48220_1_dense_K16_R2.pt
48220,1,native_rvq,16,2,0.31732451915740967,"[0.9639169573783875, 0.46808409690856934]","[16, 16]",4197,32.7890625,512,0,64,2.4010469132917933e-06,2.1230852098597097e-07,a85bd50b3e887a1b3cb7b855bd3fad5bce9dc4c07b48338a5f07abfeb83a04e1,experiments/mirror_applications/ma-482-residual-vq-mirror/artifacts/payloads/48220_1_native_rvq_K16_R2.pt
48220,1,generic_coeff_rvq,16,2,0.2691898047924042,"[0.9022864699363708, 0.5082737803459167]","[16, 16]",3161,24.6953125,0,2,64,2.2910389816388488e-06,3.7555855669779703e-07,6468fb960d7459c42922530a274e6b5f58845e8e52732a35f0dd8b73d636aaa8,experiments/mirror_applications/ma-482-residual-vq-mirror/artifacts/payloads/48220_1_generic_coeff_rvq_K16_R2.pt
48220,1,mirror_rvq,16,2,0.2691898047924042,"[0.9022864699363708, 0.5082737803459167]","[16, 16]",2781,21.7265625,0,2,64,1.5393906096505816e-06,2.7681642222887604e-07,60a60caf825ec08e0f18e8e0fa4d2795d7fe1d777e25361ea9a9947c59485f0c,experiments/mirror_applications/ma-482-residual-vq-mirror/artifacts/payloads/48220_1_mirror_rvq_K16_R2.pt
48220,1,dense,16,4,0.0,[],[],9833,76.8203125,0,0,0,4.2688282064773375e-07,1.4078125332162017e-08,ca6ccbb6cf00c72ee56ba2be478a720910f88f0fe1c5515b00d9be29bbd9134c,experiments/mirror_applications/ma-482-residual-vq-mirror/artifacts/payloads/48220_1_dense_K16_R4.pt
48220,1,native_rvq,16,4,0.18717898428440094,"[0.9122664928436279, 0.37022292613983154, 0.2839084565639496, 0.2397150993347168]","[16, 16, 16, 16]",6501,50.7890625,1024,0,128,3.4846796097554034e-06,3.9589843936482794e-07,460fb1c2e8ea4cda2c294150e72cd1c1ef9ec69a656405031bc69c3dbbd22ae6,experiments/mirror_applications/ma-482-residual-vq-mirror/artifacts/payloads/48220_1_native_rvq_K16_R4.pt
48220,1,generic_coeff_rvq,16,4,0.11986809968948364,"[0.8694975972175598, 0.44749021530151367, 0.2466764897108078, 0.1611899882555008]","[16, 16, 16, 16]",3417,26.6953125,0,4,128,2.4461171506118262e-06,4.791835976902803e-07,43f82a00aebd680f3e2e495acb647e48102e2ecc7a418a99ec5ab1426a058dd6,experiments/mirror_applications/ma-482-residual-vq-mirror/artifacts/payloads/48220_1_generic_coeff_rvq_K16_R4.pt
48220,1,mirror_rvq,16,4,0.11986809968948364,"[0.8694975972175598, 0.44749021530151367, 0.2466764897108078, 0.1611899882555008]","[16, 16, 16, 16]",3037,23.7265625,0,4,128,1.6436015357612632e-06,5.011327743886795e-07,1dad7c3713adb8d4336f0d89ed029871eb57780371548e89f613b5dc1265f535,experiments/mirror_applications/ma-482-residual-vq-mirror/artifacts/payloads/48220_1_mirror_rvq_K16_R4.pt
48220,1,dense,32,1,0.0,[],[],9833,76.8203125,0,0,0,4.512108944254578e-07,1.3886733540857676e-08,ca6ccbb6cf00c72ee56ba2be478a720910f88f0fe1c5515b00d9be29bbd9134c,experiments/mirror_applications/ma-482-residual-vq-mirror/artifacts/payloads/48220_1_dense_K32_R1.pt
48220,1,native_rvq,32,1,0.3842771351337433,[1.0],[32],4069,31.7890625,512,0,32,1.977617216653016e-06,1.1489453299873276e-07,3d6608394419a1e92eae64cb2bb1995e49e21ae006a8a4c48f9c48067f02b47d,experiments/mirror_applications/ma-482-residual-vq-mirror/artifacts/payloads/48220_1_native_rvq_K32_R1.pt
48220,1,generic_coeff_rvq,32,1,0.4994231164455414,[1.0],[32],3161,24.6953125,0,1,32,2.1847889684067923e-06,2.1621877976940596e-07,90b747e786602a54a2ecd43bdd25e003e8a2997a0fa6f8a5aed324fc07f0c315,experiments/mirror_applications/ma-482-residual-vq-mirror/artifacts/payloads/48220_1_generic_coeff_rvq_K32_R1.pt
48220,1,mirror_rvq,32,1,0.4994231164455414,[1.0],[32],2653,20.7265625,0,1,32,1.436734351045743e-06,1.6125784441101132e-07,d11af1dae6ff0e24bd94ba4cf01ad81ed6ed5f75ccf76636ca14367ab013b495,experiments/mirror_applications/ma-482-residual-vq-mirror/artifacts/payloads/48220_1_mirror_rvq_K32_R1.pt
48220,1,dense,32,2,0.0,[],[],9833,76.8203125,0,0,0,4.315780870456365e-07,1.4007810023031197e-08,ca6ccbb6cf00c72ee56ba2be478a720910f88f0fe1c5515b00d9be29bbd9134c,experiments/mirror_applications/ma-482-residual-vq-mirror/artifacts/payloads/48220_1_dense_K32_R2.pt
48220,1,native_rvq,32,2,0.2414543479681015,"[0.9662525057792664, 0.3758890926837921]","[31, 31]",6245,48.7890625,1024,0,64,2.4971250240923837e-06,2.1645314518536907e-07,25f468474762bfa0de46f28d056f2a0a2e54ddc0f25c206dbf6f14cb7e43926c,experiments/mirror_applications/ma-482-residual-vq-mirror/artifacts/payloads/48220_1_native_rvq_K32_R2.pt
48220,1,generic_coeff_rvq,32,2,0.2485285848379135,"[0.9013007879257202, 0.4994231164455414]","[32, 31]",3289,25.6953125,0,2,64,2.285796881551505e-06,3.7477343539649155e-07,8487a3b29f49ede6ae5d1a4acd092ef759a09e98b6e9b74a70cf050c61580b0a,experiments/mirror_applications/ma-482-residual-vq-mirror/artifacts/payloads/48220_1_generic_coeff_rvq_K32_R2.pt
48220,1,mirror_rvq,32,2,0.2485285848379135,"[0.9013007879257202, 0.4994231164455414]","[32, 31]",2781,21.7265625,0,2,64,1.5315624750655843e-06,2.770898390735965e-07,178446f4c1506893fac6b2be96d3fc1a3d3b026a432bc17a45a4e9ea88b07b5b,experiments/mirror_applications/ma-482-residual-vq-mirror/artifacts/payloads/48220_1_mirror_rvq_K32_R2.pt
48220,1,dense,32,4,0.0,[],[],9833,76.8203125,0,0,0,4.2774217945407145e-07,1.424223228241317e-08,ca6ccbb6cf00c72ee56ba2be478a720910f88f0fe1c5515b00d9be29bbd9134c,experiments/mirror_applications/ma-482-residual-vq-mirror/artifacts/payloads/48220_1_dense_K32_R4.pt
48220,1,native_rvq,32,4,0.13485799729824066,"[0.9479272365570068, 0.3069689869880676, 0.21855546534061432, 0.18034423887729645]","[31, 32, 30, 31]",10597,82.7890625,2048,0,128,3.662679660010326e-06,3.9867575196694816e-07,984fd4056597b5c73818aac8844be96098892aaf62fdf6dbc2e49845c5bc4414,experiments/mirror_applications/ma-482-residual-vq-mirror/artifacts/payloads/48220_1_native_rvq_K32_R4.pt
48220,1,generic_coeff_rvq,32,4,0.0558740496635437,"[0.8681581616401672, 0.4367824196815491, 0.22368888556957245, 0.1218673586845398]","[32, 31, 32, 32]",3545,27.6953125,0,4,128,2.3692890636084485e-06,4.786719500771142e-07,a4ded80c35b517858bad0be8e1dca656279fb00a22b3da4ae771cf1df4febfdb,experiments/mirror_applications/ma-482-residual-vq-mirror/artifacts/payloads/48220_1_generic_coeff_rvq_K32_R4.pt
48220,1,mirror_rvq,32,4,0.0558740496635437,"[0.8681581616401672, 0.4367824196815491, 0.22368888556957245, 0.1218673586845398]","[32, 31, 32, 32]",3037,23.7265625,0,4,128,1.6746640767451026e-06,5.083672363070946e-07,7f078e9cca7ca0d068e8a6c833c4d72db0988979f3863792fb1cd49cd1dd47a4,experiments/mirror_applications/ma-482-residual-vq-mirror/artifacts/payloads/48220_1_mirror_rvq_K32_R4.pt
48220,2,dense,4,1,0.0,[],[],9833,76.8203125,0,0,0,4.748437731905142e-07,1.3843703072780045e-08,0bf01ca40ce05038ec82c55e9837e1ef4c95fb5f50ea97f9b49f4022693fa939,experiments/mirror_applications/ma-482-residual-vq-mirror/artifacts/payloads/48220_2_dense_K4_R1.pt
48220,2,native_rvq,4,1,0.6262533068656921,[1.0],[4],2277,17.7890625,64,0,32,1.8022734593614587e-06,1.2076566235919017e-07,07dd45595c95372fb7caddeedb1b2c3fc3b6ddd0bd4f10bcedde8780d502f044,experiments/mirror_applications/ma-482-residual-vq-mirror/artifacts/payloads/48220_2_native_rvq_K4_R1.pt
48220,2,generic_coeff_rvq,4,1,0.6269630193710327,[1.0],[4],2969,23.1953125,0,1,32,2.211937498941552e-06,2.1871881017432315e-07,2e1a37da74a8208bcf16e8ad1fb6a27a38e91c72f32ab640851eb1f5ddc50945,experiments/mirror_applications/ma-482-residual-vq-mirror/artifacts/payloads/48220_2_generic_coeff_rvq_K4_R1.pt
48220,2,mirror_rvq,4,1,0.6269630193710327,[1.0],[4],2653,20.7265625,0,1,32,1.4762499631615356e-06,1.64031291660649e-07,3e217ef5d8b7551259b979317df3651f1621ff41c70d988779b296cc95d5f716,experiments/mirror_applications/ma-482-residual-vq-mirror/artifacts/payloads/48220_2_mirror_rvq_K4_R1.pt
48220,2,dense,4,2,0.0,[],[],9833,76.8203125,0,0,0,4.399453246151097e-07,1.3851547464582836e-08,0bf01ca40ce05038ec82c55e9837e1ef4c95fb5f50ea97f9b49f4022693fa939,experiments/mirror_applications/ma-482-residual-vq-mirror/artifacts/payloads/48220_2_dense_K4_R2.pt
48220,2,native_rvq,4,2,0.4934389591217041,"[0.9222739934921265, 0.6261671185493469]","[4, 4]",2661,20.7890625,128,0,64,2.2381483404387836e-06,2.2204687866178574e-07,8e1fe4c36487c5a869340d4833dd4c67df6180b91af204d1bbc9e5bd7ca807e2,experiments/mirror_applications/ma-482-residual-vq-mirror/artifacts/payloads/48220_2_native_rvq_K4_R2.pt
48220,2,generic_coeff_rvq,4,2,0.4919944107532501,"[0.9213988184928894, 0.6269630193710327]","[4, 4]",3097,24.1953125,0,2,64,2.2353359554472263e-06,3.743437559933227e-07,abc95a7fdcfc4ab51c67753f885e4bcf87bc917d6edd6cf1345a0d9146d94595,experiments/mirror_applications/ma-482-residual-vq-mirror/artifacts/payloads/48220_2_generic_coeff_rvq_K4_R2.pt
48220,2,mirror_rvq,4,2,0.4919944107532501,"[0.9213988184928894, 0.6269630193710327]","[4, 4]",2781,21.7265625,0,2,64,1.6278750081255566e-06,2.7716794193111127e-07,3c943dbdd0d1900c9290371d553ac0a55a959f86e98bba0b18a231a40f7c44c8,experiments/mirror_applications/ma-482-residual-vq-mirror/artifacts/payloads/48220_2_mirror_rvq_K4_R2.pt
48220,2,dense,4,4,0.0,[],[],9833,76.8203125,0,0,0,4.558360160444863e-07,1.3964836398372427e-08,0bf01ca40ce05038ec82c55e9837e1ef4c95fb5f50ea97f9b49f4022693fa939,experiments/mirror_applications/ma-482-residual-vq-mirror/artifacts/payloads/48220_2_dense_K4_R4.pt
48220,2,native_rvq,4,4,0.320549339056015,"[0.8251544237136841, 0.49806949496269226, 0.4497149586677551, 0.37167060375213623]","[4, 4, 4, 4]",3429,26.7890625,256,0,128,3.060617245864705e-06,3.971094315602386e-07,3b4c3e94d6b666267a3c3f5affa90e1b0a1be6952e540d71a0ef1bf0b34f2a19,experiments/mirror_applications/ma-482-residual-vq-mirror/artifacts/payloads/48220_2_native_rvq_K4_R4.pt
48220,2,generic_coeff_rvq,4,4,0.44161292910575867,"[0.8955106735229492, 0.5882568955421448, 0.4824628233909607, 0.4520067572593689]","[4, 4, 4, 4]",3353,26.1953125,0,4,128,2.3437031586581725e-06,4.830937427868776e-07,eac03ea5195c40023bdd34bbaec2e88098cf04acc434411ef3b4668b10f70915,experiments/mirror_applications/ma-482-residual-vq-mirror/artifacts/payloads/48220_2_generic_coeff_rvq_K4_R4.pt
48220,2,mirror_rvq,4,4,0.44161292910575867,"[0.8955106735229492, 0.5882568955421448, 0.4824628233909607, 0.4520067572593689]","[4, 4, 4, 4]",3037,23.7265625,0,4,128,1.7463358972236165e-06,5.077031346445438e-07,2ba3474653e1d00f0eec335e47dbd8eca59fe5587b7fb3230367eec2627d8d3e,experiments/mirror_applications/ma-482-residual-vq-mirror/artifacts/payloads/48220_2_mirror_rvq_K4_R4.pt
48220,2,dense,8,1,0.0,[],[],9833,76.8203125,0,0,0,4.5887497890362283e-07,1.3886676697438816e-08,0bf01ca40ce05038ec82c55e9837e1ef4c95fb5f50ea97f9b49f4022693fa939,experiments/mirror_applications/ma-482-residual-vq-mirror/artifacts/payloads/48220_2_dense_K8_R1.pt
48220,2,native_rvq,8,1,0.5664734840393066,[1.0],[8],2533,19.7890625,128,0,32,1.7721484937283094e-06,8.004298024388845e-08,b4f1e5e0d758bb6057f1aba53c0617f4a7fb280f656bc63e5d524c9394d86756,experiments/mirror_applications/ma-482-residual-vq-mirror/artifacts/payloads/48220_2_native_rvq_K8_R1.pt
48220,2,generic_coeff_rvq,8,1,0.5310972332954407,[1.0],[8],2969,23.1953125,0,1,32,1.772546852407686e-06,1.5401559494421235e-07,874c157ef6451278add2698bc193ba748d306c9e64cca0a3a166941b1c91b4d4,experiments/mirror_applications/ma-482-residual-vq-mirror/artifacts/payloads/48220_2_generic_coeff_rvq_K8_R1.pt
48220,2,mirror_rvq,8,1,0.5310972332954407,[1.0],[8],2653,20.7265625,0,1,32,1.5306953855542815e-06,1.6297263982778531e-07,e633b7ef11cec96054e4fb69f41cec1b09cc55be704432c6b1f8f9a8c8c84dda,experiments/mirror_applications/ma-482-residual-vq-mirror/artifacts/payloads/48220_2_mirror_rvq_K8_R1.pt
48220,2,dense,8,2,0.0,[],[],9833,76.8203125,0,0,0,4.490156015890534e-07,1.4121098956820788e-08,0bf01ca40ce05038ec82c55e9837e1ef4c95fb5f50ea97f9b49f4022693fa939,experiments/mirror_applications/ma-482-residual-vq-mirror/artifacts/payloads/48220_2_dense_K8_R2.pt
48220,2,native_rvq,8,2,0.3712121248245239,"[0.9246024489402771, 0.5347708463668823]","[8, 8]",3173,24.7890625,256,0,64,1.871437575573509e-06,1.4716795249114512e-07,2831b9dc88a38a43349847a175d0f093f0c1926206ac062975a2e9201446a3ce,experiments/mirror_applications/ma-482-residual-vq-mirror/artifacts/payloads/48220_2_native_rvq_K8_R2.pt
48220,2,generic_coeff_rvq,8,2,0.32260411977767944,"[0.906647264957428, 0.5310972332954407]","[8, 8]",3097,24.1953125,0,2,64,1.7845937918536947e-06,2.6680078235585825e-07,c3b3f00b64993dba097ed2aaa7aba2487068b7efb63ca5203c3552c0d4c5aca2,experiments/mirror_applications/ma-482-residual-vq-mirror/artifacts/payloads/48220_2_generic_coeff_rvq_K8_R2.pt
48220,2,mirror_rvq,8,2,0.32260411977767944,"[0.906647264957428, 0.5310972332954407]","[8, 8]",2781,21.7265625,0,2,64,1.5017500345493318e-06,2.7431246962805744e-07,0c63ff9cd6d822a2c196fe5d5e40575ecff180988ce2e1519ccfe0c975ad55f2,experiments/mirror_applications/ma-482-residual-vq-mirror/artifacts/payloads/48220_2_mirror_rvq_K8_R2.pt
48220,2,dense,8,4,0.0,[],[],9833,76.8203125,0,0,0,4.452656412468059e-07,1.4042939255887177e-08,0bf01ca40ce05038ec82c55e9837e1ef4c95fb5f50ea97f9b49f4022693fa939,experiments/mirror_applications/ma-482-residual-vq-mirror/artifacts/payloads/48220_2_dense_K8_R4.pt
48220,2,native_rvq,8,4,0.24150504171848297,"[0.8900023102760315, 0.43780842423439026, 0.3396713435649872, 0.3003789782524109]","[8, 8, 8, 8]",4453,34.7890625,512,0,128,2.6432031745571294e-06,2.723124339354399e-07,62863640b9414abd96d0bacfa28cd5b74f6ebc79f535f2877c7304093a460f7f,experiments/mirror_applications/ma-482-residual-vq-mirror/artifacts/payloads/48220_2_native_rvq_K8_R4.pt
48220,2,generic_coeff_rvq,8,4,0.2197132408618927,"[0.8753340244293213, 0.47567299008369446, 0.3048030436038971, 0.24380822479724884]","[8, 8, 8, 8]",3353,26.1953125,0,4,128,1.934656211233232e-06,4.809062374988571e-07,c2191eaf2ba04ac571d0ae9ddd51306a915393cc3f3408daf79410685cd19ac2,experiments/mirror_applications/ma-482-residual-vq-mirror/artifacts/payloads/48220_2_generic_coeff_rvq_K8_R4.pt
48220,2,mirror_rvq,8,4,0.2197132408618927,"[0.8753340244293213, 0.47567299008369446, 0.3048030436038971, 0.24380822479724884]","[8, 8, 8, 8]",3037,23.7265625,0,4,128,1.7761407207217417e-06,5.134179446031339e-07,930db37710b30d61257993da39af30353b010d23122c95b5d02734a52b2b36f0,experiments/mirror_applications/ma-482-residual-vq-mirror/artifacts/payloads/48220_2_mirror_rvq_K8_R4.pt
48220,2,dense,16,1,0.0,[],[],9833,76.8203125,0,0,0,4.422109896040638e-07,1.3929707165516447e-08,0bf01ca40ce05038ec82c55e9837e1ef4c95fb5f50ea97f9b49f4022693fa939,experiments/mirror_applications/ma-482-residual-vq-mirror/artifacts/payloads/48220_2_dense_K16_R1.pt
48220,2,native_rvq,16,1,0.4560425281524658,[1.0],[16],3045,23.7890625,256,0,32,1.8413124962535221e-06,8.364060022358899e-08,09793a19a55a95003783c6dbda83ce2965c4de192cc8007909cb3227640133f6,experiments/mirror_applications/ma-482-residual-vq-mirror/artifacts/payloads/48220_2_native_rvq_K16_R1.pt
48220,2,generic_coeff_rvq,16,1,0.5063097476959229,[1.0],[16],3033,23.6953125,0,1,32,1.9450624222372426e-06,1.5596879165968858e-07,cbfa0cb291a8501bf061de6c6504284ca5e55ddda3c4162deb6b9f6de9568c0d,experiments/mirror_applications/ma-482-residual-vq-mirror/artifacts/payloads/48220_2_generic_coeff_rvq_K16_R1.pt
48220,2,mirror_rvq,16,1,0.5063097476959229,[1.0],[16],2653,20.7265625,0,1,32,1.5100390555744525e-06,1.6462109897474875e-07,a5928dfbca987c3ef0672a87b2b01eeb2c064234d61a6a1a11272d3fe6c5ba09,experiments/mirror_applications/ma-482-residual-vq-mirror/artifacts/payloads/48220_2_mirror_rvq_K16_R1.pt
48220,2,dense,16,2,0.0,[],[],9833,76.8203125,0,0,0,4.811015514860628e-07,1.4554700555891031e-08,0bf01ca40ce05038ec82c55e9837e1ef4c95fb5f50ea97f9b49f4022693fa939,experiments/mirror_applications/ma-482-residual-vq-mirror/artifacts/payloads/48220_2_dense_K16_R2.pt
48220,2,native_rvq,16,2,0.3211137056350708,"[0.9616411328315735, 0.454051673412323]","[16, 16]",4197,32.7890625,512,0,64,2.2915937734069303e-06,1.467773813601525e-07,35f97155ed93d35b90b3cbb4755856f9cee78a257dcf93b82d89c02597ab190f,experiments/mirror_applications/ma-482-residual-vq-mirror/artifacts/payloads/48220_2_native_rvq_K16_R2.pt
48220,2,generic_coeff_rvq,16,2,0.26614442467689514,"[0.9024872779846191, 0.5063097476959229]","[16, 16]",3161,24.6953125,0,2,64,2.030273435593699e-06,2.6316405410398147e-07,de3c70cf974f0d8d4e37e4d92874aa2f3e85e120a9f8a822b1217973c6f5845b,experiments/mirror_applications/ma-482-residual-vq-mirror/artifacts/payloads/48220_2_generic_coeff_rvq_K16_R2.pt
48220,2,mirror_rvq,16,2,0.26614442467689514,"[0.9024872779846191, 0.5063097476959229]","[16, 16]",2781,21.7265625,0,2,64,1.561835915708798e-06,2.775586267489416e-07,80cd5b46cfc53177c862a316f77379143d9fb7e61d11868bbbde70d0185bc6b6,experiments/mirror_applications/ma-482-residual-vq-mirror/artifacts/payloads/48220_2_mirror_rvq_K16_R2.pt
48220,2,dense,16,4,0.0,[],[],9833,76.8203125,0,0,0,4.911094038106967e-07,1.4125021152722184e-08,0bf01ca40ce05038ec82c55e9837e1ef4c95fb5f50ea97f9b49f4022693fa939,experiments/mirror_applications/ma-482-residual-vq-mirror/artifacts/payloads/48220_2_dense_K16_R4.pt
48220,2,native_rvq,16,4,0.18930748105049133,"[0.9094693064689636, 0.3756798803806305, 0.2911761403083801, 0.24039016664028168]","[16, 16, 16, 16]",6501,50.7890625,1024,0,128,3.2250781032416853e-06,2.7266804636383313e-07,e88dd004d7a16f176d598a3cdea3ed9a92040c9a6fb15a874c14567143e7ef0e,experiments/mirror_applications/ma-482-residual-vq-mirror/artifacts/payloads/48220_2_native_rvq_K16_R4.pt
48220,2,generic_coeff_rvq,16,4,0.11326240748167038,"[0.8697579503059387, 0.445359468460083, 0.24336589872837067, 0.1563146412372589]","[16, 16, 16, 16]",3417,26.6953125,0,4,128,2.117265694323578e-06,4.76953118777601e-07,fd1e1ccb445439e3aa5304c608bff17a9880e4d4dea43af4a6b911d90a4df2ff,experiments/mirror_applications/ma-482-residual-vq-mirror/artifacts/payloads/48220_2_generic_coeff_rvq_K16_R4.pt
48220,2,mirror_rvq,16,4,0.11326240748167038,"[0.8697579503059387, 0.445359468460083, 0.24336589872837067, 0.1563146412372589]","[16, 16, 16, 16]",3037,23.7265625,0,4,128,1.6383593219870818e-06,5.092694550512533e-07,4b62123e92917e3f0914b380b535c0189b3ed85e3d13b54f83e187796ca4c7d2,experiments/mirror_applications/ma-482-residual-vq-mirror/artifacts/payloads/48220_2_mirror_rvq_K16_R4.pt
48220,2,dense,32,1,0.0,[],[],9833,76.8203125,0,0,0,4.488672402658267e-07,1.380470848744153e-08,0bf01ca40ce05038ec82c55e9837e1ef4c95fb5f50ea97f9b49f4022693fa939,experiments/mirror_applications/ma-482-residual-vq-mirror/artifacts/payloads/48220_2_dense_K32_R1.pt
48220,2,native_rvq,32,1,0.39004525542259216,[1.0],[32],4069,31.7890625,512,0,32,1.838265575315745e-06,8.168359499904909e-08,4bea3e8153415313618fdfd56a7713762df455301bcf9a311372bd69ede0ff63,experiments/mirror_applications/ma-482-residual-vq-mirror/artifacts/payloads/48220_2_native_rvq_K32_R1.pt
48220,2,generic_coeff_rvq,32,1,0.4997810125350952,[1.0],[32],3161,24.6953125,0,1,32,1.961257794391713e-06,1.522187744740222e-07,7c24a66929d66cf4e1558bb50d9c100cba8a62d5c85277648e74c7ac15c5907d,experiments/mirror_applications/ma-482-residual-vq-mirror/artifacts/payloads/48220_2_generic_coeff_rvq_K32_R1.pt
48220,2,mirror_rvq,32,1,0.4997810125350952,[1.0],[32],2653,20.7265625,0,1,32,1.4484687653748551e-06,1.6023830085032387e-07,0aec2f378757f21418b2900a4a78b08c53bf436b3aee94bedde7096c4c2887c9,experiments/mirror_applications/ma-482-residual-vq-mirror/artifacts/payloads/48220_2_mirror_rvq_K32_R1.pt
48220,2,dense,32,2,0.0,[],[],9833,76.8203125,0,0,0,4.382266070024343e-07,1.4121042113401927e-08,0bf01ca40ce05038ec82c55e9837e1ef4c95fb5f50ea97f9b49f4022693fa939,experiments/mirror_applications/ma-482-residual-vq-mirror/artifacts/payloads/48220_2_dense_K32_R2.pt
48220,2,native_rvq,32,2,0.24519290030002594,"[0.9603437781333923, 0.3792961835861206]","[31, 31]",6245,48.7890625,1024,0,64,2.291203145432519e-06,1.4783597634959733e-07,90d7ffe0dabb9958d2d62f91cc93a5ed3660a40fedd1c7b2b4c228cb2a991532,experiments/mirror_applications/ma-482-residual-vq-mirror/artifacts/payloads/48220_2_native_rvq_K32_R2.pt
48220,2,generic_coeff_rvq,32,2,0.24928516149520874,"[0.9013112783432007, 0.4997810125350952]","[32, 31]",3289,25.6953125,0,2,64,1.812679670365469e-06,2.628867150633596e-07,628529036ed5e294f6785b87df416da0154cee4119be443f137b7533905a9045,experiments/mirror_applications/ma-482-residual-vq-mirror/artifacts/payloads/48220_2_generic_coeff_rvq_K32_R2.pt
48220,2,mirror_rvq,32,2,0.24928516149520874,"[0.9013112783432007, 0.4997810125350952]","[32, 31]",2781,21.7265625,0,2,64,1.5892187548161019e-06,2.7357032195141073e-07,e2806dc58ca6550644c678fda03254b9959b12c19ec675793855f6879a23dc40,experiments/mirror_applications/ma-482-residual-vq-mirror/artifacts/payloads/48220_2_mirror_rvq_K32_R2.pt
48220,2,dense,32,4,0.0,[],[],9833,76.8203125,0,0,0,5.559766123042209e-07,1.4316469787445385e-08,0bf01ca40ce05038ec82c55e9837e1ef4c95fb5f50ea97f9b49f4022693fa939,experiments/mirror_applications/ma-482-residual-vq-mirror/artifacts/payloads/48220_2_dense_K32_R4.pt
48220,2,native_rvq,32,4,0.13421420753002167,"[0.9470087885856628, 0.3105895519256592, 0.21757490932941437, 0.18055027723312378]","[32, 31, 31, 30]",10597,82.7890625,2048,0,128,3.414890670683235e-06,2.7485941700433614e-07,e352021202a6d94def285d934ca83d683f99054a36f1135d2ee4c54509953587,experiments/mirror_applications/ma-482-residual-vq-mirror/artifacts/payloads/48220_2_native_rvq_K32_R4.pt
48220,2,generic_coeff_rvq,32,4,0.0593562051653862,"[0.8681832551956177, 0.4372197687625885, 0.22453966736793518, 0.1234835609793663]","[32, 31, 32, 31]",3545,27.6953125,0,4,128,2.098570348607609e-06,4.774219064529461e-07,972c6e706a2a90903ac4629bb8b91e64447d40e17c328586e4ae786261645fd1,experiments/mirror_applications/ma-482-residual-vq-mirror/artifacts/payloads/48220_2_generic_coeff_rvq_K32_R4.pt
48220,2,mirror_rvq,32,4,0.0593562051653862,"[0.8681832551956177, 0.4372197687625885, 0.22453966736793518, 0.1234835609793663]","[32, 31, 32, 31]",3037,23.7265625,0,4,128,1.970257812899945e-06,5.338320079317782e-07,f27ef1142cdc706a756cb0e5ef3313844d8f6d4653265934bc2ac233ab75313c,experiments/mirror_applications/ma-482-residual-vq-mirror/artifacts/payloads/48220_2_mirror_rvq_K32_R4.pt
48221,0,dense,4,1,0.0,[],[],9833,76.8203125,0,0,0,5.979921979815117e-07,1.4121098956820788e-08,156163108b1512abded31e7d20de83647d196efc468f1843d333336a3c54ae3b,experiments/mirror_applications/ma-482-residual-vq-mirror/artifacts/payloads/48221_0_dense_K4_R1.pt
48221,0,native_rvq,4,1,0.6248679757118225,[1.0],[4],2277,17.7890625,64,0,32,1.5609842876074254e-06,1.1376170050425571e-07,2463051aedcca4c9a276d282dccb88b122d0be5b3b7f431f9aab0f2442046084,experiments/mirror_applications/ma-482-residual-vq-mirror/artifacts/payloads/48221_0_native_rvq_K4_R1.pt
48221,0,generic_coeff_rvq,4,1,0.616737961769104,[1.0],[4],2969,23.1953125,0,1,32,2.063046849798411e-06,1.5535158581769792e-07,8ae8ca55f1f2c4673b72750c4621e83cc10211f86606efff4a0188ca7db44dc9,experiments/mirror_applications/ma-482-residual-vq-mirror/artifacts/payloads/48221_0_generic_coeff_rvq_K4_R1.pt
48221,0,mirror_rvq,4,1,0.616737961769104,[1.0],[4],2653,20.7265625,0,1,32,1.839828087213391e-06,1.645390739213326e-07,1b7afdbca1af1ec4eba09f02ebffcede8ddb456a2635fda612ca3562b15397d5,experiments/mirror_applications/ma-482-residual-vq-mirror/artifacts/payloads/48221_0_mirror_rvq_K4_R1.pt
48221,0,dense,4,2,0.0,[],[],9833,76.8203125,0,0,0,4.719531716546044e-07,1.3964836398372427e-08,156163108b1512abded31e7d20de83647d196efc468f1843d333336a3c54ae3b,experiments/mirror_applications/ma-482-residual-vq-mirror/artifacts/payloads/48221_0_dense_K4_R2.pt
48221,0,native_rvq,4,2,0.49298036098480225,"[0.9300782084465027, 0.6248277425765991]","[4, 4]",2661,20.7890625,128,0,64,1.969710979210504e-06,1.4823046967649134e-07,5370ee1314fe3952131d03a623bf8014c5727dc16f328c73390f8ab18f7144c3,experiments/mirror_applications/ma-482-residual-vq-mirror/artifacts/payloads/48221_0_native_rvq_K4_R2.pt
48221,0,generic_coeff_rvq,4,2,0.47809597849845886,"[0.9209832549095154, 0.616737961769104]","[4, 4]",3097,24.1953125,0,2,64,2.0218125200699433e-06,2.627305093483301e-07,4d75b4b851a821c777412ffa0ef26a0aea2fc17fdc938161f95b788ca98f7fe6,experiments/mirror_applications/ma-482-residual-vq-mirror/artifacts/payloads/48221_0_generic_coeff_rvq_K4_R2.pt
48221,0,mirror_rvq,4,2,0.47809597849845886,"[0.9209832549095154, 0.616737961769104]","[4, 4]",2781,21.7265625,0,2,64,1.5451797708010417e-06,2.74625051588373e-07,abaa0e7baebeba2f6a1437c217eb2024718046a005592cd6cf39d9d855d672f5,experiments/mirror_applications/ma-482-residual-vq-mirror/artifacts/payloads/48221_0_mirror_rvq_K4_R2.pt
48221,0,dense,4,4,0.0,[],[],9833,76.8203125,0,0,0,4.656093324229005e-07,1.4081990684644552e-08,156163108b1512abded31e7d20de83647d196efc468f1843d333336a3c54ae3b,experiments/mirror_applications/ma-482-residual-vq-mirror/artifacts/payloads/48221_0_dense_K4_R4.pt
48221,0,native_rvq,4,4,0.3200896680355072,"[0.8237268924713135, 0.504427969455719, 0.4521729052066803, 0.3820485770702362]","[4, 4, 4, 4]",3429,26.7890625,256,0,128,2.893960868277645e-06,2.720039447012823e-07,73eed23cce05443852da0928806c9af171769271be978c00b0f5668bf5142926,experiments/mirror_applications/ma-482-residual-vq-mirror/artifacts/payloads/48221_0_native_rvq_K4_R4.pt
48221,0,generic_coeff_rvq,4,4,0.4253658056259155,"[0.8947460055351257, 0.5768241286277771, 0.46792393922805786, 0.4365306496620178]","[4, 4, 4, 4]",3353,26.1953125,0,4,128,1.9841875200654613e-06,4.791835408468614e-07,6b367b1e1d520f6afde26797bd125369874d4f8dce70d951844f0475ec125fd2,experiments/mirror_applications/ma-482-residual-vq-mirror/artifacts/payloads/48221_0_generic_coeff_rvq_K4_R4.pt
48221,0,mirror_rvq,4,4,0.4253658056259155,"[0.8947460055351257, 0.5768241286277771, 0.46792393922805786, 0.4365306496620178]","[4, 4, 4, 4]",3037,23.7265625,0,4,128,1.8291874539499986e-06,5.125546636008949e-07,9d643aa6ca41cea2650766096ce537c21faa20edf73a14e75503348fd6567209,experiments/mirror_applications/ma-482-residual-vq-mirror/artifacts/payloads/48221_0_mirror_rvq_K4_R4.pt
48221,0,dense,8,1,0.0,[],[],9833,76.8203125,0,0,0,4.925234406982781e-07,1.4085912880545948e-08,156163108b1512abded31e7d20de83647d196efc468f1843d333336a3c54ae3b,experiments/mirror_applications/ma-482-residual-vq-mirror/artifacts/payloads/48221_0_dense_K8_R1.pt
48221,0,native_rvq,8,1,0.5217422842979431,[1.0],[8],2533,19.7890625,128,0,32,1.5997110267562675e-06,8.21094090497354e-08,2dd3bf5508314c8e36add1a6f1016745b45730737a4c6371e3e51c67db33f514,experiments/mirror_applications/ma-482-residual-vq-mirror/artifacts/payloads/48221_0_native_rvq_K8_R1.pt
48221,0,generic_coeff_rvq,8,1,0.5336557626724243,[1.0],[8],2969,23.1953125,0,1,32,1.7636172060520039e-06,1.5937496300466591e-07,e7fde31ce0e8bda3570e8d956275232d8cb939dd688a3dba1ba0c1ad39451549,experiments/mirror_applications/ma-482-residual-vq-mirror/artifacts/payloads/48221_0_generic_coeff_rvq_K8_R1.pt
48221,0,mirror_rvq,8,1,0.5336557626724243,[1.0],[8],2653,20.7265625,0,1,32,1.466929688831442e-06,1.6606639974270365e-07,41e159f5d02fbaf8bcb57623d88bdd4b9954500244afb821f3168ed0f52ea081,experiments/mirror_applications/ma-482-residual-vq-mirror/artifacts/payloads/48221_0_mirror_rvq_K8_R1.pt
48221,0,dense,8,2,0.0,[],[],9833,76.8203125,0,0,0,5.432186753751012e-07,1.3999965631228406e-08,156163108b1512abded31e7d20de83647d196efc468f1843d333336a3c54ae3b,experiments/mirror_applications/ma-482-residual-vq-mirror/artifacts/payloads/48221_0_dense_K8_R2.pt
48221,0,native_rvq,8,2,0.37326523661613464,"[0.9257086515426636, 0.5347488522529602]","[8, 8]",3173,24.7890625,256,0,64,1.927460971273831e-06,1.4858204622214544e-07,65bfa48e24b4803fb86f1b627060c3da1cde5627f2bdc8a22eed6f233f696bb0,experiments/mirror_applications/ma-482-residual-vq-mirror/artifacts/payloads/48221_0_native_rvq_K8_R2.pt
48221,0,generic_coeff_rvq,8,2,0.32522085309028625,"[0.9060795307159424, 0.5336557626724243]","[8, 8]",3097,24.1953125,0,2,64,1.820890588533075e-06,2.629687969601946e-07,fe5512fc5e3bc7668daf2dbf6406b97695259ab0e28b1c2aa5e2061583f2617f,experiments/mirror_applications/ma-482-residual-vq-mirror/artifacts/payloads/48221_0_generic_coeff_rvq_K8_R2.pt
48221,0,mirror_rvq,8,2,0.32522085309028625,"[0.9060795307159424, 0.5336557626724243]","[8, 8]",2781,21.7265625,0,2,64,1.5810859395060106e-06,2.76933633358567e-07,aa5cba3db6f90b68584b32e6a91e3a656535b8f4445b0003d9261aac8b6f8378,experiments/mirror_applications/ma-482-residual-vq-mirror/artifacts/payloads/48221_0_mirror_rvq_K8_R2.pt
48221,0,dense,8,4,0.0,[],[],9833,76.8203125,0,0,0,4.6757031668676063e-07,1.432033513992792e-08,156163108b1512abded31e7d20de83647d196efc468f1843d333336a3c54ae3b,experiments/mirror_applications/ma-482-residual-vq-mirror/artifacts/payloads/48221_0_dense_K8_R4.pt
48221,0,native_rvq,8,4,0.24054698646068573,"[0.8582412004470825, 0.44962918758392334, 0.33317822217941284, 0.3016987442970276]","[8, 8, 8, 8]",4453,34.7890625,512,0,128,2.6936718313663732e-06,2.7802735758086783e-07,f062e93a600a90e19353cf9af20dc20ffc5ac79fbd2b8fe0535d897f08d84453,experiments/mirror_applications/ma-482-residual-vq-mirror/artifacts/payloads/48221_0_native_rvq_K8_R4.pt
48221,0,generic_coeff_rvq,8,4,0.22338739037513733,"[0.8747076392173767, 0.4784577190876007, 0.3075215220451355, 0.24718622863292694]","[8, 8, 8, 8]",3353,26.1953125,0,4,128,2.04614843823947e-06,4.808672429135186e-07,253fe91327aefcc0395bea044df9b266e4cc2bf8fbf360053d6a1c2c8ee5c925,experiments/mirror_applications/ma-482-residual-vq-mirror/artifacts/payloads/48221_0_generic_coeff_rvq_K8_R4.pt
48221,0,mirror_rvq,8,4,0.22338739037513733,"[0.8747076392173767, 0.4784577190876007, 0.3075215220451355, 0.24718622863292694]","[8, 8, 8, 8]",3037,23.7265625,0,4,128,1.8028983959084144e-06,5.075820581623702e-07,b9368e866c1c7c7be0f609bb56b3f9812b7ea7bb0df7a3f0ca56fcd1304861ae,experiments/mirror_applications/ma-482-residual-vq-mirror/artifacts/payloads/48221_0_mirror_rvq_K8_R4.pt
48221,0,dense,16,1,0.0,[],[],9833,76.8203125,0,0,0,4.257890395820141e-07,1.4042996099306038e-08,156163108b1512abded31e7d20de83647d196efc468f1843d333336a3c54ae3b,experiments/mirror_applications/ma-482-residual-vq-mirror/artifacts/payloads/48221_0_dense_K16_R1.pt
48221,0,native_rvq,16,1,0.4309026598930359,[1.0],[16],3045,23.7890625,256,0,32,1.5798359527252614e-06,8.258200523414416e-08,394a80937ffef8020ecb2d9f54d0332270ddeab083ba67b86fa2f3086e8f589a,experiments/mirror_applications/ma-482-residual-vq-mirror/artifacts/payloads/48221_0_native_rvq_K16_R1.pt
48221,0,generic_coeff_rvq,16,1,0.5058068037033081,[1.0],[16],3033,23.6953125,0,1,32,1.7977343986785854e-06,1.5358597238446237e-07,e09e2258b3a8b5f16241f89f68a119c70811045d3cf6a1b043dd654839de0d9c,experiments/mirror_applications/ma-482-residual-vq-mirror/artifacts/payloads/48221_0_generic_coeff_rvq_K16_R1.pt
48221,0,mirror_rvq,16,1,0.5058068037033081,[1.0],[16],2653,20.7265625,0,1,32,1.6683281955920393e-06,1.62152332450205e-07,32437abf20e34339a079e561a1f1212995c1aa3450a566a817536e4b2c371aec,experiments/mirror_applications/ma-482-residual-vq-mirror/artifacts/payloads/48221_0_mirror_rvq_K16_R1.pt
48221,0,dense,16,2,0.0,[],[],9833,76.8203125,0,0,0,4.3149998418812174e-07,1.427741835868801e-08,156163108b1512abded31e7d20de83647d196efc468f1843d333336a3c54ae3b,experiments/mirror_applications/ma-482-residual-vq-mirror/artifacts/payloads/48221_0_dense_K16_R2.pt
48221,0,native_rvq,16,2,0.3020106256008148,"[0.9630215167999268, 0.4308903217315674]","[16, 16]",4197,32.7890625,512,0,64,2.0136016019023373e-06,1.458788574382197e-07,05c83cd11c30b5821c2295af5688a34f488428ef9c93ddeb23416a84c89bb39c,experiments/mirror_applications/ma-482-residual-vq-mirror/artifacts/payloads/48221_0_native_rvq_K16_R2.pt
48221,0,generic_coeff_rvq,16,2,0.26467302441596985,"[0.902336597442627, 0.5058068037033081]","[16, 16]",3161,24.6953125,0,2,64,1.839515675783332e-06,2.619530619085708e-07,02ae399d9af96449143ad08c72c3287b15daeafa9b043a83f117f5080acc76a8,experiments/mirror_applications/ma-482-residual-vq-mirror/artifacts/payloads/48221_0_generic_coeff_rvq_K16_R2.pt
48221,0,mirror_rvq,16,2,0.26467302441596985,"[0.902336597442627, 0.5058068037033081]","[16, 16]",2781,21.7265625,0,2,64,1.5742812138341833e-06,2.7391797630116343e-07,92a990f853cfd1936918d5c0cdcf71e5fdfe76089cb1ea9c46d39af929d6374c,experiments/mirror_applications/ma-482-residual-vq-mirror/artifacts/payloads/48221_0_mirror_rvq_K16_R2.pt
48221,0,dense,16,4,0.0,[],[],9833,76.8203125,0,0,0,4.4003115817758953e-07,1.4125021152722184e-08,156163108b1512abded31e7d20de83647d196efc468f1843d333336a3c54ae3b,experiments/mirror_applications/ma-482-residual-vq-mirror/artifacts/payloads/48221_0_dense_K16_R4.pt
48221,0,native_rvq,16,4,0.18315710127353668,"[0.9198210835456848, 0.3592873215675354, 0.27889248728752136, 0.2350616753101349]","[16, 16, 16, 16]",6501,50.7890625,1024,0,128,2.7472656256577466e-06,2.788515303109307e-07,be338936be648fd12b8b7719ed0f5920e19dd1f11c65557c74614bae1e5b5be1,experiments/mirror_applications/ma-482-residual-vq-mirror/artifacts/payloads/48221_0_native_rvq_K16_R4.pt
48221,0,generic_coeff_rvq,16,4,0.10925601422786713,"[0.8695380687713623, 0.444663405418396, 0.24173486232757568, 0.15346968173980713]","[16, 16, 16, 16]",3417,26.6953125,0,4,128,2.3207734329844243e-06,4.840742349188076e-07,620537d630dca42dd619273b88a4f649b01052284afddc2a8e55c555ce4ff413,experiments/mirror_applications/ma-482-residual-vq-mirror/artifacts/payloads/48221_0_generic_coeff_rvq_K16_R4.pt
48221,0,mirror_rvq,16,4,0.10925601422786713,"[0.8695380687713623, 0.444663405418396, 0.24173486232757568, 0.15346968173980713]","[16, 16, 16, 16]",3037,23.7265625,0,4,128,1.8241015595776844e-06,5.090742547508853e-07,9cea72c967e33a32d6faa2c8fccadd15d9661775a08c83fe827b809c31e949dd,experiments/mirror_applications/ma-482-residual-vq-mirror/artifacts/payloads/48221_0_mirror_rvq_K16_R4.pt
48221,0,dense,32,1,0.0,[],[],9833,76.8203125,0,0,0,4.3611714772850974e-07,1.4078182175580878e-08,156163108b1512abded31e7d20de83647d196efc468f1843d333336a3c54ae3b,experiments/mirror_applications/ma-482-residual-vq-mirror/artifacts/payloads/48221_0_dense_K32_R1.pt
48221,0,native_rvq,32,1,0.3681272268295288,[1.0],[31],4069,31.7890625,512,0,32,1.689679720584536e-06,8.172270327122533e-08,464f7a649d900967e70689e6bb251baf2d15c7bc7559aa65b138bb439a665f3a,experiments/mirror_applications/ma-482-residual-vq-mirror/artifacts/payloads/48221_0_native_rvq_K32_R1.pt
48221,0,generic_coeff_rvq,32,1,0.5000641345977783,[1.0],[32],3161,24.6953125,0,1,32,1.8846562852559146e-06,1.549530566080648e-07,444cb72c8563d6cc0419697a0f8076de78f504def5bab2036dea9ce448a2ac68,experiments/mirror_applications/ma-482-residual-vq-mirror/artifacts/payloads/48221_0_generic_coeff_rvq_K32_R1.pt
48221,0,mirror_rvq,32,1,0.5000641345977783,[1.0],[32],2653,20.7265625,0,1,32,1.6642500213492895e-06,1.634843442843703e-07,ca0923912e56241f935d33ccd74d5908b0b6e4004404d684fd3a7448ee6832ba,experiments/mirror_applications/ma-482-residual-vq-mirror/artifacts/payloads/48221_0_mirror_rvq_K32_R1.pt
48221,0,dense,32,2,0.0,[],[],9833,76.8203125,0,0,0,4.847030368182459e-07,1.3964836398372427e-08,156163108b1512abded31e7d20de83647d196efc468f1843d333336a3c54ae3b,experiments/mirror_applications/ma-482-residual-vq-mirror/artifacts/payloads/48221_0_dense_K32_R2.pt
48221,0,native_rvq,32,2,0.24044930934906006,"[0.9690000414848328, 0.368878573179245]","[30, 30]",6245,48.7890625,1024,0,64,2.2128749606054043e-06,1.4709377182953176e-07,c4fad0c479b559c74f7ce005e55f38618f112c3f2f7bc766a1a03aa4fe340986,experiments/mirror_applications/ma-482-residual-vq-mirror/artifacts/payloads/48221_0_native_rvq_K32_R2.pt
48221,0,generic_coeff_rvq,32,2,0.24982699751853943,"[0.901304304599762, 0.5000641345977783]","[32, 32]",3289,25.6953125,0,2,64,1.9316875068398076e-06,2.664883140823804e-07,4ae46daf6ade8a08c9f392d058a093a8fc6a2ee2baa7ed76d032ccf579f96ec9,experiments/mirror_applications/ma-482-residual-vq-mirror/artifacts/payloads/48221_0_generic_coeff_rvq_K32_R2.pt
48221,0,mirror_rvq,32,2,0.24982699751853943,"[0.901304304599762, 0.5000641345977783]","[32, 32]",2781,21.7265625,0,2,64,1.6305390317938873e-06,2.7603130092757056e-07,fca91c5152e53533929c1348be89b0cee23a3e71c3a0d83ff7cc3edf3ee32b51,experiments/mirror_applications/ma-482-residual-vq-mirror/artifacts/payloads/48221_0_mirror_rvq_K32_R2.pt
48221,0,dense,32,4,0.0,[],[],9833,76.8203125,0,0,0,4.3556246964726597e-07,1.3925784969615052e-08,156163108b1512abded31e7d20de83647d196efc468f1843d333336a3c54ae3b,experiments/mirror_applications/ma-482-residual-vq-mirror/artifacts/payloads/48221_0_dense_K32_R4.pt
48221,0,native_rvq,32,4,0.12793181836605072,"[0.9450311660766602, 0.30614668130874634, 0.2087949514389038, 0.17506055533885956]","[31, 30, 32, 31]",10597,82.7890625,2048,0,128,3.2963592957457877e-06,2.767343971754599e-07,bf6bb73ccf96c59424c08d7394935c3322b7dff55960967b0979a5b36a4a4b07,experiments/mirror_applications/ma-482-residual-vq-mirror/artifacts/payloads/48221_0_native_rvq_K32_R4.pt
48221,0,generic_coeff_rvq,32,4,0.06142756715416908,"[0.8681643009185791, 0.437520295381546, 0.2251420021057129, 0.12449076771736145]","[32, 32, 32, 31]",3545,27.6953125,0,4,128,1.9543750795492087e-06,4.8653907924745e-07,2e4e8d42d3634de6688f8ac973703f2d6d32e30ad7a6fe7452566c877a4d978a,experiments/mirror_applications/ma-482-residual-vq-mirror/artifacts/payloads/48221_0_generic_coeff_rvq_K32_R4.pt
48221,0,mirror_rvq,32,4,0.06142756715416908,"[0.8681643009185791, 0.437520295381546, 0.2251420021057129, 0.12449076771736145]","[32, 32, 32, 31]",3037,23.7265625,0,4,128,1.6953125623331289e-06,5.016405566493631e-07,695204b1234674bb791bf1007adeb73e197991c6a8293c4477ce5a5ced0fbdb4,experiments/mirror_applications/ma-482-residual-vq-mirror/artifacts/payloads/48221_0_mirror_rvq_K32_R4.pt
48221,1,dense,4,1,0.0,[],[],9833,76.8203125,0,0,0,4.446407046998502e-07,1.4085969723964809e-08,04505db8c051f2f8d918f4295631b2f31b18fecebfb537d52df0363a27f76609,experiments/mirror_applications/ma-482-residual-vq-mirror/artifacts/payloads/48221_1_dense_K4_R1.pt
48221,1,native_rvq,4,1,0.628714382648468,[1.0],[4],2277,17.7890625,64,0,32,1.8085312376570073e-06,1.215468046211754e-07,bbd6013ff03a9ed7291fea371bda0b2f5cb2bd4ece4af2354bb424d05971ca75,experiments/mirror_applications/ma-482-residual-vq-mirror/artifacts/payloads/48221_1_native_rvq_K4_R1.pt
48221,1,generic_coeff_rvq,4,1,0.6190115213394165,[1.0],[4],2969,23.1953125,0,1,32,2.181507738896471e-06,2.183671767852502e-07,4e5c0af5d30cf5aa2e5c924f2e7ba4452f3e6a445abd772ef546c862c84d1f45,experiments/mirror_applications/ma-482-residual-vq-mirror/artifacts/payloads/48221_1_generic_coeff_rvq_K4_R1.pt
48221,1,mirror_rvq,4,1,0.6190115213394165,[1.0],[4],2653,20.7265625,0,1,32,1.5600389815517701e-06,1.6516401046828832e-07,733ac5fb2a489522ec2e4fac6ba48b8c6c880c6d90fc9e4c4f87aa3ac3346b63,experiments/mirror_applications/ma-482-residual-vq-mirror/artifacts/payloads/48221_1_mirror_rvq_K4_R1.pt
48221,1,dense,4,2,0.0,[],[],9833,76.8203125,0,0,0,4.4777345920010703e-07,1.4042939255887177e-08,04505db8c051f2f8d918f4295631b2f31b18fecebfb537d52df0363a27f76609,experiments/mirror_applications/ma-482-residual-vq-mirror/artifacts/payloads/48221_1_dense_K4_R2.pt
48221,1,native_rvq,4,2,0.491518497467041,"[0.9274550676345825, 0.627574622631073]","[4, 4]",2661,20.7890625,128,0,64,2.426945343358966e-06,2.0933595124006388e-07,2aafb3480de112d3d20a5bf2f16580e1ae89cfbe39d31e3576a94d07e67d6bc0,experiments/mirror_applications/ma-482-residual-vq-mirror/artifacts/payloads/48221_1_native_rvq_K4_R2.pt
48221,1,generic_coeff_rvq,4,2,0.4816209077835083,"[0.9212943911552429, 0.6190115213394165]","[4, 4]",3097,24.1953125,0,2,64,2.323984290342196e-06,3.779063035835861e-07,0414aefa84841d4062b85495cd9bd946eec083cc31b194bfc24788320ef755e0,experiments/mirror_applications/ma-482-residual-vq-mirror/artifacts/payloads/48221_1_generic_coeff_rvq_K4_R2.pt
48221,1,mirror_rvq,4,2,0.4816209077835083,"[0.9212943911552429, 0.6190115213394165]","[4, 4]",2781,21.7265625,0,2,64,1.699390622889041e-06,2.8029688792230445e-07,9920c7bcabbf3bd7c85ad1daef930ee7c3f9ae3e769c6aec3b11c2c67bd60d37,experiments/mirror_applications/ma-482-residual-vq-mirror/artifacts/payloads/48221_1_mirror_rvq_K4_R2.pt
48221,1,dense,4,4,0.0,[],[],9833,76.8203125,0,0,0,4.5504680201702286e-07,1.4156228189676767e-08,04505db8c051f2f8d918f4295631b2f31b18fecebfb537d52df0363a27f76609,experiments/mirror_applications/ma-482-residual-vq-mirror/artifacts/payloads/48221_1_dense_K4_R4.pt
48221,1,native_rvq,4,4,0.3291700780391693,"[0.8257754445075989, 0.508523166179657, 0.461129367351532, 0.3813536763191223]","[4, 4, 4, 4]",3429,26.7890625,256,0,128,3.2648281376168597e-06,4.006289486824244e-07,8e5298ed51c2dccea058dda12d1b062b02a5219cb2f4f6456b4698c011e9ead7,experiments/mirror_applications/ma-482-residual-vq-mirror/artifacts/payloads/48221_1_native_rvq_K4_R4.pt
48221,1,generic_coeff_rvq,4,4,0.43104031682014465,"[0.8958908319473267, 0.580527663230896, 0.4719402492046356, 0.4416184723377228]","[4, 4, 4, 4]",3353,26.1953125,0,4,128,2.4361015675822273e-06,4.807070581591688e-07,bd3a444b6e871c192952b1dc205c5668c1c6b1b2362354ac5f88669fc10744e5,experiments/mirror_applications/ma-482-residual-vq-mirror/artifacts/payloads/48221_1_generic_coeff_rvq_K4_R4.pt
48221,1,mirror_rvq,4,4,0.43104031682014465,"[0.8958908319473267, 0.580527663230896, 0.4719402492046356, 0.4416184723377228]","[4, 4, 4, 4]",3037,23.7265625,0,4,128,1.8299687098988215e-06,5.046562705501856e-07,fc0a99eeb33917975c3dd3f7364c2083077ae308a0d056a1a49655742c783339,experiments/mirror_applications/ma-482-residual-vq-mirror/artifacts/payloads/48221_1_mirror_rvq_K4_R4.pt
48221,1,dense,8,1,0.0,[],[],9833,76.8203125,0,0,0,4.85875034428318e-07,1.3929707165516447e-08,04505db8c051f2f8d918f4295631b2f31b18fecebfb537d52df0363a27f76609,experiments/mirror_applications/ma-482-residual-vq-mirror/artifacts/payloads/48221_1_dense_K8_R1.pt
48221,1,native_rvq,8,1,0.545028567314148,[1.0],[8],2533,19.7890625,128,0,32,1.9718203247975907e-06,1.161874934041407e-07,c9625e5b16ca34912608548725c49ee49c50b6eb7fa42bb89bd428f5b61ac487,experiments/mirror_applications/ma-482-residual-vq-mirror/artifacts/payloads/48221_1_native_rvq_K8_R1.pt
48221,1,generic_coeff_rvq,8,1,0.5369083285331726,[1.0],[8],2969,23.1953125,0,1,32,2.1524765543290414e-06,2.1828907392773544e-07,375facfa4181dc216cc8413d5da1ed3fb45b49253fae8b6673ca248fbf78705b,experiments/mirror_applications/ma-482-residual-vq-mirror/artifacts/payloads/48221_1_generic_coeff_rvq_K8_R1.pt
48221,1,mirror_rvq,8,1,0.5369083285331726,[1.0],[8],2653,20.7265625,0,1,32,1.567710910421738e-06,1.6501172694916022e-07,6426d79521772ad31aa278a78274633731b7c842dea72cc78a8cfb8595faf0a3,experiments/mirror_applications/ma-482-residual-vq-mirror/artifacts/payloads/48221_1_mirror_rvq_K8_R1.pt
48221,1,dense,8,2,0.0,[],[],9833,76.8203125,0,0,0,4.677967808675021e-07,1.416412942489842e-08,04505db8c051f2f8d918f4295631b2f31b18fecebfb537d52df0363a27f76609,experiments/mirror_applications/ma-482-residual-vq-mirror/artifacts/payloads/48221_1_dense_K8_R2.pt
48221,1,native_rvq,8,2,0.38335856795310974,"[0.9324260950088501, 0.5435143709182739]","[8, 8]",3173,24.7890625,256,0,64,2.2697578287989018e-06,2.0941013190167723e-07,b69d91c5948a002728460ffcf837c754afca1eb626cc1e2004bb1ab83094443b,experiments/mirror_applications/ma-482-residual-vq-mirror/artifacts/payloads/48221_1_native_rvq_K8_R2.pt
48221,1,generic_coeff_rvq,8,2,0.3305722773075104,"[0.9060946106910706, 0.5369083285331726]","[8, 8]",3097,24.1953125,0,2,64,1.9245624116592808e-06,2.6531250796324457e-07,b6a104231d8da817d582efe8ed28aa737976b126897f9d44b2f4907a750f5479,experiments/mirror_applications/ma-482-residual-vq-mirror/artifacts/payloads/48221_1_generic_coeff_rvq_K8_R2.pt
48221,1,mirror_rvq,8,2,0.3305722773075104,"[0.9060946106910706, 0.5369083285331726]","[8, 8]",2781,21.7265625,0,2,64,1.6111249578898423e-06,2.7635155674943235e-07,70408e6b16fb4f35c1ef293ea47f98073d91ac5f9b3c055ece353a2f7e66b4f2,experiments/mirror_applications/ma-482-residual-vq-mirror/artifacts/payloads/48221_1_mirror_rvq_K8_R2.pt
48221,1,dense,8,4,0.0,[],[],9833,76.8203125,0,0,0,4.192889946352807e-07,1.3925784969615052e-08,04505db8c051f2f8d918f4295631b2f31b18fecebfb537d52df0363a27f76609,experiments/mirror_applications/ma-482-residual-vq-mirror/artifacts/payloads/48221_1_dense_K8_R4.pt
48221,1,native_rvq,8,4,0.23737947642803192,"[0.8792788982391357, 0.44939911365509033, 0.3319457471370697, 0.29500699043273926]","[8, 8, 8, 8]",4453,34.7890625,512,0,128,2.709789100663329e-06,2.730234314185509e-07,f370f4767d49ed46826de3df3606c7423b0fc8730ca5641f35e5fd5bd53f1ede,experiments/mirror_applications/ma-482-residual-vq-mirror/artifacts/payloads/48221_1_native_rvq_K8_R4.pt
48221,1,generic_coeff_rvq,8,4,0.23083503544330597,"[0.8746509552001953, 0.48195162415504456, 0.3132157623767853, 0.2538872957229614]","[8, 8, 8, 8]",3353,26.1953125,0,4,128,2.045203018496977e-06,4.836835501009773e-07,82b96b1f2ffc05d24ff6345961880145f147930a0617e19fb07a9b0fc34cecef,experiments/mirror_applications/ma-482-residual-vq-mirror/artifacts/payloads/48221_1_generic_coeff_rvq_K8_R4.pt
48221,1,mirror_rvq,8,4,0.23083503544330597,"[0.8746509552001953, 0.48195162415504456, 0.3132157623767853, 0.2538872957229614]","[8, 8, 8, 8]",3037,23.7265625,0,4,128,1.733187446006923e-06,5.050468985245971e-07,b894df4a1be1cf3f4112a07f6a08895fb97b8c0833584f0b81e361a6738d82b1,experiments/mirror_applications/ma-482-residual-vq-mirror/artifacts/payloads/48221_1_mirror_rvq_K8_R4.pt
48221,1,dense,16,1,0.0,[],[],9833,76.8203125,0,0,0,4.827422799280612e-07,1.4156228189676767e-08,04505db8c051f2f8d918f4295631b2f31b18fecebfb537d52df0363a27f76609,experiments/mirror_applications/ma-482-residual-vq-mirror/artifacts/payloads/48221_1_dense_K16_R1.pt
48221,1,native_rvq,16,1,0.45262032747268677,[1.0],[16],3045,23.7890625,256,0,32,1.5402422377519542e-06,8.183985755749745e-08,2fe68a652bcd46ba18852499331de757d271931f286c12bb722979d829ec63aa,experiments/mirror_applications/ma-482-residual-vq-mirror/artifacts/payloads/48221_1_native_rvq_K16_R1.pt
48221,1,generic_coeff_rvq,16,1,0.5065146088600159,[1.0],[16],3033,23.6953125,0,1,32,1.7726250689520384e-06,1.56167914155958e-07,4f72c5ba3bdf5db064f1d1f2b15551326fa3fd8ad8dec1dc585b54eb4c9203ef,experiments/mirror_applications/ma-482-residual-vq-mirror/artifacts/payloads/48221_1_generic_coeff_rvq_K16_R1.pt
48221,1,mirror_rvq,16,1,0.5065146088600159,[1.0],[16],2653,20.7265625,0,1,32,1.4911092875991017e-06,1.6230865185207222e-07,daaa486b13bc7b1fa08e3c7c365192da244ddbb7f03b9e5bb067ca3282fc9ff2,experiments/mirror_applications/ma-482-residual-vq-mirror/artifacts/payloads/48221_1_mirror_rvq_K16_R1.pt
48221,1,dense,16,2,0.0,[],[],9833,76.8203125,0,0,0,5.688125384040177e-07,1.431260443496285e-08,04505db8c051f2f8d918f4295631b2f31b18fecebfb537d52df0363a27f76609,experiments/mirror_applications/ma-482-residual-vq-mirror/artifacts/payloads/48221_1_dense_K16_R2.pt
48221,1,native_rvq,16,2,0.3081584572792053,"[0.9514088034629822, 0.4463483691215515]","[16, 16]",4197,32.7890625,512,0,64,2.533124984438473e-06,2.0885937601633486e-07,90afd7c2b65f6205f55865fb79e7b4f7222609bd16abaae00fa202c16e31d902,experiments/mirror_applications/ma-482-residual-vq-mirror/artifacts/payloads/48221_1_native_rvq_K16_R2.pt
48221,1,generic_coeff_rvq,16,2,0.26642581820487976,"[0.9024553298950195, 0.5065146088600159]","[16, 16]",3161,24.6953125,0,2,64,2.3641172219868167e-06,3.7235156469250796e-07,3856d49662b0521e459fc57f53227ad5e15e8fc9c333dc6e8fa628fbb7c4bf1f,experiments/mirror_applications/ma-482-residual-vq-mirror/artifacts/payloads/48221_1_generic_coeff_rvq_K16_R2.pt
48221,1,mirror_rvq,16,2,0.26642581820487976,"[0.9024553298950195, 0.5065146088600159]","[16, 16]",2781,21.7265625,0,2,64,1.7467968973505776e-06,2.802578364935471e-07,f40d72cc288219ed04989298fc02c1d763c4aaa3f7ad4f9c6dd448f3254d253f,experiments/mirror_applications/ma-482-residual-vq-mirror/artifacts/payloads/48221_1_mirror_rvq_K16_R2.pt
48221,1,dense,16,4,0.0,[],[],9833,76.8203125,0,0,0,4.886875331067131e-07,1.4007810023031197e-08,04505db8c051f2f8d918f4295631b2f31b18fecebfb537d52df0363a27f76609,experiments/mirror_applications/ma-482-residual-vq-mirror/artifacts/payloads/48221_1_dense_K16_R4.pt
48221,1,native_rvq,16,4,0.1804344207048416,"[0.9135564565658569, 0.3604949414730072, 0.27287814021110535, 0.2347557693719864]","[16, 16, 16, 16]",6501,50.7890625,1024,0,128,3.472945309113129e-06,3.971913997702359e-07,1ffb1458c57dfecd637fc32a7101bbfc916b14db1c925c4c1480f00f55867449,experiments/mirror_applications/ma-482-residual-vq-mirror/artifacts/payloads/48221_1_native_rvq_K16_R4.pt
48221,1,generic_coeff_rvq,16,4,0.11377370357513428,"[0.8697054386138916, 0.4455544054508209, 0.24365350604057312, 0.15671679377555847]","[16, 16, 16, 16]",3417,26.6953125,0,4,128,2.4537109766242793e-06,4.810976292901614e-07,e6d1d84711a8cdeafe90c47bf9d6aa6adc988a447da719edd3a40508fdaa145a,experiments/mirror_applications/ma-482-residual-vq-mirror/artifacts/payloads/48221_1_generic_coeff_rvq_K16_R4.pt
48221,1,mirror_rvq,16,4,0.11377370357513428,"[0.8697054386138916, 0.4455544054508209, 0.24365350604057312, 0.15671679377555847]","[16, 16, 16, 16]",3037,23.7265625,0,4,128,1.6195078842429211e-06,5.124375661580416e-07,283bd351e414a3e66a70f81543e24025e6c906864c75146721f5a2c44145d721,experiments/mirror_applications/ma-482-residual-vq-mirror/artifacts/payloads/48221_1_mirror_rvq_K16_R4.pt
48221,1,dense,32,1,0.0,[],[],9833,76.8203125,0,0,0,4.6584375468228245e-07,1.43554643727839e-08,04505db8c051f2f8d918f4295631b2f31b18fecebfb537d52df0363a27f76609,experiments/mirror_applications/ma-482-residual-vq-mirror/artifacts/payloads/48221_1_dense_K32_R1.pt
48221,1,native_rvq,32,1,0.3833630681037903,[1.0],[31],4069,31.7890625,512,0,32,1.982304638659116e-06,1.2123052783863386e-07,92fc729dbfaccda5f26347c0e7e153e856851816d4640cd7604c9aed3bd14cbd,experiments/mirror_applications/ma-482-residual-vq-mirror/artifacts/payloads/48221_1_native_rvq_K32_R1.pt
48221,1,generic_coeff_rvq,32,1,0.49973782896995544,[1.0],[32],3161,24.6953125,0,1,32,2.288617110934865e-06,2.177421833948756e-07,fe00993f926b304abe367a1c0b83687dc75dbcbfdb3c179364bfa2aef051420f,experiments/mirror_applications/ma-482-residual-vq-mirror/artifacts/payloads/48221_1_generic_coeff_rvq_K32_R1.pt
48221,1,mirror_rvq,32,1,0.49973782896995544,[1.0],[32],2653,20.7265625,0,1,32,1.515523422312981e-06,1.6422654880443588e-07,0eedcc400f1b9fabfcb14c3076a45eceb723ea547bc8c1ba4cc30c4f34eec873,experiments/mirror_applications/ma-482-residual-vq-mirror/artifacts/payloads/48221_1_mirror_rvq_K32_R1.pt
48221,1,dense,32,2,0.0,[],[],9833,76.8203125,0,0,0,4.523047891780152e-07,1.4156285033095628e-08,04505db8c051f2f8d918f4295631b2f31b18fecebfb537d52df0363a27f76609,experiments/mirror_applications/ma-482-residual-vq-mirror/artifacts/payloads/48221_1_dense_K32_R2.pt
48221,1,native_rvq,32,2,0.22916708886623383,"[0.9642526507377625, 0.3571499288082123]","[31, 32]",6245,48.7890625,1024,0,64,2.540945388318505e-06,2.146914539480349e-07,a19e0f5c6886dd41ddc2e9124748c1aa4dc1df926867aed962478997a21b629d,experiments/mirror_applications/ma-482-residual-vq-mirror/artifacts/payloads/48221_1_native_rvq_K32_R2.pt
48221,1,generic_coeff_rvq,32,2,0.24926860630512238,"[0.9013305902481079, 0.49973782896995544]","[32, 32]",3289,25.6953125,0,2,64,2.3168594225353445e-06,3.8333985230565304e-07,0539634ac459b73823322d3879e6994767d9ccc0c7c1560a004b6edf97d94324,experiments/mirror_applications/ma-482-residual-vq-mirror/artifacts/payloads/48221_1_generic_coeff_rvq_K32_R2.pt
48221,1,mirror_rvq,32,2,0.24926860630512238,"[0.9013305902481079, 0.49973782896995544]","[32, 32]",2781,21.7265625,0,2,64,1.6645702771711512e-06,2.750937255768804e-07,40cac30326993ead85523f2ad9d3a2140d27af9bb00124636c3cf8745749ff3c,experiments/mirror_applications/ma-482-residual-vq-mirror/artifacts/payloads/48221_1_mirror_rvq_K32_R2.pt
48221,1,dense,32,4,0.0,[],[],9833,76.8203125,0,0,0,4.6521881813532673e-07,1.4007810023031197e-08,04505db8c051f2f8d918f4295631b2f31b18fecebfb537d52df0363a27f76609,experiments/mirror_applications/ma-482-residual-vq-mirror/artifacts/payloads/48221_1_dense_K32_R4.pt
48221,1,native_rvq,32,4,0.12717393040657043,"[0.9463493824005127, 0.30176815390586853, 0.20812760293483734, 0.1730555295944214]","[32, 31, 31, 31]",10597,82.7890625,2048,0,128,3.86814053854323e-06,3.9867967416284955e-07,2a71812ced23a996d07e3b2800290c0f586ce14abc52aa2b2204e7f06c93a498,experiments/mirror_applications/ma-482-residual-vq-mirror/artifacts/payloads/48221_1_native_rvq_K32_R4.pt
48221,1,generic_coeff_rvq,32,4,0.059259623289108276,"[0.868201494216919, 0.4371667206287384, 0.22452369332313538, 0.12343280762434006]","[32, 32, 31, 32]",3545,27.6953125,0,4,128,2.422101601950999e-06,4.808280777979235e-07,e5f52b7749e652c24c6c9fded34ae430d7ac9f45a202e0037689f86b4e88969c,experiments/mirror_applications/ma-482-residual-vq-mirror/artifacts/payloads/48221_1_generic_coeff_rvq_K32_R4.pt
48221,1,mirror_rvq,32,4,0.059259623289108276,"[0.868201494216919, 0.4371667206287384, 0.22452369332313538, 0.12343280762434006]","[32, 32, 31, 32]",3037,23.7265625,0,4,128,1.7942890053745941e-06,5.075468152426765e-07,88720c53a448d2a4610a2268a9bff6a83a7366e300bee6a46268ffd62ec9b7d0,experiments/mirror_applications/ma-482-residual-vq-mirror/artifacts/payloads/48221_1_mirror_rvq_K32_R4.pt
48221,2,dense,4,1,0.0,[],[],9833,76.8203125,0,0,0,4.2930469135171734e-07,1.4043052942724898e-08,bac442bb6dd247291141bb2dc1298385ac13c7911dbb7539160cab4e0a841b10,experiments/mirror_applications/ma-482-residual-vq-mirror/artifacts/payloads/48221_2_dense_K4_R1.pt
48221,2,native_rvq,4,1,0.6314556002616882,[1.0],[4],2277,17.7890625,64,0,32,1.754937443365634e-06,1.1392182841518661e-07,67c44a1958cc43858dfd20f8ce774f97b62c77e99b60fd662a60e7c47f3da184,experiments/mirror_applications/ma-482-residual-vq-mirror/artifacts/payloads/48221_2_native_rvq_K4_R1.pt
48221,2,generic_coeff_rvq,4,1,0.6263831853866577,[1.0],[4],2969,23.1953125,0,1,32,2.126187496287457e-06,2.1578512132691685e-07,b53e1a99e2c124f0985f760446c5c7a34fa407759991bc47ed7484fd16a710b5,experiments/mirror_applications/ma-482-residual-vq-mirror/artifacts/payloads/48221_2_generic_coeff_rvq_K4_R1.pt
48221,2,mirror_rvq,4,1,0.6263831853866577,[1.0],[4],2653,20.7265625,0,1,32,1.6192734619835392e-06,1.660702650951862e-07,ff2856cb8c6020807386d1ee8cf8661dc2881517a84cd0a9e2fb3ea4040ed816,experiments/mirror_applications/ma-482-residual-vq-mirror/artifacts/payloads/48221_2_mirror_rvq_K4_R1.pt
48221,2,dense,4,2,0.0,[],[],9833,76.8203125,0,0,0,4.5457818487193435e-07,1.432033513992792e-08,bac442bb6dd247291141bb2dc1298385ac13c7911dbb7539160cab4e0a841b10,experiments/mirror_applications/ma-482-residual-vq-mirror/artifacts/payloads/48221_2_dense_K4_R2.pt
48221,2,native_rvq,4,2,0.5026420950889587,"[0.9268718957901001, 0.6311478018760681]","[4, 4]",2661,20.7890625,128,0,64,2.381484364377684e-06,2.2103125729699968e-07,19f5b13cc8e3ccda8cb3ce030c53e2223eaba9d9634f506ef34057be05164b03,experiments/mirror_applications/ma-482-residual-vq-mirror/artifacts/payloads/48221_2_native_rvq_K4_R2.pt
48221,2,generic_coeff_rvq,4,2,0.4900055527687073,"[0.9207332134246826, 0.6263831853866577]","[4, 4]",3097,24.1953125,0,2,64,2.2244610136112897e-06,3.7430470456456533e-07,fdcaad2f79ae7ca96d955318f14596c0702d9b599d2948006c4f7b9a4423a4bd,experiments/mirror_applications/ma-482-residual-vq-mirror/artifacts/payloads/48221_2_generic_coeff_rvq_K4_R2.pt
48221,2,mirror_rvq,4,2,0.4900055527687073,"[0.9207332134246826, 0.6263831853866577]","[4, 4]",2781,21.7265625,0,2,64,1.5765468788231374e-06,2.726289380916569e-07,264e33a0a9315faf42013beb447a5698367434fab4d38915a59d69579dcad6b4,experiments/mirror_applications/ma-482-residual-vq-mirror/artifacts/payloads/48221_2_mirror_rvq_K4_R2.pt
48221,2,dense,4,4,0.0,[],[],9833,76.8203125,0,0,0,4.774296940013301e-07,1.446875330657349e-08,bac442bb6dd247291141bb2dc1298385ac13c7911dbb7539160cab4e0a841b10,experiments/mirror_applications/ma-482-residual-vq-mirror/artifacts/payloads/48221_2_dense_K4_R4.pt
48221,2,native_rvq,4,4,0.3129628300666809,"[0.8177225589752197, 0.5002598166465759, 0.4350629448890686, 0.3721979558467865]","[4, 4, 4, 4]",3429,26.7890625,256,0,128,3.1966796996130142e-06,3.9710937471681973e-07,35f03582d509150b0ba6e1fd3b71cc2769f72f9fbed33df115552917351a06fd,experiments/mirror_applications/ma-482-residual-vq-mirror/artifacts/payloads/48221_2_native_rvq_K4_R4.pt
48221,2,generic_coeff_rvq,4,4,0.43995630741119385,"[0.8951008915901184, 0.5880577564239502, 0.48037663102149963, 0.4504500925540924]","[4, 4, 4, 4]",3353,26.1953125,0,4,128,2.373976599301386e-06,4.818828074348858e-07,ce61f754992b642d24f5aac0c76edca0bc736eeddb052ca39e0313a88d84551f,experiments/mirror_applications/ma-482-residual-vq-mirror/artifacts/payloads/48221_2_generic_coeff_rvq_K4_R4.pt
48221,2,mirror_rvq,4,4,0.43995630741119385,"[0.8951008915901184, 0.5880577564239502, 0.48037663102149963, 0.4504500925540924]","[4, 4, 4, 4]",3037,23.7265625,0,4,128,1.6896093484319863e-06,5.022656068831566e-07,87e61e266bc584c752b30d99faad6fc910ecbd3487ec10b709ad637e965e1f40,experiments/mirror_applications/ma-482-residual-vq-mirror/artifacts/payloads/48221_2_mirror_rvq_K4_R4.pt
48221,2,dense,8,1,0.0,[],[],9833,76.8203125,0,0,0,4.932265937895863e-07,1.4046918295207433e-08,bac442bb6dd247291141bb2dc1298385ac13c7911dbb7539160cab4e0a841b10,experiments/mirror_applications/ma-482-residual-vq-mirror/artifacts/payloads/48221_2_dense_K8_R1.pt
48221,2,native_rvq,8,1,0.547258198261261,[1.0],[8],2533,19.7890625,128,0,32,1.860796828623279e-06,1.1469921901152702e-07,f1c3f9ce191e9cb457c7272c279ee98ea65a41131defb682ddf862977fbf3b30,experiments/mirror_applications/ma-482-residual-vq-mirror/artifacts/payloads/48221_2_native_rvq_K8_R1.pt
48221,2,generic_coeff_rvq,8,1,0.5370147824287415,[1.0],[8],2969,23.1953125,0,1,32,2.17610931940726e-06,2.1746876655015512e-07,fc51aef3f6e785b6fb002fb44fd606c1f49e04f7e6e2eba0507e8367dfb4c050,experiments/mirror_applications/ma-482-residual-vq-mirror/artifacts/payloads/48221_2_generic_coeff_rvq_K8_R1.pt
48221,2,mirror_rvq,8,1,0.5370147824287415,[1.0],[8],2653,20.7265625,0,1,32,1.4595781294701737e-06,1.653984327276703e-07,040a054db456d59fd31dfa2bc1041940ffe7fac38a5d4e18c8a9c9f0c064bbfe,experiments/mirror_applications/ma-482-residual-vq-mirror/artifacts/payloads/48221_2_mirror_rvq_K8_R1.pt
48221,2,dense,8,2,0.0,[],[],9833,76.8203125,0,0,0,4.4135936150269117e-07,1.4007810023031197e-08,bac442bb6dd247291141bb2dc1298385ac13c7911dbb7539160cab4e0a841b10,experiments/mirror_applications/ma-482-residual-vq-mirror/artifacts/payloads/48221_2_dense_K8_R2.pt
48221,2,native_rvq,8,2,0.3845610022544861,"[0.924795925617218, 0.5452346205711365]","[8, 8]",3173,24.7890625,256,0,64,2.524124965930241e-06,2.1171871367187123e-07,c8fb89b4ea97271f41d27771e4c44c4594ee30af777bd7898a8efe6c68915c78,experiments/mirror_applications/ma-482-residual-vq-mirror/artifacts/payloads/48221_2_native_rvq_K8_R2.pt
48221,2,generic_coeff_rvq,8,2,0.3296491801738739,"[0.9056951999664307, 0.5370147824287415]","[8, 8]",3097,24.1953125,0,2,64,2.282742229908763e-06,3.7367578897828935e-07,6d7234a8735b9a36994d1143d771cf387a00c6fd263211a1e419952ed4cd6eef,experiments/mirror_applications/ma-482-residual-vq-mirror/artifacts/payloads/48221_2_generic_coeff_rvq_K8_R2.pt
48221,2,mirror_rvq,8,2,0.3296491801738739,"[0.9056951999664307, 0.5370147824287415]","[8, 8]",2781,21.7265625,0,2,64,1.5662968735341565e-06,2.733710857683036e-07,bf11926c489676f096f5cb0c19e504c63d867cd6150a1a7df6fd43354d668514,experiments/mirror_applications/ma-482-residual-vq-mirror/artifacts/payloads/48221_2_mirror_rvq_K8_R2.pt
48221,2,dense,8,4,0.0,[],[],9833,76.8203125,0,0,0,4.523046754911775e-07,1.416412942489842e-08,bac442bb6dd247291141bb2dc1298385ac13c7911dbb7539160cab4e0a841b10,experiments/mirror_applications/ma-482-residual-vq-mirror/artifacts/payloads/48221_2_dense_K8_R4.pt
48221,2,native_rvq,8,4,0.2400554120540619,"[0.8770883083343506, 0.44394996762275696, 0.3344692289829254, 0.29197123646736145]","[8, 8, 8, 8]",4453,34.7890625,512,0,128,3.4224765386170475e-06,3.985976491094334e-07,b7ae6a4bf17481ce5926b4cfa7d1a2064e339e93712d6a061f549c34dac1758a,experiments/mirror_applications/ma-482-residual-vq-mirror/artifacts/payloads/48221_2_native_rvq_K8_R4.pt
48221,2,generic_coeff_rvq,8,4,0.23049584031105042,"[0.8744961619377136, 0.48253974318504333, 0.31227052211761475, 0.25354301929473877]","[8, 8, 8, 8]",3353,26.1953125,0,4,128,2.378125032009848e-06,4.795781478605932e-07,a59c72d053ad1a0359b7dc9a650baa65e8368c9a78af786a532352714e808548,experiments/mirror_applications/ma-482-residual-vq-mirror/artifacts/payloads/48221_2_generic_coeff_rvq_K8_R4.pt
48221,2,mirror_rvq,8,4,0.23049584031105042,"[0.8744961619377136, 0.48253974318504333, 0.31227052211761475, 0.25354301929473877]","[8, 8, 8, 8]",3037,23.7265625,0,4,128,1.741320375003852e-06,5.05511650317203e-07,eeb9f932784c7cc2b5034b1d8fc4e09d90a20e14f48b848c72081409a471a1f7,experiments/mirror_applications/ma-482-residual-vq-mirror/artifacts/payloads/48221_2_mirror_rvq_K8_R4.pt
48221,2,dense,16,1,0.0,[],[],9833,76.8203125,0,0,0,4.3063278098998126e-07,1.4042996099306038e-08,bac442bb6dd247291141bb2dc1298385ac13c7911dbb7539160cab4e0a841b10,experiments/mirror_applications/ma-482-residual-vq-mirror/artifacts/payloads/48221_2_dense_K16_R1.pt
48221,2,native_rvq,16,1,0.4473836421966553,[1.0],[16],3045,23.7890625,256,0,32,2.0033514829265187e-06,1.1388277698642923e-07,77dee08ecbece8b0b0aae66aae49a1ae6dd644afe3291b4355de021b9d60715a,experiments/mirror_applications/ma-482-residual-vq-mirror/artifacts/payloads/48221_2_native_rvq_K16_R1.pt
48221,2,generic_coeff_rvq,16,1,0.50844407081604,[1.0],[16],3033,23.6953125,0,1,32,2.169453068745497e-06,2.162187229259871e-07,c2c9ee92c79540fac669b5eb04754b4e6bb420f97087bd3d911f0b2308e5d637,experiments/mirror_applications/ma-482-residual-vq-mirror/artifacts/payloads/48221_2_generic_coeff_rvq_K16_R1.pt
48221,2,mirror_rvq,16,1,0.50844407081604,[1.0],[16],2653,20.7265625,0,1,32,1.4841484698990826e-06,1.6551558701394242e-07,4a43b21e722619f3b2bf1755dbe2ffda6e41abfec9eec9519ed23f5b1d5e5d12,experiments/mirror_applications/ma-482-residual-vq-mirror/artifacts/payloads/48221_2_mirror_rvq_K16_R1.pt
48221,2,dense,16,2,0.0,[],[],9833,76.8203125,0,0,0,4.5660931391466875e-07,1.4238253243092913e-08,bac442bb6dd247291141bb2dc1298385ac13c7911dbb7539160cab4e0a841b10,experiments/mirror_applications/ma-482-residual-vq-mirror/artifacts/payloads/48221_2_dense_K16_R2.pt
48221,2,native_rvq,16,2,0.3209385275840759,"[0.9506676197052002, 0.45310482382774353]","[16, 16]",4197,32.7890625,512,0,64,2.5270937840105034e-06,2.0933595124006388e-07,7176c160f3b2067d764b6002f37e8b7a00c0524cc2d1b19fb9d13563438e7ae4,experiments/mirror_applications/ma-482-residual-vq-mirror/artifacts/payloads/48221_2_native_rvq_K16_R2.pt
48221,2,generic_coeff_rvq,16,2,0.27008047699928284,"[0.9024567008018494, 0.50844407081604]","[16, 16]",3161,24.6953125,0,2,64,2.3134999764806707e-06,3.7755467019451316e-07,75d2506727ddfa10c3a6af3ebe088424d9a97629f75271c926faf6146de722fd,experiments/mirror_applications/ma-482-residual-vq-mirror/artifacts/payloads/48221_2_generic_coeff_rvq_K16_R2.pt
48221,2,mirror_rvq,16,2,0.27008047699928284,"[0.9024567008018494, 0.50844407081604]","[16, 16]",2781,21.7265625,0,2,64,1.683109303485253e-06,2.7415626391302794e-07,df1c4e9eac74a5eecc0c2d2dd46d806f6bc226a8603d32f5aa358bbe976d1e7c,experiments/mirror_applications/ma-482-residual-vq-mirror/artifacts/payloads/48221_2_mirror_rvq_K16_R2.pt
48221,2,dense,16,4,0.0,[],[],9833,76.8203125,0,0,0,4.715624299933552e-07,1.4281226867751684e-08,bac442bb6dd247291141bb2dc1298385ac13c7911dbb7539160cab4e0a841b10,experiments/mirror_applications/ma-482-residual-vq-mirror/artifacts/payloads/48221_2_dense_K16_R4.pt
48221,2,native_rvq,16,4,0.18689748644828796,"[0.9111872315406799, 0.37019649147987366, 0.28060710430145264, 0.23884952068328857]","[16, 16, 16, 16]",6501,50.7890625,1024,0,128,3.3708358841977315e-06,3.978164500040293e-07,68fdfe96a8335643af7c21c02103b9ca9c140cb964c8513af3fa342477054bd6,experiments/mirror_applications/ma-482-residual-vq-mirror/artifacts/payloads/48221_2_native_rvq_K16_R4.pt
48221,2,generic_coeff_rvq,16,4,0.12185069918632507,"[0.8696736693382263, 0.4476824402809143, 0.24763260781764984, 0.16269341111183167]","[16, 16, 16, 16]",3417,26.6953125,0,4,128,2.3922890477479086e-06,4.779726623382885e-07,144e338a176ca6907b64508edc7820c535093d86e5c35d1b1c818259599a19ad,experiments/mirror_applications/ma-482-residual-vq-mirror/artifacts/payloads/48221_2_generic_coeff_rvq_K16_R4.pt
48221,2,mirror_rvq,16,4,0.12185069918632507,"[0.8696736693382263, 0.4476824402809143, 0.24763260781764984, 0.16269341111183167]","[16, 16, 16, 16]",3037,23.7265625,0,4,128,1.7138594330390333e-06,5.044922204433533e-07,c19bea3a5ee1442088e2acc2c92b0e28a1ce0e4517d564ef837e508a7a20d863,experiments/mirror_applications/ma-482-residual-vq-mirror/artifacts/payloads/48221_2_mirror_rvq_K16_R4.pt
48221,2,dense,32,1,0.0,[],[],9833,76.8203125,0,0,0,4.191329026070889e-07,1.416412942489842e-08,bac442bb6dd247291141bb2dc1298385ac13c7911dbb7539160cab4e0a841b10,experiments/mirror_applications/ma-482-residual-vq-mirror/artifacts/payloads/48221_2_dense_K32_R1.pt
48221,2,native_rvq,32,1,0.38720428943634033,[1.0],[32],4069,31.7890625,512,0,32,1.9210468735764152e-06,1.151719288827735e-07,f0c8b897a4c8681ef558a17bb19279d6259487f63c391ad4bdc3fcf3f12177df,experiments/mirror_applications/ma-482-residual-vq-mirror/artifacts/payloads/48221_2_native_rvq_K32_R1.pt
48221,2,generic_coeff_rvq,32,1,0.4996180534362793,[1.0],[32],3161,24.6953125,0,1,32,2.248476562272117e-06,2.170000357182289e-07,3ce14de84bb74644ea98c2669688cf9f4d8eed0bb324a958fea25fc031ce12a7,experiments/mirror_applications/ma-482-residual-vq-mirror/artifacts/payloads/48221_2_generic_coeff_rvq_K32_R1.pt
48221,2,mirror_rvq,32,1,0.4996180534362793,[1.0],[32],2653,20.7265625,0,1,32,1.5119218232939602e-06,1.6520317558388342e-07,293d791caea7dcb1dbbbb137aa5450114222a565e9db007e6d6f33a75e83158e,experiments/mirror_applications/ma-482-residual-vq-mirror/artifacts/payloads/48221_2_mirror_rvq_K32_R1.pt
48221,2,dense,32,2,0.0,[],[],9833,76.8203125,0,0,0,4.373672481960966e-07,1.4277361515269149e-08,bac442bb6dd247291141bb2dc1298385ac13c7911dbb7539160cab4e0a841b10,experiments/mirror_applications/ma-482-residual-vq-mirror/artifacts/payloads/48221_2_dense_K32_R2.pt
48221,2,native_rvq,32,2,0.24656225740909576,"[0.9521157145500183, 0.3768761157989502]","[31, 32]",6245,48.7890625,1024,0,64,2.5798281058087014e-06,2.1003518213547068e-07,1f25351674d8cd963b07c06b5d572c3c1e102300a580fd76be212e49c721ec63,experiments/mirror_applications/ma-482-residual-vq-mirror/artifacts/payloads/48221_2_native_rvq_K32_R2.pt
48221,2,generic_coeff_rvq,32,2,0.2489594966173172,"[0.9013115763664246, 0.4996180534362793]","[32, 32]",3289,25.6953125,0,2,64,2.225711000392039e-06,3.723046688719478e-07,405176e81a18c1ceef80efe9ceeb84510ba16744d9174603d5e6f94584cac15f,experiments/mirror_applications/ma-482-residual-vq-mirror/artifacts/payloads/48221_2_generic_coeff_rvq_K32_R2.pt
48221,2,mirror_rvq,32,2,0.2489594966173172,"[0.9013115763664246, 0.4996180534362793]","[32, 32]",2781,21.7265625,0,2,64,1.7024374301399803e-06,2.763476913969498e-07,45479673cbf728713cec0e8a9c1c17fbec00d42f9e80fb745d3c1ade8e8e4826,experiments/mirror_applications/ma-482-residual-vq-mirror/artifacts/payloads/48221_2_mirror_rvq_K32_R2.pt
48221,2,dense,32,4,0.0,[],[],9833,76.8203125,0,0,0,4.930781187795219e-07,1.3851604308001697e-08,bac442bb6dd247291141bb2dc1298385ac13c7911dbb7539160cab4e0a841b10,experiments/mirror_applications/ma-482-residual-vq-mirror/artifacts/payloads/48221_2_dense_K32_R4.pt
48221,2,native_rvq,32,4,0.13521535694599152,"[0.9504086971282959, 0.312223881483078, 0.2198401391506195, 0.18158529698848724]","[32, 32, 30, 30]",10597,82.7890625,2048,0,128,3.78646097942692e-06,3.9675779817116563e-07,c9463af8a72be366b53bad16978e51384bbd5c6580ff1e39224c41f3840421d7,experiments/mirror_applications/ma-482-residual-vq-mirror/artifacts/payloads/48221_2_native_rvq_K32_R4.pt
48221,2,generic_coeff_rvq,32,4,0.05778952315449715,"[0.8681713342666626, 0.43700915575027466, 0.22416767477989197, 0.12275715917348862]","[32, 32, 32, 32]",3545,27.6953125,0,4,128,2.3897812297946075e-06,4.827422230846423e-07,6c838a1160e9e4a1a45dd3d318ee5b0991483d2df00adbb3871f708fb9f7c5d1,experiments/mirror_applications/ma-482-residual-vq-mirror/artifacts/payloads/48221_2_generic_coeff_rvq_K32_R4.pt
48221,2,mirror_rvq,32,4,0.05778952315449715,"[0.8681713342666626, 0.43700915575027466, 0.22416767477989197, 0.12275715917348862]","[32, 32, 32, 32]",3037,23.7265625,0,4,128,1.6150469264175626e-06,5.04066406392667e-07,3590230509144e89de9e91bb84219e7d1ec4a3f87e8f00ae5303685a0912e750,experiments/mirror_applications/ma-482-residual-vq-mirror/artifacts/payloads/48221_2_mirror_rvq_K32_R4.pt
48222,0,dense,4,1,0.0,[],[],9833,76.8203125,0,0,0,4.6482807647407753e-07,1.4121098956820788e-08,f5d3cf8ffd9cc484171441e066093a2a08a7ac0226c2735e37d7575f83802fa5,experiments/mirror_applications/ma-482-residual-vq-mirror/artifacts/payloads/48222_0_dense_K4_R1.pt
48222,0,native_rvq,4,1,0.6178270578384399,[1.0],[4],2277,17.7890625,64,0,32,1.7526718920635176e-06,1.1700780078172102e-07,08b3916082e63b7017ca8096872e5c17cb25422cbc4f410271a2d8c1d29e30e3,experiments/mirror_applications/ma-482-residual-vq-mirror/artifacts/payloads/48222_0_native_rvq_K4_R1.pt
48222,0,generic_coeff_rvq,4,1,0.6490971446037292,[1.0],[4],2969,23.1953125,0,1,32,2.1980156361678382e-06,2.177421833948756e-07,ef4cebb42aa30456d1afb88655dbd019cad45723aab76f3b815a3d824b502c31,experiments/mirror_applications/ma-482-residual-vq-mirror/artifacts/payloads/48222_0_generic_coeff_rvq_K4_R1.pt
48222,0,mirror_rvq,4,1,0.6490971446037292,[1.0],[4],2653,20.7265625,0,1,32,1.5261640555763734e-06,1.6535932445549406e-07,f7e628c1ca5a6e893bb865588135896b437900852a50de0398b62b659df43d85,experiments/mirror_applications/ma-482-residual-vq-mirror/artifacts/payloads/48222_0_mirror_rvq_K4_R1.pt
48222,0,dense,4,2,0.0,[],[],9833,76.8203125,0,0,0,4.4605474158743164e-07,1.4125021152722184e-08,f5d3cf8ffd9cc484171441e066093a2a08a7ac0226c2735e37d7575f83802fa5,experiments/mirror_applications/ma-482-residual-vq-mirror/artifacts/payloads/48222_0_dense_K4_R2.pt
48222,0,native_rvq,4,2,0.48330506682395935,"[0.9215103387832642, 0.6180739402770996]","[4, 4]",2661,20.7890625,128,0,64,2.2807890900367056e-06,2.106601186824264e-07,661286efd75ecc3a103b8dd47aa318ed67eb5f012574ab6f37974e81ac2cb054,experiments/mirror_applications/ma-482-residual-vq-mirror/artifacts/payloads/48222_0_native_rvq_K4_R2.pt
48222,0,generic_coeff_rvq,4,2,0.5158481001853943,"[0.9191149473190308, 0.6490971446037292]","[4, 4]",3097,24.1953125,0,2,64,2.302390612385352e-06,3.728945330294664e-07,139b759bb82093d8116c5031af313d647a19470673e0c9f19d210a12ec823e63,experiments/mirror_applications/ma-482-residual-vq-mirror/artifacts/payloads/48222_0_generic_coeff_rvq_K4_R2.pt
48222,0,mirror_rvq,4,2,0.5158481001853943,"[0.9191149473190308, 0.6490971446037292]","[4, 4]",2781,21.7265625,0,2,64,1.52553900534258e-06,2.755624564088066e-07,052036f70797085fab87e178717d6505a42df1dcc2573a18b3bbe1ba268a13fa,experiments/mirror_applications/ma-482-residual-vq-mirror/artifacts/payloads/48222_0_mirror_rvq_K4_R2.pt
48222,0,dense,4,4,0.0,[],[],9833,76.8203125,0,0,0,4.3939849092566874e-07,1.4199258657754399e-08,f5d3cf8ffd9cc484171441e066093a2a08a7ac0226c2735e37d7575f83802fa5,experiments/mirror_applications/ma-482-residual-vq-mirror/artifacts/payloads/48222_0_dense_K4_R4.pt
48222,0,native_rvq,4,4,0.3114512264728546,"[0.8495780825614929, 0.4954114556312561, 0.44597676396369934, 0.3655208349227905]","[4, 4, 4, 4]",3429,26.7890625,256,0,128,3.2634141007292783e-06,4.0094533915180364e-07,6c6e2e3feae0c3ebe570872319247b5d6fb2f47d7ac12231a2f81c5fce25dbbc,experiments/mirror_applications/ma-482-residual-vq-mirror/artifacts/payloads/48222_0_native_rvq_K4_R4.pt
48222,0,generic_coeff_rvq,4,4,0.46883267164230347,"[0.8935754299163818, 0.6123985052108765, 0.5064744353294373, 0.4789435863494873]","[4, 4, 4, 4]",3353,26.1953125,0,4,128,2.337992214052065e-06,4.830586135540216e-07,388dd3549201b2cf277f95eb7de53d08f7df4294e7fb20638f59426a61f0bfa7,experiments/mirror_applications/ma-482-residual-vq-mirror/artifacts/payloads/48222_0_generic_coeff_rvq_K4_R4.pt
48222,0,mirror_rvq,4,4,0.46883267164230347,"[0.8935754299163818, 0.6123985052108765, 0.5064744353294373, 0.4789435863494873]","[4, 4, 4, 4]",3037,23.7265625,0,4,128,1.6572968206673977e-06,5.042616635364539e-07,61064c59625a23488fb9ff2989da242d2f9339831e226816742bbf2239a963d5,experiments/mirror_applications/ma-482-residual-vq-mirror/artifacts/payloads/48222_0_mirror_rvq_K4_R4.pt
48222,0,dense,8,1,0.0,[],[],9833,76.8203125,0,0,0,4.673281637224136e-07,1.3929707165516447e-08,f5d3cf8ffd9cc484171441e066093a2a08a7ac0226c2735e37d7575f83802fa5,experiments/mirror_applications/ma-482-residual-vq-mirror/artifacts/payloads/48222_0_dense_K8_R1.pt
48222,0,native_rvq,8,1,0.53988116979599,[1.0],[8],2533,19.7890625,128,0,32,1.8995234540852834e-06,1.2080471378794755e-07,897be9f6a6ee4edda3460112539d8b93afd5172b425e6961e56a3f76481b8b36,experiments/mirror_applications/ma-482-residual-vq-mirror/artifacts/payloads/48222_0_native_rvq_K8_R1.pt
48222,0,generic_coeff_rvq,8,1,0.5327247977256775,[1.0],[8],2969,23.1953125,0,1,32,2.213117227256589e-06,2.171562414332584e-07,5cfb4a04e6c90ab67f4a8dd6f5f698cbd5b90a6085848b0e3a5acfe3129b1932,experiments/mirror_applications/ma-482-residual-vq-mirror/artifacts/payloads/48222_0_generic_coeff_rvq_K8_R1.pt
48222,0,mirror_rvq,8,1,0.5327247977256775,[1.0],[8],2653,20.7265625,0,1,32,1.5200546386040514e-06,1.666875277805957e-07,0719b8018e56a63b74595ca8c64af2c3046cebe900776a490ae5b43b2c97bd78,experiments/mirror_applications/ma-482-residual-vq-mirror/artifacts/payloads/48222_0_mirror_rvq_K8_R1.pt
48222,0,dense,8,2,0.0,[],[],9833,76.8203125,0,0,0,4.353281610747217e-07,1.3968758594273822e-08,f5d3cf8ffd9cc484171441e066093a2a08a7ac0226c2735e37d7575f83802fa5,experiments/mirror_applications/ma-482-residual-vq-mirror/artifacts/payloads/48222_0_dense_K8_R2.pt
48222,0,native_rvq,8,2,0.3793245851993561,"[0.9318581223487854, 0.537300705909729]","[8, 8]",3173,24.7890625,256,0,64,2.286343715240946e-06,1.4447658713834244e-07,c64f1ba618ff98167803ae757ff0284e5aae6bba14a0e04e77ee2e7e61a6961a,experiments/mirror_applications/ma-482-residual-vq-mirror/artifacts/payloads/48222_0_native_rvq_K8_R2.pt
48222,0,generic_coeff_rvq,8,2,0.3226686418056488,"[0.9057148098945618, 0.5327247977256775]","[8, 8]",3097,24.1953125,0,2,64,1.8630703380040359e-06,2.6492182314541424e-07,3d592b1a0bd8b0a86848dd34ae81f69e85f7684899af8d60e3e8162a2531d2e9,experiments/mirror_applications/ma-482-residual-vq-mirror/artifacts/payloads/48222_0_generic_coeff_rvq_K8_R2.pt
48222,0,mirror_rvq,8,2,0.3226686418056488,"[0.9057148098945618, 0.5327247977256775]","[8, 8]",2781,21.7265625,0,2,64,1.5954843775034533e-06,2.7196097107662354e-07,fecf8c6e1e6c3cd03ee8627531dd6b7d084f7c29d387ab56f65e19e7cacd0226,experiments/mirror_applications/ma-482-residual-vq-mirror/artifacts/payloads/48222_0_mirror_rvq_K8_R2.pt
48222,0,dense,8,4,0.0,[],[],9833,76.8203125,0,0,0,4.2836711600102717e-07,1.4242118595575448e-08,f5d3cf8ffd9cc484171441e066093a2a08a7ac0226c2735e37d7575f83802fa5,experiments/mirror_applications/ma-482-residual-vq-mirror/artifacts/payloads/48222_0_dense_K8_R4.pt
48222,0,native_rvq,8,4,0.23900191485881805,"[0.8724849224090576, 0.4400216042995453, 0.3356834650039673, 0.2978857755661011]","[8, 8, 8, 8]",4453,34.7890625,512,0,128,2.605726535875874e-06,2.7536719926501974e-07,4e5e7b491bae700f620976f67f0ed6531b5e3458d3cc1724efd82608ab8e8a4a,experiments/mirror_applications/ma-482-residual-vq-mirror/artifacts/payloads/48222_0_native_rvq_K8_R4.pt
48222,0,generic_coeff_rvq,8,4,0.22003090381622314,"[0.8744243383407593, 0.4775921702384949, 0.3048890233039856, 0.24407239258289337]","[8, 8, 8, 8]",3353,26.1953125,0,4,128,2.5319453698102734e-06,4.831367732549552e-07,07eaf3fe414aa106d66a77506c5c549a31948b280eb6fc357200d40cdcea1b81,experiments/mirror_applications/ma-482-residual-vq-mirror/artifacts/payloads/48222_0_generic_coeff_rvq_K8_R4.pt
48222,0,mirror_rvq,8,4,0.22003090381622314,"[0.8744243383407593, 0.4775921702384949, 0.3048890233039856, 0.24407239258289337]","[8, 8, 8, 8]",3037,23.7265625,0,4,128,1.8373281136518926e-06,5.036718562223541e-07,e94dc136b71f8b40334ef5b5abdcf77f0e8be93dbd4acf998b44c8e6c09b9431,experiments/mirror_applications/ma-482-residual-vq-mirror/artifacts/payloads/48222_0_mirror_rvq_K8_R4.pt
48222,0,dense,16,1,0.0,[],[],9833,76.8203125,0,0,0,4.61859372080653e-07,1.3925784969615052e-08,f5d3cf8ffd9cc484171441e066093a2a08a7ac0226c2735e37d7575f83802fa5,experiments/mirror_applications/ma-482-residual-vq-mirror/artifacts/payloads/48222_0_dense_K16_R1.pt
48222,0,native_rvq,16,1,0.4554532468318939,[1.0],[16],3045,23.7890625,256,0,32,1.8764453670883086e-06,1.217421754518e-07,f603bdb2bfa58224e0bcd0f064500a800eb18a38e26ca09a7359924e9a18ce88,experiments/mirror_applications/ma-482-residual-vq-mirror/artifacts/payloads/48222_0_native_rvq_K16_R1.pt
48222,0,generic_coeff_rvq,16,1,0.5075773000717163,[1.0],[16],3033,23.6953125,0,1,32,2.24151563088526e-06,2.1680472173102316e-07,83f28af80f8808248fa30b143064de59be16729383223bc877e5c543d04088e8,experiments/mirror_applications/ma-482-residual-vq-mirror/artifacts/payloads/48222_0_generic_coeff_rvq_K16_R1.pt
48222,0,mirror_rvq,16,1,0.5075773000717163,[1.0],[16],2653,20.7265625,0,1,32,1.59196872573375e-06,1.6305074268530007e-07,c8d7684655f1a801ed0229a92e8923614b53d2e9cb61ac15fa4a4558468b0fe1,experiments/mirror_applications/ma-482-residual-vq-mirror/artifacts/payloads/48222_0_mirror_rvq_K16_R1.pt
48222,0,dense,16,2,0.0,[],[],9833,76.8203125,0,0,0,4.4753903694072505e-07,1.4046861451788573e-08,f5d3cf8ffd9cc484171441e066093a2a08a7ac0226c2735e37d7575f83802fa5,experiments/mirror_applications/ma-482-residual-vq-mirror/artifacts/payloads/48222_0_dense_K16_R2.pt
48222,0,native_rvq,16,2,0.3203883469104767,"[0.9556483626365662, 0.45683524012565613]","[16, 16]",4197,32.7890625,512,0,64,2.4619218947918853e-06,2.1011715034546796e-07,adccd368e19b1d15b4c28481a0083bf5f8a2a52d1bc82cfa7aac193f6083907d,experiments/mirror_applications/ma-482-residual-vq-mirror/artifacts/payloads/48222_0_native_rvq_K16_R2.pt
48222,0,generic_coeff_rvq,16,2,0.26868900656700134,"[0.9025292992591858, 0.5075773000717163]","[16, 16]",3161,24.6953125,0,2,64,2.236195314253564e-06,3.738359737326391e-07,63c73f6e15a13d829d01b8e8f1411625d1cae0390cb5cdf0f6b7d64a12e4b380,experiments/mirror_applications/ma-482-residual-vq-mirror/artifacts/payloads/48222_0_generic_coeff_rvq_K16_R2.pt
48222,0,mirror_rvq,16,2,0.26868900656700134,"[0.9025292992591858, 0.5075773000717163]","[16, 16]",2781,21.7265625,0,2,64,1.6123827890623943e-06,2.735312136792345e-07,8caa3e808cb575bde6091cb86162205a8e64a658683c058c8adaeb9672578980,experiments/mirror_applications/ma-482-residual-vq-mirror/artifacts/payloads/48222_0_mirror_rvq_K16_R2.pt
48222,0,dense,16,4,0.0,[],[],9833,76.8203125,0,0,0,4.3251566239632666e-07,1.4125021152722184e-08,f5d3cf8ffd9cc484171441e066093a2a08a7ac0226c2735e37d7575f83802fa5,experiments/mirror_applications/ma-482-residual-vq-mirror/artifacts/payloads/48222_0_dense_K16_R4.pt
48222,0,native_rvq,16,4,0.18534201383590698,"[0.9130256772041321, 0.36734142899513245, 0.2746391296386719, 0.2427171915769577]","[16, 16, 16, 16]",6501,50.7890625,1024,0,128,3.4529140293670935e-06,3.9863675738160964e-07,27e397dd271f557ff999bc852f82bfc6168ef664086252995c2a552d77c5d3cd,experiments/mirror_applications/ma-482-residual-vq-mirror/artifacts/payloads/48222_0_native_rvq_K16_R4.pt
48222,0,generic_coeff_rvq,16,4,0.11885842680931091,"[0.8697658777236938, 0.44673067331314087, 0.24615131318569183, 0.16040772199630737]","[16, 16, 16, 16]",3417,26.6953125,0,4,128,2.578578119027952e-06,4.861054776483797e-07,e770e8e7b30210740be32e4ab11d0196df7c0f862b233311069bad8be0603f20,experiments/mirror_applications/ma-482-residual-vq-mirror/artifacts/payloads/48222_0_generic_coeff_rvq_K16_R4.pt
48222,0,mirror_rvq,16,4,0.11885842680931091,"[0.8697658777236938, 0.44673067331314087, 0.24615131318569183, 0.16040772199630737]","[16, 16, 16, 16]",3037,23.7265625,0,4,128,1.9100156123386114e-06,5.080547111901978e-07,569a34777b107f81c4a91587e653db72d1244a0b70cb9d9537c5e48910122280,experiments/mirror_applications/ma-482-residual-vq-mirror/artifacts/payloads/48222_0_mirror_rvq_K16_R4.pt
48222,0,dense,32,1,0.0,[],[],9833,76.8203125,0,0,0,4.577108256853535e-07,1.4003887827129802e-08,f5d3cf8ffd9cc484171441e066093a2a08a7ac0226c2735e37d7575f83802fa5,experiments/mirror_applications/ma-482-residual-vq-mirror/artifacts/payloads/48222_0_dense_K32_R1.pt
48222,0,native_rvq,32,1,0.380325585603714,[1.0],[32],4069,31.7890625,512,0,32,1.9060937574977288e-06,1.1591401971600135e-07,6b09d6eda3441f171d02eeb569b3fe30fae822a9998600c258df845d0366d8ae,experiments/mirror_applications/ma-482-residual-vq-mirror/artifacts/payloads/48222_0_native_rvq_K32_R1.pt
48222,0,generic_coeff_rvq,32,1,0.49914953112602234,[1.0],[31],3161,24.6953125,0,1,32,2.153648438252276e-06,2.17746105590777e-07,cf048f680dd5eabfac1955ed5aa073401a7bfd09521229a369ce835e14b475d6,experiments/mirror_applications/ma-482-residual-vq-mirror/artifacts/payloads/48222_0_generic_coeff_rvq_K32_R1.pt
48222,0,mirror_rvq,32,1,0.49914953112602234,[1.0],[31],2653,20.7265625,0,1,32,1.5017500345493318e-06,1.6344529285561293e-07,43be4fc44bdec20665f847c3c599022c0bc8f1b7600a144c26dde777bb6d198d,experiments/mirror_applications/ma-482-residual-vq-mirror/artifacts/payloads/48222_0_mirror_rvq_K32_R1.pt
48222,0,dense,32,2,0.0,[],[],9833,76.8203125,0,0,0,4.39085965808772e-07,1.4281283711170545e-08,f5d3cf8ffd9cc484171441e066093a2a08a7ac0226c2735e37d7575f83802fa5,experiments/mirror_applications/ma-482-residual-vq-mirror/artifacts/payloads/48222_0_dense_K32_R2.pt
48222,0,native_rvq,32,2,0.24303042888641357,"[0.9637860655784607, 0.3763173818588257]","[32, 31]",6245,48.7890625,1024,0,64,2.706734449020587e-06,2.1038664499428705e-07,d788c00abf069cf238d79e8c8b66e19fe7324eee084c06f8080cc4eb150bb4aa,experiments/mirror_applications/ma-482-residual-vq-mirror/artifacts/payloads/48222_0_native_rvq_K32_R2.pt
48222,0,generic_coeff_rvq,32,2,0.2478429079055786,"[0.9012635350227356, 0.49914953112602234]","[31, 32]",3289,25.6953125,0,2,64,2.3038750214254833e-06,3.728594037966104e-07,54bcf67db2821591de718a68c9b49e0059b8244dfa15f632996c191e877317cc,experiments/mirror_applications/ma-482-residual-vq-mirror/artifacts/payloads/48222_0_generic_coeff_rvq_K32_R2.pt
48222,0,mirror_rvq,32,2,0.2478429079055786,"[0.9012635350227356, 0.49914953112602234]","[31, 32]",2781,21.7265625,0,2,64,1.6399218338847277e-06,2.724335672610323e-07,4e3d86a2f1099c1fabd4db04b068a62b64eaed139ade1547a844f67ca3e2057b,experiments/mirror_applications/ma-482-residual-vq-mirror/artifacts/payloads/48222_0_mirror_rvq_K32_R2.pt
48222,0,dense,32,4,0.0,[],[],9833,76.8203125,0,0,0,4.278203959984239e-07,1.3964836398372427e-08,f5d3cf8ffd9cc484171441e066093a2a08a7ac0226c2735e37d7575f83802fa5,experiments/mirror_applications/ma-482-residual-vq-mirror/artifacts/payloads/48222_0_dense_K32_R4.pt
48222,0,native_rvq,32,4,0.13329750299453735,"[0.947647750377655, 0.30933040380477905, 0.21820050477981567, 0.18175950646400452]","[32, 32, 31, 32]",10597,82.7890625,2048,0,128,3.6205859714755206e-06,3.9644532989768777e-07,9a5a6b822dae1caaf04d19203fc749c4253ec2b00dc51fe4f407c90a53b6e8a1,experiments/mirror_applications/ma-482-residual-vq-mirror/artifacts/payloads/48222_0_native_rvq_K32_R4.pt
48222,0,generic_coeff_rvq,32,4,0.05283671244978905,"[0.868125319480896, 0.43648120760917664, 0.22293129563331604, 0.1204967126250267]","[31, 32, 31, 31]",3545,27.6953125,0,4,128,2.4720936835365137e-06,4.911952942165954e-07,2bad6710bfe6fd06454cb941bd2139eac7553549bd625c1303d6d2d82313c606,experiments/mirror_applications/ma-482-residual-vq-mirror/artifacts/payloads/48222_0_generic_coeff_rvq_K32_R4.pt
48222,0,mirror_rvq,32,4,0.05283671244978905,"[0.868125319480896, 0.43648120760917664, 0.22293129563331604, 0.1204967126250267]","[31, 32, 31, 31]",3037,23.7265625,0,4,128,1.7209843008458847e-06,5.119687216392776e-07,66c491f6dbe6d4f9d114a18d3e787b0b8e0900b8a51b7ce310b26a79b9e55542,experiments/mirror_applications/ma-482-residual-vq-mirror/artifacts/payloads/48222_0_mirror_rvq_K32_R4.pt
48222,1,dense,4,1,0.0,[],[],9833,76.8203125,0,0,0,4.4057821924070595e-07,1.424223228241317e-08,df1226af461bf0110e959fade87f09564001dbf3cf8003eb3b9aec127acf578c,experiments/mirror_applications/ma-482-residual-vq-mirror/artifacts/payloads/48222_1_dense_K4_R1.pt
48222,1,native_rvq,4,1,0.6282950639724731,[1.0],[4],2277,17.7890625,64,0,32,1.958210987140774e-06,1.1481637329779915e-07,695120dcf068c77df4f1c751c214315f0c0cdaa8f79bf5a1a537c4cb48d2a0c7,experiments/mirror_applications/ma-482-residual-vq-mirror/artifacts/payloads/48222_1_native_rvq_K4_R1.pt
48222,1,generic_coeff_rvq,4,1,0.6269148588180542,[1.0],[4],2969,23.1953125,0,1,32,2.192148485846701e-06,2.1703903030356742e-07,705b99acb9e11d6595b1f88c55b86d12052d57bac8cdcedbf3e153cf598f44a6,experiments/mirror_applications/ma-482-residual-vq-mirror/artifacts/payloads/48222_1_generic_coeff_rvq_K4_R1.pt
48222,1,mirror_rvq,4,1,0.6269148588180542,[1.0],[4],2653,20.7265625,0,1,32,1.6472812376377988e-06,1.6461717677884735e-07,fb8d8bd8063b35439bc1a250557a70e1a30949929c083102936611d99a3519e3,experiments/mirror_applications/ma-482-residual-vq-mirror/artifacts/payloads/48222_1_mirror_rvq_K4_R1.pt
48222,1,dense,4,2,0.0,[],[],9833,76.8203125,0,0,0,4.363515699878917e-07,1.4078125332162017e-08,df1226af461bf0110e959fade87f09564001dbf3cf8003eb3b9aec127acf578c,experiments/mirror_applications/ma-482-residual-vq-mirror/artifacts/payloads/48222_1_dense_K4_R2.pt
48222,1,native_rvq,4,2,0.49060505628585815,"[0.9193229675292969, 0.6278716921806335]","[4, 4]",2661,20.7890625,128,0,64,2.2700703539157985e-06,2.2134372557047755e-07,626111accb2e3eed7daf7456de8fdc010f131d6d334ad6b57e9918d82eeda4d6,experiments/mirror_applications/ma-482-residual-vq-mirror/artifacts/payloads/48222_1_native_rvq_K4_R2.pt
48222,1,generic_coeff_rvq,4,2,0.49241384863853455,"[0.9216557145118713, 0.6269148588180542]","[4, 4]",3097,24.1953125,0,2,64,2.2815781903773313e-06,3.7223048821033444e-07,a4ad2e641b6c29e449cd57521374cb10257502d55591c20c9858b404e5bdf9e9,experiments/mirror_applications/ma-482-residual-vq-mirror/artifacts/payloads/48222_1_generic_coeff_rvq_K4_R2.pt
48222,1,mirror_rvq,4,2,0.49241384863853455,"[0.9216557145118713, 0.6269148588180542]","[4, 4]",2781,21.7265625,0,2,64,1.940132733579958e-06,2.763437692010484e-07,56df4ff5d0f76e0d17d6e7d41db4a6198a028eec8a5388b3a3e53206a3fd7b37,experiments/mirror_applications/ma-482-residual-vq-mirror/artifacts/payloads/48222_1_mirror_rvq_K4_R2.pt
48222,1,dense,4,4,0.0,[],[],9833,76.8203125,0,0,0,4.5246872559800977e-07,1.3999965631228406e-08,df1226af461bf0110e959fade87f09564001dbf3cf8003eb3b9aec127acf578c,experiments/mirror_applications/ma-482-residual-vq-mirror/artifacts/payloads/48222_1_dense_K4_R4.pt
48222,1,native_rvq,4,4,0.32831645011901855,"[0.8224390149116516, 0.49188464879989624, 0.4557076096534729, 0.3800664246082306]","[4, 4, 4, 4]",3429,26.7890625,256,0,128,3.049429665225034e-06,3.998085844614252e-07,553bd3e354448c82edb74939359932076b6d45d77ca9fc94df31debc175cd001,experiments/mirror_applications/ma-482-residual-vq-mirror/artifacts/payloads/48222_1_native_rvq_K4_R4.pt
48222,1,generic_coeff_rvq,4,4,0.4437698721885681,"[0.8966100811958313, 0.5894765257835388, 0.48239290714263916, 0.4546429514884949]","[4, 4, 4, 4]",3353,26.1953125,0,4,128,2.4580858735134825e-06,4.827812176699808e-07,1ea3d89f2b17b58f1d18346607a4f8309bc3878fef4adff6bc2d933a6dacdf7e,experiments/mirror_applications/ma-482-residual-vq-mirror/artifacts/payloads/48222_1_generic_coeff_rvq_K4_R4.pt
48222,1,mirror_rvq,4,4,0.4437698721885681,"[0.8966100811958313, 0.5894765257835388, 0.48239290714263916, 0.4546429514884949]","[4, 4, 4, 4]",3037,23.7265625,0,4,128,1.695789137556858e-06,5.100468456475937e-07,346025d4dca3351c121785aad3a7736e77671c58aa103f5a2dc2562f5302a78c,experiments/mirror_applications/ma-482-residual-vq-mirror/artifacts/payloads/48222_1_mirror_rvq_K4_R4.pt
48222,1,dense,8,1,0.0,[],[],9833,76.8203125,0,0,0,4.588828232954256e-07,1.4359386568685295e-08,df1226af461bf0110e959fade87f09564001dbf3cf8003eb3b9aec127acf578c,experiments/mirror_applications/ma-482-residual-vq-mirror/artifacts/payloads/48222_1_dense_K8_R1.pt
48222,1,native_rvq,8,1,0.5353993773460388,[1.0],[8],2533,19.7890625,128,0,32,1.94521874163911e-06,1.2088275980204344e-07,33a24b6225f7358a01ecdbaa4a6ef6a9d94f75cf4089dcc3e489d86bee4d4710,experiments/mirror_applications/ma-482-residual-vq-mirror/artifacts/payloads/48222_1_native_rvq_K8_R1.pt
48222,1,generic_coeff_rvq,8,1,0.5307472944259644,[1.0],[8],2969,23.1953125,0,1,32,2.233140662610822e-06,2.1727339571953053e-07,7db2418119d8cd107677215dc9e522977d3c0ce5f2f4456aa2043740db86f96e,experiments/mirror_applications/ma-482-residual-vq-mirror/artifacts/payloads/48222_1_generic_coeff_rvq_K8_R1.pt
48222,1,mirror_rvq,8,1,0.5307472944259644,[1.0],[8],2653,20.7265625,0,1,32,1.5805391058165696e-06,1.654765924286039e-07,c5f8cc998b008fb6fb9dd594ba6722d235ca0db85466e5f9cefba6de1a293f1a,experiments/mirror_applications/ma-482-residual-vq-mirror/artifacts/payloads/48222_1_mirror_rvq_K8_R1.pt
48222,1,dense,8,2,0.0,[],[],9833,76.8203125,0,0,0,4.26093720307108e-07,1.4437489426200045e-08,df1226af461bf0110e959fade87f09564001dbf3cf8003eb3b9aec127acf578c,experiments/mirror_applications/ma-482-residual-vq-mirror/artifacts/payloads/48222_1_dense_K8_R2.pt
48222,1,native_rvq,8,2,0.3723880350589752,"[0.9221996665000916, 0.5383108854293823]","[8, 8]",3173,24.7890625,256,0,64,2.3027812403597636e-06,2.198163997491065e-07,ef06dc2cb5a90c0d9ba5988135e70b468e378abd68a3d93fad2e9ba9fbead1ac,experiments/mirror_applications/ma-482-residual-vq-mirror/artifacts/payloads/48222_1_native_rvq_K8_R2.pt
48222,1,generic_coeff_rvq,8,2,0.31875988841056824,"[0.9054917693138123, 0.5307472944259644]","[8, 8]",3097,24.1953125,0,2,64,2.2721093273503357e-06,3.7528133134401287e-07,e7908ff35fb0dd7be1d8ae7a82980d06f26692c6e9bd008a8797e419ced076d2,experiments/mirror_applications/ma-482-residual-vq-mirror/artifacts/payloads/48222_1_generic_coeff_rvq_K8_R2.pt
48222,1,mirror_rvq,8,2,0.31875988841056824,"[0.9054917693138123, 0.5307472944259644]","[8, 8]",2781,21.7265625,0,2,64,1.6460312508570496e-06,2.762695316960162e-07,ae78685b0d7ad346d88f5d56903aa16fab9202d3a9881f0fbb77ba30a1dab0ae,experiments/mirror_applications/ma-482-residual-vq-mirror/artifacts/payloads/48222_1_mirror_rvq_K8_R2.pt
48222,1,dense,8,4,0.0,[],[],9833,76.8203125,0,0,0,4.329765488364501e-07,1.408602656738367e-08,df1226af461bf0110e959fade87f09564001dbf3cf8003eb3b9aec127acf578c,experiments/mirror_applications/ma-482-residual-vq-mirror/artifacts/payloads/48222_1_dense_K8_R4.pt
48222,1,native_rvq,8,4,0.24432243406772614,"[0.8692025542259216, 0.43108701705932617, 0.3438259959220886, 0.30601292848587036]","[8, 8, 8, 8]",4453,34.7890625,512,0,128,3.258484298385156e-06,3.9621096448172466e-07,0e477880a8b3dcc7ac1665fce557bd5aa6ba203d0bd3c281eedca478d90edab5,experiments/mirror_applications/ma-482-residual-vq-mirror/artifacts/payloads/48222_1_native_rvq_K8_R4.pt
48222,1,generic_coeff_rvq,8,4,0.21376092731952667,"[0.8740715980529785, 0.475161612033844, 0.30077823996543884, 0.2383989542722702]","[8, 8, 8, 8]",3353,26.1953125,0,4,128,2.4544141297155875e-06,4.828594342143333e-07,e0a69f72a1b6cccd4ebc575870c8392e00375126fa3ff7310708fb8efbe09207,experiments/mirror_applications/ma-482-residual-vq-mirror/artifacts/payloads/48222_1_generic_coeff_rvq_K8_R4.pt
48222,1,mirror_rvq,8,4,0.21376092731952667,"[0.8740715980529785, 0.475161612033844, 0.30077823996543884, 0.2383989542722702]","[8, 8, 8, 8]",3037,23.7265625,0,4,128,1.7259141031900072e-06,5.097343773741159e-07,a8022705e425e421ded5c5e9735e21ab638d14953385988d0f9bc6c18fcb358f,experiments/mirror_applications/ma-482-residual-vq-mirror/artifacts/payloads/48222_1_mirror_rvq_K8_R4.pt
48222,1,dense,16,1,0.0,[],[],9833,76.8203125,0,0,0,4.474530896914075e-07,1.439843799744267e-08,df1226af461bf0110e959fade87f09564001dbf3cf8003eb3b9aec127acf578c,experiments/mirror_applications/ma-482-residual-vq-mirror/artifacts/payloads/48222_1_dense_K16_R1.pt
48222,1,native_rvq,16,1,0.44503745436668396,[1.0],[16],3045,23.7890625,256,0,32,1.9053203459407086e-06,1.1458593007773743e-07,4f4b92d47e0e5b5e2019a90c4d5f20d208a93d0dfbf40fc1b7557a2a7a6e6265,experiments/mirror_applications/ma-482-residual-vq-mirror/artifacts/payloads/48222_1_native_rvq_K16_R1.pt
48222,1,generic_coeff_rvq,16,1,0.5065791010856628,[1.0],[16],3033,23.6953125,0,1,32,2.2241483748075552e-06,2.1653119119946496e-07,c2144a525282ffa6649fd07aaccc5af71c14de12b6f9863b64cbfe78e36322b4,experiments/mirror_applications/ma-482-residual-vq-mirror/artifacts/payloads/48222_1_generic_coeff_rvq_K16_R1.pt
48222,1,mirror_rvq,16,1,0.5065791010856628,[1.0],[16],2653,20.7265625,0,1,32,1.5290547707991209e-06,1.6313282458213507e-07,4d464459fa78e4c8d04c9d4d116d2aea81953b1c058faef3c29adb9e0d5b4e62,experiments/mirror_applications/ma-482-residual-vq-mirror/artifacts/payloads/48222_1_mirror_rvq_K16_R1.pt
48222,1,dense,16,2,0.0,[],[],9833,76.8203125,0,0,0,4.392421715238015e-07,1.424223228241317e-08,df1226af461bf0110e959fade87f09564001dbf3cf8003eb3b9aec127acf578c,experiments/mirror_applications/ma-482-residual-vq-mirror/artifacts/payloads/48222_1_dense_K16_R2.pt
48222,1,native_rvq,16,2,0.3155471980571747,"[0.9617482423782349, 0.45049843192100525]","[16, 16]",4197,32.7890625,512,0,64,2.4199765675803064e-06,2.0913671505695675e-07,4fa75fca6a24d7b7c8323696782b6e3a20b0b60b7290e0e515dcf5774e12fb74,experiments/mirror_applications/ma-482-residual-vq-mirror/artifacts/payloads/48222_1_native_rvq_K16_R2.pt
48222,1,generic_coeff_rvq,16,2,0.26627856492996216,"[0.9023757576942444, 0.5065791010856628]","[16, 16]",3161,24.6953125,0,2,64,2.2089687945481273e-06,3.7617974157910794e-07,07c2598d5cb03d6378532194637fb571162e473af2b048e5f8ad08030777fe4e,experiments/mirror_applications/ma-482-residual-vq-mirror/artifacts/payloads/48222_1_generic_coeff_rvq_K16_R2.pt
48222,1,mirror_rvq,16,2,0.26627856492996216,"[0.9023757576942444, 0.5065791010856628]","[16, 16]",2781,21.7265625,0,2,64,1.6116797496579238e-06,2.8111719529988477e-07,6c6fc0541ea60e541532696081af6ddc7d49d13bfb6486b17027b6494e1bcdb1,experiments/mirror_applications/ma-482-residual-vq-mirror/artifacts/payloads/48222_1_mirror_rvq_K16_R2.pt
48222,1,dense,16,4,0.0,[],[],9833,76.8203125,0,0,0,4.850937784794951e-07,1.439843799744267e-08,df1226af461bf0110e959fade87f09564001dbf3cf8003eb3b9aec127acf578c,experiments/mirror_applications/ma-482-residual-vq-mirror/artifacts/payloads/48222_1_dense_K16_R4.pt
48222,1,native_rvq,16,4,0.17703063786029816,"[0.9268280863761902, 0.3640744686126709, 0.27092865109443665, 0.2305699586868286]","[16, 16, 16, 16]",6501,50.7890625,1024,0,128,3.3289062457697582e-06,4.0294145264851977e-07,25026105c46fada022603907ffbdccd6a8aeb9843908108c843ae45cc88032f9,experiments/mirror_applications/ma-482-residual-vq-mirror/artifacts/payloads/48222_1_native_rvq_K16_R4.pt
48222,1,generic_coeff_rvq,16,4,0.11355181038379669,"[0.8696388602256775, 0.44565919041633606, 0.24352046847343445, 0.15651220083236694]","[16, 16, 16, 16]",3417,26.6953125,0,4,128,2.4066015384960338e-06,4.828203259421571e-07,b20a9e0757dce635f819cfcae2951c0102b3462f288ad0f5fd48f31e51cd3624,experiments/mirror_applications/ma-482-residual-vq-mirror/artifacts/payloads/48222_1_generic_coeff_rvq_K16_R4.pt
48222,1,mirror_rvq,16,4,0.11355181038379669,"[0.8696388602256775, 0.44565919041633606, 0.24352046847343445, 0.15651220083236694]","[16, 16, 16, 16]",3037,23.7265625,0,4,128,1.6788906123110792e-06,5.079375000605069e-07,e9bd18fcfdc877c3bd0c9bc1f6572a732aa18b5e6b1bab07917b552b9f7de415,experiments/mirror_applications/ma-482-residual-vq-mirror/artifacts/payloads/48222_1_mirror_rvq_K16_R4.pt
48222,1,dense,32,1,0.0,[],[],9833,76.8203125,0,0,0,4.6592958824476227e-07,1.38124391924066e-08,df1226af461bf0110e959fade87f09564001dbf3cf8003eb3b9aec127acf578c,experiments/mirror_applications/ma-482-residual-vq-mirror/artifacts/payloads/48222_1_dense_K32_R1.pt
48222,1,native_rvq,32,1,0.37560492753982544,[1.0],[32],4069,31.7890625,512,0,32,1.9723671584870317e-06,1.1528902632562676e-07,800b08b7ba3e6d0b4d9361ed5e96b70dad0f809ee71f17b5bd9e784d50e7f919,experiments/mirror_applications/ma-482-residual-vq-mirror/artifacts/payloads/48222_1_native_rvq_K32_R1.pt
48222,1,generic_coeff_rvq,32,1,0.4994122087955475,[1.0],[32],3161,24.6953125,0,1,32,2.242062464574701e-06,2.1585941567536793e-07,a8235109e81833b9ca254133ac6f176f203fe5144937168794953c0bda0a9d18,experiments/mirror_applications/ma-482-residual-vq-mirror/artifacts/payloads/48222_1_generic_coeff_rvq_K32_R1.pt
48222,1,mirror_rvq,32,1,0.4994122087955475,[1.0],[32],2653,20.7265625,0,1,32,1.6448516362288501e-06,1.608984803169733e-07,75b395d6d287538d399ce688ff76bd713d1d230e36497dff2561467a12c2610d,experiments/mirror_applications/ma-482-residual-vq-mirror/artifacts/payloads/48222_1_mirror_rvq_K32_R1.pt
48222,1,dense,32,2,0.0,[],[],9833,76.8203125,0,0,0,4.572343641484622e-07,1.4199144970916677e-08,df1226af461bf0110e959fade87f09564001dbf3cf8003eb3b9aec127acf578c,experiments/mirror_applications/ma-482-residual-vq-mirror/artifacts/payloads/48222_1_dense_K32_R2.pt
48222,1,native_rvq,32,2,0.24655550718307495,"[0.9674336910247803, 0.3798121511936188]","[31, 31]",6245,48.7890625,1024,0,64,2.5985234515246702e-06,2.085508299387584e-07,a2591661bde0730be84334c4071a0d921e731d10ee2da82a9dd29d2e2ade42c7,experiments/mirror_applications/ma-482-residual-vq-mirror/artifacts/payloads/48222_1_native_rvq_K32_R2.pt
48222,1,generic_coeff_rvq,32,2,0.24869172275066376,"[0.901351809501648, 0.4994122087955475]","[32, 31]",3289,25.6953125,0,2,64,2.2711718656864832e-06,3.7336712921387516e-07,3eea5c08027bd95e65e4b89fe0f7c1c8467f05980f6979feae9e115f23c33ae8,experiments/mirror_applications/ma-482-residual-vq-mirror/artifacts/payloads/48222_1_generic_coeff_rvq_K32_R2.pt
48222,1,mirror_rvq,32,2,0.24869172275066376,"[0.901351809501648, 0.4994122087955475]","[32, 31]",2781,21.7265625,0,2,64,1.610195226930955e-06,2.789257678159629e-07,493642b1797a25b18efa7fb14e3895fb4abfd34562bed6c52f212af6693905da,experiments/mirror_applications/ma-482-residual-vq-mirror/artifacts/payloads/48222_1_mirror_rvq_K32_R2.pt
48222,1,dense,32,4,0.0,[],[],9833,76.8203125,0,0,0,4.681875225287513e-07,1.4238310086511774e-08,df1226af461bf0110e959fade87f09564001dbf3cf8003eb3b9aec127acf578c,experiments/mirror_applications/ma-482-residual-vq-mirror/artifacts/payloads/48222_1_dense_K32_R4.pt
48222,1,native_rvq,32,4,0.13387084007263184,"[0.9437139630317688, 0.3091878592967987, 0.21632154285907745, 0.1785593181848526]","[32, 32, 30, 31]",10597,82.7890625,2048,0,128,3.6516483987725223e-06,4.0743753970673424e-07,e037e6759ad607eee4efe55c84f5fea35b5147d31348692a0a4126939cace183,experiments/mirror_applications/ma-482-residual-vq-mirror/artifacts/payloads/48222_1_native_rvq_K32_R4.pt
48222,1,generic_coeff_rvq,32,4,0.05662009119987488,"[0.8682127594947815, 0.4367732107639313, 0.22387409210205078, 0.12220390886068344]","[32, 31, 32, 32]",3545,27.6953125,0,4,128,2.477257908140018e-06,4.831015871786803e-07,1715de7e435c00374b7b2c381173472f27e32c2e9c9241578582e6fdb6f79ea8,experiments/mirror_applications/ma-482-residual-vq-mirror/artifacts/payloads/48222_1_generic_coeff_rvq_K32_R4.pt
48222,1,mirror_rvq,32,4,0.05662009119987488,"[0.8682127594947815, 0.4367732107639313, 0.22387409210205078, 0.12220390886068344]","[32, 31, 32, 32]",3037,23.7265625,0,4,128,1.6951640873230645e-06,5.107187917019473e-07,3d26873c07135035ed8e7361dcc21574e812629fd3ecca4a704ae97fabd26822,experiments/mirror_applications/ma-482-residual-vq-mirror/artifacts/payloads/48222_1_mirror_rvq_K32_R4.pt
48222,2,dense,4,1,0.0,[],[],9833,76.8203125,0,0,0,4.5856256747356383e-07,1.4156171346257906e-08,50ffa7fd19a3a871c00b4d8e25c5f85693e00a7c372596c6e34c89f4b27efd3b,experiments/mirror_applications/ma-482-residual-vq-mirror/artifacts/payloads/48222_2_dense_K4_R1.pt
48222,2,native_rvq,4,1,0.6247918605804443,[1.0],[4],2277,17.7890625,64,0,32,1.8377188553131418e-06,1.1595312798817758e-07,70f73ead8c8fe3f792a39ae1a031da54f58d508673fbd0415aa9d1f92c06a187,experiments/mirror_applications/ma-482-residual-vq-mirror/artifacts/payloads/48222_2_native_rvq_K4_R1.pt
48222,2,generic_coeff_rvq,4,1,0.6313449144363403,[1.0],[4],2969,23.1953125,0,1,32,2.262171960865089e-06,2.171562414332584e-07,bda293d962d959418578d2cf479279a03266a0dadbd3dd86fa893d209f4139a7,experiments/mirror_applications/ma-482-residual-vq-mirror/artifacts/payloads/48222_2_generic_coeff_rvq_K4_R1.pt
48222,2,mirror_rvq,4,1,0.6313449144363403,[1.0],[4],2653,20.7265625,0,1,32,1.5767109289299697e-06,1.6606247754680226e-07,392d3b30b13c9c71c97aa26042e7116882b81a6480ca75b7ee01835c1e0baf97,experiments/mirror_applications/ma-482-residual-vq-mirror/artifacts/payloads/48222_2_mirror_rvq_K4_R1.pt
48222,2,dense,4,2,0.0,[],[],9833,76.8203125,0,0,0,4.5731246700597694e-07,1.435552121620276e-08,50ffa7fd19a3a871c00b4d8e25c5f85693e00a7c372596c6e34c89f4b27efd3b,experiments/mirror_applications/ma-482-residual-vq-mirror/artifacts/payloads/48222_2_dense_K4_R2.pt
48222,2,native_rvq,4,2,0.4867929518222809,"[0.9033176898956299, 0.6247847676277161]","[4, 4]",2661,20.7890625,128,0,64,2.2829061663287575e-06,2.158242295990931e-07,ca997905bb74302433a14dec4699d1feffee7a54cae4841e6047988f1e4620a8,experiments/mirror_applications/ma-482-residual-vq-mirror/artifacts/payloads/48222_2_native_rvq_K4_R2.pt
48222,2,generic_coeff_rvq,4,2,0.49981969594955444,"[0.9226176142692566, 0.6313449144363403]","[4, 4]",3097,24.1953125,0,2,64,2.389625024079578e-06,3.785663693633978e-07,99a54e527a0e37f211a0d4a72b2777be41e566138406175895c91e7efc64dd50,experiments/mirror_applications/ma-482-residual-vq-mirror/artifacts/payloads/48222_2_generic_coeff_rvq_K4_R2.pt
48222,2,mirror_rvq,4,2,0.49981969594955444,"[0.9226176142692566, 0.6313449144363403]","[4, 4]",2781,21.7265625,0,2,64,1.6739609236537945e-06,2.7704686544893775e-07,989ace021f04f150859c6be88d9402148f1f2aff7a669dc0fe019a0a890359af,experiments/mirror_applications/ma-482-residual-vq-mirror/artifacts/payloads/48222_2_mirror_rvq_K4_R2.pt
48222,2,dense,4,4,0.0,[],[],9833,76.8203125,0,0,0,4.493359710977529e-07,1.4085912880545948e-08,50ffa7fd19a3a871c00b4d8e25c5f85693e00a7c372596c6e34c89f4b27efd3b,experiments/mirror_applications/ma-482-residual-vq-mirror/artifacts/payloads/48222_2_dense_K4_R4.pt
48222,2,native_rvq,4,4,0.32769662141799927,"[0.8317630290985107, 0.5056174993515015, 0.44997623562812805, 0.3824845850467682]","[4, 4, 4, 4]",3429,26.7890625,256,0,128,3.4367187708994607e-06,4.003945264230424e-07,6fd4af7d97e78ca067d8d45d58e0a05d5aaa86647a926408dcfb09df7d391693,experiments/mirror_applications/ma-482-residual-vq-mirror/artifacts/payloads/48222_2_native_rvq_K4_R4.pt
48222,2,generic_coeff_rvq,4,4,0.449504554271698,"[0.8963581919670105, 0.5923098921775818, 0.49030742049217224, 0.4598616361618042]","[4, 4, 4, 4]",3353,26.1953125,0,4,128,2.4166171215256327e-06,4.82199197904265e-07,7f30346627d47febb96c5970a3d0417bed4f9fd74325382e862008d8b328ebe4,experiments/mirror_applications/ma-482-residual-vq-mirror/artifacts/payloads/48222_2_generic_coeff_rvq_K4_R4.pt
48222,2,mirror_rvq,4,4,0.449504554271698,"[0.8963581919670105, 0.5923098921775818, 0.49030742049217224, 0.4598616361618042]","[4, 4, 4, 4]",3037,23.7265625,0,4,128,1.6673124036969966e-06,5.07625031787029e-07,0f8e469a1ac52576f67ea473d4b7cd49e03ac8f2ec0fc874d6388a56195595c0,experiments/mirror_applications/ma-482-residual-vq-mirror/artifacts/payloads/48222_2_mirror_rvq_K4_R4.pt
48222,2,dense,8,1,0.0,[],[],9833,76.8203125,0,0,0,5.999531822453719e-07,1.4234387890610378e-08,50ffa7fd19a3a871c00b4d8e25c5f85693e00a7c372596c6e34c89f4b27efd3b,experiments/mirror_applications/ma-482-residual-vq-mirror/artifacts/payloads/48222_2_dense_K8_R1.pt
48222,2,native_rvq,8,1,0.5378223657608032,[1.0],[8],2533,19.7890625,128,0,32,2.0534296254481887e-06,1.1384372555767186e-07,1f06e65001b38286fd2552f92608a2dce69be82840fad8148fd2f426ad430493,experiments/mirror_applications/ma-482-residual-vq-mirror/artifacts/payloads/48222_2_native_rvq_K8_R1.pt
48222,2,generic_coeff_rvq,8,1,0.5345959663391113,[1.0],[8],2969,23.1953125,0,1,32,2.1074062033221708e-06,2.1649213977070758e-07,8140dc4f884e0af53ff4b4dfdf562840ba578a1b62af2e84d4c46df521f07f12,experiments/mirror_applications/ma-482-residual-vq-mirror/artifacts/payloads/48222_2_generic_coeff_rvq_K8_R1.pt
48222,2,mirror_rvq,8,1,0.5345959663391113,[1.0],[8],2653,20.7265625,0,1,32,1.5854686807870166e-06,1.6301561345244409e-07,473f8b1ec7299b9294de600a6f50befbf85d7ac81b0d9bfc14e7fd5e191b55a4,experiments/mirror_applications/ma-482-residual-vq-mirror/artifacts/payloads/48222_2_mirror_rvq_K8_R1.pt
48222,2,dense,8,2,0.0,[],[],9833,76.8203125,0,0,0,4.375233402242884e-07,1.4359386568685295e-08,50ffa7fd19a3a871c00b4d8e25c5f85693e00a7c372596c6e34c89f4b27efd3b,experiments/mirror_applications/ma-482-residual-vq-mirror/artifacts/payloads/48222_2_dense_K8_R2.pt
48222,2,native_rvq,8,2,0.3833695948123932,"[0.9217739701271057, 0.5390381813049316]","[8, 8]",3173,24.7890625,256,0,64,2.532882831474126e-06,2.1195700128373574e-07,dda74b92531a88362c4436ea68abd454e39ff7054fe9ce5924f9f4d01d974a8a,experiments/mirror_applications/ma-482-residual-vq-mirror/artifacts/payloads/48222_2_native_rvq_K8_R2.pt
48222,2,generic_coeff_rvq,8,2,0.32742545008659363,"[0.9063192009925842, 0.5345959663391113]","[8, 8]",3097,24.1953125,0,2,64,2.3043437522574095e-06,3.7441793665493606e-07,6ba410a130f45dfd18c6663086720672f079ac16c3e69de7381f3539d7120faf,experiments/mirror_applications/ma-482-residual-vq-mirror/artifacts/payloads/48222_2_generic_coeff_rvq_K8_R2.pt
48222,2,mirror_rvq,8,2,0.32742545008659363,"[0.9063192009925842, 0.5345959663391113]","[8, 8]",2781,21.7265625,0,2,64,1.5629374274794827e-06,2.749375198618509e-07,45e09b9f564cff704089beb2ae35022fc84325a4a32701173c9590161741aa55,experiments/mirror_applications/ma-482-residual-vq-mirror/artifacts/payloads/48222_2_mirror_rvq_K8_R2.pt
48222,2,dense,8,4,0.0,[],[],9833,76.8203125,0,0,0,4.419844117364846e-07,1.4359329725266434e-08,50ffa7fd19a3a871c00b4d8e25c5f85693e00a7c372596c6e34c89f4b27efd3b,experiments/mirror_applications/ma-482-residual-vq-mirror/artifacts/payloads/48222_2_dense_K8_R4.pt
48222,2,native_rvq,8,4,0.24027110636234283,"[0.8764370083808899, 0.4463379681110382, 0.3398360013961792, 0.2997771203517914]","[8, 8, 8, 8]",4453,34.7890625,512,0,128,3.6996874541728175e-06,4.05207060794055e-07,97eb5a56b8ab9d30a84934cc603c744bd1d87ea3179d4bbc548da3f6f9433f5c,experiments/mirror_applications/ma-482-residual-vq-mirror/artifacts/payloads/48222_2_native_rvq_K8_R4.pt
48222,2,generic_coeff_rvq,8,4,0.22623729705810547,"[0.8748660087585449, 0.479341983795166, 0.309793084859848, 0.24983792006969452]","[8, 8, 8, 8]",3353,26.1953125,0,4,128,2.375859367020894e-06,4.899062560070888e-07,367cdc9f80fa78e6859a657b05d8715f2dd06e476ab368e5771b950a6cad1c03,experiments/mirror_applications/ma-482-residual-vq-mirror/artifacts/payloads/48222_2_generic_coeff_rvq_K8_R4.pt
48222,2,mirror_rvq,8,4,0.22623729705810547,"[0.8748660087585449, 0.479341983795166, 0.309793084859848, 0.24983792006969452]","[8, 8, 8, 8]",3037,23.7265625,0,4,128,1.8577500213723397e-06,5.111836003379722e-07,b0c86d11a3a07273bb134d8602fa3bac81c2a1398036753007fca5417916cd52,experiments/mirror_applications/ma-482-residual-vq-mirror/artifacts/payloads/48222_2_mirror_rvq_K8_R4.pt
48222,2,dense,16,1,0.0,[],[],9833,76.8203125,0,0,0,4.39085965808772e-07,1.4078125332162017e-08,50ffa7fd19a3a871c00b4d8e25c5f85693e00a7c372596c6e34c89f4b27efd3b,experiments/mirror_applications/ma-482-residual-vq-mirror/artifacts/payloads/48222_2_dense_K16_R1.pt
48222,2,native_rvq,16,1,0.4546658396720886,[1.0],[16],3045,23.7890625,256,0,32,1.8570390238892287e-06,1.2107807378924917e-07,0cf9cada93b435121dc1ab4e11de7f8dfe4cd1e75d898dc9eff1b1931f0685fe,experiments/mirror_applications/ma-482-residual-vq-mirror/artifacts/payloads/48222_2_native_rvq_K16_R1.pt
48222,2,generic_coeff_rvq,16,1,0.507152259349823,[1.0],[16],3033,23.6953125,0,1,32,2.1849452878086595e-06,2.1617972834064858e-07,b60366d905a5c7fae8e477cb90144cb64d83a8de5324cf178cc9053f2d590e36,experiments/mirror_applications/ma-482-residual-vq-mirror/artifacts/payloads/48222_2_generic_coeff_rvq_K16_R1.pt
48222,2,mirror_rvq,16,1,0.507152259349823,[1.0],[16],2653,20.7265625,0,1,32,1.584843744240061e-06,1.6086329424069845e-07,b1f5e1e281e36a7967d8202eae5502cce9569c40409f72f9e1dbbaf4c58760e3,experiments/mirror_applications/ma-482-residual-vq-mirror/artifacts/payloads/48222_2_mirror_rvq_K16_R1.pt
48222,2,dense,16,2,0.0,[],[],9833,76.8203125,0,0,0,4.824296411243267e-07,1.4238196399674052e-08,50ffa7fd19a3a871c00b4d8e25c5f85693e00a7c372596c6e34c89f4b27efd3b,experiments/mirror_applications/ma-482-residual-vq-mirror/artifacts/payloads/48222_2_dense_K16_R2.pt
48222,2,native_rvq,16,2,0.31136229634284973,"[0.9524787068367004, 0.4554787576198578]","[16, 16]",4197,32.7890625,512,0,64,2.4710702746233437e-06,2.1833591290487675e-07,309671ca2329f125c506a545a23962ce09fb7759ced29ef8efe5c47dd6aa2150,experiments/mirror_applications/ma-482-residual-vq-mirror/artifacts/payloads/48222_2_native_rvq_K16_R2.pt
48222,2,generic_coeff_rvq,16,2,0.2673191726207733,"[0.9023613929748535, 0.507152259349823]","[16, 16]",3161,24.6953125,0,2,64,2.329070298401348e-06,3.835351662928588e-07,06f34283c4d00b501ba1b683d7e1d02903912652c3fbae58d638c937a628dcde,experiments/mirror_applications/ma-482-residual-vq-mirror/artifacts/payloads/48222_2_generic_coeff_rvq_K16_R2.pt
48222,2,mirror_rvq,16,2,0.2673191726207733,"[0.9023613929748535, 0.507152259349823]","[16, 16]",2781,21.7265625,0,2,64,1.5502578207815532e-06,2.737187401180563e-07,a0ec19b8951728899d81c9d72c466d70415bc58e7394542a245f3380effb7b29,experiments/mirror_applications/ma-482-residual-vq-mirror/artifacts/payloads/48222_2_mirror_rvq_K16_R2.pt
48222,2,dense,16,4,0.0,[],[],9833,76.8203125,0,0,0,4.507421635935316e-07,1.4238253243092913e-08,50ffa7fd19a3a871c00b4d8e25c5f85693e00a7c372596c6e34c89f4b27efd3b,experiments/mirror_applications/ma-482-residual-vq-mirror/artifacts/payloads/48222_2_dense_K16_R4.pt
48222,2,native_rvq,16,4,0.17679324746131897,"[0.912684440612793, 0.36835533380508423, 0.27112406492233276, 0.22944705188274384]","[16, 16, 16, 16]",6501,50.7890625,1024,0,128,3.528656293383392e-06,4.020390065306856e-07,47984916c7b0f09c6298590b647badbe4e7906949278671f9b21b8f5ae1271a9,experiments/mirror_applications/ma-482-residual-vq-mirror/artifacts/payloads/48222_2_native_rvq_K16_R4.pt
48222,2,generic_coeff_rvq,16,4,0.11568694561719894,"[0.8695861101150513, 0.44623687863349915, 0.24467788636684418, 0.15803715586662292]","[16, 16, 16, 16]",3417,26.6953125,0,4,128,2.3432265834344435e-06,4.811406029148202e-07,60cff66c3204b3b6d0e794ce7e23061125f1c070b98540077c1d71b09a7a7763,experiments/mirror_applications/ma-482-residual-vq-mirror/artifacts/payloads/48222_2_generic_coeff_rvq_K16_R4.pt
48222,2,mirror_rvq,16,4,0.11568694561719894,"[0.8695861101150513, 0.44623687863349915, 0.24467788636684418, 0.15803715586662292]","[16, 16, 16, 16]",3037,23.7265625,0,4,128,1.67176563081739e-06,5.16195314048673e-07,fc8f478a09c543a4a54ba257b620ae247074aa645410dcac04db662c060cbd36,experiments/mirror_applications/ma-482-residual-vq-mirror/artifacts/payloads/48222_2_mirror_rvq_K16_R4.pt
48222,2,dense,32,1,0.0,[],[],9833,76.8203125,0,0,0,4.875234935752815e-07,1.4359386568685295e-08,50ffa7fd19a3a871c00b4d8e25c5f85693e00a7c372596c6e34c89f4b27efd3b,experiments/mirror_applications/ma-482-residual-vq-mirror/artifacts/payloads/48222_2_dense_K32_R1.pt
48222,2,native_rvq,32,1,0.37503594160079956,[1.0],[30],4069,31.7890625,512,0,32,2.050453190349799e-06,1.1739848559955135e-07,7b30e5890dbac64ce32b72ec87f7b32d93c9cf5547a5bdd30d36d097e5e1b41c,experiments/mirror_applications/ma-482-residual-vq-mirror/artifacts/payloads/48222_2_native_rvq_K32_R1.pt
48222,2,generic_coeff_rvq,32,1,0.49958619475364685,[1.0],[31],3161,24.6953125,0,1,32,2.3260937496161205e-06,2.1934374672127888e-07,6b56d4b63b22e815403edebc33a2dbeebb9794c71488d26e599b3a510da564d3,experiments/mirror_applications/ma-482-residual-vq-mirror/artifacts/payloads/48222_2_generic_coeff_rvq_K32_R1.pt
48222,2,mirror_rvq,32,1,0.49958619475364685,[1.0],[31],2653,20.7265625,0,1,32,1.6144141454788041e-06,1.6230859500865336e-07,a6d709c8f601d6a5469bfa1ebf06021df14d90a732c63176fb72232aef008b5c,experiments/mirror_applications/ma-482-residual-vq-mirror/artifacts/payloads/48222_2_mirror_rvq_K32_R1.pt
48222,2,dense,32,2,0.0,[],[],9833,76.8203125,0,0,0,4.5802346448908793e-07,1.4203124010236934e-08,50ffa7fd19a3a871c00b4d8e25c5f85693e00a7c372596c6e34c89f4b27efd3b,experiments/mirror_applications/ma-482-residual-vq-mirror/artifacts/payloads/48222_2_dense_K32_R2.pt
48222,2,native_rvq,32,2,0.2521778345108032,"[0.966218113899231, 0.3763139545917511]","[32, 31]",6245,48.7890625,1024,0,64,2.515507844691456e-06,1.459141003579134e-07,53e3224bd8f8e1ceddeb9565dd476f7d5a00ab8ef60908feda78bc71fcff5425,experiments/mirror_applications/ma-482-residual-vq-mirror/artifacts/payloads/48222_2_native_rvq_K32_R2.pt
48222,2,generic_coeff_rvq,32,2,0.24904094636440277,"[0.901351809501648, 0.49958619475364685]","[31, 32]",3289,25.6953125,0,2,64,1.8008671531788423e-06,2.6480472570256097e-07,28a6a149108497598907cce99ae1c03e3d3c1cad93fe7f5d004b55d61ee8e83f,experiments/mirror_applications/ma-482-residual-vq-mirror/artifacts/payloads/48222_2_generic_coeff_rvq_K32_R2.pt
48222,2,mirror_rvq,32,2,0.24904094636440277,"[0.901351809501648, 0.49958619475364685]","[31, 32]",2781,21.7265625,0,2,64,1.5112968867470045e-06,2.7755464770962135e-07,c9b1feb59b570e8f7e62599a637ac9ab9531519a4b819f062c6d15adfe0075b4,experiments/mirror_applications/ma-482-residual-vq-mirror/artifacts/payloads/48222_2_mirror_rvq_K32_R2.pt
48222,2,dense,32,4,0.0,[],[],9833,76.8203125,0,0,0,5.068437758382061e-07,1.4007810023031197e-08,50ffa7fd19a3a871c00b4d8e25c5f85693e00a7c372596c6e34c89f4b27efd3b,experiments/mirror_applications/ma-482-residual-vq-mirror/artifacts/payloads/48222_2_dense_K32_R4.pt
48222,2,native_rvq,32,4,0.13500453531742096,"[0.9455119371414185, 0.30715271830558777, 0.21663963794708252, 0.18202757835388184]","[32, 31, 31, 31]",10597,82.7890625,2048,0,128,3.1487890055359458e-06,2.752109367065714e-07,aa86b993cc6ec1129fbbfe030409678f9999a08046627771b9503a9ded9eae61,experiments/mirror_applications/ma-482-residual-vq-mirror/artifacts/payloads/48222_2_native_rvq_K32_R4.pt
48222,2,generic_coeff_rvq,32,4,0.05832748860120773,"[0.868225634098053, 0.43699780106544495, 0.22427479922771454, 0.12298090755939484]","[31, 32, 32, 31]",3545,27.6953125,0,4,128,1.914468839459005e-06,4.900234102933609e-07,68e10bd6f52e08c300610dd742de7aef7a5e954d8dda6433b5e2e78c33afbff0,experiments/mirror_applications/ma-482-residual-vq-mirror/artifacts/payloads/48222_2_generic_coeff_rvq_K32_R4.pt
48222,2,mirror_rvq,32,4,0.05832748860120773,"[0.868225634098053, 0.43699780106544495, 0.22427479922771454, 0.12298090755939484]","[31, 32, 32, 31]",3037,23.7265625,0,4,128,1.7837343193605193e-06,5.144336228113389e-07,d8727ee37df9610feba594b5f25f8bb151718b30d3efc74e885c21399721fa16,experiments/mirror_applications/ma-482-residual-vq-mirror/artifacts/payloads/48222_2_mirror_rvq_K32_R4.pt
