phase,world,seed,stratum,task,method,nrmse,geometry_distortion,payload_bytes,fit_seconds,apply_seconds,updates,sha256,path
development,27100,0,aligned_plane,0,oft_independent,0.009511465206742287,2.28030984317229e-07,3413,0.0715753050026251,1.898901246022433e-05,220,9cdedbf758c032725acad9d87bc2025fa04497c1960b5e38d4e228443eca3221,experiments/mirror_applications/ma-271-oft-mirror-task-views/artifacts/payloads/27100_0_aligned_plane_0_oft_independent.bin
development,27100,0,aligned_plane,0,oft_oracle_upper,2.8528631901281187e-07,2.451518810175912e-07,3414,0.0,1.3519995263777673e-05,0,5dfea65e3447f6ea5ac4906e24076a3d56ed25ecc0e92475e1bfa397e5631349,experiments/mirror_applications/ma-271-oft-mirror-task-views/artifacts/payloads/27100_0_aligned_plane_0_oft_oracle_upper.bin
development,27100,0,aligned_plane,0,mirror_angle,0.0,6.888969750207252e-08,3156,0.018032598003628664,1.4931996702216566e-05,0,23114497f5cfe464ef25b055584358b0bbb15eac8d79aba51ed2dce1f750f20c,experiments/mirror_applications/ma-271-oft-mirror-task-views/artifacts/payloads/27100_0_aligned_plane_0_mirror_angle.bin
development,27100,0,aligned_plane,0,generic_plane_scalar,0.0,6.888969750207252e-08,3164,0.018032598003628664,1.3950004358775914e-05,0,97405807f90c4318fdd6c0e3e12788df8741dfb6a66d3df37c786ce059a282f8,experiments/mirror_applications/ma-271-oft-mirror-task-views/artifacts/payloads/27100_0_aligned_plane_0_generic_plane_scalar.bin
development,27100,0,aligned_plane,0,shared_identity,0.2992483973503113,0.0,3413,0.0,4.4967004214413464e-05,0,75cd84fad672b3c1f965a99c4b734d445e2a18225dcea204ac3c51d9c9a48e90,experiments/mirror_applications/ma-271-oft-mirror-task-views/artifacts/payloads/27100_0_aligned_plane_0_shared_identity.bin
development,27100,0,aligned_plane,1,oft_independent,0.00019508408149704337,2.2576354297143553e-07,3413,0.06784163699194323,1.8127000657841563e-05,220,13b85c71a048e992667774d8c3855034124854e5484da93c3b70ff5b8bc99176,experiments/mirror_applications/ma-271-oft-mirror-task-views/artifacts/payloads/27100_0_aligned_plane_1_oft_independent.bin
development,27100,0,aligned_plane,1,oft_oracle_upper,4.0115997990142205e-07,3.208119778719265e-07,3414,0.0,1.2507996871136129e-05,0,1bee114cd1fedcb2fc8d510baba2a2f7f1684ef2bcaaa619eaff1c3817a820d6,experiments/mirror_applications/ma-271-oft-mirror-task-views/artifacts/payloads/27100_0_aligned_plane_1_oft_oracle_upper.bin
development,27100,0,aligned_plane,1,mirror_angle,0.0,8.311003796279692e-08,3156,0.02035629800229799,1.4991994248703122e-05,0,e8ec608cb12b2cd838a1cc35f0cbd7031fe0c2a5dcb810416e8ce15470aba019,experiments/mirror_applications/ma-271-oft-mirror-task-views/artifacts/payloads/27100_0_aligned_plane_1_mirror_angle.bin
development,27100,0,aligned_plane,1,generic_plane_scalar,0.0,8.311003796279692e-08,3164,0.02035629800229799,0.0005152329977136105,0,6e96f03ccead804a30cbd6201d559c19a3a538d1e0b39b7b37812cc32a502de5,experiments/mirror_applications/ma-271-oft-mirror-task-views/artifacts/payloads/27100_0_aligned_plane_1_generic_plane_scalar.bin
development,27100,0,aligned_plane,1,shared_identity,0.2156098186969757,0.0,3413,0.0,1.4081000699661672e-05,0,75cd84fad672b3c1f965a99c4b734d445e2a18225dcea204ac3c51d9c9a48e90,experiments/mirror_applications/ma-271-oft-mirror-task-views/artifacts/payloads/27100_0_aligned_plane_1_shared_identity.bin
development,27100,0,aligned_plane,2,oft_independent,3.2487560019944794e-06,1.9815573182313528e-07,3413,0.0640179839974735,1.774699194356799e-05,220,4d2d654bb86ce1f408629b4a179196d4007c0482f045fd5791fe1a16370600fe,experiments/mirror_applications/ma-271-oft-mirror-task-views/artifacts/payloads/27100_0_aligned_plane_2_oft_independent.bin
development,27100,0,aligned_plane,2,oft_oracle_upper,3.7696423760280595e-07,3.0174982157404884e-07,3414,0.0,1.580400567036122e-05,0,783ebe5e6a0cd3e12e81fb3a9c597109b4f021e483a04570de6bb3248ab50217,experiments/mirror_applications/ma-271-oft-mirror-task-views/artifacts/payloads/27100_0_aligned_plane_2_oft_oracle_upper.bin
development,27100,0,aligned_plane,2,mirror_angle,2.1334567890107792e-08,6.5435258989055e-08,3156,0.019078455996350385,1.5482990420423448e-05,0,5efbd60eef858c71641f6943276fad41c38c97bbf5077de1c50c64ffd4d211b6,experiments/mirror_applications/ma-271-oft-mirror-task-views/artifacts/payloads/27100_0_aligned_plane_2_mirror_angle.bin
development,27100,0,aligned_plane,2,generic_plane_scalar,2.1334567890107792e-08,6.5435258989055e-08,3164,0.019078455996350385,1.526199048385024e-05,0,1e136b2117758a159b05f6067c6c0cd7ad7dec045c5d2f88bed81946eebfa516,experiments/mirror_applications/ma-271-oft-mirror-task-views/artifacts/payloads/27100_0_aligned_plane_2_generic_plane_scalar.bin
development,27100,0,aligned_plane,2,shared_identity,0.13011351227760315,0.0,3413,0.0,1.4240999007597566e-05,0,75cd84fad672b3c1f965a99c4b734d445e2a18225dcea204ac3c51d9c9a48e90,experiments/mirror_applications/ma-271-oft-mirror-task-views/artifacts/payloads/27100_0_aligned_plane_2_shared_identity.bin
development,27100,0,aligned_plane,3,oft_independent,3.0554590466636e-06,2.0476173290262523e-07,3413,0.06812996299413498,1.796700234990567e-05,220,252788266d33399271558b7af39e89545c237368e06a358ce2c0d400d0c47021,experiments/mirror_applications/ma-271-oft-mirror-task-views/artifacts/payloads/27100_0_aligned_plane_3_oft_independent.bin
development,27100,0,aligned_plane,3,oft_oracle_upper,4.294066400234442e-07,3.7787668816235964e-07,3414,0.0,1.214801159221679e-05,0,636451a9db6c3e452dc6f0eb1f53659f3a90910eb1ea4d08450b9ad6ff4bc179,experiments/mirror_applications/ma-271-oft-mirror-task-views/artifacts/payloads/27100_0_aligned_plane_3_oft_oracle_upper.bin
development,27100,0,aligned_plane,3,mirror_angle,0.0,8.077986279886318e-08,3156,0.0186501819989644,1.3639990356750786e-05,0,62cf556b9a2747e5a53f0220ca048b72234aff7efba9881bc151cbe96abc5a24,experiments/mirror_applications/ma-271-oft-mirror-task-views/artifacts/payloads/27100_0_aligned_plane_3_mirror_angle.bin
development,27100,0,aligned_plane,3,generic_plane_scalar,0.0,8.077986279886318e-08,3164,0.0186501819989644,1.3639990356750786e-05,0,a4affe6cca739e49d29ad6da33dbf2211474bb7dcb7a6a66dd7d4d5dfa877df1,experiments/mirror_applications/ma-271-oft-mirror-task-views/artifacts/payloads/27100_0_aligned_plane_3_generic_plane_scalar.bin
development,27100,0,aligned_plane,3,shared_identity,0.04349609091877937,0.0,3413,0.0,3.889799700118601e-05,0,75cd84fad672b3c1f965a99c4b734d445e2a18225dcea204ac3c51d9c9a48e90,experiments/mirror_applications/ma-271-oft-mirror-task-views/artifacts/payloads/27100_0_aligned_plane_3_shared_identity.bin
development,27100,0,aligned_plane,4,oft_independent,0.002513231011107564,2.2894795392858214e-07,3413,0.06551781500456855,1.8667997210286558e-05,220,4019fb7361e5ee738f713fad3fd6be1c79b426ac7a84e09d62a6d887aad5a8ec,experiments/mirror_applications/ma-271-oft-mirror-task-views/artifacts/payloads/27100_0_aligned_plane_4_oft_independent.bin
development,27100,0,aligned_plane,4,oft_oracle_upper,3.700941704209981e-07,2.909807790274499e-07,3414,0.0,1.4502002159133554e-05,0,48a0ba6dee6e6bec15dbaf215ca5946fe9ad0b96f2b42078a29119f15dc87874,experiments/mirror_applications/ma-271-oft-mirror-task-views/artifacts/payloads/27100_0_aligned_plane_4_oft_oracle_upper.bin
development,27100,0,aligned_plane,4,mirror_angle,0.0,7.765932252823404e-08,3156,0.017071053007384762,1.327900099568069e-05,0,3363519554d139480169aa6896559150dfc11d21ffbd2ece255aabf3abc65e93,experiments/mirror_applications/ma-271-oft-mirror-task-views/artifacts/payloads/27100_0_aligned_plane_4_mirror_angle.bin
development,27100,0,aligned_plane,4,generic_plane_scalar,0.0,7.765932252823404e-08,3164,0.017071053007384762,1.668400363996625e-05,0,9db8be11c25a144a37adf19770e386ed804c923fd1b012809cc1640792f68d22,experiments/mirror_applications/ma-271-oft-mirror-task-views/artifacts/payloads/27100_0_aligned_plane_4_generic_plane_scalar.bin
development,27100,0,aligned_plane,4,shared_identity,0.04349609464406967,0.0,3413,0.0,1.4120989362709224e-05,0,75cd84fad672b3c1f965a99c4b734d445e2a18225dcea204ac3c51d9c9a48e90,experiments/mirror_applications/ma-271-oft-mirror-task-views/artifacts/payloads/27100_0_aligned_plane_4_shared_identity.bin
development,27100,0,aligned_plane,5,oft_independent,3.1604859032086097e-06,2.0548803547626449e-07,3413,0.06282867200206965,1.8588005332276225e-05,220,a291c317ac57d0a932c13b92903901d6e6a2fe20e05e0b4d15945976928ce131,experiments/mirror_applications/ma-271-oft-mirror-task-views/artifacts/payloads/27100_0_aligned_plane_5_oft_independent.bin
development,27100,0,aligned_plane,5,oft_oracle_upper,2.833930068391055e-07,2.6011659315372526e-07,3414,0.0,1.4662000467069447e-05,0,8161a12aa1772f5f773018f4c5e95b7a4303a092dbd158ed7336c155ea621903,experiments/mirror_applications/ma-271-oft-mirror-task-views/artifacts/payloads/27100_0_aligned_plane_5_oft_oracle_upper.bin
development,27100,0,aligned_plane,5,mirror_angle,0.0,7.158583059663215e-08,3156,0.01843690600071568,4.0489991079084575e-05,0,3a7af80cd11073bed44708cc808aebb576f941f074508b8d28cb6c08c97f5cf8,experiments/mirror_applications/ma-271-oft-mirror-task-views/artifacts/payloads/27100_0_aligned_plane_5_mirror_angle.bin
development,27100,0,aligned_plane,5,generic_plane_scalar,0.0,7.158583059663215e-08,3164,0.01843690600071568,1.3669996405951679e-05,0,f06c405d2c712fdea863890b57f31315aa5ccc6eb6b0ec43026e01690f965ae9,experiments/mirror_applications/ma-271-oft-mirror-task-views/artifacts/payloads/27100_0_aligned_plane_5_generic_plane_scalar.bin
development,27100,0,aligned_plane,5,shared_identity,0.13011348247528076,0.0,3413,0.0,1.3249999028630555e-05,0,75cd84fad672b3c1f965a99c4b734d445e2a18225dcea204ac3c51d9c9a48e90,experiments/mirror_applications/ma-271-oft-mirror-task-views/artifacts/payloads/27100_0_aligned_plane_5_shared_identity.bin
development,27100,0,aligned_plane,6,oft_independent,2.36461005442834e-06,2.1985364639931504e-07,3413,0.06875101299374364,2.3594999220222235e-05,220,592596709a1438deb5048d651c6a25b4b75cce86542f2e17e49119b983703a55,experiments/mirror_applications/ma-271-oft-mirror-task-views/artifacts/payloads/27100_0_aligned_plane_6_oft_independent.bin
development,27100,0,aligned_plane,6,oft_oracle_upper,4.269494979780575e-07,3.035432882825262e-07,3414,0.0,6.653799209743738e-05,0,9f7b4aa1dc12df84fad1534a707c9971ff32fecf95686aab09a9b97d75dbcdc3,experiments/mirror_applications/ma-271-oft-mirror-task-views/artifacts/payloads/27100_0_aligned_plane_6_oft_oracle_upper.bin
development,27100,0,aligned_plane,6,mirror_angle,0.0,9.343327178612526e-08,3156,0.018703761001233943,2.0220002625137568e-05,0,5802941b4617e70fe926d3b880f126824aa2df1cd120a43155d49c41aba138b3,experiments/mirror_applications/ma-271-oft-mirror-task-views/artifacts/payloads/27100_0_aligned_plane_6_mirror_angle.bin
development,27100,0,aligned_plane,6,generic_plane_scalar,0.0,9.343327178612526e-08,3164,0.018703761001233943,2.1651998395100236e-05,0,54712643c03c92edffea27979545f21710b6e32d4e5f5d971400c5c13b0898d0,experiments/mirror_applications/ma-271-oft-mirror-task-views/artifacts/payloads/27100_0_aligned_plane_6_generic_plane_scalar.bin
development,27100,0,aligned_plane,6,shared_identity,0.2156098335981369,0.0,3413,0.0,2.3954999051056802e-05,0,75cd84fad672b3c1f965a99c4b734d445e2a18225dcea204ac3c51d9c9a48e90,experiments/mirror_applications/ma-271-oft-mirror-task-views/artifacts/payloads/27100_0_aligned_plane_6_shared_identity.bin
development,27100,0,aligned_plane,7,oft_independent,0.009563306346535683,2.1220526491561031e-07,3413,0.06371503398986533,2.5617991923354566e-05,220,5d0387eb1abef28b24e20a612de92903e847387a2a16340a307adba25f5390be,experiments/mirror_applications/ma-271-oft-mirror-task-views/artifacts/payloads/27100_0_aligned_plane_7_oft_independent.bin
development,27100,0,aligned_plane,7,oft_oracle_upper,5.185578402233659e-07,3.344560468576674e-07,3414,0.0,2.3114000214263797e-05,0,0c0555dcfc6cd5fd6d6f0748ca8ae30a66b459907da61f64eed887746fb225d2,experiments/mirror_applications/ma-271-oft-mirror-task-views/artifacts/payloads/27100_0_aligned_plane_7_oft_oracle_upper.bin
development,27100,0,aligned_plane,7,mirror_angle,0.0,6.005874553238755e-08,3156,0.01918145800300408,0.00011516099038999528,0,349fced8e17cd54459aedcd64ebbe9564138af2ffc11b50529c390160dea24b9,experiments/mirror_applications/ma-271-oft-mirror-task-views/artifacts/payloads/27100_0_aligned_plane_7_mirror_angle.bin
development,27100,0,aligned_plane,7,generic_plane_scalar,0.0,6.005874553238755e-08,3164,0.01918145800300408,2.0610998035408556e-05,0,4217c930b263377956b481af3b427d0f3d91dfa98dd37ee8561364a3bb4aa1b7,experiments/mirror_applications/ma-271-oft-mirror-task-views/artifacts/payloads/27100_0_aligned_plane_7_generic_plane_scalar.bin
development,27100,0,aligned_plane,7,shared_identity,0.2992483973503113,0.0,3413,0.0,2.099100674968213e-05,0,75cd84fad672b3c1f965a99c4b734d445e2a18225dcea204ac3c51d9c9a48e90,experiments/mirror_applications/ma-271-oft-mirror-task-views/artifacts/payloads/27100_0_aligned_plane_7_shared_identity.bin
development,27100,0,independent_orthogonal,0,oft_independent,0.2418210506439209,2.3840351559556439e-07,3413,0.06199576900689863,2.0760999177582562e-05,220,d7ee0d1b30aca00835783fa061f3972bf51836362e787cb4a8fe62ce512f64e9,experiments/mirror_applications/ma-271-oft-mirror-task-views/artifacts/payloads/27100_0_independent_orthogonal_0_oft_independent.bin
development,27100,0,independent_orthogonal,0,oft_oracle_upper,4.92344611302542e-07,2.681764783574181e-07,3414,0.0,1.9298997358419e-05,0,8177f531e00f3cdf0b5c0d0964001f54942f22ee648e427c8163b9ec5f7a33a6,experiments/mirror_applications/ma-271-oft-mirror-task-views/artifacts/payloads/27100_0_independent_orthogonal_0_oft_oracle_upper.bin
development,27100,0,independent_orthogonal,0,shared_identity,1.467718482017517,0.0,3413,0.0,2.2643012925982475e-05,0,75cd84fad672b3c1f965a99c4b734d445e2a18225dcea204ac3c51d9c9a48e90,experiments/mirror_applications/ma-271-oft-mirror-task-views/artifacts/payloads/27100_0_independent_orthogonal_0_shared_identity.bin
development,27100,0,independent_orthogonal,1,oft_independent,0.24462378025054932,2.410112358575134e-07,3413,0.06330908399831969,2.6388996047899127e-05,220,f4f1bc6cd8329b587839545e73a2651d8cc1c66e57ff35cb99fbcdf88487274c,experiments/mirror_applications/ma-271-oft-mirror-task-views/artifacts/payloads/27100_0_independent_orthogonal_1_oft_independent.bin
development,27100,0,independent_orthogonal,1,oft_oracle_upper,4.0592786376691947e-07,2.9861655548302224e-07,3414,0.0,2.0109990146011114e-05,0,eb95e2688a939e5082cfcd7c72f1f99632051e9503b5dc9cd2297db987b61de6,experiments/mirror_applications/ma-271-oft-mirror-task-views/artifacts/payloads/27100_0_independent_orthogonal_1_oft_oracle_upper.bin
development,27100,0,independent_orthogonal,1,shared_identity,1.501491904258728,0.0,3413,0.0,2.1861997083760798e-05,0,75cd84fad672b3c1f965a99c4b734d445e2a18225dcea204ac3c51d9c9a48e90,experiments/mirror_applications/ma-271-oft-mirror-task-views/artifacts/payloads/27100_0_independent_orthogonal_1_shared_identity.bin
development,27100,0,independent_orthogonal,2,oft_independent,0.30330273509025574,2.3248038871770405e-07,3413,0.06782605299667921,2.2823995095677674e-05,220,9172ac8456bbedcaef6af32e567f2936c2f4416f2b0702631b4a0b16f860effa,experiments/mirror_applications/ma-271-oft-mirror-task-views/artifacts/payloads/27100_0_independent_orthogonal_2_oft_independent.bin
development,27100,0,independent_orthogonal,2,oft_oracle_upper,5.507375817614957e-07,4.120108485494711e-07,3414,0.0,2.3293992853723466e-05,0,020bcbb6884b7d8be92cb57494ad65153cd4d066fb6601ee8b55139e383f22f8,experiments/mirror_applications/ma-271-oft-mirror-task-views/artifacts/payloads/27100_0_independent_orthogonal_2_oft_oracle_upper.bin
development,27100,0,independent_orthogonal,2,shared_identity,1.6068742275238037,0.0,3413,0.0,2.1061001461930573e-05,0,75cd84fad672b3c1f965a99c4b734d445e2a18225dcea204ac3c51d9c9a48e90,experiments/mirror_applications/ma-271-oft-mirror-task-views/artifacts/payloads/27100_0_independent_orthogonal_2_shared_identity.bin
development,27100,0,independent_orthogonal,3,oft_independent,0.011528792791068554,2.252763096066701e-07,3413,0.06477065799117554,2.241299080196768e-05,220,b50cac9372c4c446afaa60eb727805c710cde170992d0c93e17ea9dadd671108,experiments/mirror_applications/ma-271-oft-mirror-task-views/artifacts/payloads/27100_0_independent_orthogonal_3_oft_independent.bin
development,27100,0,independent_orthogonal,3,oft_oracle_upper,3.072959486871696e-07,2.561391454491968e-07,3414,0.0,1.4750999980606139e-05,0,7c542f6e535c997bc8c3c016c1261753c4ba2c7914b9667639ba4f8b68e52a87,experiments/mirror_applications/ma-271-oft-mirror-task-views/artifacts/payloads/27100_0_independent_orthogonal_3_oft_oracle_upper.bin
development,27100,0,independent_orthogonal,3,shared_identity,1.1927520036697388,0.0,3413,0.0,2.0439998479560018e-05,0,75cd84fad672b3c1f965a99c4b734d445e2a18225dcea204ac3c51d9c9a48e90,experiments/mirror_applications/ma-271-oft-mirror-task-views/artifacts/payloads/27100_0_independent_orthogonal_3_shared_identity.bin
development,27100,0,independent_orthogonal,4,oft_independent,0.24126110970973969,2.59292789905885e-07,3413,0.06709168499219231,4.322399036027491e-05,220,994c13c068d2014c989f25e76d2d48357e4afe7d77d31bcad821e3eeb881a2d2,experiments/mirror_applications/ma-271-oft-mirror-task-views/artifacts/payloads/27100_0_independent_orthogonal_4_oft_independent.bin
development,27100,0,independent_orthogonal,4,oft_oracle_upper,4.317147670462873e-07,2.857342167317256e-07,3414,0.0,7.523100066464394e-05,0,a8156cfa1dc1a610815be81852459964b7d156a3cf60c4a0fc9b90046e9c91ef,experiments/mirror_applications/ma-271-oft-mirror-task-views/artifacts/payloads/27100_0_independent_orthogonal_4_oft_oracle_upper.bin
development,27100,0,independent_orthogonal,4,shared_identity,1.2663275003433228,0.0,3413,0.0,2.4426000891253352e-05,0,75cd84fad672b3c1f965a99c4b734d445e2a18225dcea204ac3c51d9c9a48e90,experiments/mirror_applications/ma-271-oft-mirror-task-views/artifacts/payloads/27100_0_independent_orthogonal_4_shared_identity.bin
development,27100,0,independent_orthogonal,5,oft_independent,0.2914029359817505,3.072017307204078e-07,3413,0.06582910699944478,2.279400359839201e-05,220,40926925b6a536393e219b6f05e0ed7248129c933709d96d67f133098570a130,experiments/mirror_applications/ma-271-oft-mirror-task-views/artifacts/payloads/27100_0_independent_orthogonal_5_oft_independent.bin
development,27100,0,independent_orthogonal,5,oft_oracle_upper,4.64432361013678e-07,3.3544981192790146e-07,3414,0.0,1.4710996765643358e-05,0,0ad94da7d820e947d484336e692d9435ee25c2c818f1c2f6c13567e5fd8dcf3d,experiments/mirror_applications/ma-271-oft-mirror-task-views/artifacts/payloads/27100_0_independent_orthogonal_5_oft_oracle_upper.bin
development,27100,0,independent_orthogonal,5,shared_identity,1.5154063701629639,0.0,3413,0.0,7.296800322365016e-05,0,75cd84fad672b3c1f965a99c4b734d445e2a18225dcea204ac3c51d9c9a48e90,experiments/mirror_applications/ma-271-oft-mirror-task-views/artifacts/payloads/27100_0_independent_orthogonal_5_shared_identity.bin
development,27100,0,independent_orthogonal,6,oft_independent,0.2777303159236908,2.5866023634080193e-07,3413,0.06271265099348966,2.181199670303613e-05,220,87907c8d0c5938545044e91b8c368e7f42c70b56e7dce8bdbce93438589d2ec2,experiments/mirror_applications/ma-271-oft-mirror-task-views/artifacts/payloads/27100_0_independent_orthogonal_6_oft_independent.bin
development,27100,0,independent_orthogonal,6,oft_oracle_upper,4.282045722447947e-07,3.0129112360555155e-07,3414,0.0,2.4797001970000565e-05,0,796b94dea8fd59be4dec605c5cd6e9e643bbde62901f8f6bd8623f28d837e92a,experiments/mirror_applications/ma-271-oft-mirror-task-views/artifacts/payloads/27100_0_independent_orthogonal_6_oft_oracle_upper.bin
development,27100,0,independent_orthogonal,6,shared_identity,1.4395462274551392,0.0,3413,0.0,2.038100501522422e-05,0,75cd84fad672b3c1f965a99c4b734d445e2a18225dcea204ac3c51d9c9a48e90,experiments/mirror_applications/ma-271-oft-mirror-task-views/artifacts/payloads/27100_0_independent_orthogonal_6_shared_identity.bin
development,27100,0,independent_orthogonal,7,oft_independent,0.25352850556373596,2.2916614739187935e-07,3413,0.06700335501227528,2.417599898763001e-05,220,4883b12e34212af8f8c9bd8d307509850800da5483e0117881a506f512f8906a,experiments/mirror_applications/ma-271-oft-mirror-task-views/artifacts/payloads/27100_0_independent_orthogonal_7_oft_independent.bin
development,27100,0,independent_orthogonal,7,oft_oracle_upper,3.7727974699919287e-07,2.6666887720239174e-07,3414,0.0,2.0090010366402566e-05,0,48d6bb32412ad28f5f344b43b508467394a945a80d79617831ffda8ee3c1303c,experiments/mirror_applications/ma-271-oft-mirror-task-views/artifacts/payloads/27100_0_independent_orthogonal_7_oft_oracle_upper.bin
development,27100,0,independent_orthogonal,7,shared_identity,1.2052403688430786,0.0,3413,0.0,2.5456989533267915e-05,0,75cd84fad672b3c1f965a99c4b734d445e2a18225dcea204ac3c51d9c9a48e90,experiments/mirror_applications/ma-271-oft-mirror-task-views/artifacts/payloads/27100_0_independent_orthogonal_7_shared_identity.bin
development,27100,1,aligned_plane,0,oft_independent,3.819774974544998e-06,2.9101150289534417e-07,3413,0.06362181699660141,2.310400304850191e-05,220,032ecd535a5eb159fad5f94689821cfc3c97ed15d4133607a740b558cc12c60a,experiments/mirror_applications/ma-271-oft-mirror-task-views/artifacts/payloads/27100_1_aligned_plane_0_oft_independent.bin
development,27100,1,aligned_plane,0,oft_oracle_upper,3.4566792805890145e-07,4.2570133018671186e-07,3414,0.0,2.1200990886427462e-05,0,01a21c703246a4016c8f003571d9d7ab6e1b88e6c8a57b242f1b47072d7e2425,experiments/mirror_applications/ma-271-oft-mirror-task-views/artifacts/payloads/27100_1_aligned_plane_0_oft_oracle_upper.bin
development,27100,1,aligned_plane,0,mirror_angle,0.0,1.775047593355339e-07,3156,0.019641229999251664,2.3896005586721003e-05,0,f095fcc1c0748c97906cc82367267726b452eac252892ad60d65bbce191c2fea,experiments/mirror_applications/ma-271-oft-mirror-task-views/artifacts/payloads/27100_1_aligned_plane_0_mirror_angle.bin
development,27100,1,aligned_plane,0,generic_plane_scalar,0.0,1.775047593355339e-07,3164,0.019641229999251664,1.9888990209437907e-05,0,d4c6c9411d00f03652b8f55d88397309dd7efe10480ec935bd3b1f69aa211f20,experiments/mirror_applications/ma-271-oft-mirror-task-views/artifacts/payloads/27100_1_aligned_plane_0_generic_plane_scalar.bin
development,27100,1,aligned_plane,0,shared_identity,0.48924317955970764,0.0,3413,0.0,2.3804997908882797e-05,0,ca01445a977d67312fc4e258273c954c2365794811f29d0af270b119b5f28604,experiments/mirror_applications/ma-271-oft-mirror-task-views/artifacts/payloads/27100_1_aligned_plane_0_shared_identity.bin
development,27100,1,aligned_plane,1,oft_independent,2.4489813768013846e-06,2.905524354446243e-07,3413,0.06567641001311131,2.4155000573955476e-05,220,deca0d50a2f7f6c4bcf5ded7dbe4457a8e59b46a812d0923ab5e8590e149831c,experiments/mirror_applications/ma-271-oft-mirror-task-views/artifacts/payloads/27100_1_aligned_plane_1_oft_independent.bin
development,27100,1,aligned_plane,1,oft_oracle_upper,2.6361647087469464e-07,3.958331546982663e-07,3414,0.0,2.24430114030838e-05,0,6f1052b7b005438cbf3625651f9660df2e8ce8130f062cebdd7b2271ca32bfb7,experiments/mirror_applications/ma-271-oft-mirror-task-views/artifacts/payloads/27100_1_aligned_plane_1_oft_oracle_upper.bin
development,27100,1,aligned_plane,1,mirror_angle,0.0,1.8528392331518262e-07,3156,0.017949804998352192,2.103099541272968e-05,0,59048a5b14d8d8990a0d248e417a764040be63f6d39d200e7a27f6dde1bdb265,experiments/mirror_applications/ma-271-oft-mirror-task-views/artifacts/payloads/27100_1_aligned_plane_1_mirror_angle.bin
development,27100,1,aligned_plane,1,generic_plane_scalar,0.0,1.8528392331518262e-07,3164,0.017949804998352192,1.9920000340789557e-05,0,b2678c0f1fb886f7cf449af3e6412c744a382b5aa941152f90514843b5b5b972,experiments/mirror_applications/ma-271-oft-mirror-task-views/artifacts/payloads/27100_1_aligned_plane_1_generic_plane_scalar.bin
development,27100,1,aligned_plane,1,shared_identity,0.35250189900398254,0.0,3413,0.0,1.9768995116464794e-05,0,ca01445a977d67312fc4e258273c954c2365794811f29d0af270b119b5f28604,experiments/mirror_applications/ma-271-oft-mirror-task-views/artifacts/payloads/27100_1_aligned_plane_1_shared_identity.bin
development,27100,1,aligned_plane,2,oft_independent,2.4013111215026584e-06,3.0786475235800026e-07,3413,0.06386367499362677,2.4927008780650795e-05,220,f803527483317f475bf524b58a9f8aa5d05a4ca57d94dbebebdca39b1a4d1f7d,experiments/mirror_applications/ma-271-oft-mirror-task-views/artifacts/payloads/27100_1_aligned_plane_2_oft_independent.bin
development,27100,1,aligned_plane,2,oft_oracle_upper,2.819674023157859e-07,2.807159944495652e-07,3414,0.0,1.8478007405065e-05,0,3bff3305805cc54aa80616a8a22d0cc8d3c8bf4e0e46a143d4c806537750b1a7,experiments/mirror_applications/ma-271-oft-mirror-task-views/artifacts/payloads/27100_1_aligned_plane_2_oft_oracle_upper.bin
development,27100,1,aligned_plane,2,mirror_angle,3.5772298900837995e-08,1.4837283401902823e-07,3156,0.01967517999582924,2.1701998775824904e-05,0,b475647f17f25cb26d669e8349d0f3726e45b9f26aa10628c647b209081a12ad,experiments/mirror_applications/ma-271-oft-mirror-task-views/artifacts/payloads/27100_1_aligned_plane_2_mirror_angle.bin
development,27100,1,aligned_plane,2,generic_plane_scalar,3.5772298900837995e-08,1.4837283401902823e-07,3164,0.01967517999582924,2.1601998014375567e-05,0,fb1242710614fee26a2cd2eeda7fbe63c6e76f2f40c1079006f5feb4967602eb,experiments/mirror_applications/ma-271-oft-mirror-task-views/artifacts/payloads/27100_1_aligned_plane_2_generic_plane_scalar.bin
development,27100,1,aligned_plane,2,shared_identity,0.21272341907024384,0.0,3413,0.0,1.9758997950702906e-05,0,ca01445a977d67312fc4e258273c954c2365794811f29d0af270b119b5f28604,experiments/mirror_applications/ma-271-oft-mirror-task-views/artifacts/payloads/27100_1_aligned_plane_2_shared_identity.bin
development,27100,1,aligned_plane,3,oft_independent,1.9852818695653696e-06,2.8898921300424263e-07,3413,0.0642858810024336,4.4876011088490486e-05,220,1c16f0aa41103a42ab70c0d18bd7c9d5cfa14497552e1c6600b7db2ea60a8161,experiments/mirror_applications/ma-271-oft-mirror-task-views/artifacts/payloads/27100_1_aligned_plane_3_oft_independent.bin
development,27100,1,aligned_plane,3,oft_oracle_upper,5.255771498013928e-07,3.3907159036061785e-07,3414,0.0,1.917799818329513e-05,0,a9ef416fe44f6634de29d1a6d1fbf2555f207c7a806b4cea401623950157d13c,experiments/mirror_applications/ma-271-oft-mirror-task-views/artifacts/payloads/27100_1_aligned_plane_3_oft_oracle_upper.bin
development,27100,1,aligned_plane,3,mirror_angle,0.0,1.5825803245661518e-07,3156,0.021024769012001343,2.112099900841713e-05,0,eac1bdfd2d0d1ca08b2139f899653a87e60e10d997747215f98fe77cc7fc33c9,experiments/mirror_applications/ma-271-oft-mirror-task-views/artifacts/payloads/27100_1_aligned_plane_3_mirror_angle.bin
development,27100,1,aligned_plane,3,generic_plane_scalar,0.0,1.5825803245661518e-07,3164,0.021024769012001343,2.0410006982274354e-05,0,012d69779fce8c0ab6c848c0a81f979123ac69b106cf3fe4330c4c449b0e590c,experiments/mirror_applications/ma-271-oft-mirror-task-views/artifacts/payloads/27100_1_aligned_plane_3_generic_plane_scalar.bin
development,27100,1,aligned_plane,3,shared_identity,0.07111205905675888,0.0,3413,0.0,2.1131010726094246e-05,0,ca01445a977d67312fc4e258273c954c2365794811f29d0af270b119b5f28604,experiments/mirror_applications/ma-271-oft-mirror-task-views/artifacts/payloads/27100_1_aligned_plane_3_shared_identity.bin
development,27100,1,aligned_plane,4,oft_independent,3.5203643165004905e-06,2.8471353630266094e-07,3413,0.06465138201019727,2.2844003979116678e-05,220,d14b89e5274765cd7dea78cf786088b0fdf101b9aac6ee0f81a011583eb4b634,experiments/mirror_applications/ma-271-oft-mirror-task-views/artifacts/payloads/27100_1_aligned_plane_4_oft_independent.bin
development,27100,1,aligned_plane,4,oft_oracle_upper,3.7026768495707074e-07,3.086551885189692e-07,3414,0.0,2.1390995243564248e-05,0,330122ba76130491a98311200aaa132a9b6d624932ab8f045d9d2275c2280078,experiments/mirror_applications/ma-271-oft-mirror-task-views/artifacts/payloads/27100_1_aligned_plane_4_oft_oracle_upper.bin
development,27100,1,aligned_plane,4,mirror_angle,0.0,1.6188775475711736e-07,3156,0.018790568996337242,2.2872991394251585e-05,0,581deaf1af8f0131b7d1ac53576c50ef17dc65d3d454ee9a5d1b9b5c6cf333d8,experiments/mirror_applications/ma-271-oft-mirror-task-views/artifacts/payloads/27100_1_aligned_plane_4_mirror_angle.bin
development,27100,1,aligned_plane,4,generic_plane_scalar,0.0,1.6188775475711736e-07,3164,0.018790568996337242,2.0920997485518456e-05,0,02a76c480cfe09d608eb16d7895cd7d45be8ee313c3777ff42beacb2d0cfc281,experiments/mirror_applications/ma-271-oft-mirror-task-views/artifacts/payloads/27100_1_aligned_plane_4_generic_plane_scalar.bin
development,27100,1,aligned_plane,4,shared_identity,0.07111204415559769,0.0,3413,0.0,2.0680992747657e-05,0,ca01445a977d67312fc4e258273c954c2365794811f29d0af270b119b5f28604,experiments/mirror_applications/ma-271-oft-mirror-task-views/artifacts/payloads/27100_1_aligned_plane_4_shared_identity.bin
development,27100,1,aligned_plane,5,oft_independent,3.9182450564112514e-06,2.952579620796314e-07,3413,0.06268648100376595,2.1903004380874336e-05,220,9de5f9369d8128827cbe3f2224fa7f89a4c21b5f0756c12b47187acdbf82f626,experiments/mirror_applications/ma-271-oft-mirror-task-views/artifacts/payloads/27100_1_aligned_plane_5_oft_independent.bin
development,27100,1,aligned_plane,5,oft_oracle_upper,3.313253387204895e-07,3.3306326940873987e-07,3414,0.0,1.9108003471046686e-05,0,c0b7e9990945afb892f5da28b7b041bba8ce564b489e62c951ebc1f281a831ea,experiments/mirror_applications/ma-271-oft-mirror-task-views/artifacts/payloads/27100_1_aligned_plane_5_oft_oracle_upper.bin
development,27100,1,aligned_plane,5,mirror_angle,0.0,1.3051516134510166e-07,3156,0.018558545998530462,2.2052001440897584e-05,0,d2c36ee3da064b18244be4fd64458df475748736e7b139eb1a77c11a770b1517,experiments/mirror_applications/ma-271-oft-mirror-task-views/artifacts/payloads/27100_1_aligned_plane_5_mirror_angle.bin
development,27100,1,aligned_plane,5,generic_plane_scalar,0.0,1.3051516134510166e-07,3164,0.018558545998530462,2.0139996195212007e-05,0,573c39883fc0ab9830d9232db4805b459b57834dc9e7785eb444068e3c1ebfc1,experiments/mirror_applications/ma-271-oft-mirror-task-views/artifacts/payloads/27100_1_aligned_plane_5_generic_plane_scalar.bin
development,27100,1,aligned_plane,5,shared_identity,0.21272343397140503,0.0,3413,0.0,1.9678991520777345e-05,0,ca01445a977d67312fc4e258273c954c2365794811f29d0af270b119b5f28604,experiments/mirror_applications/ma-271-oft-mirror-task-views/artifacts/payloads/27100_1_aligned_plane_5_shared_identity.bin
development,27100,1,aligned_plane,6,oft_independent,3.092869292231626e-06,2.577784812274331e-07,3413,0.06798029299534392,2.2913998691365123e-05,220,56912279a5d3873b62acef7361dd2db68647f2a137ca24c8bf3434436f4e7c64,experiments/mirror_applications/ma-271-oft-mirror-task-views/artifacts/payloads/27100_1_aligned_plane_6_oft_independent.bin
development,27100,1,aligned_plane,6,oft_oracle_upper,2.2992389858700335e-07,2.7771710620072554e-07,3414,0.0,2.3294007405638695e-05,0,f4b40ade0727e01eccf21dd22e3a7bc21301d9ea47d9eae04f929fed150da02d,experiments/mirror_applications/ma-271-oft-mirror-task-views/artifacts/payloads/27100_1_aligned_plane_6_oft_oracle_upper.bin
development,27100,1,aligned_plane,6,mirror_angle,0.0,1.7975918353840825e-07,3156,0.01839762699091807,2.15519976336509e-05,0,76075b54008a7025b09c0cb9eb88167a90f3f140feea8e8a964c6b60e72e0b7e,experiments/mirror_applications/ma-271-oft-mirror-task-views/artifacts/payloads/27100_1_aligned_plane_6_mirror_angle.bin
development,27100,1,aligned_plane,6,generic_plane_scalar,0.0,1.7975918353840825e-07,3164,0.01839762699091807,2.2954001906327903e-05,0,c4b18db40c9ff5334bf6f44ecfe792dfd020ff8f4cdd23aa22efb0664e68ea44,experiments/mirror_applications/ma-271-oft-mirror-task-views/artifacts/payloads/27100_1_aligned_plane_6_generic_plane_scalar.bin
development,27100,1,aligned_plane,6,shared_identity,0.3525020182132721,0.0,3413,0.0,2.0701001631096005e-05,0,ca01445a977d67312fc4e258273c954c2365794811f29d0af270b119b5f28604,experiments/mirror_applications/ma-271-oft-mirror-task-views/artifacts/payloads/27100_1_aligned_plane_6_shared_identity.bin
development,27100,1,aligned_plane,7,oft_independent,4.472155069379369e-06,2.8729931500492967e-07,3413,0.06530659200507216,2.517699613235891e-05,220,8b0c88f98ce864a1837ae0f1122b44644c383f8b957f25e51de3983cf1b049c0,experiments/mirror_applications/ma-271-oft-mirror-task-views/artifacts/payloads/27100_1_aligned_plane_7_oft_independent.bin
development,27100,1,aligned_plane,7,oft_oracle_upper,3.331568620978942e-07,3.0310278020806436e-07,3414,0.0,2.3155007511377335e-05,0,96aad03a6e7c405fe200e75bad69dc2096f55e27cedcd177ae8351960d90a228,experiments/mirror_applications/ma-271-oft-mirror-task-views/artifacts/payloads/27100_1_aligned_plane_7_oft_oracle_upper.bin
development,27100,1,aligned_plane,7,mirror_angle,0.0,1.3639869678172545e-07,3156,0.018507501008571126,1.8136008293367922e-05,0,7a1b416bc954d64203cffdacbb93272c09fb80c953abc406682900594d3c66cd,experiments/mirror_applications/ma-271-oft-mirror-task-views/artifacts/payloads/27100_1_aligned_plane_7_mirror_angle.bin
development,27100,1,aligned_plane,7,generic_plane_scalar,0.0,1.3639869678172545e-07,3164,0.018507501008571126,1.5892990631982684e-05,0,877e0fedda5fc89eecd5817d75fae555902aeb589cf10c6305e9a27aa943602f,experiments/mirror_applications/ma-271-oft-mirror-task-views/artifacts/payloads/27100_1_aligned_plane_7_generic_plane_scalar.bin
development,27100,1,aligned_plane,7,shared_identity,0.48924311995506287,0.0,3413,0.0,2.2392996470443904e-05,0,ca01445a977d67312fc4e258273c954c2365794811f29d0af270b119b5f28604,experiments/mirror_applications/ma-271-oft-mirror-task-views/artifacts/payloads/27100_1_aligned_plane_7_shared_identity.bin
development,27100,1,independent_orthogonal,0,oft_independent,0.14637444913387299,3.1171910563898564e-07,3413,0.06539932900341228,2.2162988898344338e-05,220,4f9ed93eaf825401e7abba463203d6ce510a34c3440b8a53551a3134fcd8502d,experiments/mirror_applications/ma-271-oft-mirror-task-views/artifacts/payloads/27100_1_independent_orthogonal_0_oft_independent.bin
development,27100,1,independent_orthogonal,0,oft_oracle_upper,4.178107246843865e-07,3.2864193144632736e-07,3414,0.0,1.9379003788344562e-05,0,7d78373d151e4a7ee604ad29fa537481a9766a4eb10c11a35f4d7b600b39465f,experiments/mirror_applications/ma-271-oft-mirror-task-views/artifacts/payloads/27100_1_independent_orthogonal_0_oft_oracle_upper.bin
development,27100,1,independent_orthogonal,0,shared_identity,1.3916972875595093,0.0,3413,0.0,2.6798996259458363e-05,0,ca01445a977d67312fc4e258273c954c2365794811f29d0af270b119b5f28604,experiments/mirror_applications/ma-271-oft-mirror-task-views/artifacts/payloads/27100_1_independent_orthogonal_0_shared_identity.bin
development,27100,1,independent_orthogonal,1,oft_independent,0.2114792764186859,2.971637229620683e-07,3413,0.06366844600415789,2.3203989258036017e-05,220,8d2edf7c151c33b67398185dbe3079fe8ae88f3d360bc534501a929cb7e543c6,experiments/mirror_applications/ma-271-oft-mirror-task-views/artifacts/payloads/27100_1_independent_orthogonal_1_oft_independent.bin
development,27100,1,independent_orthogonal,1,oft_oracle_upper,3.627756655077974e-07,3.378360133865499e-07,3414,0.0,1.8708000425249338e-05,0,206e8ede34bcd0e42826c497c74d5837d65717ec88c178f2175b3dd9f912596f,experiments/mirror_applications/ma-271-oft-mirror-task-views/artifacts/payloads/27100_1_independent_orthogonal_1_oft_oracle_upper.bin
development,27100,1,independent_orthogonal,1,shared_identity,1.4604254961013794,0.0,3413,0.0,2.024999412242323e-05,0,ca01445a977d67312fc4e258273c954c2365794811f29d0af270b119b5f28604,experiments/mirror_applications/ma-271-oft-mirror-task-views/artifacts/payloads/27100_1_independent_orthogonal_1_shared_identity.bin
development,27100,1,independent_orthogonal,2,oft_independent,0.16823948919773102,3.1612023576599313e-07,3413,0.06231284799287096,2.2312990040518343e-05,220,58130305d12243344b5ff538bc3fa02f4d9ca99faf1152f9281286b8f73c41fb,experiments/mirror_applications/ma-271-oft-mirror-task-views/artifacts/payloads/27100_1_independent_orthogonal_2_oft_independent.bin
development,27100,1,independent_orthogonal,2,oft_oracle_upper,6.44800763893727e-07,4.7582622642039496e-07,3414,0.0,1.9229002646170557e-05,0,8bbf38598d28f950f0736025afb5c723136f2a74dd48b133fa7b8d463e01ed4d,experiments/mirror_applications/ma-271-oft-mirror-task-views/artifacts/payloads/27100_1_independent_orthogonal_2_oft_oracle_upper.bin
development,27100,1,independent_orthogonal,2,shared_identity,1.4308052062988281,0.0,3413,0.0,8.230200910475105e-05,0,ca01445a977d67312fc4e258273c954c2365794811f29d0af270b119b5f28604,experiments/mirror_applications/ma-271-oft-mirror-task-views/artifacts/payloads/27100_1_independent_orthogonal_2_shared_identity.bin
development,27100,1,independent_orthogonal,3,oft_independent,0.07874361425638199,3.1001806632957596e-07,3413,0.06877939999685623,0.00010450399713590741,220,d8b9467626f5396a7085be5687672d703ef53e2ba1600e313bfa495c65966a22,experiments/mirror_applications/ma-271-oft-mirror-task-views/artifacts/payloads/27100_1_independent_orthogonal_3_oft_independent.bin
development,27100,1,independent_orthogonal,3,oft_oracle_upper,5.30115812580334e-07,4.5303573870114633e-07,3414,0.0,6.608798867091537e-05,0,1dc4d5352c1b4a64c253236a4a5d291820a1011151b32c462eb8efb697cdcd71,experiments/mirror_applications/ma-271-oft-mirror-task-views/artifacts/payloads/27100_1_independent_orthogonal_3_oft_oracle_upper.bin
development,27100,1,independent_orthogonal,3,shared_identity,1.363101601600647,0.0,3413,0.0,6.067000504117459e-05,0,ca01445a977d67312fc4e258273c954c2365794811f29d0af270b119b5f28604,experiments/mirror_applications/ma-271-oft-mirror-task-views/artifacts/payloads/27100_1_independent_orthogonal_3_shared_identity.bin
development,27100,1,independent_orthogonal,4,oft_independent,0.17278717458248138,3.387230549378728e-07,3413,0.08095011299883481,1.9589002477005124e-05,220,df0a7d70ed973e2493d9d125ddad8f5924223ed835afc489e3d0af92afe880f9,experiments/mirror_applications/ma-271-oft-mirror-task-views/artifacts/payloads/27100_1_independent_orthogonal_4_oft_independent.bin
development,27100,1,independent_orthogonal,4,oft_oracle_upper,2.7878886044163664e-07,3.434917630329437e-07,3414,0.0,1.878799230325967e-05,0,faa640b92dbb991b24c2b2310342322e90594159a180448ead2f0a037b865d0b,experiments/mirror_applications/ma-271-oft-mirror-task-views/artifacts/payloads/27100_1_independent_orthogonal_4_oft_oracle_upper.bin
development,27100,1,independent_orthogonal,4,shared_identity,1.0811690092086792,0.0,3413,0.0,2.042000414803624e-05,0,ca01445a977d67312fc4e258273c954c2365794811f29d0af270b119b5f28604,experiments/mirror_applications/ma-271-oft-mirror-task-views/artifacts/payloads/27100_1_independent_orthogonal_4_shared_identity.bin
development,27100,1,independent_orthogonal,5,oft_independent,0.2038104385137558,3.002921289407823e-07,3413,0.07194010799867101,2.5959001504816115e-05,220,d2f21d13c58a924d7676417de77f3b5e6626b610c18abfef3659e41d3b5952ba,experiments/mirror_applications/ma-271-oft-mirror-task-views/artifacts/payloads/27100_1_independent_orthogonal_5_oft_independent.bin
development,27100,1,independent_orthogonal,5,oft_oracle_upper,4.5074008880874317e-07,4.886398983217077e-07,3414,0.0,2.5358007405884564e-05,0,0dbe5a0aabea13a0679428e2da1662df2fe62df2e7e5e4c9c69da2aed73b61c4,experiments/mirror_applications/ma-271-oft-mirror-task-views/artifacts/payloads/27100_1_independent_orthogonal_5_oft_oracle_upper.bin
development,27100,1,independent_orthogonal,5,shared_identity,1.2051399946212769,0.0,3413,0.0,2.0840991055592895e-05,0,ca01445a977d67312fc4e258273c954c2365794811f29d0af270b119b5f28604,experiments/mirror_applications/ma-271-oft-mirror-task-views/artifacts/payloads/27100_1_independent_orthogonal_5_shared_identity.bin
development,27100,1,independent_orthogonal,6,oft_independent,0.0061247278936207294,3.15305356934914e-07,3413,0.08204218999890145,2.242298796772957e-05,220,4862c62b19d7fa1956c75c57c832bb62374686c809419c136738f81533ac3889,experiments/mirror_applications/ma-271-oft-mirror-task-views/artifacts/payloads/27100_1_independent_orthogonal_6_oft_independent.bin
development,27100,1,independent_orthogonal,6,oft_oracle_upper,3.211482351161976e-07,3.4690739880716137e-07,3414,0.0,2.5788001948967576e-05,0,0587dd90f2b896cf862b0a3d6fff8da5cef56fd6da06c1383fdca06abafa53fe,experiments/mirror_applications/ma-271-oft-mirror-task-views/artifacts/payloads/27100_1_independent_orthogonal_6_oft_oracle_upper.bin
development,27100,1,independent_orthogonal,6,shared_identity,1.231732726097107,0.0,3413,0.0,2.108099579345435e-05,0,ca01445a977d67312fc4e258273c954c2365794811f29d0af270b119b5f28604,experiments/mirror_applications/ma-271-oft-mirror-task-views/artifacts/payloads/27100_1_independent_orthogonal_6_shared_identity.bin
development,27100,1,independent_orthogonal,7,oft_independent,0.1185918003320694,3.5947121546087146e-07,3413,0.08297098500770517,2.4255990865640342e-05,220,ce10ee10445b8be7c3bc533fe825684400fb76bf4ddb3cec40890ecffd6f9aba,experiments/mirror_applications/ma-271-oft-mirror-task-views/artifacts/payloads/27100_1_independent_orthogonal_7_oft_independent.bin
development,27100,1,independent_orthogonal,7,oft_oracle_upper,3.9789426864444977e-07,3.667619523639587e-07,3414,0.0,1.4210992958396673e-05,0,42897e8bbbd812701f9c132c3ccb2c1721dd7f160ff4f89a731364f4730ad348,experiments/mirror_applications/ma-271-oft-mirror-task-views/artifacts/payloads/27100_1_independent_orthogonal_7_oft_oracle_upper.bin
development,27100,1,independent_orthogonal,7,shared_identity,1.4529404640197754,0.0,3413,0.0,1.616400550119579e-05,0,ca01445a977d67312fc4e258273c954c2365794811f29d0af270b119b5f28604,experiments/mirror_applications/ma-271-oft-mirror-task-views/artifacts/payloads/27100_1_independent_orthogonal_7_shared_identity.bin
development,27100,2,aligned_plane,0,oft_independent,3.2144375836651307e-06,2.611397746932198e-07,3413,0.06776558898855001,2.2854001144878566e-05,220,0a766f0c55f5b4c63bcc09035c368767beb7e06fea183ba637ed7c40132147bb,experiments/mirror_applications/ma-271-oft-mirror-task-views/artifacts/payloads/27100_2_aligned_plane_0_oft_independent.bin
development,27100,2,aligned_plane,0,oft_oracle_upper,3.639165129243338e-07,2.7866536811416154e-07,3414,0.0,1.4271005056798458e-05,0,466d19a457d40410924ec0a06c1197f5bc4cceb6216285ac19685dfc3d320461,experiments/mirror_applications/ma-271-oft-mirror-task-views/artifacts/payloads/27100_2_aligned_plane_0_oft_oracle_upper.bin
development,27100,2,aligned_plane,0,mirror_angle,0.0,8.987247213099181e-08,3156,0.02121048400294967,1.6264006262645125e-05,0,a76d5ef10b9c27ca36514e986bdbe927a50238131e22ac648a15e67947ed376e,experiments/mirror_applications/ma-271-oft-mirror-task-views/artifacts/payloads/27100_2_aligned_plane_0_mirror_angle.bin
development,27100,2,aligned_plane,0,generic_plane_scalar,0.0,8.987247213099181e-08,3164,0.02121048400294967,1.767599314916879e-05,0,41b3ed1e635af683c33486825dc10a49f9c663711c8bd04aed53b339f2486d9e,experiments/mirror_applications/ma-271-oft-mirror-task-views/artifacts/payloads/27100_2_aligned_plane_0_generic_plane_scalar.bin
development,27100,2,aligned_plane,0,shared_identity,0.32220739126205444,0.0,3413,0.0,1.594399509485811e-05,0,f8cc3c7727f8ddc5eb43e8d3b01da9b4be82c9129dc61a8d7643bc7b6d2e9904,experiments/mirror_applications/ma-271-oft-mirror-task-views/artifacts/payloads/27100_2_aligned_plane_0_shared_identity.bin
development,27100,2,aligned_plane,1,oft_independent,2.8982396997889737e-06,2.3114746738883696e-07,3413,0.06472886500705499,1.818699820432812e-05,220,42804e7afdb9645f5c7d7f0fa12a9fa2a99382305f48f6968396a9a217e3b823,experiments/mirror_applications/ma-271-oft-mirror-task-views/artifacts/payloads/27100_2_aligned_plane_1_oft_independent.bin
development,27100,2,aligned_plane,1,oft_oracle_upper,4.0470342810294824e-07,3.8794826195953647e-07,3414,0.0,1.8507998902350664e-05,0,e0859349cff2487da45f1556ebd5a1fb70eca9318a6e34015945288b57a21181,experiments/mirror_applications/ma-271-oft-mirror-task-views/artifacts/payloads/27100_2_aligned_plane_1_oft_oracle_upper.bin
development,27100,2,aligned_plane,1,mirror_angle,0.0,1.1947925315780594e-07,3156,0.017843350011389703,1.3580996892414987e-05,0,458febf9dc9e3a8256f74e8d93f6583df8a3ccb8cebffa713fd5e10ee17367a5,experiments/mirror_applications/ma-271-oft-mirror-task-views/artifacts/payloads/27100_2_aligned_plane_1_mirror_angle.bin
development,27100,2,aligned_plane,1,generic_plane_scalar,0.0,1.1947925315780594e-07,3164,0.017843350011389703,1.2988995877094567e-05,0,1243ab99ba9648cf56acf24f560583f745b4be958cece45f328ad8dcf0527209,experiments/mirror_applications/ma-271-oft-mirror-task-views/artifacts/payloads/27100_2_aligned_plane_1_generic_plane_scalar.bin
development,27100,2,aligned_plane,1,shared_identity,0.23215188086032867,0.0,3413,0.0,1.620399416424334e-05,0,f8cc3c7727f8ddc5eb43e8d3b01da9b4be82c9129dc61a8d7643bc7b6d2e9904,experiments/mirror_applications/ma-271-oft-mirror-task-views/artifacts/payloads/27100_2_aligned_plane_1_shared_identity.bin
development,27100,2,aligned_plane,2,oft_independent,3.091832013524254e-06,2.464568638060882e-07,3413,0.06048252899199724,1.7897007637657225e-05,220,c78a351b1de5765b25bd68456491811e66232efac649edf3f4f31711ddd7d704,experiments/mirror_applications/ma-271-oft-mirror-task-views/artifacts/payloads/27100_2_aligned_plane_2_oft_independent.bin
development,27100,2,aligned_plane,2,oft_oracle_upper,4.2811478806470404e-07,3.1169778935691284e-07,3414,0.0,1.1947995517402887e-05,0,3e82b9ba03c81125e310e4c930a23b85e61f2490c024d571295a2ac327b66e1e,experiments/mirror_applications/ma-271-oft-mirror-task-views/artifacts/payloads/27100_2_aligned_plane_2_oft_oracle_upper.bin
development,27100,2,aligned_plane,2,mirror_angle,2.2413015443589757e-08,8.94265639317382e-08,3156,0.01756301500427071,1.740599691402167e-05,0,54a63b1161c0cdb5729c88f90bcc6688ff557837e2d79a0b5064eea8d7969553,experiments/mirror_applications/ma-271-oft-mirror-task-views/artifacts/payloads/27100_2_aligned_plane_2_mirror_angle.bin
development,27100,2,aligned_plane,2,generic_plane_scalar,2.2413015443589757e-08,8.94265639317382e-08,3164,0.01756301500427071,1.3851007679477334e-05,0,735450860a6e021b6fbbdbfa0acfde9f3f4c57cb427ad9fc32618b69be7d38f0,experiments/mirror_applications/ma-271-oft-mirror-task-views/artifacts/payloads/27100_2_aligned_plane_2_generic_plane_scalar.bin
development,27100,2,aligned_plane,2,shared_identity,0.14009606838226318,0.0,3413,0.0,1.3590004527941346e-05,0,f8cc3c7727f8ddc5eb43e8d3b01da9b4be82c9129dc61a8d7643bc7b6d2e9904,experiments/mirror_applications/ma-271-oft-mirror-task-views/artifacts/payloads/27100_2_aligned_plane_2_shared_identity.bin
development,27100,2,aligned_plane,3,oft_independent,3.1853462587605463e-06,2.4439088974759215e-07,3413,0.06537691300036386,1.8947990611195564e-05,220,9215a91afd2b70d052a3c61332d2998aeffedb84d3b4eb5a3b7cfe32bf8a1640,experiments/mirror_applications/ma-271-oft-mirror-task-views/artifacts/payloads/27100_2_aligned_plane_3_oft_independent.bin
development,27100,2,aligned_plane,3,oft_oracle_upper,3.5739697068493115e-07,2.806089014484314e-07,3414,0.0,1.1776995961554348e-05,0,fb7d1ed7f1982550b534c3bd6a268ae3a46eb5c2d4e4038ccfefb2b86d38a94e,experiments/mirror_applications/ma-271-oft-mirror-task-views/artifacts/payloads/27100_2_aligned_plane_3_oft_oracle_upper.bin
development,27100,2,aligned_plane,3,mirror_angle,0.0,1.1336792482552482e-07,3156,0.024547982990043238,1.357001019641757e-05,0,0e4f9ec716bba567afb071da953f33377658112b661075407bc6c6ab620affe9,experiments/mirror_applications/ma-271-oft-mirror-task-views/artifacts/payloads/27100_2_aligned_plane_3_mirror_angle.bin
development,27100,2,aligned_plane,3,generic_plane_scalar,0.0,1.1336792482552482e-07,3164,0.024547982990043238,2.309400588274002e-05,0,45555c93f4491a73cf2a3eabd218913dfd3713294a66c51fececa4f0d624d027,experiments/mirror_applications/ma-271-oft-mirror-task-views/artifacts/payloads/27100_2_aligned_plane_3_generic_plane_scalar.bin
development,27100,2,aligned_plane,3,shared_identity,0.04683320224285126,0.0,3413,0.0,1.3770011719316244e-05,0,f8cc3c7727f8ddc5eb43e8d3b01da9b4be82c9129dc61a8d7643bc7b6d2e9904,experiments/mirror_applications/ma-271-oft-mirror-task-views/artifacts/payloads/27100_2_aligned_plane_3_shared_identity.bin
development,27100,2,aligned_plane,4,oft_independent,2.8814026791224023e-06,2.2454401005234104e-07,3413,0.0625940749887377,1.8667997210286558e-05,220,a8fbb1282962f10f7783c07b9bfba916785fc31f51adab06775e93b473aa520a,experiments/mirror_applications/ma-271-oft-mirror-task-views/artifacts/payloads/27100_2_aligned_plane_4_oft_independent.bin
development,27100,2,aligned_plane,4,oft_oracle_upper,4.705730418663734e-07,3.727508612882957e-07,3414,0.0,1.4452001778408885e-05,0,885307d6aaba09c49f85a2711ae90b38ff4472fdfed0491fc0ea4012ff871539,experiments/mirror_applications/ma-271-oft-mirror-task-views/artifacts/payloads/27100_2_aligned_plane_4_oft_oracle_upper.bin
development,27100,2,aligned_plane,4,mirror_angle,0.0,1.0526393623422337e-07,3156,0.04095973299990874,1.3680008123628795e-05,0,57db82158bc5f2279e55adbe1eaf91b9a12a14def5c1c641b1ddb8c13f0c46d2,experiments/mirror_applications/ma-271-oft-mirror-task-views/artifacts/payloads/27100_2_aligned_plane_4_mirror_angle.bin
development,27100,2,aligned_plane,4,generic_plane_scalar,0.0,1.0526393623422337e-07,3164,0.04095973299990874,1.4150995411910117e-05,0,924a144fa01f0c0723d61f80d066a2eb04bdd900dd63fd4ea1ee382dd62042c9,experiments/mirror_applications/ma-271-oft-mirror-task-views/artifacts/payloads/27100_2_aligned_plane_4_generic_plane_scalar.bin
development,27100,2,aligned_plane,4,shared_identity,0.04683320224285126,0.0,3413,0.0,1.3259996194392443e-05,0,f8cc3c7727f8ddc5eb43e8d3b01da9b4be82c9129dc61a8d7643bc7b6d2e9904,experiments/mirror_applications/ma-271-oft-mirror-task-views/artifacts/payloads/27100_2_aligned_plane_4_shared_identity.bin
development,27100,2,aligned_plane,5,oft_independent,2.656401875356096e-06,2.360548307933641e-07,3413,0.06523701599508058,1.8687991541810334e-05,220,97fa3762170ab25fcabc4dba3e403220f575be6d9513926f97a62fdfc93db868,experiments/mirror_applications/ma-271-oft-mirror-task-views/artifacts/payloads/27100_2_aligned_plane_5_oft_independent.bin
development,27100,2,aligned_plane,5,oft_oracle_upper,4.7552015303153894e-07,3.642937258518941e-07,3414,0.0,1.580400567036122e-05,0,ce6557f9a132dd65769b8ed2304f54bf09bfeeedc71dbf20172d52308a0f5bcc,experiments/mirror_applications/ma-271-oft-mirror-task-views/artifacts/payloads/27100_2_aligned_plane_5_oft_oracle_upper.bin
development,27100,2,aligned_plane,5,mirror_angle,0.0,9.344770290908855e-08,3156,0.04016692099685315,1.8777005607262254e-05,0,79b3483afc9fe600cfe8ebdeaafbad56260828fc7c0ec36ab2f4fada612241aa,experiments/mirror_applications/ma-271-oft-mirror-task-views/artifacts/payloads/27100_2_aligned_plane_5_mirror_angle.bin
development,27100,2,aligned_plane,5,generic_plane_scalar,0.0,9.344770290908855e-08,3164,0.04016692099685315,1.4531993656419218e-05,0,0338f9638b7a6f68b94e5ba94d1cfe595bfd064512fa9af09285cee369796636,experiments/mirror_applications/ma-271-oft-mirror-task-views/artifacts/payloads/27100_2_aligned_plane_5_generic_plane_scalar.bin
development,27100,2,aligned_plane,5,shared_identity,0.14009606838226318,0.0,3413,0.0,1.4962002751417458e-05,0,f8cc3c7727f8ddc5eb43e8d3b01da9b4be82c9129dc61a8d7643bc7b6d2e9904,experiments/mirror_applications/ma-271-oft-mirror-task-views/artifacts/payloads/27100_2_aligned_plane_5_shared_identity.bin
development,27100,2,aligned_plane,6,oft_independent,2.3635720935999416e-06,2.4750087845859525e-07,3413,0.06851464700594079,2.2702995920553803e-05,220,8fd392f19fb25dce7c2593709ef240241d7572b30068dcebb6e815764d6e1022,experiments/mirror_applications/ma-271-oft-mirror-task-views/artifacts/payloads/27100_2_aligned_plane_6_oft_independent.bin
development,27100,2,aligned_plane,6,oft_oracle_upper,4.719682635823119e-07,4.366768848740321e-07,3414,0.0,2.347500412724912e-05,0,b46b68579eb4f2b1bb37b41e94d5f3e6a16a4ccf22207bced22b9fd9c55a1e6d,experiments/mirror_applications/ma-271-oft-mirror-task-views/artifacts/payloads/27100_2_aligned_plane_6_oft_oracle_upper.bin
development,27100,2,aligned_plane,6,mirror_angle,0.0,1.1333731464446828e-07,3156,0.04016291500010993,2.1170999389141798e-05,0,09bff30be09217e53ccc94baaef61684916f1d0d01c0c37b5e0bcdb6b0e1af60,experiments/mirror_applications/ma-271-oft-mirror-task-views/artifacts/payloads/27100_2_aligned_plane_6_mirror_angle.bin
development,27100,2,aligned_plane,6,generic_plane_scalar,0.0,1.1333731464446828e-07,3164,0.04016291500010993,2.2573003661818802e-05,0,1dcdad992b537c916567da9a169da56b74389eb678a27d8ca7231ad844543bd0,experiments/mirror_applications/ma-271-oft-mirror-task-views/artifacts/payloads/27100_2_aligned_plane_6_generic_plane_scalar.bin
development,27100,2,aligned_plane,6,shared_identity,0.23215186595916748,0.0,3413,0.0,2.340499486308545e-05,0,f8cc3c7727f8ddc5eb43e8d3b01da9b4be82c9129dc61a8d7643bc7b6d2e9904,experiments/mirror_applications/ma-271-oft-mirror-task-views/artifacts/payloads/27100_2_aligned_plane_6_shared_identity.bin
development,27100,2,aligned_plane,7,oft_independent,3.7208023968560155e-06,2.2097476914950676e-07,3413,0.06703913399542216,2.4916997062973678e-05,220,d4ac7f84ec9ea66efe89cd96d9cac4002dc333f4afdd085e51f866c58a78ff86,experiments/mirror_applications/ma-271-oft-mirror-task-views/artifacts/payloads/27100_2_aligned_plane_7_oft_independent.bin
development,27100,2,aligned_plane,7,oft_oracle_upper,3.8585943684665835e-07,2.932303004854475e-07,3414,0.0,1.9628991140052676e-05,0,e009c301c941e35294e8f052b823bb4d12941359bd89fccfe57665ca7906a497,experiments/mirror_applications/ma-271-oft-mirror-task-views/artifacts/payloads/27100_2_aligned_plane_7_oft_oracle_upper.bin
development,27100,2,aligned_plane,7,mirror_angle,0.0,8.962324926642395e-08,3156,0.036190033992170356,1.9939994672313333e-05,0,5c2e2ee454b6cd75993f86f513986ed07c05b10413191210bec3c8562683e7c7,experiments/mirror_applications/ma-271-oft-mirror-task-views/artifacts/payloads/27100_2_aligned_plane_7_mirror_angle.bin
development,27100,2,aligned_plane,7,generic_plane_scalar,0.0,8.962324926642395e-08,3164,0.036190033992170356,2.177199348807335e-05,0,dd3d10f41c20ecef7cb6be3fbc6df842e357459eaf6b468cfc008e01a36345d8,experiments/mirror_applications/ma-271-oft-mirror-task-views/artifacts/payloads/27100_2_aligned_plane_7_generic_plane_scalar.bin
development,27100,2,aligned_plane,7,shared_identity,0.32220736145973206,0.0,3413,0.0,2.2602995159104466e-05,0,f8cc3c7727f8ddc5eb43e8d3b01da9b4be82c9129dc61a8d7643bc7b6d2e9904,experiments/mirror_applications/ma-271-oft-mirror-task-views/artifacts/payloads/27100_2_aligned_plane_7_shared_identity.bin
development,27100,2,independent_orthogonal,0,oft_independent,0.18206624686717987,2.9604680662487226e-07,3413,0.06686514600005466,2.5408007786609232e-05,220,8b65e7195350f7d54bd6c25c44e91ec23a2161c1dd8fc845749826bb54c45321,experiments/mirror_applications/ma-271-oft-mirror-task-views/artifacts/payloads/27100_2_independent_orthogonal_0_oft_independent.bin
development,27100,2,independent_orthogonal,0,oft_oracle_upper,3.6455315921557485e-07,4.1172125975208473e-07,3414,0.0,4.978300421498716e-05,0,235dcac3570a74760ae6e8390a0144752ee4ccdb18433382e51c6abf9d3c4597,experiments/mirror_applications/ma-271-oft-mirror-task-views/artifacts/payloads/27100_2_independent_orthogonal_0_oft_oracle_upper.bin
development,27100,2,independent_orthogonal,0,shared_identity,1.3934251070022583,0.0,3413,0.0,1.9989995053038e-05,0,f8cc3c7727f8ddc5eb43e8d3b01da9b4be82c9129dc61a8d7643bc7b6d2e9904,experiments/mirror_applications/ma-271-oft-mirror-task-views/artifacts/payloads/27100_2_independent_orthogonal_0_shared_identity.bin
development,27100,2,independent_orthogonal,1,oft_independent,0.16564062237739563,2.724229943851242e-07,3413,0.06801345600979403,2.254299761261791e-05,220,c7c712cb1a9763525554dd3a8f1f1a30b91d8cc9a6e195f7db8db8cb11eaa369,experiments/mirror_applications/ma-271-oft-mirror-task-views/artifacts/payloads/27100_2_independent_orthogonal_1_oft_independent.bin
development,27100,2,independent_orthogonal,1,oft_oracle_upper,5.410826702245686e-07,3.5780948337560403e-07,3414,0.0,0.00010342399764340371,0,1fcc6babef4f64177eec60b32780afd78f90d505cbc9a1253fdeadcfed9342f3,experiments/mirror_applications/ma-271-oft-mirror-task-views/artifacts/payloads/27100_2_independent_orthogonal_1_oft_oracle_upper.bin
development,27100,2,independent_orthogonal,1,shared_identity,1.5804234743118286,0.0,3413,0.0,2.6798996259458363e-05,0,f8cc3c7727f8ddc5eb43e8d3b01da9b4be82c9129dc61a8d7643bc7b6d2e9904,experiments/mirror_applications/ma-271-oft-mirror-task-views/artifacts/payloads/27100_2_independent_orthogonal_1_shared_identity.bin
development,27100,2,independent_orthogonal,2,oft_independent,0.05804995819926262,2.7494448318066134e-07,3413,0.06613124000432435,2.3344997316598892e-05,220,0f0356182079bbb8229624f3699d9bec7ace31712a5162c0ac0a7a9ddb6e0af6,experiments/mirror_applications/ma-271-oft-mirror-task-views/artifacts/payloads/27100_2_independent_orthogonal_2_oft_independent.bin
development,27100,2,independent_orthogonal,2,oft_oracle_upper,4.885725388703577e-07,3.4735737131086353e-07,3414,0.0,2.529700577724725e-05,0,26d849a43c03c5991807bbc7487e9dc06d59d2d7dcd6bb2491506277c7ea57eb,experiments/mirror_applications/ma-271-oft-mirror-task-views/artifacts/payloads/27100_2_independent_orthogonal_2_oft_oracle_upper.bin
development,27100,2,independent_orthogonal,2,shared_identity,1.524872064590454,0.0,3413,0.0,2.1661995560862124e-05,0,f8cc3c7727f8ddc5eb43e8d3b01da9b4be82c9129dc61a8d7643bc7b6d2e9904,experiments/mirror_applications/ma-271-oft-mirror-task-views/artifacts/payloads/27100_2_independent_orthogonal_2_shared_identity.bin
development,27100,2,independent_orthogonal,3,oft_independent,0.17412015795707703,2.713806281917641e-07,3413,0.06949565900140442,3.904799814336002e-05,220,2feed07db0cea93077da6a052749875be767f2b9566626961b61a2be375b066a,experiments/mirror_applications/ma-271-oft-mirror-task-views/artifacts/payloads/27100_2_independent_orthogonal_3_oft_independent.bin
development,27100,2,independent_orthogonal,3,oft_oracle_upper,4.963733886143018e-07,3.2884980782910134e-07,3414,0.0,5.106499884277582e-05,0,9a0351216fe0abd497bfdd97b66646c10b172b82f2e37490f150c473ca6123e9,experiments/mirror_applications/ma-271-oft-mirror-task-views/artifacts/payloads/27100_2_independent_orthogonal_3_oft_oracle_upper.bin
development,27100,2,independent_orthogonal,3,shared_identity,1.3225046396255493,0.0,3413,0.0,2.8241003747098148e-05,0,f8cc3c7727f8ddc5eb43e8d3b01da9b4be82c9129dc61a8d7643bc7b6d2e9904,experiments/mirror_applications/ma-271-oft-mirror-task-views/artifacts/payloads/27100_2_independent_orthogonal_3_shared_identity.bin
development,27100,2,independent_orthogonal,4,oft_independent,0.06532582640647888,2.9095494369357766e-07,3413,0.078311338002095,2.3603992303833365e-05,220,9e2c265db598ef47a21202a7b6f098c7cd3a3ec5d7b7e575d3cc3a1a4b0b52a8,experiments/mirror_applications/ma-271-oft-mirror-task-views/artifacts/payloads/27100_2_independent_orthogonal_4_oft_independent.bin
development,27100,2,independent_orthogonal,4,oft_oracle_upper,4.807034201803617e-07,3.4568157047942805e-07,3414,0.0,2.3784989025443792e-05,0,d7362f9e645ea111c10e595cc184bede08402458d979063a2d885a275ba70ef7,experiments/mirror_applications/ma-271-oft-mirror-task-views/artifacts/payloads/27100_2_independent_orthogonal_4_oft_oracle_upper.bin
development,27100,2,independent_orthogonal,4,shared_identity,1.4242796897888184,0.0,3413,0.0,2.0511011825874448e-05,0,f8cc3c7727f8ddc5eb43e8d3b01da9b4be82c9129dc61a8d7643bc7b6d2e9904,experiments/mirror_applications/ma-271-oft-mirror-task-views/artifacts/payloads/27100_2_independent_orthogonal_4_shared_identity.bin
development,27100,2,independent_orthogonal,5,oft_independent,0.22239075601100922,2.4901405026866996e-07,3413,0.06758058599370997,2.6298992452211678e-05,220,a80f223b4969ce70901eeba67f6efb7352da6f50d23154036dcdaa82ac2e80a9,experiments/mirror_applications/ma-271-oft-mirror-task-views/artifacts/payloads/27100_2_independent_orthogonal_5_oft_independent.bin
development,27100,2,independent_orthogonal,5,oft_oracle_upper,5.232795956544578e-07,4.3478078737280157e-07,3414,0.0,1.9289000192657113e-05,0,68f33eca893b28ec244708ce9b7fb3a3ca99721718da7d0d83f1613c08dd7c9f,experiments/mirror_applications/ma-271-oft-mirror-task-views/artifacts/payloads/27100_2_independent_orthogonal_5_oft_oracle_upper.bin
development,27100,2,independent_orthogonal,5,shared_identity,1.5479437112808228,0.0,3413,0.0,2.1141997422091663e-05,0,f8cc3c7727f8ddc5eb43e8d3b01da9b4be82c9129dc61a8d7643bc7b6d2e9904,experiments/mirror_applications/ma-271-oft-mirror-task-views/artifacts/payloads/27100_2_independent_orthogonal_5_shared_identity.bin
development,27100,2,independent_orthogonal,6,oft_independent,0.23407335579395294,2.684570290512056e-07,3413,0.07048901099187788,2.3335000150837004e-05,220,42813ea2cc1cdcc47125a90c6a69718fe0cfa17ae60e7ad0812d11c8cf460446,experiments/mirror_applications/ma-271-oft-mirror-task-views/artifacts/payloads/27100_2_independent_orthogonal_6_oft_independent.bin
development,27100,2,independent_orthogonal,6,oft_oracle_upper,4.012190970570373e-07,2.758835648819513e-07,3414,0.0,1.6054007573984563e-05,0,e6f322899fc00000eda5e0fc82ec2644e8bab4c23ef77a6777c1e622f3389c92,experiments/mirror_applications/ma-271-oft-mirror-task-views/artifacts/payloads/27100_2_independent_orthogonal_6_oft_oracle_upper.bin
development,27100,2,independent_orthogonal,6,shared_identity,1.3168762922286987,0.0,3413,0.0,1.676499960012734e-05,0,f8cc3c7727f8ddc5eb43e8d3b01da9b4be82c9129dc61a8d7643bc7b6d2e9904,experiments/mirror_applications/ma-271-oft-mirror-task-views/artifacts/payloads/27100_2_independent_orthogonal_6_shared_identity.bin
development,27100,2,independent_orthogonal,7,oft_independent,0.02862332947552204,2.451095042488305e-07,3413,0.0648021829983918,3.4922006307169795e-05,220,5117521357d4267906fcff6e35552492dd41f7a7ff091f675a0159ca5b13685c,experiments/mirror_applications/ma-271-oft-mirror-task-views/artifacts/payloads/27100_2_independent_orthogonal_7_oft_independent.bin
development,27100,2,independent_orthogonal,7,oft_oracle_upper,4.539676865533693e-07,3.3091777140725753e-07,3414,0.0,1.864800287876278e-05,0,5ac83eb4593c20011a28469099db570f97e0c14e2ee29d358f2010104df2715c,experiments/mirror_applications/ma-271-oft-mirror-task-views/artifacts/payloads/27100_2_independent_orthogonal_7_oft_oracle_upper.bin
development,27100,2,independent_orthogonal,7,shared_identity,1.1279044151306152,0.0,3413,0.0,1.3380005839280784e-05,0,f8cc3c7727f8ddc5eb43e8d3b01da9b4be82c9129dc61a8d7643bc7b6d2e9904,experiments/mirror_applications/ma-271-oft-mirror-task-views/artifacts/payloads/27100_2_independent_orthogonal_7_shared_identity.bin
development,27101,0,aligned_plane,0,oft_independent,3.8820644476800226e-06,3.156386014779855e-07,3413,0.05984957198961638,2.1792002371512353e-05,220,eb7d0a5ad22bd7d2c388782f19a305d0b05bdc95ae95e5fac3b5530738194e16,experiments/mirror_applications/ma-271-oft-mirror-task-views/artifacts/payloads/27101_0_aligned_plane_0_oft_independent.bin
development,27101,0,aligned_plane,0,oft_oracle_upper,3.440455316194857e-07,3.9427646925105364e-07,3414,0.0,1.5201992937363684e-05,0,2550a2ed76c940b5b7542f7bfbf53d7042f45f0594c5e328af9b839fb8a7fb5a,experiments/mirror_applications/ma-271-oft-mirror-task-views/artifacts/payloads/27101_0_aligned_plane_0_oft_oracle_upper.bin
development,27101,0,aligned_plane,0,mirror_angle,0.0,8.14920610991976e-08,3156,0.037357547000283375,1.163700653705746e-05,0,1c2c9e44724cb5883f49ff5e495eaa82e7541710c43b743a72d9743a844ac9f0,experiments/mirror_applications/ma-271-oft-mirror-task-views/artifacts/payloads/27101_0_aligned_plane_0_mirror_angle.bin
development,27101,0,aligned_plane,0,generic_plane_scalar,0.0,8.14920610991976e-08,3164,0.037357547000283375,1.1056006769649684e-05,0,58fb1a015e32efb67a537e9f25c62ea4f04ce179efb3d97eda7cc3f6ecea0317,experiments/mirror_applications/ma-271-oft-mirror-task-views/artifacts/payloads/27101_0_aligned_plane_0_generic_plane_scalar.bin
development,27101,0,aligned_plane,0,shared_identity,0.2665891647338867,0.0,3413,0.0,1.1347001418471336e-05,0,64da9a597f4e5aad486a2ff8aaa5a3b823486170c1992d8098a0651d9be1aed4,experiments/mirror_applications/ma-271-oft-mirror-task-views/artifacts/payloads/27101_0_aligned_plane_0_shared_identity.bin
development,27101,0,aligned_plane,1,oft_independent,2.041096877292148e-06,3.1297250302486646e-07,3413,0.0627020740066655,2.3393993615172803e-05,220,fdf9617a4e339f5ca8b93d3b68d9309a8b04a86ae66edfd5ab5c445790d9baf2,experiments/mirror_applications/ma-271-oft-mirror-task-views/artifacts/payloads/27101_0_aligned_plane_1_oft_independent.bin
development,27101,0,aligned_plane,1,oft_oracle_upper,4.425905331117974e-07,4.1856017674035684e-07,3414,0.0,1.612299820408225e-05,0,23967e951d0535d2b30f2b68a8dc0fa869b83d295b962e92e52f527f4d374a58,experiments/mirror_applications/ma-271-oft-mirror-task-views/artifacts/payloads/27101_0_aligned_plane_1_oft_oracle_upper.bin
development,27101,0,aligned_plane,1,mirror_angle,0.0,1.0345669210209962e-07,3156,0.04062971599341836,1.6865000361576676e-05,0,0cffa0bc6cf5ff18ead9bb5072087a9cba97e60784e0dca59158f0fe2319e686,experiments/mirror_applications/ma-271-oft-mirror-task-views/artifacts/payloads/27101_0_aligned_plane_1_mirror_angle.bin
development,27101,0,aligned_plane,1,generic_plane_scalar,0.0,1.0345669210209962e-07,3164,0.04062971599341836,1.4201010344550014e-05,0,bd3414cb4047c30213aeaa386f02227738ef4481a2322aa2bca2a2bc82769e72,experiments/mirror_applications/ma-271-oft-mirror-task-views/artifacts/payloads/27101_0_aligned_plane_1_generic_plane_scalar.bin
development,27101,0,aligned_plane,1,shared_identity,0.19207869470119476,0.0,3413,0.0,4.1902007069438696e-05,0,64da9a597f4e5aad486a2ff8aaa5a3b823486170c1992d8098a0651d9be1aed4,experiments/mirror_applications/ma-271-oft-mirror-task-views/artifacts/payloads/27101_0_aligned_plane_1_shared_identity.bin
development,27101,0,aligned_plane,2,oft_independent,0.0006062548491172493,3.582905776511325e-07,3413,0.06600581499515101,1.745599729474634e-05,220,06aa62d6a5cd8aa8c74ecbaff3bdb3d12a64cdbf7d47f40c46875f8312f29fa3,experiments/mirror_applications/ma-271-oft-mirror-task-views/artifacts/payloads/27101_0_aligned_plane_2_oft_independent.bin
development,27101,0,aligned_plane,2,oft_oracle_upper,4.6750574256293476e-07,4.58120013036023e-07,3414,0.0,0.0001204290019813925,0,0e8caa6510ce2d16713eec471f5a11997a681764d7bce7cd63ec89c04b7cc77b,experiments/mirror_applications/ma-271-oft-mirror-task-views/artifacts/payloads/27101_0_aligned_plane_2_oft_oracle_upper.bin
development,27101,0,aligned_plane,2,mirror_angle,1.8153993863734286e-08,8.516197880226173e-08,3156,0.04349652900418732,1.5933008398860693e-05,0,7198685ac5e0d55738d64a8bf02511e3e4db9833fc828841f8dfd08faf58f36b,experiments/mirror_applications/ma-271-oft-mirror-task-views/artifacts/payloads/27101_0_aligned_plane_2_mirror_angle.bin
development,27101,0,aligned_plane,2,generic_plane_scalar,1.8153993863734286e-08,8.516197880226173e-08,3164,0.04349652900418732,2.4456996470689774e-05,0,c443d8bc2bbeee8702b0f245ae6567c60d39e658722f5594bf5efd197374ace5,experiments/mirror_applications/ma-271-oft-mirror-task-views/artifacts/payloads/27101_0_aligned_plane_2_generic_plane_scalar.bin
development,27101,0,aligned_plane,2,shared_identity,0.11591324955224991,0.0,3413,0.0,1.8386999727226794e-05,0,64da9a597f4e5aad486a2ff8aaa5a3b823486170c1992d8098a0651d9be1aed4,experiments/mirror_applications/ma-271-oft-mirror-task-views/artifacts/payloads/27101_0_aligned_plane_2_shared_identity.bin
development,27101,0,aligned_plane,3,oft_independent,5.919168870605063e-06,3.3479290095783654e-07,3413,0.08620056400832254,1.7826998373493552e-05,220,bf7b105293dc3d005e2d02bf9317c32b8b39617acdc78128521f6b4f403df0f9,experiments/mirror_applications/ma-271-oft-mirror-task-views/artifacts/payloads/27101_0_aligned_plane_3_oft_independent.bin
development,27101,0,aligned_plane,3,oft_oracle_upper,4.867042093792406e-07,3.750900816612557e-07,3414,0.0,1.1837997590191662e-05,0,6e7e616f5dc6ed1b1673083341ff58cc0824910532945f30369eb6848d9b1083,experiments/mirror_applications/ma-271-oft-mirror-task-views/artifacts/payloads/27101_0_aligned_plane_3_oft_oracle_upper.bin
development,27101,0,aligned_plane,3,mirror_angle,0.0,9.890612062690707e-08,3156,0.020243031001882628,1.38300092658028e-05,0,c000f0c58c2fe2534761241f5bc2e330a564efd21dd66f96963058f8192acf17,experiments/mirror_applications/ma-271-oft-mirror-task-views/artifacts/payloads/27101_0_aligned_plane_3_mirror_angle.bin
development,27101,0,aligned_plane,3,generic_plane_scalar,0.0,9.890612062690707e-08,3164,0.020243031001882628,1.3430006220005453e-05,0,a4ecfe5e4cf2bac7ad4ef83e2b2a35f093126b364412eee222d7b5064bee630b,experiments/mirror_applications/ma-271-oft-mirror-task-views/artifacts/payloads/27101_0_aligned_plane_3_generic_plane_scalar.bin
development,27101,0,aligned_plane,3,shared_identity,0.038749031722545624,0.0,3413,0.0,1.4190998626872897e-05,0,64da9a597f4e5aad486a2ff8aaa5a3b823486170c1992d8098a0651d9be1aed4,experiments/mirror_applications/ma-271-oft-mirror-task-views/artifacts/payloads/27101_0_aligned_plane_3_shared_identity.bin
development,27101,0,aligned_plane,4,oft_independent,5.620748652290786e-06,3.1235751407621137e-07,3413,0.06404968899732921,1.7767000827006996e-05,220,3457baa00042f9ea3ebfa2f618c63dee4df62bc904d38ce1cd2a60fa319a4436,experiments/mirror_applications/ma-271-oft-mirror-task-views/artifacts/payloads/27101_0_aligned_plane_4_oft_independent.bin
development,27101,0,aligned_plane,4,oft_oracle_upper,3.5840159284816764e-07,4.4113846797699807e-07,3414,0.0,1.5312005416490138e-05,0,9ff1cf8a966dd230f79bf28588d37494ecc63848bafab8f0184af72bb9a9f0fd,experiments/mirror_applications/ma-271-oft-mirror-task-views/artifacts/payloads/27101_0_aligned_plane_4_oft_oracle_upper.bin
development,27101,0,aligned_plane,4,mirror_angle,0.0,9.359344943504766e-08,3156,0.0169715689989971,1.3869997928850353e-05,0,7ffe1576902f99352aaa65f87fc8d392a67ae01dbe3c373d698b44fc512009b0,experiments/mirror_applications/ma-271-oft-mirror-task-views/artifacts/payloads/27101_0_aligned_plane_4_mirror_angle.bin
development,27101,0,aligned_plane,4,generic_plane_scalar,0.0,9.359344943504766e-08,3164,0.0169715689989971,1.4801989891566336e-05,0,e5a415baaf3f92f166a4dfec36748bfcd5e241c9754037d23302ef96491d95ca,experiments/mirror_applications/ma-271-oft-mirror-task-views/artifacts/payloads/27101_0_aligned_plane_4_generic_plane_scalar.bin
development,27101,0,aligned_plane,4,shared_identity,0.03874904289841652,0.0,3413,0.0,1.3549986761063337e-05,0,64da9a597f4e5aad486a2ff8aaa5a3b823486170c1992d8098a0651d9be1aed4,experiments/mirror_applications/ma-271-oft-mirror-task-views/artifacts/payloads/27101_0_aligned_plane_4_shared_identity.bin
development,27101,0,aligned_plane,5,oft_independent,2.906439021899132e-06,3.3837835644590086e-07,3413,0.06052390100376215,1.8177001038566232e-05,220,f334bdf3d1276b2850c9806a36ef0e5f4cbdc9f1d8676d47244187b16657ffb3,experiments/mirror_applications/ma-271-oft-mirror-task-views/artifacts/payloads/27101_0_aligned_plane_5_oft_independent.bin
development,27101,0,aligned_plane,5,oft_oracle_upper,3.370941499269975e-07,3.881465886479418e-07,3414,0.0,1.205800799652934e-05,0,c4e7d2911f1468a01b739d7012f02ea75af4f41388fcf9eb2a57c3338a38f762,experiments/mirror_applications/ma-271-oft-mirror-task-views/artifacts/payloads/27101_0_aligned_plane_5_oft_oracle_upper.bin
development,27101,0,aligned_plane,5,mirror_angle,0.0,9.854910132389705e-08,3156,0.03355786901374813,1.4711986295878887e-05,0,59199a2f7fc095fb07f26fd1bdc0fffcb297231a63890c20bb99f475e890c540,experiments/mirror_applications/ma-271-oft-mirror-task-views/artifacts/payloads/27101_0_aligned_plane_5_mirror_angle.bin
development,27101,0,aligned_plane,5,generic_plane_scalar,0.0,9.854910132389705e-08,3164,0.03355786901374813,1.4040007954463363e-05,0,a458969fa50a285e409c5b7d58b5386b137c561350c35a70b1113e8f50e58eba,experiments/mirror_applications/ma-271-oft-mirror-task-views/artifacts/payloads/27101_0_aligned_plane_5_generic_plane_scalar.bin
development,27101,0,aligned_plane,5,shared_identity,0.11591321974992752,0.0,3413,0.0,1.3509998098015785e-05,0,64da9a597f4e5aad486a2ff8aaa5a3b823486170c1992d8098a0651d9be1aed4,experiments/mirror_applications/ma-271-oft-mirror-task-views/artifacts/payloads/27101_0_aligned_plane_5_shared_identity.bin
development,27101,0,aligned_plane,6,oft_independent,3.85188377549639e-06,3.488951847430144e-07,3413,0.06035264799720608,1.7546000890433788e-05,220,942c4a9f9252450220daf203ecdb6e727c240cfb0cb527f8f6be3a8c613c1240,experiments/mirror_applications/ma-271-oft-mirror-task-views/artifacts/payloads/27101_0_aligned_plane_6_oft_independent.bin
development,27101,0,aligned_plane,6,oft_oracle_upper,3.6412126291907043e-07,4.732434888410353e-07,3414,0.0,1.76659959834069e-05,0,99e3dbffcf4b3222df7fb7081c9c89e908c9ab08f53f7730779027a7d5f13831,experiments/mirror_applications/ma-271-oft-mirror-task-views/artifacts/payloads/27101_0_aligned_plane_6_oft_oracle_upper.bin
development,27101,0,aligned_plane,6,mirror_angle,0.0,1.004186174213828e-07,3156,0.0182450139982393,1.3880999176762998e-05,0,54dd09f87f9e222755617128ca4a3342478803e8cd72d838f6dfb925c0255568,experiments/mirror_applications/ma-271-oft-mirror-task-views/artifacts/payloads/27101_0_aligned_plane_6_mirror_angle.bin
development,27101,0,aligned_plane,6,generic_plane_scalar,0.0,1.004186174213828e-07,3164,0.0182450139982393,1.4060991816222668e-05,0,4b34a3fb50e9d9026a5adb9b27f5991fedc5922b999a590d54da5237416e12a8,experiments/mirror_applications/ma-271-oft-mirror-task-views/artifacts/payloads/27101_0_aligned_plane_6_generic_plane_scalar.bin
development,27101,0,aligned_plane,6,shared_identity,0.19207864999771118,0.0,3413,0.0,1.4081000699661672e-05,0,64da9a597f4e5aad486a2ff8aaa5a3b823486170c1992d8098a0651d9be1aed4,experiments/mirror_applications/ma-271-oft-mirror-task-views/artifacts/payloads/27101_0_aligned_plane_6_shared_identity.bin
development,27101,0,aligned_plane,7,oft_independent,3.6734431887452956e-06,3.24714477528687e-07,3413,0.061562157003208995,1.7506012227386236e-05,220,d022b3808303eeab354c465d5d986addf38f37c51b0b6734e00eb4f11d8a2e87,experiments/mirror_applications/ma-271-oft-mirror-task-views/artifacts/payloads/27101_0_aligned_plane_7_oft_independent.bin
development,27101,0,aligned_plane,7,oft_oracle_upper,3.390958625004714e-07,4.404506626087823e-07,3414,0.0,1.851801062002778e-05,0,f822fb5e4942c9c6c27d0d5adcf90a928d2cd04928b45585b91874b38bdaea56,experiments/mirror_applications/ma-271-oft-mirror-task-views/artifacts/payloads/27101_0_aligned_plane_7_oft_oracle_upper.bin
development,27101,0,aligned_plane,7,mirror_angle,0.0,8.757467639952665e-08,3156,0.018992040990269743,1.3640004908666015e-05,0,944764d799b690e4d96a05555e35cf2a586718eb0e65835022ba902947abdef8,experiments/mirror_applications/ma-271-oft-mirror-task-views/artifacts/payloads/27101_0_aligned_plane_7_mirror_angle.bin
development,27101,0,aligned_plane,7,generic_plane_scalar,0.0,8.757467639952665e-08,3164,0.018992040990269743,1.3880999176762998e-05,0,6068ae0106f283a097392d6b63e4386636e36de77bea10c1dbd1c9416ba217e5,experiments/mirror_applications/ma-271-oft-mirror-task-views/artifacts/payloads/27101_0_aligned_plane_7_generic_plane_scalar.bin
development,27101,0,aligned_plane,7,shared_identity,0.26658907532691956,0.0,3413,0.0,1.5783996786922216e-05,0,64da9a597f4e5aad486a2ff8aaa5a3b823486170c1992d8098a0651d9be1aed4,experiments/mirror_applications/ma-271-oft-mirror-task-views/artifacts/payloads/27101_0_aligned_plane_7_shared_identity.bin
development,27101,0,independent_orthogonal,0,oft_independent,0.22687925398349762,3.3118820397248783e-07,3413,0.07070963201113045,2.328399568796158e-05,220,eb2a934f2cf527be27a321e6f2fd91c23e53256b4774ed86107710f35f1cdc74,experiments/mirror_applications/ma-271-oft-mirror-task-views/artifacts/payloads/27101_0_independent_orthogonal_0_oft_independent.bin
development,27101,0,independent_orthogonal,0,oft_oracle_upper,5.865887828804262e-07,4.10088233593342e-07,3414,0.0,1.5012003132142127e-05,0,f71ea4a0673f61aa0e265a61d0449c65ce7803b02130131251fc25abe869f19b,experiments/mirror_applications/ma-271-oft-mirror-task-views/artifacts/payloads/27101_0_independent_orthogonal_0_oft_oracle_upper.bin
development,27101,0,independent_orthogonal,0,shared_identity,1.5254780054092407,0.0,3413,0.0,1.638400135561824e-05,0,64da9a597f4e5aad486a2ff8aaa5a3b823486170c1992d8098a0651d9be1aed4,experiments/mirror_applications/ma-271-oft-mirror-task-views/artifacts/payloads/27101_0_independent_orthogonal_0_shared_identity.bin
development,27101,0,independent_orthogonal,1,oft_independent,0.06129823252558708,3.2843036024132743e-07,3413,0.06851345500035677,2.1382002159953117e-05,220,1ac600a6757accf9b2ff8cdd973cef1ef9b5dbc0f4f62e5f2584c852f86084b0,experiments/mirror_applications/ma-271-oft-mirror-task-views/artifacts/payloads/27101_0_independent_orthogonal_1_oft_independent.bin
development,27101,0,independent_orthogonal,1,oft_oracle_upper,6.053857077858993e-07,6.890722374919278e-07,3414,0.0,1.813699782360345e-05,0,6d103f27906fabe3ed56a4af8207848c9997cca7a6e0ea53ddf8445d46513fc9,experiments/mirror_applications/ma-271-oft-mirror-task-views/artifacts/payloads/27101_0_independent_orthogonal_1_oft_oracle_upper.bin
development,27101,0,independent_orthogonal,1,shared_identity,1.476489782333374,0.0,3413,0.0,1.663499278947711e-05,0,64da9a597f4e5aad486a2ff8aaa5a3b823486170c1992d8098a0651d9be1aed4,experiments/mirror_applications/ma-271-oft-mirror-task-views/artifacts/payloads/27101_0_independent_orthogonal_1_shared_identity.bin
development,27101,0,independent_orthogonal,2,oft_independent,0.21715205907821655,3.6119917012911174e-07,3413,0.06709230599517468,1.8247010302729905e-05,220,a0eff05b494acc99c06d26252ab751aad32fcdf5c41254e8db92a153b8b4dd60,experiments/mirror_applications/ma-271-oft-mirror-task-views/artifacts/payloads/27101_0_independent_orthogonal_2_oft_independent.bin
development,27101,0,independent_orthogonal,2,oft_oracle_upper,4.5563461981146247e-07,3.114429318884504e-07,3414,0.0,8.661800529807806e-05,0,4e44b8ffa31052bfdf0f12450169b722e6c9f0fa6871e5495250ea993ea7b79d,experiments/mirror_applications/ma-271-oft-mirror-task-views/artifacts/payloads/27101_0_independent_orthogonal_2_oft_oracle_upper.bin
development,27101,0,independent_orthogonal,2,shared_identity,1.6801222562789917,0.0,3413,0.0,1.344000338576734e-05,0,64da9a597f4e5aad486a2ff8aaa5a3b823486170c1992d8098a0651d9be1aed4,experiments/mirror_applications/ma-271-oft-mirror-task-views/artifacts/payloads/27101_0_independent_orthogonal_2_shared_identity.bin
development,27101,0,independent_orthogonal,3,oft_independent,0.1439468115568161,3.29464967308013e-07,3413,0.0730237449897686,2.0630002836696804e-05,220,cbc221ac3808b5e699deabadee45ed28aba10c6c8ed45b66bb0425bd79d388b3,experiments/mirror_applications/ma-271-oft-mirror-task-views/artifacts/payloads/27101_0_independent_orthogonal_3_oft_independent.bin
development,27101,0,independent_orthogonal,3,oft_oracle_upper,6.378588750521885e-07,3.865703206429316e-07,3414,0.0,1.9789003999903798e-05,0,c40100ea72f45f6c9536918764a6cb2a9e067b7a07c538e77edd1a6bc11c3c8f,experiments/mirror_applications/ma-271-oft-mirror-task-views/artifacts/payloads/27101_0_independent_orthogonal_3_oft_oracle_upper.bin
development,27101,0,independent_orthogonal,3,shared_identity,1.1665778160095215,0.0,3413,0.0,0.00012430400238372386,0,64da9a597f4e5aad486a2ff8aaa5a3b823486170c1992d8098a0651d9be1aed4,experiments/mirror_applications/ma-271-oft-mirror-task-views/artifacts/payloads/27101_0_independent_orthogonal_3_shared_identity.bin
development,27101,0,independent_orthogonal,4,oft_independent,0.20711161196231842,3.456504771293112e-07,3413,0.07311316698906012,2.3524989956058562e-05,220,9d6971971ba487c11e30d369a7d9eaa28f24bbcf0302f154220d00be2a3d705b,experiments/mirror_applications/ma-271-oft-mirror-task-views/artifacts/payloads/27101_0_independent_orthogonal_4_oft_independent.bin
development,27101,0,independent_orthogonal,4,oft_oracle_upper,5.355691428121645e-07,3.750878363462107e-07,3414,0.0,2.2734006051905453e-05,0,6e99d12e7b7311998ce4efa0af955f761b4a69ff3a9ee7ae12093f978abcfcb2,experiments/mirror_applications/ma-271-oft-mirror-task-views/artifacts/payloads/27101_0_independent_orthogonal_4_oft_oracle_upper.bin
development,27101,0,independent_orthogonal,4,shared_identity,1.4366568326950073,0.0,3413,0.0,2.1311003365553916e-05,0,64da9a597f4e5aad486a2ff8aaa5a3b823486170c1992d8098a0651d9be1aed4,experiments/mirror_applications/ma-271-oft-mirror-task-views/artifacts/payloads/27101_0_independent_orthogonal_4_shared_identity.bin
development,27101,0,independent_orthogonal,5,oft_independent,0.2203531563282013,3.0288055086202803e-07,3413,0.06526373300584964,2.4405992007814348e-05,220,47785126c99e5da8157f2c18042b015c19fafd8e26efe36f8e928ed9916b405e,experiments/mirror_applications/ma-271-oft-mirror-task-views/artifacts/payloads/27101_0_independent_orthogonal_5_oft_independent.bin
development,27101,0,independent_orthogonal,5,oft_oracle_upper,4.601279499638622e-07,4.051635187352076e-07,3414,0.0,1.9678991520777345e-05,0,49d0508be5aeae129298e0dd3328fc6610e3c909e91c582fda08c423d256e195,experiments/mirror_applications/ma-271-oft-mirror-task-views/artifacts/payloads/27101_0_independent_orthogonal_5_oft_oracle_upper.bin
development,27101,0,independent_orthogonal,5,shared_identity,1.6829562187194824,0.0,3413,0.0,2.731999848037958e-05,0,64da9a597f4e5aad486a2ff8aaa5a3b823486170c1992d8098a0651d9be1aed4,experiments/mirror_applications/ma-271-oft-mirror-task-views/artifacts/payloads/27101_0_independent_orthogonal_5_shared_identity.bin
development,27101,0,independent_orthogonal,6,oft_independent,0.1886148601770401,3.3275156852141663e-07,3413,0.06790696800453588,2.3706001229584217e-05,220,aa50ee50780a0d1f39aa4f0afbf119216ccb43f978f6e4563d096744d6c1107e,experiments/mirror_applications/ma-271-oft-mirror-task-views/artifacts/payloads/27101_0_independent_orthogonal_6_oft_independent.bin
development,27101,0,independent_orthogonal,6,oft_oracle_upper,5.575918180511508e-07,4.563415529901249e-07,3414,0.0,4.44350007455796e-05,0,a85fb523184ef5eeb67a3774f642f08a3e3e09eb5ae93108175c3d8b1452caf9,experiments/mirror_applications/ma-271-oft-mirror-task-views/artifacts/payloads/27101_0_independent_orthogonal_6_oft_oracle_upper.bin
development,27101,0,independent_orthogonal,6,shared_identity,1.0947340726852417,0.0,3413,0.0,2.340499486308545e-05,0,64da9a597f4e5aad486a2ff8aaa5a3b823486170c1992d8098a0651d9be1aed4,experiments/mirror_applications/ma-271-oft-mirror-task-views/artifacts/payloads/27101_0_independent_orthogonal_6_shared_identity.bin
development,27101,0,independent_orthogonal,7,oft_independent,0.02015945315361023,3.522725364746293e-07,3413,0.06565164799394552,4.731000808533281e-05,220,0627ec3b3ef0d1a89e06048ec7e2702505c292ae7f33bf4efaedc383f7896a04,experiments/mirror_applications/ma-271-oft-mirror-task-views/artifacts/payloads/27101_0_independent_orthogonal_7_oft_independent.bin
development,27101,0,independent_orthogonal,7,oft_oracle_upper,4.501846433413448e-07,3.9109832528083643e-07,3414,0.0,1.9889004761353135e-05,0,4933f7008f6cb6298c981743269a1658f4b5d9283443664f1550bf1b950886a5,experiments/mirror_applications/ma-271-oft-mirror-task-views/artifacts/payloads/27101_0_independent_orthogonal_7_oft_oracle_upper.bin
development,27101,0,independent_orthogonal,7,shared_identity,1.420264720916748,0.0,3413,0.0,5.740500637330115e-05,0,64da9a597f4e5aad486a2ff8aaa5a3b823486170c1992d8098a0651d9be1aed4,experiments/mirror_applications/ma-271-oft-mirror-task-views/artifacts/payloads/27101_0_independent_orthogonal_7_shared_identity.bin
development,27101,1,aligned_plane,0,oft_independent,2.4758044219197473e-06,2.691528777631902e-07,3413,0.0653737859975081,1.990000600926578e-05,220,cb445accc6e56d422e78b4b7ad39a056ac57384f09f5c168bc7923e4cf6df824,experiments/mirror_applications/ma-271-oft-mirror-task-views/artifacts/payloads/27101_1_aligned_plane_0_oft_independent.bin
development,27101,1,aligned_plane,0,oft_oracle_upper,4.1822747220976453e-07,3.596706505959446e-07,3414,0.0,1.9589002477005124e-05,0,be9f8b50375a6fade6c1c2e381485a77853aed03e221d1c08d0bf42bd2e5f34e,experiments/mirror_applications/ma-271-oft-mirror-task-views/artifacts/payloads/27101_1_aligned_plane_0_oft_oracle_upper.bin
development,27101,1,aligned_plane,0,mirror_angle,0.0,1.1191556126277646e-07,3156,0.018371667989413254,2.1752988686785102e-05,0,c02cecf297f6c75476e3f3a44157527dbf88706f05c35290d73a7ba05a89580c,experiments/mirror_applications/ma-271-oft-mirror-task-views/artifacts/payloads/27101_1_aligned_plane_0_mirror_angle.bin
development,27101,1,aligned_plane,0,generic_plane_scalar,0.0,1.1191556126277646e-07,3164,0.018371667989413254,2.0280000171624124e-05,0,856ae36534c45b6ed4ee31b5c6292269875150ebe9df3995d4dff3ff8dab2ff1,experiments/mirror_applications/ma-271-oft-mirror-task-views/artifacts/payloads/27101_1_aligned_plane_0_generic_plane_scalar.bin
development,27101,1,aligned_plane,0,shared_identity,0.3429282605648041,0.0,3413,0.0,2.0119987311773002e-05,0,b7bdde915cd1ac8f2c0eea89e76e44f8aaade2408b0ec30d7b0fb2197d3f9624,experiments/mirror_applications/ma-271-oft-mirror-task-views/artifacts/payloads/27101_1_aligned_plane_0_shared_identity.bin
development,27101,1,aligned_plane,1,oft_independent,3.2703112538001733e-06,2.706736381696828e-07,3413,0.07015493699873332,0.0001431620039511472,220,5df61ec632d184f92f4edb49f91f1e733077644934abdcb3edb29419d65f2610,experiments/mirror_applications/ma-271-oft-mirror-task-views/artifacts/payloads/27101_1_aligned_plane_1_oft_independent.bin
development,27101,1,aligned_plane,1,oft_oracle_upper,4.5121868197384174e-07,3.1597761562807136e-07,3414,0.0,2.3243992472998798e-05,0,6c97cf3a632f591275662753774cf0ba7548c569ccdbfe75e6508912d12641ec,experiments/mirror_applications/ma-271-oft-mirror-task-views/artifacts/payloads/27101_1_aligned_plane_1_oft_oracle_upper.bin
development,27101,1,aligned_plane,1,mirror_angle,0.0,1.3477526294991549e-07,3156,0.019251890989835374,2.667999069672078e-05,0,f950a3fac7e0bc84701f63df6c945bbeb23e6882ce387ae2ece3fd966cfeb974,experiments/mirror_applications/ma-271-oft-mirror-task-views/artifacts/payloads/27101_1_aligned_plane_1_mirror_angle.bin
development,27101,1,aligned_plane,1,generic_plane_scalar,0.0,1.3477526294991549e-07,3164,0.019251890989835374,2.2243009880185127e-05,0,0c4f3a7eed74a91b19043135dd7bfce72fb7392969d17ebd8b8e85c2f428f952,experiments/mirror_applications/ma-271-oft-mirror-task-views/artifacts/payloads/27101_1_aligned_plane_1_generic_plane_scalar.bin
development,27101,1,aligned_plane,1,shared_identity,0.24708132445812225,0.0,3413,0.0,2.0530002075247467e-05,0,b7bdde915cd1ac8f2c0eea89e76e44f8aaade2408b0ec30d7b0fb2197d3f9624,experiments/mirror_applications/ma-271-oft-mirror-task-views/artifacts/payloads/27101_1_aligned_plane_1_shared_identity.bin
development,27101,1,aligned_plane,2,oft_independent,2.0986522031307686e-06,2.4512135610166297e-07,3413,0.07083721799426712,3.817700780928135e-05,220,6e53e2980f22863806811a990284b264e2e1a351251bbb957d67887047a1944c,experiments/mirror_applications/ma-271-oft-mirror-task-views/artifacts/payloads/27101_1_aligned_plane_2_oft_independent.bin
development,27101,1,aligned_plane,2,oft_oracle_upper,3.1269391342902964e-07,3.388931872905232e-07,3414,0.0,8.657900616526604e-05,0,3ac96fd575516b7e5437155110902ff3785498d90594c079a95d31b31f3b7a35,experiments/mirror_applications/ma-271-oft-mirror-task-views/artifacts/payloads/27101_1_aligned_plane_2_oft_oracle_upper.bin
development,27101,1,aligned_plane,2,mirror_angle,2.4504336337827226e-08,1.0663821825573905e-07,3156,0.1664195410121465,2.2003005142323673e-05,0,dd6007d2eaeafd9b7d7986d9d684c31b64f90a0e2fe5c93d02eb9fa13240d2bb,experiments/mirror_applications/ma-271-oft-mirror-task-views/artifacts/payloads/27101_1_aligned_plane_2_mirror_angle.bin
development,27101,1,aligned_plane,2,generic_plane_scalar,2.4504336337827226e-08,1.0663821825573905e-07,3164,0.1664195410121465,2.7650996344164014e-05,0,85082471f40a8784eeb671b3e3f607344ccf50402f62cccc18f4d4679f5507f1,experiments/mirror_applications/ma-271-oft-mirror-task-views/artifacts/payloads/27101_1_aligned_plane_2_generic_plane_scalar.bin
development,27101,1,aligned_plane,2,shared_identity,0.14910554885864258,0.0,3413,0.0,2.193299587816e-05,0,b7bdde915cd1ac8f2c0eea89e76e44f8aaade2408b0ec30d7b0fb2197d3f9624,experiments/mirror_applications/ma-271-oft-mirror-task-views/artifacts/payloads/27101_1_aligned_plane_2_shared_identity.bin
development,27101,1,aligned_plane,3,oft_independent,2.1145067421457497e-06,2.7159444471180905e-07,3413,0.06925921099900734,2.7080008294433355e-05,220,9690c47e5a8127fb298824fcb3e37c38e345ba78428382b91592a60e51941f01,experiments/mirror_applications/ma-271-oft-mirror-task-views/artifacts/payloads/27101_1_aligned_plane_3_oft_independent.bin
development,27101,1,aligned_plane,3,oft_oracle_upper,2.6502408445594483e-07,3.0532405048688815e-07,3414,0.0,2.1321000531315804e-05,0,94b0316be207531c7dced9b064ce34cdac460e180175f7bf03d6e3c9e9eafb41,experiments/mirror_applications/ma-271-oft-mirror-task-views/artifacts/payloads/27101_1_aligned_plane_3_oft_oracle_upper.bin
development,27101,1,aligned_plane,3,mirror_angle,0.0,1.3175355206840322e-07,3156,0.01931251100904774,2.1301995730027556e-05,0,186ba5850f3f2b38924aee9d9448c3e0de7c7a45a81a510dc4d824123a287798,experiments/mirror_applications/ma-271-oft-mirror-task-views/artifacts/payloads/27101_1_aligned_plane_3_mirror_angle.bin
development,27101,1,aligned_plane,3,generic_plane_scalar,0.0,1.3175355206840322e-07,3164,0.01931251100904774,2.0431005395948887e-05,0,070be8cabd86979076eaba7043413ba4b4e5d2f028534a95c9a71301c00e8fdd,experiments/mirror_applications/ma-271-oft-mirror-task-views/artifacts/payloads/27101_1_aligned_plane_3_generic_plane_scalar.bin
development,27101,1,aligned_plane,3,shared_identity,0.04984501749277115,0.0,3413,0.0,2.481701085343957e-05,0,b7bdde915cd1ac8f2c0eea89e76e44f8aaade2408b0ec30d7b0fb2197d3f9624,experiments/mirror_applications/ma-271-oft-mirror-task-views/artifacts/payloads/27101_1_aligned_plane_3_shared_identity.bin
development,27101,1,aligned_plane,4,oft_independent,3.5102004858345026e-06,2.7629414489638293e-07,3413,0.11954698299814481,2.2694002836942673e-05,220,5f1d5429a9f3557c2d189551f4e926597a00203160bd27c5299fe8c6251143ef,experiments/mirror_applications/ma-271-oft-mirror-task-views/artifacts/payloads/27101_1_aligned_plane_4_oft_independent.bin
development,27101,1,aligned_plane,4,oft_oracle_upper,3.4322923170293507e-07,2.931988660748175e-07,3414,0.0,2.2523003281094134e-05,0,2b4650a850a0a5210c29970418547359e7ee1ef24d45c2794c6ddc8813f9cb47,experiments/mirror_applications/ma-271-oft-mirror-task-views/artifacts/payloads/27101_1_aligned_plane_4_oft_oracle_upper.bin
development,27101,1,aligned_plane,4,mirror_angle,0.0,1.0963002949893053e-07,3156,0.019489423008053564,2.3415006580762565e-05,0,06cddc34d495813b7d9c26c9e3ada7b4ebc8b95ca485e0ead782c78e62c53fb1,experiments/mirror_applications/ma-271-oft-mirror-task-views/artifacts/payloads/27101_1_aligned_plane_4_mirror_angle.bin
development,27101,1,aligned_plane,4,generic_plane_scalar,0.0,1.0963002949893053e-07,3164,0.019489423008053564,2.465600846335292e-05,0,07d0aff0e9c6e3bc3541eb34e80ff5e9e095344338706f210f84d9899674b403,experiments/mirror_applications/ma-271-oft-mirror-task-views/artifacts/payloads/27101_1_aligned_plane_4_generic_plane_scalar.bin
development,27101,1,aligned_plane,4,shared_identity,0.04984500631690025,0.0,3413,0.0,2.0961000700481236e-05,0,b7bdde915cd1ac8f2c0eea89e76e44f8aaade2408b0ec30d7b0fb2197d3f9624,experiments/mirror_applications/ma-271-oft-mirror-task-views/artifacts/payloads/27101_1_aligned_plane_4_shared_identity.bin
development,27101,1,aligned_plane,5,oft_independent,0.0003899250295944512,2.784457251436834e-07,3413,0.07242204398789909,2.5917994207702577e-05,220,e1c305915c8d256e8e1918b836ae01a5d2945e6ac3a4d81025e269c1aa0274d1,experiments/mirror_applications/ma-271-oft-mirror-task-views/artifacts/payloads/27101_1_aligned_plane_5_oft_independent.bin
development,27101,1,aligned_plane,5,oft_oracle_upper,4.2088464624612243e-07,2.9433235226861143e-07,3414,0.0,2.529799530748278e-05,0,55e3e6e6a485a538ad7084f84d8c624bc215ea38e1b4a48fd8f292585ae39f24,experiments/mirror_applications/ma-271-oft-mirror-task-views/artifacts/payloads/27101_1_aligned_plane_5_oft_oracle_upper.bin
development,27101,1,aligned_plane,5,mirror_angle,0.0,1.0728361843348466e-07,3156,0.02108493600098882,0.00010995300544891506,0,62123f0a4dc6bad411462634955366724cfe7c65bc87916c5aa97ee141c14394,experiments/mirror_applications/ma-271-oft-mirror-task-views/artifacts/payloads/27101_1_aligned_plane_5_mirror_angle.bin
development,27101,1,aligned_plane,5,generic_plane_scalar,0.0,1.0728361843348466e-07,3164,0.02108493600098882,2.3644999600946903e-05,0,21e3f373297401b6a0ed1f1b580ebbd57dfa6fbc85e6189efddc58fc35a860bc,experiments/mirror_applications/ma-271-oft-mirror-task-views/artifacts/payloads/27101_1_aligned_plane_5_generic_plane_scalar.bin
development,27101,1,aligned_plane,5,shared_identity,0.1491055190563202,0.0,3413,0.0,2.150199725292623e-05,0,b7bdde915cd1ac8f2c0eea89e76e44f8aaade2408b0ec30d7b0fb2197d3f9624,experiments/mirror_applications/ma-271-oft-mirror-task-views/artifacts/payloads/27101_1_aligned_plane_5_shared_identity.bin
development,27101,1,aligned_plane,6,oft_independent,3.818108325503999e-06,2.7014522174795275e-07,3413,0.0636594069947023,4.110099689569324e-05,220,bdf1df517c34c24b03478e6fd5d518748fa94a0e51aa72bf3d3e1efc13dc24c0,experiments/mirror_applications/ma-271-oft-mirror-task-views/artifacts/payloads/27101_1_aligned_plane_6_oft_independent.bin
development,27101,1,aligned_plane,6,oft_oracle_upper,5.086153009870031e-07,3.657255263078696e-07,3414,0.0,8.021800022106618e-05,0,da094d8e5672a397c7371fb594c13400a27922a92c965dd047ac74c4cb20dfe6,experiments/mirror_applications/ma-271-oft-mirror-task-views/artifacts/payloads/27101_1_aligned_plane_6_oft_oracle_upper.bin
development,27101,1,aligned_plane,6,mirror_angle,0.0,1.3198651060974953e-07,3156,0.018518365002819337,2.1341998944990337e-05,0,79f681d12c9b3d604bd32d1365e6c6dfc35c64b11a31529d59f790518036874c,experiments/mirror_applications/ma-271-oft-mirror-task-views/artifacts/payloads/27101_1_aligned_plane_6_mirror_angle.bin
development,27101,1,aligned_plane,6,generic_plane_scalar,0.0,1.3198651060974953e-07,3164,0.018518365002819337,2.064999716822058e-05,0,227fd8504b110516a597ba2b333fd151050494f9de4d14400ee7811f7284be8c,experiments/mirror_applications/ma-271-oft-mirror-task-views/artifacts/payloads/27101_1_aligned_plane_6_generic_plane_scalar.bin
development,27101,1,aligned_plane,6,shared_identity,0.24708135426044464,0.0,3413,0.0,2.4275999749079347e-05,0,b7bdde915cd1ac8f2c0eea89e76e44f8aaade2408b0ec30d7b0fb2197d3f9624,experiments/mirror_applications/ma-271-oft-mirror-task-views/artifacts/payloads/27101_1_aligned_plane_6_shared_identity.bin
development,27101,1,aligned_plane,7,oft_independent,3.444798039708985e-06,2.6736623226497613e-07,3413,0.06487321401073132,2.361499355174601e-05,220,a1b7b6281f6cd599045895ef4e686694f9ce0b80d940fdd356efd9595d7985c2,experiments/mirror_applications/ma-271-oft-mirror-task-views/artifacts/payloads/27101_1_aligned_plane_7_oft_independent.bin
development,27101,1,aligned_plane,7,oft_oracle_upper,4.169675378307147e-07,3.020180940893624e-07,3414,0.0,0.00011449899466242641,0,180da259881a2b29d028889d1af79b9c6d5eaa1c84ead3a9f9acb5a262de1717,experiments/mirror_applications/ma-271-oft-mirror-task-views/artifacts/payloads/27101_1_aligned_plane_7_oft_oracle_upper.bin
development,27101,1,aligned_plane,7,mirror_angle,0.0,1.215282168232079e-07,3156,0.019153946996084414,0.0002396749914623797,0,516e5d74666204bab6008b9bd684609d74ce9ac54e43b863bf58d7bcef22d249,experiments/mirror_applications/ma-271-oft-mirror-task-views/artifacts/payloads/27101_1_aligned_plane_7_mirror_angle.bin
development,27101,1,aligned_plane,7,generic_plane_scalar,0.0,1.215282168232079e-07,3164,0.019153946996084414,2.327399852219969e-05,0,432d39a8ccc3bdd6582fa10b30dc4a76d805ba461fcb649b2b910efb72315e51,experiments/mirror_applications/ma-271-oft-mirror-task-views/artifacts/payloads/27101_1_aligned_plane_7_generic_plane_scalar.bin
development,27101,1,aligned_plane,7,shared_identity,0.3429282605648041,0.0,3413,0.0,2.0539999241009355e-05,0,b7bdde915cd1ac8f2c0eea89e76e44f8aaade2408b0ec30d7b0fb2197d3f9624,experiments/mirror_applications/ma-271-oft-mirror-task-views/artifacts/payloads/27101_1_aligned_plane_7_shared_identity.bin
development,27101,1,independent_orthogonal,0,oft_independent,0.22601038217544556,2.937266572189401e-07,3413,0.06460207300551701,2.0961000700481236e-05,220,66f9ba0c5d5b1a3c60f689b1d89ccafd5709089a8c66475b399c85851fd3eab8,experiments/mirror_applications/ma-271-oft-mirror-task-views/artifacts/payloads/27101_1_independent_orthogonal_0_oft_independent.bin
development,27101,1,independent_orthogonal,0,oft_oracle_upper,6.062356305847061e-07,3.497185616652132e-07,3414,0.0,1.9237995729781687e-05,0,cadf469fb9b97727d1a359fd3ab5c7274fb26a5f1f22d05dc374448ca48c13be,experiments/mirror_applications/ma-271-oft-mirror-task-views/artifacts/payloads/27101_1_independent_orthogonal_0_oft_oracle_upper.bin
development,27101,1,independent_orthogonal,0,shared_identity,1.2456963062286377,0.0,3413,0.0,2.0881008822470903e-05,0,b7bdde915cd1ac8f2c0eea89e76e44f8aaade2408b0ec30d7b0fb2197d3f9624,experiments/mirror_applications/ma-271-oft-mirror-task-views/artifacts/payloads/27101_1_independent_orthogonal_0_shared_identity.bin
development,27101,1,independent_orthogonal,1,oft_independent,0.04612980782985687,3.251847715546319e-07,3413,0.109451654003351,3.598400508053601e-05,220,c752837ef690aba60b562f691cac65a54bdcd81b1eef29308f34728881c6cb68,experiments/mirror_applications/ma-271-oft-mirror-task-views/artifacts/payloads/27101_1_independent_orthogonal_1_oft_independent.bin
development,27101,1,independent_orthogonal,1,oft_oracle_upper,4.6188205260477844e-07,2.936372993644909e-07,3414,0.0,2.1451996872201562e-05,0,7dfd45aa1c9306bb6bb5d78a4a48c18e18ae87942098d265a841888f8f016dc3,experiments/mirror_applications/ma-271-oft-mirror-task-views/artifacts/payloads/27101_1_independent_orthogonal_1_oft_oracle_upper.bin
development,27101,1,independent_orthogonal,1,shared_identity,1.4821304082870483,0.0,3413,0.0,2.1321000531315804e-05,0,b7bdde915cd1ac8f2c0eea89e76e44f8aaade2408b0ec30d7b0fb2197d3f9624,experiments/mirror_applications/ma-271-oft-mirror-task-views/artifacts/payloads/27101_1_independent_orthogonal_1_shared_identity.bin
development,27101,1,independent_orthogonal,2,oft_independent,0.24292850494384766,2.9859683081667754e-07,3413,0.09106166900892276,2.818199573084712e-05,220,9435ec23f1418ed8aa6b44270e950836fd52b01b7d77796616c79ce62a9025a2,experiments/mirror_applications/ma-271-oft-mirror-task-views/artifacts/payloads/27101_1_independent_orthogonal_2_oft_independent.bin
development,27101,1,independent_orthogonal,2,oft_oracle_upper,3.7004360819992144e-07,3.4483826993891853e-07,3414,0.0,0.00017037198995240033,0,5af3d5092bf42abe44ab1fa05fa93f7c0015fea24e646e1a97ff918e03a35b4f,experiments/mirror_applications/ma-271-oft-mirror-task-views/artifacts/payloads/27101_1_independent_orthogonal_2_oft_oracle_upper.bin
development,27101,1,independent_orthogonal,2,shared_identity,1.0233638286590576,0.0,3413,0.0,2.529799530748278e-05,0,b7bdde915cd1ac8f2c0eea89e76e44f8aaade2408b0ec30d7b0fb2197d3f9624,experiments/mirror_applications/ma-271-oft-mirror-task-views/artifacts/payloads/27101_1_independent_orthogonal_2_shared_identity.bin
development,27101,1,independent_orthogonal,3,oft_independent,0.17561295628547668,3.217718074211007e-07,3413,0.09336837500450201,2.4185996153391898e-05,220,f5e8f8017b2bb5fd6268ad272f238e013ec99a9c29751ad13bf629266fec55fc,experiments/mirror_applications/ma-271-oft-mirror-task-views/artifacts/payloads/27101_1_independent_orthogonal_3_oft_independent.bin
development,27101,1,independent_orthogonal,3,oft_oracle_upper,4.1442993392593053e-07,4.487075102588278e-07,3414,0.0,2.6389010599814355e-05,0,32485434d32340c9d51683b067cd3c546e5a04c0103a2610c8357861152566af,experiments/mirror_applications/ma-271-oft-mirror-task-views/artifacts/payloads/27101_1_independent_orthogonal_3_oft_oracle_upper.bin
development,27101,1,independent_orthogonal,3,shared_identity,1.3385896682739258,0.0,3413,0.0,2.718099858611822e-05,0,b7bdde915cd1ac8f2c0eea89e76e44f8aaade2408b0ec30d7b0fb2197d3f9624,experiments/mirror_applications/ma-271-oft-mirror-task-views/artifacts/payloads/27101_1_independent_orthogonal_3_shared_identity.bin
development,27101,1,independent_orthogonal,4,oft_independent,0.24843838810920715,2.7168417204848083e-07,3413,0.07928567900671624,8.134999370668083e-05,220,9e03617daca06408abb0570ddd70874993466250fe21998ccdd0153e00504be5,experiments/mirror_applications/ma-271-oft-mirror-task-views/artifacts/payloads/27101_1_independent_orthogonal_4_oft_independent.bin
development,27101,1,independent_orthogonal,4,oft_oracle_upper,5.096930522086041e-07,4.5960638317410485e-07,3414,0.0,1.9508996047079563e-05,0,ebb901cb3851190a901a31335ca6a6ae309f2f968c2bfa2f8779fd3935ea502d,experiments/mirror_applications/ma-271-oft-mirror-task-views/artifacts/payloads/27101_1_independent_orthogonal_4_oft_oracle_upper.bin
development,27101,1,independent_orthogonal,4,shared_identity,1.4465314149856567,0.0,3413,0.0,2.623900945764035e-05,0,b7bdde915cd1ac8f2c0eea89e76e44f8aaade2408b0ec30d7b0fb2197d3f9624,experiments/mirror_applications/ma-271-oft-mirror-task-views/artifacts/payloads/27101_1_independent_orthogonal_4_shared_identity.bin
development,27101,1,independent_orthogonal,5,oft_independent,0.2591162919998169,2.997383603542403e-07,3413,0.06690831900050398,2.068100729957223e-05,220,e2f0407b9248eb5790012c2b264fdbb2683dacd7f2f996159411bc0e5f10b9e2,experiments/mirror_applications/ma-271-oft-mirror-task-views/artifacts/payloads/27101_1_independent_orthogonal_5_oft_independent.bin
development,27101,1,independent_orthogonal,5,oft_oracle_upper,4.569478448956943e-07,3.3713280345182284e-07,3414,0.0,2.3083994165062904e-05,0,3e1f7154d6b61e6047c639533197a0bcf1ee18251939c712e34e2ec9a7da2ec9,experiments/mirror_applications/ma-271-oft-mirror-task-views/artifacts/payloads/27101_1_independent_orthogonal_5_oft_oracle_upper.bin
development,27101,1,independent_orthogonal,5,shared_identity,1.5275627374649048,0.0,3413,0.0,2.0551000488922e-05,0,b7bdde915cd1ac8f2c0eea89e76e44f8aaade2408b0ec30d7b0fb2197d3f9624,experiments/mirror_applications/ma-271-oft-mirror-task-views/artifacts/payloads/27101_1_independent_orthogonal_5_shared_identity.bin
development,27101,1,independent_orthogonal,6,oft_independent,0.23806574940681458,2.922083695011679e-07,3413,0.08100274100434035,4.4585991417989135e-05,220,57a0fc9ffcb6d057ede8f654658217c4a72f11c35f48115427af7c0453f9a2fe,experiments/mirror_applications/ma-271-oft-mirror-task-views/artifacts/payloads/27101_1_independent_orthogonal_6_oft_independent.bin
development,27101,1,independent_orthogonal,6,oft_oracle_upper,6.342103802126076e-07,3.9530473827653623e-07,3414,0.0,2.3464992409572005e-05,0,dfe035c1fbc4462b70fb53e29b06e202afc6aef08276f8c2d2e7ca4e09d28981,experiments/mirror_applications/ma-271-oft-mirror-task-views/artifacts/payloads/27101_1_independent_orthogonal_6_oft_oracle_upper.bin
development,27101,1,independent_orthogonal,6,shared_identity,1.230944275856018,0.0,3413,0.0,2.400499943178147e-05,0,b7bdde915cd1ac8f2c0eea89e76e44f8aaade2408b0ec30d7b0fb2197d3f9624,experiments/mirror_applications/ma-271-oft-mirror-task-views/artifacts/payloads/27101_1_independent_orthogonal_6_shared_identity.bin
development,27101,1,independent_orthogonal,7,oft_independent,0.29727694392204285,2.7956261305916996e-07,3413,0.0706326240033377,2.1682993974536657e-05,220,5b78dc2b0e798c65f65cbf4df31a42b83ca6c0581e16bd69a4f26dde1e17a819,experiments/mirror_applications/ma-271-oft-mirror-task-views/artifacts/payloads/27101_1_independent_orthogonal_7_oft_independent.bin
development,27101,1,independent_orthogonal,7,oft_oracle_upper,4.0229193132290675e-07,2.963434440061974e-07,3414,0.0,2.2773005184717476e-05,0,a0b2b2de6eb38156adfd026fdf4581f69ce948c70c94e4ca9b33926aad01e664,experiments/mirror_applications/ma-271-oft-mirror-task-views/artifacts/payloads/27101_1_independent_orthogonal_7_oft_oracle_upper.bin
development,27101,1,independent_orthogonal,7,shared_identity,1.6724987030029297,0.0,3413,0.0,2.0791005226783454e-05,0,b7bdde915cd1ac8f2c0eea89e76e44f8aaade2408b0ec30d7b0fb2197d3f9624,experiments/mirror_applications/ma-271-oft-mirror-task-views/artifacts/payloads/27101_1_independent_orthogonal_7_shared_identity.bin
development,27101,2,aligned_plane,0,oft_independent,4.9119080358650535e-06,2.6825188115253695e-07,3413,0.07159554999088868,2.2544001694768667e-05,220,aa9e17804b541e7819fe1fe4169e515707af14055419bdb35d00f1e07fc3e781,experiments/mirror_applications/ma-271-oft-mirror-task-views/artifacts/payloads/27101_2_aligned_plane_0_oft_independent.bin
development,27101,2,aligned_plane,0,oft_oracle_upper,3.613685066738981e-07,3.2312536291101424e-07,3414,0.0,1.9498998881317675e-05,0,a355e225e0dff0483c1f88e5368f43f194dca7676e086fce04f7361849efcb8d,experiments/mirror_applications/ma-271-oft-mirror-task-views/artifacts/payloads/27101_2_aligned_plane_0_oft_oracle_upper.bin
development,27101,2,aligned_plane,0,mirror_angle,0.0,8.647472071743323e-08,3156,0.0208639780030353,2.0179999410174787e-05,0,760781c409c1d35e797802ae5fc798d48239524e7f5e079ae269c26f58ea6b5f,experiments/mirror_applications/ma-271-oft-mirror-task-views/artifacts/payloads/27101_2_aligned_plane_0_mirror_angle.bin
development,27101,2,aligned_plane,0,generic_plane_scalar,0.0,8.647472071743323e-08,3164,0.0208639780030353,1.8808001186698675e-05,0,5545b32d9a6ce5c3be220059df44dbb31dd88321e2baca30a55d78d093d5ca45,experiments/mirror_applications/ma-271-oft-mirror-task-views/artifacts/payloads/27101_2_aligned_plane_0_generic_plane_scalar.bin
development,27101,2,aligned_plane,0,shared_identity,0.28252705931663513,0.0,3413,0.0,2.0841005607508123e-05,0,672c2764ac4237ab89f01eda3fdae63abb8d2688f6418df373bf400cf9c63494,experiments/mirror_applications/ma-271-oft-mirror-task-views/artifacts/payloads/27101_2_aligned_plane_0_shared_identity.bin
development,27101,2,aligned_plane,1,oft_independent,3.855997420032509e-06,2.560488496783364e-07,3413,0.06708893600443844,2.4846987798810005e-05,220,34bafdcef7d26209e0ee4beed08cde449d601596606f823fad657715e61baad5,experiments/mirror_applications/ma-271-oft-mirror-task-views/artifacts/payloads/27101_2_aligned_plane_1_oft_independent.bin
development,27101,2,aligned_plane,1,oft_oracle_upper,2.8889218128824723e-07,3.241453612190526e-07,3414,0.0,1.89179991139099e-05,0,53d4c5e6d691942492367dd867f9d2242cb145ac2c27f0dd5b675906f786fb11,experiments/mirror_applications/ma-271-oft-mirror-task-views/artifacts/payloads/27101_2_aligned_plane_1_oft_oracle_upper.bin
development,27101,2,aligned_plane,1,mirror_angle,0.0,9.890872121331995e-08,3156,0.018714103993261233,1.779600279405713e-05,0,bb5f37bcd28720c4bc2c56a1b0856670c9bc808bb0d5870b54c9c7cdeef9e459,experiments/mirror_applications/ma-271-oft-mirror-task-views/artifacts/payloads/27101_2_aligned_plane_1_mirror_angle.bin
development,27101,2,aligned_plane,1,generic_plane_scalar,0.0,9.890872121331995e-08,3164,0.018714103993261233,2.4477005354128778e-05,0,4203c1595abef822cac756ff66e1d823df78556b415a46872beedc4548de30bd,experiments/mirror_applications/ma-271-oft-mirror-task-views/artifacts/payloads/27101_2_aligned_plane_1_generic_plane_scalar.bin
development,27101,2,aligned_plane,1,shared_identity,0.20356202125549316,0.0,3413,0.0,2.0630002836696804e-05,0,672c2764ac4237ab89f01eda3fdae63abb8d2688f6418df373bf400cf9c63494,experiments/mirror_applications/ma-271-oft-mirror-task-views/artifacts/payloads/27101_2_aligned_plane_1_shared_identity.bin
development,27101,2,aligned_plane,2,oft_independent,3.6778583307750523e-06,2.7604832553151937e-07,3413,0.06428524399234448,2.3074011551216245e-05,220,e954291c825ab370f4f7f56a11a7599c9dddabc67b88a2c07f867a19961c6fd1,experiments/mirror_applications/ma-271-oft-mirror-task-views/artifacts/payloads/27101_2_aligned_plane_2_oft_independent.bin
development,27101,2,aligned_plane,2,oft_oracle_upper,3.653582609786099e-07,3.2669305483068456e-07,3414,0.0,2.310400304850191e-05,0,9cdc75e6bcee78528b92ebbfbcb1c5cf749355d44ab7116a7cd60aa32574e391,experiments/mirror_applications/ma-271-oft-mirror-task-views/artifacts/payloads/27101_2_aligned_plane_2_oft_oracle_upper.bin
development,27101,2,aligned_plane,2,mirror_angle,2.0373915887716976e-08,9.792101707262191e-08,3156,0.019343827007105574,2.1471991203725338e-05,0,a404145ccc74bbb637bcd7f09905357f79b91898e58980a0799e92ca1bb632c5,experiments/mirror_applications/ma-271-oft-mirror-task-views/artifacts/payloads/27101_2_aligned_plane_2_mirror_angle.bin
development,27101,2,aligned_plane,2,generic_plane_scalar,2.0373915887716976e-08,9.792101707262191e-08,3164,0.019343827007105574,2.4056003894656897e-05,0,60ddfc7601197311e0b15244db966a4d305a4f00151e44c06314209f94227f7d,experiments/mirror_applications/ma-271-oft-mirror-task-views/artifacts/payloads/27101_2_aligned_plane_2_generic_plane_scalar.bin
development,27101,2,aligned_plane,2,shared_identity,0.12284304946660995,0.0,3413,0.0,2.2763997549191117e-05,0,672c2764ac4237ab89f01eda3fdae63abb8d2688f6418df373bf400cf9c63494,experiments/mirror_applications/ma-271-oft-mirror-task-views/artifacts/payloads/27101_2_aligned_plane_2_shared_identity.bin
development,27101,2,aligned_plane,3,oft_independent,3.279383236076683e-06,2.664073690539226e-07,3413,0.06296173400187399,0.00014129899500403553,220,70d265b18195ce7d4b1b696b0f1ab72c9aa88b27d167d824b9e67c198e1304d1,experiments/mirror_applications/ma-271-oft-mirror-task-views/artifacts/payloads/27101_2_aligned_plane_3_oft_independent.bin
development,27101,2,aligned_plane,3,oft_oracle_upper,2.5907837652994203e-07,2.8594908485501946e-07,3414,0.0,1.951900776475668e-05,0,21d577076816e191896181b5b77fb21021f2a73a9500175ee1cb32e4de4d33c8,experiments/mirror_applications/ma-271-oft-mirror-task-views/artifacts/payloads/27101_2_aligned_plane_3_oft_oracle_upper.bin
development,27101,2,aligned_plane,3,mirror_angle,0.0,8.173405063871542e-08,3156,0.020778270991286263,1.5843004803173244e-05,0,97c7790d020d444b6f14457c0698d698caa6076c83e64d711558ba5498624ccf,experiments/mirror_applications/ma-271-oft-mirror-task-views/artifacts/payloads/27101_2_aligned_plane_3_mirror_angle.bin
development,27101,2,aligned_plane,3,generic_plane_scalar,0.0,8.173405063871542e-08,3164,0.020778270991286263,2.3885004338808358e-05,0,09879164955c2e649a379d33fb99a1813d553ebe7f58181add96c4cc7850584d,experiments/mirror_applications/ma-271-oft-mirror-task-views/artifacts/payloads/27101_2_aligned_plane_3_generic_plane_scalar.bin
development,27101,2,aligned_plane,3,shared_identity,0.04106561839580536,0.0,3413,0.0,3.1597010092809796e-05,0,672c2764ac4237ab89f01eda3fdae63abb8d2688f6418df373bf400cf9c63494,experiments/mirror_applications/ma-271-oft-mirror-task-views/artifacts/payloads/27101_2_aligned_plane_3_shared_identity.bin
development,27101,2,aligned_plane,4,oft_independent,4.169699877820676e-06,2.568545482972695e-07,3413,0.06431730200711172,2.3625005269423127e-05,220,a2f02ce2c6608f43c662b3e86f2c4eb0ae8544cc0fb5b493bf306dcd8794ec72,experiments/mirror_applications/ma-271-oft-mirror-task-views/artifacts/payloads/27101_2_aligned_plane_4_oft_independent.bin
development,27101,2,aligned_plane,4,oft_oracle_upper,3.5998471048515057e-07,3.77055897615719e-07,3414,0.0,1.903899828903377e-05,0,d918a80e22f0cd6b0189dbff972a5b36b5fade1a4388254c8a1f9e9cba24b813,experiments/mirror_applications/ma-271-oft-mirror-task-views/artifacts/payloads/27101_2_aligned_plane_4_oft_oracle_upper.bin
development,27101,2,aligned_plane,4,mirror_angle,0.0,9.286497260063697e-08,3156,0.019517685010214336,2.0920997485518456e-05,0,6f76d3d580f67163a7e841d90223cd399c3d6ae2d57d16ad799d5dc031d2784a,experiments/mirror_applications/ma-271-oft-mirror-task-views/artifacts/payloads/27101_2_aligned_plane_4_mirror_angle.bin
development,27101,2,aligned_plane,4,generic_plane_scalar,0.0,9.286497260063697e-08,3164,0.019517685010214336,2.0419989596121013e-05,0,c05425463ba841b232d7ff7b44d26e9e630b80e3d7e1406fa30d5bfd4d3ebcd6,experiments/mirror_applications/ma-271-oft-mirror-task-views/artifacts/payloads/27101_2_aligned_plane_4_generic_plane_scalar.bin
development,27101,2,aligned_plane,4,shared_identity,0.04106562212109566,0.0,3413,0.0,2.1272004232741892e-05,0,672c2764ac4237ab89f01eda3fdae63abb8d2688f6418df373bf400cf9c63494,experiments/mirror_applications/ma-271-oft-mirror-task-views/artifacts/payloads/27101_2_aligned_plane_4_shared_identity.bin
development,27101,2,aligned_plane,5,oft_independent,4.320513653510716e-06,2.3733275611448335e-07,3413,0.06165016200975515,2.0800987840630114e-05,220,da17dc51d11165bb45d7d57e4f1a068238486b41495801b4a0d5a84c8b444687,experiments/mirror_applications/ma-271-oft-mirror-task-views/artifacts/payloads/27101_2_aligned_plane_5_oft_independent.bin
development,27101,2,aligned_plane,5,oft_oracle_upper,3.178989516072761e-07,3.11897423443952e-07,3414,0.0,1.9457991584204137e-05,0,38bc8e3164f9fa2fb1379672ffb879cd37e18117c39394cbfb9d13c80958b785,experiments/mirror_applications/ma-271-oft-mirror-task-views/artifacts/payloads/27101_2_aligned_plane_5_oft_oracle_upper.bin
development,27101,2,aligned_plane,5,mirror_angle,0.0,7.897757114960768e-08,3156,0.018480308004654944,2.249299723189324e-05,0,ef50c30fa2fb8cff470203080f9148d444e4e48676ba76937ff0f1d07fe1f2e6,experiments/mirror_applications/ma-271-oft-mirror-task-views/artifacts/payloads/27101_2_aligned_plane_5_mirror_angle.bin
development,27101,2,aligned_plane,5,generic_plane_scalar,0.0,7.897757114960768e-08,3164,0.018480308004654944,2.043000131379813e-05,0,16f99145be8547a6324a2d813a6fad6203e923b73612f8df1e2eac3213d9ee43,experiments/mirror_applications/ma-271-oft-mirror-task-views/artifacts/payloads/27101_2_aligned_plane_5_generic_plane_scalar.bin
development,27101,2,aligned_plane,5,shared_identity,0.12284301221370697,0.0,3413,0.0,2.004900306928903e-05,0,672c2764ac4237ab89f01eda3fdae63abb8d2688f6418df373bf400cf9c63494,experiments/mirror_applications/ma-271-oft-mirror-task-views/artifacts/payloads/27101_2_aligned_plane_5_shared_identity.bin
development,27101,2,aligned_plane,6,oft_independent,2.7745329589379253e-06,2.442621962472913e-07,3413,0.06273921400133986,2.3214990505948663e-05,220,195e48ac92dddde324990cb08599fb0359bbb27211acdffe33a131675a1e6e9a,experiments/mirror_applications/ma-271-oft-mirror-task-views/artifacts/payloads/27101_2_aligned_plane_6_oft_independent.bin
development,27101,2,aligned_plane,6,oft_oracle_upper,2.6928407237392094e-07,2.742809499522991e-07,3414,0.0,2.245299401693046e-05,0,528c1fd4d684a07be44e4c14f59175bfb3f1e7a00a4731ad74e724e7d3c93fd9,experiments/mirror_applications/ma-271-oft-mirror-task-views/artifacts/payloads/27101_2_aligned_plane_6_oft_oracle_upper.bin
development,27101,2,aligned_plane,6,mirror_angle,0.0,1.0069385325550684e-07,3156,0.018250107008498162,2.1601998014375567e-05,0,17f19527c9597ab0791af00db6adc6edb51da7dfac14dc3b4fe12996ce755112,experiments/mirror_applications/ma-271-oft-mirror-task-views/artifacts/payloads/27101_2_aligned_plane_6_mirror_angle.bin
development,27101,2,aligned_plane,6,generic_plane_scalar,0.0,1.0069385325550684e-07,3164,0.018250107008498162,2.0549996406771243e-05,0,c1019604443bf49ea6b2a359da6c0d26cd9378049d2d49a443b8a6c03b7a30a8,experiments/mirror_applications/ma-271-oft-mirror-task-views/artifacts/payloads/27101_2_aligned_plane_6_generic_plane_scalar.bin
development,27101,2,aligned_plane,6,shared_identity,0.20356199145317078,0.0,3413,0.0,2.0320003386586905e-05,0,672c2764ac4237ab89f01eda3fdae63abb8d2688f6418df373bf400cf9c63494,experiments/mirror_applications/ma-271-oft-mirror-task-views/artifacts/payloads/27101_2_aligned_plane_6_shared_identity.bin
development,27101,2,aligned_plane,7,oft_independent,4.491832441999577e-06,2.624468891099241e-07,3413,0.06778537700301968,2.2173000616021454e-05,220,132790cf81baa72f2baf614043003509c2217d29601bcd4a039a76d44fac2532,experiments/mirror_applications/ma-271-oft-mirror-task-views/artifacts/payloads/27101_2_aligned_plane_7_oft_independent.bin
development,27101,2,aligned_plane,7,oft_oracle_upper,3.280940745753469e-07,3.131155779101391e-07,3414,0.0,2.0280000171624124e-05,0,b6cbe0ce2c35964a3478458e9715373f179cd17e9fbc38642c519d38f6015b4d,experiments/mirror_applications/ma-271-oft-mirror-task-views/artifacts/payloads/27101_2_aligned_plane_7_oft_oracle_upper.bin
development,27101,2,aligned_plane,7,mirror_angle,0.0,9.61926147624581e-08,3156,0.018740183004410937,2.2302992874756455e-05,0,8d4a514a4d2abba86ddd35b81ee7bb77315a2c929263739b943356c9c00717b3,experiments/mirror_applications/ma-271-oft-mirror-task-views/artifacts/payloads/27101_2_aligned_plane_7_mirror_angle.bin
development,27101,2,aligned_plane,7,generic_plane_scalar,0.0,9.61926147624581e-08,3164,0.018740183004410937,2.060100086964667e-05,0,9609c5f5ec898ac3888bc11eea944c3b9a6b6d1dcdedafc80dd98f19f1ef4c65,experiments/mirror_applications/ma-271-oft-mirror-task-views/artifacts/payloads/27101_2_aligned_plane_7_generic_plane_scalar.bin
development,27101,2,aligned_plane,7,shared_identity,0.28252702951431274,0.0,3413,0.0,2.038000093307346e-05,0,672c2764ac4237ab89f01eda3fdae63abb8d2688f6418df373bf400cf9c63494,experiments/mirror_applications/ma-271-oft-mirror-task-views/artifacts/payloads/27101_2_aligned_plane_7_shared_identity.bin
development,27101,2,independent_orthogonal,0,oft_independent,0.32671797275543213,2.7693701554198924e-07,3413,0.06242541999381501,2.0589999621734023e-05,220,c0f29f7697a9195975489717073d80885703b1c31f9de87c9600359792031f98,experiments/mirror_applications/ma-271-oft-mirror-task-views/artifacts/payloads/27101_2_independent_orthogonal_0_oft_independent.bin
development,27101,2,independent_orthogonal,0,oft_oracle_upper,6.018217959535832e-07,3.3491750173197943e-07,3414,0.0,1.9229002646170557e-05,0,554420a76099c387046824b6140acce095e650892258eb45e9f2dbf400b03c83,experiments/mirror_applications/ma-271-oft-mirror-task-views/artifacts/payloads/27101_2_independent_orthogonal_0_oft_oracle_upper.bin
development,27101,2,independent_orthogonal,0,shared_identity,1.5476375818252563,0.0,3413,0.0,2.0549996406771243e-05,0,672c2764ac4237ab89f01eda3fdae63abb8d2688f6418df373bf400cf9c63494,experiments/mirror_applications/ma-271-oft-mirror-task-views/artifacts/payloads/27101_2_independent_orthogonal_0_shared_identity.bin
development,27101,2,independent_orthogonal,1,oft_independent,0.25595802068710327,2.508516274701833e-07,3413,0.07393166499969084,2.3754997528158128e-05,220,46caa3dda5675e06b32a02ffa9195fd1449a5ca7589c9a58ee2fa05690f68f21,experiments/mirror_applications/ma-271-oft-mirror-task-views/artifacts/payloads/27101_2_independent_orthogonal_1_oft_independent.bin
development,27101,2,independent_orthogonal,1,oft_oracle_upper,4.4868536974718154e-07,3.315007006676751e-07,3414,0.0,1.8687002011574805e-05,0,5c981a7e24093ff53c10f04836b4accb89a5d8df600c2c12f39f1caaa6baffd8,experiments/mirror_applications/ma-271-oft-mirror-task-views/artifacts/payloads/27101_2_independent_orthogonal_1_oft_oracle_upper.bin
development,27101,2,independent_orthogonal,1,shared_identity,1.3838151693344116,0.0,3413,0.0,2.052000490948558e-05,0,672c2764ac4237ab89f01eda3fdae63abb8d2688f6418df373bf400cf9c63494,experiments/mirror_applications/ma-271-oft-mirror-task-views/artifacts/payloads/27101_2_independent_orthogonal_1_shared_identity.bin
development,27101,2,independent_orthogonal,2,oft_independent,0.06207052245736122,2.9005630608480715e-07,3413,0.07497566699748859,2.1772997570224106e-05,220,153a9f4ad8430f6dab2bfe31661f9158e9dff713bee3699b4faea15628925e6d,experiments/mirror_applications/ma-271-oft-mirror-task-views/artifacts/payloads/27101_2_independent_orthogonal_2_oft_independent.bin
development,27101,2,independent_orthogonal,2,oft_oracle_upper,5.22514199019497e-07,3.538387147727917e-07,3414,0.0,1.977900683414191e-05,0,9b982136adf542b27f31a3d069687ede021de9481af5a7df99c44cf888f75718,experiments/mirror_applications/ma-271-oft-mirror-task-views/artifacts/payloads/27101_2_independent_orthogonal_2_oft_oracle_upper.bin
development,27101,2,independent_orthogonal,2,shared_identity,1.176820158958435,0.0,3413,0.0,1.6234000213444233e-05,0,672c2764ac4237ab89f01eda3fdae63abb8d2688f6418df373bf400cf9c63494,experiments/mirror_applications/ma-271-oft-mirror-task-views/artifacts/payloads/27101_2_independent_orthogonal_2_shared_identity.bin
development,27101,2,independent_orthogonal,3,oft_independent,0.26339292526245117,2.6698842248151777e-07,3413,0.06821860899799503,2.271399716846645e-05,220,a931b0118a8f18dbf4c4f70c3c9568928a5f93ba277279aaa716e88acbf4add5,experiments/mirror_applications/ma-271-oft-mirror-task-views/artifacts/payloads/27101_2_independent_orthogonal_3_oft_independent.bin
development,27101,2,independent_orthogonal,3,oft_oracle_upper,5.695445111086883e-07,4.976203626938513e-07,3414,0.0,1.577399962116033e-05,0,8fb894aaa3d7ea6179d22c0fbb4ffd0db1be22e863591f9685a4d40a831eb09f,experiments/mirror_applications/ma-271-oft-mirror-task-views/artifacts/payloads/27101_2_independent_orthogonal_3_oft_oracle_upper.bin
development,27101,2,independent_orthogonal,3,shared_identity,1.6163476705551147,0.0,3413,0.0,1.7376005416736007e-05,0,672c2764ac4237ab89f01eda3fdae63abb8d2688f6418df373bf400cf9c63494,experiments/mirror_applications/ma-271-oft-mirror-task-views/artifacts/payloads/27101_2_independent_orthogonal_3_shared_identity.bin
development,27101,2,independent_orthogonal,4,oft_independent,0.26498013734817505,2.6232140726278885e-07,3413,0.07339603699801955,2.1441999706439674e-05,220,2f1fce78c3489e59bb6ec71ebd821d857b0e190cc45ec1e3917d8a3eca7cd950,experiments/mirror_applications/ma-271-oft-mirror-task-views/artifacts/payloads/27101_2_independent_orthogonal_4_oft_independent.bin
development,27101,2,independent_orthogonal,4,oft_oracle_upper,6.360232873703353e-07,3.4859115771723737e-07,3414,0.0,1.1828000424429774e-05,0,3b29e2cedead76e57eb720e820f1a14b206d0963ec068242f038eafffd1be0ed,experiments/mirror_applications/ma-271-oft-mirror-task-views/artifacts/payloads/27101_2_independent_orthogonal_4_oft_oracle_upper.bin
development,27101,2,independent_orthogonal,4,shared_identity,1.6301482915878296,0.0,3413,0.0,1.461101055610925e-05,0,672c2764ac4237ab89f01eda3fdae63abb8d2688f6418df373bf400cf9c63494,experiments/mirror_applications/ma-271-oft-mirror-task-views/artifacts/payloads/27101_2_independent_orthogonal_4_shared_identity.bin
development,27101,2,independent_orthogonal,5,oft_independent,0.03991485759615898,2.7747810804612527e-07,3413,0.06794698699377477,1.9279003026895225e-05,220,70a2ed7ead1f18a3b269b98c65807a5d7c3ca60609da7539536f642c19a1486f,experiments/mirror_applications/ma-271-oft-mirror-task-views/artifacts/payloads/27101_2_independent_orthogonal_5_oft_independent.bin
development,27101,2,independent_orthogonal,5,oft_oracle_upper,4.141168403748452e-07,3.434438156091346e-07,3414,0.0,6.575799488928169e-05,0,0b1f6a7c866c5f5a46c9fd00f1b1f3ec260cf91619059a457f3ac6da9abad58a,experiments/mirror_applications/ma-271-oft-mirror-task-views/artifacts/payloads/27101_2_independent_orthogonal_5_oft_oracle_upper.bin
development,27101,2,independent_orthogonal,5,shared_identity,1.7065092325210571,0.0,3413,0.0,3.564299549907446e-05,0,672c2764ac4237ab89f01eda3fdae63abb8d2688f6418df373bf400cf9c63494,experiments/mirror_applications/ma-271-oft-mirror-task-views/artifacts/payloads/27101_2_independent_orthogonal_5_shared_identity.bin
development,27101,2,independent_orthogonal,6,oft_independent,0.2647033631801605,2.6411265707793063e-07,3413,0.07788540598994587,1.8948005163110793e-05,220,b5e26ad25fccc04ec9918f5b3e70ccaaec765196602aa15cca173dad5fb25031,experiments/mirror_applications/ma-271-oft-mirror-task-views/artifacts/payloads/27101_2_independent_orthogonal_6_oft_independent.bin
development,27101,2,independent_orthogonal,6,oft_oracle_upper,5.017136572860181e-07,3.0429546882260183e-07,3414,0.0,1.2599004548974335e-05,0,c23537ec869011a05ed204269ff960161929f10d4d2c0f6d3aefb302770f225d,experiments/mirror_applications/ma-271-oft-mirror-task-views/artifacts/payloads/27101_2_independent_orthogonal_6_oft_oracle_upper.bin
development,27101,2,independent_orthogonal,6,shared_identity,1.5035661458969116,0.0,3413,0.0,1.3860000763088465e-05,0,672c2764ac4237ab89f01eda3fdae63abb8d2688f6418df373bf400cf9c63494,experiments/mirror_applications/ma-271-oft-mirror-task-views/artifacts/payloads/27101_2_independent_orthogonal_6_shared_identity.bin
development,27101,2,independent_orthogonal,7,oft_independent,0.26266196370124817,2.923433441992529e-07,3413,0.06950858999334741,2.2913998691365123e-05,220,630e66cfa08e65f737ac9488251a4d9e554e25a970ead1b5bb0ff5bef67817ae,experiments/mirror_applications/ma-271-oft-mirror-task-views/artifacts/payloads/27101_2_independent_orthogonal_7_oft_independent.bin
development,27101,2,independent_orthogonal,7,oft_oracle_upper,3.81183809849972e-07,3.5725693692256755e-07,3414,0.0,1.5092999092303216e-05,0,fea96e8f9860cb8d81e5371702c6e5788e1b838ce3433824b1ecc772ec1f4138,experiments/mirror_applications/ma-271-oft-mirror-task-views/artifacts/payloads/27101_2_independent_orthogonal_7_oft_oracle_upper.bin
development,27101,2,independent_orthogonal,7,shared_identity,1.4535528421401978,0.0,3413,0.0,2.0710998796857893e-05,0,672c2764ac4237ab89f01eda3fdae63abb8d2688f6418df373bf400cf9c63494,experiments/mirror_applications/ma-271-oft-mirror-task-views/artifacts/payloads/27101_2_independent_orthogonal_7_shared_identity.bin
