phase,world,seed,stratum,task,method,nrmse,geometry_distortion,payload_bytes,fit_seconds,apply_seconds,updates,sha256,path
fresh,27110,0,aligned_plane,0,oft_independent,0.0006588588003069162,2.689178586479102e-07,3413,0.06145750200084876,1.6324003809131682e-05,220,070d3e677f26dca125c6338dbe99f3febb92a5aa3858238e958cdbaf3904b46b,experiments/mirror_applications/ma-271-oft-mirror-task-views/artifacts/payloads/27110_0_aligned_plane_0_oft_independent.bin
fresh,27110,0,aligned_plane,0,oft_oracle_upper,3.3684239042486297e-07,3.5191456504435337e-07,3414,0.0,1.1797004844993353e-05,0,93ac840caab76b6f61685b24c3b1e3f26c057d52ac1db28f3bd51cfe4f1e2a22,experiments/mirror_applications/ma-271-oft-mirror-task-views/artifacts/payloads/27110_0_aligned_plane_0_oft_oracle_upper.bin
fresh,27110,0,aligned_plane,0,mirror_angle,0.0,1.1718064740762202e-07,3156,0.017699010990327224,1.1276992154307663e-05,0,05fbf3a36cfc18be5c55e7f63dcf4421737c1d16e4411a0460ac8574df97f73d,experiments/mirror_applications/ma-271-oft-mirror-task-views/artifacts/payloads/27110_0_aligned_plane_0_mirror_angle.bin
fresh,27110,0,aligned_plane,0,generic_plane_scalar,0.0,1.1718064740762202e-07,3164,0.017699010990327224,1.107600110117346e-05,0,31c69dd394def66add76ed56bc02cb1e210ca159bae391fcea0069a058f2da35,experiments/mirror_applications/ma-271-oft-mirror-task-views/artifacts/payloads/27110_0_aligned_plane_0_generic_plane_scalar.bin
fresh,27110,0,aligned_plane,0,shared_identity,0.3634819984436035,0.0,3413,0.0,1.0925999958999455e-05,0,89d327fbac5ec80aa459f8d106201a95b4b6581042d6a640bb8be400c643a01e,experiments/mirror_applications/ma-271-oft-mirror-task-views/artifacts/payloads/27110_0_aligned_plane_0_shared_identity.bin
fresh,27110,0,aligned_plane,1,oft_independent,2.8779334115824895e-06,2.5121934754679387e-07,3413,0.06252628500806168,1.5042009181343019e-05,220,667a78b95ef20bfb4578d1e2b4b020087ede5bebc3cace8819c1635b22532778,experiments/mirror_applications/ma-271-oft-mirror-task-views/artifacts/payloads/27110_0_aligned_plane_1_oft_independent.bin
fresh,27110,0,aligned_plane,1,oft_oracle_upper,3.1652962206862867e-07,2.8933229145877704e-07,3414,0.0,1.304999750573188e-05,0,59f9de4820240aab9da2a32fb48fe3fc1ea3ba0531d1265901b3aa3e359fbaab,experiments/mirror_applications/ma-271-oft-mirror-task-views/artifacts/payloads/27110_0_aligned_plane_1_oft_oracle_upper.bin
fresh,27110,0,aligned_plane,1,mirror_angle,0.0,1.3579662550000648e-07,3156,0.01767806899442803,1.0976000339724123e-05,0,4de628b48da07e301a45552f268acd96db5460e1a265675c1c43d23c9d4c283c,experiments/mirror_applications/ma-271-oft-mirror-task-views/artifacts/payloads/27110_0_aligned_plane_1_mirror_angle.bin
fresh,27110,0,aligned_plane,1,generic_plane_scalar,0.0,1.3579662550000648e-07,3164,0.01767806899442803,1.1066003935411572e-05,0,c35c8ae8e49456e562cbbd4a02a96bf13ab68940355dcf8396a98468bb61519b,experiments/mirror_applications/ma-271-oft-mirror-task-views/artifacts/payloads/27110_0_aligned_plane_1_generic_plane_scalar.bin
fresh,27110,0,aligned_plane,1,shared_identity,0.2618904411792755,0.0,3413,0.0,1.03049969766289e-05,0,89d327fbac5ec80aa459f8d106201a95b4b6581042d6a640bb8be400c643a01e,experiments/mirror_applications/ma-271-oft-mirror-task-views/artifacts/payloads/27110_0_aligned_plane_1_shared_identity.bin
fresh,27110,0,aligned_plane,2,oft_independent,2.634052407302079e-06,2.600814070774504e-07,3413,0.062264175998279825,1.4871999155730009e-05,220,39cc805f5f994473f7232193e20ebc1a6f316a283e58134ad3d2e3fde2db9e70,experiments/mirror_applications/ma-271-oft-mirror-task-views/artifacts/payloads/27110_0_aligned_plane_2_oft_independent.bin
fresh,27110,0,aligned_plane,2,oft_oracle_upper,4.026055080430524e-07,3.4544842719697044e-07,3414,0.0,1.0945994290523231e-05,0,3f869ad69e00571032ee8f7da4ea19942b2ec40c9a451496084736905ab02209,experiments/mirror_applications/ma-271-oft-mirror-task-views/artifacts/payloads/27110_0_aligned_plane_2_oft_oracle_upper.bin
fresh,27110,0,aligned_plane,2,mirror_angle,2.5425110905530346e-08,1.12086809167522e-07,3156,0.01825316098984331,1.3971002772450447e-05,0,75a82671f714ee0ead42dccd8fc48f5deaf19a3717f6c586c8638b34ddab05df,experiments/mirror_applications/ma-271-oft-mirror-task-views/artifacts/payloads/27110_0_aligned_plane_2_mirror_angle.bin
fresh,27110,0,aligned_plane,2,generic_plane_scalar,2.5425110905530346e-08,1.12086809167522e-07,3164,0.01825316098984331,1.4412013115361333e-05,0,2f59cbe69fcf2e0b365ed88503208ea2778782356db4a5f78e727a9b6ac74963,experiments/mirror_applications/ma-271-oft-mirror-task-views/artifacts/payloads/27110_0_aligned_plane_2_generic_plane_scalar.bin
fresh,27110,0,aligned_plane,2,shared_identity,0.15804235637187958,0.0,3413,0.0,1.1026000720448792e-05,0,89d327fbac5ec80aa459f8d106201a95b4b6581042d6a640bb8be400c643a01e,experiments/mirror_applications/ma-271-oft-mirror-task-views/artifacts/payloads/27110_0_aligned_plane_2_shared_identity.bin
fresh,27110,0,aligned_plane,3,oft_independent,3.6770120459550526e-06,2.5228584377146035e-07,3413,0.06087213499995414,1.4420991647057235e-05,220,4a13c79ec77e4471615a5184a99735ff39427f70cc28fc3abca854e530a78734,experiments/mirror_applications/ma-271-oft-mirror-task-views/artifacts/payloads/27110_0_aligned_plane_3_oft_independent.bin
fresh,27110,0,aligned_plane,3,oft_oracle_upper,3.7322158163988206e-07,3.8483963749058603e-07,3414,0.0,1.1066003935411572e-05,0,2869b189a9341c6b295ecaca2bcf17b089b3d6ab8ecd3b5f864c1f4e92e3e636,experiments/mirror_applications/ma-271-oft-mirror-task-views/artifacts/payloads/27110_0_aligned_plane_3_oft_oracle_upper.bin
fresh,27110,0,aligned_plane,3,mirror_angle,0.0,1.241889293623899e-07,3156,0.017658078999374993,1.4891993487253785e-05,0,2ddd1c37ba9ef8d23494db4ab8a5b35d980712c60b348ac2483c4e153b31ac82,experiments/mirror_applications/ma-271-oft-mirror-task-views/artifacts/payloads/27110_0_aligned_plane_3_mirror_angle.bin
fresh,27110,0,aligned_plane,3,generic_plane_scalar,0.0,1.241889293623899e-07,3164,0.017658078999374993,1.4411009033210576e-05,0,e88e1a2be0464c98f4a25bd8e8a9a37d735f724b4d824bae158351bf00d6a86a,experiments/mirror_applications/ma-271-oft-mirror-task-views/artifacts/payloads/27110_0_aligned_plane_3_generic_plane_scalar.bin
fresh,27110,0,aligned_plane,3,shared_identity,0.05283252149820328,0.0,3413,0.0,1.4200995792634785e-05,0,89d327fbac5ec80aa459f8d106201a95b4b6581042d6a640bb8be400c643a01e,experiments/mirror_applications/ma-271-oft-mirror-task-views/artifacts/payloads/27110_0_aligned_plane_3_shared_identity.bin
fresh,27110,0,aligned_plane,4,oft_independent,1.8738443259280757e-06,2.3176414742920315e-07,3413,0.060053754001273774,1.4200995792634785e-05,220,5cd004c2a557f2bbc41da542a0cd97fb73360803a9045d54dab4006816f4ad86,experiments/mirror_applications/ma-271-oft-mirror-task-views/artifacts/payloads/27110_0_aligned_plane_4_oft_independent.bin
fresh,27110,0,aligned_plane,4,oft_oracle_upper,3.4557203321128327e-07,3.2353423762288003e-07,3414,0.0,1.1416996130719781e-05,0,e3ce50b9926f3bdbd2ae30f557c80a8894d0b95a15fbd6cf5e9fc40a58e375d7,experiments/mirror_applications/ma-271-oft-mirror-task-views/artifacts/payloads/27110_0_aligned_plane_4_oft_oracle_upper.bin
fresh,27110,0,aligned_plane,4,mirror_angle,0.0,1.283531929630044e-07,3156,0.0172832539974479,1.1095995432697237e-05,0,de7ed74d6bf1762a100551c6dd6847142792cfe7957cf40337d47bc50c536490,experiments/mirror_applications/ma-271-oft-mirror-task-views/artifacts/payloads/27110_0_aligned_plane_4_mirror_angle.bin
fresh,27110,0,aligned_plane,4,generic_plane_scalar,0.0,1.283531929630044e-07,3164,0.0172832539974479,1.150699972640723e-05,0,4ce683ec1c3139e7cc8b5efdb2144caef0f7d518ce18785ab1dcf31f6533b470,experiments/mirror_applications/ma-271-oft-mirror-task-views/artifacts/payloads/27110_0_aligned_plane_4_generic_plane_scalar.bin
fresh,27110,0,aligned_plane,4,shared_identity,0.052832528948783875,0.0,3413,0.0,4.873199213761836e-05,0,89d327fbac5ec80aa459f8d106201a95b4b6581042d6a640bb8be400c643a01e,experiments/mirror_applications/ma-271-oft-mirror-task-views/artifacts/payloads/27110_0_aligned_plane_4_shared_identity.bin
fresh,27110,0,aligned_plane,5,oft_independent,3.366135615578969e-06,2.427983076813689e-07,3413,0.060790674993768334,1.7566009773872793e-05,220,9dd85b30cb4e761344d146c8b62f4ac5b9cbf5d0022a7b47b06bcb7626905954,experiments/mirror_applications/ma-271-oft-mirror-task-views/artifacts/payloads/27110_0_aligned_plane_5_oft_independent.bin
fresh,27110,0,aligned_plane,5,oft_oracle_upper,2.7164099947185605e-07,2.810429009514337e-07,3414,0.0,1.4642006135545671e-05,0,93a4c7e51c50dec8dd78afd7f9df8866f59da1c840b54f5e8254ef0fdbe93d5e,experiments/mirror_applications/ma-271-oft-mirror-task-views/artifacts/payloads/27110_0_aligned_plane_5_oft_oracle_upper.bin
fresh,27110,0,aligned_plane,5,mirror_angle,0.0,1.1667040666907269e-07,3156,0.017842453002231196,1.2509000953286886e-05,0,c1c0ed9f58d84ec91f0e979c4f0a7a3903b3714aa220c6c9f27b0ffbce47278f,experiments/mirror_applications/ma-271-oft-mirror-task-views/artifacts/payloads/27110_0_aligned_plane_5_mirror_angle.bin
fresh,27110,0,aligned_plane,5,generic_plane_scalar,0.0,1.1667040666907269e-07,3164,0.017842453002231196,1.5502999303862453e-05,0,469643e852127cbfa214576c2c1618739fb4767a664dad88d788f22dbebcd8d9,experiments/mirror_applications/ma-271-oft-mirror-task-views/artifacts/payloads/27110_0_aligned_plane_5_generic_plane_scalar.bin
fresh,27110,0,aligned_plane,5,shared_identity,0.15804234147071838,0.0,3413,0.0,1.0935997124761343e-05,0,89d327fbac5ec80aa459f8d106201a95b4b6581042d6a640bb8be400c643a01e,experiments/mirror_applications/ma-271-oft-mirror-task-views/artifacts/payloads/27110_0_aligned_plane_5_shared_identity.bin
fresh,27110,0,aligned_plane,6,oft_independent,1.8717490775088663e-06,2.624724970701209e-07,3413,0.06158656299521681,1.8717997591011226e-05,220,e38b515f380c5efa63474e21ffbad28812a78239da7def1b269bc74e0c9f1129,experiments/mirror_applications/ma-271-oft-mirror-task-views/artifacts/payloads/27110_0_aligned_plane_6_oft_independent.bin
fresh,27110,0,aligned_plane,6,oft_oracle_upper,4.404783453537675e-07,5.827723725815304e-07,3414,0.0,1.0916002793237567e-05,0,c092a9447d4f2a21ca22220a356aa905eec7becf00f4f24d317885c83b62806b,experiments/mirror_applications/ma-271-oft-mirror-task-views/artifacts/payloads/27110_0_aligned_plane_6_oft_oracle_upper.bin
fresh,27110,0,aligned_plane,6,mirror_angle,0.0,1.2188273501578806e-07,3156,0.017149797989986837,1.3550990843214095e-05,0,5f844926b87333428a84f6b200c84b01ba86ab91b43428c1241bdd6a3b9b6c35,experiments/mirror_applications/ma-271-oft-mirror-task-views/artifacts/payloads/27110_0_aligned_plane_6_mirror_angle.bin
fresh,27110,0,aligned_plane,6,generic_plane_scalar,0.0,1.2188273501578806e-07,3164,0.017149797989986837,1.3609998859465122e-05,0,ec51574fff92892fb26b3bfc0fe99291ef1e8af4831048f7c03e37f8947819e4,experiments/mirror_applications/ma-271-oft-mirror-task-views/artifacts/payloads/27110_0_aligned_plane_6_generic_plane_scalar.bin
fresh,27110,0,aligned_plane,6,shared_identity,0.2618904113769531,0.0,3413,0.0,1.116600469686091e-05,0,89d327fbac5ec80aa459f8d106201a95b4b6581042d6a640bb8be400c643a01e,experiments/mirror_applications/ma-271-oft-mirror-task-views/artifacts/payloads/27110_0_aligned_plane_6_shared_identity.bin
fresh,27110,0,aligned_plane,7,oft_independent,3.0826763577351812e-06,2.617550478589692e-07,3413,0.05974618799518794,6.494700210168958e-05,220,d7a9e7bd90201f1d70424c081181a53e2be1203dbd329993c93629fbb103c1b6,experiments/mirror_applications/ma-271-oft-mirror-task-views/artifacts/payloads/27110_0_aligned_plane_7_oft_independent.bin
fresh,27110,0,aligned_plane,7,oft_oracle_upper,2.6042843614959565e-07,2.782715853300033e-07,3414,0.0,1.4972989447414875e-05,0,4135ef118a2b3f432697fbd014ffd6e3dd0f34488dddc9859288c8c9313f9508,experiments/mirror_applications/ma-271-oft-mirror-task-views/artifacts/payloads/27110_0_aligned_plane_7_oft_oracle_upper.bin
fresh,27110,0,aligned_plane,7,mirror_angle,0.0,1.1664314314430158e-07,3156,0.01732317399000749,1.1205993359908462e-05,0,be9619b6f247cf3cfdfe04124683821cfc3387aac714fc41333195991362b0d8,experiments/mirror_applications/ma-271-oft-mirror-task-views/artifacts/payloads/27110_0_aligned_plane_7_mirror_angle.bin
fresh,27110,0,aligned_plane,7,generic_plane_scalar,0.0,1.1664314314430158e-07,3164,0.01732317399000749,1.3851007679477334e-05,0,7c5f4ea11a323609ccb209c112f9c5be1501e77c95b97877640cb7826d1f268b,experiments/mirror_applications/ma-271-oft-mirror-task-views/artifacts/payloads/27110_0_aligned_plane_7_generic_plane_scalar.bin
fresh,27110,0,aligned_plane,7,shared_identity,0.3634820282459259,0.0,3413,0.0,1.0836010915227234e-05,0,89d327fbac5ec80aa459f8d106201a95b4b6581042d6a640bb8be400c643a01e,experiments/mirror_applications/ma-271-oft-mirror-task-views/artifacts/payloads/27110_0_aligned_plane_7_shared_identity.bin
fresh,27110,0,independent_orthogonal,0,oft_independent,0.12593504786491394,2.971461583456403e-07,3413,0.061523419004515745,1.776599674485624e-05,220,fc9c93d6337a25852db6263b07ac122f7840a5f4c6b6480b10e581b51fb39e2b,experiments/mirror_applications/ma-271-oft-mirror-task-views/artifacts/payloads/27110_0_independent_orthogonal_0_oft_independent.bin
fresh,27110,0,independent_orthogonal,0,oft_oracle_upper,3.896378473200457e-07,3.420269081289007e-07,3414,0.0,1.128700387198478e-05,0,ddb5a01b43bcb79e8a817beab32e17f9d82714fd08fee9c275b009e0730f45a6,experiments/mirror_applications/ma-271-oft-mirror-task-views/artifacts/payloads/27110_0_independent_orthogonal_0_oft_oracle_upper.bin
fresh,27110,0,independent_orthogonal,0,shared_identity,1.2716474533081055,0.0,3413,0.0,1.1577008990570903e-05,0,89d327fbac5ec80aa459f8d106201a95b4b6581042d6a640bb8be400c643a01e,experiments/mirror_applications/ma-271-oft-mirror-task-views/artifacts/payloads/27110_0_independent_orthogonal_0_shared_identity.bin
fresh,27110,0,independent_orthogonal,1,oft_independent,0.026148583739995956,2.746053269220283e-07,3413,0.060178949002875015,1.918799534905702e-05,220,f3e2bcd64412632687ef0e54accb6d25c482e4578a8cb9c6a2b299ebfa6c8ad1,experiments/mirror_applications/ma-271-oft-mirror-task-views/artifacts/payloads/27110_0_independent_orthogonal_1_oft_independent.bin
fresh,27110,0,independent_orthogonal,1,oft_oracle_upper,3.795493910274672e-07,3.49340695038336e-07,3414,0.0,1.1768002877943218e-05,0,53e83f1df1475254c0aa4db63e847be82a149558c23b19555bf4bc2faf874842,experiments/mirror_applications/ma-271-oft-mirror-task-views/artifacts/payloads/27110_0_independent_orthogonal_1_oft_oracle_upper.bin
fresh,27110,0,independent_orthogonal,1,shared_identity,1.286848545074463,0.0,3413,0.0,1.4200995792634785e-05,0,89d327fbac5ec80aa459f8d106201a95b4b6581042d6a640bb8be400c643a01e,experiments/mirror_applications/ma-271-oft-mirror-task-views/artifacts/payloads/27110_0_independent_orthogonal_1_shared_identity.bin
fresh,27110,0,independent_orthogonal,2,oft_independent,0.0014650811208412051,2.6412791953589476e-07,3413,0.060495466997963376,1.440099731553346e-05,220,cfcb66bb515ebaf1868c8b5177b7e6f4d21ab99a1a78bd811da80469158facca,experiments/mirror_applications/ma-271-oft-mirror-task-views/artifacts/payloads/27110_0_independent_orthogonal_2_oft_independent.bin
fresh,27110,0,independent_orthogonal,2,oft_oracle_upper,5.844668180543522e-07,3.3084376127590076e-07,3414,0.0,1.2778997188434005e-05,0,81d3112f442767937f831b4aa40dcda16187977ab8abc527f8f4239724905b6f,experiments/mirror_applications/ma-271-oft-mirror-task-views/artifacts/payloads/27110_0_independent_orthogonal_2_oft_oracle_upper.bin
fresh,27110,0,independent_orthogonal,2,shared_identity,1.2481226921081543,0.0,3413,0.0,1.1477008229121566e-05,0,89d327fbac5ec80aa459f8d106201a95b4b6581042d6a640bb8be400c643a01e,experiments/mirror_applications/ma-271-oft-mirror-task-views/artifacts/payloads/27110_0_independent_orthogonal_2_shared_identity.bin
fresh,27110,0,independent_orthogonal,3,oft_independent,0.11023813486099243,3.2056362897492363e-07,3413,0.06621099199401215,2.198200672864914e-05,220,b11cbc85426386064809106a0b278434effdee7eb6a441bceb6bbe536e662a11,experiments/mirror_applications/ma-271-oft-mirror-task-views/artifacts/payloads/27110_0_independent_orthogonal_3_oft_independent.bin
fresh,27110,0,independent_orthogonal,3,oft_oracle_upper,5.091852699479205e-07,5.239689926384017e-07,3414,0.0,2.104099257849157e-05,0,dedebd5aa0a85bdf22eae0219f4f0a82dc002da3b5f5ba61d9c8b63e685e1caf,experiments/mirror_applications/ma-271-oft-mirror-task-views/artifacts/payloads/27110_0_independent_orthogonal_3_oft_oracle_upper.bin
fresh,27110,0,independent_orthogonal,3,shared_identity,1.4414401054382324,0.0,3413,0.0,1.7995989765040576e-05,0,89d327fbac5ec80aa459f8d106201a95b4b6581042d6a640bb8be400c643a01e,experiments/mirror_applications/ma-271-oft-mirror-task-views/artifacts/payloads/27110_0_independent_orthogonal_3_shared_identity.bin
fresh,27110,0,independent_orthogonal,4,oft_independent,0.24138689041137695,2.8989029488002416e-07,3413,0.0631094279960962,2.1081010345369577e-05,220,60baf892aa6a549c9e05c19c72b56c6f62705e3882f38377a5d12eb2a2c2d07a,experiments/mirror_applications/ma-271-oft-mirror-task-views/artifacts/payloads/27110_0_independent_orthogonal_4_oft_independent.bin
fresh,27110,0,independent_orthogonal,4,oft_oracle_upper,5.853250968357315e-07,2.705817223613849e-07,3414,0.0,1.8777995137497783e-05,0,50d64e7b3c5699939675e28b24b06215076347651d3c1179d1495bea7d44ba7d,experiments/mirror_applications/ma-271-oft-mirror-task-views/artifacts/payloads/27110_0_independent_orthogonal_4_oft_oracle_upper.bin
fresh,27110,0,independent_orthogonal,4,shared_identity,1.3845089673995972,0.0,3413,0.0,1.874800364021212e-05,0,89d327fbac5ec80aa459f8d106201a95b4b6581042d6a640bb8be400c643a01e,experiments/mirror_applications/ma-271-oft-mirror-task-views/artifacts/payloads/27110_0_independent_orthogonal_4_shared_identity.bin
fresh,27110,0,independent_orthogonal,5,oft_independent,0.07228311896324158,3.493303211143939e-07,3413,0.06258287800301332,2.1391999325715005e-05,220,9f9f6d99f04adea8a3d9739d395b37d146624aa804836e5cd63286a30810f1d5,experiments/mirror_applications/ma-271-oft-mirror-task-views/artifacts/payloads/27110_0_independent_orthogonal_5_oft_independent.bin
fresh,27110,0,independent_orthogonal,5,oft_oracle_upper,4.4566533574652567e-07,3.947808409066056e-07,3414,0.0,1.8688006093725562e-05,0,cc99c2a093e271ac6ff625522320c8b88b64f3dbfe24594dcabe15bd5d41df8b,experiments/mirror_applications/ma-271-oft-mirror-task-views/artifacts/payloads/27110_0_independent_orthogonal_5_oft_oracle_upper.bin
fresh,27110,0,independent_orthogonal,5,shared_identity,1.3860539197921753,0.0,3413,0.0,1.8506994820199907e-05,0,89d327fbac5ec80aa459f8d106201a95b4b6581042d6a640bb8be400c643a01e,experiments/mirror_applications/ma-271-oft-mirror-task-views/artifacts/payloads/27110_0_independent_orthogonal_5_shared_identity.bin
fresh,27110,0,independent_orthogonal,6,oft_independent,0.06605441868305206,2.7038797156819783e-07,3413,0.06172905499988701,2.3895001504570246e-05,220,3fce43cd6fe9cf19b960067fae593e368075965587c043d5f79a1d3fa240844c,experiments/mirror_applications/ma-271-oft-mirror-task-views/artifacts/payloads/27110_0_independent_orthogonal_6_oft_independent.bin
fresh,27110,0,independent_orthogonal,6,oft_oracle_upper,5.231887598711182e-07,4.578029404456174e-07,3414,0.0,2.332399890292436e-05,0,105cfc8f06fabee7cf05be8ae91accf534b2b98bfca35f25f25374fcc55bbf5d,experiments/mirror_applications/ma-271-oft-mirror-task-views/artifacts/payloads/27110_0_independent_orthogonal_6_oft_oracle_upper.bin
fresh,27110,0,independent_orthogonal,6,shared_identity,1.204980492591858,0.0,3413,0.0,2.3765009245835245e-05,0,89d327fbac5ec80aa459f8d106201a95b4b6581042d6a640bb8be400c643a01e,experiments/mirror_applications/ma-271-oft-mirror-task-views/artifacts/payloads/27110_0_independent_orthogonal_6_shared_identity.bin
fresh,27110,0,independent_orthogonal,7,oft_independent,0.22125208377838135,2.8568800303219177e-07,3413,0.061823923999327235,2.0821011275984347e-05,220,4813bc49a27558280903d18074e27802c36b3e75015218fef774ae5006c5f33d,experiments/mirror_applications/ma-271-oft-mirror-task-views/artifacts/payloads/27110_0_independent_orthogonal_7_oft_independent.bin
fresh,27110,0,independent_orthogonal,7,oft_oracle_upper,4.854150006394775e-07,3.9287164099732763e-07,3414,0.0,1.9629005691967905e-05,0,b9d97ccdd3fbc624186f416845ca55fc9d680a749a2cefaee00ba84403980de8,experiments/mirror_applications/ma-271-oft-mirror-task-views/artifacts/payloads/27110_0_independent_orthogonal_7_oft_oracle_upper.bin
fresh,27110,0,independent_orthogonal,7,shared_identity,1.3800387382507324,0.0,3413,0.0,1.8287988496012986e-05,0,89d327fbac5ec80aa459f8d106201a95b4b6581042d6a640bb8be400c643a01e,experiments/mirror_applications/ma-271-oft-mirror-task-views/artifacts/payloads/27110_0_independent_orthogonal_7_shared_identity.bin
fresh,27110,1,aligned_plane,0,oft_independent,2.9261766485433327e-06,2.9392779765657906e-07,3413,0.06101147200388368,2.982399018947035e-05,220,a5ec4bece43ce200c96909e1a94f8d1fe224a359a511f6a272a05d53f093f7c4,experiments/mirror_applications/ma-271-oft-mirror-task-views/artifacts/payloads/27110_1_aligned_plane_0_oft_independent.bin
fresh,27110,1,aligned_plane,0,oft_oracle_upper,3.849515906040324e-07,3.0805907158537593e-07,3414,0.0,1.8177001038566232e-05,0,c13cfe59868cfee4551f003220f35657a3d6e38ef04c771e74a995c50f46dab1,experiments/mirror_applications/ma-271-oft-mirror-task-views/artifacts/payloads/27110_1_aligned_plane_0_oft_oracle_upper.bin
fresh,27110,1,aligned_plane,0,mirror_angle,0.0,9.915245158254038e-08,3156,0.01874994600075297,1.8717997591011226e-05,0,31bce7ef46b6f290a45a3d0aae2c089ff488d51d07032cd5ff8e7ba0e7c74454,experiments/mirror_applications/ma-271-oft-mirror-task-views/artifacts/payloads/27110_1_aligned_plane_0_mirror_angle.bin
fresh,27110,1,aligned_plane,0,generic_plane_scalar,0.0,9.915245158254038e-08,3164,0.01874994600075297,2.0570005290210247e-05,0,2ce1a76f67aed1f83c76d0f2c47b5f490dc0252f002b57f1be6741d41c576be6,experiments/mirror_applications/ma-271-oft-mirror-task-views/artifacts/payloads/27110_1_aligned_plane_0_generic_plane_scalar.bin
fresh,27110,1,aligned_plane,0,shared_identity,0.3515888750553131,0.0,3413,0.0,2.189200313296169e-05,0,c670dda312b9c77f8b36ec5953613a68ef28c006403c762170d33ce7ad1ee28a,experiments/mirror_applications/ma-271-oft-mirror-task-views/artifacts/payloads/27110_1_aligned_plane_0_shared_identity.bin
fresh,27110,1,aligned_plane,1,oft_independent,2.990930624946486e-06,2.8529248652375827e-07,3413,0.061469730993849225,2.121100260410458e-05,220,dd92790fd9da25c4137fe4cfe9e3bd9bd6666f57d7aa6ef580f8b887c94dde36,experiments/mirror_applications/ma-271-oft-mirror-task-views/artifacts/payloads/27110_1_aligned_plane_1_oft_independent.bin
fresh,27110,1,aligned_plane,1,oft_oracle_upper,3.1209791018227406e-07,4.046279684644105e-07,3414,0.0,2.3214000975713134e-05,0,330f08e145b7c115c9afc5082ade050bfcac8fb545d494b1d87a4d75ac372529,experiments/mirror_applications/ma-271-oft-mirror-task-views/artifacts/payloads/27110_1_aligned_plane_1_oft_oracle_upper.bin
fresh,27110,1,aligned_plane,1,mirror_angle,0.0,1.3235889184670668e-07,3156,0.01841483000316657,1.7826998373493552e-05,0,34274e8838b689691b6c59e98c3b1d3e9ef5dac11e69f6691063e551fbc7fbd8,experiments/mirror_applications/ma-271-oft-mirror-task-views/artifacts/payloads/27110_1_aligned_plane_1_mirror_angle.bin
fresh,27110,1,aligned_plane,1,generic_plane_scalar,0.0,1.3235889184670668e-07,3164,0.01841483000316657,1.8578008166514337e-05,0,610c5cdbc15e2f2f639095a92e81b34ea225292e0ee1105a5bf467f6027fa7c8,experiments/mirror_applications/ma-271-oft-mirror-task-views/artifacts/payloads/27110_1_aligned_plane_1_generic_plane_scalar.bin
fresh,27110,1,aligned_plane,1,shared_identity,0.2533213496208191,0.0,3413,0.0,1.7315993318334222e-05,0,c670dda312b9c77f8b36ec5953613a68ef28c006403c762170d33ce7ad1ee28a,experiments/mirror_applications/ma-271-oft-mirror-task-views/artifacts/payloads/27110_1_aligned_plane_1_shared_identity.bin
fresh,27110,1,aligned_plane,2,oft_independent,3.4992228847841034e-06,3.174644405135041e-07,3413,0.062190376993385144,1.995000638999045e-05,220,f8145c7af96f27b15cbded12d8f46030c0997effa8e0022621eaf1ae4c8ebb14,experiments/mirror_applications/ma-271-oft-mirror-task-views/artifacts/payloads/27110_1_aligned_plane_2_oft_independent.bin
fresh,27110,1,aligned_plane,2,oft_oracle_upper,3.0977022902334284e-07,3.5628585237645893e-07,3414,0.0,1.8368009477853775e-05,0,5ac9aa4ec76facbfdb5b04b5d9268051e8393c243dae145db27f0297d34fda8a,experiments/mirror_applications/ma-271-oft-mirror-task-views/artifacts/payloads/27110_1_aligned_plane_2_oft_oracle_upper.bin
fresh,27110,1,aligned_plane,2,mirror_angle,2.4661234832024093e-08,1.1084901530011848e-07,3156,0.019775155000388622,2.0179999410174787e-05,0,f5dfe0c30455a34412f062a819a74ce9cdc32a11aa659043d5aab12d5b15de3f,experiments/mirror_applications/ma-271-oft-mirror-task-views/artifacts/payloads/27110_1_aligned_plane_2_mirror_angle.bin
fresh,27110,1,aligned_plane,2,generic_plane_scalar,2.4661234832024093e-08,1.1084901530011848e-07,3164,0.019775155000388622,2.1993007976561785e-05,0,a66deb740b586967d4d06c759078101c0ac898c7d9e388e5d5a0b93211b1cf5e,experiments/mirror_applications/ma-271-oft-mirror-task-views/artifacts/payloads/27110_1_aligned_plane_2_generic_plane_scalar.bin
fresh,27110,1,aligned_plane,2,shared_identity,0.15287120640277863,0.0,3413,0.0,2.1472005755640566e-05,0,c670dda312b9c77f8b36ec5953613a68ef28c006403c762170d33ce7ad1ee28a,experiments/mirror_applications/ma-271-oft-mirror-task-views/artifacts/payloads/27110_1_aligned_plane_2_shared_identity.bin
fresh,27110,1,aligned_plane,3,oft_independent,3.1274830689653754e-06,2.937505882982805e-07,3413,0.06786479100992437,2.34440085478127e-05,220,93a3bfa247c722c03097368734972e7039e7d6a494612e145dc5a75af43e4c3d,experiments/mirror_applications/ma-271-oft-mirror-task-views/artifacts/payloads/27110_1_aligned_plane_3_oft_independent.bin
fresh,27110,1,aligned_plane,3,oft_oracle_upper,3.4539607440819964e-07,3.142895650398714e-07,3414,0.0,2.0330000552348793e-05,0,46ae48a694bde838f265515fc56f076a375061cfb4428b8bce1fb57584f256c5,experiments/mirror_applications/ma-271-oft-mirror-task-views/artifacts/payloads/27110_1_aligned_plane_3_oft_oracle_upper.bin
fresh,27110,1,aligned_plane,3,mirror_angle,0.0,1.1608972982912746e-07,3156,0.018467077999957837,5.8246005210094154e-05,0,bab75c0f05b9e94cd6d2e4eaf2a6955c7773c15b2853f573b751609a7a531531,experiments/mirror_applications/ma-271-oft-mirror-task-views/artifacts/payloads/27110_1_aligned_plane_3_mirror_angle.bin
fresh,27110,1,aligned_plane,3,generic_plane_scalar,0.0,1.1608972982912746e-07,3164,0.018467077999957837,2.1220999769866467e-05,0,aa2afcac14f59f0354342d36eb8ab2e216eaa558fad6bb10931e1e94ef059cae,experiments/mirror_applications/ma-271-oft-mirror-task-views/artifacts/payloads/27110_1_aligned_plane_3_generic_plane_scalar.bin
fresh,27110,1,aligned_plane,3,shared_identity,0.05110384151339531,0.0,3413,0.0,1.926800177898258e-05,0,c670dda312b9c77f8b36ec5953613a68ef28c006403c762170d33ce7ad1ee28a,experiments/mirror_applications/ma-271-oft-mirror-task-views/artifacts/payloads/27110_1_aligned_plane_3_shared_identity.bin
fresh,27110,1,aligned_plane,4,oft_independent,2.3439424694515765e-06,2.9380206001405895e-07,3413,0.06472403900988866,1.9377999706193805e-05,220,ea69fd22f6106db26d547d79ce9fa2dc9f6b60b6c882b263996941c5bcf69e39,experiments/mirror_applications/ma-271-oft-mirror-task-views/artifacts/payloads/27110_1_aligned_plane_4_oft_independent.bin
fresh,27110,1,aligned_plane,4,oft_oracle_upper,3.7679689057767973e-07,3.776092967200384e-07,3414,0.0,1.834800059441477e-05,0,8ba5469ae4f7481d9486849ca4fecc90ee29648187cbf8484c74aacc432adc53,experiments/mirror_applications/ma-271-oft-mirror-task-views/artifacts/payloads/27110_1_aligned_plane_4_oft_oracle_upper.bin
fresh,27110,1,aligned_plane,4,mirror_angle,0.0,1.5648016926661512e-07,3156,0.018186934001278132,1.7986007151193917e-05,0,ac6c6167e29aa125a0ff5b421c55c6bde62c1899c5130df2273de67f8b3d8fbc,experiments/mirror_applications/ma-271-oft-mirror-task-views/artifacts/payloads/27110_1_aligned_plane_4_mirror_angle.bin
fresh,27110,1,aligned_plane,4,generic_plane_scalar,0.0,1.5648016926661512e-07,3164,0.018186934001278132,1.809699460864067e-05,0,8eab78de01ddb254720df7c928b2ddb6496d15c77add4c2a60b9447ca5844369,experiments/mirror_applications/ma-271-oft-mirror-task-views/artifacts/payloads/27110_1_aligned_plane_4_generic_plane_scalar.bin
fresh,27110,1,aligned_plane,4,shared_identity,0.0511038564145565,0.0,3413,0.0,1.7605998436920345e-05,0,c670dda312b9c77f8b36ec5953613a68ef28c006403c762170d33ce7ad1ee28a,experiments/mirror_applications/ma-271-oft-mirror-task-views/artifacts/payloads/27110_1_aligned_plane_4_shared_identity.bin
fresh,27110,1,aligned_plane,5,oft_independent,0.012286433950066566,3.080123747167818e-07,3413,0.062091510990285315,2.0509993191808462e-05,220,89e2a04ae60ef926c5becec28f7ae208ae4ebf49e6a02053e76c782933ffbb3e,experiments/mirror_applications/ma-271-oft-mirror-task-views/artifacts/payloads/27110_1_aligned_plane_5_oft_independent.bin
fresh,27110,1,aligned_plane,5,oft_oracle_upper,3.2786738302093e-07,3.4146430039072584e-07,3414,0.0,1.840699405875057e-05,0,ab9f1450b16acf843abe5fd38520303f168e3bdda542e04bfd9b7a234fe924a2,experiments/mirror_applications/ma-271-oft-mirror-task-views/artifacts/payloads/27110_1_aligned_plane_5_oft_oracle_upper.bin
fresh,27110,1,aligned_plane,5,mirror_angle,0.0,1.2571062768529373e-07,3156,0.01800552400527522,2.360501093789935e-05,0,a3b4eebe70b9ee11536b4d3de6b24ecb75109f23ac5dd1a8aa792952a1f8a2f7,experiments/mirror_applications/ma-271-oft-mirror-task-views/artifacts/payloads/27110_1_aligned_plane_5_mirror_angle.bin
fresh,27110,1,aligned_plane,5,generic_plane_scalar,0.0,1.2571062768529373e-07,3164,0.01800552400527522,1.8427992472425103e-05,0,52cdeef369eb1f3352d44a99c0706e20879d527db9ad019241e6499b67a7e64d,experiments/mirror_applications/ma-271-oft-mirror-task-views/artifacts/payloads/27110_1_aligned_plane_5_generic_plane_scalar.bin
fresh,27110,1,aligned_plane,5,shared_identity,0.15287122130393982,0.0,3413,0.0,1.76659959834069e-05,0,c670dda312b9c77f8b36ec5953613a68ef28c006403c762170d33ce7ad1ee28a,experiments/mirror_applications/ma-271-oft-mirror-task-views/artifacts/payloads/27110_1_aligned_plane_5_shared_identity.bin
fresh,27110,1,aligned_plane,6,oft_independent,2.7566677545109997e-06,2.877768281450699e-07,3413,0.06093556899577379,2.0540988771244884e-05,220,08a0c36a8bb246ec2f6eae4e29559d9a8b9dfcdb63e468706018dbe84529b725,experiments/mirror_applications/ma-271-oft-mirror-task-views/artifacts/payloads/27110_1_aligned_plane_6_oft_independent.bin
fresh,27110,1,aligned_plane,6,oft_oracle_upper,3.359473339514807e-07,3.837901090264495e-07,3414,0.0,7.039400225039572e-05,0,2ffd71207f29d4787a27cd5a93a7bee600ee89eb0444aae08822923c44100f07,experiments/mirror_applications/ma-271-oft-mirror-task-views/artifacts/payloads/27110_1_aligned_plane_6_oft_oracle_upper.bin
fresh,27110,1,aligned_plane,6,mirror_angle,0.0,1.419362405385982e-07,3156,0.019191521001630463,1.8127000657841563e-05,0,cb5843e90d22af74a01df71d5d43595dd22c8e196fcbe260fb45922e0c404f29,experiments/mirror_applications/ma-271-oft-mirror-task-views/artifacts/payloads/27110_1_aligned_plane_6_mirror_angle.bin
fresh,27110,1,aligned_plane,6,generic_plane_scalar,0.0,1.419362405385982e-07,3164,0.019191521001630463,1.8247999832965434e-05,0,e86c7cfc93a6189a4b15f2c2b6b2af58de4f9621e572fb9084d3b753e492bff8,experiments/mirror_applications/ma-271-oft-mirror-task-views/artifacts/payloads/27110_1_aligned_plane_6_generic_plane_scalar.bin
fresh,27110,1,aligned_plane,6,shared_identity,0.2533213496208191,0.0,3413,0.0,1.8136008293367922e-05,0,c670dda312b9c77f8b36ec5953613a68ef28c006403c762170d33ce7ad1ee28a,experiments/mirror_applications/ma-271-oft-mirror-task-views/artifacts/payloads/27110_1_aligned_plane_6_shared_identity.bin
fresh,27110,1,aligned_plane,7,oft_independent,0.0048509868793189526,3.1601899763700203e-07,3413,0.06207769000320695,1.798599259927869e-05,220,4ec6057174fa46b977fb1ccb5cc7fd8afcc65fbc59e958f1da60501711942336,experiments/mirror_applications/ma-271-oft-mirror-task-views/artifacts/payloads/27110_1_aligned_plane_7_oft_independent.bin
fresh,27110,1,aligned_plane,7,oft_oracle_upper,4.33923020182192e-07,3.4678294014156563e-07,3414,0.0,1.8448001355864108e-05,0,89b5dcf0a57894f7715203de3a7f103c66bd27e7f0c0d46b337db1694c46246f,experiments/mirror_applications/ma-271-oft-mirror-task-views/artifacts/payloads/27110_1_aligned_plane_7_oft_oracle_upper.bin
fresh,27110,1,aligned_plane,7,mirror_angle,0.0,1.0586768439679872e-07,3156,0.018382152004051022,2.1651998395100236e-05,0,8ec47d0b5365a4a4b6a04571335a49945e3953074e0d3ab5a9430903d09f2995,experiments/mirror_applications/ma-271-oft-mirror-task-views/artifacts/payloads/27110_1_aligned_plane_7_mirror_angle.bin
fresh,27110,1,aligned_plane,7,generic_plane_scalar,0.0,1.0586768439679872e-07,3164,0.018382152004051022,2.1232001017779112e-05,0,2922e5450fab63064b76d49963eb556670e03f021ec9819fac97641037f9c9e6,experiments/mirror_applications/ma-271-oft-mirror-task-views/artifacts/payloads/27110_1_aligned_plane_7_generic_plane_scalar.bin
fresh,27110,1,aligned_plane,7,shared_identity,0.3515889048576355,0.0,3413,0.0,1.757600693963468e-05,0,c670dda312b9c77f8b36ec5953613a68ef28c006403c762170d33ce7ad1ee28a,experiments/mirror_applications/ma-271-oft-mirror-task-views/artifacts/payloads/27110_1_aligned_plane_7_shared_identity.bin
fresh,27110,1,independent_orthogonal,0,oft_independent,0.024788597598671913,3.257557921187981e-07,3413,0.06086292100371793,1.857799361459911e-05,220,5f6d0194fdfe9a01d59543fab5eddbcb6e6e531ae5e6e81a5da3b6e6e8000e53,experiments/mirror_applications/ma-271-oft-mirror-task-views/artifacts/payloads/27110_1_independent_orthogonal_0_oft_independent.bin
fresh,27110,1,independent_orthogonal,0,oft_oracle_upper,5.236962010712887e-07,4.20953227830978e-07,3414,0.0,1.8086997442878783e-05,0,9a08fd0c53456566310109b296a2d071a10df9192f63481a7a372698fdc020d9,experiments/mirror_applications/ma-271-oft-mirror-task-views/artifacts/payloads/27110_1_independent_orthogonal_0_oft_oracle_upper.bin
fresh,27110,1,independent_orthogonal,0,shared_identity,1.6863657236099243,0.0,3413,0.0,1.5582991181872785e-05,0,c670dda312b9c77f8b36ec5953613a68ef28c006403c762170d33ce7ad1ee28a,experiments/mirror_applications/ma-271-oft-mirror-task-views/artifacts/payloads/27110_1_independent_orthogonal_0_shared_identity.bin
fresh,27110,1,independent_orthogonal,1,oft_independent,0.1968156397342682,3.159550203690742e-07,3413,0.06238699800451286,4.559800436254591e-05,220,fc2f6f98cd649b7106ef59bd7adae3f7769326550c00fb98a502cb8d36400ac7,experiments/mirror_applications/ma-271-oft-mirror-task-views/artifacts/payloads/27110_1_independent_orthogonal_1_oft_independent.bin
fresh,27110,1,independent_orthogonal,1,oft_oracle_upper,6.488779717983562e-07,4.5291537276170857e-07,3414,0.0,2.2913998691365123e-05,0,1ad2feb348889f02416baa264417eea452cbb3355507db8337006058f0d178ed,experiments/mirror_applications/ma-271-oft-mirror-task-views/artifacts/payloads/27110_1_independent_orthogonal_1_oft_oracle_upper.bin
fresh,27110,1,independent_orthogonal,1,shared_identity,1.4052950143814087,0.0,3413,0.0,2.259299799334258e-05,0,c670dda312b9c77f8b36ec5953613a68ef28c006403c762170d33ce7ad1ee28a,experiments/mirror_applications/ma-271-oft-mirror-task-views/artifacts/payloads/27110_1_independent_orthogonal_1_shared_identity.bin
fresh,27110,1,independent_orthogonal,2,oft_independent,0.08275552093982697,3.306032851924101e-07,3413,0.06343402899801731,2.016000507865101e-05,220,376a70cbba496b93cc502e3472bbcd4b7d08ba61a380bf233cad77d77abc2f66,experiments/mirror_applications/ma-271-oft-mirror-task-views/artifacts/payloads/27110_1_independent_orthogonal_2_oft_independent.bin
fresh,27110,1,independent_orthogonal,2,oft_oracle_upper,4.789694116880128e-07,4.1613353118918894e-07,3414,0.0,6.505599594675004e-05,0,5ef829904fddf7c963f0fd5486b1d09047a2441b05bbd4d528e28531c5c840bf,experiments/mirror_applications/ma-271-oft-mirror-task-views/artifacts/payloads/27110_1_independent_orthogonal_2_oft_oracle_upper.bin
fresh,27110,1,independent_orthogonal,2,shared_identity,1.3186564445495605,0.0,3413,0.0,2.01700022444129e-05,0,c670dda312b9c77f8b36ec5953613a68ef28c006403c762170d33ce7ad1ee28a,experiments/mirror_applications/ma-271-oft-mirror-task-views/artifacts/payloads/27110_1_independent_orthogonal_2_shared_identity.bin
fresh,27110,1,independent_orthogonal,3,oft_independent,0.060429755598306656,2.908894316533406e-07,3413,0.059830321988556534,2.2763997549191117e-05,220,75eb76acd83160c8e317d069ced6de9c42e871a71fbf6ab5651d2fe4683ec85c,experiments/mirror_applications/ma-271-oft-mirror-task-views/artifacts/payloads/27110_1_independent_orthogonal_3_oft_independent.bin
fresh,27110,1,independent_orthogonal,3,oft_oracle_upper,6.656441655650269e-07,4.299749321035051e-07,3414,0.0,2.2072999854572117e-05,0,40ce746c5b57db8b25b9821b8132c1ed1dbd14adf11dd9b63569aee727d1008a,experiments/mirror_applications/ma-271-oft-mirror-task-views/artifacts/payloads/27110_1_independent_orthogonal_3_oft_oracle_upper.bin
fresh,27110,1,independent_orthogonal,3,shared_identity,1.5347570180892944,0.0,3413,0.0,1.802599581424147e-05,0,c670dda312b9c77f8b36ec5953613a68ef28c006403c762170d33ce7ad1ee28a,experiments/mirror_applications/ma-271-oft-mirror-task-views/artifacts/payloads/27110_1_independent_orthogonal_3_shared_identity.bin
fresh,27110,1,independent_orthogonal,4,oft_independent,0.010672961361706257,3.1430877811544633e-07,3413,0.061634894998860545,1.7847007256932557e-05,220,6e86fc0da56896497d32a7ae9f6813082ce91042d94813b46e63489c7414bc62,experiments/mirror_applications/ma-271-oft-mirror-task-views/artifacts/payloads/27110_1_independent_orthogonal_4_oft_independent.bin
fresh,27110,1,independent_orthogonal,4,oft_oracle_upper,4.02504383600899e-07,3.2498246582690626e-07,3414,0.0,1.8328006262890995e-05,0,00e0c2f17a08fcd4ab0ed483c9624e01b504f9cf2cb74923e643ade3a7a92240,experiments/mirror_applications/ma-271-oft-mirror-task-views/artifacts/payloads/27110_1_independent_orthogonal_4_oft_oracle_upper.bin
fresh,27110,1,independent_orthogonal,4,shared_identity,1.4658327102661133,0.0,3413,0.0,1.7726008081808686e-05,0,c670dda312b9c77f8b36ec5953613a68ef28c006403c762170d33ce7ad1ee28a,experiments/mirror_applications/ma-271-oft-mirror-task-views/artifacts/payloads/27110_1_independent_orthogonal_4_shared_identity.bin
fresh,27110,1,independent_orthogonal,5,oft_independent,0.03180525451898575,3.1468550787394634e-07,3413,0.06239430600544438,2.4225999368354678e-05,220,89a018a229ced593ce9c1635a1eda1a4bc33ddf8545abad9e623534ef3c3bf5d,experiments/mirror_applications/ma-271-oft-mirror-task-views/artifacts/payloads/27110_1_independent_orthogonal_5_oft_independent.bin
fresh,27110,1,independent_orthogonal,5,oft_oracle_upper,4.1414295992581174e-07,3.6205921105647576e-07,3414,0.0,2.1020998246967793e-05,0,fe111ded6cf4313cf7ade687c4b836004b47c2795caa3973004115e85d40b65d,experiments/mirror_applications/ma-271-oft-mirror-task-views/artifacts/payloads/27110_1_independent_orthogonal_5_oft_oracle_upper.bin
fresh,27110,1,independent_orthogonal,5,shared_identity,1.5909078121185303,0.0,3413,0.0,1.8127000657841563e-05,0,c670dda312b9c77f8b36ec5953613a68ef28c006403c762170d33ce7ad1ee28a,experiments/mirror_applications/ma-271-oft-mirror-task-views/artifacts/payloads/27110_1_independent_orthogonal_5_shared_identity.bin
fresh,27110,1,independent_orthogonal,6,oft_independent,0.18537110090255737,3.312356682272366e-07,3413,0.06408006900164764,2.0871011656709015e-05,220,5b3bd68e30dae2a9cf5ef01de4cc7ec9a0cb0ead21363b479f668a567e099d99,experiments/mirror_applications/ma-271-oft-mirror-task-views/artifacts/payloads/27110_1_independent_orthogonal_6_oft_independent.bin
fresh,27110,1,independent_orthogonal,6,oft_oracle_upper,5.103653961668897e-07,3.745915648778464e-07,3414,0.0,2.1971995010972023e-05,0,9167f87c854bcc1ab663e07d4053f69e7dd8d08f7ba482805b18b18c9711136c,experiments/mirror_applications/ma-271-oft-mirror-task-views/artifacts/payloads/27110_1_independent_orthogonal_6_oft_oracle_upper.bin
fresh,27110,1,independent_orthogonal,6,shared_identity,1.5786614418029785,0.0,3413,0.0,1.7566009773872793e-05,0,c670dda312b9c77f8b36ec5953613a68ef28c006403c762170d33ce7ad1ee28a,experiments/mirror_applications/ma-271-oft-mirror-task-views/artifacts/payloads/27110_1_independent_orthogonal_6_shared_identity.bin
fresh,27110,1,independent_orthogonal,7,oft_independent,0.14591312408447266,3.5146368304594944e-07,3413,0.06543637698632665,2.366499393247068e-05,220,71271e9b6a8c4b572585504ce342d0430bdde2a8ea4850113f32e89469020f0d,experiments/mirror_applications/ma-271-oft-mirror-task-views/artifacts/payloads/27110_1_independent_orthogonal_7_oft_independent.bin
fresh,27110,1,independent_orthogonal,7,oft_oracle_upper,5.270640599519538e-07,4.024060444862698e-07,3414,0.0,1.4300996554084122e-05,0,51c8eab7c5ff3e3b138b45cc4bf9a29277ac1bd94b9be90c7fa86beeb8862202,experiments/mirror_applications/ma-271-oft-mirror-task-views/artifacts/payloads/27110_1_independent_orthogonal_7_oft_oracle_upper.bin
fresh,27110,1,independent_orthogonal,7,shared_identity,1.3811180591583252,0.0,3413,0.0,1.3771001249551773e-05,0,c670dda312b9c77f8b36ec5953613a68ef28c006403c762170d33ce7ad1ee28a,experiments/mirror_applications/ma-271-oft-mirror-task-views/artifacts/payloads/27110_1_independent_orthogonal_7_shared_identity.bin
fresh,27110,2,aligned_plane,0,oft_independent,2.1325740817701444e-06,1.958489406206354e-07,3413,0.06787159301165957,1.864800287876278e-05,220,1966d6df6532114ba1c333124e2420a550a2cdc71873405ba977e79308c7998f,experiments/mirror_applications/ma-271-oft-mirror-task-views/artifacts/payloads/27110_2_aligned_plane_0_oft_independent.bin
fresh,27110,2,aligned_plane,0,oft_oracle_upper,4.6490717409142235e-07,3.421564827021939e-07,3414,0.0,1.357999281026423e-05,0,7679e68ad114c3b2e30b48d11b34a2dd28f79be23072af70134437bd71e0ca95,experiments/mirror_applications/ma-271-oft-mirror-task-views/artifacts/payloads/27110_2_aligned_plane_0_oft_oracle_upper.bin
fresh,27110,2,aligned_plane,0,mirror_angle,0.0,7.731421902690272e-08,3156,0.018944302006275393,1.0725998436100781e-05,0,c738f326fc87c69be35415c5b7058f8dad65a5f580833dcaf02efc865655b00d,experiments/mirror_applications/ma-271-oft-mirror-task-views/artifacts/payloads/27110_2_aligned_plane_0_mirror_angle.bin
fresh,27110,2,aligned_plane,0,generic_plane_scalar,0.0,7.731421902690272e-08,3164,0.018944302006275393,1.116600469686091e-05,0,a893cc69286847010c0e36325c6b9e7e483d5c7ce889cb9b20d7e3ec63b87f55,experiments/mirror_applications/ma-271-oft-mirror-task-views/artifacts/payloads/27110_2_aligned_plane_0_generic_plane_scalar.bin
fresh,27110,2,aligned_plane,0,shared_identity,0.29259195923805237,0.0,3413,0.0,1.5734010958112776e-05,0,71ca63adc71aa7d89a966d0caa0aa6852fc8fe947b25391e4f369ebfc2257993,experiments/mirror_applications/ma-271-oft-mirror-task-views/artifacts/payloads/27110_2_aligned_plane_0_shared_identity.bin
fresh,27110,2,aligned_plane,1,oft_independent,0.0011701117036864161,2.3526762049641547e-07,3413,0.06272091700520832,1.8035992980003357e-05,220,3f648d81cf119cc0193e82c4c1b093ccce41d33a5849179e181574d4c668895c,experiments/mirror_applications/ma-271-oft-mirror-task-views/artifacts/payloads/27110_2_aligned_plane_1_oft_independent.bin
fresh,27110,2,aligned_plane,1,oft_oracle_upper,4.205452910355234e-07,2.551261673033878e-07,3414,0.0,1.5191995771601796e-05,0,a50498f1907415220c1edcdc2e8e2a58f1930146c175eee5c6d09c3ad77c84d7,experiments/mirror_applications/ma-271-oft-mirror-task-views/artifacts/payloads/27110_2_aligned_plane_1_oft_oracle_upper.bin
fresh,27110,2,aligned_plane,1,mirror_angle,0.0,8.495455716683864e-08,3156,0.018045360993710347,1.6014004359021783e-05,0,f02d192046326fcd8fb7b19d2bdb7c04fb87a671e190a5850632f94863cd1f75,experiments/mirror_applications/ma-271-oft-mirror-task-views/artifacts/payloads/27110_2_aligned_plane_1_mirror_angle.bin
fresh,27110,2,aligned_plane,1,generic_plane_scalar,0.0,8.495455716683864e-08,3164,0.018045360993710347,1.1537005775608122e-05,0,bf42c87b17a4088bfce3d4de45eb38b59eb44417d9588bef630804a2536b1d47,experiments/mirror_applications/ma-271-oft-mirror-task-views/artifacts/payloads/27110_2_aligned_plane_1_generic_plane_scalar.bin
fresh,27110,2,aligned_plane,1,shared_identity,0.21081390976905823,0.0,3413,0.0,1.4431003364734352e-05,0,71ca63adc71aa7d89a966d0caa0aa6852fc8fe947b25391e4f369ebfc2257993,experiments/mirror_applications/ma-271-oft-mirror-task-views/artifacts/payloads/27110_2_aligned_plane_1_shared_identity.bin
fresh,27110,2,aligned_plane,2,oft_independent,2.574143991296296e-06,2.2676424293877062e-07,3413,0.06203022300906014,1.4731995179317892e-05,220,32323602260a105d9915d722b14d7d7064962e7b58af2c3be2bdb5c6a32c7445,experiments/mirror_applications/ma-271-oft-mirror-task-views/artifacts/payloads/27110_2_aligned_plane_2_oft_independent.bin
fresh,27110,2,aligned_plane,2,oft_oracle_upper,3.7514126915993984e-07,3.309521332539589e-07,3414,0.0,1.4971999917179346e-05,0,e09df5765c77f437f53d827830967fc541f92210102cc8b354423e6395d34a73,experiments/mirror_applications/ma-271-oft-mirror-task-views/artifacts/payloads/27110_2_aligned_plane_2_oft_oracle_upper.bin
fresh,27110,2,aligned_plane,2,mirror_angle,2.000562560056096e-08,6.91965666987926e-08,3156,0.01818555900536012,1.09959946712479e-05,0,70c63b10caf0723ff8daf6d7e7dc92ea5c82069cb020c6de9024e9c5687210b1,experiments/mirror_applications/ma-271-oft-mirror-task-views/artifacts/payloads/27110_2_aligned_plane_2_mirror_angle.bin
fresh,27110,2,aligned_plane,2,generic_plane_scalar,2.000562560056096e-08,6.91965666987926e-08,3164,0.01818555900536012,1.0666000889614224e-05,0,efa770b251730ae8c6966f5b80a80cd64e17a1818034c2b7b389b1439dcb8aa6,experiments/mirror_applications/ma-271-oft-mirror-task-views/artifacts/payloads/27110_2_aligned_plane_2_generic_plane_scalar.bin
fresh,27110,2,aligned_plane,2,shared_identity,0.1272193044424057,0.0,3413,0.0,1.5222991351038218e-05,0,71ca63adc71aa7d89a966d0caa0aa6852fc8fe947b25391e4f369ebfc2257993,experiments/mirror_applications/ma-271-oft-mirror-task-views/artifacts/payloads/27110_2_aligned_plane_2_shared_identity.bin
fresh,27110,2,aligned_plane,3,oft_independent,2.637925490489579e-06,2.5145743620669236e-07,3413,0.0630737780011259,1.7906000721268356e-05,220,9b148f358649ac563da0da28fac59e3baffac741388a77eb66e8b241c1affe1f,experiments/mirror_applications/ma-271-oft-mirror-task-views/artifacts/payloads/27110_2_aligned_plane_3_oft_independent.bin
fresh,27110,2,aligned_plane,3,oft_oracle_upper,3.8139910429890733e-07,3.190690449628164e-07,3414,0.0,1.3930999557487667e-05,0,8f33609f3dbc136f37b5906a26469ad80764bc1ec53149d4b99446c6b5e91e4d,experiments/mirror_applications/ma-271-oft-mirror-task-views/artifacts/payloads/27110_2_aligned_plane_3_oft_oracle_upper.bin
fresh,27110,2,aligned_plane,3,mirror_angle,0.0,8.382184546462668e-08,3156,0.039537054995889775,1.107600110117346e-05,0,91d4a81e4c79bc5df7f806be7a93783b8d37ce28fcf2756a450323110a809513,experiments/mirror_applications/ma-271-oft-mirror-task-views/artifacts/payloads/27110_2_aligned_plane_3_mirror_angle.bin
fresh,27110,2,aligned_plane,3,generic_plane_scalar,0.0,8.382184546462668e-08,3164,0.039537054995889775,1.0666000889614224e-05,0,931bc0ce71f4d2fa026e143628d075c5d52074ea0c97fabaf44c139f9bececd2,experiments/mirror_applications/ma-271-oft-mirror-task-views/artifacts/payloads/27110_2_aligned_plane_3_generic_plane_scalar.bin
fresh,27110,2,aligned_plane,3,shared_identity,0.04252857714891434,0.0,3413,0.0,1.0635994840413332e-05,0,71ca63adc71aa7d89a966d0caa0aa6852fc8fe947b25391e4f369ebfc2257993,experiments/mirror_applications/ma-271-oft-mirror-task-views/artifacts/payloads/27110_2_aligned_plane_3_shared_identity.bin
fresh,27110,2,aligned_plane,4,oft_independent,3.578780251700664e-06,2.0797105548808759e-07,3413,0.06013262300984934,1.507300476077944e-05,220,e923c723d58c8c3bc009675a80b4d3c666928efcf5baa1acf66c8fe16ffcb777,experiments/mirror_applications/ma-271-oft-mirror-task-views/artifacts/payloads/27110_2_aligned_plane_4_oft_independent.bin
fresh,27110,2,aligned_plane,4,oft_oracle_upper,3.756252624498302e-07,2.687584697014245e-07,3414,0.0,1.107600110117346e-05,0,8d64b2521875faac8901b2448d4c672bcf4de136ca96b27c1fafa137eb388f84,experiments/mirror_applications/ma-271-oft-mirror-task-views/artifacts/payloads/27110_2_aligned_plane_4_oft_oracle_upper.bin
fresh,27110,2,aligned_plane,4,mirror_angle,0.0,8.444133925422648e-08,3156,0.033304406999377534,1.3961005606688559e-05,0,2e62135fb2db750fe1c07a4fab8774f64870bd0f0a7adf92b4b9db320719ff98,experiments/mirror_applications/ma-271-oft-mirror-task-views/artifacts/payloads/27110_2_aligned_plane_4_mirror_angle.bin
fresh,27110,2,aligned_plane,4,generic_plane_scalar,0.0,8.444133925422648e-08,3164,0.033304406999377534,1.4140998246148229e-05,0,5b50fb045450a6466d874bb34843aca270f32659c891e7b2d14eefc6f6e6665f,experiments/mirror_applications/ma-271-oft-mirror-task-views/artifacts/payloads/27110_2_aligned_plane_4_generic_plane_scalar.bin
fresh,27110,2,aligned_plane,4,shared_identity,0.042528580874204636,0.0,3413,0.0,1.1026990250684321e-05,0,71ca63adc71aa7d89a966d0caa0aa6852fc8fe947b25391e4f369ebfc2257993,experiments/mirror_applications/ma-271-oft-mirror-task-views/artifacts/payloads/27110_2_aligned_plane_4_shared_identity.bin
fresh,27110,2,aligned_plane,5,oft_independent,3.3796172829170246e-06,2.3520429692780453e-07,3413,0.06297178799286485,1.594300556462258e-05,220,1dc6138f0cb944646a0a587537b2f34b87bb90cdfbd420a0e1448130cf2aa18f,experiments/mirror_applications/ma-271-oft-mirror-task-views/artifacts/payloads/27110_2_aligned_plane_5_oft_independent.bin
fresh,27110,2,aligned_plane,5,oft_oracle_upper,3.58048396265076e-07,2.7609999619926384e-07,3414,0.0,1.4200995792634785e-05,0,72fa87e34c2bb4143510297757ad08a34d27dc04a1ae7532b7dd011c5918a701,experiments/mirror_applications/ma-271-oft-mirror-task-views/artifacts/payloads/27110_2_aligned_plane_5_oft_oracle_upper.bin
fresh,27110,2,aligned_plane,5,mirror_angle,0.0,6.42646114101808e-08,3156,0.03777132100367453,1.2067990610376e-05,0,8084275993b751eeb58ade1b68f322242d9e9a9c21450c1d9f2ed57f77952cfd,experiments/mirror_applications/ma-271-oft-mirror-task-views/artifacts/payloads/27110_2_aligned_plane_5_mirror_angle.bin
fresh,27110,2,aligned_plane,5,generic_plane_scalar,0.0,6.42646114101808e-08,3164,0.03777132100367453,1.085699477698654e-05,0,c9d4ada4902e2d2c2383f785e52cbd475bf6745800298e0d06cd9424a1956524,experiments/mirror_applications/ma-271-oft-mirror-task-views/artifacts/payloads/27110_2_aligned_plane_5_generic_plane_scalar.bin
fresh,27110,2,aligned_plane,5,shared_identity,0.1272192895412445,0.0,3413,0.0,1.0706004104577005e-05,0,71ca63adc71aa7d89a966d0caa0aa6852fc8fe947b25391e4f369ebfc2257993,experiments/mirror_applications/ma-271-oft-mirror-task-views/artifacts/payloads/27110_2_aligned_plane_5_shared_identity.bin
fresh,27110,2,aligned_plane,6,oft_independent,3.139811497021583e-06,2.405775774150243e-07,3413,0.06424450200574938,4.44350007455796e-05,220,e91da0798121df1071769b766c54a3b1a84bdacdc5c6ef436af201f4fee8c7cc,experiments/mirror_applications/ma-271-oft-mirror-task-views/artifacts/payloads/27110_2_aligned_plane_6_oft_independent.bin
fresh,27110,2,aligned_plane,6,oft_oracle_upper,3.758407558507315e-07,2.5836374106802396e-07,3414,0.0,1.4060991816222668e-05,0,db79597e44987baa2ebad1ac88982286852e8a2022659f1b1085790cf95b9255,experiments/mirror_applications/ma-271-oft-mirror-task-views/artifacts/payloads/27110_2_aligned_plane_6_oft_oracle_upper.bin
fresh,27110,2,aligned_plane,6,mirror_angle,0.0,9.528407929337845e-08,3156,0.02231779800786171,1.89179991139099e-05,0,7db474605a83b8a34dd132246044dda8b4ada32a727503b2efdb6bbb8a7f1590,experiments/mirror_applications/ma-271-oft-mirror-task-views/artifacts/payloads/27110_2_aligned_plane_6_mirror_angle.bin
fresh,27110,2,aligned_plane,6,generic_plane_scalar,0.0,9.528407929337845e-08,3164,0.02231779800786171,1.1346011888235807e-05,0,cb004cb7618684937290212ec8f9dadf00959075eb37a3351b24b6ad176f71d7,experiments/mirror_applications/ma-271-oft-mirror-task-views/artifacts/payloads/27110_2_aligned_plane_6_generic_plane_scalar.bin
fresh,27110,2,aligned_plane,6,shared_identity,0.21081385016441345,0.0,3413,0.0,1.060499926097691e-05,0,71ca63adc71aa7d89a966d0caa0aa6852fc8fe947b25391e4f369ebfc2257993,experiments/mirror_applications/ma-271-oft-mirror-task-views/artifacts/payloads/27110_2_aligned_plane_6_shared_identity.bin
fresh,27110,2,aligned_plane,7,oft_independent,2.8856134122179355e-06,2.2907815377948282e-07,3413,0.05962474099942483,1.5223005902953446e-05,220,0012252d5725cb0f1ea94db0b3ded6f50ef47ab201b5dbbc9c99f892af5f054b,experiments/mirror_applications/ma-271-oft-mirror-task-views/artifacts/payloads/27110_2_aligned_plane_7_oft_independent.bin
fresh,27110,2,aligned_plane,7,oft_oracle_upper,3.613728267737315e-07,2.59243989830793e-07,3414,0.0,1.146699651144445e-05,0,7f40dcc9480f24099634e383a9e5ee97783f170c5c8b6c3d662191647ffc1a7f,experiments/mirror_applications/ma-271-oft-mirror-task-views/artifacts/payloads/27110_2_aligned_plane_7_oft_oracle_upper.bin
fresh,27110,2,aligned_plane,7,mirror_angle,0.0,6.03275935873171e-08,3156,0.025417918994207866,1.5442987205460668e-05,0,158cc20e9cdddcec9f717805542dee891e6c3609f9eb124bf583e43ff79e4463,experiments/mirror_applications/ma-271-oft-mirror-task-views/artifacts/payloads/27110_2_aligned_plane_7_mirror_angle.bin
fresh,27110,2,aligned_plane,7,generic_plane_scalar,0.0,6.03275935873171e-08,3164,0.025417918994207866,1.4921999536454678e-05,0,0b730c2e434a10ae63230d8e9b2bf1052e24a474d3c435854b48aa5e379d2e3b,experiments/mirror_applications/ma-271-oft-mirror-task-views/artifacts/payloads/27110_2_aligned_plane_7_generic_plane_scalar.bin
fresh,27110,2,aligned_plane,7,shared_identity,0.29259198904037476,0.0,3413,0.0,1.0425006621517241e-05,0,71ca63adc71aa7d89a966d0caa0aa6852fc8fe947b25391e4f369ebfc2257993,experiments/mirror_applications/ma-271-oft-mirror-task-views/artifacts/payloads/27110_2_aligned_plane_7_shared_identity.bin
fresh,27110,2,independent_orthogonal,0,oft_independent,0.10032234340906143,2.2734457161277533e-07,3413,0.06896697499905713,2.331400173716247e-05,220,25caf0f73c21096ff977ae699b97f661f9cd18e96465723a5a015ef52c5bdb6f,experiments/mirror_applications/ma-271-oft-mirror-task-views/artifacts/payloads/27110_2_independent_orthogonal_0_oft_independent.bin
fresh,27110,2,independent_orthogonal,0,oft_oracle_upper,3.796515386511601e-07,3.013118430317263e-07,3414,0.0,1.8216989701613784e-05,0,5f1dbe422eb6003fb2e2d406c565b0477b6d7fabf5966c316b3d4608b94e5578,experiments/mirror_applications/ma-271-oft-mirror-task-views/artifacts/payloads/27110_2_independent_orthogonal_0_oft_oracle_upper.bin
fresh,27110,2,independent_orthogonal,0,shared_identity,1.5336015224456787,0.0,3413,0.0,1.3540004147216678e-05,0,71ca63adc71aa7d89a966d0caa0aa6852fc8fe947b25391e4f369ebfc2257993,experiments/mirror_applications/ma-271-oft-mirror-task-views/artifacts/payloads/27110_2_independent_orthogonal_0_shared_identity.bin
fresh,27110,2,independent_orthogonal,1,oft_independent,0.26971563696861267,2.2130556942556723e-07,3413,0.07332194299669936,1.7566009773872793e-05,220,4ea9fafeb78fad7c737892e26d2195bce54b3ef3598b29bcfb9a357b0e2fdbe1,experiments/mirror_applications/ma-271-oft-mirror-task-views/artifacts/payloads/27110_2_independent_orthogonal_1_oft_independent.bin
fresh,27110,2,independent_orthogonal,1,oft_oracle_upper,4.6519929242094804e-07,3.794028202719346e-07,3414,0.0,1.1405994882807136e-05,0,f353da4fb30ea425f9ecf6a1423fdbad0e881f54e85113b115d2f2135d212dca,experiments/mirror_applications/ma-271-oft-mirror-task-views/artifacts/payloads/27110_2_independent_orthogonal_1_oft_oracle_upper.bin
fresh,27110,2,independent_orthogonal,1,shared_identity,1.513782024383545,0.0,3413,0.0,1.8017002730630338e-05,0,71ca63adc71aa7d89a966d0caa0aa6852fc8fe947b25391e4f369ebfc2257993,experiments/mirror_applications/ma-271-oft-mirror-task-views/artifacts/payloads/27110_2_independent_orthogonal_1_shared_identity.bin
fresh,27110,2,independent_orthogonal,2,oft_independent,0.06495004147291183,2.3681865002345148e-07,3413,0.06801041899598204,2.7599991881288588e-05,220,131f28af2e0602511cf9a6567a7411913bd6bb4c4d508bb6f56eb6a5088579ca,experiments/mirror_applications/ma-271-oft-mirror-task-views/artifacts/payloads/27110_2_independent_orthogonal_2_oft_independent.bin
fresh,27110,2,independent_orthogonal,2,oft_oracle_upper,4.2938350475196785e-07,3.6256446378502005e-07,3414,0.0,3.1996998586691916e-05,0,e010a385890d61097f40fb04448015de387d4e3203e53ed802585295342c3069,experiments/mirror_applications/ma-271-oft-mirror-task-views/artifacts/payloads/27110_2_independent_orthogonal_2_oft_oracle_upper.bin
fresh,27110,2,independent_orthogonal,2,shared_identity,1.3341093063354492,0.0,3413,0.0,1.180799154099077e-05,0,71ca63adc71aa7d89a966d0caa0aa6852fc8fe947b25391e4f369ebfc2257993,experiments/mirror_applications/ma-271-oft-mirror-task-views/artifacts/payloads/27110_2_independent_orthogonal_2_shared_identity.bin
fresh,27110,2,independent_orthogonal,3,oft_independent,0.2578907012939453,2.584951346307207e-07,3413,0.07070270499389153,5.6863995268940926e-05,220,123a802ad93f6ee4e660f2eef08eb65a32c1eca2bfbd617de20e7f0922615bb5,experiments/mirror_applications/ma-271-oft-mirror-task-views/artifacts/payloads/27110_2_independent_orthogonal_3_oft_independent.bin
fresh,27110,2,independent_orthogonal,3,oft_oracle_upper,5.318901799000741e-07,4.1070364886763855e-07,3414,0.0,1.1487005394883454e-05,0,96ed526ac919fb4b81ed1c3cb172ba4757013c0f7baef4b1498d983cfe1b29f4,experiments/mirror_applications/ma-271-oft-mirror-task-views/artifacts/payloads/27110_2_independent_orthogonal_3_oft_oracle_upper.bin
fresh,27110,2,independent_orthogonal,3,shared_identity,1.3225266933441162,0.0,3413,0.0,1.5502999303862453e-05,0,71ca63adc71aa7d89a966d0caa0aa6852fc8fe947b25391e4f369ebfc2257993,experiments/mirror_applications/ma-271-oft-mirror-task-views/artifacts/payloads/27110_2_independent_orthogonal_3_shared_identity.bin
fresh,27110,2,independent_orthogonal,4,oft_independent,0.2609134614467621,2.3791891123892128e-07,3413,0.06945614999858662,1.746499037835747e-05,220,d2a584fd58913b7c8ae125b34c35a92588516855fbf235eb906cd0bd851a5a1e,experiments/mirror_applications/ma-271-oft-mirror-task-views/artifacts/payloads/27110_2_independent_orthogonal_4_oft_independent.bin
fresh,27110,2,independent_orthogonal,4,oft_oracle_upper,5.332755677045498e-07,2.583052776117256e-07,3414,0.0,1.1566997272893786e-05,0,bfa3b1a10afadf212c85e3bb3ffe35a6b2996917405cc163aba2b72cfaa4a888,experiments/mirror_applications/ma-271-oft-mirror-task-views/artifacts/payloads/27110_2_independent_orthogonal_4_oft_oracle_upper.bin
fresh,27110,2,independent_orthogonal,4,shared_identity,1.4872900247573853,0.0,3413,0.0,1.1126001481898129e-05,0,71ca63adc71aa7d89a966d0caa0aa6852fc8fe947b25391e4f369ebfc2257993,experiments/mirror_applications/ma-271-oft-mirror-task-views/artifacts/payloads/27110_2_independent_orthogonal_4_shared_identity.bin
fresh,27110,2,independent_orthogonal,5,oft_independent,0.03777891397476196,2.6613511749928875e-07,3413,0.06177311200008262,1.8817008822225034e-05,220,128dcefc64caf68626aaa4005d927058a592457584bb15663b8ceb3ac81d8210,experiments/mirror_applications/ma-271-oft-mirror-task-views/artifacts/payloads/27110_2_independent_orthogonal_5_oft_independent.bin
fresh,27110,2,independent_orthogonal,5,oft_oracle_upper,5.100429802951112e-07,2.428153322853177e-07,3414,0.0,1.1707001249305904e-05,0,138e35bf7e24ce20b4b250f0563b31a2195604bde869f52e12883a5b8ef728db,experiments/mirror_applications/ma-271-oft-mirror-task-views/artifacts/payloads/27110_2_independent_orthogonal_5_oft_oracle_upper.bin
fresh,27110,2,independent_orthogonal,5,shared_identity,1.4608498811721802,0.0,3413,0.0,1.9277998944744468e-05,0,71ca63adc71aa7d89a966d0caa0aa6852fc8fe947b25391e4f369ebfc2257993,experiments/mirror_applications/ma-271-oft-mirror-task-views/artifacts/payloads/27110_2_independent_orthogonal_5_shared_identity.bin
fresh,27110,2,independent_orthogonal,6,oft_independent,0.24281969666481018,2.532432006319141e-07,3413,0.062068078987067565,1.5452998923137784e-05,220,a8ab1df18137dc5ce8973bdebdc19f83d1574db59116d2022ef68cfac94cffc1,experiments/mirror_applications/ma-271-oft-mirror-task-views/artifacts/payloads/27110_2_independent_orthogonal_6_oft_independent.bin
fresh,27110,2,independent_orthogonal,6,oft_oracle_upper,5.236435072220047e-07,3.2202092370425817e-07,3414,0.0,1.4121003914624453e-05,0,740c33ad0ff866dbae94d7fa03f139fc6de4bfcb444da08d4c868b2e043b5c5d,experiments/mirror_applications/ma-271-oft-mirror-task-views/artifacts/payloads/27110_2_independent_orthogonal_6_oft_oracle_upper.bin
fresh,27110,2,independent_orthogonal,6,shared_identity,1.251589059829712,0.0,3413,0.0,1.2397998943924904e-05,0,71ca63adc71aa7d89a966d0caa0aa6852fc8fe947b25391e4f369ebfc2257993,experiments/mirror_applications/ma-271-oft-mirror-task-views/artifacts/payloads/27110_2_independent_orthogonal_6_shared_identity.bin
fresh,27110,2,independent_orthogonal,7,oft_independent,0.2543638348579407,2.286517712946079e-07,3413,0.06356048899760935,1.4891993487253785e-05,220,6bf542c560400b37043524fd3896b3dd39c41b8ab16c1ed5bd1deb7927faafa0,experiments/mirror_applications/ma-271-oft-mirror-task-views/artifacts/payloads/27110_2_independent_orthogonal_7_oft_independent.bin
fresh,27110,2,independent_orthogonal,7,oft_oracle_upper,3.7013757037129835e-07,2.7018677428714e-07,3414,0.0,1.1406998964957893e-05,0,b770469a1bbadd1645f44a5f611517b8fbb8cb7d43c1feaa2496d623a72f1eb2,experiments/mirror_applications/ma-271-oft-mirror-task-views/artifacts/payloads/27110_2_independent_orthogonal_7_oft_oracle_upper.bin
fresh,27110,2,independent_orthogonal,7,shared_identity,1.4230542182922363,0.0,3413,0.0,1.146699651144445e-05,0,71ca63adc71aa7d89a966d0caa0aa6852fc8fe947b25391e4f369ebfc2257993,experiments/mirror_applications/ma-271-oft-mirror-task-views/artifacts/payloads/27110_2_independent_orthogonal_7_shared_identity.bin
fresh,27111,0,aligned_plane,0,oft_independent,3.984877821494592e-06,2.602413076147059e-07,3413,0.06025059800595045,1.4320990885607898e-05,220,ef5e6d7e2c000e72e7ea8a4d0aab6e0ed1bebdcfba7d921d4d1d4c62139c5bf0,experiments/mirror_applications/ma-271-oft-mirror-task-views/artifacts/payloads/27111_0_aligned_plane_0_oft_independent.bin
fresh,27111,0,aligned_plane,0,oft_oracle_upper,4.319091146953724e-07,3.3988484915425943e-07,3414,0.0,1.1266994988545775e-05,0,b8e579c601019ad45b79b48905fbb4afe12c5ab4a9aa70134df5311223b1f85a,experiments/mirror_applications/ma-271-oft-mirror-task-views/artifacts/payloads/27111_0_aligned_plane_0_oft_oracle_upper.bin
fresh,27111,0,aligned_plane,0,mirror_angle,0.0,1.4179876473008335e-07,3156,0.018479164005839266,1.1687006917782128e-05,0,39101c1cee3ceb5977c0bdd3e69e75f480976e42fafd92b4c225403347053d71,experiments/mirror_applications/ma-271-oft-mirror-task-views/artifacts/payloads/27111_0_aligned_plane_0_mirror_angle.bin
fresh,27111,0,aligned_plane,0,generic_plane_scalar,0.0,1.4179876473008335e-07,3164,0.018479164005839266,1.563399564474821e-05,0,d85ad7ba716bf5a54e6b32a12e33b8d6c7be0917c39f66598beb0cbfebdd07a8,experiments/mirror_applications/ma-271-oft-mirror-task-views/artifacts/payloads/27111_0_aligned_plane_0_generic_plane_scalar.bin
fresh,27111,0,aligned_plane,0,shared_identity,0.45528939366340637,0.0,3413,0.0,0.00018521399761084467,0,4c55409a0b9ab0ba906723f051ac1fad3401e941adeb58aefa9e401cea5b7362,experiments/mirror_applications/ma-271-oft-mirror-task-views/artifacts/payloads/27111_0_aligned_plane_0_shared_identity.bin
fresh,27111,0,aligned_plane,1,oft_independent,3.5052023577009095e-06,2.650751866895007e-07,3413,0.06064139599038754,1.7785991076380014e-05,220,30f69b219d03c4112014484d30a95ef6af75836b8bcb687c8de626781c54ff51,experiments/mirror_applications/ma-271-oft-mirror-task-views/artifacts/payloads/27111_0_aligned_plane_1_oft_independent.bin
fresh,27111,0,aligned_plane,1,oft_oracle_upper,3.552784733074077e-07,3.165604880450701e-07,3414,0.0,1.2899006833322346e-05,0,f4a443bb6861bd1e551ac8852ebc6a808cd10e544a439ec6a8965c3112152f0c,experiments/mirror_applications/ma-271-oft-mirror-task-views/artifacts/payloads/27111_0_aligned_plane_1_oft_oracle_upper.bin
fresh,27111,0,aligned_plane,1,mirror_angle,0.0,1.452187774475533e-07,3156,0.017453124004532583,1.1277006706222892e-05,0,4f8509a239a7db088050e64d5ce75b1de2b5457e382b9c2ad8fa94050380767c,experiments/mirror_applications/ma-271-oft-mirror-task-views/artifacts/payloads/27111_0_aligned_plane_1_mirror_angle.bin
fresh,27111,0,aligned_plane,1,generic_plane_scalar,0.0,1.452187774475533e-07,3164,0.017453124004532583,1.4240999007597566e-05,0,7003db963a732e8ddc3864b8d106df14d42ea2247f2ca3522e56b87a0260a624,experiments/mirror_applications/ma-271-oft-mirror-task-views/artifacts/payloads/27111_0_aligned_plane_1_generic_plane_scalar.bin
fresh,27111,0,aligned_plane,1,shared_identity,0.3280380368232727,0.0,3413,0.0,1.1245996574871242e-05,0,4c55409a0b9ab0ba906723f051ac1fad3401e941adeb58aefa9e401cea5b7362,experiments/mirror_applications/ma-271-oft-mirror-task-views/artifacts/payloads/27111_0_aligned_plane_1_shared_identity.bin
fresh,27111,0,aligned_plane,2,oft_independent,0.00909686740487814,2.8903053816975444e-07,3413,0.08465517500007991,2.180199953727424e-05,220,6ad2213776b96a6419f5a09ab55b7cc3d7f84a88d90f45a33605d7efa07576cb,experiments/mirror_applications/ma-271-oft-mirror-task-views/artifacts/payloads/27111_0_aligned_plane_2_oft_independent.bin
fresh,27111,0,aligned_plane,2,oft_oracle_upper,5.834151011185895e-07,3.4198191656287236e-07,3414,0.0,4.757000715471804e-05,0,18a5120489b5e79d37ba4e30646534e809762aace929d303b6271119ecad9e6d,experiments/mirror_applications/ma-271-oft-mirror-task-views/artifacts/payloads/27111_0_aligned_plane_2_oft_oracle_upper.bin
fresh,27111,0,aligned_plane,2,mirror_angle,3.185593655530283e-08,1.5102199313332676e-07,3156,0.02207928500138223,1.3561002560891211e-05,0,00aa08452a4d63a03228236d7d80c62abea59b088a7f37c3f1df566db896b9b8,experiments/mirror_applications/ma-271-oft-mirror-task-views/artifacts/payloads/27111_0_aligned_plane_2_mirror_angle.bin
fresh,27111,0,aligned_plane,2,generic_plane_scalar,3.185593655530283e-08,1.5102199313332676e-07,3164,0.02207928500138223,1.4752004062756896e-05,0,0215013df0ec18b2be511c6ff695c0181ef46dabd028762d14ac512dc2d853ad,experiments/mirror_applications/ma-271-oft-mirror-task-views/artifacts/payloads/27111_0_aligned_plane_2_generic_plane_scalar.bin
fresh,27111,0,aligned_plane,2,shared_identity,0.19796022772789001,0.0,3413,0.0,2.021998807322234e-05,0,4c55409a0b9ab0ba906723f051ac1fad3401e941adeb58aefa9e401cea5b7362,experiments/mirror_applications/ma-271-oft-mirror-task-views/artifacts/payloads/27111_0_aligned_plane_2_shared_identity.bin
fresh,27111,0,aligned_plane,3,oft_independent,2.27840473598917e-06,2.808322108194261e-07,3413,0.06808964599622414,2.2854001144878566e-05,220,cecc943cfb08fd2854a3dcfc54936f26aba18db1be69638bdd5d97abd7c43064,experiments/mirror_applications/ma-271-oft-mirror-task-views/artifacts/payloads/27111_0_aligned_plane_3_oft_independent.bin
fresh,27111,0,aligned_plane,3,oft_oracle_upper,4.3048666498179955e-07,3.367361216533027e-07,3414,0.0,1.4060991816222668e-05,0,2b83f1dfb1270d7f72c030e653e03e3e513d1ea300eb547336cdef763bede7ee,experiments/mirror_applications/ma-271-oft-mirror-task-views/artifacts/payloads/27111_0_aligned_plane_3_oft_oracle_upper.bin
fresh,27111,0,aligned_plane,3,mirror_angle,0.0,1.4393363301223872e-07,3156,0.02524914800596889,1.3390003005042672e-05,0,eb9d23fb881515a1d2e10926e8ee05dbb840bd070b4f08d9ad69ab368422f8c3,experiments/mirror_applications/ma-271-oft-mirror-task-views/artifacts/payloads/27111_0_aligned_plane_3_mirror_angle.bin
fresh,27111,0,aligned_plane,3,generic_plane_scalar,0.0,1.4393363301223872e-07,3164,0.02524914800596889,1.4071003533899784e-05,0,6a8048d2734278b5b887d57f374a6064bc6a3d9bc1290ddeacd203de8f58fbc7,experiments/mirror_applications/ma-271-oft-mirror-task-views/artifacts/payloads/27111_0_aligned_plane_3_generic_plane_scalar.bin
fresh,27111,0,aligned_plane,3,shared_identity,0.06617681682109833,0.0,3413,0.0,1.3900993508286774e-05,0,4c55409a0b9ab0ba906723f051ac1fad3401e941adeb58aefa9e401cea5b7362,experiments/mirror_applications/ma-271-oft-mirror-task-views/artifacts/payloads/27111_0_aligned_plane_3_shared_identity.bin
fresh,27111,0,aligned_plane,4,oft_independent,3.7507620618271176e-06,2.9405885015876265e-07,3413,0.06928447500104085,2.1693005692213774e-05,220,51f70896114d75554669e3d3e9ec528300713b83e2d659ea73288a9b4f72489c,experiments/mirror_applications/ma-271-oft-mirror-task-views/artifacts/payloads/27111_0_aligned_plane_4_oft_independent.bin
fresh,27111,0,aligned_plane,4,oft_oracle_upper,3.3579914315851056e-07,2.863971815258992e-07,3414,0.0,1.392999547533691e-05,0,d1e3eedaf45043c53ec498a39eac1ce2091fd27caff67001f14a8f9e6ec6a957,experiments/mirror_applications/ma-271-oft-mirror-task-views/artifacts/payloads/27111_0_aligned_plane_4_oft_oracle_upper.bin
fresh,27111,0,aligned_plane,4,mirror_angle,0.0,1.6572246863688633e-07,3156,0.021218139998381957,1.3609998859465122e-05,0,c980bfadb7f35b0c2be57e7582fa300da882ecc340976044246de25d928ce6bd,experiments/mirror_applications/ma-271-oft-mirror-task-views/artifacts/payloads/27111_0_aligned_plane_4_mirror_angle.bin
fresh,27111,0,aligned_plane,4,generic_plane_scalar,0.0,1.6572246863688633e-07,3164,0.021218139998381957,1.3940996723249555e-05,0,c6cc9e08caa9528b6522bea9e75a1e4c0bf8cba526cceb88f92c277a696c1f66,experiments/mirror_applications/ma-271-oft-mirror-task-views/artifacts/payloads/27111_0_aligned_plane_4_generic_plane_scalar.bin
fresh,27111,0,aligned_plane,4,shared_identity,0.06617681682109833,0.0,3413,0.0,1.969900040421635e-05,0,4c55409a0b9ab0ba906723f051ac1fad3401e941adeb58aefa9e401cea5b7362,experiments/mirror_applications/ma-271-oft-mirror-task-views/artifacts/payloads/27111_0_aligned_plane_4_shared_identity.bin
fresh,27111,0,aligned_plane,5,oft_independent,2.35454263020074e-06,2.7751181619350973e-07,3413,0.08553647999360692,1.4722012565471232e-05,220,7ec6e37f919be2b5fa35c991393b3cb3bc24d9b88ea7b898af2ff5d5fdaab714,experiments/mirror_applications/ma-271-oft-mirror-task-views/artifacts/payloads/27111_0_aligned_plane_5_oft_independent.bin
fresh,27111,0,aligned_plane,5,oft_oracle_upper,3.364050087384385e-07,4.0673066337149066e-07,3414,0.0,1.3399985618889332e-05,0,f0cb43477338aa517a85fdfef78b5cc21c3d4aa577efb8ee828ca666ba68cf3d,experiments/mirror_applications/ma-271-oft-mirror-task-views/artifacts/payloads/27111_0_aligned_plane_5_oft_oracle_upper.bin
fresh,27111,0,aligned_plane,5,mirror_angle,0.0,1.3574674539995613e-07,3156,0.0247594030079199,1.1226002243347466e-05,0,b3e2621cfacf7f0b5da80d5dc80c8b68538bd18b682ec83ba2355b4d475dc9b4,experiments/mirror_applications/ma-271-oft-mirror-task-views/artifacts/payloads/27111_0_aligned_plane_5_mirror_angle.bin
fresh,27111,0,aligned_plane,5,generic_plane_scalar,0.0,1.3574674539995613e-07,3164,0.0247594030079199,1.5372992493212223e-05,0,8e590c732b158c79466081834833cfcda94f51bb06953313939b8e85b9958eaf,experiments/mirror_applications/ma-271-oft-mirror-task-views/artifacts/payloads/27111_0_aligned_plane_5_generic_plane_scalar.bin
fresh,27111,0,aligned_plane,5,shared_identity,0.1979602873325348,0.0,3413,0.0,1.1016003554686904e-05,0,4c55409a0b9ab0ba906723f051ac1fad3401e941adeb58aefa9e401cea5b7362,experiments/mirror_applications/ma-271-oft-mirror-task-views/artifacts/payloads/27111_0_aligned_plane_5_shared_identity.bin
fresh,27111,0,aligned_plane,6,oft_independent,3.6714916404889664e-06,3.301232425201306e-07,3413,0.06837892299517989,1.5462996088899672e-05,220,da50095ae1ade92acd79a93ea58238e66489eac185ba3b5be45e681f448f1e46,experiments/mirror_applications/ma-271-oft-mirror-task-views/artifacts/payloads/27111_0_aligned_plane_6_oft_independent.bin
fresh,27111,0,aligned_plane,6,oft_oracle_upper,3.8599489471380366e-07,3.4595137776705087e-07,3414,0.0,1.175800571218133e-05,0,5db3804769b0c777eaef7be3e9acf14197a6e1ef87ba6f4a1c4dc882128aa8d7,experiments/mirror_applications/ma-271-oft-mirror-task-views/artifacts/payloads/27111_0_aligned_plane_6_oft_oracle_upper.bin
fresh,27111,0,aligned_plane,6,mirror_angle,0.0,1.8526779399508086e-07,3156,0.01858632299990859,1.0845993529073894e-05,0,ed2d6cb52f7c028a50429800a420f6dcff4fa37ed818aced6356b8d1d067737b,experiments/mirror_applications/ma-271-oft-mirror-task-views/artifacts/payloads/27111_0_aligned_plane_6_mirror_angle.bin
fresh,27111,0,aligned_plane,6,generic_plane_scalar,0.0,1.8526779399508086e-07,3164,0.01858632299990859,1.0855990694835782e-05,0,37a4f90afbd6d8c324ee521ab4afae0541a3155910b7989ac3a968684a83a6ae,experiments/mirror_applications/ma-271-oft-mirror-task-views/artifacts/payloads/27111_0_aligned_plane_6_generic_plane_scalar.bin
fresh,27111,0,aligned_plane,6,shared_identity,0.3280380368232727,0.0,3413,0.0,1.547300780657679e-05,0,4c55409a0b9ab0ba906723f051ac1fad3401e941adeb58aefa9e401cea5b7362,experiments/mirror_applications/ma-271-oft-mirror-task-views/artifacts/payloads/27111_0_aligned_plane_6_shared_identity.bin
fresh,27111,0,aligned_plane,7,oft_independent,4.728266503661871e-06,2.7187107320969517e-07,3413,0.07594902400160208,2.2133011952973902e-05,220,de5c728f1ce98e33373fcb9c81b1c301383a069622f945aee09bcab35c145f62,experiments/mirror_applications/ma-271-oft-mirror-task-views/artifacts/payloads/27111_0_aligned_plane_7_oft_independent.bin
fresh,27111,0,aligned_plane,7,oft_oracle_upper,4.084845954821503e-07,3.854605097330932e-07,3414,0.0,1.814699498936534e-05,0,f74cefc27df05efc194e706ed462c3deea77c97d246f3a0e8d1d8bd4aac864bb,experiments/mirror_applications/ma-271-oft-mirror-task-views/artifacts/payloads/27111_0_aligned_plane_7_oft_oracle_upper.bin
fresh,27111,0,aligned_plane,7,mirror_angle,0.0,1.525573480876119e-07,3156,0.02207896400068421,1.6995996702462435e-05,0,1c80595207d7978e17fdd58e1be8f17b45c8aff6da10332d5888f291a82e01e1,experiments/mirror_applications/ma-271-oft-mirror-task-views/artifacts/payloads/27111_0_aligned_plane_7_mirror_angle.bin
fresh,27111,0,aligned_plane,7,generic_plane_scalar,0.0,1.525573480876119e-07,3164,0.02207896400068421,1.6735008102841675e-05,0,d83c93b0063055205b4291feb1a4ca9740b6f362a51377db1142eee83ffa6822,experiments/mirror_applications/ma-271-oft-mirror-task-views/artifacts/payloads/27111_0_aligned_plane_7_generic_plane_scalar.bin
fresh,27111,0,aligned_plane,7,shared_identity,0.4552892744541168,0.0,3413,0.0,1.383099879603833e-05,0,4c55409a0b9ab0ba906723f051ac1fad3401e941adeb58aefa9e401cea5b7362,experiments/mirror_applications/ma-271-oft-mirror-task-views/artifacts/payloads/27111_0_aligned_plane_7_shared_identity.bin
fresh,27111,0,independent_orthogonal,0,oft_independent,0.2360728532075882,2.9690730229958717e-07,3413,0.06870643999718595,2.0551000488922e-05,220,fe92a871fc4fe520e8b28cdd4fa25394624cc6ca31ba3792091862b558330d77,experiments/mirror_applications/ma-271-oft-mirror-task-views/artifacts/payloads/27111_0_independent_orthogonal_0_oft_independent.bin
fresh,27111,0,independent_orthogonal,0,oft_oracle_upper,3.2377354841628403e-07,3.2328739507647697e-07,3414,0.0,1.361100294161588e-05,0,c961dffe7a9a3ed0d32e688cfc6e1882ca6eba399cb72058cb3c508143043976,experiments/mirror_applications/ma-271-oft-mirror-task-views/artifacts/payloads/27111_0_independent_orthogonal_0_oft_oracle_upper.bin
fresh,27111,0,independent_orthogonal,0,shared_identity,1.4866994619369507,0.0,3413,0.0,1.3821001630276442e-05,0,4c55409a0b9ab0ba906723f051ac1fad3401e941adeb58aefa9e401cea5b7362,experiments/mirror_applications/ma-271-oft-mirror-task-views/artifacts/payloads/27111_0_independent_orthogonal_0_shared_identity.bin
fresh,27111,0,independent_orthogonal,1,oft_independent,0.007272379007190466,2.929359368408768e-07,3413,0.06452084600459784,1.75360037246719e-05,220,9d8cfc1d060276a1eb41009610aa45981635ddc7ee49d2860d7c98210a1df253,experiments/mirror_applications/ma-271-oft-mirror-task-views/artifacts/payloads/27111_0_independent_orthogonal_1_oft_independent.bin
fresh,27111,0,independent_orthogonal,1,oft_oracle_upper,5.334090360520349e-07,3.4296786566301307e-07,3414,0.0,1.494301250204444e-05,0,68d75c7799bc4fdde94aaa9120222a7b71e08dcca5462b425acac676c8dca779,experiments/mirror_applications/ma-271-oft-mirror-task-views/artifacts/payloads/27111_0_independent_orthogonal_1_oft_oracle_upper.bin
fresh,27111,0,independent_orthogonal,1,shared_identity,1.6214179992675781,0.0,3413,0.0,1.7505997675471008e-05,0,4c55409a0b9ab0ba906723f051ac1fad3401e941adeb58aefa9e401cea5b7362,experiments/mirror_applications/ma-271-oft-mirror-task-views/artifacts/payloads/27111_0_independent_orthogonal_1_shared_identity.bin
fresh,27111,0,independent_orthogonal,2,oft_independent,0.08179821819067001,2.763979694009322e-07,3413,0.06332441901031416,2.224199124611914e-05,220,16871140d5d95c195716ced6167e67d09f7db007220d0a78bc7876751cfd82e0,experiments/mirror_applications/ma-271-oft-mirror-task-views/artifacts/payloads/27111_0_independent_orthogonal_2_oft_independent.bin
fresh,27111,0,independent_orthogonal,2,oft_oracle_upper,4.241117608216882e-07,3.495375722195604e-07,3414,0.0,1.525299740023911e-05,0,5f9cb10aa5c7246eaf1c1d1bd66e2bc483205d687619d12ee5bbaf56a03fbf61,experiments/mirror_applications/ma-271-oft-mirror-task-views/artifacts/payloads/27111_0_independent_orthogonal_2_oft_oracle_upper.bin
fresh,27111,0,independent_orthogonal,2,shared_identity,1.4279502630233765,0.0,3413,0.0,1.1247000657022e-05,0,4c55409a0b9ab0ba906723f051ac1fad3401e941adeb58aefa9e401cea5b7362,experiments/mirror_applications/ma-271-oft-mirror-task-views/artifacts/payloads/27111_0_independent_orthogonal_2_shared_identity.bin
fresh,27111,0,independent_orthogonal,3,oft_independent,0.19591110944747925,3.0132412121020025e-07,3413,0.0638542939996114,0.0003062730102101341,220,86ed2d0a7d39e1f16e9211d99dd0dc6b34eebe272a8a4b2e8b6c16fdeb23167c,experiments/mirror_applications/ma-271-oft-mirror-task-views/artifacts/payloads/27111_0_independent_orthogonal_3_oft_independent.bin
fresh,27111,0,independent_orthogonal,3,oft_oracle_upper,4.768893404616392e-07,3.951925577894144e-07,3414,0.0,1.2208009138703346e-05,0,4db0eb6575692f1dbef28df97326d6ae1dbda09839105862bd0b8d63c35f5581,experiments/mirror_applications/ma-271-oft-mirror-task-views/artifacts/payloads/27111_0_independent_orthogonal_3_oft_oracle_upper.bin
fresh,27111,0,independent_orthogonal,3,shared_identity,1.5665090084075928,0.0,3413,0.0,1.1196010746061802e-05,0,4c55409a0b9ab0ba906723f051ac1fad3401e941adeb58aefa9e401cea5b7362,experiments/mirror_applications/ma-271-oft-mirror-task-views/artifacts/payloads/27111_0_independent_orthogonal_3_shared_identity.bin
fresh,27111,0,independent_orthogonal,4,oft_independent,0.033176541328430176,3.12150206127626e-07,3413,0.06494474899955094,1.3800992746837437e-05,220,16c281d639e019516f120cd12bb2e28b9b2189d508d371115b2a456a6bde2308,experiments/mirror_applications/ma-271-oft-mirror-task-views/artifacts/payloads/27111_0_independent_orthogonal_4_oft_independent.bin
fresh,27111,0,independent_orthogonal,4,oft_oracle_upper,5.945207703916822e-07,3.204227425612771e-07,3414,0.0,1.4471996109932661e-05,0,89feee184033f945d7006eba6ead44aaf837abe335cb23f9f8a622e73ceb805b,experiments/mirror_applications/ma-271-oft-mirror-task-views/artifacts/payloads/27111_0_independent_orthogonal_4_oft_oracle_upper.bin
fresh,27111,0,independent_orthogonal,4,shared_identity,1.5396475791931152,0.0,3413,0.0,1.0916992323473096e-05,0,4c55409a0b9ab0ba906723f051ac1fad3401e941adeb58aefa9e401cea5b7362,experiments/mirror_applications/ma-271-oft-mirror-task-views/artifacts/payloads/27111_0_independent_orthogonal_4_shared_identity.bin
fresh,27111,0,independent_orthogonal,5,oft_independent,0.16608740389347076,3.1458324656341574e-07,3413,0.08879033899575006,5.261799378786236e-05,220,120ef36febf9149384c01aafd9abd298ec4d1efb23e51dfcb9b0cf56099cc113,experiments/mirror_applications/ma-271-oft-mirror-task-views/artifacts/payloads/27111_0_independent_orthogonal_5_oft_independent.bin
fresh,27111,0,independent_orthogonal,5,oft_oracle_upper,5.406358809523226e-07,3.4638546253518143e-07,3414,0.0,1.3750992366112769e-05,0,0223884fcd7600f5c3bac98a04f17554e65a8e63a28e02198202e07274099b7b,experiments/mirror_applications/ma-271-oft-mirror-task-views/artifacts/payloads/27111_0_independent_orthogonal_5_oft_oracle_upper.bin
fresh,27111,0,independent_orthogonal,5,shared_identity,1.621405839920044,0.0,3413,0.0,1.5884012100286782e-05,0,4c55409a0b9ab0ba906723f051ac1fad3401e941adeb58aefa9e401cea5b7362,experiments/mirror_applications/ma-271-oft-mirror-task-views/artifacts/payloads/27111_0_independent_orthogonal_5_shared_identity.bin
fresh,27111,0,independent_orthogonal,6,oft_independent,0.20283785462379456,3.033028690424544e-07,3413,0.06555566399765667,1.4881996321491897e-05,220,63a53bc91eb653edda1c8bb6a01f7bee5803e6b8a3edbee71eabb5bb8515b07d,experiments/mirror_applications/ma-271-oft-mirror-task-views/artifacts/payloads/27111_0_independent_orthogonal_6_oft_independent.bin
fresh,27111,0,independent_orthogonal,6,oft_oracle_upper,3.4987797903340834e-07,3.278147744367743e-07,3414,0.0,1.150699972640723e-05,0,bc06f763f5edc50e7d0bd7a282e7cd7c1104ebe7fb556c6f055d775b191258bd,experiments/mirror_applications/ma-271-oft-mirror-task-views/artifacts/payloads/27111_0_independent_orthogonal_6_oft_oracle_upper.bin
fresh,27111,0,independent_orthogonal,6,shared_identity,1.2810757160186768,0.0,3413,0.0,1.4381002984009683e-05,0,4c55409a0b9ab0ba906723f051ac1fad3401e941adeb58aefa9e401cea5b7362,experiments/mirror_applications/ma-271-oft-mirror-task-views/artifacts/payloads/27111_0_independent_orthogonal_6_shared_identity.bin
fresh,27111,0,independent_orthogonal,7,oft_independent,0.27444493770599365,3.020059295977262e-07,3413,0.07078153200563975,2.103100996464491e-05,220,b011554ba2a7e24e1e0543d40e50fe85766ef3b105098957456b048eca1c039f,experiments/mirror_applications/ma-271-oft-mirror-task-views/artifacts/payloads/27111_0_independent_orthogonal_7_oft_independent.bin
fresh,27111,0,independent_orthogonal,7,oft_oracle_upper,3.6005275205752696e-07,3.8062202634137066e-07,3414,0.0,1.383099879603833e-05,0,b861238bf3d1fcd597d9ad6b0caff063b9452cfd510dd7bb481f87d0de512b78,experiments/mirror_applications/ma-271-oft-mirror-task-views/artifacts/payloads/27111_0_independent_orthogonal_7_oft_oracle_upper.bin
fresh,27111,0,independent_orthogonal,7,shared_identity,1.6390589475631714,0.0,3413,0.0,1.3459997717291117e-05,0,4c55409a0b9ab0ba906723f051ac1fad3401e941adeb58aefa9e401cea5b7362,experiments/mirror_applications/ma-271-oft-mirror-task-views/artifacts/payloads/27111_0_independent_orthogonal_7_shared_identity.bin
fresh,27111,1,aligned_plane,0,oft_independent,3.4828103707695846e-06,3.017457856913097e-07,3413,0.06707744099549018,1.8517006537877023e-05,220,3890167ee85689333f4136e7770ee381a652c1cded03e9a9133c66fefe30251f,experiments/mirror_applications/ma-271-oft-mirror-task-views/artifacts/payloads/27111_1_aligned_plane_0_oft_independent.bin
fresh,27111,1,aligned_plane,0,oft_oracle_upper,3.7790866258546885e-07,3.4117965697078034e-07,3414,0.0,1.6924997908063233e-05,0,fb0cb9aedb3e392fd4586da0e53cdcce27b8aa17500a28c57ccf014990b400a8,experiments/mirror_applications/ma-271-oft-mirror-task-views/artifacts/payloads/27111_1_aligned_plane_0_oft_oracle_upper.bin
fresh,27111,1,aligned_plane,0,mirror_angle,0.0,6.681833042421204e-08,3156,0.021619913997710682,1.353000698145479e-05,0,7fa2a93915b37ae08662d9a160b431cf5eb7dd64ffef0a7d9c7667e892eeeeb3,experiments/mirror_applications/ma-271-oft-mirror-task-views/artifacts/payloads/27111_1_aligned_plane_0_mirror_angle.bin
fresh,27111,1,aligned_plane,0,generic_plane_scalar,0.0,6.681833042421204e-08,3164,0.021619913997710682,1.7336002201773226e-05,0,424ba5be88de8241d09fda71a86260ff5a5c067e9b93690e9c4df8a0263e8e26,experiments/mirror_applications/ma-271-oft-mirror-task-views/artifacts/payloads/27111_1_aligned_plane_0_generic_plane_scalar.bin
fresh,27111,1,aligned_plane,0,shared_identity,0.19877824187278748,0.0,3413,0.0,1.3290002243593335e-05,0,973ed3ed0a13a41f13cd06380ce980a5590eaa3a925382fb1af754d3491dd44f,experiments/mirror_applications/ma-271-oft-mirror-task-views/artifacts/payloads/27111_1_aligned_plane_0_shared_identity.bin
fresh,27111,1,aligned_plane,1,oft_independent,2.9511422781069996e-06,3.1245809850588557e-07,3413,0.06719411000085529,1.669398625381291e-05,220,8ee2d6f3b92cc0d89bb6c8cd1bbc3287bbeeb6849ad826f66bd2dce94f512828,experiments/mirror_applications/ma-271-oft-mirror-task-views/artifacts/payloads/27111_1_aligned_plane_1_oft_independent.bin
fresh,27111,1,aligned_plane,1,oft_oracle_upper,3.248066775540792e-07,3.3767079798963096e-07,3414,0.0,1.2347998563200235e-05,0,20804e8148de4972e8ca11ca025842dea07bfc01ed0979dc1ff122e3cecf29c1,experiments/mirror_applications/ma-271-oft-mirror-task-views/artifacts/payloads/27111_1_aligned_plane_1_oft_oracle_upper.bin
fresh,27111,1,aligned_plane,1,mirror_angle,0.0,7.274469737694744e-08,3156,0.018115095008397475,1.1366006219759583e-05,0,0e57adf79c7fa60ad28283d79fa5cb25c936283f2793b4f0a3aee102b664f549,experiments/mirror_applications/ma-271-oft-mirror-task-views/artifacts/payloads/27111_1_aligned_plane_1_mirror_angle.bin
fresh,27111,1,aligned_plane,1,generic_plane_scalar,0.0,7.274469737694744e-08,3164,0.018115095008397475,1.0916002793237567e-05,0,a8abc1063048dc6b02ecfe5e57bcde91660a98fd3c79d735eb44cdc0f1211dc0,experiments/mirror_applications/ma-271-oft-mirror-task-views/artifacts/payloads/27111_1_aligned_plane_1_generic_plane_scalar.bin
fresh,27111,1,aligned_plane,1,shared_identity,0.14322061836719513,0.0,3413,0.0,1.107600110117346e-05,0,973ed3ed0a13a41f13cd06380ce980a5590eaa3a925382fb1af754d3491dd44f,experiments/mirror_applications/ma-271-oft-mirror-task-views/artifacts/payloads/27111_1_aligned_plane_1_shared_identity.bin
fresh,27111,1,aligned_plane,2,oft_independent,4.563895799947204e-06,2.9516201038859435e-07,3413,0.06530954998743255,1.696600520517677e-05,220,8fca2c9adcd4b704a3d3d2421eccf44331278de34ecbd41413fd04279fee6089,experiments/mirror_applications/ma-271-oft-mirror-task-views/artifacts/payloads/27111_1_aligned_plane_2_oft_independent.bin
fresh,27111,1,aligned_plane,2,oft_oracle_upper,3.794901317633048e-07,5.15021213232103e-07,3414,0.0,1.7534999642521143e-05,0,4c0d006ba2ceeadf0fbeff5595cacff0c2c73be8df849c01fc19500dc795744c,experiments/mirror_applications/ma-271-oft-mirror-task-views/artifacts/payloads/27111_1_aligned_plane_2_oft_oracle_upper.bin
fresh,27111,1,aligned_plane,2,mirror_angle,1.340267008487217e-08,5.634830202438934e-08,3156,0.15911393400165252,1.3450000551529229e-05,0,2a7d6f96c89910329a6771c9b35bbde166e0f695452df0c2793c8f75b7110fe7,experiments/mirror_applications/ma-271-oft-mirror-task-views/artifacts/payloads/27111_1_aligned_plane_2_mirror_angle.bin
fresh,27111,1,aligned_plane,2,generic_plane_scalar,1.340267008487217e-08,5.634830202438934e-08,3164,0.15911393400165252,1.7655998817645013e-05,0,6b7fcc0fdd09321cd5dff43ea5f2e22a252cbf9ebcda8397288fd0f45b22ea7b,experiments/mirror_applications/ma-271-oft-mirror-task-views/artifacts/payloads/27111_1_aligned_plane_2_generic_plane_scalar.bin
fresh,27111,1,aligned_plane,2,shared_identity,0.08642898499965668,0.0,3413,0.0,1.3860000763088465e-05,0,973ed3ed0a13a41f13cd06380ce980a5590eaa3a925382fb1af754d3491dd44f,experiments/mirror_applications/ma-271-oft-mirror-task-views/artifacts/payloads/27111_1_aligned_plane_2_shared_identity.bin
fresh,27111,1,aligned_plane,3,oft_independent,4.757272108690813e-06,3.2013215900406067e-07,3413,0.0678938159981044,2.0359992049634457e-05,220,0435d4d4fbd30e7d937a2616301d1f311301891e3a84e0cf3b98db4f3e67cac9,experiments/mirror_applications/ma-271-oft-mirror-task-views/artifacts/payloads/27111_1_aligned_plane_3_oft_independent.bin
fresh,27111,1,aligned_plane,3,oft_oracle_upper,4.129200306124403e-07,3.163279416185105e-07,3414,0.0,1.430101110599935e-05,0,a64833bfa3d432285ba63068ef67d342fe067df8e46f5c8da31da05a243297c9,experiments/mirror_applications/ma-271-oft-mirror-task-views/artifacts/payloads/27111_1_aligned_plane_3_oft_oracle_upper.bin
fresh,27111,1,aligned_plane,3,mirror_angle,0.0,6.808485153442234e-08,3156,0.022247183005674742,1.3408993254415691e-05,0,5ca6a68f84544d0d7e3ed4b308796190e6f1ec8f65f3cfefc2dcc6a0b757c811,experiments/mirror_applications/ma-271-oft-mirror-task-views/artifacts/payloads/27111_1_aligned_plane_3_mirror_angle.bin
fresh,27111,1,aligned_plane,3,generic_plane_scalar,0.0,6.808485153442234e-08,3164,0.022247183005674742,1.2989010429009795e-05,0,fa4543d6b2a18d16e50f05dc6c20226fdbdf10e62a92247abe62d60d93da5e38,experiments/mirror_applications/ma-271-oft-mirror-task-views/artifacts/payloads/27111_1_aligned_plane_3_generic_plane_scalar.bin
fresh,27111,1,aligned_plane,3,shared_identity,0.02889264188706875,0.0,3413,0.0,1.7086000298149884e-05,0,973ed3ed0a13a41f13cd06380ce980a5590eaa3a925382fb1af754d3491dd44f,experiments/mirror_applications/ma-271-oft-mirror-task-views/artifacts/payloads/27111_1_aligned_plane_3_shared_identity.bin
fresh,27111,1,aligned_plane,4,oft_independent,3.3457756671850802e-06,2.9797604383929865e-07,3413,0.06094650899467524,1.4862001989968121e-05,220,8943ac00c6889e4f873d3c9d6e67066274d7bfc93d76a4cf687db99e37aff0ae,experiments/mirror_applications/ma-271-oft-mirror-task-views/artifacts/payloads/27111_1_aligned_plane_4_oft_independent.bin
fresh,27111,1,aligned_plane,4,oft_oracle_upper,3.790833886796463e-07,4.3546324945964443e-07,3414,0.0,1.1235999409109354e-05,0,5349cce49285a9558b98c03911e31db6ac49624bdfdb9176dc05083dd3aec277,experiments/mirror_applications/ma-271-oft-mirror-task-views/artifacts/payloads/27111_1_aligned_plane_4_oft_oracle_upper.bin
fresh,27111,1,aligned_plane,4,mirror_angle,0.0,5.509788181257136e-08,3156,0.017511190002551302,1.1508003808557987e-05,0,406f8b81f950a0a6628504d6d8beef85e09c0a57c702f123bdd499127abd4c47,experiments/mirror_applications/ma-271-oft-mirror-task-views/artifacts/payloads/27111_1_aligned_plane_4_mirror_angle.bin
fresh,27111,1,aligned_plane,4,generic_plane_scalar,0.0,5.509788181257136e-08,3164,0.017511190002551302,1.3980999938212335e-05,0,fb06311823a30c3a9ac9acb501dd59f667110c34ac1fcd268f0a8bd740739709,experiments/mirror_applications/ma-271-oft-mirror-task-views/artifacts/payloads/27111_1_aligned_plane_4_generic_plane_scalar.bin
fresh,27111,1,aligned_plane,4,shared_identity,0.028892643749713898,0.0,3413,0.0,1.1306998203508556e-05,0,973ed3ed0a13a41f13cd06380ce980a5590eaa3a925382fb1af754d3491dd44f,experiments/mirror_applications/ma-271-oft-mirror-task-views/artifacts/payloads/27111_1_aligned_plane_4_shared_identity.bin
fresh,27111,1,aligned_plane,5,oft_independent,3.4373367725493154e-06,2.99924693081266e-07,3413,0.05956392099324148,1.844699727371335e-05,220,af21d4892294ff2bb419d1f4a32831e87cced1b46a2e849ae6ee3212f4d4c8c0,experiments/mirror_applications/ma-271-oft-mirror-task-views/artifacts/payloads/27111_1_aligned_plane_5_oft_independent.bin
fresh,27111,1,aligned_plane,5,oft_oracle_upper,5.713560540243634e-07,4.1164855701936176e-07,3414,0.0,1.1497002560645342e-05,0,d6b6e3e013a2009745935831d60153933e733b0e770736bd760749fa1cae3854,experiments/mirror_applications/ma-271-oft-mirror-task-views/artifacts/payloads/27111_1_aligned_plane_5_oft_oracle_upper.bin
fresh,27111,1,aligned_plane,5,mirror_angle,0.0,5.512876910529485e-08,3156,0.017694212001515552,1.125599374063313e-05,0,55ddb2d036db276fbe4635c8a33b38a501fef5f34d510251f6f0b4ea122cfd8c,experiments/mirror_applications/ma-271-oft-mirror-task-views/artifacts/payloads/27111_1_aligned_plane_5_mirror_angle.bin
fresh,27111,1,aligned_plane,5,generic_plane_scalar,0.0,5.512876910529485e-08,3164,0.017694212001515552,1.1366995749995112e-05,0,f8f09b411db03eda3790754960a912f217ca6b079f236273fdbf44b8f6eabeff,experiments/mirror_applications/ma-271-oft-mirror-task-views/artifacts/payloads/27111_1_aligned_plane_5_generic_plane_scalar.bin
fresh,27111,1,aligned_plane,5,shared_identity,0.08642899245023727,0.0,3413,0.0,1.1727999662980437e-05,0,973ed3ed0a13a41f13cd06380ce980a5590eaa3a925382fb1af754d3491dd44f,experiments/mirror_applications/ma-271-oft-mirror-task-views/artifacts/payloads/27111_1_aligned_plane_5_shared_identity.bin
fresh,27111,1,aligned_plane,6,oft_independent,3.817389824689599e-06,3.1821815582588897e-07,3413,0.06167392600036692,1.7615995602682233e-05,220,fd8cc8ef6a72e1fa08bf882ab7472c7e3ee1af3488072ddb244726242ed5fa13,experiments/mirror_applications/ma-271-oft-mirror-task-views/artifacts/payloads/27111_1_aligned_plane_6_oft_independent.bin
fresh,27111,1,aligned_plane,6,oft_oracle_upper,4.6748141357966233e-07,4.0660754052623815e-07,3414,0.0,1.094600884243846e-05,0,5112356b7637c372ce54c67ec701d8a261cf2d740408cd0f84abc39ab80c19cc,experiments/mirror_applications/ma-271-oft-mirror-task-views/artifacts/payloads/27111_1_aligned_plane_6_oft_oracle_upper.bin
fresh,27111,1,aligned_plane,6,mirror_angle,0.0,7.619775743705759e-08,3156,0.017120301999966614,1.2087999493815005e-05,0,b750c20ed71bc63e95093e97a461cb2cb8acfacbfd3e86cf8c423d54aa78a140,experiments/mirror_applications/ma-271-oft-mirror-task-views/artifacts/payloads/27111_1_aligned_plane_6_mirror_angle.bin
fresh,27111,1,aligned_plane,6,generic_plane_scalar,0.0,7.619775743705759e-08,3164,0.017120301999966614,1.0916002793237567e-05,0,8a27822233791435c67986dbbaca01a382a18ad3905a5205e07cb86332ae0b7a,experiments/mirror_applications/ma-271-oft-mirror-task-views/artifacts/payloads/27111_1_aligned_plane_6_generic_plane_scalar.bin
fresh,27111,1,aligned_plane,6,shared_identity,0.14322061836719513,0.0,3413,0.0,1.426100789103657e-05,0,973ed3ed0a13a41f13cd06380ce980a5590eaa3a925382fb1af754d3491dd44f,experiments/mirror_applications/ma-271-oft-mirror-task-views/artifacts/payloads/27111_1_aligned_plane_6_shared_identity.bin
fresh,27111,1,aligned_plane,7,oft_independent,3.931671017198823e-06,3.244706192617741e-07,3413,0.06534373899921775,2.0831008441746235e-05,220,b17285efa7811ec04ea080d578e5fd520d46c673e63ecb441d35d939fdf405b4,experiments/mirror_applications/ma-271-oft-mirror-task-views/artifacts/payloads/27111_1_aligned_plane_7_oft_independent.bin
fresh,27111,1,aligned_plane,7,oft_oracle_upper,3.527892999954929e-07,3.8635309351775504e-07,3414,0.0,1.7575992387719452e-05,0,df8038b7374c039b739296aba106f6b44bca452f58b12350f5d4f0dd2cd30a11,experiments/mirror_applications/ma-271-oft-mirror-task-views/artifacts/payloads/27111_1_aligned_plane_7_oft_oracle_upper.bin
fresh,27111,1,aligned_plane,7,mirror_angle,0.0,4.9420687986412304e-08,3156,0.02209104099893011,1.3801007298752666e-05,0,daa91faab186d4fc5bfe91408a5ef6a347dd82c8eb4915ee268cf3b8b870fcfe,experiments/mirror_applications/ma-271-oft-mirror-task-views/artifacts/payloads/27111_1_aligned_plane_7_mirror_angle.bin
fresh,27111,1,aligned_plane,7,generic_plane_scalar,0.0,4.9420687986412304e-08,3164,0.02209104099893011,1.701600558590144e-05,0,61cb1f38ea75a14fbb623e872e2a512fbd38067e4ac72ab32ed16b5565f96c16,experiments/mirror_applications/ma-271-oft-mirror-task-views/artifacts/payloads/27111_1_aligned_plane_7_generic_plane_scalar.bin
fresh,27111,1,aligned_plane,7,shared_identity,0.19877825677394867,0.0,3413,0.0,1.327900099568069e-05,0,973ed3ed0a13a41f13cd06380ce980a5590eaa3a925382fb1af754d3491dd44f,experiments/mirror_applications/ma-271-oft-mirror-task-views/artifacts/payloads/27111_1_aligned_plane_7_shared_identity.bin
fresh,27111,1,independent_orthogonal,0,oft_independent,0.1487646847963333,3.1087873253454745e-07,3413,0.06828469500760548,2.2913998691365123e-05,220,180b4fd956e3e71d9a86302a800f573f094c89bf62d13bcbe0e53b1fae844809,experiments/mirror_applications/ma-271-oft-mirror-task-views/artifacts/payloads/27111_1_independent_orthogonal_0_oft_independent.bin
fresh,27111,1,independent_orthogonal,0,oft_oracle_upper,6.527882305817911e-07,3.9376112681566156e-07,3414,0.0,1.3719996786676347e-05,0,1063f58436861fac453c6d28606b183bd4d31ed4e933a3d194d0bcc8daa72586,experiments/mirror_applications/ma-271-oft-mirror-task-views/artifacts/payloads/27111_1_independent_orthogonal_0_oft_oracle_upper.bin
fresh,27111,1,independent_orthogonal,0,shared_identity,1.5691158771514893,0.0,3413,0.0,1.7717000446282327e-05,0,973ed3ed0a13a41f13cd06380ce980a5590eaa3a925382fb1af754d3491dd44f,experiments/mirror_applications/ma-271-oft-mirror-task-views/artifacts/payloads/27111_1_independent_orthogonal_0_shared_identity.bin
fresh,27111,1,independent_orthogonal,1,oft_independent,0.23843760788440704,3.221936140107573e-07,3413,0.06110810799873434,1.7876009223982692e-05,220,27f27d84603e2dc1828a748b8a5f529d77ce10f03e67526fcd3b7e1fedb46205,experiments/mirror_applications/ma-271-oft-mirror-task-views/artifacts/payloads/27111_1_independent_orthogonal_1_oft_independent.bin
fresh,27111,1,independent_orthogonal,1,oft_oracle_upper,4.3318797793290287e-07,3.7537327557402023e-07,3414,0.0,1.2218006304465234e-05,0,654fd2081cd3196261af0be6eade508163c5090bad12004b7a160be1024bf678,experiments/mirror_applications/ma-271-oft-mirror-task-views/artifacts/payloads/27111_1_independent_orthogonal_1_oft_oracle_upper.bin
fresh,27111,1,independent_orthogonal,1,shared_identity,1.7148832082748413,0.0,3413,0.0,1.4492004993371665e-05,0,973ed3ed0a13a41f13cd06380ce980a5590eaa3a925382fb1af754d3491dd44f,experiments/mirror_applications/ma-271-oft-mirror-task-views/artifacts/payloads/27111_1_independent_orthogonal_1_shared_identity.bin
fresh,27111,1,independent_orthogonal,2,oft_independent,0.15929752588272095,2.982865225931164e-07,3413,0.05935388999932911,1.6363992472179234e-05,220,35c3353eb704750bebd579ae66fa22d84479016f2d9a6b584a4ade65dd726507,experiments/mirror_applications/ma-271-oft-mirror-task-views/artifacts/payloads/27111_1_independent_orthogonal_2_oft_independent.bin
fresh,27111,1,independent_orthogonal,2,oft_oracle_upper,5.498351356436615e-07,3.863799520331668e-07,3414,0.0,1.1086987797170877e-05,0,d0ccbb37cda471b9c889a71a0075a19a1b3b5ce2885b1eeaedf13187c14b4b14,experiments/mirror_applications/ma-271-oft-mirror-task-views/artifacts/payloads/27111_1_independent_orthogonal_2_oft_oracle_upper.bin
fresh,27111,1,independent_orthogonal,2,shared_identity,1.3016633987426758,0.0,3413,0.0,1.1106007150374353e-05,0,973ed3ed0a13a41f13cd06380ce980a5590eaa3a925382fb1af754d3491dd44f,experiments/mirror_applications/ma-271-oft-mirror-task-views/artifacts/payloads/27111_1_independent_orthogonal_2_shared_identity.bin
fresh,27111,1,independent_orthogonal,3,oft_independent,0.01973779872059822,3.347820438648341e-07,3413,0.06802302699361462,1.560300006531179e-05,220,ddfeead0425515828f5c1741ceba0b3eff34cf806e9d91cbf8c5cd571c0643dc,experiments/mirror_applications/ma-271-oft-mirror-task-views/artifacts/payloads/27111_1_independent_orthogonal_3_oft_independent.bin
fresh,27111,1,independent_orthogonal,3,oft_oracle_upper,4.2792493104570895e-07,3.878727738992893e-07,3414,0.0,1.1898009688593447e-05,0,d271d876504d147aa43854caac955c6ef5e02c3b42d956d51ac2e25be40f9b77,experiments/mirror_applications/ma-271-oft-mirror-task-views/artifacts/payloads/27111_1_independent_orthogonal_3_oft_oracle_upper.bin
fresh,27111,1,independent_orthogonal,3,shared_identity,1.4462647438049316,0.0,3413,0.0,1.0696006938815117e-05,0,973ed3ed0a13a41f13cd06380ce980a5590eaa3a925382fb1af754d3491dd44f,experiments/mirror_applications/ma-271-oft-mirror-task-views/artifacts/payloads/27111_1_independent_orthogonal_3_shared_identity.bin
fresh,27111,1,independent_orthogonal,4,oft_independent,2.5013683625729755e-05,3.0527891681231267e-07,3413,0.06468509499973152,2.2142994566820562e-05,220,29601aad66af4a7b0dd6a5f3edf2597a165b6a79f7b91e727a0f4da8ec1cc17d,experiments/mirror_applications/ma-271-oft-mirror-task-views/artifacts/payloads/27111_1_independent_orthogonal_4_oft_independent.bin
fresh,27111,1,independent_orthogonal,4,oft_oracle_upper,5.583742677117698e-07,4.2274587030988187e-07,3414,0.0,1.3771001249551773e-05,0,a9d1a13129936f202feca1dce3ea146e0deb5210e07a5849d209bb4d66946869,experiments/mirror_applications/ma-271-oft-mirror-task-views/artifacts/payloads/27111_1_independent_orthogonal_4_oft_oracle_upper.bin
fresh,27111,1,independent_orthogonal,4,shared_identity,1.4128775596618652,0.0,3413,0.0,1.6053003491833806e-05,0,973ed3ed0a13a41f13cd06380ce980a5590eaa3a925382fb1af754d3491dd44f,experiments/mirror_applications/ma-271-oft-mirror-task-views/artifacts/payloads/27111_1_independent_orthogonal_4_shared_identity.bin
fresh,27111,1,independent_orthogonal,5,oft_independent,0.13419628143310547,3.587090020573669e-07,3413,0.06790902800275944,2.310400304850191e-05,220,a819b08b26bbae53eade962827fa8e8ebc185c1708bb2f8204ac7b6eeaaf1e40,experiments/mirror_applications/ma-271-oft-mirror-task-views/artifacts/payloads/27111_1_independent_orthogonal_5_oft_independent.bin
fresh,27111,1,independent_orthogonal,5,oft_oracle_upper,5.630960231428617e-07,3.5584005786404305e-07,3414,0.0,1.8988008378073573e-05,0,5a097c96dd82daf77886631dba0726de05f0d2ff7acf8c6457c847f06979f1d8,experiments/mirror_applications/ma-271-oft-mirror-task-views/artifacts/payloads/27111_1_independent_orthogonal_5_oft_oracle_upper.bin
fresh,27111,1,independent_orthogonal,5,shared_identity,1.4941643476486206,0.0,3413,0.0,1.3569995644502342e-05,0,973ed3ed0a13a41f13cd06380ce980a5590eaa3a925382fb1af754d3491dd44f,experiments/mirror_applications/ma-271-oft-mirror-task-views/artifacts/payloads/27111_1_independent_orthogonal_5_shared_identity.bin
fresh,27111,1,independent_orthogonal,6,oft_independent,0.05425242334604263,3.166085491557169e-07,3413,0.06800989800831303,1.5452998923137784e-05,220,53e9c485a351136a92679793b93971f29936bd425729947672ed9062f4b53c6d,experiments/mirror_applications/ma-271-oft-mirror-task-views/artifacts/payloads/27111_1_independent_orthogonal_6_oft_independent.bin
fresh,27111,1,independent_orthogonal,6,oft_oracle_upper,4.29487386099936e-07,4.4078004179937125e-07,3414,0.0,1.1576994438655674e-05,0,7e35c313e16f33d14dcae9a32dc11fcfaee2c0412526d0f34cf50747dd989ecd,experiments/mirror_applications/ma-271-oft-mirror-task-views/artifacts/payloads/27111_1_independent_orthogonal_6_oft_oracle_upper.bin
fresh,27111,1,independent_orthogonal,6,shared_identity,1.4585328102111816,0.0,3413,0.0,1.9539002096280456e-05,0,973ed3ed0a13a41f13cd06380ce980a5590eaa3a925382fb1af754d3491dd44f,experiments/mirror_applications/ma-271-oft-mirror-task-views/artifacts/payloads/27111_1_independent_orthogonal_6_shared_identity.bin
fresh,27111,1,independent_orthogonal,7,oft_independent,0.052159614861011505,3.140819728741917e-07,3413,0.06904927699360996,1.6543999663554132e-05,220,57d6520001f562dd3a9946dcea05356ed797078b2aa976cfd3d2957926aae84c,experiments/mirror_applications/ma-271-oft-mirror-task-views/artifacts/payloads/27111_1_independent_orthogonal_7_oft_independent.bin
fresh,27111,1,independent_orthogonal,7,oft_oracle_upper,4.048901871556154e-07,3.3568491630830977e-07,3414,0.0,1.1767013347707689e-05,0,e7e48e50a0e16a0664a3f3b54cc9fe665ffbf02b44fe851feed76ccdc76ca3ca,experiments/mirror_applications/ma-271-oft-mirror-task-views/artifacts/payloads/27111_1_independent_orthogonal_7_oft_oracle_upper.bin
fresh,27111,1,independent_orthogonal,7,shared_identity,1.1735107898712158,0.0,3413,0.0,1.1607000487856567e-05,0,973ed3ed0a13a41f13cd06380ce980a5590eaa3a925382fb1af754d3491dd44f,experiments/mirror_applications/ma-271-oft-mirror-task-views/artifacts/payloads/27111_1_independent_orthogonal_7_shared_identity.bin
fresh,27111,2,aligned_plane,0,oft_independent,3.034735300389002e-06,2.41530642597354e-07,3413,0.06435596699884627,1.5412006177939475e-05,220,c882e657d8a7eec9563643ee915f7e95aca29c72b2c8a1c765acfe93402b15dd,experiments/mirror_applications/ma-271-oft-mirror-task-views/artifacts/payloads/27111_2_aligned_plane_0_oft_independent.bin
fresh,27111,2,aligned_plane,0,oft_oracle_upper,3.983402905305411e-07,3.0267725037447235e-07,3414,0.0,1.4842007658444345e-05,0,80756867b51b2b62cd7a59665546db034813743aa610661291e49ee34eac31df,experiments/mirror_applications/ma-271-oft-mirror-task-views/artifacts/payloads/27111_2_aligned_plane_0_oft_oracle_upper.bin
fresh,27111,2,aligned_plane,0,mirror_angle,0.0,4.083624460804458e-08,3156,0.019517341002938338,1.3950993889011443e-05,0,ba67eba1d6f83bf2c8960a7ca70ba7ee3ae0bdab7e1d960e2109df5b5a9c240a,experiments/mirror_applications/ma-271-oft-mirror-task-views/artifacts/payloads/27111_2_aligned_plane_0_mirror_angle.bin
fresh,27111,2,aligned_plane,0,generic_plane_scalar,0.0,4.083624460804458e-08,3164,0.019517341002938338,1.1086012818850577e-05,0,379decf8d2742568ccf1494cd350f1cb04cb6134e1a2f7623b8b993a7d1b8f54,experiments/mirror_applications/ma-271-oft-mirror-task-views/artifacts/payloads/27111_2_aligned_plane_0_generic_plane_scalar.bin
fresh,27111,2,aligned_plane,0,shared_identity,0.2176748812198639,0.0,3413,0.0,1.0835996363312006e-05,0,fe0fcab7a3e0620ec0b92be8f7578c6c065f6da8f9968492d30151f702287671,experiments/mirror_applications/ma-271-oft-mirror-task-views/artifacts/payloads/27111_2_aligned_plane_0_shared_identity.bin
fresh,27111,2,aligned_plane,1,oft_independent,0.003023654455319047,2.4748499072302366e-07,3413,0.0642500999965705,1.5954006812535226e-05,220,e6de707bece0dfd8d3ee1297c07287c913ece774aba52bbf3db47fdde174c261,experiments/mirror_applications/ma-271-oft-mirror-task-views/artifacts/payloads/27111_2_aligned_plane_1_oft_independent.bin
fresh,27111,2,aligned_plane,1,oft_oracle_upper,3.735633811174921e-07,2.942063872524159e-07,3414,0.0,1.4040997484698892e-05,0,03bf8c0302337ba5009a8ef9659eb163ea5a1b5994d26d9b15906fa4ac134a2a,experiments/mirror_applications/ma-271-oft-mirror-task-views/artifacts/payloads/27111_2_aligned_plane_1_oft_oracle_upper.bin
fresh,27111,2,aligned_plane,1,mirror_angle,0.0,5.686440829322237e-08,3156,0.03145681098976638,1.1157011613249779e-05,0,de4286363c691641be2f68a979eeef1063932ad40ba6cae1d6c7d22aaf10014a,experiments/mirror_applications/ma-271-oft-mirror-task-views/artifacts/payloads/27111_2_aligned_plane_1_mirror_angle.bin
fresh,27111,2,aligned_plane,1,generic_plane_scalar,0.0,5.686440829322237e-08,3164,0.03145681098976638,1.4391000149771571e-05,0,07013310986ff18fb31b5258cbb827d213d931e7a6b6a70d2c3b38c5c69d735d,experiments/mirror_applications/ma-271-oft-mirror-task-views/artifacts/payloads/27111_2_aligned_plane_1_generic_plane_scalar.bin
fresh,27111,2,aligned_plane,1,shared_identity,0.15683569014072418,0.0,3413,0.0,1.4452001778408885e-05,0,fe0fcab7a3e0620ec0b92be8f7578c6c065f6da8f9968492d30151f702287671,experiments/mirror_applications/ma-271-oft-mirror-task-views/artifacts/payloads/27111_2_aligned_plane_1_shared_identity.bin
fresh,27111,2,aligned_plane,2,oft_independent,3.3645681014604634e-06,2.3307514140924468e-07,3413,0.07072064200474415,2.0620005670934916e-05,220,06c4509c937e3bd36af0c7fa2f7eadf329718d3d0c5947999d8b50697849e220,experiments/mirror_applications/ma-271-oft-mirror-task-views/artifacts/payloads/27111_2_aligned_plane_2_oft_independent.bin
fresh,27111,2,aligned_plane,2,oft_oracle_upper,3.58132126621058e-07,2.7265329549663875e-07,3414,0.0,1.4792007277719676e-05,0,cf531123492f134758b9ca83178afa4385b95fbfa0b0f6ca212430d6413d26c6,experiments/mirror_applications/ma-271-oft-mirror-task-views/artifacts/payloads/27111_2_aligned_plane_2_oft_oracle_upper.bin
fresh,27111,2,aligned_plane,2,mirror_angle,1.4180204566116572e-08,4.5067533704923335e-08,3156,0.02163660900259856,2.0360996131785214e-05,0,b6d6f7bdec569f101c89597391ff6f37b49d1d47b15d9d6f26605f7a57997516,experiments/mirror_applications/ma-271-oft-mirror-task-views/artifacts/payloads/27111_2_aligned_plane_2_mirror_angle.bin
fresh,27111,2,aligned_plane,2,generic_plane_scalar,1.4180204566116572e-08,4.5067533704923335e-08,3164,0.02163660900259856,1.71550054801628e-05,0,211f230dbeeb1a6ce4e506498f8ec750de67d7ba83a8cbdcd2d5012730ec030c,experiments/mirror_applications/ma-271-oft-mirror-task-views/artifacts/payloads/27111_2_aligned_plane_2_generic_plane_scalar.bin
fresh,27111,2,aligned_plane,2,shared_identity,0.09464522451162338,0.0,3413,0.0,1.357999281026423e-05,0,fe0fcab7a3e0620ec0b92be8f7578c6c065f6da8f9968492d30151f702287671,experiments/mirror_applications/ma-271-oft-mirror-task-views/artifacts/payloads/27111_2_aligned_plane_2_shared_identity.bin
fresh,27111,2,aligned_plane,3,oft_independent,2.934797066700412e-06,2.4269505161100824e-07,3413,0.06847239199851174,2.128200139850378e-05,220,58b9a5460e79b25b17a926d741403d3450f3f0f6e9c0cdd149c075eafb208316,experiments/mirror_applications/ma-271-oft-mirror-task-views/artifacts/payloads/27111_2_aligned_plane_3_oft_independent.bin
fresh,27111,2,aligned_plane,3,oft_oracle_upper,5.425721383289783e-07,3.4681877991715737e-07,3414,0.0,1.1126001481898129e-05,0,00dafe489197248294aed3b46ce136b190b59ef95517515e493267bd7001182c,experiments/mirror_applications/ma-271-oft-mirror-task-views/artifacts/payloads/27111_2_aligned_plane_3_oft_oracle_upper.bin
fresh,27111,2,aligned_plane,3,mirror_angle,0.0,7.585055783465577e-08,3156,0.02130712100188248,1.1276992154307663e-05,0,e693cd428739b6e68d350876e94506bf5851097376566b559f6adf4d7da6e550,experiments/mirror_applications/ma-271-oft-mirror-task-views/artifacts/payloads/27111_2_aligned_plane_3_mirror_angle.bin
fresh,27111,2,aligned_plane,3,generic_plane_scalar,0.0,7.585055783465577e-08,3164,0.02130712100188248,1.1105992598459125e-05,0,73ef248bede0c7c230b954ca854009db0e341bce07761d7038b18e2fbe9c3545,experiments/mirror_applications/ma-271-oft-mirror-task-views/artifacts/payloads/27111_2_aligned_plane_3_generic_plane_scalar.bin
fresh,27111,2,aligned_plane,3,shared_identity,0.03163928538560867,0.0,3413,0.0,5.954800872132182e-05,0,fe0fcab7a3e0620ec0b92be8f7578c6c065f6da8f9968492d30151f702287671,experiments/mirror_applications/ma-271-oft-mirror-task-views/artifacts/payloads/27111_2_aligned_plane_3_shared_identity.bin
fresh,27111,2,aligned_plane,4,oft_independent,2.3384227461065166e-06,2.550149531543866e-07,3413,0.06933834399387706,1.951899321284145e-05,220,801007673dbde93dd01c1d26c010a10a3f7c333a20c208ee04d5e0a39a737de2,experiments/mirror_applications/ma-271-oft-mirror-task-views/artifacts/payloads/27111_2_aligned_plane_4_oft_independent.bin
fresh,27111,2,aligned_plane,4,oft_oracle_upper,4.283388364001439e-07,3.552081579982769e-07,3414,0.0,1.744600012898445e-05,0,cc7c06b2596bcd6d8d7e7f61e1ca61475ce50e07ceef94d30026b1648f8807f8,experiments/mirror_applications/ma-271-oft-mirror-task-views/artifacts/payloads/27111_2_aligned_plane_4_oft_oracle_upper.bin
fresh,27111,2,aligned_plane,4,mirror_angle,0.0,7.246053712606226e-08,3156,0.019277204992249608,1.1867014109157026e-05,0,c70c29e85b77faf2b16e5e27a6d97c4921f1a1a4a20e85c3954867f729997763,experiments/mirror_applications/ma-271-oft-mirror-task-views/artifacts/payloads/27111_2_aligned_plane_4_mirror_angle.bin
fresh,27111,2,aligned_plane,4,generic_plane_scalar,0.0,7.246053712606226e-08,3164,0.019277204992249608,2.020000829361379e-05,0,18fe77837ea10f3e2fd6d6a0dddd2106bf7f366176049136a25e1d0953114af0,experiments/mirror_applications/ma-271-oft-mirror-task-views/artifacts/payloads/27111_2_aligned_plane_4_generic_plane_scalar.bin
fresh,27111,2,aligned_plane,4,shared_identity,0.03163928911089897,0.0,3413,0.0,1.4921999536454678e-05,0,fe0fcab7a3e0620ec0b92be8f7578c6c065f6da8f9968492d30151f702287671,experiments/mirror_applications/ma-271-oft-mirror-task-views/artifacts/payloads/27111_2_aligned_plane_4_shared_identity.bin
fresh,27111,2,aligned_plane,5,oft_independent,3.671821332318359e-06,2.3103983437522402e-07,3413,0.09845598100218922,2.0359992049634457e-05,220,fb13262d4b7224c42e7c23193e7c784c7703f82e985e7a759d30aca2f1934683,experiments/mirror_applications/ma-271-oft-mirror-task-views/artifacts/payloads/27111_2_aligned_plane_5_oft_independent.bin
fresh,27111,2,aligned_plane,5,oft_oracle_upper,2.8920487693540053e-07,2.830790037933184e-07,3414,0.0,1.3890996342524886e-05,0,800a585a13423b0dff154d20c10951dfc79e04093b45b834b254559264d26c3b,experiments/mirror_applications/ma-271-oft-mirror-task-views/artifacts/payloads/27111_2_aligned_plane_5_oft_oracle_upper.bin
fresh,27111,2,aligned_plane,5,mirror_angle,0.0,5.40543076965605e-08,3156,0.02260697601013817,1.3349999790079892e-05,0,c1b92c5ae7b7036b297a287694285c2689b5bac9f81eaf694159df44ee40faea,experiments/mirror_applications/ma-271-oft-mirror-task-views/artifacts/payloads/27111_2_aligned_plane_5_mirror_angle.bin
fresh,27111,2,aligned_plane,5,generic_plane_scalar,0.0,5.40543076965605e-08,3164,0.02260697601013817,1.3540004147216678e-05,0,c1831c7268f6469c5a77e9db4a2cc31b144e360a69b8132dc64a088c4f6301c8,experiments/mirror_applications/ma-271-oft-mirror-task-views/artifacts/payloads/27111_2_aligned_plane_5_generic_plane_scalar.bin
fresh,27111,2,aligned_plane,5,shared_identity,0.09464524686336517,0.0,3413,0.0,1.7425991245545447e-05,0,fe0fcab7a3e0620ec0b92be8f7578c6c065f6da8f9968492d30151f702287671,experiments/mirror_applications/ma-271-oft-mirror-task-views/artifacts/payloads/27111_2_aligned_plane_5_shared_identity.bin
fresh,27111,2,aligned_plane,6,oft_independent,2.671178663149476e-06,2.3197304699351662e-07,3413,0.06422242900589481,1.4591001672670245e-05,220,0b7fc2a998445aa39827ad3aaa264355ea841ef7effb1cfe0c8003fa9a8da8e6,experiments/mirror_applications/ma-271-oft-mirror-task-views/artifacts/payloads/27111_2_aligned_plane_6_oft_independent.bin
fresh,27111,2,aligned_plane,6,oft_oracle_upper,3.7967919297443586e-07,4.470137184853229e-07,3414,0.0,1.1747993994504213e-05,0,e1f0b2c5d57deb7e9d9472bc83a6f478a5734fdcb8cdf491de2ab4f62f97d49f,experiments/mirror_applications/ma-271-oft-mirror-task-views/artifacts/payloads/27111_2_aligned_plane_6_oft_oracle_upper.bin
fresh,27111,2,aligned_plane,6,mirror_angle,0.0,5.587340012880304e-08,3156,0.01911949200439267,1.0654999641701579e-05,0,6bfca7109535edf6db2ed081bdd25426e7d1012de8cbb17574d0f178ebac0ab5,experiments/mirror_applications/ma-271-oft-mirror-task-views/artifacts/payloads/27111_2_aligned_plane_6_mirror_angle.bin
fresh,27111,2,aligned_plane,6,generic_plane_scalar,0.0,5.587340012880304e-08,3164,0.01911949200439267,1.4511999324895442e-05,0,4a7d76a83bfdbb119298983caaad68095bad14a7235bcf790845f2475cdf9546,experiments/mirror_applications/ma-271-oft-mirror-task-views/artifacts/payloads/27111_2_aligned_plane_6_generic_plane_scalar.bin
fresh,27111,2,aligned_plane,6,shared_identity,0.15683573484420776,0.0,3413,0.0,1.0404997738078237e-05,0,fe0fcab7a3e0620ec0b92be8f7578c6c065f6da8f9968492d30151f702287671,experiments/mirror_applications/ma-271-oft-mirror-task-views/artifacts/payloads/27111_2_aligned_plane_6_shared_identity.bin
fresh,27111,2,aligned_plane,7,oft_independent,3.215845936210826e-06,2.65467718918444e-07,3413,0.06399391099694185,1.8196995370090008e-05,220,6dfeadc01487fb3f3de7ea4d6cc5b772947bc9409d711460abda9133864c9550,experiments/mirror_applications/ma-271-oft-mirror-task-views/artifacts/payloads/27111_2_aligned_plane_7_oft_independent.bin
fresh,27111,2,aligned_plane,7,oft_oracle_upper,4.453640656265634e-07,2.838001194049866e-07,3414,0.0,1.1187003110535443e-05,0,60844eb8812e5857a3771d43504fc595147c3613d0ddb6b2bf46576c3bce1db2,experiments/mirror_applications/ma-271-oft-mirror-task-views/artifacts/payloads/27111_2_aligned_plane_7_oft_oracle_upper.bin
fresh,27111,2,aligned_plane,7,mirror_angle,0.0,3.815694782360879e-08,3156,0.021205320008448325,1.6814999980852008e-05,0,37f382bf0f3fe5be2c7dbad7f32dc9cbf1e3942578826e2b8a20f3b888e523fb,experiments/mirror_applications/ma-271-oft-mirror-task-views/artifacts/payloads/27111_2_aligned_plane_7_mirror_angle.bin
fresh,27111,2,aligned_plane,7,generic_plane_scalar,0.0,3.815694782360879e-08,3164,0.021205320008448325,1.1185999028384686e-05,0,5f4e4ed3fd94039e78ee21c70276784015b2f6e9402a19ca11a7ff9f123d23a3,experiments/mirror_applications/ma-271-oft-mirror-task-views/artifacts/payloads/27111_2_aligned_plane_7_generic_plane_scalar.bin
fresh,27111,2,aligned_plane,7,shared_identity,0.21767480671405792,0.0,3413,0.0,1.0845993529073894e-05,0,fe0fcab7a3e0620ec0b92be8f7578c6c065f6da8f9968492d30151f702287671,experiments/mirror_applications/ma-271-oft-mirror-task-views/artifacts/payloads/27111_2_aligned_plane_7_shared_identity.bin
fresh,27111,2,independent_orthogonal,0,oft_independent,0.17008191347122192,2.855789489331073e-07,3413,0.06850058400596026,2.2394000552594662e-05,220,c4fc80a27a85562bfa8261af5cd792ef0d5a5df62fc7056aec7ccc83f83d2bca,experiments/mirror_applications/ma-271-oft-mirror-task-views/artifacts/payloads/27111_2_independent_orthogonal_0_oft_independent.bin
fresh,27111,2,independent_orthogonal,0,oft_oracle_upper,3.7001558439442306e-07,3.072461254305381e-07,3414,0.0,1.1185999028384686e-05,0,ba6b648253153bde9e3728689eec22310c9c8f964595a1ede05f08d4d211afd6,experiments/mirror_applications/ma-271-oft-mirror-task-views/artifacts/payloads/27111_2_independent_orthogonal_0_oft_oracle_upper.bin
fresh,27111,2,independent_orthogonal,0,shared_identity,1.3882691860198975,0.0,3413,0.0,1.0985997505486012e-05,0,fe0fcab7a3e0620ec0b92be8f7578c6c065f6da8f9968492d30151f702287671,experiments/mirror_applications/ma-271-oft-mirror-task-views/artifacts/payloads/27111_2_independent_orthogonal_0_shared_identity.bin
fresh,27111,2,independent_orthogonal,1,oft_independent,0.06756383180618286,2.6722975121629133e-07,3413,0.06276703499315772,2.0309991668909788e-05,220,9fd56ae8be0aed9a62b9dc997afdc807eef85f8cec6904c9084e4c5c4932e427,experiments/mirror_applications/ma-271-oft-mirror-task-views/artifacts/payloads/27111_2_independent_orthogonal_1_oft_independent.bin
fresh,27111,2,independent_orthogonal,1,oft_oracle_upper,4.7028237304402865e-07,3.578284122340847e-07,3414,0.0,1.5273006283678114e-05,0,3194cc4d5b75f22c4dbb502fd7d89541e316b28d6b0136bf021afc76331e0a6a,experiments/mirror_applications/ma-271-oft-mirror-task-views/artifacts/payloads/27111_2_independent_orthogonal_1_oft_oracle_upper.bin
fresh,27111,2,independent_orthogonal,1,shared_identity,1.3711413145065308,0.0,3413,0.0,1.1447002179920673e-05,0,fe0fcab7a3e0620ec0b92be8f7578c6c065f6da8f9968492d30151f702287671,experiments/mirror_applications/ma-271-oft-mirror-task-views/artifacts/payloads/27111_2_independent_orthogonal_1_shared_identity.bin
fresh,27111,2,independent_orthogonal,2,oft_independent,0.2565835416316986,2.8649498062804923e-07,3413,0.0655851170013193,1.6654987121000886e-05,220,8a1c8e9b5b201ab87c7b043bf7fe4bd40680500f7d123b11d0ac2356736f3880,experiments/mirror_applications/ma-271-oft-mirror-task-views/artifacts/payloads/27111_2_independent_orthogonal_2_oft_independent.bin
fresh,27111,2,independent_orthogonal,2,oft_oracle_upper,4.2105349962184846e-07,3.0024946795492724e-07,3414,0.0,1.4861987438052893e-05,0,6fa9bd30c42046c3087e035a2e2e91acbaf4c9f287536b844bdba3a7e5d1cf4a,experiments/mirror_applications/ma-271-oft-mirror-task-views/artifacts/payloads/27111_2_independent_orthogonal_2_oft_oracle_upper.bin
fresh,27111,2,independent_orthogonal,2,shared_identity,1.5831701755523682,0.0,3413,0.0,1.1276002624072134e-05,0,fe0fcab7a3e0620ec0b92be8f7578c6c065f6da8f9968492d30151f702287671,experiments/mirror_applications/ma-271-oft-mirror-task-views/artifacts/payloads/27111_2_independent_orthogonal_2_shared_identity.bin
fresh,27111,2,independent_orthogonal,3,oft_independent,0.2609013617038727,2.9455335948114225e-07,3413,0.0637779410026269,1.8776991055347025e-05,220,fec705541b7aab205d8519d6739abe42ed57ba37dcda4f0022650e2bdbf2fff7,experiments/mirror_applications/ma-271-oft-mirror-task-views/artifacts/payloads/27111_2_independent_orthogonal_3_oft_independent.bin
fresh,27111,2,independent_orthogonal,3,oft_oracle_upper,5.032509307056898e-07,3.2909079550336173e-07,3414,0.0,1.521299418527633e-05,0,828511e61cb5d3d99125fc3a4343eb4273de31d231c195c243bb8291be4755db,experiments/mirror_applications/ma-271-oft-mirror-task-views/artifacts/payloads/27111_2_independent_orthogonal_3_oft_oracle_upper.bin
fresh,27111,2,independent_orthogonal,3,shared_identity,1.2233431339263916,0.0,3413,0.0,1.1085998266935349e-05,0,fe0fcab7a3e0620ec0b92be8f7578c6c065f6da8f9968492d30151f702287671,experiments/mirror_applications/ma-271-oft-mirror-task-views/artifacts/payloads/27111_2_independent_orthogonal_3_shared_identity.bin
fresh,27111,2,independent_orthogonal,4,oft_independent,0.23556101322174072,2.6583194312479463e-07,3413,0.06515271699754521,1.521299418527633e-05,220,878ad76f4704f560fdb8b0b1c41bb4266ff22b22e12c380d0c94b716fd20b56c,experiments/mirror_applications/ma-271-oft-mirror-task-views/artifacts/payloads/27111_2_independent_orthogonal_4_oft_independent.bin
fresh,27111,2,independent_orthogonal,4,oft_oracle_upper,4.186432533970219e-07,3.501743606193486e-07,3414,0.0,1.115699706133455e-05,0,5c4913171e7ccb05dbf209dbbc19c961c7b72d87e63cd41c8cb66fb97092114f,experiments/mirror_applications/ma-271-oft-mirror-task-views/artifacts/payloads/27111_2_independent_orthogonal_4_oft_oracle_upper.bin
fresh,27111,2,independent_orthogonal,4,shared_identity,1.245499849319458,0.0,3413,0.0,1.4541001291945577e-05,0,fe0fcab7a3e0620ec0b92be8f7578c6c065f6da8f9968492d30151f702287671,experiments/mirror_applications/ma-271-oft-mirror-task-views/artifacts/payloads/27111_2_independent_orthogonal_4_shared_identity.bin
fresh,27111,2,independent_orthogonal,5,oft_independent,0.0028794733807444572,3.1312919190895627e-07,3413,0.06282912599272095,1.491200237069279e-05,220,dcb658265df7e68b5c9f04ad5c514c117af6e5cace56dd6976da0e710b1e726c,experiments/mirror_applications/ma-271-oft-mirror-task-views/artifacts/payloads/27111_2_independent_orthogonal_5_oft_independent.bin
fresh,27111,2,independent_orthogonal,5,oft_oracle_upper,4.1513544601912145e-07,3.7558336885012977e-07,3414,0.0,1.4710996765643358e-05,0,2872398734897be9a5522ddac894d13792d45e66ab094fe3925a0d3c6b5306e9,experiments/mirror_applications/ma-271-oft-mirror-task-views/artifacts/payloads/27111_2_independent_orthogonal_5_oft_oracle_upper.bin
fresh,27111,2,independent_orthogonal,5,shared_identity,1.471024751663208,0.0,3413,0.0,1.1356998584233224e-05,0,fe0fcab7a3e0620ec0b92be8f7578c6c065f6da8f9968492d30151f702287671,experiments/mirror_applications/ma-271-oft-mirror-task-views/artifacts/payloads/27111_2_independent_orthogonal_5_shared_identity.bin
fresh,27111,2,independent_orthogonal,6,oft_independent,0.0036075531970709562,2.638968510382256e-07,3413,0.06400860300345812,1.5542987966910005e-05,220,374a21c6cbde3b25b250276678be2404e76b1fe9f5ae433de4b656e648f1337b,experiments/mirror_applications/ma-271-oft-mirror-task-views/artifacts/payloads/27111_2_independent_orthogonal_6_oft_independent.bin
fresh,27111,2,independent_orthogonal,6,oft_oracle_upper,5.312799089551845e-07,5.568734309235879e-07,3414,0.0,0.00010414399730507284,0,519ad4b55c241beca62b79b83dcb510501f6ac6003b6dd9990722455550f6a86,experiments/mirror_applications/ma-271-oft-mirror-task-views/artifacts/payloads/27111_2_independent_orthogonal_6_oft_oracle_upper.bin
fresh,27111,2,independent_orthogonal,6,shared_identity,1.339505672454834,0.0,3413,0.0,1.1657000868581235e-05,0,fe0fcab7a3e0620ec0b92be8f7578c6c065f6da8f9968492d30151f702287671,experiments/mirror_applications/ma-271-oft-mirror-task-views/artifacts/payloads/27111_2_independent_orthogonal_6_shared_identity.bin
fresh,27111,2,independent_orthogonal,7,oft_independent,0.22171105444431305,3.0113380944385426e-07,3413,0.0644954629970016,1.5372992493212223e-05,220,574e8a81b52f727d1176c2f9c6a1427f8bc3d42e4e99a1c81fb6e7cae92b0654,experiments/mirror_applications/ma-271-oft-mirror-task-views/artifacts/payloads/27111_2_independent_orthogonal_7_oft_independent.bin
fresh,27111,2,independent_orthogonal,7,oft_oracle_upper,5.109078529130784e-07,3.5684590216078504e-07,3414,0.0,1.1637996067292988e-05,0,2638549897b003487499f9cbf9d350da234e5519bec833a486e4e90008999880,experiments/mirror_applications/ma-271-oft-mirror-task-views/artifacts/payloads/27111_2_independent_orthogonal_7_oft_oracle_upper.bin
fresh,27111,2,independent_orthogonal,7,shared_identity,1.5314751863479614,0.0,3413,0.0,1.552299363538623e-05,0,fe0fcab7a3e0620ec0b92be8f7578c6c065f6da8f9968492d30151f702287671,experiments/mirror_applications/ma-271-oft-mirror-task-views/artifacts/payloads/27111_2_independent_orthogonal_7_shared_identity.bin
fresh,27112,0,aligned_plane,0,oft_independent,3.949743586417753e-06,2.373191563265209e-07,3413,0.06230979799875058,1.4691991964355111e-05,220,9e3174c4b821b9bf5e5f22dfd6ebc254b6f8e2453af49ef8e5192131b58647c9,experiments/mirror_applications/ma-271-oft-mirror-task-views/artifacts/payloads/27112_0_aligned_plane_0_oft_independent.bin
fresh,27112,0,aligned_plane,0,oft_oracle_upper,3.846871265977825e-07,2.6281665554961364e-07,3414,0.0,1.6174002666957676e-05,0,c71a88681a3e22e2d1bb491e8a31d0730fb00793eda5190e68bb26d160a04fcc,experiments/mirror_applications/ma-271-oft-mirror-task-views/artifacts/payloads/27112_0_aligned_plane_0_oft_oracle_upper.bin
fresh,27112,0,aligned_plane,0,mirror_angle,0.0,9.856807281494184e-08,3156,0.018794260002323426,1.0846008080989122e-05,0,c35a31fc9190714098a4fea9121226b03fe4455e131a0a9694fd41631e2c1966,experiments/mirror_applications/ma-271-oft-mirror-task-views/artifacts/payloads/27112_0_aligned_plane_0_mirror_angle.bin
fresh,27112,0,aligned_plane,0,generic_plane_scalar,0.0,9.856807281494184e-08,3164,0.018794260002323426,1.1347001418471336e-05,0,7c74637f24496cfeaecfe8dc5a44ededc7356cf0c70b0cbfa3fe68dfff6cb2f5,experiments/mirror_applications/ma-271-oft-mirror-task-views/artifacts/payloads/27112_0_aligned_plane_0_generic_plane_scalar.bin
fresh,27112,0,aligned_plane,0,shared_identity,0.39495474100112915,0.0,3413,0.0,1.0655989171937108e-05,0,62b8cdd6c9707f862decc267176b29d4411a8d439d597c163dd33c6e3d4004eb,experiments/mirror_applications/ma-271-oft-mirror-task-views/artifacts/payloads/27112_0_aligned_plane_0_shared_identity.bin
fresh,27112,0,aligned_plane,1,oft_independent,3.1493768801738042e-06,2.2408295308196102e-07,3413,0.06602384700090624,1.452199649065733e-05,220,5942e5767d8f4e59e873fcf5030a4936446909b5a4a4629a3990ddde09fea51f,experiments/mirror_applications/ma-271-oft-mirror-task-views/artifacts/payloads/27112_0_aligned_plane_1_oft_independent.bin
fresh,27112,0,aligned_plane,1,oft_oracle_upper,2.8364871695885086e-07,2.548981967720465e-07,3414,0.0,1.4322009519673884e-05,0,c2f6c1de17a952532068e1ef0d3797fd17228745828cbdd28ae8f07a06bc3c39,experiments/mirror_applications/ma-271-oft-mirror-task-views/artifacts/payloads/27112_0_aligned_plane_1_oft_oracle_upper.bin
fresh,27112,0,aligned_plane,1,mirror_angle,0.0,1.452581273042597e-07,3156,0.01788008700532373,1.8887993064709008e-05,0,78ee25a3f9550e5193099f822367b83b9d2ec9a6e2cd179e4048b414e3ced90f,experiments/mirror_applications/ma-271-oft-mirror-task-views/artifacts/payloads/27112_0_aligned_plane_1_mirror_angle.bin
fresh,27112,0,aligned_plane,1,generic_plane_scalar,0.0,1.452581273042597e-07,3164,0.01788008700532373,1.5964003978297114e-05,0,7579035d5f2405b34aa7c1ab14ac72b513016410c82f3093e1cffee7f3232ae2,experiments/mirror_applications/ma-271-oft-mirror-task-views/artifacts/payloads/27112_0_aligned_plane_1_generic_plane_scalar.bin
fresh,27112,0,aligned_plane,1,shared_identity,0.28456661105155945,0.0,3413,0.0,1.1676995200105011e-05,0,62b8cdd6c9707f862decc267176b29d4411a8d439d597c163dd33c6e3d4004eb,experiments/mirror_applications/ma-271-oft-mirror-task-views/artifacts/payloads/27112_0_aligned_plane_1_shared_identity.bin
fresh,27112,0,aligned_plane,2,oft_independent,2.5395861484867055e-06,2.2555987300165725e-07,3413,0.06413184500706848,1.4891993487253785e-05,220,71b717b39b309082cc5c5342398f1457cb201908424db8bf79ffd7222c4cd56a,experiments/mirror_applications/ma-271-oft-mirror-task-views/artifacts/payloads/27112_0_aligned_plane_2_oft_independent.bin
fresh,27112,0,aligned_plane,2,oft_oracle_upper,3.8843623428874707e-07,3.899905323123676e-07,3414,0.0,1.1177005944773555e-05,0,90a31dd5980e05667b7820e9e96933e25c41b5827feea0633f62ee49acd54637,experiments/mirror_applications/ma-271-oft-mirror-task-views/artifacts/payloads/27112_0_aligned_plane_2_oft_oracle_upper.bin
fresh,27112,0,aligned_plane,2,mirror_angle,2.8505041882453952e-08,9.319646920857849e-08,3156,0.01801642798818648,1.482199877500534e-05,0,aea24089ffc2cc5595dcc84685a4b9508c9bb4892b94c2de8bb0bd58c9dcd0e7,experiments/mirror_applications/ma-271-oft-mirror-task-views/artifacts/payloads/27112_0_aligned_plane_2_mirror_angle.bin
fresh,27112,0,aligned_plane,2,generic_plane_scalar,2.8505041882453952e-08,9.319646920857849e-08,3164,0.01801642798818648,1.1096999514847994e-05,0,b9c62107cc1330f9dc4ed960319ae46bd5877a6823b66a7200937575bbc714c6,experiments/mirror_applications/ma-271-oft-mirror-task-views/artifacts/payloads/27112_0_aligned_plane_2_generic_plane_scalar.bin
fresh,27112,0,aligned_plane,2,shared_identity,0.17172665894031525,0.0,3413,0.0,1.0614996426738799e-05,0,62b8cdd6c9707f862decc267176b29d4411a8d439d597c163dd33c6e3d4004eb,experiments/mirror_applications/ma-271-oft-mirror-task-views/artifacts/payloads/27112_0_aligned_plane_2_shared_identity.bin
fresh,27112,0,aligned_plane,3,oft_independent,3.2265049867419293e-06,2.3654013148188824e-07,3413,0.06249692400160711,1.5402998542413116e-05,220,41bae785dd1deeb814356d04c734ffb3c304272ec6c0396a592455e699edc1de,experiments/mirror_applications/ma-271-oft-mirror-task-views/artifacts/payloads/27112_0_aligned_plane_3_oft_independent.bin
fresh,27112,0,aligned_plane,3,oft_oracle_upper,3.018594156856125e-07,3.064653810724849e-07,3414,0.0,1.1947995517402887e-05,0,99d8e3e9e0f96f0e48863a7feb687c808eb54f81d72ab7cdfc3b273c03664a02,experiments/mirror_applications/ma-271-oft-mirror-task-views/artifacts/payloads/27112_0_aligned_plane_3_oft_oracle_upper.bin
fresh,27112,0,aligned_plane,3,mirror_angle,0.0,1.0580225051626257e-07,3156,0.018657007996807806,1.4322009519673884e-05,0,ff72f203792939606ea38c53a258846700e417c9238be1c043ca84d29d24fc99,experiments/mirror_applications/ma-271-oft-mirror-task-views/artifacts/payloads/27112_0_aligned_plane_3_mirror_angle.bin
fresh,27112,0,aligned_plane,3,generic_plane_scalar,0.0,1.0580225051626257e-07,3164,0.018657007996807806,2.1692001610063016e-05,0,4bf665aa5c1cbbc2c7cbe68a2097fb9bbd2721746fc98cdc5abe25ca0c739d9b,experiments/mirror_applications/ma-271-oft-mirror-task-views/artifacts/payloads/27112_0_aligned_plane_3_generic_plane_scalar.bin
fresh,27112,0,aligned_plane,3,shared_identity,0.05740714445710182,0.0,3413,0.0,1.1126001481898129e-05,0,62b8cdd6c9707f862decc267176b29d4411a8d439d597c163dd33c6e3d4004eb,experiments/mirror_applications/ma-271-oft-mirror-task-views/artifacts/payloads/27112_0_aligned_plane_3_shared_identity.bin
fresh,27112,0,aligned_plane,4,oft_independent,3.042163370992057e-06,2.1742701505900186e-07,3413,0.06303477099572774,2.90930038318038e-05,220,ccb5c91c277b314226351d5630b3cc530d8f9140df084ccf1a72bf30d70b570d,experiments/mirror_applications/ma-271-oft-mirror-task-views/artifacts/payloads/27112_0_aligned_plane_4_oft_independent.bin
fresh,27112,0,aligned_plane,4,oft_oracle_upper,2.4691820499356254e-07,2.3933034754008986e-07,3414,0.0,1.1085998266935349e-05,0,d449cb25e3275ead2097fe464319563b82a10dc2dfd773acce821d59b35da96f,experiments/mirror_applications/ma-271-oft-mirror-task-views/artifacts/payloads/27112_0_aligned_plane_4_oft_oracle_upper.bin
fresh,27112,0,aligned_plane,4,mirror_angle,0.0,1.0390901650225715e-07,3156,0.01905565599736292,1.745599729474634e-05,0,5b00e52d15540b8ae7e669485b50e8881a0fa6926e816e8ce9c4448c4b683de8,experiments/mirror_applications/ma-271-oft-mirror-task-views/artifacts/payloads/27112_0_aligned_plane_4_mirror_angle.bin
fresh,27112,0,aligned_plane,4,generic_plane_scalar,0.0,1.0390901650225715e-07,3164,0.01905565599736292,1.0895993909798563e-05,0,62ac3ee46810ad4b61d918eec754cea54ddf80b732252608aa3d593efd877969,experiments/mirror_applications/ma-271-oft-mirror-task-views/artifacts/payloads/27112_0_aligned_plane_4_generic_plane_scalar.bin
fresh,27112,0,aligned_plane,4,shared_identity,0.057407114654779434,0.0,3413,0.0,1.1597003322094679e-05,0,62b8cdd6c9707f862decc267176b29d4411a8d439d597c163dd33c6e3d4004eb,experiments/mirror_applications/ma-271-oft-mirror-task-views/artifacts/payloads/27112_0_aligned_plane_4_shared_identity.bin
fresh,27112,0,aligned_plane,5,oft_independent,2.6916666229226394e-06,2.2761477680433018e-07,3413,0.06294006000098307,1.5563011402264237e-05,220,a80e7835b7ee29bc0843e14a43a924b1b009e31d04613e7d01869bc1a34f54dc,experiments/mirror_applications/ma-271-oft-mirror-task-views/artifacts/payloads/27112_0_aligned_plane_5_oft_independent.bin
fresh,27112,0,aligned_plane,5,oft_oracle_upper,3.346316361785284e-07,3.1069279771145375e-07,3414,0.0,1.1707001249305904e-05,0,289532a196d78c8758b13e6612381e063ba0fbb79f6a4f0d797950faac456c6a,experiments/mirror_applications/ma-271-oft-mirror-task-views/artifacts/payloads/27112_0_aligned_plane_5_oft_oracle_upper.bin
fresh,27112,0,aligned_plane,5,mirror_angle,0.0,1.0445143772130905e-07,3156,0.018353417995967902,1.0976000339724123e-05,0,2ba7afacba201209eecc20741b0554461543ad9e0bf2519f4341d373472dc7c3,experiments/mirror_applications/ma-271-oft-mirror-task-views/artifacts/payloads/27112_0_aligned_plane_5_mirror_angle.bin
fresh,27112,0,aligned_plane,5,generic_plane_scalar,0.0,1.0445143772130905e-07,3164,0.018353417995967902,1.1117008398286998e-05,0,554fd5612cf7390ddd4f693a4ae148048d4e609d0c0e4abf9bf91956d3feb3fe,experiments/mirror_applications/ma-271-oft-mirror-task-views/artifacts/payloads/27112_0_aligned_plane_5_generic_plane_scalar.bin
fresh,27112,0,aligned_plane,5,shared_identity,0.1717267632484436,0.0,3413,0.0,1.1446987628005445e-05,0,62b8cdd6c9707f862decc267176b29d4411a8d439d597c163dd33c6e3d4004eb,experiments/mirror_applications/ma-271-oft-mirror-task-views/artifacts/payloads/27112_0_aligned_plane_5_shared_identity.bin
fresh,27112,0,aligned_plane,6,oft_independent,2.9278940019139554e-06,2.2471520821909508e-07,3413,0.061243037998792715,1.4871999155730009e-05,220,3107e9a08db04b2632710cdcee407ad3121bb5e923f1e50e16d83c5f4ec2c1b6,experiments/mirror_applications/ma-271-oft-mirror-task-views/artifacts/payloads/27112_0_aligned_plane_6_oft_independent.bin
fresh,27112,0,aligned_plane,6,oft_oracle_upper,3.1844808745518094e-07,2.737266981966968e-07,3414,0.0,1.136701030191034e-05,0,557faf44793d321db42b2d99ae153889edabdad9e35f7a24c6f0e485d1aaf9c5,experiments/mirror_applications/ma-271-oft-mirror-task-views/artifacts/payloads/27112_0_aligned_plane_6_oft_oracle_upper.bin
fresh,27112,0,aligned_plane,6,mirror_angle,0.0,1.1411857059329122e-07,3156,0.017575055011548102,1.5183002687990665e-05,0,a10d2ddafd87f76afa01e4f25e40fa7c3728ad330d143abdb2d41bc9c0841b01,experiments/mirror_applications/ma-271-oft-mirror-task-views/artifacts/payloads/27112_0_aligned_plane_6_mirror_angle.bin
fresh,27112,0,aligned_plane,6,generic_plane_scalar,0.0,1.1411857059329122e-07,3164,0.017575055011548102,1.4931996702216566e-05,0,1ee2037c8a84ba8f13e487197f882309dc938f60ba2a060e923ea10a4c569d25,experiments/mirror_applications/ma-271-oft-mirror-task-views/artifacts/payloads/27112_0_aligned_plane_6_generic_plane_scalar.bin
fresh,27112,0,aligned_plane,6,shared_identity,0.28456664085388184,0.0,3413,0.0,1.0595002095215023e-05,0,62b8cdd6c9707f862decc267176b29d4411a8d439d597c163dd33c6e3d4004eb,experiments/mirror_applications/ma-271-oft-mirror-task-views/artifacts/payloads/27112_0_aligned_plane_6_shared_identity.bin
fresh,27112,0,aligned_plane,7,oft_independent,3.891728738381062e-06,2.362749000894837e-07,3413,0.06431477499427274,1.5162993804551661e-05,220,4289d7b51abc26e8ce443c4013864c65670f8a009024b3d99f92ea43d9211c63,experiments/mirror_applications/ma-271-oft-mirror-task-views/artifacts/payloads/27112_0_aligned_plane_7_oft_independent.bin
fresh,27112,0,aligned_plane,7,oft_oracle_upper,3.2676661021469044e-07,3.2632522106723627e-07,3414,0.0,1.1526994057931006e-05,0,37822aae888bc47bb621bba04aa0e8fd7a00e6aa326b47dd277196f93efe77a6,experiments/mirror_applications/ma-271-oft-mirror-task-views/artifacts/payloads/27112_0_aligned_plane_7_oft_oracle_upper.bin
fresh,27112,0,aligned_plane,7,mirror_angle,0.0,1.0366115787974195e-07,3156,0.017171436993521638,1.0896008461713791e-05,0,fe82b82dfc89591dee66158bc51c2650d1a7726f6b766726e55d1e2ac78c310e,experiments/mirror_applications/ma-271-oft-mirror-task-views/artifacts/payloads/27112_0_aligned_plane_7_mirror_angle.bin
fresh,27112,0,aligned_plane,7,generic_plane_scalar,0.0,1.0366115787974195e-07,3164,0.017171436993521638,1.0154995834454894e-05,0,28034dd71661017dc625d2761ca6e16d2a6c8c3d5973098b5cb1913d6c705443,experiments/mirror_applications/ma-271-oft-mirror-task-views/artifacts/payloads/27112_0_aligned_plane_7_generic_plane_scalar.bin
fresh,27112,0,aligned_plane,7,shared_identity,0.394954651594162,0.0,3413,0.0,1.0686009773053229e-05,0,62b8cdd6c9707f862decc267176b29d4411a8d439d597c163dd33c6e3d4004eb,experiments/mirror_applications/ma-271-oft-mirror-task-views/artifacts/payloads/27112_0_aligned_plane_7_shared_identity.bin
fresh,27112,0,independent_orthogonal,0,oft_independent,0.344034343957901,2.56126412523372e-07,3413,0.06653556501260027,1.724500907585025e-05,220,39eb4f990fd8fec241ea38a6c3a86399fce194e0a61d43c221804276dc4f1eab,experiments/mirror_applications/ma-271-oft-mirror-task-views/artifacts/payloads/27112_0_independent_orthogonal_0_oft_independent.bin
fresh,27112,0,independent_orthogonal,0,oft_oracle_upper,3.209476346910378e-07,2.5224255750799784e-07,3414,0.0,1.1095995432697237e-05,0,881c0ef187c04ad2f31f41c6da33c6d171e65ca91cf68e6b95b5eb0ed03f4d30,experiments/mirror_applications/ma-271-oft-mirror-task-views/artifacts/payloads/27112_0_independent_orthogonal_0_oft_oracle_upper.bin
fresh,27112,0,independent_orthogonal,0,shared_identity,1.330489158630371,0.0,3413,0.0,1.6814999980852008e-05,0,62b8cdd6c9707f862decc267176b29d4411a8d439d597c163dd33c6e3d4004eb,experiments/mirror_applications/ma-271-oft-mirror-task-views/artifacts/payloads/27112_0_independent_orthogonal_0_shared_identity.bin
fresh,27112,0,independent_orthogonal,1,oft_independent,0.31151747703552246,2.3899241341496236e-07,3413,0.061976754004717804,1.7245998606085777e-05,220,a96464ef5040cdccccaedc035823c92ee67cccde977168a41551201a326cadd0,experiments/mirror_applications/ma-271-oft-mirror-task-views/artifacts/payloads/27112_0_independent_orthogonal_1_oft_independent.bin
fresh,27112,0,independent_orthogonal,1,oft_oracle_upper,4.0703139347897377e-07,2.8072201985196443e-07,3414,0.0,1.5213008737191558e-05,0,c38e3e4acd59e4dd9e94ed7dea9316248ed4aa8d611d989f9027b2cecfbce3ef,experiments/mirror_applications/ma-271-oft-mirror-task-views/artifacts/payloads/27112_0_independent_orthogonal_1_oft_oracle_upper.bin
fresh,27112,0,independent_orthogonal,1,shared_identity,1.4721297025680542,0.0,3413,0.0,1.1377007467672229e-05,0,62b8cdd6c9707f862decc267176b29d4411a8d439d597c163dd33c6e3d4004eb,experiments/mirror_applications/ma-271-oft-mirror-task-views/artifacts/payloads/27112_0_independent_orthogonal_1_shared_identity.bin
fresh,27112,0,independent_orthogonal,2,oft_independent,0.07278420776128769,2.672822745353187e-07,3413,0.074324537999928,1.7084996215999126e-05,220,f100d260c642a4ef85b270af3e1cf23ff461882b9b0c9f3ce16176a3e0ce2a69,experiments/mirror_applications/ma-271-oft-mirror-task-views/artifacts/payloads/27112_0_independent_orthogonal_2_oft_independent.bin
fresh,27112,0,independent_orthogonal,2,oft_oracle_upper,4.1345728618580324e-07,3.030673099146952e-07,3414,0.0,1.7676997231319547e-05,0,d0397991e3440921b8e06db455354ccb0839ca4f795a7af4562ce5ae4aeff7e3,experiments/mirror_applications/ma-271-oft-mirror-task-views/artifacts/payloads/27112_0_independent_orthogonal_2_oft_oracle_upper.bin
fresh,27112,0,independent_orthogonal,2,shared_identity,1.4246299266815186,0.0,3413,0.0,1.1256997822783887e-05,0,62b8cdd6c9707f862decc267176b29d4411a8d439d597c163dd33c6e3d4004eb,experiments/mirror_applications/ma-271-oft-mirror-task-views/artifacts/payloads/27112_0_independent_orthogonal_2_shared_identity.bin
fresh,27112,0,independent_orthogonal,3,oft_independent,0.3112144470214844,2.592962573544355e-07,3413,0.0667672880081227,1.5062003512866795e-05,220,14ba55f7a73b8e61534ddac8dc28a21fa15299b63a9e23771078e59ae5edf314,experiments/mirror_applications/ma-271-oft-mirror-task-views/artifacts/payloads/27112_0_independent_orthogonal_3_oft_independent.bin
fresh,27112,0,independent_orthogonal,3,oft_oracle_upper,4.0849883475857496e-07,3.166979354318755e-07,3414,0.0,1.5052995877340436e-05,0,74a203b91ad862e855a6b60da3a296fd57f3dd00f0afa4c7747a87e558a9d69c,experiments/mirror_applications/ma-271-oft-mirror-task-views/artifacts/payloads/27112_0_independent_orthogonal_3_oft_oracle_upper.bin
fresh,27112,0,independent_orthogonal,3,shared_identity,1.6639835834503174,0.0,3413,0.0,1.0946998372673988e-05,0,62b8cdd6c9707f862decc267176b29d4411a8d439d597c163dd33c6e3d4004eb,experiments/mirror_applications/ma-271-oft-mirror-task-views/artifacts/payloads/27112_0_independent_orthogonal_3_shared_identity.bin
fresh,27112,0,independent_orthogonal,4,oft_independent,0.006474739871919155,2.743283005202102e-07,3413,0.06492326800071169,1.4921999536454678e-05,220,8464e2daf32e8635df11a456d8c5c7ec9405a2d16f69b96b36875b0bf93b69a5,experiments/mirror_applications/ma-271-oft-mirror-task-views/artifacts/payloads/27112_0_independent_orthogonal_4_oft_independent.bin
fresh,27112,0,independent_orthogonal,4,oft_oracle_upper,3.5611387261269556e-07,3.1143775913733407e-07,3414,0.0,6.985300569795072e-05,0,29ceee05834724ca1d698eba6648412b135ed8b40ad2cd9078a4315d7d26c42c,experiments/mirror_applications/ma-271-oft-mirror-task-views/artifacts/payloads/27112_0_independent_orthogonal_4_oft_oracle_upper.bin
fresh,27112,0,independent_orthogonal,4,shared_identity,1.302207350730896,0.0,3413,0.0,1.740599691402167e-05,0,62b8cdd6c9707f862decc267176b29d4411a8d439d597c163dd33c6e3d4004eb,experiments/mirror_applications/ma-271-oft-mirror-task-views/artifacts/payloads/27112_0_independent_orthogonal_4_shared_identity.bin
fresh,27112,0,independent_orthogonal,5,oft_independent,0.0002081768325297162,2.732630264290492e-07,3413,0.07133063499350101,0.00013091399159748107,220,75c7b323191ad3c450ac83f608e5f084c2eb1f39e9f515e1ab2acda2c9772284,experiments/mirror_applications/ma-271-oft-mirror-task-views/artifacts/payloads/27112_0_independent_orthogonal_5_oft_independent.bin
fresh,27112,0,independent_orthogonal,5,oft_oracle_upper,4.383203418001358e-07,3.2213915801548865e-07,3414,0.0,1.2718999641947448e-05,0,58a5fe388713944c37b5e1dd08f7af1da6778fdef8018a9561e45f3c4a6cdfef,experiments/mirror_applications/ma-271-oft-mirror-task-views/artifacts/payloads/27112_0_independent_orthogonal_5_oft_oracle_upper.bin
fresh,27112,0,independent_orthogonal,5,shared_identity,1.3642096519470215,0.0,3413,0.0,1.7264988855458796e-05,0,62b8cdd6c9707f862decc267176b29d4411a8d439d597c163dd33c6e3d4004eb,experiments/mirror_applications/ma-271-oft-mirror-task-views/artifacts/payloads/27112_0_independent_orthogonal_5_shared_identity.bin
fresh,27112,0,independent_orthogonal,6,oft_independent,0.31417757272720337,2.6717376044871344e-07,3413,0.06973647398990579,1.535199407953769e-05,220,87b2c1fc7310eaa4644544cbcf033adf95fd042dac0d9a5fa66248e749ef32c6,experiments/mirror_applications/ma-271-oft-mirror-task-views/artifacts/payloads/27112_0_independent_orthogonal_6_oft_independent.bin
fresh,27112,0,independent_orthogonal,6,oft_oracle_upper,4.114392879728257e-07,2.896236424021481e-07,3414,0.0,1.1436000932008028e-05,0,6166ef9ac8d2f493e24925904312a8f363f964d1e0f57e92abea9c0bef59229e,experiments/mirror_applications/ma-271-oft-mirror-task-views/artifacts/payloads/27112_0_independent_orthogonal_6_oft_oracle_upper.bin
fresh,27112,0,independent_orthogonal,6,shared_identity,1.5500102043151855,0.0,3413,0.0,1.1347001418471336e-05,0,62b8cdd6c9707f862decc267176b29d4411a8d439d597c163dd33c6e3d4004eb,experiments/mirror_applications/ma-271-oft-mirror-task-views/artifacts/payloads/27112_0_independent_orthogonal_6_shared_identity.bin
fresh,27112,0,independent_orthogonal,7,oft_independent,0.1171497106552124,2.4426142886113666e-07,3413,0.07146985999133904,1.827700180001557e-05,220,b24ee6c8b45f3d6fe58e86448d1cc9800a1f7b033daf8e642bb5b424f6690f03,experiments/mirror_applications/ma-271-oft-mirror-task-views/artifacts/payloads/27112_0_independent_orthogonal_7_oft_independent.bin
fresh,27112,0,independent_orthogonal,7,oft_oracle_upper,3.556255592229718e-07,2.5957552907129866e-07,3414,0.0,1.2147997040301561e-05,0,1a145baa263b25d09c829bbb5236fc50dd52c319ba028ecd8b6b82997134126a,experiments/mirror_applications/ma-271-oft-mirror-task-views/artifacts/payloads/27112_0_independent_orthogonal_7_oft_oracle_upper.bin
fresh,27112,0,independent_orthogonal,7,shared_identity,1.4054808616638184,0.0,3413,0.0,1.856801100075245e-05,0,62b8cdd6c9707f862decc267176b29d4411a8d439d597c163dd33c6e3d4004eb,experiments/mirror_applications/ma-271-oft-mirror-task-views/artifacts/payloads/27112_0_independent_orthogonal_7_shared_identity.bin
fresh,27112,1,aligned_plane,0,oft_independent,2.5578171971574193e-06,2.4160908651538193e-07,3413,0.06779682300111745,2.2042993805371225e-05,220,8385dcb41386bce7eb411fb7f77c26fa77967a036e2dc670c6eaee83db388b48,experiments/mirror_applications/ma-271-oft-mirror-task-views/artifacts/payloads/27112_1_aligned_plane_0_oft_independent.bin
fresh,27112,1,aligned_plane,0,oft_oracle_upper,4.041872898596921e-07,3.207471763744252e-07,3414,0.0,1.7174999811686575e-05,0,f7d1991c71ac1312da1b2d1f58a444703a7c4c16d380b110cb227f58eebd1f5b,experiments/mirror_applications/ma-271-oft-mirror-task-views/artifacts/payloads/27112_1_aligned_plane_0_oft_oracle_upper.bin
fresh,27112,1,aligned_plane,0,mirror_angle,0.0,6.264281893209045e-08,3156,0.022252620998187922,1.3280005077831447e-05,0,f5121187d7774b5948ca61dfc1d8dc2695212bd4cbef4ebcced6a9891101dc51,experiments/mirror_applications/ma-271-oft-mirror-task-views/artifacts/payloads/27112_1_aligned_plane_0_mirror_angle.bin
fresh,27112,1,aligned_plane,0,generic_plane_scalar,0.0,6.264281893209045e-08,3164,0.022252620998187922,1.3700002455152571e-05,0,3374682943972a22ef09f7522908afd8ab53acd6724a36dbb128b256892cb98f,experiments/mirror_applications/ma-271-oft-mirror-task-views/artifacts/payloads/27112_1_aligned_plane_0_generic_plane_scalar.bin
fresh,27112,1,aligned_plane,0,shared_identity,0.23682884871959686,0.0,3413,0.0,1.344000338576734e-05,0,5ec63663b8d71f6a27aab11bedaa3ce2e32f1d4edca1504a7e48bb5f45f05f6c,experiments/mirror_applications/ma-271-oft-mirror-task-views/artifacts/payloads/27112_1_aligned_plane_0_shared_identity.bin
fresh,27112,1,aligned_plane,1,oft_independent,2.912061972892843e-06,2.436457862131647e-07,3413,0.06824504600081127,1.8306993297301233e-05,220,a4e06b23199e4a7a0183ea3a30d35d22e6c491f9fe89be6add0daa77c4e2c7b6,experiments/mirror_applications/ma-271-oft-mirror-task-views/artifacts/payloads/27112_1_aligned_plane_1_oft_independent.bin
fresh,27112,1,aligned_plane,1,oft_oracle_upper,2.61809844914751e-07,2.9698989578719193e-07,3414,0.0,1.456199970562011e-05,0,caf50836d31f9a816db3f877a2e98ff25ab6a0ac81b422cacc16d44f0b63adb9,experiments/mirror_applications/ma-271-oft-mirror-task-views/artifacts/payloads/27112_1_aligned_plane_1_oft_oracle_upper.bin
fresh,27112,1,aligned_plane,1,mirror_angle,0.0,8.888686409136426e-08,3156,0.018836732997442596,1.2338990927673876e-05,0,9e8331204c592395f75f02608dce3dd27f0bc3580d07d5696d26f00134253312,experiments/mirror_applications/ma-271-oft-mirror-task-views/artifacts/payloads/27112_1_aligned_plane_1_mirror_angle.bin
fresh,27112,1,aligned_plane,1,generic_plane_scalar,0.0,8.888686409136426e-08,3164,0.018836732997442596,1.1126001481898129e-05,0,fa67ca911ecd1d48a3e0e8ede704175fd159e71634788d646981691d15322267,experiments/mirror_applications/ma-271-oft-mirror-task-views/artifacts/payloads/27112_1_aligned_plane_1_generic_plane_scalar.bin
fresh,27112,1,aligned_plane,1,shared_identity,0.17063619196414948,0.0,3413,0.0,1.4641002053394914e-05,0,5ec63663b8d71f6a27aab11bedaa3ce2e32f1d4edca1504a7e48bb5f45f05f6c,experiments/mirror_applications/ma-271-oft-mirror-task-views/artifacts/payloads/27112_1_aligned_plane_1_shared_identity.bin
fresh,27112,1,aligned_plane,2,oft_independent,2.411160949122859e-06,2.2477428274214617e-07,3413,0.062191201010136865,1.5994010027498007e-05,220,e3d2a1956c53cf40f87fc9e4fafc6e4025a8ba9001edb27696b8280b7d5a3e60,experiments/mirror_applications/ma-271-oft-mirror-task-views/artifacts/payloads/27112_1_aligned_plane_2_oft_independent.bin
fresh,27112,1,aligned_plane,2,oft_oracle_upper,3.453689316756936e-07,3.4576945040498686e-07,3414,0.0,1.5502999303862453e-05,0,69e4fefe0b694a7efc821629a00a07900001f439847f4c8eb0758a61d377c27e,experiments/mirror_applications/ma-271-oft-mirror-task-views/artifacts/payloads/27112_1_aligned_plane_2_oft_oracle_upper.bin
fresh,27112,1,aligned_plane,2,mirror_angle,1.62776867540515e-08,6.271088892617627e-08,3156,0.018100984001648612,1.128700387198478e-05,0,d12912cb1595794120b98f8b2bfb26c85388c6cb430753a3da325a883f8b0737,experiments/mirror_applications/ma-271-oft-mirror-task-views/artifacts/payloads/27112_1_aligned_plane_2_mirror_angle.bin
fresh,27112,1,aligned_plane,2,generic_plane_scalar,1.62776867540515e-08,6.271088892617627e-08,3164,0.018100984001648612,1.1226991773582995e-05,0,875cdd442d26192a09c143319bee49374b1c9b4f802a2773c8bdfce2ddcbbf5c,experiments/mirror_applications/ma-271-oft-mirror-task-views/artifacts/payloads/27112_1_aligned_plane_2_generic_plane_scalar.bin
fresh,27112,1,aligned_plane,2,shared_identity,0.10297338664531708,0.0,3413,0.0,1.1676995200105011e-05,0,5ec63663b8d71f6a27aab11bedaa3ce2e32f1d4edca1504a7e48bb5f45f05f6c,experiments/mirror_applications/ma-271-oft-mirror-task-views/artifacts/payloads/27112_1_aligned_plane_2_shared_identity.bin
fresh,27112,1,aligned_plane,3,oft_independent,2.9417874429782387e-06,2.3470229848499002e-07,3413,0.05915406299754977,1.8086997442878783e-05,220,b193794d50563b5885e9800efb6a88c59ed7bd69ad42f341c872e2330073dfeb,experiments/mirror_applications/ma-271-oft-mirror-task-views/artifacts/payloads/27112_1_aligned_plane_3_oft_independent.bin
fresh,27112,1,aligned_plane,3,oft_oracle_upper,4.380147515803401e-07,3.737841609563475e-07,3414,0.0,1.1776995961554348e-05,0,14dcd5df965f859b58fb48aa7f67bfee85e6430b3d0d854409b9f7e4efec637d,experiments/mirror_applications/ma-271-oft-mirror-task-views/artifacts/payloads/27112_1_aligned_plane_3_oft_oracle_upper.bin
fresh,27112,1,aligned_plane,3,mirror_angle,0.0,6.764120286106845e-08,3156,0.01777554099680856,1.3109995052218437e-05,0,3d44a78e1fdf59238a63a7f4732072f3ebf1929a8b1df6cd5637fd44d8913870,experiments/mirror_applications/ma-271-oft-mirror-task-views/artifacts/payloads/27112_1_aligned_plane_3_mirror_angle.bin
fresh,27112,1,aligned_plane,3,generic_plane_scalar,0.0,6.764120286106845e-08,3164,0.01777554099680856,1.034500019159168e-05,0,7a5675fa1b176b94520d8c36fbe4081766009bd96f7da065135c0114bc0e3542,experiments/mirror_applications/ma-271-oft-mirror-task-views/artifacts/payloads/27112_1_aligned_plane_3_generic_plane_scalar.bin
fresh,27112,1,aligned_plane,3,shared_identity,0.034423328936100006,0.0,3413,0.0,1.0675008525140584e-05,0,5ec63663b8d71f6a27aab11bedaa3ce2e32f1d4edca1504a7e48bb5f45f05f6c,experiments/mirror_applications/ma-271-oft-mirror-task-views/artifacts/payloads/27112_1_aligned_plane_3_shared_identity.bin
fresh,27112,1,aligned_plane,4,oft_independent,3.2980221931211418e-06,2.3897578671494557e-07,3413,0.06027398200239986,2.0530991605482996e-05,220,5945ad1112b5ec052316f24eb02e34399215a20dce69a785d1185514dd5fffab,experiments/mirror_applications/ma-271-oft-mirror-task-views/artifacts/payloads/27112_1_aligned_plane_4_oft_independent.bin
fresh,27112,1,aligned_plane,4,oft_oracle_upper,5.384774794947589e-07,3.400107289053267e-07,3414,0.0,1.680500281509012e-05,0,0778a36ad6632aabdc91202c9b2f90b11dbcd4603a395c534ad5ee05921269df,experiments/mirror_applications/ma-271-oft-mirror-task-views/artifacts/payloads/27112_1_aligned_plane_4_oft_oracle_upper.bin
fresh,27112,1,aligned_plane,4,mirror_angle,0.0,7.521273204247336e-08,3156,0.01796844700584188,1.0666000889614224e-05,0,e6f3e7990cb488ee0d3509940a30a71b221e2d5142b17b7d25a3bb706b260edf,experiments/mirror_applications/ma-271-oft-mirror-task-views/artifacts/payloads/27112_1_aligned_plane_4_mirror_angle.bin
fresh,27112,1,aligned_plane,4,generic_plane_scalar,0.0,7.521273204247336e-08,3164,0.01796844700584188,1.5092999092303216e-05,0,55622db084a81449266198f408644191e9c320efe928505b5cd48851dff8f6be,experiments/mirror_applications/ma-271-oft-mirror-task-views/artifacts/payloads/27112_1_aligned_plane_4_generic_plane_scalar.bin
fresh,27112,1,aligned_plane,4,shared_identity,0.034423332661390305,0.0,3413,0.0,1.1006006388925016e-05,0,5ec63663b8d71f6a27aab11bedaa3ce2e32f1d4edca1504a7e48bb5f45f05f6c,experiments/mirror_applications/ma-271-oft-mirror-task-views/artifacts/payloads/27112_1_aligned_plane_4_shared_identity.bin
fresh,27112,1,aligned_plane,5,oft_independent,2.9144362088118214e-06,2.2707364166763e-07,3413,0.08063687999674585,2.6900001103058457e-05,220,4ae3bb09428b0dc69a95c72bcd691d81eafbe8e0e03ae0d02d5d5deeb90d58cb,experiments/mirror_applications/ma-271-oft-mirror-task-views/artifacts/payloads/27112_1_aligned_plane_5_oft_independent.bin
fresh,27112,1,aligned_plane,5,oft_oracle_upper,4.084304521256854e-07,3.181594081524963e-07,3414,0.0,1.972900645341724e-05,0,36b4cadaedcfef3a8d57792ffb7d41dfabded4c088a8e56f42b1c511ad01b5e9,experiments/mirror_applications/ma-271-oft-mirror-task-views/artifacts/payloads/27112_1_aligned_plane_5_oft_oracle_upper.bin
fresh,27112,1,aligned_plane,5,mirror_angle,0.0,6.835924182269082e-08,3156,0.022218539990717545,1.7575992387719452e-05,0,c9437c145407d538ddb8b5989608dfcd372a152addcaa157fd0644d404eaf86d,experiments/mirror_applications/ma-271-oft-mirror-task-views/artifacts/payloads/27112_1_aligned_plane_5_mirror_angle.bin
fresh,27112,1,aligned_plane,5,generic_plane_scalar,0.0,6.835924182269082e-08,3164,0.022218539990717545,1.9889004761353135e-05,0,be301b1104e3f2b7ccabb4f12ae994350f3aadcadb20bb61ded4e822e0ea9fa9,experiments/mirror_applications/ma-271-oft-mirror-task-views/artifacts/payloads/27112_1_aligned_plane_5_generic_plane_scalar.bin
fresh,27112,1,aligned_plane,5,shared_identity,0.10297338664531708,0.0,3413,0.0,1.8808001186698675e-05,0,5ec63663b8d71f6a27aab11bedaa3ce2e32f1d4edca1504a7e48bb5f45f05f6c,experiments/mirror_applications/ma-271-oft-mirror-task-views/artifacts/payloads/27112_1_aligned_plane_5_shared_identity.bin
fresh,27112,1,aligned_plane,6,oft_independent,3.17123840432032e-06,2.2683812517243496e-07,3413,0.07769611099502072,1.9639002857729793e-05,220,e3304d34407862c8024bc69aa64a8c7c66ff6c0f76807d16ad4c4ccaf64d0681,experiments/mirror_applications/ma-271-oft-mirror-task-views/artifacts/payloads/27112_1_aligned_plane_6_oft_independent.bin
fresh,27112,1,aligned_plane,6,oft_oracle_upper,4.5122496317162586e-07,6.299517281149747e-07,3414,0.0,0.00012041800073347986,0,d26d685287d87432b61b2b7f0f82c9bcd1f1695322d24d57f8ff7b5704ed6ca7,experiments/mirror_applications/ma-271-oft-mirror-task-views/artifacts/payloads/27112_1_aligned_plane_6_oft_oracle_upper.bin
fresh,27112,1,aligned_plane,6,mirror_angle,0.0,7.033633409037066e-08,3156,0.022033506000298075,2.3864995455369353e-05,0,fe1ecb04138d97cba091a1ff69a34615b03e90c30c3ce7e2741fefc8e2116e13,experiments/mirror_applications/ma-271-oft-mirror-task-views/artifacts/payloads/27112_1_aligned_plane_6_mirror_angle.bin
fresh,27112,1,aligned_plane,6,generic_plane_scalar,0.0,7.033633409037066e-08,3164,0.022033506000298075,2.141199365723878e-05,0,d8513b91cab443bf2a9145bf233d6730d2c3ff58381c97bb8b4776a938b76f64,experiments/mirror_applications/ma-271-oft-mirror-task-views/artifacts/payloads/27112_1_aligned_plane_6_generic_plane_scalar.bin
fresh,27112,1,aligned_plane,6,shared_identity,0.17063617706298828,0.0,3413,0.0,2.0410996512509882e-05,0,5ec63663b8d71f6a27aab11bedaa3ce2e32f1d4edca1504a7e48bb5f45f05f6c,experiments/mirror_applications/ma-271-oft-mirror-task-views/artifacts/payloads/27112_1_aligned_plane_6_shared_identity.bin
fresh,27112,1,aligned_plane,7,oft_independent,3.264371798650245e-06,2.276795783018315e-07,3413,0.07155118099763058,2.1781990653835237e-05,220,bebf23fc196311de63adb375da6e3de655f6dec63bf4def05cdf652ba05dbb96,experiments/mirror_applications/ma-271-oft-mirror-task-views/artifacts/payloads/27112_1_aligned_plane_7_oft_independent.bin
fresh,27112,1,aligned_plane,7,oft_oracle_upper,3.615608079599042e-07,4.710721270839713e-07,3414,0.0,0.00019138300558552146,0,f4af7a18aa291f6a9f468342de2adb1e28a2082bff35595c1804eacb4c95b048,experiments/mirror_applications/ma-271-oft-mirror-task-views/artifacts/payloads/27112_1_aligned_plane_7_oft_oracle_upper.bin
fresh,27112,1,aligned_plane,7,mirror_angle,0.0,6.461743851104984e-08,3156,0.019613764001405798,2.1653002477250993e-05,0,2b9ed6e958d71c6dea228d92d74096bd3db529b51028f05f79447e814eb35f80,experiments/mirror_applications/ma-271-oft-mirror-task-views/artifacts/payloads/27112_1_aligned_plane_7_mirror_angle.bin
fresh,27112,1,aligned_plane,7,generic_plane_scalar,0.0,6.461743851104984e-08,3164,0.019613764001405798,1.8346996512264013e-05,0,aaf585030671514c637d9362b525f153fa4e05bad1d8054e535677550feadaa2,experiments/mirror_applications/ma-271-oft-mirror-task-views/artifacts/payloads/27112_1_aligned_plane_7_generic_plane_scalar.bin
fresh,27112,1,aligned_plane,7,shared_identity,0.2368287593126297,0.0,3413,0.0,1.8376988009549677e-05,0,5ec63663b8d71f6a27aab11bedaa3ce2e32f1d4edca1504a7e48bb5f45f05f6c,experiments/mirror_applications/ma-271-oft-mirror-task-views/artifacts/payloads/27112_1_aligned_plane_7_shared_identity.bin
fresh,27112,1,independent_orthogonal,0,oft_independent,0.2150932401418686,2.673458254776051e-07,3413,0.07275409299472813,2.0089995814487338e-05,220,0cc5b0dc0a3b1002c3e961d4d6aebbc479f21373a25039db72f94d0274aa75d2,experiments/mirror_applications/ma-271-oft-mirror-task-views/artifacts/payloads/27112_1_independent_orthogonal_0_oft_independent.bin
fresh,27112,1,independent_orthogonal,0,oft_oracle_upper,4.4565942403096415e-07,3.921730353795283e-07,3414,0.0,2.003900590352714e-05,0,8fcfca797c86ba89175ff976a9b021cb92c4b8074015c2bd429fd094d488c58c,experiments/mirror_applications/ma-271-oft-mirror-task-views/artifacts/payloads/27112_1_independent_orthogonal_0_oft_oracle_upper.bin
fresh,27112,1,independent_orthogonal,0,shared_identity,1.4223610162734985,0.0,3413,0.0,2.360501093789935e-05,0,5ec63663b8d71f6a27aab11bedaa3ce2e32f1d4edca1504a7e48bb5f45f05f6c,experiments/mirror_applications/ma-271-oft-mirror-task-views/artifacts/payloads/27112_1_independent_orthogonal_0_shared_identity.bin
fresh,27112,1,independent_orthogonal,1,oft_independent,0.25531888008117676,2.5557838512213493e-07,3413,0.0707830239989562,1.9679006072692573e-05,220,262b860347c1f7bb6e7e433de49a376dbca227ffc40d04ff4751b798a299288c,experiments/mirror_applications/ma-271-oft-mirror-task-views/artifacts/payloads/27112_1_independent_orthogonal_1_oft_independent.bin
fresh,27112,1,independent_orthogonal,1,oft_oracle_upper,4.5346260435508157e-07,4.98962435813155e-07,3414,0.0,6.226199911907315e-05,0,8a3685e3d8876c9be1a1be35bdbdb62a0ece57299c9cd2a2433f02ebcc399c89,experiments/mirror_applications/ma-271-oft-mirror-task-views/artifacts/payloads/27112_1_independent_orthogonal_1_oft_oracle_upper.bin
fresh,27112,1,independent_orthogonal,1,shared_identity,1.4894644021987915,0.0,3413,0.0,2.477699308656156e-05,0,5ec63663b8d71f6a27aab11bedaa3ce2e32f1d4edca1504a7e48bb5f45f05f6c,experiments/mirror_applications/ma-271-oft-mirror-task-views/artifacts/payloads/27112_1_independent_orthogonal_1_shared_identity.bin
fresh,27112,1,independent_orthogonal,2,oft_independent,0.12887722253799438,2.564232204349537e-07,3413,0.069387146999361,6.977299926802516e-05,220,484c78648454ac7a4fd8be637c186ff5a7fcdb1f63577e5d0c76ccc1e6b3b4b8,experiments/mirror_applications/ma-271-oft-mirror-task-views/artifacts/payloads/27112_1_independent_orthogonal_2_oft_independent.bin
fresh,27112,1,independent_orthogonal,2,oft_oracle_upper,4.0308182747139654e-07,3.260877861066547e-07,3414,0.0,1.849699765443802e-05,0,9aef50441275045e8592a36f03b44d868097cad069dcab198971bde91f3b2132,experiments/mirror_applications/ma-271-oft-mirror-task-views/artifacts/payloads/27112_1_independent_orthogonal_2_oft_oracle_upper.bin
fresh,27112,1,independent_orthogonal,2,shared_identity,1.343068242073059,0.0,3413,0.0,2.202199539169669e-05,0,5ec63663b8d71f6a27aab11bedaa3ce2e32f1d4edca1504a7e48bb5f45f05f6c,experiments/mirror_applications/ma-271-oft-mirror-task-views/artifacts/payloads/27112_1_independent_orthogonal_2_shared_identity.bin
fresh,27112,1,independent_orthogonal,3,oft_independent,0.24483682215213776,2.9272291612869594e-07,3413,0.08595845500531141,2.0710009266622365e-05,220,ecbab3f89933c38d70a38c75f2f56bd7ac46127f9cb01f7ba6377a2cb1c54bfb,experiments/mirror_applications/ma-271-oft-mirror-task-views/artifacts/payloads/27112_1_independent_orthogonal_3_oft_independent.bin
fresh,27112,1,independent_orthogonal,3,oft_oracle_upper,4.533351329882862e-07,3.298754336356069e-07,3414,0.0,1.5162993804551661e-05,0,44a315eff6970c3a5daff93218d0f163d25c1d4e999e19064bf1d9c0662684d9,experiments/mirror_applications/ma-271-oft-mirror-task-views/artifacts/payloads/27112_1_independent_orthogonal_3_oft_oracle_upper.bin
fresh,27112,1,independent_orthogonal,3,shared_identity,1.520896553993225,0.0,3413,0.0,1.8556995200924575e-05,0,5ec63663b8d71f6a27aab11bedaa3ce2e32f1d4edca1504a7e48bb5f45f05f6c,experiments/mirror_applications/ma-271-oft-mirror-task-views/artifacts/payloads/27112_1_independent_orthogonal_3_shared_identity.bin
fresh,27112,1,independent_orthogonal,4,oft_independent,0.1459987610578537,2.6162788913097756e-07,3413,0.06657867800095119,1.7746002413332462e-05,220,9ed9cc105f25ab0eae09398119356e6a6cf6b2064cc9457d452bf30699ddabae,experiments/mirror_applications/ma-271-oft-mirror-task-views/artifacts/payloads/27112_1_independent_orthogonal_4_oft_independent.bin
fresh,27112,1,independent_orthogonal,4,oft_oracle_upper,5.309120751917362e-07,4.0162296954804333e-07,3414,0.0,2.563800080679357e-05,0,4d045d07ccdbe512aa6e44369da2bea6ae49d0be641e41409f0aefc8e77a7c00,experiments/mirror_applications/ma-271-oft-mirror-task-views/artifacts/payloads/27112_1_independent_orthogonal_4_oft_oracle_upper.bin
fresh,27112,1,independent_orthogonal,4,shared_identity,1.264304280281067,0.0,3413,0.0,1.955899642780423e-05,0,5ec63663b8d71f6a27aab11bedaa3ce2e32f1d4edca1504a7e48bb5f45f05f6c,experiments/mirror_applications/ma-271-oft-mirror-task-views/artifacts/payloads/27112_1_independent_orthogonal_4_shared_identity.bin
fresh,27112,1,independent_orthogonal,5,oft_independent,0.1467537134885788,2.486508208221494e-07,3413,0.07793993300583679,2.0580991986207664e-05,220,6aa3c9e48622a09e660d1cccd82d247f264011d9a05342ad0cf93ff6ab7a6e41,experiments/mirror_applications/ma-271-oft-mirror-task-views/artifacts/payloads/27112_1_independent_orthogonal_5_oft_independent.bin
fresh,27112,1,independent_orthogonal,5,oft_oracle_upper,4.2299274127799436e-07,4.705972855845175e-07,3414,0.0,1.3819997548125684e-05,0,cfc31b57524bbe1ad06bceefb09409906f1211695d45997e6d55080ca5c71a3a,experiments/mirror_applications/ma-271-oft-mirror-task-views/artifacts/payloads/27112_1_independent_orthogonal_5_oft_oracle_upper.bin
fresh,27112,1,independent_orthogonal,5,shared_identity,1.3717448711395264,0.0,3413,0.0,1.8328006262890995e-05,0,5ec63663b8d71f6a27aab11bedaa3ce2e32f1d4edca1504a7e48bb5f45f05f6c,experiments/mirror_applications/ma-271-oft-mirror-task-views/artifacts/payloads/27112_1_independent_orthogonal_5_shared_identity.bin
fresh,27112,1,independent_orthogonal,6,oft_independent,0.19174572825431824,2.573651443071867e-07,3413,0.06803826100076549,2.074000076390803e-05,220,5f9cb326c250b6df77dedf8481cecc208281daa71fc0dacd1dd335b5f02b7240,experiments/mirror_applications/ma-271-oft-mirror-task-views/artifacts/payloads/27112_1_independent_orthogonal_6_oft_independent.bin
fresh,27112,1,independent_orthogonal,6,oft_oracle_upper,4.701711588950275e-07,3.588808397125831e-07,3414,0.0,1.5654004528187215e-05,0,8b9d398c034ce35c250d8f2c0e98f84fc556ebe19d86e524167b2c116d0b1290,experiments/mirror_applications/ma-271-oft-mirror-task-views/artifacts/payloads/27112_1_independent_orthogonal_6_oft_oracle_upper.bin
fresh,27112,1,independent_orthogonal,6,shared_identity,1.3811745643615723,0.0,3413,0.0,1.9428989617154002e-05,0,5ec63663b8d71f6a27aab11bedaa3ce2e32f1d4edca1504a7e48bb5f45f05f6c,experiments/mirror_applications/ma-271-oft-mirror-task-views/artifacts/payloads/27112_1_independent_orthogonal_6_shared_identity.bin
fresh,27112,1,independent_orthogonal,7,oft_independent,0.028639713302254677,2.651086390415003e-07,3413,0.0649558849981986,1.9017999875359237e-05,220,6cc27fe3c4e90f92b083ebb141ac57c5e4d9a33ec1b7f8a774b3c4830a2ea5ab,experiments/mirror_applications/ma-271-oft-mirror-task-views/artifacts/payloads/27112_1_independent_orthogonal_7_oft_independent.bin
fresh,27112,1,independent_orthogonal,7,oft_oracle_upper,3.8739457863812277e-07,2.850870544079953e-07,3414,0.0,1.4621997252106667e-05,0,af722f8a34e694733439271908eef4de9feecae850fc85fe023afb952d5564b9,experiments/mirror_applications/ma-271-oft-mirror-task-views/artifacts/payloads/27112_1_independent_orthogonal_7_oft_oracle_upper.bin
fresh,27112,1,independent_orthogonal,7,shared_identity,1.3473743200302124,0.0,3413,0.0,1.5262994566000998e-05,0,5ec63663b8d71f6a27aab11bedaa3ce2e32f1d4edca1504a7e48bb5f45f05f6c,experiments/mirror_applications/ma-271-oft-mirror-task-views/artifacts/payloads/27112_1_independent_orthogonal_7_shared_identity.bin
fresh,27112,2,aligned_plane,0,oft_independent,2.96440066449577e-06,2.0038801551436336e-07,3413,0.06146508199162781,1.795700518414378e-05,220,9fd6ffd1e3db4a2de7813d7fde02de1de1f861d17be4d5a91097f84875b4a9dd,experiments/mirror_applications/ma-271-oft-mirror-task-views/artifacts/payloads/27112_2_aligned_plane_0_oft_independent.bin
fresh,27112,2,aligned_plane,0,oft_oracle_upper,3.144744766814256e-07,3.2358613566429995e-07,3414,0.0,1.1427007848396897e-05,0,62035af4df183e40eaae45736eb1f45f83d1467ad280f13a23d9e294969fd4e3,experiments/mirror_applications/ma-271-oft-mirror-task-views/artifacts/payloads/27112_2_aligned_plane_0_oft_oracle_upper.bin
fresh,27112,2,aligned_plane,0,mirror_angle,0.0,6.558371268283736e-08,3156,0.018095919003826566,1.3730998034588993e-05,0,788da024d134d5be7588d9ab0e9df24dca365409a0b6924c2137211059428d59,experiments/mirror_applications/ma-271-oft-mirror-task-views/artifacts/payloads/27112_2_aligned_plane_0_mirror_angle.bin
fresh,27112,2,aligned_plane,0,generic_plane_scalar,0.0,6.558371268283736e-08,3164,0.018095919003826566,1.4300996554084122e-05,0,ce79a5a16614997e6c3b5f008e19d7895e3e5acc62994e416ca14257bae07905,experiments/mirror_applications/ma-271-oft-mirror-task-views/artifacts/payloads/27112_2_aligned_plane_0_generic_plane_scalar.bin
fresh,27112,2,aligned_plane,0,shared_identity,0.25484699010849,0.0,3413,0.0,1.0895993909798563e-05,0,ee9a179c77df95cd83a15d339489ffff9d443b1d1457bf381375e92f105d7b4d,experiments/mirror_applications/ma-271-oft-mirror-task-views/artifacts/payloads/27112_2_aligned_plane_0_shared_identity.bin
fresh,27112,2,aligned_plane,1,oft_independent,2.946502036138554e-06,2.0717399706882134e-07,3413,0.06914000300457701,2.3003987735137343e-05,220,a6f3c802c8a21947a4ed5ca1f56684c359f884ed6243cebe364dd792a9b4156e,experiments/mirror_applications/ma-271-oft-mirror-task-views/artifacts/payloads/27112_2_aligned_plane_1_oft_independent.bin
fresh,27112,2,aligned_plane,1,oft_oracle_upper,2.533633676193858e-07,2.3171972429736343e-07,3414,0.0,1.9759012502618134e-05,0,efe22a752fddf5ec8dda9aa8f3cfe7991d004ab60d32297feeb45d11c71cc9a2,experiments/mirror_applications/ma-271-oft-mirror-task-views/artifacts/payloads/27112_2_aligned_plane_1_oft_oracle_upper.bin
fresh,27112,2,aligned_plane,1,mirror_angle,0.0,8.895618464066501e-08,3156,0.01933677699707914,1.8126011127606034e-05,0,b359df56615c1b8a8fd2f93311a024ca03606d761e8b59fa95af1a7188aa8291,experiments/mirror_applications/ma-271-oft-mirror-task-views/artifacts/payloads/27112_2_aligned_plane_1_mirror_angle.bin
fresh,27112,2,aligned_plane,1,generic_plane_scalar,0.0,8.895618464066501e-08,3164,0.01933677699707914,6.62179954815656e-05,0,3e4b0f82d9032ab421dcf13b4d4d7c6429fad96a5417b34dc9a463d4935102f2,experiments/mirror_applications/ma-271-oft-mirror-task-views/artifacts/payloads/27112_2_aligned_plane_1_generic_plane_scalar.bin
fresh,27112,2,aligned_plane,1,shared_identity,0.1836184710264206,0.0,3413,0.0,2.4236011086031795e-05,0,ee9a179c77df95cd83a15d339489ffff9d443b1d1457bf381375e92f105d7b4d,experiments/mirror_applications/ma-271-oft-mirror-task-views/artifacts/payloads/27112_2_aligned_plane_1_shared_identity.bin
fresh,27112,2,aligned_plane,2,oft_independent,2.7991156912321458e-06,2.194361314877824e-07,3413,0.06680680700810626,2.3324988433159888e-05,220,ff08dacc1cc0cd8bcff272603e82efe38b05736dac0539a8130c7b30089ee6dc,experiments/mirror_applications/ma-271-oft-mirror-task-views/artifacts/payloads/27112_2_aligned_plane_2_oft_independent.bin
fresh,27112,2,aligned_plane,2,oft_oracle_upper,4.2192115756733983e-07,3.328221964693512e-07,3414,0.0,2.245300856884569e-05,0,94d6da5315254b36c991caa75254cab8cbade0bdb8c6cfce17f8b7281c88d8b1,experiments/mirror_applications/ma-271-oft-mirror-task-views/artifacts/payloads/27112_2_aligned_plane_2_oft_oracle_upper.bin
fresh,27112,2,aligned_plane,2,mirror_angle,1.7436871502241047e-08,5.735076413770912e-08,3156,0.019584034991567023,1.8377002561464906e-05,0,52296521028aec0bb815c4b4ee6daa4e469ead353fa22c6b32344777f5b1624d,experiments/mirror_applications/ma-271-oft-mirror-task-views/artifacts/payloads/27112_2_aligned_plane_2_mirror_angle.bin
fresh,27112,2,aligned_plane,2,generic_plane_scalar,1.7436871502241047e-08,5.735076413770912e-08,3164,0.019584034991567023,1.9989005522802472e-05,0,451c0caf376891db17a6590ea9ade5283fd3cb2cdeeec496ff14276b0fa75a37,experiments/mirror_applications/ma-271-oft-mirror-task-views/artifacts/payloads/27112_2_aligned_plane_2_generic_plane_scalar.bin
fresh,27112,2,aligned_plane,2,shared_identity,0.11080771684646606,0.0,3413,0.0,1.8217004253529012e-05,0,ee9a179c77df95cd83a15d339489ffff9d443b1d1457bf381375e92f105d7b4d,experiments/mirror_applications/ma-271-oft-mirror-task-views/artifacts/payloads/27112_2_aligned_plane_2_shared_identity.bin
fresh,27112,2,aligned_plane,3,oft_independent,3.141936758765951e-06,1.986738027426327e-07,3413,0.07556407099764328,2.357499033678323e-05,220,14bc2e58617b06d23f6bb7a321330efd2cc8a4a46448cc94ddb0aeaf3aa63ad4,experiments/mirror_applications/ma-271-oft-mirror-task-views/artifacts/payloads/27112_2_aligned_plane_3_oft_independent.bin
fresh,27112,2,aligned_plane,3,oft_oracle_upper,4.330360070525785e-07,2.4649463625792123e-07,3414,0.0,1.1687006917782128e-05,0,7dd988772def5fbf92417c01874c8009123c74e09534c815ae840d625849590b,experiments/mirror_applications/ma-271-oft-mirror-task-views/artifacts/payloads/27112_2_aligned_plane_3_oft_oracle_upper.bin
fresh,27112,2,aligned_plane,3,mirror_angle,0.0,6.822108389314963e-08,3156,0.020931952007231303,1.1137002729810774e-05,0,b9da6a0ff1912e923d54fd0199701b36b8fcbb4b5fb34ffe2b4a391fabe2198b,experiments/mirror_applications/ma-271-oft-mirror-task-views/artifacts/payloads/27112_2_aligned_plane_3_mirror_angle.bin
fresh,27112,2,aligned_plane,3,generic_plane_scalar,0.0,6.822108389314963e-08,3164,0.020931952007231303,1.1006006388925016e-05,0,c25786b9e0c0a1ccaec6da66e3736f31402713a77836d8570a268ee16c22efa8,experiments/mirror_applications/ma-271-oft-mirror-task-views/artifacts/payloads/27112_2_aligned_plane_3_generic_plane_scalar.bin
fresh,27112,2,aligned_plane,3,shared_identity,0.03704230114817619,0.0,3413,0.0,1.431099371984601e-05,0,ee9a179c77df95cd83a15d339489ffff9d443b1d1457bf381375e92f105d7b4d,experiments/mirror_applications/ma-271-oft-mirror-task-views/artifacts/payloads/27112_2_aligned_plane_3_shared_identity.bin
fresh,27112,2,aligned_plane,4,oft_independent,3.5634448067867197e-06,2.099248064268977e-07,3413,0.07099101500352845,1.9368992070667446e-05,220,faf28c13ea2ed3ee426c15dc29e6c4eba7b633491c5556224757b9147e67f574,experiments/mirror_applications/ma-271-oft-mirror-task-views/artifacts/payloads/27112_2_aligned_plane_4_oft_independent.bin
fresh,27112,2,aligned_plane,4,oft_oracle_upper,3.0661340133519843e-07,2.4090567762868886e-07,3414,0.0,1.6183999832719564e-05,0,9386f4317a7047eb14b89d8454f841586ee629fc2e82dbfcfd8f64e370edae9b,experiments/mirror_applications/ma-271-oft-mirror-task-views/artifacts/payloads/27112_2_aligned_plane_4_oft_oracle_upper.bin
fresh,27112,2,aligned_plane,4,mirror_angle,0.0,5.593759055955161e-08,3156,0.020531697999103926,1.1006995919160545e-05,0,61a0b46bab3cc15aa154af610dce7d66123ed8323c87543c4055d1fef09556b2,experiments/mirror_applications/ma-271-oft-mirror-task-views/artifacts/payloads/27112_2_aligned_plane_4_mirror_angle.bin
fresh,27112,2,aligned_plane,4,generic_plane_scalar,0.0,5.593759055955161e-08,3164,0.020531697999103926,1.1026000720448792e-05,0,52cb21a8bd9a02376c0bebfc28d2a136bcc9f29cef77c2faf0e7096e4e32b0fe,experiments/mirror_applications/ma-271-oft-mirror-task-views/artifacts/payloads/27112_2_aligned_plane_4_generic_plane_scalar.bin
fresh,27112,2,aligned_plane,4,shared_identity,0.03704230114817619,0.0,3413,0.0,1.0696006938815117e-05,0,ee9a179c77df95cd83a15d339489ffff9d443b1d1457bf381375e92f105d7b4d,experiments/mirror_applications/ma-271-oft-mirror-task-views/artifacts/payloads/27112_2_aligned_plane_4_shared_identity.bin
fresh,27112,2,aligned_plane,5,oft_independent,2.5770384581846884e-06,2.1349472945075831e-07,3413,0.07199533400125802,1.5123005141504109e-05,220,e150a9b07a60a1bf934ed4f872ae10f94a2bf37bedd288082b5ed55da5f53668,experiments/mirror_applications/ma-271-oft-mirror-task-views/artifacts/payloads/27112_2_aligned_plane_5_oft_independent.bin
fresh,27112,2,aligned_plane,5,oft_oracle_upper,3.6868937058898155e-07,3.202994207640586e-07,3414,0.0,1.1216994607821107e-05,0,8918fd5fa6986d06cff09b7157b8b192c790cbb2b4f830d36dca1eaa988c3ff6,experiments/mirror_applications/ma-271-oft-mirror-task-views/artifacts/payloads/27112_2_aligned_plane_5_oft_oracle_upper.bin
fresh,27112,2,aligned_plane,5,mirror_angle,0.0,5.744014686115406e-08,3156,0.0237568669981556,1.2938995496369898e-05,0,4a8bc4a67bc30f224c242ac68edfdf5e20d8f5f851c4e7673ec54181f0af1895,experiments/mirror_applications/ma-271-oft-mirror-task-views/artifacts/payloads/27112_2_aligned_plane_5_mirror_angle.bin
fresh,27112,2,aligned_plane,5,generic_plane_scalar,0.0,5.744014686115406e-08,3164,0.0237568669981556,1.3841010513715446e-05,0,7fcff924e5aeed0e5461ba0d2e244a3d4b5d17f8296ce3899a3d1e549b86467b,experiments/mirror_applications/ma-271-oft-mirror-task-views/artifacts/payloads/27112_2_aligned_plane_5_generic_plane_scalar.bin
fresh,27112,2,aligned_plane,5,shared_identity,0.11080770194530487,0.0,3413,0.0,1.664400042500347e-05,0,ee9a179c77df95cd83a15d339489ffff9d443b1d1457bf381375e92f105d7b4d,experiments/mirror_applications/ma-271-oft-mirror-task-views/artifacts/payloads/27112_2_aligned_plane_5_shared_identity.bin
fresh,27112,2,aligned_plane,6,oft_independent,2.3320994841924403e-06,2.157881482389712e-07,3413,0.06921147799585015,1.921800139825791e-05,220,307e130443abcb9cab7732ad752f697056a5bbdcec9150d551c80ecf2f8188ee,experiments/mirror_applications/ma-271-oft-mirror-task-views/artifacts/payloads/27112_2_aligned_plane_6_oft_independent.bin
fresh,27112,2,aligned_plane,6,oft_oracle_upper,2.993398595663166e-07,3.0610021894972306e-07,3414,0.0,5.86969981668517e-05,0,4fc10a5702775948bcf609c0852c13e9e886356a5c9ea4f440eeb8f2b2a51a76,experiments/mirror_applications/ma-271-oft-mirror-task-views/artifacts/payloads/27112_2_aligned_plane_6_oft_oracle_upper.bin
fresh,27112,2,aligned_plane,6,mirror_angle,0.0,6.72178259719658e-08,3156,0.019660917998407967,1.1347001418471336e-05,0,167949c6b3c6e936559f2c25bf978a768c83d2d81b96ec804507607eb7405ad5,experiments/mirror_applications/ma-271-oft-mirror-task-views/artifacts/payloads/27112_2_aligned_plane_6_mirror_angle.bin
fresh,27112,2,aligned_plane,6,generic_plane_scalar,0.0,6.72178259719658e-08,3164,0.019660917998407967,1.4271005056798458e-05,0,98bea420e10af1d936c3b45d5dce41326c2e6033a4f87669096698f1291fe325,experiments/mirror_applications/ma-271-oft-mirror-task-views/artifacts/payloads/27112_2_aligned_plane_6_generic_plane_scalar.bin
fresh,27112,2,aligned_plane,6,shared_identity,0.18361836671829224,0.0,3413,0.0,1.0866002412512898e-05,0,ee9a179c77df95cd83a15d339489ffff9d443b1d1457bf381375e92f105d7b4d,experiments/mirror_applications/ma-271-oft-mirror-task-views/artifacts/payloads/27112_2_aligned_plane_6_shared_identity.bin
fresh,27112,2,aligned_plane,7,oft_independent,2.4584558104834286e-06,1.971454963722863e-07,3413,0.06826464598998427,1.9369006622582674e-05,220,494ae96d3660f12bb33b0c0eae0c8bfa2f752916fcdf661ff7b6978ccad69151,experiments/mirror_applications/ma-271-oft-mirror-task-views/artifacts/payloads/27112_2_aligned_plane_7_oft_independent.bin
fresh,27112,2,aligned_plane,7,oft_oracle_upper,3.8216751363506773e-07,2.8391522732817975e-07,3414,0.0,1.4250996173359454e-05,0,3bc9d7b8fcd936e59a5f9c2c3b630231fd4b6736b17a36fe5aa6b43c862f8ea1,experiments/mirror_applications/ma-271-oft-mirror-task-views/artifacts/payloads/27112_2_aligned_plane_7_oft_oracle_upper.bin
fresh,27112,2,aligned_plane,7,mirror_angle,0.0,5.9147517106339365e-08,3156,0.018988301992067136,1.0756004485301673e-05,0,12483251bfa7e1bbbd7f80411b16af7b79278417f7a21aedb41df6d575879574,experiments/mirror_applications/ma-271-oft-mirror-task-views/artifacts/payloads/27112_2_aligned_plane_7_mirror_angle.bin
fresh,27112,2,aligned_plane,7,generic_plane_scalar,0.0,5.9147517106339365e-08,3164,0.018988301992067136,1.067601260729134e-05,0,33820203c95d31cd257f9435b000c1ed5155eb2f3c703c20965f8618778637d2,experiments/mirror_applications/ma-271-oft-mirror-task-views/artifacts/payloads/27112_2_aligned_plane_7_generic_plane_scalar.bin
fresh,27112,2,aligned_plane,7,shared_identity,0.2548469305038452,0.0,3413,0.0,1.4031000318937004e-05,0,ee9a179c77df95cd83a15d339489ffff9d443b1d1457bf381375e92f105d7b4d,experiments/mirror_applications/ma-271-oft-mirror-task-views/artifacts/payloads/27112_2_aligned_plane_7_shared_identity.bin
fresh,27112,2,independent_orthogonal,0,oft_independent,0.2735563814640045,2.3454491326901916e-07,3413,0.06695925199892372,2.2342996089719236e-05,220,87ca3500fb8b48b5fa0ead7983fde767a1ac702dbbcf1fbdaf65f2ab0b13906e,experiments/mirror_applications/ma-271-oft-mirror-task-views/artifacts/payloads/27112_2_independent_orthogonal_0_oft_independent.bin
fresh,27112,2,independent_orthogonal,0,oft_oracle_upper,4.93133200052398e-07,4.3933164306508843e-07,3414,0.0,2.867198782041669e-05,0,b5737a91b7c99474d85619d57b08e3902db31a1ea40a5f7c8ee58eb088c69174,experiments/mirror_applications/ma-271-oft-mirror-task-views/artifacts/payloads/27112_2_independent_orthogonal_0_oft_oracle_upper.bin
fresh,27112,2,independent_orthogonal,0,shared_identity,1.5645248889923096,0.0,3413,0.0,1.8878010450862348e-05,0,ee9a179c77df95cd83a15d339489ffff9d443b1d1457bf381375e92f105d7b4d,experiments/mirror_applications/ma-271-oft-mirror-task-views/artifacts/payloads/27112_2_independent_orthogonal_0_shared_identity.bin
fresh,27112,2,independent_orthogonal,1,oft_independent,0.2646999955177307,2.3392959747070563e-07,3413,0.06745470700843725,2.085100277327001e-05,220,0472352ac8c582709c6ea8eeb3589f0757188fe0bc3e8fb18f9df02e2b14689e,experiments/mirror_applications/ma-271-oft-mirror-task-views/artifacts/payloads/27112_2_independent_orthogonal_1_oft_independent.bin
fresh,27112,2,independent_orthogonal,1,oft_oracle_upper,4.909372250949673e-07,3.739470457730931e-07,3414,0.0,1.7364989616908133e-05,0,fd021bdf07ac092e736c6b68236692481877886c8dc7031ab33e8dfc2ab55a4d,experiments/mirror_applications/ma-271-oft-mirror-task-views/artifacts/payloads/27112_2_independent_orthogonal_1_oft_oracle_upper.bin
fresh,27112,2,independent_orthogonal,1,shared_identity,1.439819097518921,0.0,3413,0.0,1.555299968458712e-05,0,ee9a179c77df95cd83a15d339489ffff9d443b1d1457bf381375e92f105d7b4d,experiments/mirror_applications/ma-271-oft-mirror-task-views/artifacts/payloads/27112_2_independent_orthogonal_1_shared_identity.bin
fresh,27112,2,independent_orthogonal,2,oft_independent,0.2790553569793701,2.48766156119018e-07,3413,0.06940975299221464,6.362400017678738e-05,220,2f9def1df58d2812cebe2515a78a5c1e353fefd6665313da06ee7b77f7c3cc08,experiments/mirror_applications/ma-271-oft-mirror-task-views/artifacts/payloads/27112_2_independent_orthogonal_2_oft_independent.bin
fresh,27112,2,independent_orthogonal,2,oft_oracle_upper,4.4276134758547414e-07,3.346559367400914e-07,3414,0.0,1.6174002666957676e-05,0,2bcf061c91a6d66f85e05f8bd345058faf20470b106425c5394516ccb92ca76e,experiments/mirror_applications/ma-271-oft-mirror-task-views/artifacts/payloads/27112_2_independent_orthogonal_2_oft_oracle_upper.bin
fresh,27112,2,independent_orthogonal,2,shared_identity,1.4549974203109741,0.0,3413,0.0,1.3410011888481677e-05,0,ee9a179c77df95cd83a15d339489ffff9d443b1d1457bf381375e92f105d7b4d,experiments/mirror_applications/ma-271-oft-mirror-task-views/artifacts/payloads/27112_2_independent_orthogonal_2_shared_identity.bin
fresh,27112,2,independent_orthogonal,3,oft_independent,0.262456476688385,2.03329022951948e-07,3413,0.0702318209951045,2.7050002245232463e-05,220,bace239f8cd73b11362e5f44aeb19b822ef7b35f6f8dcd1f883037b7eef5b786,experiments/mirror_applications/ma-271-oft-mirror-task-views/artifacts/payloads/27112_2_independent_orthogonal_3_oft_independent.bin
fresh,27112,2,independent_orthogonal,3,oft_oracle_upper,3.678373730053863e-07,3.1412764656124637e-07,3414,0.0,1.955899642780423e-05,0,316613ce08a3ae7150d608c8f807d1716a839083533a546d7566e8be6fa072fe,experiments/mirror_applications/ma-271-oft-mirror-task-views/artifacts/payloads/27112_2_independent_orthogonal_3_oft_oracle_upper.bin
fresh,27112,2,independent_orthogonal,3,shared_identity,1.4565380811691284,0.0,3413,0.0,1.917799818329513e-05,0,ee9a179c77df95cd83a15d339489ffff9d443b1d1457bf381375e92f105d7b4d,experiments/mirror_applications/ma-271-oft-mirror-task-views/artifacts/payloads/27112_2_independent_orthogonal_3_shared_identity.bin
fresh,27112,2,independent_orthogonal,4,oft_independent,0.25856661796569824,2.3185714326245943e-07,3413,0.06551445199875161,2.546799078118056e-05,220,ab03cb0d3b6bf03e1708f4eecc0683b88404f530705102969cf23c2a472e3b0e,experiments/mirror_applications/ma-271-oft-mirror-task-views/artifacts/payloads/27112_2_independent_orthogonal_4_oft_independent.bin
fresh,27112,2,independent_orthogonal,4,oft_oracle_upper,4.064226004629745e-07,2.515776884592924e-07,3414,0.0,2.5877990992739797e-05,0,5b2b7c176e69f52c4da03c6b51f5fcbe5867c678e6c64675ac9bb48728b29eed,experiments/mirror_applications/ma-271-oft-mirror-task-views/artifacts/payloads/27112_2_independent_orthogonal_4_oft_oracle_upper.bin
fresh,27112,2,independent_orthogonal,4,shared_identity,1.221239447593689,0.0,3413,0.0,4.8551009967923164e-05,0,ee9a179c77df95cd83a15d339489ffff9d443b1d1457bf381375e92f105d7b4d,experiments/mirror_applications/ma-271-oft-mirror-task-views/artifacts/payloads/27112_2_independent_orthogonal_4_shared_identity.bin
fresh,27112,2,independent_orthogonal,5,oft_independent,0.06369597464799881,2.719404506024148e-07,3413,0.06463622099545319,2.2463005734607577e-05,220,940767ab6ff35aa38614c608a5146089e2a858977a528f19cff9e662a4ec2cc7,experiments/mirror_applications/ma-271-oft-mirror-task-views/artifacts/payloads/27112_2_independent_orthogonal_5_oft_independent.bin
fresh,27112,2,independent_orthogonal,5,oft_oracle_upper,4.19450998379034e-07,3.070173875130422e-07,3414,0.0,1.9579005311243236e-05,0,ba1ce501bbaca6a8f37808c45310583545a6f8c5cf3418d94102f06418880a68,experiments/mirror_applications/ma-271-oft-mirror-task-views/artifacts/payloads/27112_2_independent_orthogonal_5_oft_oracle_upper.bin
fresh,27112,2,independent_orthogonal,5,shared_identity,1.2479908466339111,0.0,3413,0.0,1.8578008166514337e-05,0,ee9a179c77df95cd83a15d339489ffff9d443b1d1457bf381375e92f105d7b4d,experiments/mirror_applications/ma-271-oft-mirror-task-views/artifacts/payloads/27112_2_independent_orthogonal_5_shared_identity.bin
fresh,27112,2,independent_orthogonal,6,oft_independent,0.26264843344688416,2.400266225777159e-07,3413,0.06574594399717171,5.6083008530549705e-05,220,53a0c84a6eef84112052f59a65c68967d68acd7e786fe59052012ce86f48b46b,experiments/mirror_applications/ma-271-oft-mirror-task-views/artifacts/payloads/27112_2_independent_orthogonal_6_oft_independent.bin
fresh,27112,2,independent_orthogonal,6,oft_oracle_upper,4.684711711888667e-07,4.341176520483714e-07,3414,0.0,4.040999920107424e-05,0,2f6c1c00e2d588fae0403dd64a052477bcc6442850dbf030504418d9874b72cd,experiments/mirror_applications/ma-271-oft-mirror-task-views/artifacts/payloads/27112_2_independent_orthogonal_6_oft_oracle_upper.bin
fresh,27112,2,independent_orthogonal,6,shared_identity,1.4693658351898193,0.0,3413,0.0,1.7646001651883125e-05,0,ee9a179c77df95cd83a15d339489ffff9d443b1d1457bf381375e92f105d7b4d,experiments/mirror_applications/ma-271-oft-mirror-task-views/artifacts/payloads/27112_2_independent_orthogonal_6_shared_identity.bin
fresh,27112,2,independent_orthogonal,7,oft_independent,0.04776192829012871,2.4848907287378097e-07,3413,0.06351914499828126,1.995000638999045e-05,220,7a88db3fcb2d60d63a9a8d41f0c98c56e2fd2ce09c74e578a1d951da5420aeab,experiments/mirror_applications/ma-271-oft-mirror-task-views/artifacts/payloads/27112_2_independent_orthogonal_7_oft_independent.bin
fresh,27112,2,independent_orthogonal,7,oft_oracle_upper,3.9602744550393254e-07,3.560601840035815e-07,3414,0.0,2.1481013391166925e-05,0,acba7dbcb2faea4a6358710d576f66a029e7572fa7f58c8d5aa6341db458c1b4,experiments/mirror_applications/ma-271-oft-mirror-task-views/artifacts/payloads/27112_2_independent_orthogonal_7_oft_oracle_upper.bin
fresh,27112,2,independent_orthogonal,7,shared_identity,1.472575306892395,0.0,3413,0.0,1.900800270959735e-05,0,ee9a179c77df95cd83a15d339489ffff9d443b1d1457bf381375e92f105d7b4d,experiments/mirror_applications/ma-271-oft-mirror-task-views/artifacts/payloads/27112_2_independent_orthogonal_7_shared_identity.bin
