world_seed,task_id,method,update,query_mse,inference_payload_bytes,restartable_payload_bytes,per_task_state_bytes,optimizer_compute_proxy,wall_seconds_per_task
44601,0,hard_shared,0,1.28917861,1372,1436,0,0,0
44601,0,hard_shared,1,1.28917861,1372,1436,0,0,0
44601,0,hard_shared,2,1.28917861,1372,1436,0,0,0
44601,0,hard_shared,3,1.28917861,1372,1436,0,0,0
44601,0,hard_shared,4,1.28917861,1372,1436,0,0,0
44601,1,hard_shared,0,0.303879261,1372,1436,0,0,0
44601,1,hard_shared,1,0.303879261,1372,1436,0,0,0
44601,1,hard_shared,2,0.303879261,1372,1436,0,0,0
44601,1,hard_shared,3,0.303879261,1372,1436,0,0,0
44601,1,hard_shared,4,0.303879261,1372,1436,0,0,0
44601,2,hard_shared,0,0.1623382717,1372,1436,0,0,0
44601,2,hard_shared,1,0.1623382717,1372,1436,0,0,0
44601,2,hard_shared,2,0.1623382717,1372,1436,0,0,0
44601,2,hard_shared,3,0.1623382717,1372,1436,0,0,0
44601,2,hard_shared,4,0.1623382717,1372,1436,0,0,0
44601,3,hard_shared,0,1.036949039,1372,1436,0,0,0
44601,3,hard_shared,1,1.036949039,1372,1436,0,0,0
44601,3,hard_shared,2,1.036949039,1372,1436,0,0,0
44601,3,hard_shared,3,1.036949039,1372,1436,0,0,0
44601,3,hard_shared,4,1.036949039,1372,1436,0,0,0
44601,4,hard_shared,0,1.016730905,1372,1436,0,0,0
44601,4,hard_shared,1,1.016730905,1372,1436,0,0,0
44601,4,hard_shared,2,1.016730905,1372,1436,0,0,0
44601,4,hard_shared,3,1.016730905,1372,1436,0,0,0
44601,4,hard_shared,4,1.016730905,1372,1436,0,0,0
44601,5,hard_shared,0,0.3658917248,1372,1436,0,0,0
44601,5,hard_shared,1,0.3658917248,1372,1436,0,0,0
44601,5,hard_shared,2,0.3658917248,1372,1436,0,0,0
44601,5,hard_shared,3,0.3658917248,1372,1436,0,0,0
44601,5,hard_shared,4,0.3658917248,1372,1436,0,0,0
44601,6,hard_shared,0,0.1487347186,1372,1436,0,0,0
44601,6,hard_shared,1,0.1487347186,1372,1436,0,0,0
44601,6,hard_shared,2,0.1487347186,1372,1436,0,0,0
44601,6,hard_shared,3,0.1487347186,1372,1436,0,0,0
44601,6,hard_shared,4,0.1487347186,1372,1436,0,0,0
44601,7,hard_shared,0,0.1713360399,1372,1436,0,0,0
44601,7,hard_shared,1,0.1713360399,1372,1436,0,0,0
44601,7,hard_shared,2,0.1713360399,1372,1436,0,0,0
44601,7,hard_shared,3,0.1713360399,1372,1436,0,0,0
44601,7,hard_shared,4,0.1713360399,1372,1436,0,0,0
44601,8,hard_shared,0,0.4818538725,,,,0,0
44601,8,hard_shared,1,0.4818538725,,,,0,0
44601,8,hard_shared,2,0.4818538725,,,,0,0
44601,8,hard_shared,3,0.4818538725,,,,0,0
44601,8,hard_shared,4,0.4818538725,,,,0,0
44601,9,hard_shared,0,0.1961531639,,,,0,0
44601,9,hard_shared,1,0.1961531639,,,,0,0
44601,9,hard_shared,2,0.1961531639,,,,0,0
44601,9,hard_shared,3,0.1961531639,,,,0,0
44601,9,hard_shared,4,0.1961531639,,,,0,0
44601,10,hard_shared,0,0.01406441163,,,,0,0
44601,10,hard_shared,1,0.01406441163,,,,0,0
44601,10,hard_shared,2,0.01406441163,,,,0,0
44601,10,hard_shared,3,0.01406441163,,,,0,0
44601,10,hard_shared,4,0.01406441163,,,,0,0
44601,11,hard_shared,0,0.2692801952,,,,0,0
44601,11,hard_shared,1,0.2692801952,,,,0,0
44601,11,hard_shared,2,0.2692801952,,,,0,0
44601,11,hard_shared,3,0.2692801952,,,,0,0
44601,11,hard_shared,4,0.2692801952,,,,0,0
44601,12,hard_shared,0,0.1893664598,,,,0,0
44601,12,hard_shared,1,0.1893664598,,,,0,0
44601,12,hard_shared,2,0.1893664598,,,,0,0
44601,12,hard_shared,3,0.1893664598,,,,0,0
44601,12,hard_shared,4,0.1893664598,,,,0,0
44601,13,hard_shared,0,0.07488754392,,,,0,0
44601,13,hard_shared,1,0.07488754392,,,,0,0
44601,13,hard_shared,2,0.07488754392,,,,0,0
44601,13,hard_shared,3,0.07488754392,,,,0,0
44601,13,hard_shared,4,0.07488754392,,,,0,0
44601,14,hard_shared,0,0.7327296734,,,,0,0
44601,14,hard_shared,1,0.7327296734,,,,0,0
44601,14,hard_shared,2,0.7327296734,,,,0,0
44601,14,hard_shared,3,0.7327296734,,,,0,0
44601,14,hard_shared,4,0.7327296734,,,,0,0
44601,15,hard_shared,0,0.1893095374,,,,0,0
44601,15,hard_shared,1,0.1893095374,,,,0,0
44601,15,hard_shared,2,0.1893095374,,,,0,0
44601,15,hard_shared,3,0.1893095374,,,,0,0
44601,15,hard_shared,4,0.1893095374,,,,0,0
44601,16,hard_shared,0,0.1456139833,,,,0,0
44601,16,hard_shared,1,0.1456139833,,,,0,0
44601,16,hard_shared,2,0.1456139833,,,,0,0
44601,16,hard_shared,3,0.1456139833,,,,0,0
44601,16,hard_shared,4,0.1456139833,,,,0,0
44601,17,hard_shared,0,0.04606512189,,,,0,0
44601,17,hard_shared,1,0.04606512189,,,,0,0
44601,17,hard_shared,2,0.04606512189,,,,0,0
44601,17,hard_shared,3,0.04606512189,,,,0,0
44601,17,hard_shared,4,0.04606512189,,,,0,0
44601,18,hard_shared,0,0.4441405833,,,,0,0
44601,18,hard_shared,1,0.4441405833,,,,0,0
44601,18,hard_shared,2,0.4441405833,,,,0,0
44601,18,hard_shared,3,0.4441405833,,,,0,0
44601,18,hard_shared,4,0.4441405833,,,,0,0
44601,19,hard_shared,0,0.4070963562,,,,0,0
44601,19,hard_shared,1,0.4070963562,,,,0,0
44601,19,hard_shared,2,0.4070963562,,,,0,0
44601,19,hard_shared,3,0.4070963562,,,,0,0
44601,19,hard_shared,4,0.4070963562,,,,0,0
44601,20,hard_shared,0,0.4652223289,,,,0,0
44601,20,hard_shared,1,0.4652223289,,,,0,0
44601,20,hard_shared,2,0.4652223289,,,,0,0
44601,20,hard_shared,3,0.4652223289,,,,0,0
44601,20,hard_shared,4,0.4652223289,,,,0,0
44601,21,hard_shared,0,0.09396684915,,,,0,0
44601,21,hard_shared,1,0.09396684915,,,,0,0
44601,21,hard_shared,2,0.09396684915,,,,0,0
44601,21,hard_shared,3,0.09396684915,,,,0,0
44601,21,hard_shared,4,0.09396684915,,,,0,0
44601,22,hard_shared,0,0.01918084174,,,,0,0
44601,22,hard_shared,1,0.01918084174,,,,0,0
44601,22,hard_shared,2,0.01918084174,,,,0,0
44601,22,hard_shared,3,0.01918084174,,,,0,0
44601,22,hard_shared,4,0.01918084174,,,,0,0
44601,23,hard_shared,0,1.469784737,,,,0,0
44601,23,hard_shared,1,1.469784737,,,,0,0
44601,23,hard_shared,2,1.469784737,,,,0,0
44601,23,hard_shared,3,1.469784737,,,,0,0
44601,23,hard_shared,4,1.469784737,,,,0,0
44601,24,hard_shared,0,0.08391705155,,,,0,0
44601,24,hard_shared,1,0.08391705155,,,,0,0
44601,24,hard_shared,2,0.08391705155,,,,0,0
44601,24,hard_shared,3,0.08391705155,,,,0,0
44601,24,hard_shared,4,0.08391705155,,,,0,0
44601,25,hard_shared,0,0.06452988833,,,,0,0
44601,25,hard_shared,1,0.06452988833,,,,0,0
44601,25,hard_shared,2,0.06452988833,,,,0,0
44601,25,hard_shared,3,0.06452988833,,,,0,0
44601,25,hard_shared,4,0.06452988833,,,,0,0
44601,26,hard_shared,0,0.07091769576,,,,0,0
44601,26,hard_shared,1,0.07091769576,,,,0,0
44601,26,hard_shared,2,0.07091769576,,,,0,0
44601,26,hard_shared,3,0.07091769576,,,,0,0
44601,26,hard_shared,4,0.07091769576,,,,0,0
44601,27,hard_shared,0,0.2137361318,,,,0,0
44601,27,hard_shared,1,0.2137361318,,,,0,0
44601,27,hard_shared,2,0.2137361318,,,,0,0
44601,27,hard_shared,3,0.2137361318,,,,0,0
44601,27,hard_shared,4,0.2137361318,,,,0,0
44601,28,hard_shared,0,0.1013795361,,,,0,0
44601,28,hard_shared,1,0.1013795361,,,,0,0
44601,28,hard_shared,2,0.1013795361,,,,0,0
44601,28,hard_shared,3,0.1013795361,,,,0,0
44601,28,hard_shared,4,0.1013795361,,,,0,0
44601,29,hard_shared,0,0.1943679005,,,,0,0
44601,29,hard_shared,1,0.1943679005,,,,0,0
44601,29,hard_shared,2,0.1943679005,,,,0,0
44601,29,hard_shared,3,0.1943679005,,,,0,0
44601,29,hard_shared,4,0.1943679005,,,,0,0
44601,30,hard_shared,0,0.2357388139,,,,0,0
44601,30,hard_shared,1,0.2357388139,,,,0,0
44601,30,hard_shared,2,0.2357388139,,,,0,0
44601,30,hard_shared,3,0.2357388139,,,,0,0
44601,30,hard_shared,4,0.2357388139,,,,0,0
44601,31,hard_shared,0,0.7004433274,,,,0,0
44601,31,hard_shared,1,0.7004433274,,,,0,0
44601,31,hard_shared,2,0.7004433274,,,,0,0
44601,31,hard_shared,3,0.7004433274,,,,0,0
44601,31,hard_shared,4,0.7004433274,,,,0,0
44601,0,mirror_sgd,0,1.28917861,2388,2516,1628,1836,4.4957344e-05
44601,0,mirror_sgd,1,1.253844976,2388,2516,1628,1836,4.4957344e-05
44601,0,mirror_sgd,2,1.224999785,2388,2516,1628,1836,4.4957344e-05
44601,0,mirror_sgd,3,1.173187613,2388,2516,1628,1836,4.4957344e-05
44601,0,mirror_sgd,4,1.126598477,2388,2516,1628,1836,4.4957344e-05
44601,1,mirror_sgd,0,0.303879261,2388,2516,1628,1836,4.4957344e-05
44601,1,mirror_sgd,1,0.2940786481,2388,2516,1628,1836,4.4957344e-05
44601,1,mirror_sgd,2,0.2772630453,2388,2516,1628,1836,4.4957344e-05
44601,1,mirror_sgd,3,0.268514961,2388,2516,1628,1836,4.4957344e-05
44601,1,mirror_sgd,4,0.2586656809,2388,2516,1628,1836,4.4957344e-05
44601,2,mirror_sgd,0,0.1623382717,2388,2516,1628,1836,4.4957344e-05
44601,2,mirror_sgd,1,0.1552123725,2388,2516,1628,1836,4.4957344e-05
44601,2,mirror_sgd,2,0.149940908,2388,2516,1628,1836,4.4957344e-05
44601,2,mirror_sgd,3,0.1451748163,2388,2516,1628,1836,4.4957344e-05
44601,2,mirror_sgd,4,0.1398996115,2388,2516,1628,1836,4.4957344e-05
44601,3,mirror_sgd,0,1.036949039,2388,2516,1628,1836,4.4957344e-05
44601,3,mirror_sgd,1,1.007738709,2388,2516,1628,1836,4.4957344e-05
44601,3,mirror_sgd,2,0.9742335677,2388,2516,1628,1836,4.4957344e-05
44601,3,mirror_sgd,3,0.9260032773,2388,2516,1628,1836,4.4957344e-05
44601,3,mirror_sgd,4,0.8722189069,2388,2516,1628,1836,4.4957344e-05
44601,4,mirror_sgd,0,1.016730905,2388,2516,1628,1836,4.4957344e-05
44601,4,mirror_sgd,1,0.9861662984,2388,2516,1628,1836,4.4957344e-05
44601,4,mirror_sgd,2,0.9469487071,2388,2516,1628,1836,4.4957344e-05
44601,4,mirror_sgd,3,0.9111629128,2388,2516,1628,1836,4.4957344e-05
44601,4,mirror_sgd,4,0.8895545006,2388,2516,1628,1836,4.4957344e-05
44601,5,mirror_sgd,0,0.3658917248,2388,2516,1628,1836,4.4957344e-05
44601,5,mirror_sgd,1,0.3442610502,2388,2516,1628,1836,4.4957344e-05
44601,5,mirror_sgd,2,0.3307558298,2388,2516,1628,1836,4.4957344e-05
44601,5,mirror_sgd,3,0.3204337656,2388,2516,1628,1836,4.4957344e-05
44601,5,mirror_sgd,4,0.3094398081,2388,2516,1628,1836,4.4957344e-05
44601,6,mirror_sgd,0,0.1487347186,2388,2516,1628,1836,4.4957344e-05
44601,6,mirror_sgd,1,0.1421743184,2388,2516,1628,1836,4.4957344e-05
44601,6,mirror_sgd,2,0.137253359,2388,2516,1628,1836,4.4957344e-05
44601,6,mirror_sgd,3,0.1293888539,2388,2516,1628,1836,4.4957344e-05
44601,6,mirror_sgd,4,0.1231248081,2388,2516,1628,1836,4.4957344e-05
44601,7,mirror_sgd,0,0.1713360399,2388,2516,1628,1836,4.4957344e-05
44601,7,mirror_sgd,1,0.1630577147,2388,2516,1628,1836,4.4957344e-05
44601,7,mirror_sgd,2,0.1573642939,2388,2516,1628,1836,4.4957344e-05
44601,7,mirror_sgd,3,0.1521749347,2388,2516,1628,1836,4.4957344e-05
44601,7,mirror_sgd,4,0.1434231848,2388,2516,1628,1836,4.4957344e-05
44601,8,mirror_sgd,0,0.4818538725,,,,1836,4.4957344e-05
44601,8,mirror_sgd,1,0.4528862536,,,,1836,4.4957344e-05
44601,8,mirror_sgd,2,0.4342181683,,,,1836,4.4957344e-05
44601,8,mirror_sgd,3,0.4165123999,,,,1836,4.4957344e-05
44601,8,mirror_sgd,4,0.4050287306,,,,1836,4.4957344e-05
44601,9,mirror_sgd,0,0.1961531639,,,,1836,4.4957344e-05
44601,9,mirror_sgd,1,0.187213555,,,,1836,4.4957344e-05
44601,9,mirror_sgd,2,0.1806334853,,,,1836,4.4957344e-05
44601,9,mirror_sgd,3,0.1730067134,,,,1836,4.4957344e-05
44601,9,mirror_sgd,4,0.1645190269,,,,1836,4.4957344e-05
44601,10,mirror_sgd,0,0.01406441163,,,,1836,4.4957344e-05
44601,10,mirror_sgd,1,0.01364343334,,,,1836,4.4957344e-05
44601,10,mirror_sgd,2,0.01326294709,,,,1836,4.4957344e-05
44601,10,mirror_sgd,3,0.01268835459,,,,1836,4.4957344e-05
44601,10,mirror_sgd,4,0.01237505209,,,,1836,4.4957344e-05
44601,11,mirror_sgd,0,0.2692801952,,,,1836,4.4957344e-05
44601,11,mirror_sgd,1,0.2612766325,,,,1836,4.4957344e-05
44601,11,mirror_sgd,2,0.2500596642,,,,1836,4.4957344e-05
44601,11,mirror_sgd,3,0.2353716344,,,,1836,4.4957344e-05
44601,11,mirror_sgd,4,0.2268313169,,,,1836,4.4957344e-05
44601,12,mirror_sgd,0,0.1893664598,,,,1836,4.4957344e-05
44601,12,mirror_sgd,1,0.1845437288,,,,1836,4.4957344e-05
44601,12,mirror_sgd,2,0.1785349399,,,,1836,4.4957344e-05
44601,12,mirror_sgd,3,0.1712960601,,,,1836,4.4957344e-05
44601,12,mirror_sgd,4,0.1608950198,,,,1836,4.4957344e-05
44601,13,mirror_sgd,0,0.07488754392,,,,1836,4.4957344e-05
44601,13,mirror_sgd,1,0.07184228301,,,,1836,4.4957344e-05
44601,13,mirror_sgd,2,0.06808089465,,,,1836,4.4957344e-05
44601,13,mirror_sgd,3,0.06526661664,,,,1836,4.4957344e-05
44601,13,mirror_sgd,4,0.06325580925,,,,1836,4.4957344e-05
44601,14,mirror_sgd,0,0.7327296734,,,,1836,4.4957344e-05
44601,14,mirror_sgd,1,0.6990549564,,,,1836,4.4957344e-05
44601,14,mirror_sgd,2,0.6824458241,,,,1836,4.4957344e-05
44601,14,mirror_sgd,3,0.6419483423,,,,1836,4.4957344e-05
44601,14,mirror_sgd,4,0.6154289842,,,,1836,4.4957344e-05
44601,15,mirror_sgd,0,0.1893095374,,,,1836,4.4957344e-05
44601,15,mirror_sgd,1,0.1815816313,,,,1836,4.4957344e-05
44601,15,mirror_sgd,2,0.1755270213,,,,1836,4.4957344e-05
44601,15,mirror_sgd,3,0.1706550866,,,,1836,4.4957344e-05
44601,15,mirror_sgd,4,0.1655065864,,,,1836,4.4957344e-05
44601,16,mirror_sgd,0,0.1456139833,,,,1836,4.4957344e-05
44601,16,mirror_sgd,1,0.1394180059,,,,1836,4.4957344e-05
44601,16,mirror_sgd,2,0.135154739,,,,1836,4.4957344e-05
44601,16,mirror_sgd,3,0.1295139641,,,,1836,4.4957344e-05
44601,16,mirror_sgd,4,0.1256375611,,,,1836,4.4957344e-05
44601,17,mirror_sgd,0,0.04606512189,,,,1836,4.4957344e-05
44601,17,mirror_sgd,1,0.04345588386,,,,1836,4.4957344e-05
44601,17,mirror_sgd,2,0.04180248082,,,,1836,4.4957344e-05
44601,17,mirror_sgd,3,0.03994815052,,,,1836,4.4957344e-05
44601,17,mirror_sgd,4,0.03846981749,,,,1836,4.4957344e-05
44601,18,mirror_sgd,0,0.4441405833,,,,1836,4.4957344e-05
44601,18,mirror_sgd,1,0.4344111383,,,,1836,4.4957344e-05
44601,18,mirror_sgd,2,0.4148339927,,,,1836,4.4957344e-05
44601,18,mirror_sgd,3,0.3960505426,,,,1836,4.4957344e-05
44601,18,mirror_sgd,4,0.3814723492,,,,1836,4.4957344e-05
44601,19,mirror_sgd,0,0.4070963562,,,,1836,4.4957344e-05
44601,19,mirror_sgd,1,0.3966676295,,,,1836,4.4957344e-05
44601,19,mirror_sgd,2,0.3713671267,,,,1836,4.4957344e-05
44601,19,mirror_sgd,3,0.3600167036,,,,1836,4.4957344e-05
44601,19,mirror_sgd,4,0.3465212584,,,,1836,4.4957344e-05
44601,20,mirror_sgd,0,0.4652223289,,,,1836,4.4957344e-05
44601,20,mirror_sgd,1,0.4327385128,,,,1836,4.4957344e-05
44601,20,mirror_sgd,2,0.4068922997,,,,1836,4.4957344e-05
44601,20,mirror_sgd,3,0.3927460909,,,,1836,4.4957344e-05
44601,20,mirror_sgd,4,0.3627766073,,,,1836,4.4957344e-05
44601,21,mirror_sgd,0,0.09396684915,,,,1836,4.4957344e-05
44601,21,mirror_sgd,1,0.08975794911,,,,1836,4.4957344e-05
44601,21,mirror_sgd,2,0.0866381824,,,,1836,4.4957344e-05
44601,21,mirror_sgd,3,0.08369023353,,,,1836,4.4957344e-05
44601,21,mirror_sgd,4,0.07806298882,,,,1836,4.4957344e-05
44601,22,mirror_sgd,0,0.01918084174,,,,1836,4.4957344e-05
44601,22,mirror_sgd,1,0.01843378507,,,,1836,4.4957344e-05
44601,22,mirror_sgd,2,0.01810420118,,,,1836,4.4957344e-05
44601,22,mirror_sgd,3,0.01743572392,,,,1836,4.4957344e-05
44601,22,mirror_sgd,4,0.01687400229,,,,1836,4.4957344e-05
44601,23,mirror_sgd,0,1.469784737,,,,1836,4.4957344e-05
44601,23,mirror_sgd,1,1.415448189,,,,1836,4.4957344e-05
44601,23,mirror_sgd,2,1.338742256,,,,1836,4.4957344e-05
44601,23,mirror_sgd,3,1.293477654,,,,1836,4.4957344e-05
44601,23,mirror_sgd,4,1.269129753,,,,1836,4.4957344e-05
44601,24,mirror_sgd,0,0.08391705155,,,,1836,4.4957344e-05
44601,24,mirror_sgd,1,0.07912150025,,,,1836,4.4957344e-05
44601,24,mirror_sgd,2,0.0760390386,,,,1836,4.4957344e-05
44601,24,mirror_sgd,3,0.07262753695,,,,1836,4.4957344e-05
44601,24,mirror_sgd,4,0.06992937624,,,,1836,4.4957344e-05
44601,25,mirror_sgd,0,0.06452988833,,,,1836,4.4957344e-05
44601,25,mirror_sgd,1,0.06197879836,,,,1836,4.4957344e-05
44601,25,mirror_sgd,2,0.05931771919,,,,1836,4.4957344e-05
44601,25,mirror_sgd,3,0.05620570853,,,,1836,4.4957344e-05
44601,25,mirror_sgd,4,0.05349934101,,,,1836,4.4957344e-05
44601,26,mirror_sgd,0,0.07091769576,,,,1836,4.4957344e-05
44601,26,mirror_sgd,1,0.06867702305,,,,1836,4.4957344e-05
44601,26,mirror_sgd,2,0.06633431464,,,,1836,4.4957344e-05
44601,26,mirror_sgd,3,0.06350433081,,,,1836,4.4957344e-05
44601,26,mirror_sgd,4,0.06123210862,,,,1836,4.4957344e-05
44601,27,mirror_sgd,0,0.2137361318,,,,1836,4.4957344e-05
44601,27,mirror_sgd,1,0.2032105923,,,,1836,4.4957344e-05
44601,27,mirror_sgd,2,0.1931770891,,,,1836,4.4957344e-05
44601,27,mirror_sgd,3,0.1877696663,,,,1836,4.4957344e-05
44601,27,mirror_sgd,4,0.1828615069,,,,1836,4.4957344e-05
44601,28,mirror_sgd,0,0.1013795361,,,,1836,4.4957344e-05
44601,28,mirror_sgd,1,0.09770479053,,,,1836,4.4957344e-05
44601,28,mirror_sgd,2,0.09475769848,,,,1836,4.4957344e-05
44601,28,mirror_sgd,3,0.09111770988,,,,1836,4.4957344e-05
44601,28,mirror_sgd,4,0.08864294738,,,,1836,4.4957344e-05
44601,29,mirror_sgd,0,0.1943679005,,,,1836,4.4957344e-05
44601,29,mirror_sgd,1,0.1871092319,,,,1836,4.4957344e-05
44601,29,mirror_sgd,2,0.1777101904,,,,1836,4.4957344e-05
44601,29,mirror_sgd,3,0.1709147543,,,,1836,4.4957344e-05
44601,29,mirror_sgd,4,0.1637045294,,,,1836,4.4957344e-05
44601,30,mirror_sgd,0,0.2357388139,,,,1836,4.4957344e-05
44601,30,mirror_sgd,1,0.2294812799,,,,1836,4.4957344e-05
44601,30,mirror_sgd,2,0.2195014507,,,,1836,4.4957344e-05
44601,30,mirror_sgd,3,0.2129874974,,,,1836,4.4957344e-05
44601,30,mirror_sgd,4,0.2030283958,,,,1836,4.4957344e-05
44601,31,mirror_sgd,0,0.7004433274,,,,1836,4.4957344e-05
44601,31,mirror_sgd,1,0.663002789,,,,1836,4.4957344e-05
44601,31,mirror_sgd,2,0.6295008063,,,,1836,4.4957344e-05
44601,31,mirror_sgd,3,0.6071821451,,,,1836,4.4957344e-05
44601,31,mirror_sgd,4,0.5840914249,,,,1836,4.4957344e-05
44601,0,mirror_adam,0,1.28917861,2388,3660,2772,1944,4.8510812e-05
44601,0,mirror_adam,1,0.9025812149,2388,3660,2772,1944,4.8510812e-05
44601,0,mirror_adam,2,0.6296387911,2388,3660,2772,1944,4.8510812e-05
44601,0,mirror_adam,3,0.3984023333,2388,3660,2772,1944,4.8510812e-05
44601,0,mirror_adam,4,0.2145317644,2388,3660,2772,1944,4.8510812e-05
44601,1,mirror_adam,0,0.303879261,2388,3660,2772,1944,4.8510812e-05
44601,1,mirror_adam,1,0.06414680928,2388,3660,2772,1944,4.8510812e-05
44601,1,mirror_adam,2,0.01251510438,2388,3660,2772,1944,4.8510812e-05
44601,1,mirror_adam,3,0.08510246873,2388,3660,2772,1944,4.8510812e-05
44601,1,mirror_adam,4,0.1274570674,2388,3660,2772,1944,4.8510812e-05
44601,2,mirror_adam,0,0.1623382717,2388,3660,2772,1944,4.8510812e-05
44601,2,mirror_adam,1,0.0200479459,2388,3660,2772,1944,4.8510812e-05
44601,2,mirror_adam,2,0.02692426741,2388,3660,2772,1944,4.8510812e-05
44601,2,mirror_adam,3,0.06519747525,2388,3660,2772,1944,4.8510812e-05
44601,2,mirror_adam,4,0.07392051071,2388,3660,2772,1944,4.8510812e-05
44601,3,mirror_adam,0,1.036949039,2388,3660,2772,1944,4.8510812e-05
44601,3,mirror_adam,1,0.6732168794,2388,3660,2772,1944,4.8510812e-05
44601,3,mirror_adam,2,0.3337116241,2388,3660,2772,1944,4.8510812e-05
44601,3,mirror_adam,3,0.1402145177,2388,3660,2772,1944,4.8510812e-05
44601,3,mirror_adam,4,0.04464472458,2388,3660,2772,1944,4.8510812e-05
44601,4,mirror_adam,0,1.016730905,2388,3660,2772,1944,4.8510812e-05
44601,4,mirror_adam,1,0.6996652484,2388,3660,2772,1944,4.8510812e-05
44601,4,mirror_adam,2,0.4427902699,2388,3660,2772,1944,4.8510812e-05
44601,4,mirror_adam,3,0.2623980343,2388,3660,2772,1944,4.8510812e-05
44601,4,mirror_adam,4,0.140766874,2388,3660,2772,1944,4.8510812e-05
44601,5,mirror_adam,0,0.3658917248,2388,3660,2772,1944,4.8510812e-05
44601,5,mirror_adam,1,0.2003598809,2388,3660,2772,1944,4.8510812e-05
44601,5,mirror_adam,2,0.1004890576,2388,3660,2772,1944,4.8510812e-05
44601,5,mirror_adam,3,0.04536785558,2388,3660,2772,1944,4.8510812e-05
44601,5,mirror_adam,4,0.009032550268,2388,3660,2772,1944,4.8510812e-05
44601,6,mirror_adam,0,0.1487347186,2388,3660,2772,1944,4.8510812e-05
44601,6,mirror_adam,1,0.03169758618,2388,3660,2772,1944,4.8510812e-05
44601,6,mirror_adam,2,0.04681867734,2388,3660,2772,1944,4.8510812e-05
44601,6,mirror_adam,3,0.03470175341,2388,3660,2772,1944,4.8510812e-05
44601,6,mirror_adam,4,0.03553001583,2388,3660,2772,1944,4.8510812e-05
44601,7,mirror_adam,0,0.1713360399,2388,3660,2772,1944,4.8510812e-05
44601,7,mirror_adam,1,0.04489519075,2388,3660,2772,1944,4.8510812e-05
44601,7,mirror_adam,2,0.008342526853,2388,3660,2772,1944,4.8510812e-05
44601,7,mirror_adam,3,0.02853406034,2388,3660,2772,1944,4.8510812e-05
44601,7,mirror_adam,4,0.04963758588,2388,3660,2772,1944,4.8510812e-05
44601,8,mirror_adam,0,0.4818538725,,,,1944,4.8510812e-05
44601,8,mirror_adam,1,0.2427743226,,,,1944,4.8510812e-05
44601,8,mirror_adam,2,0.06989605725,,,,1944,4.8510812e-05
44601,8,mirror_adam,3,0.008816330694,,,,1944,4.8510812e-05
44601,8,mirror_adam,4,0.03324021399,,,,1944,4.8510812e-05
44601,9,mirror_adam,0,0.1961531639,,,,1944,4.8510812e-05
44601,9,mirror_adam,1,0.05922186375,,,,1944,4.8510812e-05
44601,9,mirror_adam,2,0.02030840144,,,,1944,4.8510812e-05
44601,9,mirror_adam,3,0.03071424365,,,,1944,4.8510812e-05
44601,9,mirror_adam,4,0.06309682876,,,,1944,4.8510812e-05
44601,10,mirror_adam,0,0.01406441163,,,,1944,4.8510812e-05
44601,10,mirror_adam,1,0.0471685715,,,,1944,4.8510812e-05
44601,10,mirror_adam,2,0.01815336384,,,,1944,4.8510812e-05
44601,10,mirror_adam,3,0.006410865113,,,,1944,4.8510812e-05
44601,10,mirror_adam,4,0.033397872,,,,1944,4.8510812e-05
44601,11,mirror_adam,0,0.2692801952,,,,1944,4.8510812e-05
44601,11,mirror_adam,1,0.1109964475,,,,1944,4.8510812e-05
44601,11,mirror_adam,2,0.0241402965,,,,1944,4.8510812e-05
44601,11,mirror_adam,3,0.005040711723,,,,1944,4.8510812e-05
44601,11,mirror_adam,4,0.03428429738,,,,1944,4.8510812e-05
44601,12,mirror_adam,0,0.1893664598,,,,1944,4.8510812e-05
44601,12,mirror_adam,1,0.08482608199,,,,1944,4.8510812e-05
44601,12,mirror_adam,2,0.02080985159,,,,1944,4.8510812e-05
44601,12,mirror_adam,3,0.02128090709,,,,1944,4.8510812e-05
44601,12,mirror_adam,4,0.04275681451,,,,1944,4.8510812e-05
44601,13,mirror_adam,0,0.07488754392,,,,1944,4.8510812e-05
44601,13,mirror_adam,1,0.01200030278,,,,1944,4.8510812e-05
44601,13,mirror_adam,2,0.02757077105,,,,1944,4.8510812e-05
44601,13,mirror_adam,3,0.03154128417,,,,1944,4.8510812e-05
44601,13,mirror_adam,4,0.02980447561,,,,1944,4.8510812e-05
44601,14,mirror_adam,0,0.7327296734,,,,1944,4.8510812e-05
44601,14,mirror_adam,1,0.4465454519,,,,1944,4.8510812e-05
44601,14,mirror_adam,2,0.1839277595,,,,1944,4.8510812e-05
44601,14,mirror_adam,3,0.04055499658,,,,1944,4.8510812e-05
44601,14,mirror_adam,4,0.0261171367,,,,1944,4.8510812e-05
44601,15,mirror_adam,0,0.1893095374,,,,1944,4.8510812e-05
44601,15,mirror_adam,1,0.05594919994,,,,1944,4.8510812e-05
44601,15,mirror_adam,2,0.004671351518,,,,1944,4.8510812e-05
44601,15,mirror_adam,3,0.03552885354,,,,1944,4.8510812e-05
44601,15,mirror_adam,4,0.0817007497,,,,1944,4.8510812e-05
44601,16,mirror_adam,0,0.1456139833,,,,1944,4.8510812e-05
44601,16,mirror_adam,1,0.1123572811,,,,1944,4.8510812e-05
44601,16,mirror_adam,2,0.0212211702,,,,1944,4.8510812e-05
44601,16,mirror_adam,3,0.01482957602,,,,1944,4.8510812e-05
44601,16,mirror_adam,4,0.06765965372,,,,1944,4.8510812e-05
44601,17,mirror_adam,0,0.04606512189,,,,1944,4.8510812e-05
44601,17,mirror_adam,1,0.03605980426,,,,1944,4.8510812e-05
44601,17,mirror_adam,2,0.03734285012,,,,1944,4.8510812e-05
44601,17,mirror_adam,3,0.0426197052,,,,1944,4.8510812e-05
44601,17,mirror_adam,4,0.03817976266,,,,1944,4.8510812e-05
44601,18,mirror_adam,0,0.4441405833,,,,1944,4.8510812e-05
44601,18,mirror_adam,1,0.3878753185,,,,1944,4.8510812e-05
44601,18,mirror_adam,2,0.1476126462,,,,1944,4.8510812e-05
44601,18,mirror_adam,3,0.02899216115,,,,1944,4.8510812e-05
44601,18,mirror_adam,4,0.007887053303,,,,1944,4.8510812e-05
44601,19,mirror_adam,0,0.4070963562,,,,1944,4.8510812e-05
44601,19,mirror_adam,1,0.2529676259,,,,1944,4.8510812e-05
44601,19,mirror_adam,2,0.1395379752,,,,1944,4.8510812e-05
44601,19,mirror_adam,3,0.05038227513,,,,1944,4.8510812e-05
44601,19,mirror_adam,4,0.006339380983,,,,1944,4.8510812e-05
44601,20,mirror_adam,0,0.4652223289,,,,1944,4.8510812e-05
44601,20,mirror_adam,1,0.1891110539,,,,1944,4.8510812e-05
44601,20,mirror_adam,2,0.1038754284,,,,1944,4.8510812e-05
44601,20,mirror_adam,3,0.05191242695,,,,1944,4.8510812e-05
44601,20,mirror_adam,4,0.05125928298,,,,1944,4.8510812e-05
44601,21,mirror_adam,0,0.09396684915,,,,1944,4.8510812e-05
44601,21,mirror_adam,1,0.06565289199,,,,1944,4.8510812e-05
44601,21,mirror_adam,2,0.01937357523,,,,1944,4.8510812e-05
44601,21,mirror_adam,3,0.0206997674,,,,1944,4.8510812e-05
44601,21,mirror_adam,4,0.0435940586,,,,1944,4.8510812e-05
44601,22,mirror_adam,0,0.01918084174,,,,1944,4.8510812e-05
44601,22,mirror_adam,1,0.04247462749,,,,1944,4.8510812e-05
44601,22,mirror_adam,2,0.03288631514,,,,1944,4.8510812e-05
44601,22,mirror_adam,3,0.02397063375,,,,1944,4.8510812e-05
44601,22,mirror_adam,4,0.02511256933,,,,1944,4.8510812e-05
44601,23,mirror_adam,0,1.469784737,,,,1944,4.8510812e-05
44601,23,mirror_adam,1,1.03562057,,,,1944,4.8510812e-05
44601,23,mirror_adam,2,0.6389871836,,,,1944,4.8510812e-05
44601,23,mirror_adam,3,0.3694308102,,,,1944,4.8510812e-05
44601,23,mirror_adam,4,0.2115640193,,,,1944,4.8510812e-05
44601,24,mirror_adam,0,0.08391705155,,,,1944,4.8510812e-05
44601,24,mirror_adam,1,0.03305948898,,,,1944,4.8510812e-05
44601,24,mirror_adam,2,0.02690729313,,,,1944,4.8510812e-05
44601,24,mirror_adam,3,0.0433078371,,,,1944,4.8510812e-05
44601,24,mirror_adam,4,0.06227920949,,,,1944,4.8510812e-05
44601,25,mirror_adam,0,0.06452988833,,,,1944,4.8510812e-05
44601,25,mirror_adam,1,0.01238272246,,,,1944,4.8510812e-05
44601,25,mirror_adam,2,0.03733962402,,,,1944,4.8510812e-05
44601,25,mirror_adam,3,0.03031753004,,,,1944,4.8510812e-05
44601,25,mirror_adam,4,0.01856288873,,,,1944,4.8510812e-05
44601,26,mirror_adam,0,0.07091769576,,,,1944,4.8510812e-05
44601,26,mirror_adam,1,0.04425019398,,,,1944,4.8510812e-05
44601,26,mirror_adam,2,0.01633404009,,,,1944,4.8510812e-05
44601,26,mirror_adam,3,0.03407164291,,,,1944,4.8510812e-05
44601,26,mirror_adam,4,0.04303436354,,,,1944,4.8510812e-05
44601,27,mirror_adam,0,0.2137361318,,,,1944,4.8510812e-05
44601,27,mirror_adam,1,0.0705903396,,,,1944,4.8510812e-05
44601,27,mirror_adam,2,0.03326808289,,,,1944,4.8510812e-05
44601,27,mirror_adam,3,0.03984870389,,,,1944,4.8510812e-05
44601,27,mirror_adam,4,0.05694010854,,,,1944,4.8510812e-05
44601,28,mirror_adam,0,0.1013795361,,,,1944,4.8510812e-05
44601,28,mirror_adam,1,0.0906142965,,,,1944,4.8510812e-05
44601,28,mirror_adam,2,0.02292475291,,,,1944,4.8510812e-05
44601,28,mirror_adam,3,0.02510897256,,,,1944,4.8510812e-05
44601,28,mirror_adam,4,0.08349508792,,,,1944,4.8510812e-05
44601,29,mirror_adam,0,0.1943679005,,,,1944,4.8510812e-05
44601,29,mirror_adam,1,0.1010428444,,,,1944,4.8510812e-05
44601,29,mirror_adam,2,0.04087406397,,,,1944,4.8510812e-05
44601,29,mirror_adam,3,0.02660501003,,,,1944,4.8510812e-05
44601,29,mirror_adam,4,0.04257794097,,,,1944,4.8510812e-05
44601,30,mirror_adam,0,0.2357388139,,,,1944,4.8510812e-05
44601,30,mirror_adam,1,0.1186443195,,,,1944,4.8510812e-05
44601,30,mirror_adam,2,0.0285151545,,,,1944,4.8510812e-05
44601,30,mirror_adam,3,0.04126654565,,,,1944,4.8510812e-05
44601,30,mirror_adam,4,0.06954047829,,,,1944,4.8510812e-05
44601,31,mirror_adam,0,0.7004433274,,,,1944,4.8510812e-05
44601,31,mirror_adam,1,0.3688869774,,,,1944,4.8510812e-05
44601,31,mirror_adam,2,0.2031553984,,,,1944,4.8510812e-05
44601,31,mirror_adam,3,0.1022081301,,,,1944,4.8510812e-05
44601,31,mirror_adam,4,0.04394577071,,,,1944,4.8510812e-05
44601,0,meta_sgd_mirror,0,1.282801032,2388,2956,1628,1836,4.6491531e-05
44601,0,meta_sgd_mirror,1,1.273890018,2388,2956,1628,1836,4.6491531e-05
44601,0,meta_sgd_mirror,2,1.266478181,2388,2956,1628,1836,4.6491531e-05
44601,0,meta_sgd_mirror,3,1.252880812,2388,2956,1628,1836,4.6491531e-05
44601,0,meta_sgd_mirror,4,1.240259051,2388,2956,1628,1836,4.6491531e-05
44601,1,meta_sgd_mirror,0,0.3031857312,2388,2956,1628,1836,4.6491531e-05
44601,1,meta_sgd_mirror,1,0.3007155657,2388,2956,1628,1836,4.6491531e-05
44601,1,meta_sgd_mirror,2,0.296333015,2388,2956,1628,1836,4.6491531e-05
44601,1,meta_sgd_mirror,3,0.2939443588,2388,2956,1628,1836,4.6491531e-05
44601,1,meta_sgd_mirror,4,0.2912096977,2388,2956,1628,1836,4.6491531e-05
44601,2,meta_sgd_mirror,0,0.1586494297,2388,2956,1628,1836,4.6491531e-05
44601,2,meta_sgd_mirror,1,0.1568812132,2388,2956,1628,1836,4.6491531e-05
44601,2,meta_sgd_mirror,2,0.1555312127,2388,2956,1628,1836,4.6491531e-05
44601,2,meta_sgd_mirror,3,0.1542772055,2388,2956,1628,1836,4.6491531e-05
44601,2,meta_sgd_mirror,4,0.1528548151,2388,2956,1628,1836,4.6491531e-05
44601,3,meta_sgd_mirror,0,1.04138577,2388,2956,1628,1836,4.6491531e-05
44601,3,meta_sgd_mirror,1,1.033927917,2388,2956,1628,1836,4.6491531e-05
44601,3,meta_sgd_mirror,2,1.02521801,2388,2956,1628,1836,4.6491531e-05
44601,3,meta_sgd_mirror,3,1.012190223,2388,2956,1628,1836,4.6491531e-05
44601,3,meta_sgd_mirror,4,0.9972222447,2388,2956,1628,1836,4.6491531e-05
44601,4,meta_sgd_mirror,0,1.023126006,2388,2956,1628,1836,4.6491531e-05
44601,4,meta_sgd_mirror,1,1.015330672,2388,2956,1628,1836,4.6491531e-05
44601,4,meta_sgd_mirror,2,1.005078912,2388,2956,1628,1836,4.6491531e-05
44601,4,meta_sgd_mirror,3,0.9954238534,2388,2956,1628,1836,4.6491531e-05
44601,4,meta_sgd_mirror,4,0.9894480109,2388,2956,1628,1836,4.6491531e-05
44601,5,meta_sgd_mirror,0,0.3620942831,2388,2956,1628,1836,4.6491531e-05
44601,5,meta_sgd_mirror,1,0.3566470444,2388,2956,1628,1836,4.6491531e-05
44601,5,meta_sgd_mirror,2,0.353092432,2388,2956,1628,1836,4.6491531e-05
44601,5,meta_sgd_mirror,3,0.3502938449,2388,2956,1628,1836,4.6491531e-05
44601,5,meta_sgd_mirror,4,0.3472584188,2388,2956,1628,1836,4.6491531e-05
44601,6,meta_sgd_mirror,0,0.1472613066,2388,2956,1628,1836,4.6491531e-05
44601,6,meta_sgd_mirror,1,0.1456124038,2388,2956,1628,1836,4.6491531e-05
44601,6,meta_sgd_mirror,2,0.1443341225,2388,2956,1628,1836,4.6491531e-05
44601,6,meta_sgd_mirror,3,0.1422229707,2388,2956,1628,1836,4.6491531e-05
44601,6,meta_sgd_mirror,4,0.1404692233,2388,2956,1628,1836,4.6491531e-05
44601,7,meta_sgd_mirror,0,0.1704259962,2388,2956,1628,1836,4.6491531e-05
44601,7,meta_sgd_mirror,1,0.1683384925,2388,2956,1628,1836,4.6491531e-05
44601,7,meta_sgd_mirror,2,0.1668495983,2388,2956,1628,1836,4.6491531e-05
44601,7,meta_sgd_mirror,3,0.1654565185,2388,2956,1628,1836,4.6491531e-05
44601,7,meta_sgd_mirror,4,0.1630333215,2388,2956,1628,1836,4.6491531e-05
44601,8,meta_sgd_mirror,0,0.487731725,,,,1836,4.6491531e-05
44601,8,meta_sgd_mirror,1,0.4802599251,,,,1836,4.6491531e-05
44601,8,meta_sgd_mirror,2,0.4752394259,,,,1836,4.6491531e-05
44601,8,meta_sgd_mirror,3,0.4703126848,,,,1836,4.6491531e-05
44601,8,meta_sgd_mirror,4,0.4670081437,,,,1836,4.6491531e-05
44601,9,meta_sgd_mirror,0,0.1924670786,,,,1836,4.6491531e-05
44601,9,meta_sgd_mirror,1,0.1902392954,,,,1836,4.6491531e-05
44601,9,meta_sgd_mirror,2,0.1885441393,,,,1836,4.6491531e-05
44601,9,meta_sgd_mirror,3,0.1865207702,,,,1836,4.6491531e-05
44601,9,meta_sgd_mirror,4,0.1841947883,,,,1836,4.6491531e-05
44601,10,meta_sgd_mirror,0,0.01458654646,,,,1836,4.6491531e-05
44601,10,meta_sgd_mirror,1,0.01447471697,,,,1836,4.6491531e-05
44601,10,meta_sgd_mirror,2,0.01437111571,,,,1836,4.6491531e-05
44601,10,meta_sgd_mirror,3,0.01421100646,,,,1836,4.6491531e-05
44601,10,meta_sgd_mirror,4,0.01411868632,,,,1836,4.6491531e-05
44601,11,meta_sgd_mirror,0,0.2658355236,,,,1836,4.6491531e-05
44601,11,meta_sgd_mirror,1,0.2638379633,,,,1836,4.6491531e-05
44601,11,meta_sgd_mirror,2,0.2609605491,,,,1836,4.6491531e-05
44601,11,meta_sgd_mirror,3,0.2570512295,,,,1836,4.6491531e-05
44601,11,meta_sgd_mirror,4,0.2546758056,,,,1836,4.6491531e-05
44601,12,meta_sgd_mirror,0,0.1878072023,,,,1836,4.6491531e-05
44601,12,meta_sgd_mirror,1,0.1865957528,,,,1836,4.6491531e-05
44601,12,meta_sgd_mirror,2,0.1850648671,,,,1836,4.6491531e-05
44601,12,meta_sgd_mirror,3,0.1831609756,,,,1836,4.6491531e-05
44601,12,meta_sgd_mirror,4,0.1803246289,,,,1836,4.6491531e-05
44601,13,meta_sgd_mirror,0,0.07742933184,,,,1836,4.6491531e-05
44601,13,meta_sgd_mirror,1,0.07662924379,,,,1836,4.6491531e-05
44601,13,meta_sgd_mirror,2,0.07560627162,,,,1836,4.6491531e-05
44601,13,meta_sgd_mirror,3,0.07480905205,,,,1836,4.6491531e-05
44601,13,meta_sgd_mirror,4,0.0742232725,,,,1836,4.6491531e-05
44601,14,meta_sgd_mirror,0,0.7304487228,,,,1836,4.6491531e-05
44601,14,meta_sgd_mirror,1,0.7219185233,,,,1836,4.6491531e-05
44601,14,meta_sgd_mirror,2,0.7175734639,,,,1836,4.6491531e-05
44601,14,meta_sgd_mirror,3,0.7067372799,,,,1836,4.6491531e-05
44601,14,meta_sgd_mirror,4,0.6993332505,,,,1836,4.6491531e-05
44601,15,meta_sgd_mirror,0,0.1925598383,,,,1836,4.6491531e-05
44601,15,meta_sgd_mirror,1,0.1905642152,,,,1836,4.6491531e-05
44601,15,meta_sgd_mirror,2,0.1889474392,,,,1836,4.6491531e-05
44601,15,meta_sgd_mirror,3,0.1876183748,,,,1836,4.6491531e-05
44601,15,meta_sgd_mirror,4,0.1861861795,,,,1836,4.6491531e-05
44601,16,meta_sgd_mirror,0,0.1430625319,,,,1836,4.6491531e-05
44601,16,meta_sgd_mirror,1,0.141513586,,,,1836,4.6491531e-05
44601,16,meta_sgd_mirror,2,0.1404170841,,,,1836,4.6491531e-05
44601,16,meta_sgd_mirror,3,0.1389372796,,,,1836,4.6491531e-05
44601,16,meta_sgd_mirror,4,0.1378863752,,,,1836,4.6491531e-05
44601,17,meta_sgd_mirror,0,0.04424623773,,,,1836,4.6491531e-05
44601,17,meta_sgd_mirror,1,0.04360972345,,,,1836,4.6491531e-05
44601,17,meta_sgd_mirror,2,0.04318763688,,,,1836,4.6491531e-05
44601,17,meta_sgd_mirror,3,0.04270142689,,,,1836,4.6491531e-05
44601,17,meta_sgd_mirror,4,0.04229831323,,,,1836,4.6491531e-05
44601,18,meta_sgd_mirror,0,0.449801594,,,,1836,4.6491531e-05
44601,18,meta_sgd_mirror,1,0.4473088682,,,,1836,4.6491531e-05
44601,18,meta_sgd_mirror,2,0.4421876967,,,,1836,4.6491531e-05
44601,18,meta_sgd_mirror,3,0.4370903671,,,,1836,4.6491531e-05
44601,18,meta_sgd_mirror,4,0.4329979122,,,,1836,4.6491531e-05
44601,19,meta_sgd_mirror,0,0.4118454158,,,,1836,4.6491531e-05
44601,19,meta_sgd_mirror,1,0.4091588259,,,,1836,4.6491531e-05
44601,19,meta_sgd_mirror,2,0.402505964,,,,1836,4.6491531e-05
44601,19,meta_sgd_mirror,3,0.3993928432,,,,1836,4.6491531e-05
44601,19,meta_sgd_mirror,4,0.3955658972,,,,1836,4.6491531e-05
44601,20,meta_sgd_mirror,0,0.4638462365,,,,1836,4.6491531e-05
44601,20,meta_sgd_mirror,1,0.4555742443,,,,1836,4.6491531e-05
44601,20,meta_sgd_mirror,2,0.4486307204,,,,1836,4.6491531e-05
44601,20,meta_sgd_mirror,3,0.444671005,,,,1836,4.6491531e-05
44601,20,meta_sgd_mirror,4,0.4359531701,,,,1836,4.6491531e-05
44601,21,meta_sgd_mirror,0,0.09578122944,,,,1836,4.6491531e-05
44601,21,meta_sgd_mirror,1,0.09469344467,,,,1836,4.6491531e-05
44601,21,meta_sgd_mirror,2,0.09385745972,,,,1836,4.6491531e-05
44601,21,meta_sgd_mirror,3,0.09304124862,,,,1836,4.6491531e-05
44601,21,meta_sgd_mirror,4,0.09144073725,,,,1836,4.6491531e-05
44601,22,meta_sgd_mirror,0,0.02034466527,,,,1836,4.6491531e-05
44601,22,meta_sgd_mirror,1,0.02014185674,,,,1836,4.6491531e-05
44601,22,meta_sgd_mirror,2,0.02004957013,,,,1836,4.6491531e-05
44601,22,meta_sgd_mirror,3,0.01985751651,,,,1836,4.6491531e-05
44601,22,meta_sgd_mirror,4,0.01969235018,,,,1836,4.6491531e-05
44601,23,meta_sgd_mirror,0,1.459698677,,,,1836,4.6491531e-05
44601,23,meta_sgd_mirror,1,1.445986271,,,,1836,4.6491531e-05
44601,23,meta_sgd_mirror,2,1.426090121,,,,1836,4.6491531e-05
44601,23,meta_sgd_mirror,3,1.413858294,,,,1836,4.6491531e-05
44601,23,meta_sgd_mirror,4,1.407113075,,,,1836,4.6491531e-05
44601,24,meta_sgd_mirror,0,0.08176086098,,,,1836,4.6491531e-05
44601,24,meta_sgd_mirror,1,0.08057063818,,,,1836,4.6491531e-05
44601,24,meta_sgd_mirror,2,0.0797746405,,,,1836,4.6491531e-05
44601,24,meta_sgd_mirror,3,0.07886288315,,,,1836,4.6491531e-05
44601,24,meta_sgd_mirror,4,0.07811716944,,,,1836,4.6491531e-05
44601,25,meta_sgd_mirror,0,0.06546127051,,,,1836,4.6491531e-05
44601,25,meta_sgd_mirror,1,0.06480594724,,,,1836,4.6491531e-05
44601,25,meta_sgd_mirror,2,0.06409842521,,,,1836,4.6491531e-05
44601,25,meta_sgd_mirror,3,0.0632449016,,,,1836,4.6491531e-05
44601,25,meta_sgd_mirror,4,0.06246820465,,,,1836,4.6491531e-05
44601,26,meta_sgd_mirror,0,0.07164835185,,,,1836,4.6491531e-05
44601,26,meta_sgd_mirror,1,0.07107576728,,,,1836,4.6491531e-05
44601,26,meta_sgd_mirror,2,0.07046050578,,,,1836,4.6491531e-05
44601,26,meta_sgd_mirror,3,0.06969439983,,,,1836,4.6491531e-05
44601,26,meta_sgd_mirror,4,0.06906156987,,,,1836,4.6491531e-05
44601,27,meta_sgd_mirror,0,0.2104317397,,,,1836,4.6491531e-05
44601,27,meta_sgd_mirror,1,0.2077900916,,,,1836,4.6491531e-05
44601,27,meta_sgd_mirror,2,0.2051839381,,,,1836,4.6491531e-05
44601,27,meta_sgd_mirror,3,0.203719154,,,,1836,4.6491531e-05
44601,27,meta_sgd_mirror,4,0.2023681402,,,,1836,4.6491531e-05
44601,28,meta_sgd_mirror,0,0.09994395822,,,,1836,4.6491531e-05
44601,28,meta_sgd_mirror,1,0.09903076291,,,,1836,4.6491531e-05
44601,28,meta_sgd_mirror,2,0.09826881438,,,,1836,4.6491531e-05
44601,28,meta_sgd_mirror,3,0.09729638696,,,,1836,4.6491531e-05
44601,28,meta_sgd_mirror,4,0.09662779421,,,,1836,4.6491531e-05
44601,29,meta_sgd_mirror,0,0.1966210455,,,,1836,4.6491531e-05
44601,29,meta_sgd_mirror,1,0.1947563142,,,,1836,4.6491531e-05
44601,29,meta_sgd_mirror,2,0.1922726035,,,,1836,4.6491531e-05
44601,29,meta_sgd_mirror,3,0.190401718,,,,1836,4.6491531e-05
44601,29,meta_sgd_mirror,4,0.1883547157,,,,1836,4.6491531e-05
44601,30,meta_sgd_mirror,0,0.2334211916,,,,1836,4.6491531e-05
44601,30,meta_sgd_mirror,1,0.2318492383,,,,1836,4.6491531e-05
44601,30,meta_sgd_mirror,2,0.2292844504,,,,1836,4.6491531e-05
44601,30,meta_sgd_mirror,3,0.2275629491,,,,1836,4.6491531e-05
44601,30,meta_sgd_mirror,4,0.2248591185,,,,1836,4.6491531e-05
44601,31,meta_sgd_mirror,0,0.7081301212,,,,1836,4.6491531e-05
44601,31,meta_sgd_mirror,1,0.6984969974,,,,1836,4.6491531e-05
44601,31,meta_sgd_mirror,2,0.6895173192,,,,1836,4.6491531e-05
44601,31,meta_sgd_mirror,3,0.6833079457,,,,1836,4.6491531e-05
44601,31,meta_sgd_mirror,4,0.6767112613,,,,1836,4.6491531e-05
44601,0,lstm_mirror,0,1.28917861,2388,11957,8148,5760,6.4847562e-05
44601,0,lstm_mirror,1,1.299616694,2388,11957,8148,5760,6.4847562e-05
44601,0,lstm_mirror,2,1.287341595,2388,11957,8148,5760,6.4847562e-05
44601,0,lstm_mirror,3,1.214712143,2388,11957,8148,5760,6.4847562e-05
44601,0,lstm_mirror,4,1.039817452,2388,11957,8148,5760,6.4847562e-05
44601,1,lstm_mirror,0,0.303879261,2388,11957,8148,5760,6.4847562e-05
44601,1,lstm_mirror,1,0.2855348885,2388,11957,8148,5760,6.4847562e-05
44601,1,lstm_mirror,2,0.2636722922,2388,11957,8148,5760,6.4847562e-05
44601,1,lstm_mirror,3,0.2488267422,2388,11957,8148,5760,6.4847562e-05
44601,1,lstm_mirror,4,0.2529500425,2388,11957,8148,5760,6.4847562e-05
44601,2,lstm_mirror,0,0.1623382717,2388,11957,8148,5760,6.4847562e-05
44601,2,lstm_mirror,1,0.1597374529,2388,11957,8148,5760,6.4847562e-05
44601,2,lstm_mirror,2,0.1542107612,2388,11957,8148,5760,6.4847562e-05
44601,2,lstm_mirror,3,0.1433099061,2388,11957,8148,5760,6.4847562e-05
44601,2,lstm_mirror,4,0.1259867549,2388,11957,8148,5760,6.4847562e-05
44601,3,lstm_mirror,0,1.036949039,2388,11957,8148,5760,6.4847562e-05
44601,3,lstm_mirror,1,1.001680851,2388,11957,8148,5760,6.4847562e-05
44601,3,lstm_mirror,2,0.9544229507,2388,11957,8148,5760,6.4847562e-05
44601,3,lstm_mirror,3,0.896032989,2388,11957,8148,5760,6.4847562e-05
44601,3,lstm_mirror,4,0.8331905007,2388,11957,8148,5760,6.4847562e-05
44601,4,lstm_mirror,0,1.016730905,2388,11957,8148,5760,6.4847562e-05
44601,4,lstm_mirror,1,0.9871448874,2388,11957,8148,5760,6.4847562e-05
44601,4,lstm_mirror,2,0.9402940273,2388,11957,8148,5760,6.4847562e-05
44601,4,lstm_mirror,3,0.8781297207,2388,11957,8148,5760,6.4847562e-05
44601,4,lstm_mirror,4,0.8098188043,2388,11957,8148,5760,6.4847562e-05
44601,5,lstm_mirror,0,0.3658917248,2388,11957,8148,5760,6.4847562e-05
44601,5,lstm_mirror,1,0.3685944974,2388,11957,8148,5760,6.4847562e-05
44601,5,lstm_mirror,2,0.3600510359,2388,11957,8148,5760,6.4847562e-05
44601,5,lstm_mirror,3,0.3277811706,2388,11957,8148,5760,6.4847562e-05
44601,5,lstm_mirror,4,0.2564190626,2388,11957,8148,5760,6.4847562e-05
44601,6,lstm_mirror,0,0.1487347186,2388,11957,8148,5760,6.4847562e-05
44601,6,lstm_mirror,1,0.156011641,2388,11957,8148,5760,6.4847562e-05
44601,6,lstm_mirror,2,0.1570660025,2388,11957,8148,5760,6.4847562e-05
44601,6,lstm_mirror,3,0.1399072558,2388,11957,8148,5760,6.4847562e-05
44601,6,lstm_mirror,4,0.09356484562,2388,11957,8148,5760,6.4847562e-05
44601,7,lstm_mirror,0,0.1713360399,2388,11957,8148,5760,6.4847562e-05
44601,7,lstm_mirror,1,0.1752590686,2388,11957,8148,5760,6.4847562e-05
44601,7,lstm_mirror,2,0.1735477,2388,11957,8148,5760,6.4847562e-05
44601,7,lstm_mirror,3,0.1579749733,2388,11957,8148,5760,6.4847562e-05
44601,7,lstm_mirror,4,0.1185327843,2388,11957,8148,5760,6.4847562e-05
44601,8,lstm_mirror,0,0.4818538725,,,,5760,6.4847562e-05
44601,8,lstm_mirror,1,0.4693323374,,,,5760,6.4847562e-05
44601,8,lstm_mirror,2,0.4446560144,,,,5760,6.4847562e-05
44601,8,lstm_mirror,3,0.4015388787,,,,5760,6.4847562e-05
44601,8,lstm_mirror,4,0.3356068432,,,,5760,6.4847562e-05
44601,9,lstm_mirror,0,0.1961531639,,,,5760,6.4847562e-05
44601,9,lstm_mirror,1,0.1928626746,,,,5760,6.4847562e-05
44601,9,lstm_mirror,2,0.1857019663,,,,5760,6.4847562e-05
44601,9,lstm_mirror,3,0.1711841673,,,,5760,6.4847562e-05
44601,9,lstm_mirror,4,0.1468281448,,,,5760,6.4847562e-05
44601,10,lstm_mirror,0,0.01406441163,,,,5760,6.4847562e-05
44601,10,lstm_mirror,1,0.01263805479,,,,5760,6.4847562e-05
44601,10,lstm_mirror,2,0.01170097664,,,,5760,6.4847562e-05
44601,10,lstm_mirror,3,0.01157863345,,,,5760,6.4847562e-05
44601,10,lstm_mirror,4,0.01649114676,,,,5760,6.4847562e-05
44601,11,lstm_mirror,0,0.2692801952,,,,5760,6.4847562e-05
44601,11,lstm_mirror,1,0.2751853764,,,,5760,6.4847562e-05
44601,11,lstm_mirror,2,0.2729347646,,,,5760,6.4847562e-05
44601,11,lstm_mirror,3,0.2497372627,,,,5760,6.4847562e-05
44601,11,lstm_mirror,4,0.1942905933,,,,5760,6.4847562e-05
44601,12,lstm_mirror,0,0.1893664598,,,,5760,6.4847562e-05
44601,12,lstm_mirror,1,0.1973776817,,,,5760,6.4847562e-05
44601,12,lstm_mirror,2,0.1991371065,,,,5760,6.4847562e-05
44601,12,lstm_mirror,3,0.1828082055,,,,5760,6.4847562e-05
44601,12,lstm_mirror,4,0.1344573945,,,,5760,6.4847562e-05
44601,13,lstm_mirror,0,0.07488754392,,,,5760,6.4847562e-05
44601,13,lstm_mirror,1,0.07442774624,,,,5760,6.4847562e-05
44601,13,lstm_mirror,2,0.07179418951,,,,5760,6.4847562e-05
44601,13,lstm_mirror,3,0.0649074614,,,,5760,6.4847562e-05
44601,13,lstm_mirror,4,0.0539070107,,,,5760,6.4847562e-05
44601,14,lstm_mirror,0,0.7327296734,,,,5760,6.4847562e-05
44601,14,lstm_mirror,1,0.7394846082,,,,5760,6.4847562e-05
44601,14,lstm_mirror,2,0.7292504311,,,,5760,6.4847562e-05
44601,14,lstm_mirror,3,0.670696497,,,,5760,6.4847562e-05
44601,14,lstm_mirror,4,0.5371420979,,,,5760,6.4847562e-05
44601,15,lstm_mirror,0,0.1893095374,,,,5760,6.4847562e-05
44601,15,lstm_mirror,1,0.186669454,,,,5760,6.4847562e-05
44601,15,lstm_mirror,2,0.1804403514,,,,5760,6.4847562e-05
44601,15,lstm_mirror,3,0.1682507992,,,,5760,6.4847562e-05
44601,15,lstm_mirror,4,0.1485934258,,,,5760,6.4847562e-05
44601,16,lstm_mirror,0,0.1456139833,,,,5760,6.4847562e-05
44601,16,lstm_mirror,1,0.1377639472,,,,5760,6.4847562e-05
44601,16,lstm_mirror,2,0.1290711015,,,,5760,6.4847562e-05
44601,16,lstm_mirror,3,0.1212320253,,,,5760,6.4847562e-05
44601,16,lstm_mirror,4,0.1203843355,,,,5760,6.4847562e-05
44601,17,lstm_mirror,0,0.04606512189,,,,5760,6.4847562e-05
44601,17,lstm_mirror,1,0.04673402011,,,,5760,6.4847562e-05
44601,17,lstm_mirror,2,0.04593918845,,,,5760,6.4847562e-05
44601,17,lstm_mirror,3,0.04106407613,,,,5760,6.4847562e-05
44601,17,lstm_mirror,4,0.03129244223,,,,5760,6.4847562e-05
44601,18,lstm_mirror,0,0.4441405833,,,,5760,6.4847562e-05
44601,18,lstm_mirror,1,0.4340312481,,,,5760,6.4847562e-05
44601,18,lstm_mirror,2,0.415858835,,,,5760,6.4847562e-05
44601,18,lstm_mirror,3,0.3882540166,,,,5760,6.4847562e-05
44601,18,lstm_mirror,4,0.3527077138,,,,5760,6.4847562e-05
44601,19,lstm_mirror,0,0.4070963562,,,,5760,6.4847562e-05
44601,19,lstm_mirror,1,0.3940951824,,,,5760,6.4847562e-05
44601,19,lstm_mirror,2,0.3712082803,,,,5760,6.4847562e-05
44601,19,lstm_mirror,3,0.3442418575,,,,5760,6.4847562e-05
44601,19,lstm_mirror,4,0.3168700039,,,,5760,6.4847562e-05
44601,20,lstm_mirror,0,0.4652223289,,,,5760,6.4847562e-05
44601,20,lstm_mirror,1,0.472451359,,,,5760,6.4847562e-05
44601,20,lstm_mirror,2,0.4592881501,,,,5760,6.4847562e-05
44601,20,lstm_mirror,3,0.4060989618,,,,5760,6.4847562e-05
44601,20,lstm_mirror,4,0.2845168114,,,,5760,6.4847562e-05
44601,21,lstm_mirror,0,0.09396684915,,,,5760,6.4847562e-05
44601,21,lstm_mirror,1,0.08747402579,,,,5760,6.4847562e-05
44601,21,lstm_mirror,2,0.08085722476,,,,5760,6.4847562e-05
44601,21,lstm_mirror,3,0.07660672814,,,,5760,6.4847562e-05
44601,21,lstm_mirror,4,0.07901886851,,,,5760,6.4847562e-05
44601,22,lstm_mirror,0,0.01918084174,,,,5760,6.4847562e-05
44601,22,lstm_mirror,1,0.01798283868,,,,5760,6.4847562e-05
44601,22,lstm_mirror,2,0.01707529835,,,,5760,6.4847562e-05
44601,22,lstm_mirror,3,0.01632622443,,,,5760,6.4847562e-05
44601,22,lstm_mirror,4,0.0191445034,,,,5760,6.4847562e-05
44601,23,lstm_mirror,0,1.469784737,,,,5760,6.4847562e-05
44601,23,lstm_mirror,1,1.466152191,,,,5760,6.4847562e-05
44601,23,lstm_mirror,2,1.422746301,,,,5760,6.4847562e-05
44601,23,lstm_mirror,3,1.318209291,,,,5760,6.4847562e-05
44601,23,lstm_mirror,4,1.123964667,,,,5760,6.4847562e-05
44601,24,lstm_mirror,0,0.08391705155,,,,5760,6.4847562e-05
44601,24,lstm_mirror,1,0.08435919136,,,,5760,6.4847562e-05
44601,24,lstm_mirror,2,0.08223176003,,,,5760,6.4847562e-05
44601,24,lstm_mirror,3,0.07381767035,,,,5760,6.4847562e-05
44601,24,lstm_mirror,4,0.05717374384,,,,5760,6.4847562e-05
44601,25,lstm_mirror,0,0.06452988833,,,,5760,6.4847562e-05
44601,25,lstm_mirror,1,0.06361994892,,,,5760,6.4847562e-05
44601,25,lstm_mirror,2,0.06147614494,,,,5760,6.4847562e-05
44601,25,lstm_mirror,3,0.05648853257,,,,5760,6.4847562e-05
44601,25,lstm_mirror,4,0.04936605692,,,,5760,6.4847562e-05
44601,26,lstm_mirror,0,0.07091769576,,,,5760,6.4847562e-05
44601,26,lstm_mirror,1,0.07532619685,,,,5760,6.4847562e-05
44601,26,lstm_mirror,2,0.07673362643,,,,5760,6.4847562e-05
44601,26,lstm_mirror,3,0.06887405366,,,,5760,6.4847562e-05
44601,26,lstm_mirror,4,0.04682423547,,,,5760,6.4847562e-05
44601,27,lstm_mirror,0,0.2137361318,,,,5760,6.4847562e-05
44601,27,lstm_mirror,1,0.2146624923,,,,5760,6.4847562e-05
44601,27,lstm_mirror,2,0.2087544203,,,,5760,6.4847562e-05
44601,27,lstm_mirror,3,0.190106675,,,,5760,6.4847562e-05
44601,27,lstm_mirror,4,0.152222231,,,,5760,6.4847562e-05
44601,28,lstm_mirror,0,0.1013795361,,,,5760,6.4847562e-05
44601,28,lstm_mirror,1,0.1072053909,,,,5760,6.4847562e-05
44601,28,lstm_mirror,2,0.1088828072,,,,5760,6.4847562e-05
44601,28,lstm_mirror,3,0.09799900651,,,,5760,6.4847562e-05
44601,28,lstm_mirror,4,0.06725450605,,,,5760,6.4847562e-05
44601,29,lstm_mirror,0,0.1943679005,,,,5760,6.4847562e-05
44601,29,lstm_mirror,1,0.1835911423,,,,5760,6.4847562e-05
44601,29,lstm_mirror,2,0.1704273671,,,,5760,6.4847562e-05
44601,29,lstm_mirror,3,0.1593140215,,,,5760,6.4847562e-05
44601,29,lstm_mirror,4,0.1563399881,,,,5760,6.4847562e-05
44601,30,lstm_mirror,0,0.2357388139,,,,5760,6.4847562e-05
44601,30,lstm_mirror,1,0.2430295944,,,,5760,6.4847562e-05
44601,30,lstm_mirror,2,0.2425119132,,,,5760,6.4847562e-05
44601,30,lstm_mirror,3,0.2236263901,,,,5760,6.4847562e-05
44601,30,lstm_mirror,4,0.1724171191,,,,5760,6.4847562e-05
44601,31,lstm_mirror,0,0.7004433274,,,,5760,6.4847562e-05
44601,31,lstm_mirror,1,0.6788974404,,,,5760,6.4847562e-05
44601,31,lstm_mirror,2,0.6376020908,,,,5760,6.4847562e-05
44601,31,lstm_mirror,3,0.5738014579,,,,5760,6.4847562e-05
44601,31,lstm_mirror,4,0.4811782539,,,,5760,6.4847562e-05
44601,0,full_adam,0,1.28917861,2908,6484,6228,2016,3.8936406e-05
44601,0,full_adam,1,1.009170294,2908,6484,6228,2016,3.8936406e-05
44601,0,full_adam,2,0.7710571885,2908,6484,6228,2016,3.8936406e-05
44601,0,full_adam,3,0.5815597177,2908,6484,6228,2016,3.8936406e-05
44601,0,full_adam,4,0.4342782199,2908,6484,6228,2016,3.8936406e-05
44601,1,full_adam,0,0.303879261,2908,6484,6228,2016,3.8936406e-05
44601,1,full_adam,1,0.1594253331,2908,6484,6228,2016,3.8936406e-05
44601,1,full_adam,2,0.08460841328,2908,6484,6228,2016,3.8936406e-05
44601,1,full_adam,3,0.04430035129,2908,6484,6228,2016,3.8936406e-05
44601,1,full_adam,4,0.02114596404,2908,6484,6228,2016,3.8936406e-05
44601,2,full_adam,0,0.1623382717,2908,6484,6228,2016,3.8936406e-05
44601,2,full_adam,1,0.08660015464,2908,6484,6228,2016,3.8936406e-05
44601,2,full_adam,2,0.0567217581,2908,6484,6228,2016,3.8936406e-05
44601,2,full_adam,3,0.03010796569,2908,6484,6228,2016,3.8936406e-05
44601,2,full_adam,4,0.01535025612,2908,6484,6228,2016,3.8936406e-05
44601,3,full_adam,0,1.036949039,2908,6484,6228,2016,3.8936406e-05
44601,3,full_adam,1,0.7502269149,2908,6484,6228,2016,3.8936406e-05
44601,3,full_adam,2,0.5386000276,2908,6484,6228,2016,3.8936406e-05
44601,3,full_adam,3,0.3849081993,2908,6484,6228,2016,3.8936406e-05
44601,3,full_adam,4,0.2755898237,2908,6484,6228,2016,3.8936406e-05
44601,4,full_adam,0,1.016730905,2908,6484,6228,2016,3.8936406e-05
44601,4,full_adam,1,0.8052422404,2908,6484,6228,2016,3.8936406e-05
44601,4,full_adam,2,0.5954467654,2908,6484,6228,2016,3.8936406e-05
44601,4,full_adam,3,0.4082981646,2908,6484,6228,2016,3.8936406e-05
44601,4,full_adam,4,0.2698556483,2908,6484,6228,2016,3.8936406e-05
44601,5,full_adam,0,0.3658917248,2908,6484,6228,2016,3.8936406e-05
44601,5,full_adam,1,0.2329693586,2908,6484,6228,2016,3.8936406e-05
44601,5,full_adam,2,0.1530728787,2908,6484,6228,2016,3.8936406e-05
44601,5,full_adam,3,0.09728974104,2908,6484,6228,2016,3.8936406e-05
44601,5,full_adam,4,0.06477026641,2908,6484,6228,2016,3.8936406e-05
44601,6,full_adam,0,0.1487347186,2908,6484,6228,2016,3.8936406e-05
44601,6,full_adam,1,0.06641774625,2908,6484,6228,2016,3.8936406e-05
44601,6,full_adam,2,0.03980288655,2908,6484,6228,2016,3.8936406e-05
44601,6,full_adam,3,0.02962442674,2908,6484,6228,2016,3.8936406e-05
44601,6,full_adam,4,0.03340156004,2908,6484,6228,2016,3.8936406e-05
44601,7,full_adam,0,0.1713360399,2908,6484,6228,2016,3.8936406e-05
44601,7,full_adam,1,0.09375406057,2908,6484,6228,2016,3.8936406e-05
44601,7,full_adam,2,0.04037473723,2908,6484,6228,2016,3.8936406e-05
44601,7,full_adam,3,0.02280117571,2908,6484,6228,2016,3.8936406e-05
44601,7,full_adam,4,0.02533490956,2908,6484,6228,2016,3.8936406e-05
44601,8,full_adam,0,0.4818538725,,,,2016,3.8936406e-05
44601,8,full_adam,1,0.3193457425,,,,2016,3.8936406e-05
44601,8,full_adam,2,0.2041216642,,,,2016,3.8936406e-05
44601,8,full_adam,3,0.1361652166,,,,2016,3.8936406e-05
44601,8,full_adam,4,0.1014804617,,,,2016,3.8936406e-05
44601,9,full_adam,0,0.1961531639,,,,2016,3.8936406e-05
44601,9,full_adam,1,0.1017438844,,,,2016,3.8936406e-05
44601,9,full_adam,2,0.076164864,,,,2016,3.8936406e-05
44601,9,full_adam,3,0.0746864453,,,,2016,3.8936406e-05
44601,9,full_adam,4,0.06498783827,,,,2016,3.8936406e-05
44601,10,full_adam,0,0.01406441163,,,,2016,3.8936406e-05
44601,10,full_adam,1,0.02218463086,,,,2016,3.8936406e-05
44601,10,full_adam,2,0.01455012057,,,,2016,3.8936406e-05
44601,10,full_adam,3,0.009441490285,,,,2016,3.8936406e-05
44601,10,full_adam,4,0.01425908972,,,,2016,3.8936406e-05
44601,11,full_adam,0,0.2692801952,,,,2016,3.8936406e-05
44601,11,full_adam,1,0.1568933576,,,,2016,3.8936406e-05
44601,11,full_adam,2,0.06896894425,,,,2016,3.8936406e-05
44601,11,full_adam,3,0.03138862178,,,,2016,3.8936406e-05
44601,11,full_adam,4,0.02317121625,,,,2016,3.8936406e-05
44601,12,full_adam,0,0.1893664598,,,,2016,3.8936406e-05
44601,12,full_adam,1,0.08214154094,,,,2016,3.8936406e-05
44601,12,full_adam,2,0.04253054038,,,,2016,3.8936406e-05
44601,12,full_adam,3,0.02332916856,,,,2016,3.8936406e-05
44601,12,full_adam,4,0.01991663687,,,,2016,3.8936406e-05
44601,13,full_adam,0,0.07488754392,,,,2016,3.8936406e-05
44601,13,full_adam,1,0.02767057158,,,,2016,3.8936406e-05
44601,13,full_adam,2,0.02686031349,,,,2016,3.8936406e-05
44601,13,full_adam,3,0.03114251792,,,,2016,3.8936406e-05
44601,13,full_adam,4,0.03100390173,,,,2016,3.8936406e-05
44601,14,full_adam,0,0.7327296734,,,,2016,3.8936406e-05
44601,14,full_adam,1,0.4948768616,,,,2016,3.8936406e-05
44601,14,full_adam,2,0.3403136432,,,,2016,3.8936406e-05
44601,14,full_adam,3,0.2143743783,,,,2016,3.8936406e-05
44601,14,full_adam,4,0.1312987357,,,,2016,3.8936406e-05
44601,15,full_adam,0,0.1893095374,,,,2016,3.8936406e-05
44601,15,full_adam,1,0.113456957,,,,2016,3.8936406e-05
44601,15,full_adam,2,0.07601574063,,,,2016,3.8936406e-05
44601,15,full_adam,3,0.05050334707,,,,2016,3.8936406e-05
44601,15,full_adam,4,0.03909586743,,,,2016,3.8936406e-05
44601,16,full_adam,0,0.1456139833,,,,2016,3.8936406e-05
44601,16,full_adam,1,0.07871155441,,,,2016,3.8936406e-05
44601,16,full_adam,2,0.05027212575,,,,2016,3.8936406e-05
44601,16,full_adam,3,0.02393133938,,,,2016,3.8936406e-05
44601,16,full_adam,4,0.01627446897,,,,2016,3.8936406e-05
44601,17,full_adam,0,0.04606512189,,,,2016,3.8936406e-05
44601,17,full_adam,1,0.02486210875,,,,2016,3.8936406e-05
44601,17,full_adam,2,0.02081213519,,,,2016,3.8936406e-05
44601,17,full_adam,3,0.01871735416,,,,2016,3.8936406e-05
44601,17,full_adam,4,0.01787207089,,,,2016,3.8936406e-05
44601,18,full_adam,0,0.4441405833,,,,2016,3.8936406e-05
44601,18,full_adam,1,0.3086699545,,,,2016,3.8936406e-05
44601,18,full_adam,2,0.1817278713,,,,2016,3.8936406e-05
44601,18,full_adam,3,0.1121864021,,,,2016,3.8936406e-05
44601,18,full_adam,4,0.08500986546,,,,2016,3.8936406e-05
44601,19,full_adam,0,0.4070963562,,,,2016,3.8936406e-05
44601,19,full_adam,1,0.2553710639,,,,2016,3.8936406e-05
44601,19,full_adam,2,0.145415619,,,,2016,3.8936406e-05
44601,19,full_adam,3,0.08946255594,,,,2016,3.8936406e-05
44601,19,full_adam,4,0.06111002341,,,,2016,3.8936406e-05
44601,20,full_adam,0,0.4652223289,,,,2016,3.8936406e-05
44601,20,full_adam,1,0.2770404816,,,,2016,3.8936406e-05
44601,20,full_adam,2,0.1548185199,,,,2016,3.8936406e-05
44601,20,full_adam,3,0.0915857926,,,,2016,3.8936406e-05
44601,20,full_adam,4,0.06456360966,,,,2016,3.8936406e-05
44601,21,full_adam,0,0.09396684915,,,,2016,3.8936406e-05
44601,21,full_adam,1,0.03593507782,,,,2016,3.8936406e-05
44601,21,full_adam,2,0.02427288145,,,,2016,3.8936406e-05
44601,21,full_adam,3,0.01806588843,,,,2016,3.8936406e-05
44601,21,full_adam,4,0.01546689775,,,,2016,3.8936406e-05
44601,22,full_adam,0,0.01918084174,,,,2016,3.8936406e-05
44601,22,full_adam,1,0.02394807525,,,,2016,3.8936406e-05
44601,22,full_adam,2,0.03187874705,,,,2016,3.8936406e-05
44601,22,full_adam,3,0.02189564891,,,,2016,3.8936406e-05
44601,22,full_adam,4,0.0104303062,,,,2016,3.8936406e-05
44601,23,full_adam,0,1.469784737,,,,2016,3.8936406e-05
44601,23,full_adam,1,1.193263412,,,,2016,3.8936406e-05
44601,23,full_adam,2,0.943343401,,,,2016,3.8936406e-05
44601,23,full_adam,3,0.7432994246,,,,2016,3.8936406e-05
44601,23,full_adam,4,0.5976316333,,,,2016,3.8936406e-05
44601,24,full_adam,0,0.08391705155,,,,2016,3.8936406e-05
44601,24,full_adam,1,0.02501393668,,,,2016,3.8936406e-05
44601,24,full_adam,2,0.01354259718,,,,2016,3.8936406e-05
44601,24,full_adam,3,0.01980407722,,,,2016,3.8936406e-05
44601,24,full_adam,4,0.03024565242,,,,2016,3.8936406e-05
44601,25,full_adam,0,0.06452988833,,,,2016,3.8936406e-05
44601,25,full_adam,1,0.04251350462,,,,2016,3.8936406e-05
44601,25,full_adam,2,0.01806767844,,,,2016,3.8936406e-05
44601,25,full_adam,3,0.0151571082,,,,2016,3.8936406e-05
44601,25,full_adam,4,0.0215825066,,,,2016,3.8936406e-05
44601,26,full_adam,0,0.07091769576,,,,2016,3.8936406e-05
44601,26,full_adam,1,0.01822288334,,,,2016,3.8936406e-05
44601,26,full_adam,2,0.01932626218,,,,2016,3.8936406e-05
44601,26,full_adam,3,0.02108045854,,,,2016,3.8936406e-05
44601,26,full_adam,4,0.01860531978,,,,2016,3.8936406e-05
44601,27,full_adam,0,0.2137361318,,,,2016,3.8936406e-05
44601,27,full_adam,1,0.1216505468,,,,2016,3.8936406e-05
44601,27,full_adam,2,0.06679219753,,,,2016,3.8936406e-05
44601,27,full_adam,3,0.04571141675,,,,2016,3.8936406e-05
44601,27,full_adam,4,0.03973452374,,,,2016,3.8936406e-05
44601,28,full_adam,0,0.1013795361,,,,2016,3.8936406e-05
44601,28,full_adam,1,0.03901769221,,,,2016,3.8936406e-05
44601,28,full_adam,2,0.02619389258,,,,2016,3.8936406e-05
44601,28,full_adam,3,0.02993684262,,,,2016,3.8936406e-05
44601,28,full_adam,4,0.03543035313,,,,2016,3.8936406e-05
44601,29,full_adam,0,0.1943679005,,,,2016,3.8936406e-05
44601,29,full_adam,1,0.1011165679,,,,2016,3.8936406e-05
44601,29,full_adam,2,0.05991433561,,,,2016,3.8936406e-05
44601,29,full_adam,3,0.03477999568,,,,2016,3.8936406e-05
44601,29,full_adam,4,0.02436600439,,,,2016,3.8936406e-05
44601,30,full_adam,0,0.2357388139,,,,2016,3.8936406e-05
44601,30,full_adam,1,0.1004371569,,,,2016,3.8936406e-05
44601,30,full_adam,2,0.05131528899,,,,2016,3.8936406e-05
44601,30,full_adam,3,0.03498508036,,,,2016,3.8936406e-05
44601,30,full_adam,4,0.03609856963,,,,2016,3.8936406e-05
44601,31,full_adam,0,0.7004433274,,,,2016,3.8936406e-05
44601,31,full_adam,1,0.4773840904,,,,2016,3.8936406e-05
44601,31,full_adam,2,0.2970187366,,,,2016,3.8936406e-05
44601,31,full_adam,3,0.1764334291,,,,2016,3.8936406e-05
44601,31,full_adam,4,0.09392575175,,,,2016,3.8936406e-05
44601,0,lstm_full,0,1.28917861,2908,30908,27732,17280,6.1193656e-05
44601,0,lstm_full,1,1.255605578,2908,30908,27732,17280,6.1193656e-05
44601,0,lstm_full,2,1.212583661,2908,30908,27732,17280,6.1193656e-05
44601,0,lstm_full,3,1.13094604,2908,30908,27732,17280,6.1193656e-05
44601,0,lstm_full,4,0.9816432595,2908,30908,27732,17280,6.1193656e-05
44601,1,lstm_full,0,0.303879261,2908,30908,27732,17280,6.1193656e-05
44601,1,lstm_full,1,0.339324981,2908,30908,27732,17280,6.1193656e-05
44601,1,lstm_full,2,0.3633976877,2908,30908,27732,17280,6.1193656e-05
44601,1,lstm_full,3,0.338914305,2908,30908,27732,17280,6.1193656e-05
44601,1,lstm_full,4,0.2201522589,2908,30908,27732,17280,6.1193656e-05
44601,2,lstm_full,0,0.1623382717,2908,30908,27732,17280,6.1193656e-05
44601,2,lstm_full,1,0.1777537316,2908,30908,27732,17280,6.1193656e-05
44601,2,lstm_full,2,0.1930764169,2908,30908,27732,17280,6.1193656e-05
44601,2,lstm_full,3,0.1817322373,2908,30908,27732,17280,6.1193656e-05
44601,2,lstm_full,4,0.1179607213,2908,30908,27732,17280,6.1193656e-05
44601,3,lstm_full,0,1.036949039,2908,30908,27732,17280,6.1193656e-05
44601,3,lstm_full,1,1.071897149,2908,30908,27732,17280,6.1193656e-05
44601,3,lstm_full,2,1.083011627,2908,30908,27732,17280,6.1193656e-05
44601,3,lstm_full,3,1.005013585,2908,30908,27732,17280,6.1193656e-05
44601,3,lstm_full,4,0.7619524002,2908,30908,27732,17280,6.1193656e-05
44601,4,lstm_full,0,1.016730905,2908,30908,27732,17280,6.1193656e-05
44601,4,lstm_full,1,1.030963063,2908,30908,27732,17280,6.1193656e-05
44601,4,lstm_full,2,1.021523952,2908,30908,27732,17280,6.1193656e-05
44601,4,lstm_full,3,0.9437806606,2908,30908,27732,17280,6.1193656e-05
44601,4,lstm_full,4,0.7470779419,2908,30908,27732,17280,6.1193656e-05
44601,5,lstm_full,0,0.3658917248,2908,30908,27732,17280,6.1193656e-05
44601,5,lstm_full,1,0.3508590758,2908,30908,27732,17280,6.1193656e-05
44601,5,lstm_full,2,0.3323862851,2908,30908,27732,17280,6.1193656e-05
44601,5,lstm_full,3,0.2935948372,2908,30908,27732,17280,6.1193656e-05
44601,5,lstm_full,4,0.2214848548,2908,30908,27732,17280,6.1193656e-05
44601,6,lstm_full,0,0.1487347186,2908,30908,27732,17280,6.1193656e-05
44601,6,lstm_full,1,0.1394121796,2908,30908,27732,17280,6.1193656e-05
44601,6,lstm_full,2,0.1335958838,2908,30908,27732,17280,6.1193656e-05
44601,6,lstm_full,3,0.1207419857,2908,30908,27732,17280,6.1193656e-05
44601,6,lstm_full,4,0.09498053789,2908,30908,27732,17280,6.1193656e-05
44601,7,lstm_full,0,0.1713360399,2908,30908,27732,17280,6.1193656e-05
44601,7,lstm_full,1,0.1591584533,2908,30908,27732,17280,6.1193656e-05
44601,7,lstm_full,2,0.1515621096,2908,30908,27732,17280,6.1193656e-05
44601,7,lstm_full,3,0.1375841051,2908,30908,27732,17280,6.1193656e-05
44601,7,lstm_full,4,0.1110571623,2908,30908,27732,17280,6.1193656e-05
44601,8,lstm_full,0,0.4818538725,,,,17280,6.1193656e-05
44601,8,lstm_full,1,0.4711016715,,,,17280,6.1193656e-05
44601,8,lstm_full,2,0.4523442984,,,,17280,6.1193656e-05
44601,8,lstm_full,3,0.4020265639,,,,17280,6.1193656e-05
44601,8,lstm_full,4,0.2981781662,,,,17280,6.1193656e-05
44601,9,lstm_full,0,0.1961531639,,,,17280,6.1193656e-05
44601,9,lstm_full,1,0.2057424933,,,,17280,6.1193656e-05
44601,9,lstm_full,2,0.2147723883,,,,17280,6.1193656e-05
44601,9,lstm_full,3,0.198578909,,,,17280,6.1193656e-05
44601,9,lstm_full,4,0.133350715,,,,17280,6.1193656e-05
44601,10,lstm_full,0,0.01406441163,,,,17280,6.1193656e-05
44601,10,lstm_full,1,0.02052547224,,,,17280,6.1193656e-05
44601,10,lstm_full,2,0.03414076194,,,,17280,6.1193656e-05
44601,10,lstm_full,3,0.03633530438,,,,17280,6.1193656e-05
44601,10,lstm_full,4,0.01270300522,,,,17280,6.1193656e-05
44601,11,lstm_full,0,0.2692801952,,,,17280,6.1193656e-05
44601,11,lstm_full,1,0.2636921704,,,,17280,6.1193656e-05
44601,11,lstm_full,2,0.2588657439,,,,17280,6.1193656e-05
44601,11,lstm_full,3,0.2373004407,,,,17280,6.1193656e-05
44601,11,lstm_full,4,0.1865366101,,,,17280,6.1193656e-05
44601,12,lstm_full,0,0.1893664598,,,,17280,6.1193656e-05
44601,12,lstm_full,1,0.1839805841,,,,17280,6.1193656e-05
44601,12,lstm_full,2,0.1812680513,,,,17280,6.1193656e-05
44601,12,lstm_full,3,0.1697032452,,,,17280,6.1193656e-05
44601,12,lstm_full,4,0.1390054822,,,,17280,6.1193656e-05
44601,13,lstm_full,0,0.07488754392,,,,17280,6.1193656e-05
44601,13,lstm_full,1,0.07233928144,,,,17280,6.1193656e-05
44601,13,lstm_full,2,0.0751780346,,,,17280,6.1193656e-05
44601,13,lstm_full,3,0.06992173195,,,,17280,6.1193656e-05
44601,13,lstm_full,4,0.04787476361,,,,17280,6.1193656e-05
44601,14,lstm_full,0,0.7327296734,,,,17280,6.1193656e-05
44601,14,lstm_full,1,0.7021424174,,,,17280,6.1193656e-05
44601,14,lstm_full,2,0.6679053307,,,,17280,6.1193656e-05
44601,14,lstm_full,3,0.6014357209,,,,17280,6.1193656e-05
44601,14,lstm_full,4,0.48661533,,,,17280,6.1193656e-05
44601,15,lstm_full,0,0.1893095374,,,,17280,6.1193656e-05
44601,15,lstm_full,1,0.1867053956,,,,17280,6.1193656e-05
44601,15,lstm_full,2,0.187830016,,,,17280,6.1193656e-05
44601,15,lstm_full,3,0.1750942469,,,,17280,6.1193656e-05
44601,15,lstm_full,4,0.1347742528,,,,17280,6.1193656e-05
44601,16,lstm_full,0,0.1456139833,,,,17280,6.1193656e-05
44601,16,lstm_full,1,0.1676670313,,,,17280,6.1193656e-05
44601,16,lstm_full,2,0.1895831823,,,,17280,6.1193656e-05
44601,16,lstm_full,3,0.1809969991,,,,17280,6.1193656e-05
44601,16,lstm_full,4,0.1110269502,,,,17280,6.1193656e-05
44601,17,lstm_full,0,0.04606512189,,,,17280,6.1193656e-05
44601,17,lstm_full,1,0.05098136887,,,,17280,6.1193656e-05
44601,17,lstm_full,2,0.06015377119,,,,17280,6.1193656e-05
44601,17,lstm_full,3,0.05699786916,,,,17280,6.1193656e-05
44601,17,lstm_full,4,0.0295417849,,,,17280,6.1193656e-05
44601,18,lstm_full,0,0.4441405833,,,,17280,6.1193656e-05
44601,18,lstm_full,1,0.4471869469,,,,17280,6.1193656e-05
44601,18,lstm_full,2,0.4444290102,,,,17280,6.1193656e-05
44601,18,lstm_full,3,0.4124211371,,,,17280,6.1193656e-05
44601,18,lstm_full,4,0.3278866708,,,,17280,6.1193656e-05
44601,19,lstm_full,0,0.4070963562,,,,17280,6.1193656e-05
44601,19,lstm_full,1,0.4119675159,,,,17280,6.1193656e-05
44601,19,lstm_full,2,0.4079718292,,,,17280,6.1193656e-05
44601,19,lstm_full,3,0.3731267154,,,,17280,6.1193656e-05
44601,19,lstm_full,4,0.2811329961,,,,17280,6.1193656e-05
44601,20,lstm_full,0,0.4652223289,,,,17280,6.1193656e-05
44601,20,lstm_full,1,0.4363540411,,,,17280,6.1193656e-05
44601,20,lstm_full,2,0.4005439281,,,,17280,6.1193656e-05
44601,20,lstm_full,3,0.342821151,,,,17280,6.1193656e-05
44601,20,lstm_full,4,0.2433483601,,,,17280,6.1193656e-05
44601,21,lstm_full,0,0.09396684915,,,,17280,6.1193656e-05
44601,21,lstm_full,1,0.1019244865,,,,17280,6.1193656e-05
44601,21,lstm_full,2,0.1122491732,,,,17280,6.1193656e-05
44601,21,lstm_full,3,0.1060504541,,,,17280,6.1193656e-05
44601,21,lstm_full,4,0.06537865847,,,,17280,6.1193656e-05
44601,22,lstm_full,0,0.01918084174,,,,17280,6.1193656e-05
44601,22,lstm_full,1,0.02303590439,,,,17280,6.1193656e-05
44601,22,lstm_full,2,0.03281427175,,,,17280,6.1193656e-05
44601,22,lstm_full,3,0.03420453146,,,,17280,6.1193656e-05
44601,22,lstm_full,4,0.01574632339,,,,17280,6.1193656e-05
44601,23,lstm_full,0,1.469784737,,,,17280,6.1193656e-05
44601,23,lstm_full,1,1.45614624,,,,17280,6.1193656e-05
44601,23,lstm_full,2,1.400214553,,,,17280,6.1193656e-05
44601,23,lstm_full,3,1.258174777,,,,17280,6.1193656e-05
44601,23,lstm_full,4,0.9831402302,,,,17280,6.1193656e-05
44601,24,lstm_full,0,0.08391705155,,,,17280,6.1193656e-05
44601,24,lstm_full,1,0.08621361107,,,,17280,6.1193656e-05
44601,24,lstm_full,2,0.09066656977,,,,17280,6.1193656e-05
44601,24,lstm_full,3,0.0831432119,,,,17280,6.1193656e-05
44601,24,lstm_full,4,0.05279892311,,,,17280,6.1193656e-05
44601,25,lstm_full,0,0.06452988833,,,,17280,6.1193656e-05
44601,25,lstm_full,1,0.06993784755,,,,17280,6.1193656e-05
44601,25,lstm_full,2,0.07998862118,,,,17280,6.1193656e-05
44601,25,lstm_full,3,0.0760416761,,,,17280,6.1193656e-05
44601,25,lstm_full,4,0.04424061999,,,,17280,6.1193656e-05
44601,26,lstm_full,0,0.07091769576,,,,17280,6.1193656e-05
44601,26,lstm_full,1,0.06737825274,,,,17280,6.1193656e-05
44601,26,lstm_full,2,0.07039024681,,,,17280,6.1193656e-05
44601,26,lstm_full,3,0.06755656749,,,,17280,6.1193656e-05
44601,26,lstm_full,4,0.05012698099,,,,17280,6.1193656e-05
44601,27,lstm_full,0,0.2137361318,,,,17280,6.1193656e-05
44601,27,lstm_full,1,0.2119964361,,,,17280,6.1193656e-05
44601,27,lstm_full,2,0.2089643925,,,,17280,6.1193656e-05
44601,27,lstm_full,3,0.1884442717,,,,17280,6.1193656e-05
44601,27,lstm_full,4,0.1352817565,,,,17280,6.1193656e-05
44601,28,lstm_full,0,0.1013795361,,,,17280,6.1193656e-05
44601,28,lstm_full,1,0.09467548132,,,,17280,6.1193656e-05
44601,28,lstm_full,2,0.09442323446,,,,17280,6.1193656e-05
44601,28,lstm_full,3,0.0884566009,,,,17280,6.1193656e-05
44601,28,lstm_full,4,0.07052428275,,,,17280,6.1193656e-05
44601,29,lstm_full,0,0.1943679005,,,,17280,6.1193656e-05
44601,29,lstm_full,1,0.2078958899,,,,17280,6.1193656e-05
44601,29,lstm_full,2,0.2182351798,,,,17280,6.1193656e-05
44601,29,lstm_full,3,0.2020723373,,,,17280,6.1193656e-05
44601,29,lstm_full,4,0.1353911608,,,,17280,6.1193656e-05
44601,30,lstm_full,0,0.2357388139,,,,17280,6.1193656e-05
44601,30,lstm_full,1,0.2243146151,,,,17280,6.1193656e-05
44601,30,lstm_full,2,0.2165563107,,,,17280,6.1193656e-05
44601,30,lstm_full,3,0.200356558,,,,17280,6.1193656e-05
44601,30,lstm_full,4,0.1659322977,,,,17280,6.1193656e-05
44601,31,lstm_full,0,0.7004433274,,,,17280,6.1193656e-05
44601,31,lstm_full,1,0.690957725,,,,17280,6.1193656e-05
44601,31,lstm_full,2,0.6641263366,,,,17280,6.1193656e-05
44601,31,lstm_full,3,0.5894482732,,,,17280,6.1193656e-05
44601,31,lstm_full,4,0.4338994026,,,,17280,6.1193656e-05
44602,0,hard_shared,0,0.07120215893,1372,1436,0,0,0
44602,0,hard_shared,1,0.07120215893,1372,1436,0,0,0
44602,0,hard_shared,2,0.07120215893,1372,1436,0,0,0
44602,0,hard_shared,3,0.07120215893,1372,1436,0,0,0
44602,0,hard_shared,4,0.07120215893,1372,1436,0,0,0
44602,1,hard_shared,0,0.2246963382,1372,1436,0,0,0
44602,1,hard_shared,1,0.2246963382,1372,1436,0,0,0
44602,1,hard_shared,2,0.2246963382,1372,1436,0,0,0
44602,1,hard_shared,3,0.2246963382,1372,1436,0,0,0
44602,1,hard_shared,4,0.2246963382,1372,1436,0,0,0
44602,2,hard_shared,0,0.3739335835,1372,1436,0,0,0
44602,2,hard_shared,1,0.3739335835,1372,1436,0,0,0
44602,2,hard_shared,2,0.3739335835,1372,1436,0,0,0
44602,2,hard_shared,3,0.3739335835,1372,1436,0,0,0
44602,2,hard_shared,4,0.3739335835,1372,1436,0,0,0
44602,3,hard_shared,0,1.900706768,1372,1436,0,0,0
44602,3,hard_shared,1,1.900706768,1372,1436,0,0,0
44602,3,hard_shared,2,1.900706768,1372,1436,0,0,0
44602,3,hard_shared,3,1.900706768,1372,1436,0,0,0
44602,3,hard_shared,4,1.900706768,1372,1436,0,0,0
44602,4,hard_shared,0,0.5665251017,1372,1436,0,0,0
44602,4,hard_shared,1,0.5665251017,1372,1436,0,0,0
44602,4,hard_shared,2,0.5665251017,1372,1436,0,0,0
44602,4,hard_shared,3,0.5665251017,1372,1436,0,0,0
44602,4,hard_shared,4,0.5665251017,1372,1436,0,0,0
44602,5,hard_shared,0,0.172929123,1372,1436,0,0,0
44602,5,hard_shared,1,0.172929123,1372,1436,0,0,0
44602,5,hard_shared,2,0.172929123,1372,1436,0,0,0
44602,5,hard_shared,3,0.172929123,1372,1436,0,0,0
44602,5,hard_shared,4,0.172929123,1372,1436,0,0,0
44602,6,hard_shared,0,0.3474069834,1372,1436,0,0,0
44602,6,hard_shared,1,0.3474069834,1372,1436,0,0,0
44602,6,hard_shared,2,0.3474069834,1372,1436,0,0,0
44602,6,hard_shared,3,0.3474069834,1372,1436,0,0,0
44602,6,hard_shared,4,0.3474069834,1372,1436,0,0,0
44602,7,hard_shared,0,0.6745061874,1372,1436,0,0,0
44602,7,hard_shared,1,0.6745061874,1372,1436,0,0,0
44602,7,hard_shared,2,0.6745061874,1372,1436,0,0,0
44602,7,hard_shared,3,0.6745061874,1372,1436,0,0,0
44602,7,hard_shared,4,0.6745061874,1372,1436,0,0,0
44602,8,hard_shared,0,0.04591045901,,,,0,0
44602,8,hard_shared,1,0.04591045901,,,,0,0
44602,8,hard_shared,2,0.04591045901,,,,0,0
44602,8,hard_shared,3,0.04591045901,,,,0,0
44602,8,hard_shared,4,0.04591045901,,,,0,0
44602,9,hard_shared,0,0.1752769351,,,,0,0
44602,9,hard_shared,1,0.1752769351,,,,0,0
44602,9,hard_shared,2,0.1752769351,,,,0,0
44602,9,hard_shared,3,0.1752769351,,,,0,0
44602,9,hard_shared,4,0.1752769351,,,,0,0
44602,10,hard_shared,0,0.3690853119,,,,0,0
44602,10,hard_shared,1,0.3690853119,,,,0,0
44602,10,hard_shared,2,0.3690853119,,,,0,0
44602,10,hard_shared,3,0.3690853119,,,,0,0
44602,10,hard_shared,4,0.3690853119,,,,0,0
44602,11,hard_shared,0,1.884102225,,,,0,0
44602,11,hard_shared,1,1.884102225,,,,0,0
44602,11,hard_shared,2,1.884102225,,,,0,0
44602,11,hard_shared,3,1.884102225,,,,0,0
44602,11,hard_shared,4,1.884102225,,,,0,0
44602,12,hard_shared,0,0.2007458657,,,,0,0
44602,12,hard_shared,1,0.2007458657,,,,0,0
44602,12,hard_shared,2,0.2007458657,,,,0,0
44602,12,hard_shared,3,0.2007458657,,,,0,0
44602,12,hard_shared,4,0.2007458657,,,,0,0
44602,13,hard_shared,0,0.1440255791,,,,0,0
44602,13,hard_shared,1,0.1440255791,,,,0,0
44602,13,hard_shared,2,0.1440255791,,,,0,0
44602,13,hard_shared,3,0.1440255791,,,,0,0
44602,13,hard_shared,4,0.1440255791,,,,0,0
44602,14,hard_shared,0,0.08161997795,,,,0,0
44602,14,hard_shared,1,0.08161997795,,,,0,0
44602,14,hard_shared,2,0.08161997795,,,,0,0
44602,14,hard_shared,3,0.08161997795,,,,0,0
44602,14,hard_shared,4,0.08161997795,,,,0,0
44602,15,hard_shared,0,0.04639652371,,,,0,0
44602,15,hard_shared,1,0.04639652371,,,,0,0
44602,15,hard_shared,2,0.04639652371,,,,0,0
44602,15,hard_shared,3,0.04639652371,,,,0,0
44602,15,hard_shared,4,0.04639652371,,,,0,0
44602,16,hard_shared,0,1.162808299,,,,0,0
44602,16,hard_shared,1,1.162808299,,,,0,0
44602,16,hard_shared,2,1.162808299,,,,0,0
44602,16,hard_shared,3,1.162808299,,,,0,0
44602,16,hard_shared,4,1.162808299,,,,0,0
44602,17,hard_shared,0,1.436188221,,,,0,0
44602,17,hard_shared,1,1.436188221,,,,0,0
44602,17,hard_shared,2,1.436188221,,,,0,0
44602,17,hard_shared,3,1.436188221,,,,0,0
44602,17,hard_shared,4,1.436188221,,,,0,0
44602,18,hard_shared,0,0.3974018097,,,,0,0
44602,18,hard_shared,1,0.3974018097,,,,0,0
44602,18,hard_shared,2,0.3974018097,,,,0,0
44602,18,hard_shared,3,0.3974018097,,,,0,0
44602,18,hard_shared,4,0.3974018097,,,,0,0
44602,19,hard_shared,0,0.05502513424,,,,0,0
44602,19,hard_shared,1,0.05502513424,,,,0,0
44602,19,hard_shared,2,0.05502513424,,,,0,0
44602,19,hard_shared,3,0.05502513424,,,,0,0
44602,19,hard_shared,4,0.05502513424,,,,0,0
44602,20,hard_shared,0,0.2125071883,,,,0,0
44602,20,hard_shared,1,0.2125071883,,,,0,0
44602,20,hard_shared,2,0.2125071883,,,,0,0
44602,20,hard_shared,3,0.2125071883,,,,0,0
44602,20,hard_shared,4,0.2125071883,,,,0,0
44602,21,hard_shared,0,0.76689291,,,,0,0
44602,21,hard_shared,1,0.76689291,,,,0,0
44602,21,hard_shared,2,0.76689291,,,,0,0
44602,21,hard_shared,3,0.76689291,,,,0,0
44602,21,hard_shared,4,0.76689291,,,,0,0
44602,22,hard_shared,0,0.07569202036,,,,0,0
44602,22,hard_shared,1,0.07569202036,,,,0,0
44602,22,hard_shared,2,0.07569202036,,,,0,0
44602,22,hard_shared,3,0.07569202036,,,,0,0
44602,22,hard_shared,4,0.07569202036,,,,0,0
44602,23,hard_shared,0,0.02039346658,,,,0,0
44602,23,hard_shared,1,0.02039346658,,,,0,0
44602,23,hard_shared,2,0.02039346658,,,,0,0
44602,23,hard_shared,3,0.02039346658,,,,0,0
44602,23,hard_shared,4,0.02039346658,,,,0,0
44602,24,hard_shared,0,0.008348036557,,,,0,0
44602,24,hard_shared,1,0.008348036557,,,,0,0
44602,24,hard_shared,2,0.008348036557,,,,0,0
44602,24,hard_shared,3,0.008348036557,,,,0,0
44602,24,hard_shared,4,0.008348036557,,,,0,0
44602,25,hard_shared,0,0.3392203152,,,,0,0
44602,25,hard_shared,1,0.3392203152,,,,0,0
44602,25,hard_shared,2,0.3392203152,,,,0,0
44602,25,hard_shared,3,0.3392203152,,,,0,0
44602,25,hard_shared,4,0.3392203152,,,,0,0
44602,26,hard_shared,0,0.1932185441,,,,0,0
44602,26,hard_shared,1,0.1932185441,,,,0,0
44602,26,hard_shared,2,0.1932185441,,,,0,0
44602,26,hard_shared,3,0.1932185441,,,,0,0
44602,26,hard_shared,4,0.1932185441,,,,0,0
44602,27,hard_shared,0,0.02668344229,,,,0,0
44602,27,hard_shared,1,0.02668344229,,,,0,0
44602,27,hard_shared,2,0.02668344229,,,,0,0
44602,27,hard_shared,3,0.02668344229,,,,0,0
44602,27,hard_shared,4,0.02668344229,,,,0,0
44602,28,hard_shared,0,0.1809996516,,,,0,0
44602,28,hard_shared,1,0.1809996516,,,,0,0
44602,28,hard_shared,2,0.1809996516,,,,0,0
44602,28,hard_shared,3,0.1809996516,,,,0,0
44602,28,hard_shared,4,0.1809996516,,,,0,0
44602,29,hard_shared,0,0.2146417499,,,,0,0
44602,29,hard_shared,1,0.2146417499,,,,0,0
44602,29,hard_shared,2,0.2146417499,,,,0,0
44602,29,hard_shared,3,0.2146417499,,,,0,0
44602,29,hard_shared,4,0.2146417499,,,,0,0
44602,30,hard_shared,0,0.2759984732,,,,0,0
44602,30,hard_shared,1,0.2759984732,,,,0,0
44602,30,hard_shared,2,0.2759984732,,,,0,0
44602,30,hard_shared,3,0.2759984732,,,,0,0
44602,30,hard_shared,4,0.2759984732,,,,0,0
44602,31,hard_shared,0,0.35575822,,,,0,0
44602,31,hard_shared,1,0.35575822,,,,0,0
44602,31,hard_shared,2,0.35575822,,,,0,0
44602,31,hard_shared,3,0.35575822,,,,0,0
44602,31,hard_shared,4,0.35575822,,,,0,0
44602,0,mirror_sgd,0,0.07120215893,2388,2516,1628,1836,0.00011956897
44602,0,mirror_sgd,1,0.06734260172,2388,2516,1628,1836,0.00011956897
44602,0,mirror_sgd,2,0.06327743083,2388,2516,1628,1836,0.00011956897
44602,0,mirror_sgd,3,0.06139305606,2388,2516,1628,1836,0.00011956897
44602,0,mirror_sgd,4,0.05875007808,2388,2516,1628,1836,0.00011956897
44602,1,mirror_sgd,0,0.2246963382,2388,2516,1628,1836,0.00011956897
44602,1,mirror_sgd,1,0.2132398486,2388,2516,1628,1836,0.00011956897
44602,1,mirror_sgd,2,0.2042105794,2388,2516,1628,1836,0.00011956897
44602,1,mirror_sgd,3,0.1947853714,2388,2516,1628,1836,0.00011956897
44602,1,mirror_sgd,4,0.1880610585,2388,2516,1628,1836,0.00011956897
44602,2,mirror_sgd,0,0.3739335835,2388,2516,1628,1836,0.00011956897
44602,2,mirror_sgd,1,0.3637133539,2388,2516,1628,1836,0.00011956897
44602,2,mirror_sgd,2,0.3445281982,2388,2516,1628,1836,0.00011956897
44602,2,mirror_sgd,3,0.3284304142,2388,2516,1628,1836,0.00011956897
44602,2,mirror_sgd,4,0.3115831316,2388,2516,1628,1836,0.00011956897
44602,3,mirror_sgd,0,1.900706768,2388,2516,1628,1836,0.00011956897
44602,3,mirror_sgd,1,1.798616529,2388,2516,1628,1836,0.00011956897
44602,3,mirror_sgd,2,1.73379612,2388,2516,1628,1836,0.00011956897
44602,3,mirror_sgd,3,1.654637933,2388,2516,1628,1836,0.00011956897
44602,3,mirror_sgd,4,1.593827844,2388,2516,1628,1836,0.00011956897
44602,4,mirror_sgd,0,0.5665251017,2388,2516,1628,1836,0.00011956897
44602,4,mirror_sgd,1,0.5479673147,2388,2516,1628,1836,0.00011956897
44602,4,mirror_sgd,2,0.5290660858,2388,2516,1628,1836,0.00011956897
44602,4,mirror_sgd,3,0.5073471069,2388,2516,1628,1836,0.00011956897
44602,4,mirror_sgd,4,0.4937314689,2388,2516,1628,1836,0.00011956897
44602,5,mirror_sgd,0,0.172929123,2388,2516,1628,1836,0.00011956897
44602,5,mirror_sgd,1,0.1682656258,2388,2516,1628,1836,0.00011956897
44602,5,mirror_sgd,2,0.1639636904,2388,2516,1628,1836,0.00011956897
44602,5,mirror_sgd,3,0.157313332,2388,2516,1628,1836,0.00011956897
44602,5,mirror_sgd,4,0.1524560004,2388,2516,1628,1836,0.00011956897
44602,6,mirror_sgd,0,0.3474069834,2388,2516,1628,1836,0.00011956897
44602,6,mirror_sgd,1,0.3336762488,2388,2516,1628,1836,0.00011956897
44602,6,mirror_sgd,2,0.3222016096,2388,2516,1628,1836,0.00011956897
44602,6,mirror_sgd,3,0.3115430474,2388,2516,1628,1836,0.00011956897
44602,6,mirror_sgd,4,0.3009562492,2388,2516,1628,1836,0.00011956897
44602,7,mirror_sgd,0,0.6745061874,2388,2516,1628,1836,0.00011956897
44602,7,mirror_sgd,1,0.6410266161,2388,2516,1628,1836,0.00011956897
44602,7,mirror_sgd,2,0.5989879966,2388,2516,1628,1836,0.00011956897
44602,7,mirror_sgd,3,0.569909513,2388,2516,1628,1836,0.00011956897
44602,7,mirror_sgd,4,0.5495234132,2388,2516,1628,1836,0.00011956897
44602,8,mirror_sgd,0,0.04591045901,,,,1836,0.00011956897
44602,8,mirror_sgd,1,0.04373380542,,,,1836,0.00011956897
44602,8,mirror_sgd,2,0.04239805415,,,,1836,0.00011956897
44602,8,mirror_sgd,3,0.04038980231,,,,1836,0.00011956897
44602,8,mirror_sgd,4,0.03882638738,,,,1836,0.00011956897
44602,9,mirror_sgd,0,0.1752769351,,,,1836,0.00011956897
44602,9,mirror_sgd,1,0.1675857455,,,,1836,0.00011956897
44602,9,mirror_sgd,2,0.1587712318,,,,1836,0.00011956897
44602,9,mirror_sgd,3,0.1536793858,,,,1836,0.00011956897
44602,9,mirror_sgd,4,0.148944214,,,,1836,0.00011956897
44602,10,mirror_sgd,0,0.3690853119,,,,1836,0.00011956897
44602,10,mirror_sgd,1,0.358486414,,,,1836,0.00011956897
44602,10,mirror_sgd,2,0.3427708447,,,,1836,0.00011956897
44602,10,mirror_sgd,3,0.3327867091,,,,1836,0.00011956897
44602,10,mirror_sgd,4,0.3134031594,,,,1836,0.00011956897
44602,11,mirror_sgd,0,1.884102225,,,,1836,0.00011956897
44602,11,mirror_sgd,1,1.762091637,,,,1836,0.00011956897
44602,11,mirror_sgd,2,1.67106688,,,,1836,0.00011956897
44602,11,mirror_sgd,3,1.621221542,,,,1836,0.00011956897
44602,11,mirror_sgd,4,1.557258248,,,,1836,0.00011956897
44602,12,mirror_sgd,0,0.2007458657,,,,1836,0.00011956897
44602,12,mirror_sgd,1,0.1915768981,,,,1836,0.00011956897
44602,12,mirror_sgd,2,0.1872907132,,,,1836,0.00011956897
44602,12,mirror_sgd,3,0.1803116947,,,,1836,0.00011956897
44602,12,mirror_sgd,4,0.172953859,,,,1836,0.00011956897
44602,13,mirror_sgd,0,0.1440255791,,,,1836,0.00011956897
44602,13,mirror_sgd,1,0.1361646056,,,,1836,0.00011956897
44602,13,mirror_sgd,2,0.1295915842,,,,1836,0.00011956897
44602,13,mirror_sgd,3,0.1246248409,,,,1836,0.00011956897
44602,13,mirror_sgd,4,0.1204057336,,,,1836,0.00011956897
44602,14,mirror_sgd,0,0.08161997795,,,,1836,0.00011956897
44602,14,mirror_sgd,1,0.07741363347,,,,1836,0.00011956897
44602,14,mirror_sgd,2,0.07566869259,,,,1836,0.00011956897
44602,14,mirror_sgd,3,0.07253687829,,,,1836,0.00011956897
44602,14,mirror_sgd,4,0.06928151101,,,,1836,0.00011956897
44602,15,mirror_sgd,0,0.04639652371,,,,1836,0.00011956897
44602,15,mirror_sgd,1,0.04391072318,,,,1836,0.00011956897
44602,15,mirror_sgd,2,0.04131639376,,,,1836,0.00011956897
44602,15,mirror_sgd,3,0.0395742394,,,,1836,0.00011956897
44602,15,mirror_sgd,4,0.03786837682,,,,1836,0.00011956897
44602,16,mirror_sgd,0,1.162808299,,,,1836,0.00011956897
44602,16,mirror_sgd,1,1.11995101,,,,1836,0.00011956897
44602,16,mirror_sgd,2,1.082270741,,,,1836,0.00011956897
44602,16,mirror_sgd,3,1.030418277,,,,1836,0.00011956897
44602,16,mirror_sgd,4,0.9715288281,,,,1836,0.00011956897
44602,17,mirror_sgd,0,1.436188221,,,,1836,0.00011956897
44602,17,mirror_sgd,1,1.372379422,,,,1836,0.00011956897
44602,17,mirror_sgd,2,1.313462615,,,,1836,0.00011956897
44602,17,mirror_sgd,3,1.261194944,,,,1836,0.00011956897
44602,17,mirror_sgd,4,1.219009519,,,,1836,0.00011956897
44602,18,mirror_sgd,0,0.3974018097,,,,1836,0.00011956897
44602,18,mirror_sgd,1,0.3831570148,,,,1836,0.00011956897
44602,18,mirror_sgd,2,0.3669513464,,,,1836,0.00011956897
44602,18,mirror_sgd,3,0.354741931,,,,1836,0.00011956897
44602,18,mirror_sgd,4,0.3426356018,,,,1836,0.00011956897
44602,19,mirror_sgd,0,0.05502513424,,,,1836,0.00011956897
44602,19,mirror_sgd,1,0.05396238342,,,,1836,0.00011956897
44602,19,mirror_sgd,2,0.05108012632,,,,1836,0.00011956897
44602,19,mirror_sgd,3,0.04894711077,,,,1836,0.00011956897
44602,19,mirror_sgd,4,0.04675601423,,,,1836,0.00011956897
44602,20,mirror_sgd,0,0.2125071883,,,,1836,0.00011956897
44602,20,mirror_sgd,1,0.203635931,,,,1836,0.00011956897
44602,20,mirror_sgd,2,0.1924189478,,,,1836,0.00011956897
44602,20,mirror_sgd,3,0.185127303,,,,1836,0.00011956897
44602,20,mirror_sgd,4,0.1770065576,,,,1836,0.00011956897
44602,21,mirror_sgd,0,0.76689291,,,,1836,0.00011956897
44602,21,mirror_sgd,1,0.7260836959,,,,1836,0.00011956897
44602,21,mirror_sgd,2,0.6954966187,,,,1836,0.00011956897
44602,21,mirror_sgd,3,0.661772728,,,,1836,0.00011956897
44602,21,mirror_sgd,4,0.6353242397,,,,1836,0.00011956897
44602,22,mirror_sgd,0,0.07569202036,,,,1836,0.00011956897
44602,22,mirror_sgd,1,0.07419580966,,,,1836,0.00011956897
44602,22,mirror_sgd,2,0.07150515169,,,,1836,0.00011956897
44602,22,mirror_sgd,3,0.06991865486,,,,1836,0.00011956897
44602,22,mirror_sgd,4,0.06707335263,,,,1836,0.00011956897
44602,23,mirror_sgd,0,0.02039346658,,,,1836,0.00011956897
44602,23,mirror_sgd,1,0.0195966661,,,,1836,0.00011956897
44602,23,mirror_sgd,2,0.01877579652,,,,1836,0.00011956897
44602,23,mirror_sgd,3,0.01812330075,,,,1836,0.00011956897
44602,23,mirror_sgd,4,0.01694258116,,,,1836,0.00011956897
44602,24,mirror_sgd,0,0.008348036557,,,,1836,0.00011956897
44602,24,mirror_sgd,1,0.008188959211,,,,1836,0.00011956897
44602,24,mirror_sgd,2,0.008034522645,,,,1836,0.00011956897
44602,24,mirror_sgd,3,0.007855672389,,,,1836,0.00011956897
44602,24,mirror_sgd,4,0.007662544493,,,,1836,0.00011956897
44602,25,mirror_sgd,0,0.3392203152,,,,1836,0.00011956897
44602,25,mirror_sgd,1,0.3274495006,,,,1836,0.00011956897
44602,25,mirror_sgd,2,0.3132626414,,,,1836,0.00011956897
44602,25,mirror_sgd,3,0.2970264852,,,,1836,0.00011956897
44602,25,mirror_sgd,4,0.2863784134,,,,1836,0.00011956897
44602,26,mirror_sgd,0,0.1932185441,,,,1836,0.00011956897
44602,26,mirror_sgd,1,0.1853263825,,,,1836,0.00011956897
44602,26,mirror_sgd,2,0.1790911406,,,,1836,0.00011956897
44602,26,mirror_sgd,3,0.1685277969,,,,1836,0.00011956897
44602,26,mirror_sgd,4,0.1630319506,,,,1836,0.00011956897
44602,27,mirror_sgd,0,0.02668344229,,,,1836,0.00011956897
44602,27,mirror_sgd,1,0.02562455088,,,,1836,0.00011956897
44602,27,mirror_sgd,2,0.02499284782,,,,1836,0.00011956897
44602,27,mirror_sgd,3,0.02381354012,,,,1836,0.00011956897
44602,27,mirror_sgd,4,0.02323611639,,,,1836,0.00011956897
44602,28,mirror_sgd,0,0.1809996516,,,,1836,0.00011956897
44602,28,mirror_sgd,1,0.1706599146,,,,1836,0.00011956897
44602,28,mirror_sgd,2,0.1643972695,,,,1836,0.00011956897
44602,28,mirror_sgd,3,0.1591531336,,,,1836,0.00011956897
44602,28,mirror_sgd,4,0.1491940916,,,,1836,0.00011956897
44602,29,mirror_sgd,0,0.2146417499,,,,1836,0.00011956897
44602,29,mirror_sgd,1,0.2071664929,,,,1836,0.00011956897
44602,29,mirror_sgd,2,0.1929090619,,,,1836,0.00011956897
44602,29,mirror_sgd,3,0.1867665201,,,,1836,0.00011956897
44602,29,mirror_sgd,4,0.1819032282,,,,1836,0.00011956897
44602,30,mirror_sgd,0,0.2759984732,,,,1836,0.00011956897
44602,30,mirror_sgd,1,0.2637008131,,,,1836,0.00011956897
44602,30,mirror_sgd,2,0.2499696612,,,,1836,0.00011956897
44602,30,mirror_sgd,3,0.2381341457,,,,1836,0.00011956897
44602,30,mirror_sgd,4,0.2300704271,,,,1836,0.00011956897
44602,31,mirror_sgd,0,0.35575822,,,,1836,0.00011956897
44602,31,mirror_sgd,1,0.3424554169,,,,1836,0.00011956897
44602,31,mirror_sgd,2,0.3281696737,,,,1836,0.00011956897
44602,31,mirror_sgd,3,0.3215406239,,,,1836,0.00011956897
44602,31,mirror_sgd,4,0.3138455749,,,,1836,0.00011956897
44602,0,mirror_adam,0,0.07120215893,2388,3660,2772,1944,5.3917094e-05
44602,0,mirror_adam,1,0.01571546122,2388,3660,2772,1944,5.3917094e-05
44602,0,mirror_adam,2,0.0415051952,2388,3660,2772,1944,5.3917094e-05
44602,0,mirror_adam,3,0.04793046415,2388,3660,2772,1944,5.3917094e-05
44602,0,mirror_adam,4,0.03680155054,2388,3660,2772,1944,5.3917094e-05
44602,1,mirror_adam,0,0.2246963382,2388,3660,2772,1944,5.3917094e-05
44602,1,mirror_adam,1,0.1088524535,2388,3660,2772,1944,5.3917094e-05
44602,1,mirror_adam,2,0.03988267854,2388,3660,2772,1944,5.3917094e-05
44602,1,mirror_adam,3,0.02977421694,2388,3660,2772,1944,5.3917094e-05
44602,1,mirror_adam,4,0.05099855736,2388,3660,2772,1944,5.3917094e-05
44602,2,mirror_adam,0,0.3739335835,2388,3660,2772,1944,5.3917094e-05
44602,2,mirror_adam,1,0.1811831445,2388,3660,2772,1944,5.3917094e-05
44602,2,mirror_adam,2,0.06110665575,2388,3660,2772,1944,5.3917094e-05
44602,2,mirror_adam,3,0.03512932733,2388,3660,2772,1944,5.3917094e-05
44602,2,mirror_adam,4,0.0398244597,2388,3660,2772,1944,5.3917094e-05
44602,3,mirror_adam,0,1.900706768,2388,3660,2772,1944,5.3917094e-05
44602,3,mirror_adam,1,1.495229602,2388,3660,2772,1944,5.3917094e-05
44602,3,mirror_adam,2,1.106176615,2388,3660,2772,1944,5.3917094e-05
44602,3,mirror_adam,3,0.7667098045,2388,3660,2772,1944,5.3917094e-05
44602,3,mirror_adam,4,0.499812156,2388,3660,2772,1944,5.3917094e-05
44602,4,mirror_adam,0,0.5665251017,2388,3660,2772,1944,5.3917094e-05
44602,4,mirror_adam,1,0.2603251934,2388,3660,2772,1944,5.3917094e-05
44602,4,mirror_adam,2,0.1328067333,2388,3660,2772,1944,5.3917094e-05
44602,4,mirror_adam,3,0.09110409766,2388,3660,2772,1944,5.3917094e-05
44602,4,mirror_adam,4,0.07575646788,2388,3660,2772,1944,5.3917094e-05
44602,5,mirror_adam,0,0.172929123,2388,3660,2772,1944,5.3917094e-05
44602,5,mirror_adam,1,0.01550601516,2388,3660,2772,1944,5.3917094e-05
44602,5,mirror_adam,2,0.02794436179,2388,3660,2772,1944,5.3917094e-05
44602,5,mirror_adam,3,0.04444948956,2388,3660,2772,1944,5.3917094e-05
44602,5,mirror_adam,4,0.03978185728,2388,3660,2772,1944,5.3917094e-05
44602,6,mirror_adam,0,0.3474069834,2388,3660,2772,1944,5.3917094e-05
44602,6,mirror_adam,1,0.1423651725,2388,3660,2772,1944,5.3917094e-05
44602,6,mirror_adam,2,0.05344349146,2388,3660,2772,1944,5.3917094e-05
44602,6,mirror_adam,3,0.03651184216,2388,3660,2772,1944,5.3917094e-05
44602,6,mirror_adam,4,0.04616338387,2388,3660,2772,1944,5.3917094e-05
44602,7,mirror_adam,0,0.6745061874,2388,3660,2772,1944,5.3917094e-05
44602,7,mirror_adam,1,0.3833616078,2388,3660,2772,1944,5.3917094e-05
44602,7,mirror_adam,2,0.1956053227,2388,3660,2772,1944,5.3917094e-05
44602,7,mirror_adam,3,0.09390643239,2388,3660,2772,1944,5.3917094e-05
44602,7,mirror_adam,4,0.05424430966,2388,3660,2772,1944,5.3917094e-05
44602,8,mirror_adam,0,0.04591045901,,,,1944,5.3917094e-05
44602,8,mirror_adam,1,0.02295799553,,,,1944,5.3917094e-05
44602,8,mirror_adam,2,0.04856586829,,,,1944,5.3917094e-05
44602,8,mirror_adam,3,0.02922976762,,,,1944,5.3917094e-05
44602,8,mirror_adam,4,0.01608002372,,,,1944,5.3917094e-05
44602,9,mirror_adam,0,0.1752769351,,,,1944,5.3917094e-05
44602,9,mirror_adam,1,0.0123084439,,,,1944,5.3917094e-05
44602,9,mirror_adam,2,0.0354485698,,,,1944,5.3917094e-05
44602,9,mirror_adam,3,0.1081111208,,,,1944,5.3917094e-05
44602,9,mirror_adam,4,0.1224096119,,,,1944,5.3917094e-05
44602,10,mirror_adam,0,0.3690853119,,,,1944,5.3917094e-05
44602,10,mirror_adam,1,0.221034646,,,,1944,5.3917094e-05
44602,10,mirror_adam,2,0.06123802438,,,,1944,5.3917094e-05
44602,10,mirror_adam,3,0.02872540243,,,,1944,5.3917094e-05
44602,10,mirror_adam,4,0.05488230288,,,,1944,5.3917094e-05
44602,11,mirror_adam,0,1.884102225,,,,1944,5.3917094e-05
44602,11,mirror_adam,1,1.317442536,,,,1944,5.3917094e-05
44602,11,mirror_adam,2,0.9282264113,,,,1944,5.3917094e-05
44602,11,mirror_adam,3,0.6463519335,,,,1944,5.3917094e-05
44602,11,mirror_adam,4,0.4410577714,,,,1944,5.3917094e-05
44602,12,mirror_adam,0,0.2007458657,,,,1944,5.3917094e-05
44602,12,mirror_adam,1,0.09241453558,,,,1944,5.3917094e-05
44602,12,mirror_adam,2,0.03104676865,,,,1944,5.3917094e-05
44602,12,mirror_adam,3,0.02568179369,,,,1944,5.3917094e-05
44602,12,mirror_adam,4,0.05107213929,,,,1944,5.3917094e-05
44602,13,mirror_adam,0,0.1440255791,,,,1944,5.3917094e-05
44602,13,mirror_adam,1,0.05604301766,,,,1944,5.3917094e-05
44602,13,mirror_adam,2,0.02234022319,,,,1944,5.3917094e-05
44602,13,mirror_adam,3,0.04222665727,,,,1944,5.3917094e-05
44602,13,mirror_adam,4,0.07472693175,,,,1944,5.3917094e-05
44602,14,mirror_adam,0,0.08161997795,,,,1944,5.3917094e-05
44602,14,mirror_adam,1,0.01526163798,,,,1944,5.3917094e-05
44602,14,mirror_adam,2,0.03374342993,,,,1944,5.3917094e-05
44602,14,mirror_adam,3,0.05604253337,,,,1944,5.3917094e-05
44602,14,mirror_adam,4,0.04357488826,,,,1944,5.3917094e-05
44602,15,mirror_adam,0,0.04639652371,,,,1944,5.3917094e-05
44602,15,mirror_adam,1,0.02374611981,,,,1944,5.3917094e-05
44602,15,mirror_adam,2,0.02392840944,,,,1944,5.3917094e-05
44602,15,mirror_adam,3,0.02161232196,,,,1944,5.3917094e-05
44602,15,mirror_adam,4,0.01253986452,,,,1944,5.3917094e-05
44602,16,mirror_adam,0,1.162808299,,,,1944,5.3917094e-05
44602,16,mirror_adam,1,0.7717359662,,,,1944,5.3917094e-05
44602,16,mirror_adam,2,0.3793331087,,,,1944,5.3917094e-05
44602,16,mirror_adam,3,0.139931336,,,,1944,5.3917094e-05
44602,16,mirror_adam,4,0.06005762517,,,,1944,5.3917094e-05
44602,17,mirror_adam,0,1.436188221,,,,1944,5.3917094e-05
44602,17,mirror_adam,1,1.119617224,,,,1944,5.3917094e-05
44602,17,mirror_adam,2,0.8137944341,,,,1944,5.3917094e-05
44602,17,mirror_adam,3,0.5225895047,,,,1944,5.3917094e-05
44602,17,mirror_adam,4,0.3097322583,,,,1944,5.3917094e-05
44602,18,mirror_adam,0,0.3974018097,,,,1944,5.3917094e-05
44602,18,mirror_adam,1,0.170811519,,,,1944,5.3917094e-05
44602,18,mirror_adam,2,0.07811352611,,,,1944,5.3917094e-05
44602,18,mirror_adam,3,0.0299050808,,,,1944,5.3917094e-05
44602,18,mirror_adam,4,0.014960845,,,,1944,5.3917094e-05
44602,19,mirror_adam,0,0.05502513424,,,,1944,5.3917094e-05
44602,19,mirror_adam,1,0.0342190899,,,,1944,5.3917094e-05
44602,19,mirror_adam,2,0.02006172948,,,,1944,5.3917094e-05
44602,19,mirror_adam,3,0.03749960661,,,,1944,5.3917094e-05
44602,19,mirror_adam,4,0.02852234803,,,,1944,5.3917094e-05
44602,20,mirror_adam,0,0.2125071883,,,,1944,5.3917094e-05
44602,20,mirror_adam,1,0.1133326069,,,,1944,5.3917094e-05
44602,20,mirror_adam,2,0.01762258075,,,,1944,5.3917094e-05
44602,20,mirror_adam,3,0.01567615755,,,,1944,5.3917094e-05
44602,20,mirror_adam,4,0.05294578895,,,,1944,5.3917094e-05
44602,21,mirror_adam,0,0.76689291,,,,1944,5.3917094e-05
44602,21,mirror_adam,1,0.4356687963,,,,1944,5.3917094e-05
44602,21,mirror_adam,2,0.2525230348,,,,1944,5.3917094e-05
44602,21,mirror_adam,3,0.1156124994,,,,1944,5.3917094e-05
44602,21,mirror_adam,4,0.0552559495,,,,1944,5.3917094e-05
44602,22,mirror_adam,0,0.07569202036,,,,1944,5.3917094e-05
44602,22,mirror_adam,1,0.03150694445,,,,1944,5.3917094e-05
44602,22,mirror_adam,2,0.01182613801,,,,1944,5.3917094e-05
44602,22,mirror_adam,3,0.04393630102,,,,1944,5.3917094e-05
44602,22,mirror_adam,4,0.03977362067,,,,1944,5.3917094e-05
44602,23,mirror_adam,0,0.02039346658,,,,1944,5.3917094e-05
44602,23,mirror_adam,1,0.03886905313,,,,1944,5.3917094e-05
44602,23,mirror_adam,2,0.01194963232,,,,1944,5.3917094e-05
44602,23,mirror_adam,3,0.01649548113,,,,1944,5.3917094e-05
44602,23,mirror_adam,4,0.02340640314,,,,1944,5.3917094e-05
44602,24,mirror_adam,0,0.008348036557,,,,1944,5.3917094e-05
44602,24,mirror_adam,1,0.05719935521,,,,1944,5.3917094e-05
44602,24,mirror_adam,2,0.009420858696,,,,1944,5.3917094e-05
44602,24,mirror_adam,3,0.01383731049,,,,1944,5.3917094e-05
44602,24,mirror_adam,4,0.03036624752,,,,1944,5.3917094e-05
44602,25,mirror_adam,0,0.3392203152,,,,1944,5.3917094e-05
44602,25,mirror_adam,1,0.2033115625,,,,1944,5.3917094e-05
44602,25,mirror_adam,2,0.1025657728,,,,1944,5.3917094e-05
44602,25,mirror_adam,3,0.01916920952,,,,1944,5.3917094e-05
44602,25,mirror_adam,4,0.04299020395,,,,1944,5.3917094e-05
44602,26,mirror_adam,0,0.1932185441,,,,1944,5.3917094e-05
44602,26,mirror_adam,1,0.02386342734,,,,1944,5.3917094e-05
44602,26,mirror_adam,2,0.01926394738,,,,1944,5.3917094e-05
44602,26,mirror_adam,3,0.04786935821,,,,1944,5.3917094e-05
44602,26,mirror_adam,4,0.05969147757,,,,1944,5.3917094e-05
44602,27,mirror_adam,0,0.02668344229,,,,1944,5.3917094e-05
44602,27,mirror_adam,1,0.04264835641,,,,1944,5.3917094e-05
44602,27,mirror_adam,2,0.02876344137,,,,1944,5.3917094e-05
44602,27,mirror_adam,3,0.01667995937,,,,1944,5.3917094e-05
44602,27,mirror_adam,4,0.02525105141,,,,1944,5.3917094e-05
44602,28,mirror_adam,0,0.1809996516,,,,1944,5.3917094e-05
44602,28,mirror_adam,1,0.0231224075,,,,1944,5.3917094e-05
44602,28,mirror_adam,2,0.01960301399,,,,1944,5.3917094e-05
44602,28,mirror_adam,3,0.07083832473,,,,1944,5.3917094e-05
44602,28,mirror_adam,4,0.07512566447,,,,1944,5.3917094e-05
44602,29,mirror_adam,0,0.2146417499,,,,1944,5.3917094e-05
44602,29,mirror_adam,1,0.1127090529,,,,1944,5.3917094e-05
44602,29,mirror_adam,2,0.02214306593,,,,1944,5.3917094e-05
44602,29,mirror_adam,3,0.006596059073,,,,1944,5.3917094e-05
44602,29,mirror_adam,4,0.03460229933,,,,1944,5.3917094e-05
44602,30,mirror_adam,0,0.2759984732,,,,1944,5.3917094e-05
44602,30,mirror_adam,1,0.1580489725,,,,1944,5.3917094e-05
44602,30,mirror_adam,2,0.06799343973,,,,1944,5.3917094e-05
44602,30,mirror_adam,3,0.02573989518,,,,1944,5.3917094e-05
44602,30,mirror_adam,4,0.03220269829,,,,1944,5.3917094e-05
44602,31,mirror_adam,0,0.35575822,,,,1944,5.3917094e-05
44602,31,mirror_adam,1,0.164116025,,,,1944,5.3917094e-05
44602,31,mirror_adam,2,0.03428469598,,,,1944,5.3917094e-05
44602,31,mirror_adam,3,0.01789968275,,,,1944,5.3917094e-05
44602,31,mirror_adam,4,0.0628425777,,,,1944,5.3917094e-05
44602,0,meta_sgd_mirror,0,0.06982804835,2388,2956,1628,1836,4.6391969e-05
44602,0,meta_sgd_mirror,1,0.06886235625,2388,2956,1628,1836,4.6391969e-05
44602,0,meta_sgd_mirror,2,0.06779871136,2388,2956,1628,1836,4.6391969e-05
44602,0,meta_sgd_mirror,3,0.0672826618,2388,2956,1628,1836,4.6391969e-05
44602,0,meta_sgd_mirror,4,0.0665416345,2388,2956,1628,1836,4.6391969e-05
44602,1,meta_sgd_mirror,0,0.2231374979,2388,2956,1628,1836,4.6391969e-05
44602,1,meta_sgd_mirror,1,0.2202317715,2388,2956,1628,1836,4.6391969e-05
44602,1,meta_sgd_mirror,2,0.2178503275,2388,2956,1628,1836,4.6391969e-05
44602,1,meta_sgd_mirror,3,0.215273425,2388,2956,1628,1836,4.6391969e-05
44602,1,meta_sgd_mirror,4,0.2133709937,2388,2956,1628,1836,4.6391969e-05
44602,2,meta_sgd_mirror,0,0.3742677867,2388,2956,1628,1836,4.6391969e-05
44602,2,meta_sgd_mirror,1,0.3716651201,2388,2956,1628,1836,4.6391969e-05
44602,2,meta_sgd_mirror,2,0.366656065,2388,2956,1628,1836,4.6391969e-05
44602,2,meta_sgd_mirror,3,0.3622914851,2388,2956,1628,1836,4.6391969e-05
44602,2,meta_sgd_mirror,4,0.3575353324,2388,2956,1628,1836,4.6391969e-05
44602,3,meta_sgd_mirror,0,1.898015499,2388,2956,1628,1836,4.6391969e-05
44602,3,meta_sgd_mirror,1,1.871950626,2388,2956,1628,1836,4.6391969e-05
44602,3,meta_sgd_mirror,2,1.854756713,2388,2956,1628,1836,4.6391969e-05
44602,3,meta_sgd_mirror,3,1.833152413,2388,2956,1628,1836,4.6391969e-05
44602,3,meta_sgd_mirror,4,1.815977454,2388,2956,1628,1836,4.6391969e-05
44602,4,meta_sgd_mirror,0,0.5645347238,2388,2956,1628,1836,4.6391969e-05
44602,4,meta_sgd_mirror,1,0.5598266721,2388,2956,1628,1836,4.6391969e-05
44602,4,meta_sgd_mirror,2,0.5548874736,2388,2956,1628,1836,4.6391969e-05
44602,4,meta_sgd_mirror,3,0.549026072,2388,2956,1628,1836,4.6391969e-05
44602,4,meta_sgd_mirror,4,0.5452540517,2388,2956,1628,1836,4.6391969e-05
44602,5,meta_sgd_mirror,0,0.175928697,2388,2956,1628,1836,4.6391969e-05
44602,5,meta_sgd_mirror,1,0.1747246236,2388,2956,1628,1836,4.6391969e-05
44602,5,meta_sgd_mirror,2,0.1735890061,2388,2956,1628,1836,4.6391969e-05
44602,5,meta_sgd_mirror,3,0.1717942506,2388,2956,1628,1836,4.6391969e-05
44602,5,meta_sgd_mirror,4,0.1704490185,2388,2956,1628,1836,4.6391969e-05
44602,6,meta_sgd_mirror,0,0.346696049,2388,2956,1628,1836,4.6391969e-05
44602,6,meta_sgd_mirror,1,0.3432036936,2388,2956,1628,1836,4.6391969e-05
44602,6,meta_sgd_mirror,2,0.3401945829,2388,2956,1628,1836,4.6391969e-05
44602,6,meta_sgd_mirror,3,0.3373222649,2388,2956,1628,1836,4.6391969e-05
44602,6,meta_sgd_mirror,4,0.3344016075,2388,2956,1628,1836,4.6391969e-05
44602,7,meta_sgd_mirror,0,0.6707692742,2388,2956,1628,1836,4.6391969e-05
44602,7,meta_sgd_mirror,1,0.6622617841,2388,2956,1628,1836,4.6391969e-05
44602,7,meta_sgd_mirror,2,0.6511290669,2388,2956,1628,1836,4.6391969e-05
44602,7,meta_sgd_mirror,3,0.6430615783,2388,2956,1628,1836,4.6391969e-05
44602,7,meta_sgd_mirror,4,0.6371971965,2388,2956,1628,1836,4.6391969e-05
44602,8,meta_sgd_mirror,0,0.04487138987,,,,1836,4.6391969e-05
44602,8,meta_sgd_mirror,1,0.04432984069,,,,1836,4.6391969e-05
44602,8,meta_sgd_mirror,2,0.04398428276,,,,1836,4.6391969e-05
44602,8,meta_sgd_mirror,3,0.04345179722,,,,1836,4.6391969e-05
44602,8,meta_sgd_mirror,4,0.04301986471,,,,1836,4.6391969e-05
44602,9,meta_sgd_mirror,0,0.1759295017,,,,1836,4.6391969e-05
44602,9,meta_sgd_mirror,1,0.1739598066,,,,1836,4.6391969e-05
44602,9,meta_sgd_mirror,2,0.1716244966,,,,1836,4.6391969e-05
44602,9,meta_sgd_mirror,3,0.1702234745,,,,1836,4.6391969e-05
44602,9,meta_sgd_mirror,4,0.1688881516,,,,1836,4.6391969e-05
44602,10,meta_sgd_mirror,0,0.3699819744,,,,1836,4.6391969e-05
44602,10,meta_sgd_mirror,1,0.3672677577,,,,1836,4.6391969e-05
44602,10,meta_sgd_mirror,2,0.3631628752,,,,1836,4.6391969e-05
44602,10,meta_sgd_mirror,3,0.3604552448,,,,1836,4.6391969e-05
44602,10,meta_sgd_mirror,4,0.3551001847,,,,1836,4.6391969e-05
44602,11,meta_sgd_mirror,0,1.889641643,,,,1836,4.6391969e-05
44602,11,meta_sgd_mirror,1,1.858265042,,,,1836,4.6391969e-05
44602,11,meta_sgd_mirror,2,1.833715796,,,,1836,4.6391969e-05
44602,11,meta_sgd_mirror,3,1.819818497,,,,1836,4.6391969e-05
44602,11,meta_sgd_mirror,4,1.8015064,,,,1836,4.6391969e-05
44602,12,meta_sgd_mirror,0,0.2016805857,,,,1836,4.6391969e-05
44602,12,meta_sgd_mirror,1,0.1993340701,,,,1836,4.6391969e-05
44602,12,meta_sgd_mirror,2,0.1981999427,,,,1836,4.6391969e-05
44602,12,meta_sgd_mirror,3,0.1963137537,,,,1836,4.6391969e-05
44602,12,meta_sgd_mirror,4,0.1942652911,,,,1836,4.6391969e-05
44602,13,meta_sgd_mirror,0,0.1439034045,,,,1836,4.6391969e-05
44602,13,meta_sgd_mirror,1,0.1418983042,,,,1836,4.6391969e-05
44602,13,meta_sgd_mirror,2,0.1401422173,,,,1836,4.6391969e-05
44602,13,meta_sgd_mirror,3,0.1387749165,,,,1836,4.6391969e-05
44602,13,meta_sgd_mirror,4,0.1375768334,,,,1836,4.6391969e-05
44602,14,meta_sgd_mirror,0,0.08263016492,,,,1836,4.6391969e-05
44602,14,meta_sgd_mirror,1,0.08154344559,,,,1836,4.6391969e-05
44602,14,meta_sgd_mirror,2,0.08107640594,,,,1836,4.6391969e-05
44602,14,meta_sgd_mirror,3,0.08022089303,,,,1836,4.6391969e-05
44602,14,meta_sgd_mirror,4,0.07929769158,,,,1836,4.6391969e-05
44602,15,meta_sgd_mirror,0,0.04664874077,,,,1836,4.6391969e-05
44602,15,meta_sgd_mirror,1,0.04601222277,,,,1836,4.6391969e-05
44602,15,meta_sgd_mirror,2,0.04531474784,,,,1836,4.6391969e-05
44602,15,meta_sgd_mirror,3,0.04482479021,,,,1836,4.6391969e-05
44602,15,meta_sgd_mirror,4,0.04432751238,,,,1836,4.6391969e-05
44602,16,meta_sgd_mirror,0,1.15909481,,,,1836,4.6391969e-05
44602,16,meta_sgd_mirror,1,1.148213506,,,,1836,4.6391969e-05
44602,16,meta_sgd_mirror,2,1.138370633,,,,1836,4.6391969e-05
44602,16,meta_sgd_mirror,3,1.124431133,,,,1836,4.6391969e-05
44602,16,meta_sgd_mirror,4,1.107962251,,,,1836,4.6391969e-05
44602,17,meta_sgd_mirror,0,1.434154868,,,,1836,4.6391969e-05
44602,17,meta_sgd_mirror,1,1.41789341,,,,1836,4.6391969e-05
44602,17,meta_sgd_mirror,2,1.402345538,,,,1836,4.6391969e-05
44602,17,meta_sgd_mirror,3,1.388146758,,,,1836,4.6391969e-05
44602,17,meta_sgd_mirror,4,1.376293778,,,,1836,4.6391969e-05
44602,18,meta_sgd_mirror,0,0.3978640735,,,,1836,4.6391969e-05
44602,18,meta_sgd_mirror,1,0.3942296505,,,,1836,4.6391969e-05
44602,18,meta_sgd_mirror,2,0.3899806738,,,,1836,4.6391969e-05
44602,18,meta_sgd_mirror,3,0.3866772652,,,,1836,4.6391969e-05
44602,18,meta_sgd_mirror,4,0.3833193481,,,,1836,4.6391969e-05
44602,19,meta_sgd_mirror,0,0.05412546918,,,,1836,4.6391969e-05
44602,19,meta_sgd_mirror,1,0.05386129394,,,,1836,4.6391969e-05
44602,19,meta_sgd_mirror,2,0.0531299822,,,,1836,4.6391969e-05
44602,19,meta_sgd_mirror,3,0.05256860331,,,,1836,4.6391969e-05
44602,19,meta_sgd_mirror,4,0.05197171494,,,,1836,4.6391969e-05
44602,20,meta_sgd_mirror,0,0.2148584574,,,,1836,4.6391969e-05
44602,20,meta_sgd_mirror,1,0.2125698775,,,,1836,4.6391969e-05
44602,20,meta_sgd_mirror,2,0.2095740288,,,,1836,4.6391969e-05
44602,20,meta_sgd_mirror,3,0.2075520009,,,,1836,4.6391969e-05
44602,20,meta_sgd_mirror,4,0.2052266151,,,,1836,4.6391969e-05
44602,21,meta_sgd_mirror,0,0.7664793134,,,,1836,4.6391969e-05
44602,21,meta_sgd_mirror,1,0.7560407519,,,,1836,4.6391969e-05
44602,21,meta_sgd_mirror,2,0.7479169369,,,,1836,4.6391969e-05
44602,21,meta_sgd_mirror,3,0.7386489511,,,,1836,4.6391969e-05
44602,21,meta_sgd_mirror,4,0.7311237454,,,,1836,4.6391969e-05
44602,22,meta_sgd_mirror,0,0.07557289302,,,,1836,4.6391969e-05
44602,22,meta_sgd_mirror,1,0.07519296557,,,,1836,4.6391969e-05
44602,22,meta_sgd_mirror,2,0.07449650019,,,,1836,4.6391969e-05
44602,22,meta_sgd_mirror,3,0.0740756914,,,,1836,4.6391969e-05
44602,22,meta_sgd_mirror,4,0.07330325991,,,,1836,4.6391969e-05
44602,23,meta_sgd_mirror,0,0.02006593719,,,,1836,4.6391969e-05
44602,23,meta_sgd_mirror,1,0.01986739226,,,,1836,4.6391969e-05
44602,23,meta_sgd_mirror,2,0.01965532452,,,,1836,4.6391969e-05
44602,23,meta_sgd_mirror,3,0.01948083378,,,,1836,4.6391969e-05
44602,23,meta_sgd_mirror,4,0.01915219985,,,,1836,4.6391969e-05
44602,24,meta_sgd_mirror,0,0.008136576973,,,,1836,4.6391969e-05
44602,24,meta_sgd_mirror,1,0.008097079583,,,,1836,4.6391969e-05
44602,24,meta_sgd_mirror,2,0.008057132363,,,,1836,4.6391969e-05
44602,24,meta_sgd_mirror,3,0.008011206053,,,,1836,4.6391969e-05
44602,24,meta_sgd_mirror,4,0.00795977097,,,,1836,4.6391969e-05
44602,25,meta_sgd_mirror,0,0.3377255499,,,,1836,4.6391969e-05
44602,25,meta_sgd_mirror,1,0.3347394764,,,,1836,4.6391969e-05
44602,25,meta_sgd_mirror,2,0.3310494721,,,,1836,4.6391969e-05
44602,25,meta_sgd_mirror,3,0.3266610801,,,,1836,4.6391969e-05
44602,25,meta_sgd_mirror,4,0.323669225,,,,1836,4.6391969e-05
44602,26,meta_sgd_mirror,0,0.1949572116,,,,1836,4.6391969e-05
44602,26,meta_sgd_mirror,1,0.1929229647,,,,1836,4.6391969e-05
44602,26,meta_sgd_mirror,2,0.1912735552,,,,1836,4.6391969e-05
44602,26,meta_sgd_mirror,3,0.1883887202,,,,1836,4.6391969e-05
44602,26,meta_sgd_mirror,4,0.1868160814,,,,1836,4.6391969e-05
44602,27,meta_sgd_mirror,0,0.02593569458,,,,1836,4.6391969e-05
44602,27,meta_sgd_mirror,1,0.02567367069,,,,1836,4.6391969e-05
44602,27,meta_sgd_mirror,2,0.02551377378,,,,1836,4.6391969e-05
44602,27,meta_sgd_mirror,3,0.02520681173,,,,1836,4.6391969e-05
44602,27,meta_sgd_mirror,4,0.02505106293,,,,1836,4.6391969e-05
44602,28,meta_sgd_mirror,0,0.1815757155,,,,1836,4.6391969e-05
44602,28,meta_sgd_mirror,1,0.1789293736,,,,1836,4.6391969e-05
44602,28,meta_sgd_mirror,2,0.1772533655,,,,1836,4.6391969e-05
44602,28,meta_sgd_mirror,3,0.175815478,,,,1836,4.6391969e-05
44602,28,meta_sgd_mirror,4,0.1730023772,,,,1836,4.6391969e-05
44602,29,meta_sgd_mirror,0,0.2169816643,,,,1836,4.6391969e-05
44602,29,meta_sgd_mirror,1,0.21505481,,,,1836,4.6391969e-05
44602,29,meta_sgd_mirror,2,0.211254105,,,,1836,4.6391969e-05
44602,29,meta_sgd_mirror,3,0.2095360607,,,,1836,4.6391969e-05
44602,29,meta_sgd_mirror,4,0.2081457227,,,,1836,4.6391969e-05
44602,30,meta_sgd_mirror,0,0.2763483822,,,,1836,4.6391969e-05
44602,30,meta_sgd_mirror,1,0.2732135355,,,,1836,4.6391969e-05
44602,30,meta_sgd_mirror,2,0.269574672,,,,1836,4.6391969e-05
44602,30,meta_sgd_mirror,3,0.2663109004,,,,1836,4.6391969e-05
44602,30,meta_sgd_mirror,4,0.2640118897,,,,1836,4.6391969e-05
44602,31,meta_sgd_mirror,0,0.3533880413,,,,1836,4.6391969e-05
44602,31,meta_sgd_mirror,1,0.3500252664,,,,1836,4.6391969e-05
44602,31,meta_sgd_mirror,2,0.3463000357,,,,1836,4.6391969e-05
44602,31,meta_sgd_mirror,3,0.3445226252,,,,1836,4.6391969e-05
44602,31,meta_sgd_mirror,4,0.3424237669,,,,1836,4.6391969e-05
44602,0,lstm_mirror,0,0.07120215893,2388,11957,8148,5760,8.5046094e-05
44602,0,lstm_mirror,1,0.06975714862,2388,11957,8148,5760,8.5046094e-05
44602,0,lstm_mirror,2,0.06496521831,2388,11957,8148,5760,8.5046094e-05
44602,0,lstm_mirror,3,0.05602997914,2388,11957,8148,5760,8.5046094e-05
44602,0,lstm_mirror,4,0.04040421546,2388,11957,8148,5760,8.5046094e-05
44602,1,lstm_mirror,0,0.2246963382,2388,11957,8148,5760,8.5046094e-05
44602,1,lstm_mirror,1,0.2185406089,2388,11957,8148,5760,8.5046094e-05
44602,1,lstm_mirror,2,0.2032338977,2388,11957,8148,5760,8.5046094e-05
44602,1,lstm_mirror,3,0.1689243466,2388,11957,8148,5760,8.5046094e-05
44602,1,lstm_mirror,4,0.1071976051,2388,11957,8148,5760,8.5046094e-05
44602,2,lstm_mirror,0,0.3739335835,2388,11957,8148,5760,8.5046094e-05
44602,2,lstm_mirror,1,0.3703948259,2388,11957,8148,5760,8.5046094e-05
44602,2,lstm_mirror,2,0.3547048867,2388,11957,8148,5760,8.5046094e-05
44602,2,lstm_mirror,3,0.3209344149,2388,11957,8148,5760,8.5046094e-05
44602,2,lstm_mirror,4,0.2562118769,2388,11957,8148,5760,8.5046094e-05
44602,3,lstm_mirror,0,1.900706768,2388,11957,8148,5760,8.5046094e-05
44602,3,lstm_mirror,1,1.865489125,2388,11957,8148,5760,8.5046094e-05
44602,3,lstm_mirror,2,1.773476243,2388,11957,8148,5760,8.5046094e-05
44602,3,lstm_mirror,3,1.575894237,2388,11957,8148,5760,8.5046094e-05
44602,3,lstm_mirror,4,1.213434815,2388,11957,8148,5760,8.5046094e-05
44602,4,lstm_mirror,0,0.5665251017,2388,11957,8148,5760,8.5046094e-05
44602,4,lstm_mirror,1,0.5588549972,2388,11957,8148,5760,8.5046094e-05
44602,4,lstm_mirror,2,0.536044538,2388,11957,8148,5760,8.5046094e-05
44602,4,lstm_mirror,3,0.4840646088,2388,11957,8148,5760,8.5046094e-05
44602,4,lstm_mirror,4,0.3871867657,2388,11957,8148,5760,8.5046094e-05
44602,5,lstm_mirror,0,0.172929123,2388,11957,8148,5760,8.5046094e-05
44602,5,lstm_mirror,1,0.1706242561,2388,11957,8148,5760,8.5046094e-05
44602,5,lstm_mirror,2,0.1647591591,2388,11957,8148,5760,8.5046094e-05
44602,5,lstm_mirror,3,0.1495422572,2388,11957,8148,5760,8.5046094e-05
44602,5,lstm_mirror,4,0.1186018884,2388,11957,8148,5760,8.5046094e-05
44602,6,lstm_mirror,0,0.3474069834,2388,11957,8148,5760,8.5046094e-05
44602,6,lstm_mirror,1,0.3400643766,2388,11957,8148,5760,8.5046094e-05
44602,6,lstm_mirror,2,0.3216167986,2388,11957,8148,5760,8.5046094e-05
44602,6,lstm_mirror,3,0.2797934413,2388,11957,8148,5760,8.5046094e-05
44602,6,lstm_mirror,4,0.1993985772,2388,11957,8148,5760,8.5046094e-05
44602,7,lstm_mirror,0,0.6745061874,2388,11957,8148,5760,8.5046094e-05
44602,7,lstm_mirror,1,0.6572415829,2388,11957,8148,5760,8.5046094e-05
44602,7,lstm_mirror,2,0.6031891704,2388,11957,8148,5760,8.5046094e-05
44602,7,lstm_mirror,3,0.4892355502,2388,11957,8148,5760,8.5046094e-05
44602,7,lstm_mirror,4,0.2961148918,2388,11957,8148,5760,8.5046094e-05
44602,8,lstm_mirror,0,0.04591045901,,,,5760,8.5046094e-05
44602,8,lstm_mirror,1,0.04500895366,,,,5760,8.5046094e-05
44602,8,lstm_mirror,2,0.04266332462,,,,5760,8.5046094e-05
44602,8,lstm_mirror,3,0.03750245646,,,,5760,8.5046094e-05
44602,8,lstm_mirror,4,0.02803391218,,,,5760,8.5046094e-05
44602,9,lstm_mirror,0,0.1752769351,,,,5760,8.5046094e-05
44602,9,lstm_mirror,1,0.171095863,,,,5760,8.5046094e-05
44602,9,lstm_mirror,2,0.1598100513,,,,5760,8.5046094e-05
44602,9,lstm_mirror,3,0.1346308738,,,,5760,8.5046094e-05
44602,9,lstm_mirror,4,0.08741107583,,,,5760,8.5046094e-05
44602,10,lstm_mirror,0,0.3690853119,,,,5760,8.5046094e-05
44602,10,lstm_mirror,1,0.3654731512,,,,5760,8.5046094e-05
44602,10,lstm_mirror,2,0.3506876528,,,,5760,8.5046094e-05
44602,10,lstm_mirror,3,0.3217531741,,,,5760,8.5046094e-05
44602,10,lstm_mirror,4,0.2648153007,,,,5760,8.5046094e-05
44602,11,lstm_mirror,0,1.884102225,,,,5760,8.5046094e-05
44602,11,lstm_mirror,1,1.823098183,,,,5760,8.5046094e-05
44602,11,lstm_mirror,2,1.665351033,,,,5760,8.5046094e-05
44602,11,lstm_mirror,3,1.360334992,,,,5760,8.5046094e-05
44602,11,lstm_mirror,4,0.8548746109,,,,5760,8.5046094e-05
44602,12,lstm_mirror,0,0.2007458657,,,,5760,8.5046094e-05
44602,12,lstm_mirror,1,0.1975605339,,,,5760,8.5046094e-05
44602,12,lstm_mirror,2,0.1890761703,,,,5760,8.5046094e-05
44602,12,lstm_mirror,3,0.1718454957,,,,5760,8.5046094e-05
44602,12,lstm_mirror,4,0.1398472935,,,,5760,8.5046094e-05
44602,13,lstm_mirror,0,0.1440255791,,,,5760,8.5046094e-05
44602,13,lstm_mirror,1,0.1397886127,,,,5760,8.5046094e-05
44602,13,lstm_mirror,2,0.1291340441,,,,5760,8.5046094e-05
44602,13,lstm_mirror,3,0.1063156947,,,,5760,8.5046094e-05
44602,13,lstm_mirror,4,0.06577859819,,,,5760,8.5046094e-05
44602,14,lstm_mirror,0,0.08161997795,,,,5760,8.5046094e-05
44602,14,lstm_mirror,1,0.08013676852,,,,5760,8.5046094e-05
44602,14,lstm_mirror,2,0.07610023767,,,,5760,8.5046094e-05
44602,14,lstm_mirror,3,0.06829600781,,,,5760,8.5046094e-05
44602,14,lstm_mirror,4,0.05444164202,,,,5760,8.5046094e-05
44602,15,lstm_mirror,0,0.04639652371,,,,5760,8.5046094e-05
44602,15,lstm_mirror,1,0.04554769397,,,,5760,8.5046094e-05
44602,15,lstm_mirror,2,0.04231451824,,,,5760,8.5046094e-05
44602,15,lstm_mirror,3,0.03663651645,,,,5760,8.5046094e-05
44602,15,lstm_mirror,4,0.02737682313,,,,5760,8.5046094e-05
44602,16,lstm_mirror,0,1.162808299,,,,5760,8.5046094e-05
44602,16,lstm_mirror,1,1.145071387,,,,5760,8.5046094e-05
44602,16,lstm_mirror,2,1.095404267,,,,5760,8.5046094e-05
44602,16,lstm_mirror,3,0.9791399837,,,,5760,8.5046094e-05
44602,16,lstm_mirror,4,0.7483550906,,,,5760,8.5046094e-05
44602,17,lstm_mirror,0,1.436188221,,,,5760,8.5046094e-05
44602,17,lstm_mirror,1,1.41420126,,,,5760,8.5046094e-05
44602,17,lstm_mirror,2,1.348629594,,,,5760,8.5046094e-05
44602,17,lstm_mirror,3,1.2103405,,,,5760,8.5046094e-05
44602,17,lstm_mirror,4,0.9567863941,,,,5760,8.5046094e-05
44602,18,lstm_mirror,0,0.3974018097,,,,5760,8.5046094e-05
44602,18,lstm_mirror,1,0.3923178613,,,,5760,8.5046094e-05
44602,18,lstm_mirror,2,0.3751599789,,,,5760,8.5046094e-05
44602,18,lstm_mirror,3,0.3400285244,,,,5760,8.5046094e-05
44602,18,lstm_mirror,4,0.2744277418,,,,5760,8.5046094e-05
44602,19,lstm_mirror,0,0.05502513424,,,,5760,8.5046094e-05
44602,19,lstm_mirror,1,0.05466940999,,,,5760,8.5046094e-05
44602,19,lstm_mirror,2,0.05236588046,,,,5760,8.5046094e-05
44602,19,lstm_mirror,3,0.04778130352,,,,5760,8.5046094e-05
44602,19,lstm_mirror,4,0.03944975883,,,,5760,8.5046094e-05
44602,20,lstm_mirror,0,0.2125071883,,,,5760,8.5046094e-05
44602,20,lstm_mirror,1,0.2093923837,,,,5760,8.5046094e-05
44602,20,lstm_mirror,2,0.19849585,,,,5760,8.5046094e-05
44602,20,lstm_mirror,3,0.1764392108,,,,5760,8.5046094e-05
44602,20,lstm_mirror,4,0.1353438497,,,,5760,8.5046094e-05
44602,21,lstm_mirror,0,0.76689291,,,,5760,8.5046094e-05
44602,21,lstm_mirror,1,0.7526791096,,,,5760,8.5046094e-05
44602,21,lstm_mirror,2,0.7126014829,,,,5760,8.5046094e-05
44602,21,lstm_mirror,3,0.6282064915,,,,5760,8.5046094e-05
44602,21,lstm_mirror,4,0.4741135538,,,,5760,8.5046094e-05
44602,22,lstm_mirror,0,0.07569202036,,,,5760,8.5046094e-05
44602,22,lstm_mirror,1,0.07519981265,,,,5760,8.5046094e-05
44602,22,lstm_mirror,2,0.07249281555,,,,5760,8.5046094e-05
44602,22,lstm_mirror,3,0.06777860969,,,,5760,8.5046094e-05
44602,22,lstm_mirror,4,0.05934756622,,,,5760,8.5046094e-05
44602,23,lstm_mirror,0,0.02039346658,,,,5760,8.5046094e-05
44602,23,lstm_mirror,1,0.02013169043,,,,5760,8.5046094e-05
44602,23,lstm_mirror,2,0.01891740598,,,,5760,8.5046094e-05
44602,23,lstm_mirror,3,0.01698260941,,,,5760,8.5046094e-05
44602,23,lstm_mirror,4,0.01387405396,,,,5760,8.5046094e-05
44602,24,lstm_mirror,0,0.008348036557,,,,5760,8.5046094e-05
44602,24,lstm_mirror,1,0.008259444498,,,,5760,8.5046094e-05
44602,24,lstm_mirror,2,0.008156697266,,,,5760,8.5046094e-05
44602,24,lstm_mirror,3,0.007664543111,,,,5760,8.5046094e-05
44602,24,lstm_mirror,4,0.006401497871,,,,5760,8.5046094e-05
44602,25,lstm_mirror,0,0.3392203152,,,,5760,8.5046094e-05
44602,25,lstm_mirror,1,0.3350760639,,,,5760,8.5046094e-05
44602,25,lstm_mirror,2,0.3206727505,,,,5760,8.5046094e-05
44602,25,lstm_mirror,3,0.2876926064,,,,5760,8.5046094e-05
44602,25,lstm_mirror,4,0.2260109335,,,,5760,8.5046094e-05
44602,26,lstm_mirror,0,0.1932185441,,,,5760,8.5046094e-05
44602,26,lstm_mirror,1,0.1901980042,,,,5760,8.5046094e-05
44602,26,lstm_mirror,2,0.181336835,,,,5760,8.5046094e-05
44602,26,lstm_mirror,3,0.1609424204,,,,5760,8.5046094e-05
44602,26,lstm_mirror,4,0.1241493598,,,,5760,8.5046094e-05
44602,27,lstm_mirror,0,0.02668344229,,,,5760,8.5046094e-05
44602,27,lstm_mirror,1,0.02615576051,,,,5760,8.5046094e-05
44602,27,lstm_mirror,2,0.02498746105,,,,5760,8.5046094e-05
44602,27,lstm_mirror,3,0.02201423794,,,,5760,8.5046094e-05
44602,27,lstm_mirror,4,0.01636566781,,,,5760,8.5046094e-05
44602,28,lstm_mirror,0,0.1809996516,,,,5760,8.5046094e-05
44602,28,lstm_mirror,1,0.176455602,,,,5760,8.5046094e-05
44602,28,lstm_mirror,2,0.1648286879,,,,5760,8.5046094e-05
44602,28,lstm_mirror,3,0.1415631324,,,,5760,8.5046094e-05
44602,28,lstm_mirror,4,0.09810364991,,,,5760,8.5046094e-05
44602,29,lstm_mirror,0,0.2146417499,,,,5760,8.5046094e-05
44602,29,lstm_mirror,1,0.211967811,,,,5760,8.5046094e-05
44602,29,lstm_mirror,2,0.2006148845,,,,5760,8.5046094e-05
44602,29,lstm_mirror,3,0.1782807857,,,,5760,8.5046094e-05
44602,29,lstm_mirror,4,0.1381676495,,,,5760,8.5046094e-05
44602,30,lstm_mirror,0,0.2759984732,,,,5760,8.5046094e-05
44602,30,lstm_mirror,1,0.2695913613,,,,5760,8.5046094e-05
44602,30,lstm_mirror,2,0.2507326305,,,,5760,8.5046094e-05
44602,30,lstm_mirror,3,0.2090989798,,,,5760,8.5046094e-05
44602,30,lstm_mirror,4,0.1350028366,,,,5760,8.5046094e-05
44602,31,lstm_mirror,0,0.35575822,,,,5760,8.5046094e-05
44602,31,lstm_mirror,1,0.3502735198,,,,5760,8.5046094e-05
44602,31,lstm_mirror,2,0.3334289789,,,,5760,8.5046094e-05
44602,31,lstm_mirror,3,0.2998169959,,,,5760,8.5046094e-05
44602,31,lstm_mirror,4,0.2371948957,,,,5760,8.5046094e-05
44602,0,full_adam,0,0.07120215893,2908,6484,6228,2016,4.0249313e-05
44602,0,full_adam,1,0.02499589324,2908,6484,6228,2016,4.0249313e-05
44602,0,full_adam,2,0.01289230306,2908,6484,6228,2016,4.0249313e-05
44602,0,full_adam,3,0.02168296836,2908,6484,6228,2016,4.0249313e-05
44602,0,full_adam,4,0.03019680642,2908,6484,6228,2016,4.0249313e-05
44602,1,full_adam,0,0.2246963382,2908,6484,6228,2016,4.0249313e-05
44602,1,full_adam,1,0.1073792875,2908,6484,6228,2016,4.0249313e-05
44602,1,full_adam,2,0.05157473683,2908,6484,6228,2016,4.0249313e-05
44602,1,full_adam,3,0.02648030408,2908,6484,6228,2016,4.0249313e-05
44602,1,full_adam,4,0.02009399608,2908,6484,6228,2016,4.0249313e-05
44602,2,full_adam,0,0.3739335835,2908,6484,6228,2016,4.0249313e-05
44602,2,full_adam,1,0.2251256108,2908,6484,6228,2016,4.0249313e-05
44602,2,full_adam,2,0.1328906417,2908,6484,6228,2016,4.0249313e-05
44602,2,full_adam,3,0.0731459558,2908,6484,6228,2016,4.0249313e-05
44602,2,full_adam,4,0.03673404828,2908,6484,6228,2016,4.0249313e-05
44602,3,full_adam,0,1.900706768,2908,6484,6228,2016,4.0249313e-05
44602,3,full_adam,1,1.502327323,2908,6484,6228,2016,4.0249313e-05
44602,3,full_adam,2,1.152253509,2908,6484,6228,2016,4.0249313e-05
44602,3,full_adam,3,0.8575868011,2908,6484,6228,2016,4.0249313e-05
44602,3,full_adam,4,0.6243188977,2908,6484,6228,2016,4.0249313e-05
44602,4,full_adam,0,0.5665251017,2908,6484,6228,2016,4.0249313e-05
44602,4,full_adam,1,0.4094129503,2908,6484,6228,2016,4.0249313e-05
44602,4,full_adam,2,0.2837550938,2908,6484,6228,2016,4.0249313e-05
44602,4,full_adam,3,0.1629290581,2908,6484,6228,2016,4.0249313e-05
44602,4,full_adam,4,0.08421715349,2908,6484,6228,2016,4.0249313e-05
44602,5,full_adam,0,0.172929123,2908,6484,6228,2016,4.0249313e-05
44602,5,full_adam,1,0.08017999679,2908,6484,6228,2016,4.0249313e-05
44602,5,full_adam,2,0.04120974988,2908,6484,6228,2016,4.0249313e-05
44602,5,full_adam,3,0.03205211833,2908,6484,6228,2016,4.0249313e-05
44602,5,full_adam,4,0.02395426668,2908,6484,6228,2016,4.0249313e-05
44602,6,full_adam,0,0.3474069834,2908,6484,6228,2016,4.0249313e-05
44602,6,full_adam,1,0.2320193499,2908,6484,6228,2016,4.0249313e-05
44602,6,full_adam,2,0.1393984556,2908,6484,6228,2016,4.0249313e-05
44602,6,full_adam,3,0.08657097071,2908,6484,6228,2016,4.0249313e-05
44602,6,full_adam,4,0.06314311177,2908,6484,6228,2016,4.0249313e-05
44602,7,full_adam,0,0.6745061874,2908,6484,6228,2016,4.0249313e-05
44602,7,full_adam,1,0.4584337771,2908,6484,6228,2016,4.0249313e-05
44602,7,full_adam,2,0.304656595,2908,6484,6228,2016,4.0249313e-05
44602,7,full_adam,3,0.1986494064,2908,6484,6228,2016,4.0249313e-05
44602,7,full_adam,4,0.1307867318,2908,6484,6228,2016,4.0249313e-05
44602,8,full_adam,0,0.04591045901,,,,2016,4.0249313e-05
44602,8,full_adam,1,0.01412425842,,,,2016,4.0249313e-05
44602,8,full_adam,2,0.01430889871,,,,2016,4.0249313e-05
44602,8,full_adam,3,0.02074003033,,,,2016,4.0249313e-05
44602,8,full_adam,4,0.02053164132,,,,2016,4.0249313e-05
44602,9,full_adam,0,0.1752769351,,,,2016,4.0249313e-05
44602,9,full_adam,1,0.06611393392,,,,2016,4.0249313e-05
44602,9,full_adam,2,0.02982041053,,,,2016,4.0249313e-05
44602,9,full_adam,3,0.02529497445,,,,2016,4.0249313e-05
44602,9,full_adam,4,0.03435495496,,,,2016,4.0249313e-05
44602,10,full_adam,0,0.3690853119,,,,2016,4.0249313e-05
44602,10,full_adam,1,0.2356369346,,,,2016,4.0249313e-05
44602,10,full_adam,2,0.1337874979,,,,2016,4.0249313e-05
44602,10,full_adam,3,0.07046417147,,,,2016,4.0249313e-05
44602,10,full_adam,4,0.02976339497,,,,2016,4.0249313e-05
44602,11,full_adam,0,1.884102225,,,,2016,4.0249313e-05
44602,11,full_adam,1,1.461362004,,,,2016,4.0249313e-05
44602,11,full_adam,2,1.116460323,,,,2016,4.0249313e-05
44602,11,full_adam,3,0.8532456756,,,,2016,4.0249313e-05
44602,11,full_adam,4,0.6423364282,,,,2016,4.0249313e-05
44602,12,full_adam,0,0.2007458657,,,,2016,4.0249313e-05
44602,12,full_adam,1,0.1185073927,,,,2016,4.0249313e-05
44602,12,full_adam,2,0.07759363204,,,,2016,4.0249313e-05
44602,12,full_adam,3,0.04116769508,,,,2016,4.0249313e-05
44602,12,full_adam,4,0.02092917264,,,,2016,4.0249313e-05
44602,13,full_adam,0,0.1440255791,,,,2016,4.0249313e-05
44602,13,full_adam,1,0.08815097064,,,,2016,4.0249313e-05
44602,13,full_adam,2,0.05093500391,,,,2016,4.0249313e-05
44602,13,full_adam,3,0.03745154664,,,,2016,4.0249313e-05
44602,13,full_adam,4,0.0314126946,,,,2016,4.0249313e-05
44602,14,full_adam,0,0.08161997795,,,,2016,4.0249313e-05
44602,14,full_adam,1,0.04206347466,,,,2016,4.0249313e-05
44602,14,full_adam,2,0.02783031017,,,,2016,4.0249313e-05
44602,14,full_adam,3,0.02338040434,,,,2016,4.0249313e-05
44602,14,full_adam,4,0.01866357587,,,,2016,4.0249313e-05
44602,15,full_adam,0,0.04639652371,,,,2016,4.0249313e-05
44602,15,full_adam,1,0.02045017667,,,,2016,4.0249313e-05
44602,15,full_adam,2,0.0136228092,,,,2016,4.0249313e-05
44602,15,full_adam,3,0.02313680016,,,,2016,4.0249313e-05
44602,15,full_adam,4,0.02986937203,,,,2016,4.0249313e-05
44602,16,full_adam,0,1.162808299,,,,2016,4.0249313e-05
44602,16,full_adam,1,0.8665041924,,,,2016,4.0249313e-05
44602,16,full_adam,2,0.6180266738,,,,2016,4.0249313e-05
44602,16,full_adam,3,0.4154051542,,,,2016,4.0249313e-05
44602,16,full_adam,4,0.2639527917,,,,2016,4.0249313e-05
44602,17,full_adam,0,1.436188221,,,,2016,4.0249313e-05
44602,17,full_adam,1,1.13448,,,,2016,4.0249313e-05
44602,17,full_adam,2,0.8501744866,,,,2016,4.0249313e-05
44602,17,full_adam,3,0.5850744247,,,,2016,4.0249313e-05
44602,17,full_adam,4,0.3799850047,,,,2016,4.0249313e-05
44602,18,full_adam,0,0.3974018097,,,,2016,4.0249313e-05
44602,18,full_adam,1,0.248443827,,,,2016,4.0249313e-05
44602,18,full_adam,2,0.1402257532,,,,2016,4.0249313e-05
44602,18,full_adam,3,0.08140165359,,,,2016,4.0249313e-05
44602,18,full_adam,4,0.04717227817,,,,2016,4.0249313e-05
44602,19,full_adam,0,0.05502513424,,,,2016,4.0249313e-05
44602,19,full_adam,1,0.03334616497,,,,2016,4.0249313e-05
44602,19,full_adam,2,0.008722282015,,,,2016,4.0249313e-05
44602,19,full_adam,3,0.01276547834,,,,2016,4.0249313e-05
44602,19,full_adam,4,0.01851425879,,,,2016,4.0249313e-05
44602,20,full_adam,0,0.2125071883,,,,2016,4.0249313e-05
44602,20,full_adam,1,0.1269181818,,,,2016,4.0249313e-05
44602,20,full_adam,2,0.07673800737,,,,2016,4.0249313e-05
44602,20,full_adam,3,0.03913217038,,,,2016,4.0249313e-05
44602,20,full_adam,4,0.02255295776,,,,2016,4.0249313e-05
44602,21,full_adam,0,0.76689291,,,,2016,4.0249313e-05
44602,21,full_adam,1,0.5323246121,,,,2016,4.0249313e-05
44602,21,full_adam,2,0.3649888039,,,,2016,4.0249313e-05
44602,21,full_adam,3,0.2435587794,,,,2016,4.0249313e-05
44602,21,full_adam,4,0.1529300958,,,,2016,4.0249313e-05
44602,22,full_adam,0,0.07569202036,,,,2016,4.0249313e-05
44602,22,full_adam,1,0.02744205855,,,,2016,4.0249313e-05
44602,22,full_adam,2,0.01823670976,,,,2016,4.0249313e-05
44602,22,full_adam,3,0.02726187371,,,,2016,4.0249313e-05
44602,22,full_adam,4,0.02922610193,,,,2016,4.0249313e-05
44602,23,full_adam,0,0.02039346658,,,,2016,4.0249313e-05
44602,23,full_adam,1,0.02735940367,,,,2016,4.0249313e-05
44602,23,full_adam,2,0.01536982041,,,,2016,4.0249313e-05
44602,23,full_adam,3,0.01141508203,,,,2016,4.0249313e-05
44602,23,full_adam,4,0.01248614863,,,,2016,4.0249313e-05
44602,24,full_adam,0,0.008348036557,,,,2016,4.0249313e-05
44602,24,full_adam,1,0.04169734195,,,,2016,4.0249313e-05
44602,24,full_adam,2,0.02368885837,,,,2016,4.0249313e-05
44602,24,full_adam,3,0.01579627208,,,,2016,4.0249313e-05
44602,24,full_adam,4,0.02326253988,,,,2016,4.0249313e-05
44602,25,full_adam,0,0.3392203152,,,,2016,4.0249313e-05
44602,25,full_adam,1,0.1569710523,,,,2016,4.0249313e-05
44602,25,full_adam,2,0.06109979376,,,,2016,4.0249313e-05
44602,25,full_adam,3,0.02276680619,,,,2016,4.0249313e-05
44602,25,full_adam,4,0.02967771888,,,,2016,4.0249313e-05
44602,26,full_adam,0,0.1932185441,,,,2016,4.0249313e-05
44602,26,full_adam,1,0.1023320556,,,,2016,4.0249313e-05
44602,26,full_adam,2,0.06103027239,,,,2016,4.0249313e-05
44602,26,full_adam,3,0.04156767204,,,,2016,4.0249313e-05
44602,26,full_adam,4,0.04217163101,,,,2016,4.0249313e-05
44602,27,full_adam,0,0.02668344229,,,,2016,4.0249313e-05
44602,27,full_adam,1,0.02152278833,,,,2016,4.0249313e-05
44602,27,full_adam,2,0.02389348112,,,,2016,4.0249313e-05
44602,27,full_adam,3,0.02616430074,,,,2016,4.0249313e-05
44602,27,full_adam,4,0.02369322814,,,,2016,4.0249313e-05
44602,28,full_adam,0,0.1809996516,,,,2016,4.0249313e-05
44602,28,full_adam,1,0.09771758318,,,,2016,4.0249313e-05
44602,28,full_adam,2,0.0449452512,,,,2016,4.0249313e-05
44602,28,full_adam,3,0.0273500327,,,,2016,4.0249313e-05
44602,28,full_adam,4,0.01922736503,,,,2016,4.0249313e-05
44602,29,full_adam,0,0.2146417499,,,,2016,4.0249313e-05
44602,29,full_adam,1,0.1249136031,,,,2016,4.0249313e-05
44602,29,full_adam,2,0.05950479582,,,,2016,4.0249313e-05
44602,29,full_adam,3,0.03606233001,,,,2016,4.0249313e-05
44602,29,full_adam,4,0.03201703355,,,,2016,4.0249313e-05
44602,30,full_adam,0,0.2759984732,,,,2016,4.0249313e-05
44602,30,full_adam,1,0.165182367,,,,2016,4.0249313e-05
44602,30,full_adam,2,0.08779669553,,,,2016,4.0249313e-05
44602,30,full_adam,3,0.04071238264,,,,2016,4.0249313e-05
44602,30,full_adam,4,0.0203960333,,,,2016,4.0249313e-05
44602,31,full_adam,0,0.35575822,,,,2016,4.0249313e-05
44602,31,full_adam,1,0.190596357,,,,2016,4.0249313e-05
44602,31,full_adam,2,0.09554353356,,,,2016,4.0249313e-05
44602,31,full_adam,3,0.05503876507,,,,2016,4.0249313e-05
44602,31,full_adam,4,0.0434630923,,,,2016,4.0249313e-05
44602,0,lstm_full,0,0.07120215893,2908,30908,27732,17280,6.4722719e-05
44602,0,lstm_full,1,0.06741275638,2908,30908,27732,17280,6.4722719e-05
44602,0,lstm_full,2,0.06362953037,2908,30908,27732,17280,6.4722719e-05
44602,0,lstm_full,3,0.05859095231,2908,30908,27732,17280,6.4722719e-05
44602,0,lstm_full,4,0.04905690625,2908,30908,27732,17280,6.4722719e-05
44602,1,lstm_full,0,0.2246963382,2908,30908,27732,17280,6.4722719e-05
44602,1,lstm_full,1,0.2180474848,2908,30908,27732,17280,6.4722719e-05
44602,1,lstm_full,2,0.2079985738,2908,30908,27732,17280,6.4722719e-05
44602,1,lstm_full,3,0.1910597086,2908,30908,27732,17280,6.4722719e-05
44602,1,lstm_full,4,0.1632305831,2908,30908,27732,17280,6.4722719e-05
44602,2,lstm_full,0,0.3739335835,2908,30908,27732,17280,6.4722719e-05
44602,2,lstm_full,1,0.3630955219,2908,30908,27732,17280,6.4722719e-05
44602,2,lstm_full,2,0.3470565379,2908,30908,27732,17280,6.4722719e-05
44602,2,lstm_full,3,0.3225228488,2908,30908,27732,17280,6.4722719e-05
44602,2,lstm_full,4,0.2834102809,2908,30908,27732,17280,6.4722719e-05
44602,3,lstm_full,0,1.900706768,2908,30908,27732,17280,6.4722719e-05
44602,3,lstm_full,1,1.843445659,2908,30908,27732,17280,6.4722719e-05
44602,3,lstm_full,2,1.753059864,2908,30908,27732,17280,6.4722719e-05
44602,3,lstm_full,3,1.61270988,2908,30908,27732,17280,6.4722719e-05
44602,3,lstm_full,4,1.40651989,2908,30908,27732,17280,6.4722719e-05
44602,4,lstm_full,0,0.5665251017,2908,30908,27732,17280,6.4722719e-05
44602,4,lstm_full,1,0.5393345952,2908,30908,27732,17280,6.4722719e-05
44602,4,lstm_full,2,0.5064140558,2908,30908,27732,17280,6.4722719e-05
44602,4,lstm_full,3,0.4697516859,2908,30908,27732,17280,6.4722719e-05
44602,4,lstm_full,4,0.4335557222,2908,30908,27732,17280,6.4722719e-05
44602,5,lstm_full,0,0.172929123,2908,30908,27732,17280,6.4722719e-05
44602,5,lstm_full,1,0.1758656949,2908,30908,27732,17280,6.4722719e-05
44602,5,lstm_full,2,0.1778417975,2908,30908,27732,17280,6.4722719e-05
44602,5,lstm_full,3,0.171735689,2908,30908,27732,17280,6.4722719e-05
44602,5,lstm_full,4,0.1497621387,2908,30908,27732,17280,6.4722719e-05
44602,6,lstm_full,0,0.3474069834,2908,30908,27732,17280,6.4722719e-05
44602,6,lstm_full,1,0.3491256535,2908,30908,27732,17280,6.4722719e-05
44602,6,lstm_full,2,0.3454639018,2908,30908,27732,17280,6.4722719e-05
44602,6,lstm_full,3,0.3271492124,2908,30908,27732,17280,6.4722719e-05
44602,6,lstm_full,4,0.2818432152,2908,30908,27732,17280,6.4722719e-05
44602,7,lstm_full,0,0.6745061874,2908,30908,27732,17280,6.4722719e-05
44602,7,lstm_full,1,0.6408089995,2908,30908,27732,17280,6.4722719e-05
44602,7,lstm_full,2,0.592274487,2908,30908,27732,17280,6.4722719e-05
44602,7,lstm_full,3,0.5317149162,2908,30908,27732,17280,6.4722719e-05
44602,7,lstm_full,4,0.4591003954,2908,30908,27732,17280,6.4722719e-05
44602,8,lstm_full,0,0.04591045901,,,,17280,6.4722719e-05
44602,8,lstm_full,1,0.04081639647,,,,17280,6.4722719e-05
44602,8,lstm_full,2,0.03690138832,,,,17280,6.4722719e-05
44602,8,lstm_full,3,0.03369643912,,,,17280,6.4722719e-05
44602,8,lstm_full,4,0.02990559675,,,,17280,6.4722719e-05
44602,9,lstm_full,0,0.1752769351,,,,17280,6.4722719e-05
44602,9,lstm_full,1,0.1683179885,,,,17280,6.4722719e-05
44602,9,lstm_full,2,0.1592014283,,,,17280,6.4722719e-05
44602,9,lstm_full,3,0.1466256082,,,,17280,6.4722719e-05
44602,9,lstm_full,4,0.1270657629,,,,17280,6.4722719e-05
44602,10,lstm_full,0,0.3690853119,,,,17280,6.4722719e-05
44602,10,lstm_full,1,0.3736466169,,,,17280,6.4722719e-05
44602,10,lstm_full,2,0.372030735,,,,17280,6.4722719e-05
44602,10,lstm_full,3,0.3553005457,,,,17280,6.4722719e-05
44602,10,lstm_full,4,0.3056505024,,,,17280,6.4722719e-05
44602,11,lstm_full,0,1.884102225,,,,17280,6.4722719e-05
44602,11,lstm_full,1,1.877603412,,,,17280,6.4722719e-05
44602,11,lstm_full,2,1.81301868,,,,17280,6.4722719e-05
44602,11,lstm_full,3,1.654721618,,,,17280,6.4722719e-05
44602,11,lstm_full,4,1.343057036,,,,17280,6.4722719e-05
44602,12,lstm_full,0,0.2007458657,,,,17280,6.4722719e-05
44602,12,lstm_full,1,0.1964295506,,,,17280,6.4722719e-05
44602,12,lstm_full,2,0.1917318702,,,,17280,6.4722719e-05
44602,12,lstm_full,3,0.1819075495,,,,17280,6.4722719e-05
44602,12,lstm_full,4,0.160713017,,,,17280,6.4722719e-05
44602,13,lstm_full,0,0.1440255791,,,,17280,6.4722719e-05
44602,13,lstm_full,1,0.1478654295,,,,17280,6.4722719e-05
44602,13,lstm_full,2,0.1495026946,,,,17280,6.4722719e-05
44602,13,lstm_full,3,0.1421668231,,,,17280,6.4722719e-05
44602,13,lstm_full,4,0.1159970984,,,,17280,6.4722719e-05
44602,14,lstm_full,0,0.08161997795,,,,17280,6.4722719e-05
44602,14,lstm_full,1,0.07978117466,,,,17280,6.4722719e-05
44602,14,lstm_full,2,0.07826931775,,,,17280,6.4722719e-05
44602,14,lstm_full,3,0.07404208928,,,,17280,6.4722719e-05
44602,14,lstm_full,4,0.06288722157,,,,17280,6.4722719e-05
44602,15,lstm_full,0,0.04639652371,,,,17280,6.4722719e-05
44602,15,lstm_full,1,0.04927189276,,,,17280,6.4722719e-05
44602,15,lstm_full,2,0.05213369057,,,,17280,6.4722719e-05
44602,15,lstm_full,3,0.050798852,,,,17280,6.4722719e-05
44602,15,lstm_full,4,0.03911207244,,,,17280,6.4722719e-05
44602,16,lstm_full,0,1.162808299,,,,17280,6.4722719e-05
44602,16,lstm_full,1,1.113154054,,,,17280,6.4722719e-05
44602,16,lstm_full,2,1.04938221,,,,17280,6.4722719e-05
44602,16,lstm_full,3,0.9711360931,,,,17280,6.4722719e-05
44602,16,lstm_full,4,0.8756845593,,,,17280,6.4722719e-05
44602,17,lstm_full,0,1.436188221,,,,17280,6.4722719e-05
44602,17,lstm_full,1,1.393050671,,,,17280,6.4722719e-05
44602,17,lstm_full,2,1.324099779,,,,17280,6.4722719e-05
44602,17,lstm_full,3,1.221861005,,,,17280,6.4722719e-05
44602,17,lstm_full,4,1.077241421,,,,17280,6.4722719e-05
44602,18,lstm_full,0,0.3974018097,,,,17280,6.4722719e-05
44602,18,lstm_full,1,0.381831497,,,,17280,6.4722719e-05
44602,18,lstm_full,2,0.3608453274,,,,17280,6.4722719e-05
44602,18,lstm_full,3,0.3345952332,,,,17280,6.4722719e-05
44602,18,lstm_full,4,0.3011616766,,,,17280,6.4722719e-05
44602,19,lstm_full,0,0.05502513424,,,,17280,6.4722719e-05
44602,19,lstm_full,1,0.06466220319,,,,17280,6.4722719e-05
44602,19,lstm_full,2,0.07425516099,,,,17280,6.4722719e-05
44602,19,lstm_full,3,0.07610467076,,,,17280,6.4722719e-05
44602,19,lstm_full,4,0.05951300263,,,,17280,6.4722719e-05
44602,20,lstm_full,0,0.2125071883,,,,17280,6.4722719e-05
44602,20,lstm_full,1,0.2165450454,,,,17280,6.4722719e-05
44602,20,lstm_full,2,0.215946734,,,,17280,6.4722719e-05
44602,20,lstm_full,3,0.2031676024,,,,17280,6.4722719e-05
44602,20,lstm_full,4,0.166843906,,,,17280,6.4722719e-05
44602,21,lstm_full,0,0.76689291,,,,17280,6.4722719e-05
44602,21,lstm_full,1,0.7491743565,,,,17280,6.4722719e-05
44602,21,lstm_full,2,0.714669764,,,,17280,6.4722719e-05
44602,21,lstm_full,3,0.6517310739,,,,17280,6.4722719e-05
44602,21,lstm_full,4,0.5482853055,,,,17280,6.4722719e-05
44602,22,lstm_full,0,0.07569202036,,,,17280,6.4722719e-05
44602,22,lstm_full,1,0.07382189482,,,,17280,6.4722719e-05
44602,22,lstm_full,2,0.07281465828,,,,17280,6.4722719e-05
44602,22,lstm_full,3,0.07083984464,,,,17280,6.4722719e-05
44602,22,lstm_full,4,0.0636254847,,,,17280,6.4722719e-05
44602,23,lstm_full,0,0.02039346658,,,,17280,6.4722719e-05
44602,23,lstm_full,1,0.02496414632,,,,17280,6.4722719e-05
44602,23,lstm_full,2,0.03059756197,,,,17280,6.4722719e-05
44602,23,lstm_full,3,0.03272506222,,,,17280,6.4722719e-05
44602,23,lstm_full,4,0.02459554374,,,,17280,6.4722719e-05
44602,24,lstm_full,0,0.008348036557,,,,17280,6.4722719e-05
44602,24,lstm_full,1,0.01090410817,,,,17280,6.4722719e-05
44602,24,lstm_full,2,0.01530455053,,,,17280,6.4722719e-05
44602,24,lstm_full,3,0.01805774122,,,,17280,6.4722719e-05
44602,24,lstm_full,4,0.01358247083,,,,17280,6.4722719e-05
44602,25,lstm_full,0,0.3392203152,,,,17280,6.4722719e-05
44602,25,lstm_full,1,0.3185484111,,,,17280,6.4722719e-05
44602,25,lstm_full,2,0.2945343554,,,,17280,6.4722719e-05
44602,25,lstm_full,3,0.2688084543,,,,17280,6.4722719e-05
44602,25,lstm_full,4,0.2428290099,,,,17280,6.4722719e-05
44602,26,lstm_full,0,0.1932185441,,,,17280,6.4722719e-05
44602,26,lstm_full,1,0.1839232594,,,,17280,6.4722719e-05
44602,26,lstm_full,2,0.1732723564,,,,17280,6.4722719e-05
44602,26,lstm_full,3,0.1591521055,,,,17280,6.4722719e-05
44602,26,lstm_full,4,0.1403346956,,,,17280,6.4722719e-05
44602,27,lstm_full,0,0.02668344229,,,,17280,6.4722719e-05
44602,27,lstm_full,1,0.02324419282,,,,17280,6.4722719e-05
44602,27,lstm_full,2,0.02111832239,,,,17280,6.4722719e-05
44602,27,lstm_full,3,0.01969323121,,,,17280,6.4722719e-05
44602,27,lstm_full,4,0.01756695658,,,,17280,6.4722719e-05
44602,28,lstm_full,0,0.1809996516,,,,17280,6.4722719e-05
44602,28,lstm_full,1,0.1947014332,,,,17280,6.4722719e-05
44602,28,lstm_full,2,0.205186367,,,,17280,6.4722719e-05
44602,28,lstm_full,3,0.1994665414,,,,17280,6.4722719e-05
44602,28,lstm_full,4,0.1566495299,,,,17280,6.4722719e-05
44602,29,lstm_full,0,0.2146417499,,,,17280,6.4722719e-05
44602,29,lstm_full,1,0.2239091545,,,,17280,6.4722719e-05
44602,29,lstm_full,2,0.2279561013,,,,17280,6.4722719e-05
44602,29,lstm_full,3,0.2168199867,,,,17280,6.4722719e-05
44602,29,lstm_full,4,0.1760337353,,,,17280,6.4722719e-05
44602,30,lstm_full,0,0.2759984732,,,,17280,6.4722719e-05
44602,30,lstm_full,1,0.2849988043,,,,17280,6.4722719e-05
44602,30,lstm_full,2,0.2876395583,,,,17280,6.4722719e-05
44602,30,lstm_full,3,0.2717102766,,,,17280,6.4722719e-05
44602,30,lstm_full,4,0.2222830504,,,,17280,6.4722719e-05
44602,31,lstm_full,0,0.35575822,,,,17280,6.4722719e-05
44602,31,lstm_full,1,0.335901022,,,,17280,6.4722719e-05
44602,31,lstm_full,2,0.3119956255,,,,17280,6.4722719e-05
44602,31,lstm_full,3,0.2881647646,,,,17280,6.4722719e-05
44602,31,lstm_full,4,0.265088886,,,,17280,6.4722719e-05
