method,variant,world,model_seed,controls,single_mse_mean,composition_mse,composition_linearity_error,payload_bytes,payload_sha256,train_wall_seconds,cpu_batch1_latency_ms,selected_updates,parameter_count,analytic_active_macs_per_example
independent_adapters,aligned,11,29,0+1,5.679591492378539e-15,1.747751859145115e-14,0.0,1192,c8b10f5cb51f3364f94f192efcb4255e1a66f3af5ffa7963ffa2ca6e9f965177,0.34841833300015423,0.006892232006066479,1000,256,64
independent_adapters,aligned,11,29,0+2,5.679591492378539e-15,1.654270592580699e-14,0.0,1192,c8b10f5cb51f3364f94f192efcb4255e1a66f3af5ffa7963ffa2ca6e9f965177,0.34841833300015423,0.006849166005849838,1000,256,64
independent_adapters,aligned,11,29,0+3,5.679591492378539e-15,2.1990764244306238e-14,0.0,1192,c8b10f5cb51f3364f94f192efcb4255e1a66f3af5ffa7963ffa2ca6e9f965177,0.34841833300015423,0.006811432001995854,1000,256,64
independent_adapters,aligned,11,29,1+2,5.679591492378539e-15,2.4783169291190017e-14,0.0,1192,c8b10f5cb51f3364f94f192efcb4255e1a66f3af5ffa7963ffa2ca6e9f965177,0.34841833300015423,0.006722416001139209,1000,256,64
independent_adapters,aligned,11,29,1+3,5.679591492378539e-15,2.061809653130381e-14,0.0,1192,c8b10f5cb51f3364f94f192efcb4255e1a66f3af5ffa7963ffa2ca6e9f965177,0.34841833300015423,0.006734313996275887,1000,256,64
independent_adapters,aligned,11,29,2+3,5.679591492378539e-15,1.765715733890484e-14,0.0,1192,c8b10f5cb51f3364f94f192efcb4255e1a66f3af5ffa7963ffa2ca6e9f965177,0.34841833300015423,0.006707894004648551,1000,256,64
independent_adapters,aligned,11,41,0+1,5.250265008007935e-15,1.7631349939067897e-14,0.0,1192,6f3e01a98d56c1d389e9417dfb13c75a44959829474ee98ae64809573a824f19,0.347072468000988,0.006805662007536739,1000,256,64
independent_adapters,aligned,11,41,0+2,5.250265008007935e-15,1.647731498227896e-14,0.0,1192,6f3e01a98d56c1d389e9417dfb13c75a44959829474ee98ae64809573a824f19,0.347072468000988,0.006764220001059584,1000,256,64
independent_adapters,aligned,11,41,0+3,5.250265008007935e-15,2.103953608014429e-14,0.0,1192,6f3e01a98d56c1d389e9417dfb13c75a44959829474ee98ae64809573a824f19,0.347072468000988,0.0067406040034256876,1000,256,64
independent_adapters,aligned,11,41,1+2,5.250265008007935e-15,2.2302594341640225e-14,0.0,1192,6f3e01a98d56c1d389e9417dfb13c75a44959829474ee98ae64809573a824f19,0.347072468000988,0.006744090002030134,1000,256,64
independent_adapters,aligned,11,41,1+3,5.250265008007935e-15,2.006193300407074e-14,0.0,1192,6f3e01a98d56c1d389e9417dfb13c75a44959829474ee98ae64809573a824f19,0.347072468000988,0.00677417399128899,1000,256,64
independent_adapters,aligned,11,41,2+3,5.250265008007935e-15,1.7181334886718844e-14,0.0,1192,6f3e01a98d56c1d389e9417dfb13c75a44959829474ee98ae64809573a824f19,0.347072468000988,0.006835948006482795,1000,256,64
independent_adapters,aligned,11,53,0+1,5.193097377969203e-15,1.749987179092919e-14,0.0,1192,af31094b3ab5672440c41494a85d33e68b594369e65d8cb469a6bdeb892ff3f9,0.34347646599781,0.006839130001026206,1000,256,64
independent_adapters,aligned,11,53,0+2,5.193097377969203e-15,1.594554769799271e-14,0.0,1192,af31094b3ab5672440c41494a85d33e68b594369e65d8cb469a6bdeb892ff3f9,0.34347646599781,0.006837189997895621,1000,256,64
independent_adapters,aligned,11,53,0+3,5.193097377969203e-15,2.0877322494481515e-14,0.0,1192,af31094b3ab5672440c41494a85d33e68b594369e65d8cb469a6bdeb892ff3f9,0.34347646599781,0.006846541989943944,1000,256,64
independent_adapters,aligned,11,53,1+2,5.193097377969203e-15,2.3557656612114078e-14,0.0,1192,af31094b3ab5672440c41494a85d33e68b594369e65d8cb469a6bdeb892ff3f9,0.34347646599781,0.006889228010550141,1000,256,64
independent_adapters,aligned,11,53,1+3,5.193097377969203e-15,1.9132651463572153e-14,0.0,1192,af31094b3ab5672440c41494a85d33e68b594369e65d8cb469a6bdeb892ff3f9,0.34347646599781,0.0069380219938466325,1000,256,64
independent_adapters,aligned,11,53,2+3,5.193097377969203e-15,1.7689002389589814e-14,0.0,1192,af31094b3ab5672440c41494a85d33e68b594369e65d8cb469a6bdeb892ff3f9,0.34347646599781,0.006998231998295523,1000,256,64
independent_adapters,independent,11,29,0+1,7.455541861843226e-15,1.3814322170175534e-14,0.0,1192,2b303f8dcfdcd8edcf2086dc7fc7f356940ef5a36f07ba5e25f6b2f511a7a75b,0.3420556690034573,0.006757548006135039,1000,256,64
independent_adapters,independent,11,29,0+2,7.455541861843226e-15,2.456391820092503e-14,0.0,1192,2b303f8dcfdcd8edcf2086dc7fc7f356940ef5a36f07ba5e25f6b2f511a7a75b,0.3420556690034573,0.006737800009432249,1000,256,64
independent_adapters,independent,11,29,0+3,7.455541861843226e-15,1.9624276162422127e-14,0.0,1192,2b303f8dcfdcd8edcf2086dc7fc7f356940ef5a36f07ba5e25f6b2f511a7a75b,0.3420556690034573,0.006745089995092712,1000,256,64
independent_adapters,independent,11,29,1+2,7.455541861843226e-15,1.9888865538221848e-14,0.0,1192,2b303f8dcfdcd8edcf2086dc7fc7f356940ef5a36f07ba5e25f6b2f511a7a75b,0.3420556690034573,0.006793563996325247,1000,256,64
independent_adapters,independent,11,29,1+3,7.455541861843226e-15,1.649624108645241e-14,0.0,1192,2b303f8dcfdcd8edcf2086dc7fc7f356940ef5a36f07ba5e25f6b2f511a7a75b,0.3420556690034573,0.006817059998866171,1000,256,64
independent_adapters,independent,11,29,2+3,7.455541861843226e-15,2.251831669264695e-14,0.0,1192,2b303f8dcfdcd8edcf2086dc7fc7f356940ef5a36f07ba5e25f6b2f511a7a75b,0.3420556690034573,0.006779841991374269,1000,256,64
independent_adapters,independent,11,41,0+1,7.74053573194671e-15,1.474514954580286e-14,0.0,1192,05963f192fa22bbd16990971f4214ac42f3d6ec5465a6ae30cd352112e40b228,0.33954228699440137,0.006878872009110637,1000,256,64
independent_adapters,independent,11,41,0+2,7.74053573194671e-15,2.4819322351444725e-14,0.0,1192,05963f192fa22bbd16990971f4214ac42f3d6ec5465a6ae30cd352112e40b228,0.33954228699440137,0.006859183995402418,1000,256,64
independent_adapters,independent,11,41,0+3,7.74053573194671e-15,1.9310799433038678e-14,0.0,1192,05963f192fa22bbd16990971f4214ac42f3d6ec5465a6ae30cd352112e40b228,0.33954228699440137,0.006880554006784223,1000,256,64
independent_adapters,independent,11,41,1+2,7.74053573194671e-15,2.4803941927188482e-14,0.0,1192,05963f192fa22bbd16990971f4214ac42f3d6ec5465a6ae30cd352112e40b228,0.33954228699440137,0.006844561998150311,1000,256,64
independent_adapters,independent,11,41,1+3,7.74053573194671e-15,1.61153456166652e-14,0.0,1192,05963f192fa22bbd16990971f4214ac42f3d6ec5465a6ae30cd352112e40b228,0.33954228699440137,0.006813995991251431,1000,256,64
independent_adapters,independent,11,41,2+3,7.74053573194671e-15,2.3500332810375696e-14,0.0,1192,05963f192fa22bbd16990971f4214ac42f3d6ec5465a6ae30cd352112e40b228,0.33954228699440137,0.006829256002674811,1000,256,64
independent_adapters,independent,11,53,0+1,7.162432039676506e-15,1.4464259867966178e-14,0.0,1192,e6a74f87c60fda349aa0a9d7fe4e5cba5062e9214eb4a5dbca94ef4a4fb13aac,0.340102312999079,0.006828696001321077,1000,256,64
independent_adapters,independent,11,53,0+2,7.162432039676506e-15,2.2937276129017872e-14,0.0,1192,e6a74f87c60fda349aa0a9d7fe4e5cba5062e9214eb4a5dbca94ef4a4fb13aac,0.340102312999079,0.006789277991629206,1000,256,64
independent_adapters,independent,11,53,0+3,7.162432039676506e-15,1.9199207924435607e-14,0.0,1192,e6a74f87c60fda349aa0a9d7fe4e5cba5062e9214eb4a5dbca94ef4a4fb13aac,0.340102312999079,0.007132394006475806,1000,256,64
independent_adapters,independent,11,53,1+2,7.162432039676506e-15,2.0629152005331372e-14,0.0,1192,e6a74f87c60fda349aa0a9d7fe4e5cba5062e9214eb4a5dbca94ef4a4fb13aac,0.340102312999079,0.006824850002885796,1000,256,64
independent_adapters,independent,11,53,1+3,7.162432039676506e-15,1.53421044857098e-14,0.0,1192,e6a74f87c60fda349aa0a9d7fe4e5cba5062e9214eb4a5dbca94ef4a4fb13aac,0.340102312999079,0.006801756011554971,1000,256,64
independent_adapters,independent,11,53,2+3,7.162432039676506e-15,2.5748326065136613e-14,0.0,1192,e6a74f87c60fda349aa0a9d7fe4e5cba5062e9214eb4a5dbca94ef4a4fb13aac,0.340102312999079,0.006792642001528293,1000,256,64
independent_adapters,aligned,17,29,0+1,9.100908232324151e-15,3.4586140781845895e-14,0.0,1192,0ec9fffb12b55c6bba738534b74ccc275c3b880825fa89aaa7010f33490ee8fb,0.34040632999676745,0.006782246011425741,1000,256,64
independent_adapters,aligned,17,29,0+2,9.100908232324151e-15,3.678920232688676e-14,0.0,1192,0ec9fffb12b55c6bba738534b74ccc275c3b880825fa89aaa7010f33490ee8fb,0.34040632999676745,0.006815657994593494,1000,256,64
independent_adapters,aligned,17,29,0+3,9.100908232324151e-15,3.5177271523207515e-14,0.0,1192,0ec9fffb12b55c6bba738534b74ccc275c3b880825fa89aaa7010f33490ee8fb,0.34040632999676745,0.006896617996972054,1000,256,64
independent_adapters,aligned,17,29,1+2,9.100908232324151e-15,3.314903419034815e-14,0.0,1192,0ec9fffb12b55c6bba738534b74ccc275c3b880825fa89aaa7010f33490ee8fb,0.34040632999676745,0.006830060010543093,1000,256,64
independent_adapters,aligned,17,29,1+3,9.100908232324151e-15,3.2492065272062345e-14,0.0,1192,0ec9fffb12b55c6bba738534b74ccc275c3b880825fa89aaa7010f33490ee8fb,0.34040632999676745,0.006774234003387392,1000,256,64
independent_adapters,aligned,17,29,2+3,9.100908232324151e-15,3.2192032649617716e-14,0.0,1192,0ec9fffb12b55c6bba738534b74ccc275c3b880825fa89aaa7010f33490ee8fb,0.34040632999676745,0.006819101996370591,1000,256,64
independent_adapters,aligned,17,41,0+1,9.370049351424179e-15,3.528746034524993e-14,0.0,1192,74cc526a54ddc43b87182f82472c315d4a77b5191573d5786030447930c5bd31,0.3394848540046951,0.006729947999701835,1000,256,64
independent_adapters,aligned,17,41,0+2,9.370049351424179e-15,3.587405099001427e-14,0.0,1192,74cc526a54ddc43b87182f82472c315d4a77b5191573d5786030447930c5bd31,0.3394848540046951,0.006823970004916191,1000,256,64
independent_adapters,aligned,17,41,0+3,9.370049351424179e-15,3.3226581750735174e-14,0.0,1192,74cc526a54ddc43b87182f82472c315d4a77b5191573d5786030447930c5bd31,0.3394848540046951,0.006805702010751702,1000,256,64
independent_adapters,aligned,17,41,1+2,9.370049351424179e-15,3.5199158854564566e-14,0.0,1192,74cc526a54ddc43b87182f82472c315d4a77b5191573d5786030447930c5bd31,0.3394848540046951,0.0068154759937897325,1000,256,64
independent_adapters,aligned,17,41,1+3,9.370049351424179e-15,3.123459065175471e-14,0.0,1192,74cc526a54ddc43b87182f82472c315d4a77b5191573d5786030447930c5bd31,0.3394848540046951,0.006773433997295797,1000,256,64
independent_adapters,aligned,17,41,2+3,9.370049351424179e-15,3.1857078552823687e-14,0.0,1192,74cc526a54ddc43b87182f82472c315d4a77b5191573d5786030447930c5bd31,0.3394848540046951,0.006743206002283841,1000,256,64
independent_adapters,aligned,17,53,0+1,8.100355010302982e-15,3.304009220080409e-14,0.0,1192,e4e4a9dfa7f9d588cb7df4d9122c3c21239536d448301c40130d13db6e43fbf6,0.3398988770059077,0.0067765980056719854,1000,256,64
independent_adapters,aligned,17,53,0+2,8.100355010302982e-15,3.116417510878357e-14,0.0,1192,e4e4a9dfa7f9d588cb7df4d9122c3c21239536d448301c40130d13db6e43fbf6,0.3398988770059077,0.006766421996871941,1000,256,64
independent_adapters,aligned,17,53,0+3,8.100355010302982e-15,3.332790722001752e-14,0.0,1192,e4e4a9dfa7f9d588cb7df4d9122c3c21239536d448301c40130d13db6e43fbf6,0.3398988770059077,0.0067597140005091205,1000,256,64
independent_adapters,aligned,17,53,1+2,8.100355010302982e-15,3.2132601429906565e-14,0.0,1192,e4e4a9dfa7f9d588cb7df4d9122c3c21239536d448301c40130d13db6e43fbf6,0.3398988770059077,0.006752461995347403,1000,256,64
independent_adapters,aligned,17,53,1+3,8.100355010302982e-15,3.153618181482229e-14,0.0,1192,e4e4a9dfa7f9d588cb7df4d9122c3c21239536d448301c40130d13db6e43fbf6,0.3398988770059077,0.006843877999926917,1000,256,64
independent_adapters,aligned,17,53,2+3,8.100355010302982e-15,3.179755585355423e-14,0.0,1192,e4e4a9dfa7f9d588cb7df4d9122c3c21239536d448301c40130d13db6e43fbf6,0.3398988770059077,0.006842638002126478,1000,256,64
independent_adapters,independent,17,29,0+1,7.697680523496852e-15,1.9070170925250887e-14,0.0,1192,3754c13f1af670c4a660e6f0d08a8cc50a59780b4736cf40eb53fe69afd317ae,0.3406872430059593,0.006800996008678339,1000,256,64
independent_adapters,independent,17,29,0+2,7.697680523496852e-15,1.888236169798798e-14,0.0,1192,3754c13f1af670c4a660e6f0d08a8cc50a59780b4736cf40eb53fe69afd317ae,0.3406872430059593,0.006783347998862155,1000,256,64
independent_adapters,independent,17,29,0+3,7.697680523496852e-15,2.0228058187883938e-14,0.0,1192,3754c13f1af670c4a660e6f0d08a8cc50a59780b4736cf40eb53fe69afd317ae,0.3406872430059593,0.00678038400656078,1000,256,64
independent_adapters,independent,17,29,1+2,7.697680523496852e-15,2.1687085992056626e-14,0.0,1192,3754c13f1af670c4a660e6f0d08a8cc50a59780b4736cf40eb53fe69afd317ae,0.3406872430059593,0.0067767180007649586,1000,256,64
independent_adapters,independent,17,29,1+3,7.697680523496852e-15,2.0029760998668128e-14,0.0,1192,3754c13f1af670c4a660e6f0d08a8cc50a59780b4736cf40eb53fe69afd317ae,0.3406872430059593,0.006779681993066333,1000,256,64
independent_adapters,independent,17,29,2+3,7.697680523496852e-15,2.1306700436103665e-14,0.0,1192,3754c13f1af670c4a660e6f0d08a8cc50a59780b4736cf40eb53fe69afd317ae,0.3406872430059593,0.0067488579952623695,1000,256,64
independent_adapters,independent,17,41,0+1,7.0977395806926034e-15,2.0873421060726462e-14,0.0,1192,37c4052372cbc9a86363d1845bb8567e286e8f309f1da103433917ba97357740,0.3411865640009637,0.0068033779971301556,1000,256,64
independent_adapters,independent,17,41,0+2,7.0977395806926034e-15,1.972747865671559e-14,0.0,1192,37c4052372cbc9a86363d1845bb8567e286e8f309f1da103433917ba97357740,0.3411865640009637,0.006830980011727661,1000,256,64
independent_adapters,independent,17,41,0+3,7.0977395806926034e-15,1.8875946270445476e-14,0.0,1192,37c4052372cbc9a86363d1845bb8567e286e8f309f1da103433917ba97357740,0.3411865640009637,0.006762416000128724,1000,256,64
independent_adapters,independent,17,41,1+2,7.0977395806926034e-15,2.0560789670224372e-14,0.0,1192,37c4052372cbc9a86363d1845bb8567e286e8f309f1da103433917ba97357740,0.3411865640009637,0.0067950259981444106,1000,256,64
independent_adapters,independent,17,41,1+3,7.0977395806926034e-15,1.9992967581505296e-14,0.0,1192,37c4052372cbc9a86363d1845bb8567e286e8f309f1da103433917ba97357740,0.3411865640009637,0.006801235998864286,1000,256,64
independent_adapters,independent,17,41,2+3,7.0977395806926034e-15,1.9696399323814937e-14,0.0,1192,37c4052372cbc9a86363d1845bb8567e286e8f309f1da103433917ba97357740,0.3411865640009637,0.006725400002324022,1000,256,64
independent_adapters,independent,17,53,0+1,7.95759957138365e-15,2.159733099283377e-14,0.0,1192,097de43fd87f9eff02adb5db74b36c871841f7165fb58ffbc55aec436a706b93,0.3449449999970966,0.00683925200428348,1000,256,64
independent_adapters,independent,17,53,0+2,7.95759957138365e-15,2.094927116708719e-14,0.0,1192,097de43fd87f9eff02adb5db74b36c871841f7165fb58ffbc55aec436a706b93,0.3449449999970966,0.006864089998998679,1000,256,64
independent_adapters,independent,17,53,0+3,7.95759957138365e-15,2.0603981574270763e-14,0.0,1192,097de43fd87f9eff02adb5db74b36c871841f7165fb58ffbc55aec436a706b93,0.3449449999970966,0.007222407992230728,1000,256,64
independent_adapters,independent,17,53,1+2,7.95759957138365e-15,2.2881814105697555e-14,0.0,1192,097de43fd87f9eff02adb5db74b36c871841f7165fb58ffbc55aec436a706b93,0.3449449999970966,0.006895036000059918,1000,256,64
independent_adapters,independent,17,53,1+3,7.95759957138365e-15,2.314015237834654e-14,0.0,1192,097de43fd87f9eff02adb5db74b36c871841f7165fb58ffbc55aec436a706b93,0.3449449999970966,0.006885823997436091,1000,256,64
independent_adapters,independent,17,53,2+3,7.95759957138365e-15,2.5544592618465325e-14,0.0,1192,097de43fd87f9eff02adb5db74b36c871841f7165fb58ffbc55aec436a706b93,0.3449449999970966,0.006812050007283688,1000,256,64
independent_adapters,aligned,23,29,0+1,7.291420016829404e-15,2.975590151881036e-14,0.0,1192,3a3a38a0b33712445fd835b1717c6c2c4febc9bfa65a78503c10221aca394993,0.3458626509964233,0.006761614000424743,1000,256,64
independent_adapters,aligned,23,29,0+2,7.291420016829404e-15,2.5459828337367693e-14,0.0,1192,3a3a38a0b33712445fd835b1717c6c2c4febc9bfa65a78503c10221aca394993,0.3458626509964233,0.006745471997419372,1000,256,64
independent_adapters,aligned,23,29,0+3,7.291420016829404e-15,3.195059099020056e-14,0.0,1192,3a3a38a0b33712445fd835b1717c6c2c4febc9bfa65a78503c10221aca394993,0.3458626509964233,0.006835265987319872,1000,256,64
independent_adapters,aligned,23,29,1+2,7.291420016829404e-15,1.9459780669999448e-14,0.0,1192,3a3a38a0b33712445fd835b1717c6c2c4febc9bfa65a78503c10221aca394993,0.3458626509964233,0.00682182599848602,1000,256,64
independent_adapters,aligned,23,29,1+3,7.291420016829404e-15,2.883235100323289e-14,0.0,1192,3a3a38a0b33712445fd835b1717c6c2c4febc9bfa65a78503c10221aca394993,0.3458626509964233,0.006848325996543281,1000,256,64
independent_adapters,aligned,23,29,2+3,7.291420016829404e-15,2.244685082882121e-14,0.0,1192,3a3a38a0b33712445fd835b1717c6c2c4febc9bfa65a78503c10221aca394993,0.3458626509964233,0.0067680039937840775,1000,256,64
independent_adapters,aligned,23,41,0+1,7.050683512340838e-15,2.941827418603479e-14,0.0,1192,33cab2fa163f732165c50c7b8d13fdcd6b8b4dbcc2c050283102594501ad8536,0.34327024000231177,0.0073271480068797246,1000,256,64
independent_adapters,aligned,23,41,0+2,7.050683512340838e-15,2.419701402136057e-14,0.0,1192,33cab2fa163f732165c50c7b8d13fdcd6b8b4dbcc2c050283102594501ad8536,0.34327024000231177,0.006869335993542336,1000,256,64
independent_adapters,aligned,23,41,0+3,7.050683512340838e-15,2.9517031451421066e-14,0.0,1192,33cab2fa163f732165c50c7b8d13fdcd6b8b4dbcc2c050283102594501ad8536,0.34327024000231177,0.006765181999071501,1000,256,64
independent_adapters,aligned,23,41,1+2,7.050683512340838e-15,1.9587948613380285e-14,0.0,1192,33cab2fa163f732165c50c7b8d13fdcd6b8b4dbcc2c050283102594501ad8536,0.34327024000231177,0.006808346006437205,1000,256,64
independent_adapters,aligned,23,41,1+3,7.050683512340838e-15,2.983807726722118e-14,0.0,1192,33cab2fa163f732165c50c7b8d13fdcd6b8b4dbcc2c050283102594501ad8536,0.34327024000231177,0.0067968880030093715,1000,256,64
independent_adapters,aligned,23,41,2+3,7.050683512340838e-15,2.2103612749803034e-14,0.0,1192,33cab2fa163f732165c50c7b8d13fdcd6b8b4dbcc2c050283102594501ad8536,0.34327024000231177,0.006909237999934703,1000,256,64
independent_adapters,aligned,23,53,0+1,8.118038305384573e-15,2.9668270878219216e-14,0.0,1192,7ea28ec78d426e3c1daf8570ccdd9e684bf2360b0623921a8df6206de20e57d9,0.3433824989988352,0.0068607439898187295,1000,256,64
independent_adapters,aligned,23,53,0+2,8.118038305384573e-15,2.7454343594530972e-14,0.0,1192,7ea28ec78d426e3c1daf8570ccdd9e684bf2360b0623921a8df6206de20e57d9,0.3433824989988352,0.006757388007827103,1000,256,64
independent_adapters,aligned,23,53,0+3,8.118038305384573e-15,3.1184802055115105e-14,0.0,1192,7ea28ec78d426e3c1daf8570ccdd9e684bf2360b0623921a8df6206de20e57d9,0.3433824989988352,0.006759251991752535,1000,256,64
independent_adapters,aligned,23,53,1+2,8.118038305384573e-15,2.2640504583420172e-14,0.0,1192,7ea28ec78d426e3c1daf8570ccdd9e684bf2360b0623921a8df6206de20e57d9,0.3433824989988352,0.0070290179864969105,1000,256,64
independent_adapters,aligned,23,53,1+3,8.118038305384573e-15,3.242627114085142e-14,0.0,1192,7ea28ec78d426e3c1daf8570ccdd9e684bf2360b0623921a8df6206de20e57d9,0.3433824989988352,0.006769206011085771,1000,256,64
independent_adapters,aligned,23,53,2+3,8.118038305384573e-15,2.439911777664134e-14,0.0,1192,7ea28ec78d426e3c1daf8570ccdd9e684bf2360b0623921a8df6206de20e57d9,0.3433824989988352,0.0067921420122729614,1000,256,64
independent_adapters,independent,23,29,0+1,7.44695739468104e-15,2.406411116380458e-14,0.0,1192,22de4951487ab6e23103d0d94409fb04f05b1a7d29017182b8b5425ac15a1a23,0.34781604100135155,0.006704087994876318,1000,256,64
independent_adapters,independent,23,29,0+2,7.44695739468104e-15,2.2920335470072786e-14,0.0,1192,22de4951487ab6e23103d0d94409fb04f05b1a7d29017182b8b5425ac15a1a23,0.34781604100135155,0.006713441995088942,1000,256,64
independent_adapters,independent,23,29,0+3,7.44695739468104e-15,1.9630850832158715e-14,0.0,1192,22de4951487ab6e23103d0d94409fb04f05b1a7d29017182b8b5425ac15a1a23,0.34781604100135155,0.007305753999389708,1000,256,64
independent_adapters,independent,23,29,1+2,7.44695739468104e-15,2.036087973027699e-14,0.0,1192,22de4951487ab6e23103d0d94409fb04f05b1a7d29017182b8b5425ac15a1a23,0.34781604100135155,0.007046204002108425,1000,256,64
independent_adapters,independent,23,29,1+3,7.44695739468104e-15,1.597770784493406e-14,0.0,1192,22de4951487ab6e23103d0d94409fb04f05b1a7d29017182b8b5425ac15a1a23,0.34781604100135155,0.006754324000212364,1000,256,64
independent_adapters,independent,23,29,2+3,7.44695739468104e-15,1.7072525034314556e-14,0.0,1192,22de4951487ab6e23103d0d94409fb04f05b1a7d29017182b8b5425ac15a1a23,0.34781604100135155,0.006802698000683449,1000,256,64
independent_adapters,independent,23,41,0+1,7.80903168650114e-15,2.461394057865808e-14,0.0,1192,c50a5836b28c1c65290e584749f2cc4af3b6be7106f0092511f57568bacb15e4,0.34185089400125435,0.006775033994927071,1000,256,64
independent_adapters,independent,23,41,0+2,7.80903168650114e-15,2.305639606645614e-14,0.0,1192,c50a5836b28c1c65290e584749f2cc4af3b6be7106f0092511f57568bacb15e4,0.34185089400125435,0.006766502003301866,1000,256,64
independent_adapters,independent,23,41,0+3,7.80903168650114e-15,1.9236101291486216e-14,0.0,1192,c50a5836b28c1c65290e584749f2cc4af3b6be7106f0092511f57568bacb15e4,0.34185089400125435,0.0067480559955583885,1000,256,64
independent_adapters,independent,23,41,1+2,7.80903168650114e-15,2.1790688285901194e-14,0.0,1192,c50a5836b28c1c65290e584749f2cc4af3b6be7106f0092511f57568bacb15e4,0.34185089400125435,0.006717730007949285,1000,256,64
independent_adapters,independent,23,41,1+3,7.80903168650114e-15,1.7361898594150937e-14,0.0,1192,c50a5836b28c1c65290e584749f2cc4af3b6be7106f0092511f57568bacb15e4,0.34185089400125435,0.006718652002746239,1000,256,64
independent_adapters,independent,23,41,2+3,7.80903168650114e-15,1.5735900267283692e-14,0.0,1192,c50a5836b28c1c65290e584749f2cc4af3b6be7106f0092511f57568bacb15e4,0.34185089400125435,0.006741566001437604,1000,256,64
independent_adapters,independent,23,53,0+1,7.451035646563833e-15,2.4689316346568346e-14,0.0,1192,2d167fa824823ca93e3c95c3cddd90fdedb0a33d3b9026d680937446f296fbeb,0.3416758499952266,0.006823448013165034,1000,256,64
independent_adapters,independent,23,53,0+2,7.451035646563833e-15,2.2096702655019333e-14,0.0,1192,2d167fa824823ca93e3c95c3cddd90fdedb0a33d3b9026d680937446f296fbeb,0.3416758499952266,0.006884500005980954,1000,256,64
independent_adapters,independent,23,53,0+3,7.451035646563833e-15,1.979646101993998e-14,0.0,1192,2d167fa824823ca93e3c95c3cddd90fdedb0a33d3b9026d680937446f296fbeb,0.3416758499952266,0.006953023999813013,1000,256,64
independent_adapters,independent,23,53,1+2,7.451035646563833e-15,2.1630859945017886e-14,0.0,1192,2d167fa824823ca93e3c95c3cddd90fdedb0a33d3b9026d680937446f296fbeb,0.3416758499952266,0.006759891999536194,1000,256,64
independent_adapters,independent,23,53,1+3,7.451035646563833e-15,1.9591490905165702e-14,0.0,1192,2d167fa824823ca93e3c95c3cddd90fdedb0a33d3b9026d680937446f296fbeb,0.3416758499952266,0.0067147059889975935,1000,256,64
independent_adapters,independent,23,53,2+3,7.451035646563833e-15,1.647907003454567e-14,0.0,1192,2d167fa824823ca93e3c95c3cddd90fdedb0a33d3b9026d680937446f296fbeb,0.3416758499952266,0.006726081992383115,1000,256,64
mirror_givens,aligned,11,29,0+1,1.700852476460568e-05,4.1540410165907815e-05,0.0,440,ef614a4800726e44e73f9e1c954e3d4a1c9a6e4f6dc117509783db403108224b,0.20555001799948514,0.2702293619950069,100,68,80
mirror_givens,aligned,11,29,0+2,1.700852476460568e-05,4.113456088816747e-05,0.0,440,ef614a4800726e44e73f9e1c954e3d4a1c9a6e4f6dc117509783db403108224b,0.20555001799948514,0.2697842519992264,100,68,80
mirror_givens,aligned,11,29,0+3,1.700852476460568e-05,5.723572030547075e-05,0.0,440,ef614a4800726e44e73f9e1c954e3d4a1c9a6e4f6dc117509783db403108224b,0.20555001799948514,0.2681969839904923,100,68,80
mirror_givens,aligned,11,29,1+2,1.700852476460568e-05,6.0865979321533814e-05,0.0,440,ef614a4800726e44e73f9e1c954e3d4a1c9a6e4f6dc117509783db403108224b,0.20555001799948514,0.26974775599956047,100,68,80
mirror_givens,aligned,11,29,1+3,1.700852476460568e-05,4.223686846671626e-05,0.0,440,ef614a4800726e44e73f9e1c954e3d4a1c9a6e4f6dc117509783db403108224b,0.20555001799948514,0.2704685619974043,100,68,80
mirror_givens,aligned,11,29,2+3,1.700852476460568e-05,4.529489888227545e-05,0.0,440,ef614a4800726e44e73f9e1c954e3d4a1c9a6e4f6dc117509783db403108224b,0.20555001799948514,0.26828239200403914,100,68,80
mirror_givens,aligned,11,41,0+1,1.7557312276039738e-05,4.6237604692578316e-05,0.0,440,6df8e9ae73067bf1bdbc8049928833d9f6975f5827f5c295e2e62a74d95048ca,0.19812696600274649,0.267780838010367,100,68,80
mirror_givens,aligned,11,41,0+2,1.7557312276039738e-05,4.61332529084757e-05,0.0,440,6df8e9ae73067bf1bdbc8049928833d9f6975f5827f5c295e2e62a74d95048ca,0.19812696600274649,0.26549836198682897,100,68,80
mirror_givens,aligned,11,41,0+3,1.7557312276039738e-05,6.438211858039722e-05,0.0,440,6df8e9ae73067bf1bdbc8049928833d9f6975f5827f5c295e2e62a74d95048ca,0.19812696600274649,0.26910392800346017,100,68,80
mirror_givens,aligned,11,41,1+2,1.7557312276039738e-05,6.786138692405075e-05,0.0,440,6df8e9ae73067bf1bdbc8049928833d9f6975f5827f5c295e2e62a74d95048ca,0.19812696600274649,0.26646383600018453,100,68,80
mirror_givens,aligned,11,41,1+3,1.7557312276039738e-05,5.725333539885469e-05,0.0,440,6df8e9ae73067bf1bdbc8049928833d9f6975f5827f5c295e2e62a74d95048ca,0.19812696600274649,0.2703315379912965,100,68,80
mirror_givens,aligned,11,41,2+3,1.7557312276039738e-05,5.590018554357812e-05,0.0,440,6df8e9ae73067bf1bdbc8049928833d9f6975f5827f5c295e2e62a74d95048ca,0.19812696600274649,0.2786909540009219,100,68,80
mirror_givens,aligned,11,53,0+1,1.7867062751975027e-05,4.1627099562902004e-05,0.0,440,50c23fe7c3706d7eceeac7a299b3635bbae827f42f5ce42ec3120f4e990ce3ce,0.2115551349997986,0.2703983179962961,100,68,80
mirror_givens,aligned,11,53,0+2,1.7867062751975027e-05,4.950368020217866e-05,0.0,440,50c23fe7c3706d7eceeac7a299b3635bbae827f42f5ce42ec3120f4e990ce3ce,0.2115551349997986,0.27601430800859816,100,68,80
mirror_givens,aligned,11,53,0+3,1.7867062751975027e-05,6.0964863223489374e-05,0.0,440,50c23fe7c3706d7eceeac7a299b3635bbae827f42f5ce42ec3120f4e990ce3ce,0.2115551349997986,0.28118482799618505,100,68,80
mirror_givens,aligned,11,53,1+2,1.7867062751975027e-05,6.605998351005837e-05,0.0,440,50c23fe7c3706d7eceeac7a299b3635bbae827f42f5ce42ec3120f4e990ce3ce,0.2115551349997986,0.2764624840056058,100,68,80
mirror_givens,aligned,11,53,1+3,1.7867062751975027e-05,4.3145490053575486e-05,0.0,440,50c23fe7c3706d7eceeac7a299b3635bbae827f42f5ce42ec3120f4e990ce3ce,0.2115551349997986,0.27916286600520834,100,68,80
mirror_givens,aligned,11,53,2+3,1.7867062751975027e-05,5.053271888755262e-05,0.0,440,50c23fe7c3706d7eceeac7a299b3635bbae827f42f5ce42ec3120f4e990ce3ce,0.2115551349997986,0.27521140000317246,100,68,80
mirror_givens,independent,11,29,0+1,0.6547135561704636,0.9361384510993958,0.0,440,d7bcff6025c7548f67b3cf258d3c965a4336e56f2b8c82a29b46b0d807366a1e,0.20658480499696452,0.27279616599844303,100,68,80
mirror_givens,independent,11,29,0+2,0.6547135561704636,1.5568373203277588,0.0,440,d7bcff6025c7548f67b3cf258d3c965a4336e56f2b8c82a29b46b0d807366a1e,0.20658480499696452,0.2710234580008546,100,68,80
mirror_givens,independent,11,29,0+3,0.6547135561704636,1.3645395040512085,0.0,440,d7bcff6025c7548f67b3cf258d3c965a4336e56f2b8c82a29b46b0d807366a1e,0.20658480499696452,0.342495114004123,100,68,80
mirror_givens,independent,11,29,1+2,0.6547135561704636,0.9607855081558228,0.0,440,d7bcff6025c7548f67b3cf258d3c965a4336e56f2b8c82a29b46b0d807366a1e,0.20658480499696452,0.2655619260040112,100,68,80
mirror_givens,independent,11,29,1+3,0.6547135561704636,1.5625064373016357,0.0,440,d7bcff6025c7548f67b3cf258d3c965a4336e56f2b8c82a29b46b0d807366a1e,0.20658480499696452,0.264747694003745,100,68,80
mirror_givens,independent,11,29,2+3,0.6547135561704636,2.1052756309509277,0.0,440,d7bcff6025c7548f67b3cf258d3c965a4336e56f2b8c82a29b46b0d807366a1e,0.20658480499696452,0.26526421000016853,100,68,80
mirror_givens,independent,11,41,0+1,0.652876228094101,0.9076500535011292,0.0,440,050b5bf3ad87365f990e23014f53d3f925753b2d69d9d27c68ba577d086a9106,0.19818951100023696,0.26920786598930135,100,68,80
mirror_givens,independent,11,41,0+2,0.652876228094101,1.6605489253997803,0.0,440,050b5bf3ad87365f990e23014f53d3f925753b2d69d9d27c68ba577d086a9106,0.19818951100023696,0.2699572720011929,100,68,80
mirror_givens,independent,11,41,0+3,0.652876228094101,1.2737265825271606,0.0,440,050b5bf3ad87365f990e23014f53d3f925753b2d69d9d27c68ba577d086a9106,0.19818951100023696,0.26736154600803275,100,68,80
mirror_givens,independent,11,41,1+2,0.652876228094101,1.1088039875030518,0.0,440,050b5bf3ad87365f990e23014f53d3f925753b2d69d9d27c68ba577d086a9106,0.19818951100023696,0.2688152360060485,100,68,80
mirror_givens,independent,11,41,1+3,0.652876228094101,1.5671582221984863,0.0,440,050b5bf3ad87365f990e23014f53d3f925753b2d69d9d27c68ba577d086a9106,0.19818951100023696,0.27527200999611523,100,68,80
mirror_givens,independent,11,41,2+3,0.652876228094101,2.1051807403564453,0.0,440,050b5bf3ad87365f990e23014f53d3f925753b2d69d9d27c68ba577d086a9106,0.19818951100023696,0.2724916659935843,100,68,80
mirror_givens,independent,11,53,0+1,0.6519843637943268,0.9848498106002808,0.0,440,2df23e89c39f89e94ec46bbd6c8275823dae7549cef1c95d7ae7635e55bda2cf,0.20185389499965822,0.2727055480063427,100,68,80
mirror_givens,independent,11,53,0+2,0.6519843637943268,1.6156672239303589,0.0,440,2df23e89c39f89e94ec46bbd6c8275823dae7549cef1c95d7ae7635e55bda2cf,0.20185389499965822,0.27079092799976934,100,68,80
mirror_givens,independent,11,53,0+3,0.6519843637943268,1.3812880516052246,0.0,440,2df23e89c39f89e94ec46bbd6c8275823dae7549cef1c95d7ae7635e55bda2cf,0.20185389499965822,0.27143090999743436,100,68,80
mirror_givens,independent,11,53,1+2,0.6519843637943268,0.9285012483596802,0.0,440,2df23e89c39f89e94ec46bbd6c8275823dae7549cef1c95d7ae7635e55bda2cf,0.20185389499965822,0.2707632459932938,100,68,80
mirror_givens,independent,11,53,1+3,0.6519843637943268,1.558519959449768,0.0,440,2df23e89c39f89e94ec46bbd6c8275823dae7549cef1c95d7ae7635e55bda2cf,0.20185389499965822,0.27161341400642414,100,68,80
mirror_givens,independent,11,53,2+3,0.6519843637943268,2.106476306915283,0.0,440,2df23e89c39f89e94ec46bbd6c8275823dae7549cef1c95d7ae7635e55bda2cf,0.20185389499965822,0.2690492080000695,100,68,80
mirror_givens,aligned,17,29,0+1,1.964525017683627e-05,7.476958853658289e-05,0.0,440,f037582f3b6635967bdc35f63b0800669a6bf789014e8fe9e8e097cb13216f73,0.200442772002134,0.2754759380040923,100,68,80
mirror_givens,aligned,17,29,0+2,1.964525017683627e-05,7.743871537968516e-05,0.0,440,f037582f3b6635967bdc35f63b0800669a6bf789014e8fe9e8e097cb13216f73,0.200442772002134,0.26745338599721435,100,68,80
mirror_givens,aligned,17,29,0+3,1.964525017683627e-05,7.56085937609896e-05,0.0,440,f037582f3b6635967bdc35f63b0800669a6bf789014e8fe9e8e097cb13216f73,0.200442772002134,0.26692999800434336,100,68,80
mirror_givens,aligned,17,29,1+2,1.964525017683627e-05,7.7104676165618e-05,0.0,440,f037582f3b6635967bdc35f63b0800669a6bf789014e8fe9e8e097cb13216f73,0.200442772002134,0.2678050139948027,100,68,80
mirror_givens,aligned,17,29,1+3,1.964525017683627e-05,6.655624747509137e-05,0.0,440,f037582f3b6635967bdc35f63b0800669a6bf789014e8fe9e8e097cb13216f73,0.200442772002134,0.27325038801063783,100,68,80
mirror_givens,aligned,17,29,2+3,1.964525017683627e-05,7.207770249806345e-05,0.0,440,f037582f3b6635967bdc35f63b0800669a6bf789014e8fe9e8e097cb13216f73,0.200442772002134,0.2669814540131483,100,68,80
mirror_givens,aligned,17,41,0+1,2.1781369014206575e-05,8.552063081879169e-05,0.0,440,ef1852cf218325546b7e1c194d046c1d011fadfbf75d25f106f6bf3568d37e15,0.19892576900019776,0.27409175600041635,100,68,80
mirror_givens,aligned,17,41,0+2,2.1781369014206575e-05,8.570827048970386e-05,0.0,440,ef1852cf218325546b7e1c194d046c1d011fadfbf75d25f106f6bf3568d37e15,0.19892576900019776,0.26717079999798443,100,68,80
mirror_givens,aligned,17,41,0+3,2.1781369014206575e-05,8.221976167988032e-05,0.0,440,ef1852cf218325546b7e1c194d046c1d011fadfbf75d25f106f6bf3568d37e15,0.19892576900019776,0.26897691799968015,100,68,80
mirror_givens,aligned,17,41,1+2,2.1781369014206575e-05,8.521291601937264e-05,0.0,440,ef1852cf218325546b7e1c194d046c1d011fadfbf75d25f106f6bf3568d37e15,0.19892576900019776,0.27561793199856766,100,68,80
mirror_givens,aligned,17,41,1+3,2.1781369014206575e-05,7.186377479229122e-05,0.0,440,ef1852cf218325546b7e1c194d046c1d011fadfbf75d25f106f6bf3568d37e15,0.19892576900019776,0.26767631999973673,100,68,80
mirror_givens,aligned,17,41,2+3,2.1781369014206575e-05,7.738987915217876e-05,0.0,440,ef1852cf218325546b7e1c194d046c1d011fadfbf75d25f106f6bf3568d37e15,0.19892576900019776,0.2677155380079057,100,68,80
mirror_givens,aligned,17,53,0+1,2.4215738449129276e-05,8.67165726958774e-05,0.0,440,c5678d5416671deafb77a4e629d2063dee55fea07b3c95259a6ab75cd5e518d7,0.19936452000547433,0.264789535998716,100,68,80
mirror_givens,aligned,17,53,0+2,2.4215738449129276e-05,8.923451241571456e-05,0.0,440,c5678d5416671deafb77a4e629d2063dee55fea07b3c95259a6ab75cd5e518d7,0.19936452000547433,0.2634301299985964,100,68,80
mirror_givens,aligned,17,53,0+3,2.4215738449129276e-05,9.33100818656385e-05,0.0,440,c5678d5416671deafb77a4e629d2063dee55fea07b3c95259a6ab75cd5e518d7,0.19936452000547433,0.26506037199578714,100,68,80
mirror_givens,aligned,17,53,1+2,2.4215738449129276e-05,9.040451550390571e-05,0.0,440,c5678d5416671deafb77a4e629d2063dee55fea07b3c95259a6ab75cd5e518d7,0.19936452000547433,0.2628715080063557,100,68,80
mirror_givens,aligned,17,53,1+3,2.4215738449129276e-05,7.810074021108449e-05,0.0,440,c5678d5416671deafb77a4e629d2063dee55fea07b3c95259a6ab75cd5e518d7,0.19936452000547433,0.2644483620097162,100,68,80
mirror_givens,aligned,17,53,2+3,2.4215738449129276e-05,8.756353054195642e-05,0.0,440,c5678d5416671deafb77a4e629d2063dee55fea07b3c95259a6ab75cd5e518d7,0.19936452000547433,0.26478705200133845,100,68,80
mirror_givens,independent,17,29,0+1,0.6841961890459061,1.1709383726119995,0.0,440,7aff24858e8b41692acf31df6517fbe766088326f2cd57968343b8954966825b,0.19827834500028985,0.26372058800188825,100,68,80
mirror_givens,independent,17,29,0+2,0.6841961890459061,0.9473898410797119,0.0,440,7aff24858e8b41692acf31df6517fbe766088326f2cd57968343b8954966825b,0.19827834500028985,0.2629309780022595,100,68,80
mirror_givens,independent,17,29,0+3,0.6841961890459061,1.236746072769165,0.0,440,7aff24858e8b41692acf31df6517fbe766088326f2cd57968343b8954966825b,0.19827834500028985,0.265996191999875,100,68,80
mirror_givens,independent,17,29,1+2,0.6841961890459061,1.0644991397857666,0.0,440,7aff24858e8b41692acf31df6517fbe766088326f2cd57968343b8954966825b,0.19827834500028985,0.2643193299882114,100,68,80
mirror_givens,independent,17,29,1+3,0.6841961890459061,1.419726014137268,0.0,440,7aff24858e8b41692acf31df6517fbe766088326f2cd57968343b8954966825b,0.19827834500028985,0.26716659200610593,100,68,80
mirror_givens,independent,17,29,2+3,0.6841961890459061,1.1372724771499634,0.0,440,7aff24858e8b41692acf31df6517fbe766088326f2cd57968343b8954966825b,0.19827834500028985,0.27215161599451676,100,68,80
mirror_givens,independent,17,41,0+1,0.6849047243595123,1.0761468410491943,0.0,440,bd4866e75128540c9c23f2bb568a2b11a10bc94f336abd81d569738cc3475ef8,0.19992018600169104,0.27438317400810774,100,68,80
mirror_givens,independent,17,41,0+2,0.6849047243595123,0.849442720413208,0.0,440,bd4866e75128540c9c23f2bb568a2b11a10bc94f336abd81d569738cc3475ef8,0.19992018600169104,0.2728451980074169,100,68,80
mirror_givens,independent,17,41,0+3,0.6849047243595123,1.3006680011749268,0.0,440,bd4866e75128540c9c23f2bb568a2b11a10bc94f336abd81d569738cc3475ef8,0.19992018600169104,0.29227904400613625,100,68,80
mirror_givens,independent,17,41,1+2,0.6849047243595123,1.0191049575805664,0.0,440,bd4866e75128540c9c23f2bb568a2b11a10bc94f336abd81d569738cc3475ef8,0.19992018600169104,0.2769975080009317,100,68,80
mirror_givens,independent,17,41,1+3,0.6849047243595123,1.4585731029510498,0.0,440,bd4866e75128540c9c23f2bb568a2b11a10bc94f336abd81d569738cc3475ef8,0.19992018600169104,0.2706655980000505,100,68,80
mirror_givens,independent,17,41,2+3,0.6849047243595123,1.2138252258300781,0.0,440,bd4866e75128540c9c23f2bb568a2b11a10bc94f336abd81d569738cc3475ef8,0.19992018600169104,0.271731422006269,100,68,80
mirror_givens,independent,17,53,0+1,0.6844964623451233,1.1415212154388428,0.0,440,a9857f2cc6d25c362b04e5981146f2a450c86877a8e0a79b18f795a8907db669,0.2034744740012684,0.2655618980061263,100,68,80
mirror_givens,independent,17,53,0+2,0.6844964623451233,0.9066883325576782,0.0,440,a9857f2cc6d25c362b04e5981146f2a450c86877a8e0a79b18f795a8907db669,0.2034744740012684,0.26420066998980474,100,68,80
mirror_givens,independent,17,53,0+3,0.6844964623451233,1.3050575256347656,0.0,440,a9857f2cc6d25c362b04e5981146f2a450c86877a8e0a79b18f795a8907db669,0.2034744740012684,0.2649018460069783,100,68,80
mirror_givens,independent,17,53,1+2,0.6844964623451233,1.0175299644470215,0.0,440,a9857f2cc6d25c362b04e5981146f2a450c86877a8e0a79b18f795a8907db669,0.2034744740012684,0.2638253040058771,100,68,80
mirror_givens,independent,17,53,1+3,0.6844964623451233,1.4389866590499878,0.0,440,a9857f2cc6d25c362b04e5981146f2a450c86877a8e0a79b18f795a8907db669,0.2034744740012684,0.26672318601049483,100,68,80
mirror_givens,independent,17,53,2+3,0.6844964623451233,1.142366886138916,0.0,440,a9857f2cc6d25c362b04e5981146f2a450c86877a8e0a79b18f795a8907db669,0.2034744740012684,0.26555665201158263,100,68,80
mirror_givens,aligned,23,29,0+1,2.5995966097980272e-05,8.275843720184639e-05,0.0,440,791ddcdd50e98834971b4d949d420ddb03729d4d732e45ada70a9cf68e2705d7,0.20135315199877368,0.27063361000909936,100,68,80
mirror_givens,aligned,23,29,0+2,2.5995966097980272e-05,7.559057848993689e-05,0.0,440,791ddcdd50e98834971b4d949d420ddb03729d4d732e45ada70a9cf68e2705d7,0.20135315199877368,0.2741444940038491,100,68,80
mirror_givens,aligned,23,29,0+3,2.5995966097980272e-05,7.451030251104385e-05,0.0,440,791ddcdd50e98834971b4d949d420ddb03729d4d732e45ada70a9cf68e2705d7,0.20135315199877368,0.2678811080113519,100,68,80
mirror_givens,aligned,23,29,1+2,2.5995966097980272e-05,6.599471817025915e-05,0.0,440,791ddcdd50e98834971b4d949d420ddb03729d4d732e45ada70a9cf68e2705d7,0.20135315199877368,0.2683169439987978,100,68,80
mirror_givens,aligned,23,29,1+3,2.5995966097980272e-05,9.113171108765528e-05,0.0,440,791ddcdd50e98834971b4d949d420ddb03729d4d732e45ada70a9cf68e2705d7,0.20135315199877368,0.26658077399770264,100,68,80
mirror_givens,aligned,23,29,2+3,2.5995966097980272e-05,6.054069672245532e-05,0.0,440,791ddcdd50e98834971b4d949d420ddb03729d4d732e45ada70a9cf68e2705d7,0.20135315199877368,0.2672849320078967,100,68,80
mirror_givens,aligned,23,41,0+1,2.5121883027168224e-05,8.6856001871638e-05,0.0,440,cf2ce0167aee01607c7b90e6b9442bf8f3cde4942b048b86c300e2d4df731861,0.2007915169961052,0.26900758399278857,100,68,80
mirror_givens,aligned,23,41,0+2,2.5121883027168224e-05,7.959252980072051e-05,0.0,440,cf2ce0167aee01607c7b90e6b9442bf8f3cde4942b048b86c300e2d4df731861,0.2007915169961052,0.2659485420008423,100,68,80
mirror_givens,aligned,23,41,0+3,2.5121883027168224e-05,7.568279397673905e-05,0.0,440,cf2ce0167aee01607c7b90e6b9442bf8f3cde4942b048b86c300e2d4df731861,0.2007915169961052,0.2650173600122798,100,68,80
mirror_givens,aligned,23,41,1+2,2.5121883027168224e-05,7.291974907275289e-05,0.0,440,cf2ce0167aee01607c7b90e6b9442bf8f3cde4942b048b86c300e2d4df731861,0.2007915169961052,0.2653385619923938,100,68,80
mirror_givens,aligned,23,41,1+3,2.5121883027168224e-05,8.355185127584264e-05,0.0,440,cf2ce0167aee01607c7b90e6b9442bf8f3cde4942b048b86c300e2d4df731861,0.2007915169961052,0.26579168600437697,100,68,80
mirror_givens,aligned,23,41,2+3,2.5121883027168224e-05,6.731387111358345e-05,0.0,440,cf2ce0167aee01607c7b90e6b9442bf8f3cde4942b048b86c300e2d4df731861,0.2007915169961052,0.26411576400278136,100,68,80
mirror_givens,aligned,23,53,0+1,3.0235594294936163e-05,0.0001148558221757412,0.0,440,55ddf4e24baf4fb9bb6722cc1a5745b5900167ca48d1bbfcc30745ac0dc80405,0.1978063549977378,0.2686244280048413,100,68,80
mirror_givens,aligned,23,53,0+2,3.0235594294936163e-05,8.294436702271923e-05,0.0,440,55ddf4e24baf4fb9bb6722cc1a5745b5900167ca48d1bbfcc30745ac0dc80405,0.1978063549977378,0.2682881219952833,100,68,80
mirror_givens,aligned,23,53,0+3,3.0235594294936163e-05,0.0001192258350783959,0.0,440,55ddf4e24baf4fb9bb6722cc1a5745b5900167ca48d1bbfcc30745ac0dc80405,0.1978063549977378,0.2693857139965985,100,68,80
mirror_givens,aligned,23,53,1+2,3.0235594294936163e-05,5.603939644061029e-05,0.0,440,55ddf4e24baf4fb9bb6722cc1a5745b5900167ca48d1bbfcc30745ac0dc80405,0.1978063549977378,0.2715482880012132,100,68,80
mirror_givens,aligned,23,53,1+3,3.0235594294936163e-05,0.00012025689647998661,0.0,440,55ddf4e24baf4fb9bb6722cc1a5745b5900167ca48d1bbfcc30745ac0dc80405,0.1978063549977378,0.2680136900016805,100,68,80
mirror_givens,aligned,23,53,2+3,3.0235594294936163e-05,6.126354855950922e-05,0.0,440,55ddf4e24baf4fb9bb6722cc1a5745b5900167ca48d1bbfcc30745ac0dc80405,0.1978063549977378,0.26946797799610067,100,68,80
mirror_givens,independent,23,29,0+1,0.7292062342166901,0.9708552956581116,0.0,440,3486ee4ace6622843fcf56aa3a4a0b021d158b22c8b775c53f7335dc09e5ac00,0.19828032799705397,0.2686950539937243,100,68,80
mirror_givens,independent,23,29,0+2,0.7292062342166901,1.1621711254119873,0.0,440,3486ee4ace6622843fcf56aa3a4a0b021d158b22c8b775c53f7335dc09e5ac00,0.19828032799705397,0.2681221539969556,100,68,80
mirror_givens,independent,23,29,0+3,0.7292062342166901,1.605698585510254,0.0,440,3486ee4ace6622843fcf56aa3a4a0b021d158b22c8b775c53f7335dc09e5ac00,0.19828032799705397,0.2689130619983189,100,68,80
mirror_givens,independent,23,29,1+2,0.7292062342166901,0.9209185838699341,0.0,440,3486ee4ace6622843fcf56aa3a4a0b021d158b22c8b775c53f7335dc09e5ac00,0.19828032799705397,0.2681746519956505,100,68,80
mirror_givens,independent,23,29,1+3,0.7292062342166901,1.5448219776153564,0.0,440,3486ee4ace6622843fcf56aa3a4a0b021d158b22c8b775c53f7335dc09e5ac00,0.19828032799705397,0.26826386600441765,100,68,80
mirror_givens,independent,23,29,2+3,0.7292062342166901,1.7052868604660034,0.0,440,3486ee4ace6622843fcf56aa3a4a0b021d158b22c8b775c53f7335dc09e5ac00,0.19828032799705397,0.2681527380045736,100,68,80
mirror_givens,independent,23,41,0+1,0.7334397435188293,1.1017459630966187,0.0,440,e5c57bd0092c27052f951577d76269255ee1bb5c904d6eb9c9fabec2136ceadf,0.19860732999950415,0.28091716799826827,100,68,80
mirror_givens,independent,23,41,0+2,0.7334397435188293,1.3746201992034912,0.0,440,e5c57bd0092c27052f951577d76269255ee1bb5c904d6eb9c9fabec2136ceadf,0.19860732999950415,0.26904303800256457,100,68,80
mirror_givens,independent,23,41,0+3,0.7334397435188293,1.6071503162384033,0.0,440,e5c57bd0092c27052f951577d76269255ee1bb5c904d6eb9c9fabec2136ceadf,0.19860732999950415,0.2700304439931642,100,68,80
mirror_givens,independent,23,41,1+2,0.7334397435188293,0.8309105634689331,0.0,440,e5c57bd0092c27052f951577d76269255ee1bb5c904d6eb9c9fabec2136ceadf,0.19860732999950415,0.27173601000686176,100,68,80
mirror_givens,independent,23,41,1+3,0.7334397435188293,1.5314348936080933,0.0,440,e5c57bd0092c27052f951577d76269255ee1bb5c904d6eb9c9fabec2136ceadf,0.19860732999950415,0.26923092200013343,100,68,80
mirror_givens,independent,23,41,2+3,0.7334397435188293,1.66092050075531,0.0,440,e5c57bd0092c27052f951577d76269255ee1bb5c904d6eb9c9fabec2136ceadf,0.19860732999950415,0.2710464520059759,100,68,80
mirror_givens,independent,23,53,0+1,0.7271968275308609,1.0201282501220703,0.0,440,a14eec1e5d48f3c0bb7d8780788048b73512ee39c149cdb48ed90d50c98810d3,0.19812537500547478,0.27076585199392866,100,68,80
mirror_givens,independent,23,53,0+2,0.7271968275308609,1.2669440507888794,0.0,440,a14eec1e5d48f3c0bb7d8780788048b73512ee39c149cdb48ed90d50c98810d3,0.19812537500547478,0.27123507599753793,100,68,80
mirror_givens,independent,23,53,0+3,0.7271968275308609,1.5745019912719727,0.0,440,a14eec1e5d48f3c0bb7d8780788048b73512ee39c149cdb48ed90d50c98810d3,0.19812537500547478,0.2702873300004285,100,68,80
mirror_givens,independent,23,53,1+2,0.7271968275308609,0.835030734539032,0.0,440,a14eec1e5d48f3c0bb7d8780788048b73512ee39c149cdb48ed90d50c98810d3,0.19812537500547478,0.269282238004962,100,68,80
mirror_givens,independent,23,53,1+3,0.7271968275308609,1.5157272815704346,0.0,440,a14eec1e5d48f3c0bb7d8780788048b73512ee39c149cdb48ed90d50c98810d3,0.19812537500547478,0.2707551240018802,100,68,80
mirror_givens,independent,23,53,2+3,0.7271968275308609,1.693495750427246,0.0,440,a14eec1e5d48f3c0bb7d8780788048b73512ee39c149cdb48ed90d50c98810d3,0.19812537500547478,0.28661696599738207,100,68,80
basis_mix2,aligned,11,29,0+1,6.059641093888795e-15,1.7895319286750228e-14,0.0,712,594bb7408c77ac340ea2dd60342e9cd2316a66cbb7c5f19618834f775f7f40a4,0.28833233500336064,0.018218177996459417,625,136,144
basis_mix2,aligned,11,29,0+2,6.059641093888795e-15,1.8235165845847598e-14,0.0,712,594bb7408c77ac340ea2dd60342e9cd2316a66cbb7c5f19618834f775f7f40a4,0.28833233500336064,0.018061921990010887,625,136,144
basis_mix2,aligned,11,29,0+3,6.059641093888795e-15,2.078791308470114e-14,0.0,712,594bb7408c77ac340ea2dd60342e9cd2316a66cbb7c5f19618834f775f7f40a4,0.28833233500336064,0.018070193997118622,625,136,144
basis_mix2,aligned,11,29,1+2,6.059641093888795e-15,3.0482079805150414e-14,0.0,712,594bb7408c77ac340ea2dd60342e9cd2316a66cbb7c5f19618834f775f7f40a4,0.28833233500336064,0.018107811993104406,625,136,144
basis_mix2,aligned,11,29,1+3,6.059641093888795e-15,2.0477204458989318e-14,0.0,712,594bb7408c77ac340ea2dd60342e9cd2316a66cbb7c5f19618834f775f7f40a4,0.28833233500336064,0.01787630199396517,625,136,144
basis_mix2,aligned,11,29,2+3,6.059641093888795e-15,1.745370002497436e-14,0.0,712,594bb7408c77ac340ea2dd60342e9cd2316a66cbb7c5f19618834f775f7f40a4,0.28833233500336064,0.017991054002777673,625,136,144
basis_mix2,aligned,11,41,0+1,6.0982491732620016e-15,2.0571530047995557e-14,0.0,712,fd3999f535556faa2658774e0f4f3dad537ecbb9412c4fed0f231f7d9d04d1ae,0.2869722190007451,0.01811812599771656,625,136,144
basis_mix2,aligned,11,41,0+2,6.0982491732620016e-15,2.1962082014646313e-14,0.0,712,fd3999f535556faa2658774e0f4f3dad537ecbb9412c4fed0f231f7d9d04d1ae,0.2869722190007451,0.01809080599923618,625,136,144
basis_mix2,aligned,11,41,0+3,6.0982491732620016e-15,2.2309519683016976e-14,0.0,712,fd3999f535556faa2658774e0f4f3dad537ecbb9412c4fed0f231f7d9d04d1ae,0.2869722190007451,0.01810151999234222,625,136,144
basis_mix2,aligned,11,41,1+2,6.0982491732620016e-15,2.2050080267536562e-14,0.0,712,fd3999f535556faa2658774e0f4f3dad537ecbb9412c4fed0f231f7d9d04d1ae,0.2869722190007451,0.01823117400635965,625,136,144
basis_mix2,aligned,11,41,1+3,6.0982491732620016e-15,1.9476440114006045e-14,0.0,712,fd3999f535556faa2658774e0f4f3dad537ecbb9412c4fed0f231f7d9d04d1ae,0.2869722190007451,0.018011844003922306,625,136,144
basis_mix2,aligned,11,41,2+3,6.0982491732620016e-15,1.9584746828839664e-14,0.0,712,fd3999f535556faa2658774e0f4f3dad537ecbb9412c4fed0f231f7d9d04d1ae,0.2869722190007451,0.018095891995471902,625,136,144
basis_mix2,aligned,11,53,0+1,6.528361068932947e-15,2.0727597562593056e-14,0.0,712,af4755e74854afddb127643714ce71a7aac178ebe4c592cd2625436254d2665d,0.28725567599758506,0.018248082007630728,625,136,144
basis_mix2,aligned,11,53,0+2,6.528361068932947e-15,1.9546606629290697e-14,0.0,712,af4755e74854afddb127643714ce71a7aac178ebe4c592cd2625436254d2665d,0.28725567599758506,0.017970945991692133,625,136,144
basis_mix2,aligned,11,53,0+3,6.528361068932947e-15,2.404880697251359e-14,0.0,712,af4755e74854afddb127643714ce71a7aac178ebe4c592cd2625436254d2665d,0.28725567599758506,0.018066367993014865,625,136,144
basis_mix2,aligned,11,53,1+2,6.528361068932947e-15,2.2983002355642448e-14,0.0,712,af4755e74854afddb127643714ce71a7aac178ebe4c592cd2625436254d2665d,0.28725567599758506,0.01811856600397732,625,136,144
basis_mix2,aligned,11,53,1+3,6.528361068932947e-15,2.005699141385646e-14,0.0,712,af4755e74854afddb127643714ce71a7aac178ebe4c592cd2625436254d2665d,0.28725567599758506,0.01805879600578919,625,136,144
basis_mix2,aligned,11,53,2+3,6.528361068932947e-15,1.711684518624669e-14,0.0,712,af4755e74854afddb127643714ce71a7aac178ebe4c592cd2625436254d2665d,0.28725567599758506,0.018001910008024424,625,136,144
basis_mix2,independent,11,29,0+1,0.40799689665436745,0.7130837440490723,0.0,712,cec6a9a9e391d35d320c124aee01293880008b67a5295820652f0cfe8963d68b,0.29384584800573066,0.018107408002833836,625,136,144
basis_mix2,independent,11,29,0+2,0.40799689665436745,0.0739293023943901,0.0,712,cec6a9a9e391d35d320c124aee01293880008b67a5295820652f0cfe8963d68b,0.29384584800573066,0.017980817996431142,625,136,144
basis_mix2,independent,11,29,0+3,0.40799689665436745,0.1652984321117401,0.0,712,cec6a9a9e391d35d320c124aee01293880008b67a5295820652f0cfe8963d68b,0.29384584800573066,0.01805511199927423,625,136,144
basis_mix2,independent,11,29,1+2,0.40799689665436745,0.5468108654022217,0.0,712,cec6a9a9e391d35d320c124aee01293880008b67a5295820652f0cfe8963d68b,0.29384584800573066,0.018059858004562557,625,136,144
basis_mix2,independent,11,29,1+3,0.40799689665436745,1.423375129699707,0.0,712,cec6a9a9e391d35d320c124aee01293880008b67a5295820652f0cfe8963d68b,0.29384584800573066,0.017980338001507334,625,136,144
basis_mix2,independent,11,29,2+3,0.40799689665436745,1.5833101272583008,0.0,712,cec6a9a9e391d35d320c124aee01293880008b67a5295820652f0cfe8963d68b,0.29384584800573066,0.017982662000576966,625,136,144
basis_mix2,independent,11,41,0+1,0.406152818351984,0.8245878219604492,0.0,712,aa3737933f2698e51d5edc25ccd1a1e3dfa354af8807ec6d67ebfa05d9dd5395,0.28766128600545926,0.018072316001052968,625,136,144
basis_mix2,independent,11,41,0+2,0.406152818351984,0.02095775306224823,0.0,712,aa3737933f2698e51d5edc25ccd1a1e3dfa354af8807ec6d67ebfa05d9dd5395,0.28766128600545926,0.01800770001136698,625,136,144
basis_mix2,independent,11,41,0+3,0.406152818351984,0.18760789930820465,0.0,712,aa3737933f2698e51d5edc25ccd1a1e3dfa354af8807ec6d67ebfa05d9dd5395,0.28766128600545926,0.017943083992577158,625,136,144
basis_mix2,independent,11,41,1+2,0.406152818351984,0.6527361273765564,0.0,712,aa3737933f2698e51d5edc25ccd1a1e3dfa354af8807ec6d67ebfa05d9dd5395,0.28766128600545926,0.017946548003237695,625,136,144
basis_mix2,independent,11,41,1+3,0.406152818351984,1.4237871170043945,0.0,712,aa3737933f2698e51d5edc25ccd1a1e3dfa354af8807ec6d67ebfa05d9dd5395,0.28766128600545926,0.018013307999353856,625,136,144
basis_mix2,independent,11,41,2+3,0.406152818351984,1.5854113101959229,0.0,712,aa3737933f2698e51d5edc25ccd1a1e3dfa354af8807ec6d67ebfa05d9dd5395,0.28766128600545926,0.01791363800293766,625,136,144
basis_mix2,independent,11,53,0+1,0.40534574538469315,0.7850998044013977,0.0,712,830c08040f24e05a015376eb7f2c2aa813838ddf26ed0d86962657e146f1f5d7,0.28753220200451324,0.018045817996608093,625,136,144
basis_mix2,independent,11,53,0+2,0.40534574538469315,0.027580883353948593,0.0,712,830c08040f24e05a015376eb7f2c2aa813838ddf26ed0d86962657e146f1f5d7,0.28753220200451324,0.01821016399480868,625,136,144
basis_mix2,independent,11,53,0+3,0.40534574538469315,0.23722931742668152,0.0,712,830c08040f24e05a015376eb7f2c2aa813838ddf26ed0d86962657e146f1f5d7,0.28753220200451324,0.018080630004988052,625,136,144
basis_mix2,independent,11,53,1+2,0.40534574538469315,0.5141984224319458,0.0,712,830c08040f24e05a015376eb7f2c2aa813838ddf26ed0d86962657e146f1f5d7,0.28753220200451324,0.018260420009028167,625,136,144
basis_mix2,independent,11,53,1+3,0.40534574538469315,1.4719955921173096,0.0,712,830c08040f24e05a015376eb7f2c2aa813838ddf26ed0d86962657e146f1f5d7,0.28753220200451324,0.01795023400336504,625,136,144
basis_mix2,independent,11,53,2+3,0.40534574538469315,1.5458093881607056,0.0,712,830c08040f24e05a015376eb7f2c2aa813838ddf26ed0d86962657e146f1f5d7,0.28753220200451324,0.018538497999543324,625,136,144
basis_mix2,aligned,17,29,0+1,9.019967246192188e-15,3.1298639895094293e-14,0.0,712,ba26a87c024102f4af51b0ef01e5d6593c3e267ed23ea336ec84ce6578010c60,0.2884120949966018,0.01819137600250542,625,136,144
basis_mix2,aligned,17,29,0+2,9.019967246192188e-15,3.762634192931713e-14,0.0,712,ba26a87c024102f4af51b0ef01e5d6593c3e267ed23ea336ec84ce6578010c60,0.2884120949966018,0.018179838007199578,625,136,144
basis_mix2,aligned,17,29,0+3,9.019967246192188e-15,3.409487183683377e-14,0.0,712,ba26a87c024102f4af51b0ef01e5d6593c3e267ed23ea336ec84ce6578010c60,0.2884120949966018,0.01815898800850846,625,136,144
basis_mix2,aligned,17,29,1+2,9.019967246192188e-15,3.459336766695187e-14,0.0,712,ba26a87c024102f4af51b0ef01e5d6593c3e267ed23ea336ec84ce6578010c60,0.2884120949966018,0.01803452000604011,625,136,144
basis_mix2,aligned,17,29,1+3,9.019967246192188e-15,3.065328888071303e-14,0.0,712,ba26a87c024102f4af51b0ef01e5d6593c3e267ed23ea336ec84ce6578010c60,0.2884120949966018,0.01815119599632453,625,136,144
basis_mix2,aligned,17,29,2+3,9.019967246192188e-15,3.2795374217946954e-14,0.0,712,ba26a87c024102f4af51b0ef01e5d6593c3e267ed23ea336ec84ce6578010c60,0.2884120949966018,0.01810144000046421,625,136,144
basis_mix2,aligned,17,41,0+1,1.1511229210437487e-14,4.9755016865446824e-14,0.0,712,6a4298e83ad53edbb24957c8d970e1ca4020717a431255f69e9333fcf4d603c1,0.2886868810019223,0.01813627200317569,625,136,144
basis_mix2,aligned,17,41,0+2,1.1511229210437487e-14,4.3158795222549007e-14,0.0,712,6a4298e83ad53edbb24957c8d970e1ca4020717a431255f69e9333fcf4d603c1,0.2886868810019223,0.01817232799658086,625,136,144
basis_mix2,aligned,17,41,0+3,1.1511229210437487e-14,3.693844275592939e-14,0.0,712,6a4298e83ad53edbb24957c8d970e1ca4020717a431255f69e9333fcf4d603c1,0.2886868810019223,0.01826286199502647,625,136,144
basis_mix2,aligned,17,41,1+2,1.1511229210437487e-14,4.940083850888191e-14,0.0,712,6a4298e83ad53edbb24957c8d970e1ca4020717a431255f69e9333fcf4d603c1,0.2886868810019223,0.018023162003373727,625,136,144
basis_mix2,aligned,17,41,1+3,1.1511229210437487e-14,3.8510800180312915e-14,0.0,712,6a4298e83ad53edbb24957c8d970e1ca4020717a431255f69e9333fcf4d603c1,0.2886868810019223,0.01807073400414083,625,136,144
basis_mix2,aligned,17,41,2+3,1.1511229210437487e-14,3.985227675206565e-14,0.0,712,6a4298e83ad53edbb24957c8d970e1ca4020717a431255f69e9333fcf4d603c1,0.2886868810019223,0.018108692005625926,625,136,144
basis_mix2,aligned,17,53,0+1,9.108976432904985e-15,3.567675668780801e-14,0.0,712,4c8a78d35e104d102e0aedc29ed26c213a5a6cc84c12b6c996e2357f0263d9c2,0.2887407080052071,0.0184374659875175,625,136,144
basis_mix2,aligned,17,53,0+2,9.108976432904985e-15,3.5351021697611895e-14,0.0,712,4c8a78d35e104d102e0aedc29ed26c213a5a6cc84c12b6c996e2357f0263d9c2,0.2887407080052071,0.018008679995546117,625,136,144
basis_mix2,aligned,17,53,0+3,9.108976432904985e-15,3.925192012784254e-14,0.0,712,4c8a78d35e104d102e0aedc29ed26c213a5a6cc84c12b6c996e2357f0263d9c2,0.2887407080052071,0.017995902002439834,625,136,144
basis_mix2,aligned,17,53,1+2,9.108976432904985e-15,3.5431249270244033e-14,0.0,712,4c8a78d35e104d102e0aedc29ed26c213a5a6cc84c12b6c996e2357f0263d9c2,0.2887407080052071,0.01798506399791222,625,136,144
basis_mix2,aligned,17,53,1+3,9.108976432904985e-15,3.153132662196863e-14,0.0,712,4c8a78d35e104d102e0aedc29ed26c213a5a6cc84c12b6c996e2357f0263d9c2,0.2887407080052071,0.018029491999186575,625,136,144
basis_mix2,aligned,17,53,2+3,9.108976432904985e-15,2.888003218189973e-14,0.0,712,4c8a78d35e104d102e0aedc29ed26c213a5a6cc84c12b6c996e2357f0263d9c2,0.2887407080052071,0.018055672000627965,625,136,144
basis_mix2,independent,17,29,0+1,0.42915135249495506,0.594454288482666,0.0,712,00c5de4217ac87255541039d1193d36f2c32cc95709e2b05886a6a8788203593,0.28691392900509527,0.018020959993009456,625,136,144
basis_mix2,independent,17,29,0+2,0.42915135249495506,0.46173202991485596,0.0,712,00c5de4217ac87255541039d1193d36f2c32cc95709e2b05886a6a8788203593,0.28691392900509527,0.018043812000541948,625,136,144
basis_mix2,independent,17,29,0+3,0.42915135249495506,0.8306405544281006,0.0,712,00c5de4217ac87255541039d1193d36f2c32cc95709e2b05886a6a8788203593,0.28691392900509527,0.017911213988554664,625,136,144
basis_mix2,independent,17,29,1+2,0.42915135249495506,0.5158822536468506,0.0,712,00c5de4217ac87255541039d1193d36f2c32cc95709e2b05886a6a8788203593,0.28691392900509527,0.01812902199162636,625,136,144
basis_mix2,independent,17,29,1+3,0.42915135249495506,1.134019374847412,0.0,712,00c5de4217ac87255541039d1193d36f2c32cc95709e2b05886a6a8788203593,0.28691392900509527,0.017933166003786027,625,136,144
basis_mix2,independent,17,29,2+3,0.42915135249495506,0.1553678810596466,0.0,712,00c5de4217ac87255541039d1193d36f2c32cc95709e2b05886a6a8788203593,0.28691392900509527,0.017973567999433726,625,136,144
basis_mix2,independent,17,41,0+1,0.4289734214544296,0.6450502872467041,0.0,712,c335ef77fe8bf9f0ae45c22e23f12121bd2922230e8a49d4d6013be5d61f5c2c,0.28615481599990744,0.018003532008151524,625,136,144
basis_mix2,independent,17,41,0+2,0.4289734214544296,0.425322949886322,0.0,712,c335ef77fe8bf9f0ae45c22e23f12121bd2922230e8a49d4d6013be5d61f5c2c,0.28615481599990744,0.01812825999513734,625,136,144
basis_mix2,independent,17,41,0+3,0.4289734214544296,0.86859130859375,0.0,712,c335ef77fe8bf9f0ae45c22e23f12121bd2922230e8a49d4d6013be5d61f5c2c,0.28615481599990744,0.018804519990226254,625,136,144
basis_mix2,independent,17,41,1+2,0.4289734214544296,0.5254204869270325,0.0,712,c335ef77fe8bf9f0ae45c22e23f12121bd2922230e8a49d4d6013be5d61f5c2c,0.28615481599990744,0.017920647995197214,625,136,144
basis_mix2,independent,17,41,1+3,0.4289734214544296,1.155102252960205,0.0,712,c335ef77fe8bf9f0ae45c22e23f12121bd2922230e8a49d4d6013be5d61f5c2c,0.28615481599990744,0.017909250003867783,625,136,144
basis_mix2,independent,17,41,2+3,0.4289734214544296,0.12446033209562302,0.0,712,c335ef77fe8bf9f0ae45c22e23f12121bd2922230e8a49d4d6013be5d61f5c2c,0.28615481599990744,0.018029612008831464,625,136,144
basis_mix2,independent,17,53,0+1,0.431001465767622,0.6499944925308228,0.0,712,a1cf70f95b2cf014c6a0263168849fff44e161151550b11026f427f9a2a4a124,0.2866043030007859,0.01802428399969358,625,136,144
basis_mix2,independent,17,53,0+2,0.431001465767622,0.32806795835494995,0.0,712,a1cf70f95b2cf014c6a0263168849fff44e161151550b11026f427f9a2a4a124,0.2866043030007859,0.017855669997516088,625,136,144
basis_mix2,independent,17,53,0+3,0.431001465767622,0.7584542036056519,0.0,712,a1cf70f95b2cf014c6a0263168849fff44e161151550b11026f427f9a2a4a124,0.2866043030007859,0.01785328600089997,625,136,144
basis_mix2,independent,17,53,1+2,0.431001465767622,0.6851028203964233,0.0,712,a1cf70f95b2cf014c6a0263168849fff44e161151550b11026f427f9a2a4a124,0.2866043030007859,0.017924933999893256,625,136,144
basis_mix2,independent,17,53,1+3,0.431001465767622,1.170880675315857,0.0,712,a1cf70f95b2cf014c6a0263168849fff44e161151550b11026f427f9a2a4a124,0.2866043030007859,0.018103462003637105,625,136,144
basis_mix2,independent,17,53,2+3,0.431001465767622,0.18699438869953156,0.0,712,a1cf70f95b2cf014c6a0263168849fff44e161151550b11026f427f9a2a4a124,0.2866043030007859,0.01783329799945932,625,136,144
basis_mix2,aligned,23,29,0+1,1.0955219631442583e-14,4.2876038684096576e-14,0.0,712,f5975ff4d9b61a58ae53e192efcdcc438ce8c72834009dab616e0f11e5dca969,0.2864622289998806,0.018138136001653038,625,136,144
basis_mix2,aligned,23,29,0+2,1.0955219631442583e-14,2.779702601993575e-14,0.0,712,f5975ff4d9b61a58ae53e192efcdcc438ce8c72834009dab616e0f11e5dca969,0.2864622289998806,0.0181213900068542,625,136,144
basis_mix2,aligned,23,29,0+3,1.0955219631442583e-14,3.955300984740534e-14,0.0,712,f5975ff4d9b61a58ae53e192efcdcc438ce8c72834009dab616e0f11e5dca969,0.2864622289998806,0.018030955994618125,625,136,144
basis_mix2,aligned,23,29,1+2,1.0955219631442583e-14,2.6972048116562057e-14,0.0,712,f5975ff4d9b61a58ae53e192efcdcc438ce8c72834009dab616e0f11e5dca969,0.2864622289998806,0.017962229991098866,625,136,144
basis_mix2,aligned,23,29,1+3,1.0955219631442583e-14,4.993733562514563e-14,0.0,712,f5975ff4d9b61a58ae53e192efcdcc438ce8c72834009dab616e0f11e5dca969,0.2864622289998806,0.018017573995166458,625,136,144
basis_mix2,aligned,23,29,2+3,1.0955219631442583e-14,2.713946756671866e-14,0.0,712,f5975ff4d9b61a58ae53e192efcdcc438ce8c72834009dab616e0f11e5dca969,0.2864622289998806,0.018112577992724255,625,136,144
basis_mix2,aligned,23,41,0+1,7.701210639183653e-15,2.9605668367153545e-14,0.0,712,b3e21a78d950536b35f917d5a1fb8c2008ace1003ed028f6d7dc7c24b772c3de,0.2872978570012492,0.01805551200232003,625,136,144
basis_mix2,aligned,23,41,0+2,7.701210639183653e-15,2.6504474071216422e-14,0.0,712,b3e21a78d950536b35f917d5a1fb8c2008ace1003ed028f6d7dc7c24b772c3de,0.2872978570012492,0.01806636599940248,625,136,144
basis_mix2,aligned,23,41,0+3,7.701210639183653e-15,2.8260410640324266e-14,0.0,712,b3e21a78d950536b35f917d5a1fb8c2008ace1003ed028f6d7dc7c24b772c3de,0.2872978570012492,0.01798644800146576,625,136,144
basis_mix2,aligned,23,41,1+2,7.701210639183653e-15,2.17931548458436e-14,0.0,712,b3e21a78d950536b35f917d5a1fb8c2008ace1003ed028f6d7dc7c24b772c3de,0.2872978570012492,0.017963032005354762,625,136,144
basis_mix2,aligned,23,41,1+3,7.701210639183653e-15,3.6309439477430136e-14,0.0,712,b3e21a78d950536b35f917d5a1fb8c2008ace1003ed028f6d7dc7c24b772c3de,0.2872978570012492,0.017978474003029987,625,136,144
basis_mix2,aligned,23,41,2+3,7.701210639183653e-15,2.1009269898873e-14,0.0,712,b3e21a78d950536b35f917d5a1fb8c2008ace1003ed028f6d7dc7c24b772c3de,0.2872978570012492,0.01802959399356041,625,136,144
basis_mix2,aligned,23,53,0+1,9.175523576406019e-15,3.4233646326780123e-14,0.0,712,ee59ae36100016958ead2b361ee31b592546c610d1208252eb48bd3914594d0d,0.2860757369999192,0.01831103600852657,625,136,144
basis_mix2,aligned,23,53,0+2,9.175523576406019e-15,3.086145569783025e-14,0.0,712,ee59ae36100016958ead2b361ee31b592546c610d1208252eb48bd3914594d0d,0.2860757369999192,0.018462483989424072,625,136,144
basis_mix2,aligned,23,53,0+3,9.175523576406019e-15,3.121064333626994e-14,0.0,712,ee59ae36100016958ead2b361ee31b592546c610d1208252eb48bd3914594d0d,0.2860757369999192,0.01816243199573364,625,136,144
basis_mix2,aligned,23,53,1+2,9.175523576406019e-15,2.563683450642132e-14,0.0,712,ee59ae36100016958ead2b361ee31b592546c610d1208252eb48bd3914594d0d,0.2860757369999192,0.018185086009907536,625,136,144
basis_mix2,aligned,23,53,1+3,9.175523576406019e-15,3.862062308412212e-14,0.0,712,ee59ae36100016958ead2b361ee31b592546c610d1208252eb48bd3914594d0d,0.2860757369999192,0.017957863994524814,625,136,144
basis_mix2,aligned,23,53,2+3,9.175523576406019e-15,2.3547714139379207e-14,0.0,712,ee59ae36100016958ead2b361ee31b592546c610d1208252eb48bd3914594d0d,0.2860757369999192,0.01789392800128553,625,136,144
basis_mix2,independent,23,29,0+1,0.4096989072859287,0.3493707776069641,0.0,712,93148c81f115ed90199896b7ff0ea32f57c183e951ee520a53b663a369827acc,0.2877687650034204,0.018040269991615787,625,136,144
basis_mix2,independent,23,29,0+2,0.4096989072859287,0.5218117237091064,0.0,712,93148c81f115ed90199896b7ff0ea32f57c183e951ee520a53b663a369827acc,0.2877687650034204,0.018185848006396554,625,136,144
basis_mix2,independent,23,29,0+3,0.4096989072859287,0.8297477960586548,0.0,712,93148c81f115ed90199896b7ff0ea32f57c183e951ee520a53b663a369827acc,0.2877687650034204,0.01807534199906513,625,136,144
basis_mix2,independent,23,29,1+2,0.4096989072859287,1.0237669944763184,0.0,712,93148c81f115ed90199896b7ff0ea32f57c183e951ee520a53b663a369827acc,0.2877687650034204,0.018030412000371143,625,136,144
basis_mix2,independent,23,29,1+3,0.4096989072859287,1.2552778720855713,0.0,712,93148c81f115ed90199896b7ff0ea32f57c183e951ee520a53b663a369827acc,0.2877687650034204,0.018078146007610485,625,136,144
basis_mix2,independent,23,29,2+3,0.4096989072859287,1.4807183742523193,0.0,712,93148c81f115ed90199896b7ff0ea32f57c183e951ee520a53b663a369827acc,0.2877687650034204,0.01818999399256427,625,136,144
basis_mix2,independent,23,41,0+1,0.40877616591751575,0.3026745915412903,0.0,712,021b4a651b9ed25e705c5e2801af78c47bcc9f99788012b1415fa136964600df,0.2861219769984018,0.01805036400037352,625,136,144
basis_mix2,independent,23,41,0+2,0.40877616591751575,0.5802273750305176,0.0,712,021b4a651b9ed25e705c5e2801af78c47bcc9f99788012b1415fa136964600df,0.2861219769984018,0.018086076001054607,625,136,144
basis_mix2,independent,23,41,0+3,0.40877616591751575,0.799507737159729,0.0,712,021b4a651b9ed25e705c5e2801af78c47bcc9f99788012b1415fa136964600df,0.2861219769984018,0.017938876000698656,625,136,144
basis_mix2,independent,23,41,1+2,0.40877616591751575,0.9485149383544922,0.0,712,021b4a651b9ed25e705c5e2801af78c47bcc9f99788012b1415fa136964600df,0.2861219769984018,0.017927099994267337,625,136,144
basis_mix2,independent,23,41,1+3,0.40877616591751575,1.2429006099700928,0.0,712,021b4a651b9ed25e705c5e2801af78c47bcc9f99788012b1415fa136964600df,0.2861219769984018,0.017960587996640243,625,136,144
basis_mix2,independent,23,41,2+3,0.40877616591751575,1.5316145420074463,0.0,712,021b4a651b9ed25e705c5e2801af78c47bcc9f99788012b1415fa136964600df,0.2861219769984018,0.017850201998953708,625,136,144
basis_mix2,independent,23,53,0+1,0.4102766243740916,0.34236687421798706,0.0,712,bebf2988f085d6ff6ed09e83ab6a60d751ada35a9674df7523317065f3788c58,0.2869263669999782,0.018139015999622643,625,136,144
basis_mix2,independent,23,53,0+2,0.4102766243740916,0.5717249512672424,0.0,712,bebf2988f085d6ff6ed09e83ab6a60d751ada35a9674df7523317065f3788c58,0.2869263669999782,0.01791692200640682,625,136,144
basis_mix2,independent,23,53,0+3,0.4102766243740916,0.7629083395004272,0.0,712,bebf2988f085d6ff6ed09e83ab6a60d751ada35a9674df7523317065f3788c58,0.2869263669999782,0.018049162012175657,625,136,144
basis_mix2,independent,23,53,1+2,0.4102766243740916,0.9629971981048584,0.0,712,bebf2988f085d6ff6ed09e83ab6a60d751ada35a9674df7523317065f3788c58,0.2869263669999782,0.018004013996687718,625,136,144
basis_mix2,independent,23,53,1+3,0.4102766243740916,1.2900702953338623,0.0,712,bebf2988f085d6ff6ed09e83ab6a60d751ada35a9674df7523317065f3788c58,0.2869263669999782,0.01804124801128637,625,136,144
basis_mix2,independent,23,53,2+3,0.4102766243740916,1.5201785564422607,0.0,712,bebf2988f085d6ff6ed09e83ab6a60d751ada35a9674df7523317065f3788c58,0.2869263669999782,0.01826919399900362,625,136,144
film_controls,aligned,11,29,0+1,0.19132771715521812,0.08936213701963425,0.0,696,c50a0978b042550367f3868803afa7654d6e8aee6ee177e5e99d2688d8951cb1,0.42083846800233005,0.023210408005979843,850,128,72
film_controls,aligned,11,29,0+2,0.19132771715521812,0.047374650835990906,0.0,696,c50a0978b042550367f3868803afa7654d6e8aee6ee177e5e99d2688d8951cb1,0.42083846800233005,0.023228235993883573,850,128,72
film_controls,aligned,11,29,0+3,0.19132771715521812,0.7464858889579773,0.0,696,c50a0978b042550367f3868803afa7654d6e8aee6ee177e5e99d2688d8951cb1,0.42083846800233005,0.022839732002466917,850,128,72
film_controls,aligned,11,29,1+2,0.19132771715521812,0.7044596076011658,0.0,696,c50a0978b042550367f3868803afa7654d6e8aee6ee177e5e99d2688d8951cb1,0.42083846800233005,0.02292586000112351,850,128,72
film_controls,aligned,11,29,1+3,0.19132771715521812,0.05585620179772377,0.0,696,c50a0978b042550367f3868803afa7654d6e8aee6ee177e5e99d2688d8951cb1,0.42083846800233005,0.022900181997101754,850,128,72
film_controls,aligned,11,29,2+3,0.19132771715521812,0.08326263725757599,0.0,696,c50a0978b042550367f3868803afa7654d6e8aee6ee177e5e99d2688d8951cb1,0.42083846800233005,0.022986309995758347,850,128,72
film_controls,aligned,11,41,0+1,0.19045500829815865,0.09156017005443573,0.0,696,a187bff7be71ea487f1b946892e8048741d0f4e1855521d9e89419b3661eaa43,0.4190513680005097,0.023083138003130443,850,128,72
film_controls,aligned,11,41,0+2,0.19045500829815865,0.04234074056148529,0.0,696,a187bff7be71ea487f1b946892e8048741d0f4e1855521d9e89419b3661eaa43,0.4190513680005097,0.022749255993403494,850,128,72
film_controls,aligned,11,41,0+3,0.19045500829815865,0.7611044645309448,0.0,696,a187bff7be71ea487f1b946892e8048741d0f4e1855521d9e89419b3661eaa43,0.4190513680005097,0.023507898004027084,850,128,72
film_controls,aligned,11,41,1+2,0.19045500829815865,0.6850373148918152,0.0,696,a187bff7be71ea487f1b946892e8048741d0f4e1855521d9e89419b3661eaa43,0.4190513680005097,0.023115887990570627,850,128,72
film_controls,aligned,11,41,1+3,0.19045500829815865,0.056061409413814545,0.0,696,a187bff7be71ea487f1b946892e8048741d0f4e1855521d9e89419b3661eaa43,0.4190513680005097,0.0231628180044936,850,128,72
film_controls,aligned,11,41,2+3,0.19045500829815865,0.07593994587659836,0.0,696,a187bff7be71ea487f1b946892e8048741d0f4e1855521d9e89419b3661eaa43,0.4190513680005097,0.023159452000982128,850,128,72
film_controls,aligned,11,53,0+1,0.19022501818835735,0.09027592837810516,0.0,696,a2781071f9c28d07e36e2b75a44ef1103362f74cf18653b60e562d5e65e1a021,0.4192201730038505,0.022905287987669,850,128,72
film_controls,aligned,11,53,0+2,0.19022501818835735,0.04451488330960274,0.0,696,a2781071f9c28d07e36e2b75a44ef1103362f74cf18653b60e562d5e65e1a021,0.4192201730038505,0.02295961200434249,850,128,72
film_controls,aligned,11,53,0+3,0.19022501818835735,0.7256335616111755,0.0,696,a2781071f9c28d07e36e2b75a44ef1103362f74cf18653b60e562d5e65e1a021,0.4192201730038505,0.022706951989675872,850,128,72
film_controls,aligned,11,53,1+2,0.19022501818835735,0.7180013656616211,0.0,696,a2781071f9c28d07e36e2b75a44ef1103362f74cf18653b60e562d5e65e1a021,0.4192201730038505,0.02274314599344507,850,128,72
film_controls,aligned,11,53,1+3,0.19022501818835735,0.06280748546123505,0.0,696,a2781071f9c28d07e36e2b75a44ef1103362f74cf18653b60e562d5e65e1a021,0.4192201730038505,0.02271194000786636,850,128,72
film_controls,aligned,11,53,2+3,0.19022501818835735,0.0876309871673584,0.0,696,a2781071f9c28d07e36e2b75a44ef1103362f74cf18653b60e562d5e65e1a021,0.4192201730038505,0.022751177995814942,850,128,72
film_controls,independent,11,29,0+1,0.45020580291748047,0.8267025947570801,0.0,696,6f7acad451c0b1a6c29bd343b21edb95ebf13f399d4c59edd98fec1695dbb4f3,0.42024523099826183,0.02299205999588594,850,128,72
film_controls,independent,11,29,0+2,0.45020580291748047,1.1350070238113403,0.0,696,6f7acad451c0b1a6c29bd343b21edb95ebf13f399d4c59edd98fec1695dbb4f3,0.42024523099826183,0.022522373998072,850,128,72
film_controls,independent,11,29,0+3,0.45020580291748047,0.9370925426483154,0.0,696,6f7acad451c0b1a6c29bd343b21edb95ebf13f399d4c59edd98fec1695dbb4f3,0.42024523099826183,0.02270933400723152,850,128,72
film_controls,independent,11,29,1+2,0.45020580291748047,0.7437514066696167,0.0,696,6f7acad451c0b1a6c29bd343b21edb95ebf13f399d4c59edd98fec1695dbb4f3,0.42024523099826183,0.022800110004027374,850,128,72
film_controls,independent,11,29,1+3,0.45020580291748047,0.6374497413635254,0.0,696,6f7acad451c0b1a6c29bd343b21edb95ebf13f399d4c59edd98fec1695dbb4f3,0.42024523099826183,0.02292485799989663,850,128,72
film_controls,independent,11,29,2+3,0.45020580291748047,0.810707688331604,0.0,696,6f7acad451c0b1a6c29bd343b21edb95ebf13f399d4c59edd98fec1695dbb4f3,0.42024523099826183,0.022658278001472354,850,128,72
film_controls,independent,11,41,0+1,0.4473297521471977,0.805675745010376,0.0,696,95a9c9a8bb33f563df67483f760d2686e3ff040aa4335286fe793eea6be6dff4,0.42363615799695253,0.02269611599331256,850,128,72
film_controls,independent,11,41,0+2,0.4473297521471977,1.1282089948654175,0.0,696,95a9c9a8bb33f563df67483f760d2686e3ff040aa4335286fe793eea6be6dff4,0.42363615799695253,0.0225377960014157,850,128,72
film_controls,independent,11,41,0+3,0.4473297521471977,0.9322484731674194,0.0,696,95a9c9a8bb33f563df67483f760d2686e3ff040aa4335286fe793eea6be6dff4,0.42363615799695253,0.022591455999645405,850,128,72
film_controls,independent,11,41,1+2,0.4473297521471977,0.7319880723953247,0.0,696,95a9c9a8bb33f563df67483f760d2686e3ff040aa4335286fe793eea6be6dff4,0.42363615799695253,0.02265078600612469,850,128,72
film_controls,independent,11,41,1+3,0.4473297521471977,0.6655454039573669,0.0,696,95a9c9a8bb33f563df67483f760d2686e3ff040aa4335286fe793eea6be6dff4,0.42363615799695253,0.022583925994695164,850,128,72
film_controls,independent,11,41,2+3,0.4473297521471977,0.7330808639526367,0.0,696,95a9c9a8bb33f563df67483f760d2686e3ff040aa4335286fe793eea6be6dff4,0.42363615799695253,0.022709955999744125,850,128,72
film_controls,independent,11,53,0+1,0.4475058913230896,0.8243646621704102,0.0,696,80454ae7f6d2bd89f5e387ba231619547434b4c7496ce1458c9127bd0688cb04,0.41978668500087224,0.023529027996119112,850,128,72
film_controls,independent,11,53,0+2,0.4475058913230896,1.1362173557281494,0.0,696,80454ae7f6d2bd89f5e387ba231619547434b4c7496ce1458c9127bd0688cb04,0.41978668500087224,0.023222748000989668,850,128,72
film_controls,independent,11,53,0+3,0.4475058913230896,0.9121348261833191,0.0,696,80454ae7f6d2bd89f5e387ba231619547434b4c7496ce1458c9127bd0688cb04,0.41978668500087224,0.02302699199935887,850,128,72
film_controls,independent,11,53,1+2,0.4475058913230896,0.774629533290863,0.0,696,80454ae7f6d2bd89f5e387ba231619547434b4c7496ce1458c9127bd0688cb04,0.41978668500087224,0.02281743599451147,850,128,72
film_controls,independent,11,53,1+3,0.4475058913230896,0.634361743927002,0.0,696,80454ae7f6d2bd89f5e387ba231619547434b4c7496ce1458c9127bd0688cb04,0.41978668500087224,0.0236052020045463,850,128,72
film_controls,independent,11,53,2+3,0.4475058913230896,0.7385061979293823,0.0,696,80454ae7f6d2bd89f5e387ba231619547434b4c7496ce1458c9127bd0688cb04,0.41978668500087224,0.0231828459945973,850,128,72
film_controls,aligned,17,29,0+1,0.08305942360311747,0.09143822640180588,0.0,696,b081c93d22cceab913e72c88b526e798a4a5cf5e79528dc8dbf9590627976d81,0.4230384589973255,0.02304135399754159,850,128,72
film_controls,aligned,17,29,0+2,0.08305942360311747,0.019745923578739166,0.0,696,b081c93d22cceab913e72c88b526e798a4a5cf5e79528dc8dbf9590627976d81,0.4230384589973255,0.02280536000034772,850,128,72
film_controls,aligned,17,29,0+3,0.08305942360311747,0.2531600594520569,0.0,696,b081c93d22cceab913e72c88b526e798a4a5cf5e79528dc8dbf9590627976d81,0.4230384589973255,0.022899582007084973,850,128,72
film_controls,aligned,17,29,1+2,0.08305942360311747,0.24400460720062256,0.0,696,b081c93d22cceab913e72c88b526e798a4a5cf5e79528dc8dbf9590627976d81,0.4230384589973255,0.022930827995878644,850,128,72
film_controls,aligned,17,29,1+3,0.08305942360311747,0.019558202475309372,0.0,696,b081c93d22cceab913e72c88b526e798a4a5cf5e79528dc8dbf9590627976d81,0.4230384589973255,0.022646219993475825,850,128,72
film_controls,aligned,17,29,2+3,0.08305942360311747,0.09531301259994507,0.0,696,b081c93d22cceab913e72c88b526e798a4a5cf5e79528dc8dbf9590627976d81,0.4230384589973255,0.022762694003176875,850,128,72
film_controls,aligned,17,41,0+1,0.08349392237141728,0.09800270199775696,0.0,696,28dd8ff3a92717d8b8408b5923514477b9146bcfe96626f7d9ef7e2416856e83,0.42212628700508503,0.023282898007892072,850,128,72
film_controls,aligned,17,41,0+2,0.08349392237141728,0.02113007754087448,0.0,696,28dd8ff3a92717d8b8408b5923514477b9146bcfe96626f7d9ef7e2416856e83,0.42212628700508503,0.0230062420014292,850,128,72
film_controls,aligned,17,41,0+3,0.08349392237141728,0.24054135382175446,0.0,696,28dd8ff3a92717d8b8408b5923514477b9146bcfe96626f7d9ef7e2416856e83,0.42212628700508503,0.022946371987927705,850,128,72
film_controls,aligned,17,41,1+2,0.08349392237141728,0.25733453035354614,0.0,696,28dd8ff3a92717d8b8408b5923514477b9146bcfe96626f7d9ef7e2416856e83,0.42212628700508503,0.023283538001123816,850,128,72
film_controls,aligned,17,41,1+3,0.08349392237141728,0.017624443396925926,0.0,696,28dd8ff3a92717d8b8408b5923514477b9146bcfe96626f7d9ef7e2416856e83,0.42212628700508503,0.02292804399621673,850,128,72
film_controls,aligned,17,41,2+3,0.08349392237141728,0.0892987996339798,0.0,696,28dd8ff3a92717d8b8408b5923514477b9146bcfe96626f7d9ef7e2416856e83,0.42212628700508503,0.02315095798985567,850,128,72
film_controls,aligned,17,53,0+1,0.08387058693915606,0.07405689358711243,0.0,696,8139502e16ffef93d6108dd3f7fbab626a370934f00945018e9a0c037e4cc50c,0.4229981280004722,0.022642993993940763,850,128,72
film_controls,aligned,17,53,0+2,0.08387058693915606,0.017626425251364708,0.0,696,8139502e16ffef93d6108dd3f7fbab626a370934f00945018e9a0c037e4cc50c,0.4229981280004722,0.02249467199726496,850,128,72
film_controls,aligned,17,53,0+3,0.08387058693915606,0.29050368070602417,0.0,696,8139502e16ffef93d6108dd3f7fbab626a370934f00945018e9a0c037e4cc50c,0.4229981280004722,0.022609905994613655,850,128,72
film_controls,aligned,17,53,1+2,0.08387058693915606,0.2115098387002945,0.0,696,8139502e16ffef93d6108dd3f7fbab626a370934f00945018e9a0c037e4cc50c,0.4229981280004722,0.022637806003331207,850,128,72
film_controls,aligned,17,53,1+3,0.08387058693915606,0.030546415597200394,0.0,696,8139502e16ffef93d6108dd3f7fbab626a370934f00945018e9a0c037e4cc50c,0.4229981280004722,0.022688503988320008,850,128,72
film_controls,aligned,17,53,2+3,0.08387058693915606,0.11929873377084732,0.0,696,8139502e16ffef93d6108dd3f7fbab626a370934f00945018e9a0c037e4cc50c,0.4229981280004722,0.02269170799991116,850,128,72
film_controls,independent,17,29,0+1,0.5237739086151123,0.9142372012138367,0.0,696,d02ce220bbed7587347614e9357ce29c98f2076ca6e26dc1bfe63925cbafedde,0.42030656799761346,0.023115143994800746,850,128,72
film_controls,independent,17,29,0+2,0.5237739086151123,1.5576632022857666,0.0,696,d02ce220bbed7587347614e9357ce29c98f2076ca6e26dc1bfe63925cbafedde,0.42030656799761346,0.02273419199627824,850,128,72
film_controls,independent,17,29,0+3,0.5237739086151123,0.6037871837615967,0.0,696,d02ce220bbed7587347614e9357ce29c98f2076ca6e26dc1bfe63925cbafedde,0.42030656799761346,0.022694612009217963,850,128,72
film_controls,independent,17,29,1+2,0.5237739086151123,1.2664730548858643,0.0,696,d02ce220bbed7587347614e9357ce29c98f2076ca6e26dc1bfe63925cbafedde,0.42030656799761346,0.023025871996651404,850,128,72
film_controls,independent,17,29,1+3,0.5237739086151123,0.9774742722511292,0.0,696,d02ce220bbed7587347614e9357ce29c98f2076ca6e26dc1bfe63925cbafedde,0.42030656799761346,0.022901944001205266,850,128,72
film_controls,independent,17,29,2+3,0.5237739086151123,1.2018698453903198,0.0,696,d02ce220bbed7587347614e9357ce29c98f2076ca6e26dc1bfe63925cbafedde,0.42030656799761346,0.022859980002976954,850,128,72
film_controls,independent,17,41,0+1,0.5231899619102478,1.0200504064559937,0.0,696,7490488c4e022eef8b70b352469f41f5d2ade3e6d16483b9c9a2d387685740a9,0.4201426309955423,0.023020282009383664,850,128,72
film_controls,independent,17,41,0+2,0.5231899619102478,1.5202475786209106,0.0,696,7490488c4e022eef8b70b352469f41f5d2ade3e6d16483b9c9a2d387685740a9,0.4201426309955423,0.022882674005813897,850,128,72
film_controls,independent,17,41,0+3,0.5231899619102478,0.5822837352752686,0.0,696,7490488c4e022eef8b70b352469f41f5d2ade3e6d16483b9c9a2d387685740a9,0.4201426309955423,0.02291466399037745,850,128,72
film_controls,independent,17,41,1+2,0.5231899619102478,1.334834098815918,0.0,696,7490488c4e022eef8b70b352469f41f5d2ade3e6d16483b9c9a2d387685740a9,0.4201426309955423,0.022918707996723242,850,128,72
film_controls,independent,17,41,1+3,0.5231899619102478,0.9372649192810059,0.0,696,7490488c4e022eef8b70b352469f41f5d2ade3e6d16483b9c9a2d387685740a9,0.4201426309955423,0.02303506399039179,850,128,72
film_controls,independent,17,41,2+3,0.5231899619102478,1.152343511581421,0.0,696,7490488c4e022eef8b70b352469f41f5d2ade3e6d16483b9c9a2d387685740a9,0.4201426309955423,0.02299728599609807,850,128,72
film_controls,independent,17,53,0+1,0.5230821520090103,0.9854382276535034,0.0,696,cdfcccb7f78c3e95bb93c74dc932d2bb911dc34c9db1e44156f4d62ec1e386d5,0.42063660499843536,0.023102286009816453,850,128,72
film_controls,independent,17,53,0+2,0.5230821520090103,1.5075286626815796,0.0,696,cdfcccb7f78c3e95bb93c74dc932d2bb911dc34c9db1e44156f4d62ec1e386d5,0.42063660499843536,0.022705026000039652,850,128,72
film_controls,independent,17,53,0+3,0.5230821520090103,0.6213365197181702,0.0,696,cdfcccb7f78c3e95bb93c74dc932d2bb911dc34c9db1e44156f4d62ec1e386d5,0.42063660499843536,0.02275510400068015,850,128,72
film_controls,independent,17,53,1+2,0.5230821520090103,1.23893141746521,0.0,696,cdfcccb7f78c3e95bb93c74dc932d2bb911dc34c9db1e44156f4d62ec1e386d5,0.42063660499843536,0.022931207990041003,850,128,72
film_controls,independent,17,53,1+3,0.5230821520090103,1.0045818090438843,0.0,696,cdfcccb7f78c3e95bb93c74dc932d2bb911dc34c9db1e44156f4d62ec1e386d5,0.42063660499843536,0.02286122199438978,850,128,72
film_controls,independent,17,53,2+3,0.5230821520090103,1.1572695970535278,0.0,696,cdfcccb7f78c3e95bb93c74dc932d2bb911dc34c9db1e44156f4d62ec1e386d5,0.42063660499843536,0.02275656399433501,850,128,72
film_controls,aligned,23,29,0+1,0.1828661859035492,0.16528701782226562,0.0,696,96a40953c965eccc63576e772c8fe88f7bd115a72921ef0e844a1a1cf06ef29a,0.4329426330004935,0.022905290010385215,850,128,72
film_controls,aligned,23,29,0+2,0.1828661859035492,0.8991335034370422,0.0,696,96a40953c965eccc63576e772c8fe88f7bd115a72921ef0e844a1a1cf06ef29a,0.4329426330004935,0.022624046003329568,850,128,72
film_controls,aligned,23,29,0+3,0.1828661859035492,0.17764702439308167,0.0,696,96a40953c965eccc63576e772c8fe88f7bd115a72921ef0e844a1a1cf06ef29a,0.4329426330004935,0.022566298008314334,850,128,72
film_controls,aligned,23,29,1+2,0.1828661859035492,0.3496844172477722,0.0,696,96a40953c965eccc63576e772c8fe88f7bd115a72921ef0e844a1a1cf06ef29a,0.4329426330004935,0.02249677400686778,850,128,72
film_controls,aligned,23,29,1+3,0.1828661859035492,0.2561649978160858,0.0,696,96a40953c965eccc63576e772c8fe88f7bd115a72921ef0e844a1a1cf06ef29a,0.4329426330004935,0.02278031999594532,850,128,72
film_controls,aligned,23,29,2+3,0.1828661859035492,0.4578869342803955,0.0,696,96a40953c965eccc63576e772c8fe88f7bd115a72921ef0e844a1a1cf06ef29a,0.4329426330004935,0.022655392007436603,850,128,72
film_controls,aligned,23,41,0+1,0.1824242826551199,0.14063429832458496,0.0,696,876e51ff515a0f269e9c697a5b4a75da74826bf94b0dc90592824cc40c36666a,0.4266813709982671,0.022966742006246932,850,128,72
film_controls,aligned,23,41,0+2,0.1824242826551199,0.9245527982711792,0.0,696,876e51ff515a0f269e9c697a5b4a75da74826bf94b0dc90592824cc40c36666a,0.4266813709982671,0.022879669995745644,850,128,72
film_controls,aligned,23,41,0+3,0.1824242826551199,0.1542445719242096,0.0,696,876e51ff515a0f269e9c697a5b4a75da74826bf94b0dc90592824cc40c36666a,0.4266813709982671,0.022870778004289605,850,128,72
film_controls,aligned,23,41,1+2,0.1824242826551199,0.3531233072280884,0.0,696,876e51ff515a0f269e9c697a5b4a75da74826bf94b0dc90592824cc40c36666a,0.4266813709982671,0.02279293999890797,850,128,72
film_controls,aligned,23,41,1+3,0.1824242826551199,0.22581839561462402,0.0,696,876e51ff515a0f269e9c697a5b4a75da74826bf94b0dc90592824cc40c36666a,0.4266813709982671,0.02283230000466574,850,128,72
film_controls,aligned,23,41,2+3,0.1824242826551199,0.4613760709762573,0.0,696,876e51ff515a0f269e9c697a5b4a75da74826bf94b0dc90592824cc40c36666a,0.4266813709982671,0.022983448012382723,850,128,72
film_controls,aligned,23,53,0+1,0.1823789021000266,0.09988352656364441,0.0,696,b5f164a8cad018de4a345ea0ec1c131213bde7fc81af08823cbe21c1c56eed8e,0.4206386280056904,0.023187514001620002,850,128,72
film_controls,aligned,23,53,0+2,0.1823789021000266,0.964329719543457,0.0,696,b5f164a8cad018de4a345ea0ec1c131213bde7fc81af08823cbe21c1c56eed8e,0.4206386280056904,0.022755704005248845,850,128,72
film_controls,aligned,23,53,0+3,0.1823789021000266,0.11485732346773148,0.0,696,b5f164a8cad018de4a345ea0ec1c131213bde7fc81af08823cbe21c1c56eed8e,0.4206386280056904,0.02294428800814785,850,128,72
film_controls,aligned,23,53,1+2,0.1823789021000266,0.3594941198825836,0.0,696,b5f164a8cad018de4a345ea0ec1c131213bde7fc81af08823cbe21c1c56eed8e,0.4206386280056904,0.02309879999666009,850,128,72
film_controls,aligned,23,53,1+3,0.1823789021000266,0.18029628694057465,0.0,696,b5f164a8cad018de4a345ea0ec1c131213bde7fc81af08823cbe21c1c56eed8e,0.4206386280056904,0.022858298005303368,850,128,72
film_controls,aligned,23,53,2+3,0.1823789021000266,0.47434091567993164,0.0,696,b5f164a8cad018de4a345ea0ec1c131213bde7fc81af08823cbe21c1c56eed8e,0.4206386280056904,0.02287221999722533,850,128,72
film_controls,independent,23,29,0+1,0.5526070073246956,0.9687137603759766,0.0,696,2ab8ef492d25974a5295566a58ca057a67e71fb7392c2f4169c9f4ddf75f646c,0.4248992789944168,0.02237246600270737,850,128,72
film_controls,independent,23,29,0+2,0.5526070073246956,1.2884337902069092,0.0,696,2ab8ef492d25974a5295566a58ca057a67e71fb7392c2f4169c9f4ddf75f646c,0.4248992789944168,0.022376053995685652,850,128,72
film_controls,independent,23,29,0+3,0.5526070073246956,1.2428321838378906,0.0,696,2ab8ef492d25974a5295566a58ca057a67e71fb7392c2f4169c9f4ddf75f646c,0.4248992789944168,0.022632858002907597,850,128,72
film_controls,independent,23,29,1+2,0.5526070073246956,1.4484351873397827,0.0,696,2ab8ef492d25974a5295566a58ca057a67e71fb7392c2f4169c9f4ddf75f646c,0.4248992789944168,0.02274050000414718,850,128,72
film_controls,independent,23,29,1+3,0.5526070073246956,1.063462495803833,0.0,696,2ab8ef492d25974a5295566a58ca057a67e71fb7392c2f4169c9f4ddf75f646c,0.4248992789944168,0.02260932400531601,850,128,72
film_controls,independent,23,29,2+3,0.5526070073246956,1.3541442155838013,0.0,696,2ab8ef492d25974a5295566a58ca057a67e71fb7392c2f4169c9f4ddf75f646c,0.4248992789944168,0.022546448002685793,850,128,72
film_controls,independent,23,41,0+1,0.5520361885428429,0.9109091758728027,0.0,696,30d8d7a83a82a2fd5f8958cec148eefa71e146869d1d64a6e599eba197add4cd,0.4188665609981399,0.022796725999796763,850,128,72
film_controls,independent,23,41,0+2,0.5520361885428429,1.2928736209869385,0.0,696,30d8d7a83a82a2fd5f8958cec148eefa71e146869d1d64a6e599eba197add4cd,0.4188665609981399,0.022650426006293856,850,128,72
film_controls,independent,23,41,0+3,0.5520361885428429,1.2778844833374023,0.0,696,30d8d7a83a82a2fd5f8958cec148eefa71e146869d1d64a6e599eba197add4cd,0.4188665609981399,0.022789295995607972,850,128,72
film_controls,independent,23,41,1+2,0.5520361885428429,1.440858244895935,0.0,696,30d8d7a83a82a2fd5f8958cec148eefa71e146869d1d64a6e599eba197add4cd,0.4188665609981399,0.023058380000293255,850,128,72
film_controls,independent,23,41,1+3,0.5520361885428429,1.0234756469726562,0.0,696,30d8d7a83a82a2fd5f8958cec148eefa71e146869d1d64a6e599eba197add4cd,0.4188665609981399,0.02293565600120928,850,128,72
film_controls,independent,23,41,2+3,0.5520361885428429,1.3765480518341064,0.0,696,30d8d7a83a82a2fd5f8958cec148eefa71e146869d1d64a6e599eba197add4cd,0.4188665609981399,0.022658218003925867,850,128,72
film_controls,independent,23,53,0+1,0.5560569390654564,0.9499557018280029,0.0,696,a4e543cecf4bd11ad825630c9f7631d8dfe7c19f14c1eafc30957c9dfd8775a7,0.42481600899918703,0.022566800005733967,850,128,72
film_controls,independent,23,53,0+2,0.5560569390654564,1.3147895336151123,0.0,696,a4e543cecf4bd11ad825630c9f7631d8dfe7c19f14c1eafc30957c9dfd8775a7,0.42481600899918703,0.022425725997891277,850,128,72
film_controls,independent,23,53,0+3,0.5560569390654564,1.263848066329956,0.0,696,a4e543cecf4bd11ad825630c9f7631d8dfe7c19f14c1eafc30957c9dfd8775a7,0.42481600899918703,0.02247812600398902,850,128,72
film_controls,independent,23,53,1+2,0.5560569390654564,1.376111388206482,0.0,696,a4e543cecf4bd11ad825630c9f7631d8dfe7c19f14c1eafc30957c9dfd8775a7,0.42481600899918703,0.022557525997399352,850,128,72
film_controls,independent,23,53,1+3,0.5560569390654564,0.9901201725006104,0.0,696,a4e543cecf4bd11ad825630c9f7631d8dfe7c19f14c1eafc30957c9dfd8775a7,0.42481600899918703,0.022825870008091442,850,128,72
film_controls,independent,23,53,2+3,0.5560569390654564,1.3803527355194092,0.0,696,a4e543cecf4bd11ad825630c9f7631d8dfe7c19f14c1eafc30957c9dfd8775a7,0.42481600899918703,0.022399808003683574,850,128,72
hard_shared,aligned,11,29,0+1,0.21122391521930695,0.03901839256286621,0.0,408,153bad5b97db6ece3447b5f8a5d2e1203e13830f268ce6e3dbed7086cf2bd935,0.03865928699815413,0.011059844007831998,100,64,64
hard_shared,aligned,11,29,0+2,0.21122391521930695,0.02466903254389763,0.0,408,153bad5b97db6ece3447b5f8a5d2e1203e13830f268ce6e3dbed7086cf2bd935,0.03865928699815413,0.010971067997161299,100,64,64
hard_shared,aligned,11,29,0+3,0.21122391521930695,0.7361552715301514,0.0,408,153bad5b97db6ece3447b5f8a5d2e1203e13830f268ce6e3dbed7086cf2bd935,0.03865928699815413,0.01104820599721279,100,64,64
hard_shared,aligned,11,29,1+2,0.21122391521930695,0.841077446937561,0.0,408,153bad5b97db6ece3447b5f8a5d2e1203e13830f268ce6e3dbed7086cf2bd935,0.03865928699815413,0.011009326000930741,100,64,64
hard_shared,aligned,11,29,1+3,0.21122391521930695,0.024556513875722885,0.0,408,153bad5b97db6ece3447b5f8a5d2e1203e13830f268ce6e3dbed7086cf2bd935,0.03865928699815413,0.011086523998528719,100,64,64
hard_shared,aligned,11,29,2+3,0.21122391521930695,0.06318220496177673,0.0,408,153bad5b97db6ece3447b5f8a5d2e1203e13830f268ce6e3dbed7086cf2bd935,0.03865928699815413,0.011110659994301386,100,64,64
hard_shared,aligned,11,41,0+1,0.2104118149727583,0.047943100333213806,0.0,408,eaa9d2228cff0327ff2a513d10ec6a7a50ac474c080ad5b9f90b8478ff7fe383,0.03868141999555519,0.011149537996971048,100,64,64
hard_shared,aligned,11,41,0+2,0.2104118149727583,0.019365660846233368,0.0,408,eaa9d2228cff0327ff2a513d10ec6a7a50ac474c080ad5b9f90b8478ff7fe383,0.03868141999555519,0.011198551990673877,100,64,64
hard_shared,aligned,11,41,0+3,0.2104118149727583,0.7859758734703064,0.0,408,eaa9d2228cff0327ff2a513d10ec6a7a50ac474c080ad5b9f90b8478ff7fe383,0.03868141999555519,0.0112160179996863,100,64,64
hard_shared,aligned,11,41,1+2,0.2104118149727583,0.7847599387168884,0.0,408,eaa9d2228cff0327ff2a513d10ec6a7a50ac474c080ad5b9f90b8478ff7fe383,0.03868141999555519,0.011227413997403346,100,64,64
hard_shared,aligned,11,41,1+3,0.2104118149727583,0.023362979292869568,0.0,408,eaa9d2228cff0327ff2a513d10ec6a7a50ac474c080ad5b9f90b8478ff7fe383,0.03868141999555519,0.011101805997896008,100,64,64
hard_shared,aligned,11,41,2+3,0.2104118149727583,0.04776059463620186,0.0,408,eaa9d2228cff0327ff2a513d10ec6a7a50ac474c080ad5b9f90b8478ff7fe383,0.03868141999555519,0.011103407989139669,100,64,64
hard_shared,aligned,11,53,0+1,0.21139985136687756,0.02961188368499279,0.0,408,4772a03b2f7de6e1184852517d8e407b6ad375b4c277f2a4e30fd53d11331e98,0.039225207998242695,0.011077650007791817,100,64,64
hard_shared,aligned,11,53,0+2,0.21139985136687756,0.02636134624481201,0.0,408,4772a03b2f7de6e1184852517d8e407b6ad375b4c277f2a4e30fd53d11331e98,0.039225207998242695,0.011004219995811582,100,64,64
hard_shared,aligned,11,53,0+3,0.21139985136687756,0.6928592920303345,0.0,408,4772a03b2f7de6e1184852517d8e407b6ad375b4c277f2a4e30fd53d11331e98,0.039225207998242695,0.01099068000621628,100,64,64
hard_shared,aligned,11,53,1+2,0.21139985136687756,0.8857810497283936,0.0,408,4772a03b2f7de6e1184852517d8e407b6ad375b4c277f2a4e30fd53d11331e98,0.039225207998242695,0.011071781991631724,100,64,64
hard_shared,aligned,11,53,1+3,0.21139985136687756,0.024271707981824875,0.0,408,4772a03b2f7de6e1184852517d8e407b6ad375b4c277f2a4e30fd53d11331e98,0.039225207998242695,0.01102949799678754,100,64,64
hard_shared,aligned,11,53,2+3,0.21139985136687756,0.07399623095989227,0.0,408,4772a03b2f7de6e1184852517d8e407b6ad375b4c277f2a4e30fd53d11331e98,0.039225207998242695,0.011118529990199022,100,64,64
hard_shared,independent,11,29,0+1,0.7454802542924881,0.8509806394577026,0.0,408,597b982352d915cc21aa2535ed06941447706768d0112f42d0d98a4e2234f1ec,0.03863078299764311,0.01098158600507304,100,64,64
hard_shared,independent,11,29,0+2,0.7454802542924881,0.8630691170692444,0.0,408,597b982352d915cc21aa2535ed06941447706768d0112f42d0d98a4e2234f1ec,0.03863078299764311,0.011087266000686213,100,64,64
hard_shared,independent,11,29,0+3,0.7454802542924881,1.2700008153915405,0.0,408,597b982352d915cc21aa2535ed06941447706768d0112f42d0d98a4e2234f1ec,0.03863078299764311,0.01107085999683477,100,64,64
hard_shared,independent,11,29,1+2,0.7454802542924881,1.1067500114440918,0.0,408,597b982352d915cc21aa2535ed06941447706768d0112f42d0d98a4e2234f1ec,0.03863078299764311,0.011184632006916218,100,64,64
hard_shared,independent,11,29,1+3,0.7454802542924881,1.0919862985610962,0.0,408,597b982352d915cc21aa2535ed06941447706768d0112f42d0d98a4e2234f1ec,0.03863078299764311,0.01116658400860615,100,64,64
hard_shared,independent,11,29,2+3,0.7454802542924881,0.9340880513191223,0.0,408,597b982352d915cc21aa2535ed06941447706768d0112f42d0d98a4e2234f1ec,0.03863078299764311,0.011076850001700222,100,64,64
hard_shared,independent,11,41,0+1,0.742383286356926,0.8346841931343079,0.0,408,6efaa4a784e8bd31118e97a046ad07b9cfa7bdcc69c4e787206d57a6e2b9167c,0.0387963530010893,0.011079593998147175,100,64,64
hard_shared,independent,11,41,0+2,0.742383286356926,0.8700354695320129,0.0,408,6efaa4a784e8bd31118e97a046ad07b9cfa7bdcc69c4e787206d57a6e2b9167c,0.0387963530010893,0.011149097990710288,100,64,64
hard_shared,independent,11,41,0+3,0.742383286356926,1.0743727684020996,0.0,408,6efaa4a784e8bd31118e97a046ad07b9cfa7bdcc69c4e787206d57a6e2b9167c,0.0387963530010893,0.011114747991086915,100,64,64
hard_shared,independent,11,41,1+2,0.742383286356926,1.277602195739746,0.0,408,6efaa4a784e8bd31118e97a046ad07b9cfa7bdcc69c4e787206d57a6e2b9167c,0.0387963530010893,0.011097601993242279,100,64,64
hard_shared,independent,11,41,1+3,0.742383286356926,1.060244083404541,0.0,408,6efaa4a784e8bd31118e97a046ad07b9cfa7bdcc69c4e787206d57a6e2b9167c,0.0387963530010893,0.011026052001398057,100,64,64
hard_shared,independent,11,41,2+3,0.742383286356926,0.92560875415802,0.0,408,6efaa4a784e8bd31118e97a046ad07b9cfa7bdcc69c4e787206d57a6e2b9167c,0.0387963530010893,0.011049145992728882,100,64,64
hard_shared,independent,11,53,0+1,0.7414720207452774,0.9299118518829346,0.0,408,ab0a3c0b91e46a35aeaed88fda3ecd8a54d2f694cf0da591eaccc20a509fd5fe,0.03887607399519766,0.011266776011325419,100,64,64
hard_shared,independent,11,53,0+2,0.7414720207452774,0.9441498517990112,0.0,408,ab0a3c0b91e46a35aeaed88fda3ecd8a54d2f694cf0da591eaccc20a509fd5fe,0.03887607399519766,0.011175275998539291,100,64,64
hard_shared,independent,11,53,0+3,0.7414720207452774,1.2915172576904297,0.0,408,ab0a3c0b91e46a35aeaed88fda3ecd8a54d2f694cf0da591eaccc20a509fd5fe,0.03887607399519766,0.011138121990370564,100,64,64
hard_shared,independent,11,53,1+2,0.7414720207452774,1.0531675815582275,0.0,408,ab0a3c0b91e46a35aeaed88fda3ecd8a54d2f694cf0da591eaccc20a509fd5fe,0.03887607399519766,0.011033703995053656,100,64,64
hard_shared,independent,11,53,1+3,0.7414720207452774,0.9788395166397095,0.0,408,ab0a3c0b91e46a35aeaed88fda3ecd8a54d2f694cf0da591eaccc20a509fd5fe,0.03887607399519766,0.011130610000691377,100,64,64
hard_shared,independent,11,53,2+3,0.7414720207452774,0.8230909109115601,0.0,408,ab0a3c0b91e46a35aeaed88fda3ecd8a54d2f694cf0da591eaccc20a509fd5fe,0.03887607399519766,0.011303450010018423,100,64,64
hard_shared,aligned,17,29,0+1,0.10122569487430155,0.12132695317268372,0.0,408,50435bfed749b81988177375fac865743d6740e240d7a82be6f3ec0b6a10f784,0.03911102299753111,0.01111610999214463,100,64,64
hard_shared,aligned,17,29,0+2,0.10122569487430155,0.023317851126194,0.0,408,50435bfed749b81988177375fac865743d6740e240d7a82be6f3ec0b6a10f784,0.03911102299753111,0.010964300003251992,100,64,64
hard_shared,aligned,17,29,0+3,0.10122569487430155,0.2635536789894104,0.0,408,50435bfed749b81988177375fac865743d6740e240d7a82be6f3ec0b6a10f784,0.03911102299753111,0.01098026400723029,100,64,64
hard_shared,aligned,17,29,1+2,0.10122569487430155,0.32679709792137146,0.0,408,50435bfed749b81988177375fac865743d6740e240d7a82be6f3ec0b6a10f784,0.03911102299753111,0.010956667989376001,100,64,64
hard_shared,aligned,17,29,1+3,0.10122569487430155,0.011826162226498127,0.0,408,50435bfed749b81988177375fac865743d6740e240d7a82be6f3ec0b6a10f784,0.03911102299753111,0.010965221998048946,100,64,64
hard_shared,aligned,17,29,2+3,0.10122569487430155,0.08429054915904999,0.0,408,50435bfed749b81988177375fac865743d6740e240d7a82be6f3ec0b6a10f784,0.03911102299753111,0.011039771998184733,100,64,64
hard_shared,aligned,17,41,0+1,0.10114087467081845,0.11627431213855743,0.0,408,dad3df7c17c9950368aab74af75609f3b8d85faafbbdb990032909ba20736068,0.038904196000657976,0.011184552000486292,100,64,64
hard_shared,aligned,17,41,0+2,0.10114087467081845,0.02057890221476555,0.0,408,dad3df7c17c9950368aab74af75609f3b8d85faafbbdb990032909ba20736068,0.038904196000657976,0.011099501993157901,100,64,64
hard_shared,aligned,17,41,0+3,0.10114087467081845,0.27098381519317627,0.0,408,dad3df7c17c9950368aab74af75609f3b8d85faafbbdb990032909ba20736068,0.038904196000657976,0.011260746003245004,100,64,64
hard_shared,aligned,17,41,1+2,0.10114087467081845,0.31868839263916016,0.0,408,dad3df7c17c9950368aab74af75609f3b8d85faafbbdb990032909ba20736068,0.038904196000657976,0.01158090599346906,100,64,64
hard_shared,aligned,17,41,1+3,0.10114087467081845,0.013886561617255211,0.0,408,dad3df7c17c9950368aab74af75609f3b8d85faafbbdb990032909ba20736068,0.038904196000657976,0.01136498199775815,100,64,64
hard_shared,aligned,17,41,2+3,0.10114087467081845,0.08866463601589203,0.0,408,dad3df7c17c9950368aab74af75609f3b8d85faafbbdb990032909ba20736068,0.038904196000657976,0.011490652002976276,100,64,64
hard_shared,aligned,17,53,0+1,0.10124679235741496,0.10589910298585892,0.0,408,0f82d197bdd0948833aa797f11d3d7eaaea792763782141432a657375ae0e3f1,0.04254321200278355,0.011329410001053475,100,64,64
hard_shared,aligned,17,53,0+2,0.10124679235741496,0.019226234406232834,0.0,408,0f82d197bdd0948833aa797f11d3d7eaaea792763782141432a657375ae0e3f1,0.04254321200278355,0.011080015989136882,100,64,64
hard_shared,aligned,17,53,0+3,0.10124679235741496,0.29031655192375183,0.0,408,0f82d197bdd0948833aa797f11d3d7eaaea792763782141432a657375ae0e3f1,0.04254321200278355,0.011510821990668774,100,64,64
hard_shared,aligned,17,53,1+2,0.10124679235741496,0.30020302534103394,0.0,408,0f82d197bdd0948833aa797f11d3d7eaaea792763782141432a657375ae0e3f1,0.04254321200278355,0.010964082001009956,100,64,64
hard_shared,aligned,17,53,1+3,0.10124679235741496,0.016086552292108536,0.0,408,0f82d197bdd0948833aa797f11d3d7eaaea792763782141432a657375ae0e3f1,0.04254321200278355,0.011132070008898154,100,64,64
hard_shared,aligned,17,53,2+3,0.10124679235741496,0.09988716244697571,0.0,408,0f82d197bdd0948833aa797f11d3d7eaaea792763782141432a657375ae0e3f1,0.04254321200278355,0.011202157998923212,100,64,64
hard_shared,independent,17,29,0+1,0.7325584888458252,1.1908704042434692,0.0,408,0ea79352755b518dc738b9c8db648949aa6489fbcb0fb072a8bfeb5263c1c6ae,0.039830319001339376,0.01151350598956924,100,64,64
hard_shared,independent,17,29,0+2,0.7325584888458252,0.8408392071723938,0.0,408,0ea79352755b518dc738b9c8db648949aa6489fbcb0fb072a8bfeb5263c1c6ae,0.039830319001339376,0.011013294002623297,100,64,64
hard_shared,independent,17,29,0+3,0.7325584888458252,0.9532483816146851,0.0,408,0ea79352755b518dc738b9c8db648949aa6489fbcb0fb072a8bfeb5263c1c6ae,0.039830319001339376,0.011487045994726941,100,64,64
hard_shared,independent,17,29,1+2,0.7325584888458252,0.970641016960144,0.0,408,0ea79352755b518dc738b9c8db648949aa6489fbcb0fb072a8bfeb5263c1c6ae,0.039830319001339376,0.011361537995981053,100,64,64
hard_shared,independent,17,29,1+3,0.7325584888458252,0.8976982831954956,0.0,408,0ea79352755b518dc738b9c8db648949aa6489fbcb0fb072a8bfeb5263c1c6ae,0.039830319001339376,0.011457601998699829,100,64,64
hard_shared,independent,17,29,2+3,0.7325584888458252,1.0876953601837158,0.0,408,0ea79352755b518dc738b9c8db648949aa6489fbcb0fb072a8bfeb5263c1c6ae,0.039830319001339376,0.013945965998573229,100,64,64
hard_shared,independent,17,41,0+1,0.7337985038757324,1.0877970457077026,0.0,408,01f726a5b86c307c8a4afa4dbfc9bd563ec0000698fbc423d031206dc98ca0df,0.04048451400012709,0.011158251989400014,100,64,64
hard_shared,independent,17,41,0+2,0.7337985038757324,0.723637044429779,0.0,408,01f726a5b86c307c8a4afa4dbfc9bd563ec0000698fbc423d031206dc98ca0df,0.04048451400012709,0.010930589996860363,100,64,64
hard_shared,independent,17,41,0+3,0.7337985038757324,1.0043954849243164,0.0,408,01f726a5b86c307c8a4afa4dbfc9bd563ec0000698fbc423d031206dc98ca0df,0.04048451400012709,0.010939281986793503,100,64,64
hard_shared,independent,17,41,1+2,0.7337985038757324,0.9294140338897705,0.0,408,01f726a5b86c307c8a4afa4dbfc9bd563ec0000698fbc423d031206dc98ca0df,0.04048451400012709,0.011202337991562672,100,64,64
hard_shared,independent,17,41,1+3,0.7337985038757324,1.0248206853866577,0.0,408,01f726a5b86c307c8a4afa4dbfc9bd563ec0000698fbc423d031206dc98ca0df,0.04048451400012709,0.011050849992898293,100,64,64
hard_shared,independent,17,41,2+3,0.7337985038757324,1.2006889581680298,0.0,408,01f726a5b86c307c8a4afa4dbfc9bd563ec0000698fbc423d031206dc98ca0df,0.04048451400012709,0.011107213998911902,100,64,64
hard_shared,independent,17,53,0+1,0.7327233254909515,1.1783363819122314,0.0,408,e0bee745d20235c846d78a854447a644cb875d963677033a4400dc72e6bf777d,0.03980967900133692,0.011694437998812646,100,64,64
hard_shared,independent,17,53,0+2,0.7327233254909515,0.8467718362808228,0.0,408,e0bee745d20235c846d78a854447a644cb875d963677033a4400dc72e6bf777d,0.03980967900133692,0.010985631990479305,100,64,64
hard_shared,independent,17,53,0+3,0.7327233254909515,0.9521051645278931,0.0,408,e0bee745d20235c846d78a854447a644cb875d963677033a4400dc72e6bf777d,0.03980967900133692,0.01114673400297761,100,64,64
hard_shared,independent,17,53,1+2,0.7327233254909515,0.9731029272079468,0.0,408,e0bee745d20235c846d78a854447a644cb875d963677033a4400dc72e6bf777d,0.03980967900133692,0.011288527995930053,100,64,64
hard_shared,independent,17,53,1+3,0.7327233254909515,0.8930844068527222,0.0,408,e0bee745d20235c846d78a854447a644cb875d963677033a4400dc72e6bf777d,0.03980967900133692,0.010877108012209646,100,64,64
hard_shared,independent,17,53,2+3,0.7327233254909515,1.1015480756759644,0.0,408,e0bee745d20235c846d78a854447a644cb875d963677033a4400dc72e6bf777d,0.03980967900133692,0.010966522007947788,100,64,64
hard_shared,aligned,23,29,0+1,0.3285937812179327,0.25735047459602356,0.0,408,736dae597ee1bf1940bcaa4cac802e754f8eaeae3e0124de48089b1cb16c25f6,0.03992837700207019,0.011249589995713905,100,64,64
hard_shared,aligned,23,29,0+2,0.3285937812179327,0.8856808543205261,0.0,408,736dae597ee1bf1940bcaa4cac802e754f8eaeae3e0124de48089b1cb16c25f6,0.03992837700207019,0.011185412004124373,100,64,64
hard_shared,aligned,23,29,0+3,0.3285937812179327,0.19232946634292603,0.0,408,736dae597ee1bf1940bcaa4cac802e754f8eaeae3e0124de48089b1cb16c25f6,0.03992837700207019,0.011046844010706991,100,64,64
hard_shared,aligned,23,29,1+2,0.3285937812179327,0.2590181231498718,0.0,408,736dae597ee1bf1940bcaa4cac802e754f8eaeae3e0124de48089b1cb16c25f6,0.03992837700207019,0.011189679993549362,100,64,64
hard_shared,aligned,23,29,1+3,0.3285937812179327,0.746749758720398,0.0,408,736dae597ee1bf1940bcaa4cac802e754f8eaeae3e0124de48089b1cb16c25f6,0.03992837700207019,0.011103830009233207,100,64,64
hard_shared,aligned,23,29,2+3,0.3285937812179327,0.33929479122161865,0.0,408,736dae597ee1bf1940bcaa4cac802e754f8eaeae3e0124de48089b1cb16c25f6,0.03992837700207019,0.011140925998915918,100,64,64
hard_shared,aligned,23,41,0+1,0.3286935812793672,0.25198060274124146,0.0,408,9c4d066fedb50a2028d9ff31f0e60e57fb29a13563619037cdafc71af19a6923,0.03942433899646858,0.011163239993038587,100,64,64
hard_shared,aligned,23,41,0+2,0.3286935812793672,0.8907268643379211,0.0,408,9c4d066fedb50a2028d9ff31f0e60e57fb29a13563619037cdafc71af19a6923,0.03942433899646858,0.011558212005184032,100,64,64
hard_shared,aligned,23,41,0+3,0.3286935812793672,0.1858658492565155,0.0,408,9c4d066fedb50a2028d9ff31f0e60e57fb29a13563619037cdafc71af19a6923,0.03942433899646858,0.011076669994508848,100,64,64
hard_shared,aligned,23,41,1+2,0.3286935812793672,0.26628008484840393,0.0,408,9c4d066fedb50a2028d9ff31f0e60e57fb29a13563619037cdafc71af19a6923,0.03942433899646858,0.011125641991384327,100,64,64
hard_shared,aligned,23,41,1+3,0.3286935812793672,0.7425020933151245,0.0,408,9c4d066fedb50a2028d9ff31f0e60e57fb29a13563619037cdafc71af19a6923,0.03942433899646858,0.011135135995573364,100,64,64
hard_shared,aligned,23,41,2+3,0.3286935812793672,0.3454630672931671,0.0,408,9c4d066fedb50a2028d9ff31f0e60e57fb29a13563619037cdafc71af19a6923,0.03942433899646858,0.011223869994864799,100,64,64
hard_shared,aligned,23,53,0+1,0.32902267668396235,0.26657795906066895,0.0,408,ed7aad5ef955127a219c66cb015e562dbb43911f723477109c0d084ed2a2d5c7,0.040644133994646836,0.011020386009477079,100,64,64
hard_shared,aligned,23,53,0+2,0.32902267668396235,0.8802886009216309,0.0,408,ed7aad5ef955127a219c66cb015e562dbb43911f723477109c0d084ed2a2d5c7,0.040644133994646836,0.011113024011137895,100,64,64
hard_shared,aligned,23,53,0+3,0.32902267668396235,0.20253470540046692,0.0,408,ed7aad5ef955127a219c66cb015e562dbb43911f723477109c0d084ed2a2d5c7,0.040644133994646836,0.011117609989014454,100,64,64
hard_shared,aligned,23,53,1+2,0.32902267668396235,0.2522440552711487,0.0,408,ed7aad5ef955127a219c66cb015e562dbb43911f723477109c0d084ed2a2d5c7,0.040644133994646836,0.011653555993689224,100,64,64
hard_shared,aligned,23,53,1+3,0.32902267668396235,0.7555732131004333,0.0,408,ed7aad5ef955127a219c66cb015e562dbb43911f723477109c0d084ed2a2d5c7,0.040644133994646836,0.011489030002849177,100,64,64
hard_shared,aligned,23,53,2+3,0.32902267668396235,0.3334985077381134,0.0,408,ed7aad5ef955127a219c66cb015e562dbb43911f723477109c0d084ed2a2d5c7,0.040644133994646836,0.01111632800893858,100,64,64
hard_shared,independent,23,29,0+1,0.8698142319917679,1.1341781616210938,0.0,408,e91b29b1eefcfb30b9a25c8d701e259ad3fe48b80bc6863cee694d9922605526,0.041720923996763304,0.011330631998134777,100,64,64
hard_shared,independent,23,29,0+2,0.8698142319917679,1.052025556564331,0.0,408,e91b29b1eefcfb30b9a25c8d701e259ad3fe48b80bc6863cee694d9922605526,0.041720923996763304,0.011350119995768182,100,64,64
hard_shared,independent,23,29,0+3,0.8698142319917679,1.306196689605713,0.0,408,e91b29b1eefcfb30b9a25c8d701e259ad3fe48b80bc6863cee694d9922605526,0.041720923996763304,0.010949638002784923,100,64,64
hard_shared,independent,23,29,1+2,0.8698142319917679,1.0150463581085205,0.0,408,e91b29b1eefcfb30b9a25c8d701e259ad3fe48b80bc6863cee694d9922605526,0.041720923996763304,0.011031961999833584,100,64,64
hard_shared,independent,23,29,1+3,0.8698142319917679,1.2267978191375732,0.0,408,e91b29b1eefcfb30b9a25c8d701e259ad3fe48b80bc6863cee694d9922605526,0.041720923996763304,0.011058079995564185,100,64,64
hard_shared,independent,23,29,2+3,0.8698142319917679,1.3959895372390747,0.0,408,e91b29b1eefcfb30b9a25c8d701e259ad3fe48b80bc6863cee694d9922605526,0.041720923996763304,0.011082658005761914,100,64,64
hard_shared,independent,23,41,0+1,0.8723428845405579,1.208052396774292,0.0,408,31667549e2d3df07740819a5d5b1d9945cf3fe519fe61a96eb039fcd3f1bc92b,0.03871472099854145,0.011054995993617922,100,64,64
hard_shared,independent,23,41,0+2,0.8723428845405579,1.2161961793899536,0.0,408,31667549e2d3df07740819a5d5b1d9945cf3fe519fe61a96eb039fcd3f1bc92b,0.03871472099854145,0.01113764000183437,100,64,64
hard_shared,independent,23,41,0+3,0.8723428845405579,1.4235155582427979,0.0,408,31667549e2d3df07740819a5d5b1d9945cf3fe519fe61a96eb039fcd3f1bc92b,0.03871472099854145,0.01103246200364083,100,64,64
hard_shared,independent,23,41,1+2,0.8723428845405579,0.9179564714431763,0.0,408,31667549e2d3df07740819a5d5b1d9945cf3fe519fe61a96eb039fcd3f1bc92b,0.03871472099854145,0.01110503199743107,100,64,64
hard_shared,independent,23,41,1+3,0.8723428845405579,1.0828564167022705,0.0,408,31667549e2d3df07740819a5d5b1d9945cf3fe519fe61a96eb039fcd3f1bc92b,0.03871472099854145,0.011109377999673598,100,64,64
hard_shared,independent,23,41,2+3,0.8723428845405579,1.3423442840576172,0.0,408,31667549e2d3df07740819a5d5b1d9945cf3fe519fe61a96eb039fcd3f1bc92b,0.03871472099854145,0.011060885997721925,100,64,64
hard_shared,independent,23,53,0+1,0.8651485741138458,1.225005030632019,0.0,408,5ec82a6c8e1e7b2530c74bd6a62895c03f672b14a7b2eb4d9cbeb7dd78efcf54,0.03873629399458878,0.011034145994926803,100,64,64
hard_shared,independent,23,53,0+2,0.8651485741138458,1.1019909381866455,0.0,408,5ec82a6c8e1e7b2530c74bd6a62895c03f672b14a7b2eb4d9cbeb7dd78efcf54,0.03873629399458878,0.011085964011726901,100,64,64
hard_shared,independent,23,53,0+3,0.8651485741138458,1.2415692806243896,0.0,408,5ec82a6c8e1e7b2530c74bd6a62895c03f672b14a7b2eb4d9cbeb7dd78efcf54,0.03873629399458878,0.011056479997932911,100,64,64
hard_shared,independent,23,53,1+2,0.8651485741138458,1.0423481464385986,0.0,408,5ec82a6c8e1e7b2530c74bd6a62895c03f672b14a7b2eb4d9cbeb7dd78efcf54,0.03873629399458878,0.01110879800398834,100,64,64
hard_shared,independent,23,53,1+3,0.8651485741138458,1.1395069360733032,0.0,408,5ec82a6c8e1e7b2530c74bd6a62895c03f672b14a7b2eb4d9cbeb7dd78efcf54,0.03873629399458878,0.011064010002883151,100,64,64
hard_shared,independent,23,53,2+3,0.8651485741138458,1.2678371667861938,0.0,408,5ec82a6c8e1e7b2530c74bd6a62895c03f672b14a7b2eb4d9cbeb7dd78efcf54,0.03873629399458878,0.011043999998946674,100,64,64
