condition,world,method,task_index,group,choice,dimension,validation_n_mse,private_fallback,final_payload_bytes,fit_compute_proxy
development_t0.0001,31401,adaptive_direct,0,aligned_d2,intrinsic_coefficients,2,3.035598582194093e-15,False,6730,1612800
development_t0.0001,31401,adaptive_direct,1,aligned_d2,intrinsic_coefficients,2,2.917444262315696e-15,False,6730,1612800
development_t0.0001,31401,adaptive_direct,2,aligned_d2,intrinsic_coefficients,2,2.7618735325417613e-15,False,6730,1612800
development_t0.0001,31401,adaptive_direct,3,aligned_d2,intrinsic_coefficients,2,6.381455168572069e-15,False,6730,1612800
development_t0.0001,31401,adaptive_direct,4,aligned_d2,intrinsic_coefficients,2,3.88189143441073e-15,False,6730,1612800
development_t0.0001,31401,adaptive_direct,5,aligned_d2,intrinsic_coefficients,2,4.990407264130695e-15,False,6730,1612800
development_t0.0001,31401,adaptive_direct,6,aligned_d2,intrinsic_coefficients,2,3.3526667312739006e-15,False,6730,1612800
development_t0.0001,31401,adaptive_direct,7,aligned_d2,intrinsic_coefficients,2,1.0950855294181855e-14,False,6730,1612800
development_t0.0001,31401,adaptive_direct,8,aligned_d2,intrinsic_coefficients,2,6.528094359433681e-15,False,6730,1612800
development_t0.0001,31401,adaptive_direct,9,aligned_d2,intrinsic_coefficients,2,3.520581695704646e-15,False,6730,1612800
development_t0.0001,31401,adaptive_direct,10,aligned_d2,intrinsic_coefficients,2,1.714457683318156e-15,False,6730,1612800
development_t0.0001,31401,adaptive_direct,11,aligned_d2,intrinsic_coefficients,2,3.890930970023828e-15,False,6730,1612800
development_t0.0001,31401,adaptive_direct,12,aligned_d2,intrinsic_coefficients,2,7.704465151525241e-15,False,6730,1612800
development_t0.0001,31401,adaptive_direct,13,aligned_d2,intrinsic_coefficients,2,1.8576512500294556e-15,False,6730,1612800
development_t0.0001,31401,adaptive_direct,14,aligned_d2,intrinsic_coefficients,2,2.2155917034295987e-15,False,6730,1612800
development_t0.0001,31401,adaptive_direct,15,aligned_d2,intrinsic_coefficients,2,3.7540462105827965e-15,False,6730,1612800
development_t0.0001,31401,adaptive_direct,16,aligned_d2,intrinsic_coefficients,2,1.1117245599307542e-14,False,6730,1612800
development_t0.0001,31401,adaptive_direct,17,aligned_d2,intrinsic_coefficients,2,6.7922627598586156e-15,False,6730,1612800
development_t0.0001,31401,adaptive_direct,18,aligned_d2,intrinsic_coefficients,2,4.548249712916846e-15,False,6730,1612800
development_t0.0001,31401,adaptive_direct,19,aligned_d2,intrinsic_coefficients,2,7.342345014046871e-15,False,6730,1612800
development_t0.0001,31401,adaptive_direct,20,aligned_d2,intrinsic_coefficients,2,7.86396314955912e-15,False,6730,1612800
development_t0.0001,31401,adaptive_direct,21,aligned_d2,intrinsic_coefficients,2,3.4311157464750417e-15,False,6730,1612800
development_t0.0001,31401,adaptive_direct,22,aligned_d2,intrinsic_coefficients,2,5.231697728166765e-15,False,6730,1612800
development_t0.0001,31401,adaptive_direct,23,aligned_d2,intrinsic_coefficients,2,5.4985791751217556e-15,False,6730,1612800
development_t0.0001,31401,adaptive_direct,24,aligned_d2,intrinsic_coefficients,2,5.350625389126005e-15,False,6730,1612800
development_t0.0001,31401,adaptive_direct,25,aligned_d2,intrinsic_coefficients,2,8.259970534158292e-15,False,6730,1612800
development_t0.0001,31401,adaptive_direct,26,aligned_d2,intrinsic_coefficients,2,2.9208025361933225e-15,False,6730,1612800
development_t0.0001,31401,adaptive_direct,27,aligned_d2,intrinsic_coefficients,2,3.599117955299354e-15,False,6730,1612800
development_t0.0001,31401,adaptive_direct,28,aligned_d2,intrinsic_coefficients,2,3.646237974638637e-15,False,6730,1612800
development_t0.0001,31401,adaptive_direct,29,aligned_d2,intrinsic_coefficients,2,1.946283295322488e-15,False,6730,1612800
development_t0.0001,31401,adaptive_direct,30,aligned_d2,intrinsic_coefficients,2,3.1648416221432326e-15,False,6730,1612800
development_t0.0001,31401,adaptive_direct,31,aligned_d2,intrinsic_coefficients,2,2.5367628801059063e-15,False,6730,1612800
development_t0.0001,31401,adaptive_direct,32,aligned_d4,intrinsic_coefficients,4,3.633158091867136e-15,False,6730,1612800
development_t0.0001,31401,adaptive_direct,33,aligned_d4,intrinsic_coefficients,4,6.384053865654245e-15,False,6730,1612800
development_t0.0001,31401,adaptive_direct,34,aligned_d4,intrinsic_coefficients,4,3.1823425933829273e-15,False,6730,1612800
development_t0.0001,31401,adaptive_direct,35,aligned_d4,intrinsic_coefficients,4,3.4428228005972802e-15,False,6730,1612800
development_t0.0001,31401,adaptive_direct,36,aligned_d4,intrinsic_coefficients,4,7.95426279096706e-15,False,6730,1612800
development_t0.0001,31401,adaptive_direct,37,aligned_d4,intrinsic_coefficients,4,3.6510105817799416e-15,False,6730,1612800
development_t0.0001,31401,adaptive_direct,38,aligned_d4,intrinsic_coefficients,4,5.037823745001517e-15,False,6730,1612800
development_t0.0001,31401,adaptive_direct,39,aligned_d4,intrinsic_coefficients,4,4.566117025906228e-15,False,6730,1612800
development_t0.0001,31401,adaptive_direct,40,aligned_d4,intrinsic_coefficients,4,1.5906187135724986e-15,False,6730,1612800
development_t0.0001,31401,adaptive_direct,41,aligned_d4,intrinsic_coefficients,4,6.723048309606678e-15,False,6730,1612800
development_t0.0001,31401,adaptive_direct,42,aligned_d4,intrinsic_coefficients,2,5.020674507250078e-05,False,6730,1612800
development_t0.0001,31401,adaptive_direct,43,aligned_d4,intrinsic_coefficients,4,3.899853191573731e-15,False,6730,1612800
development_t0.0001,31401,adaptive_direct,44,aligned_d4,intrinsic_coefficients,4,6.939488097519727e-15,False,6730,1612800
development_t0.0001,31401,adaptive_direct,45,aligned_d4,intrinsic_coefficients,4,1.9317683269801014e-15,False,6730,1612800
development_t0.0001,31401,adaptive_direct,46,aligned_d4,intrinsic_coefficients,4,5.077007065625028e-15,False,6730,1612800
development_t0.0001,31401,adaptive_direct,47,aligned_d4,intrinsic_coefficients,4,2.9027791573834087e-15,False,6730,1612800
development_t0.0001,31401,adaptive_direct,48,aligned_d4,intrinsic_coefficients,4,6.509960654582387e-15,False,6730,1612800
development_t0.0001,31401,adaptive_direct,49,aligned_d4,intrinsic_coefficients,4,1.6732818235653483e-15,False,6730,1612800
development_t0.0001,31401,adaptive_direct,50,aligned_d4,intrinsic_coefficients,4,3.872706209130704e-15,False,6730,1612800
development_t0.0001,31401,adaptive_direct,51,aligned_d4,intrinsic_coefficients,4,6.220756077818983e-15,False,6730,1612800
development_t0.0001,31401,adaptive_direct,52,aligned_d4,intrinsic_coefficients,4,3.4558577906225766e-15,False,6730,1612800
development_t0.0001,31401,adaptive_direct,53,aligned_d4,intrinsic_coefficients,4,5.073610039990064e-15,False,6730,1612800
development_t0.0001,31401,adaptive_direct,54,aligned_d4,intrinsic_coefficients,4,7.633316078021774e-15,False,6730,1612800
development_t0.0001,31401,adaptive_direct,55,aligned_d4,intrinsic_coefficients,4,6.283049421858906e-15,False,6730,1612800
development_t0.0001,31401,adaptive_direct,56,aligned_d4,intrinsic_coefficients,4,4.2406797677910744e-15,False,6730,1612800
development_t0.0001,31401,adaptive_direct,57,aligned_d4,intrinsic_coefficients,4,4.526443273206258e-15,False,6730,1612800
development_t0.0001,31401,adaptive_direct,58,aligned_d4,intrinsic_coefficients,4,8.232582570841772e-15,False,6730,1612800
development_t0.0001,31401,adaptive_direct,59,aligned_d4,intrinsic_coefficients,4,7.454551468569649e-15,False,6730,1612800
development_t0.0001,31401,adaptive_direct,60,aligned_d4,intrinsic_coefficients,4,4.783776964779798e-15,False,6730,1612800
development_t0.0001,31401,adaptive_direct,61,aligned_d4,intrinsic_coefficients,4,5.6848891540680225e-15,False,6730,1612800
development_t0.0001,31401,adaptive_direct,62,aligned_d4,intrinsic_coefficients,4,7.17071750420831e-15,False,6730,1612800
development_t0.0001,31401,adaptive_direct,63,aligned_d4,intrinsic_coefficients,4,4.9538836269615635e-15,False,6730,1612800
development_t0.0001,31401,adaptive_direct,64,aligned_d8,intrinsic_coefficients,8,9.183365195673462e-15,False,6730,1612800
development_t0.0001,31401,adaptive_direct,65,aligned_d8,intrinsic_coefficients,8,1.1674751673762009e-14,False,6730,1612800
development_t0.0001,31401,adaptive_direct,66,aligned_d8,intrinsic_coefficients,8,1.2798217211484539e-14,False,6730,1612800
development_t0.0001,31401,adaptive_direct,67,aligned_d8,intrinsic_coefficients,8,7.029860160244657e-15,False,6730,1612800
development_t0.0001,31401,adaptive_direct,68,aligned_d8,intrinsic_coefficients,8,1.1981987464390088e-14,False,6730,1612800
development_t0.0001,31401,adaptive_direct,69,aligned_d8,intrinsic_coefficients,8,4.368106557343064e-15,False,6730,1612800
development_t0.0001,31401,adaptive_direct,70,aligned_d8,intrinsic_coefficients,8,9.728358899431088e-15,False,6730,1612800
development_t0.0001,31401,adaptive_direct,71,aligned_d8,intrinsic_coefficients,8,6.53831804710704e-15,False,6730,1612800
development_t0.0001,31401,adaptive_direct,72,aligned_d8,intrinsic_coefficients,8,6.5431393586428115e-15,False,6730,1612800
development_t0.0001,31401,adaptive_direct,73,aligned_d8,intrinsic_coefficients,8,6.586902586412126e-15,False,6730,1612800
development_t0.0001,31401,adaptive_direct,74,aligned_d8,intrinsic_coefficients,8,8.810074387686703e-15,False,6730,1612800
development_t0.0001,31401,adaptive_direct,75,aligned_d8,intrinsic_coefficients,8,5.117448230175211e-15,False,6730,1612800
development_t0.0001,31401,adaptive_direct,76,aligned_d8,intrinsic_coefficients,8,8.814694105381028e-15,False,6730,1612800
development_t0.0001,31401,adaptive_direct,77,aligned_d8,intrinsic_coefficients,8,4.396530018437603e-15,False,6730,1612800
development_t0.0001,31401,adaptive_direct,78,aligned_d8,intrinsic_coefficients,8,6.959821970451514e-15,False,6730,1612800
development_t0.0001,31401,adaptive_direct,79,aligned_d8,intrinsic_coefficients,8,4.863532316543842e-15,False,6730,1612800
development_t0.0001,31401,adaptive_direct,80,aligned_d8,intrinsic_coefficients,8,9.693755062436908e-15,False,6730,1612800
development_t0.0001,31401,adaptive_direct,81,aligned_d8,intrinsic_coefficients,8,1.7486900328374938e-14,False,6730,1612800
development_t0.0001,31401,adaptive_direct,82,aligned_d8,intrinsic_coefficients,8,1.080483697847058e-14,False,6730,1612800
development_t0.0001,31401,adaptive_direct,83,aligned_d8,intrinsic_coefficients,8,5.250266384436474e-15,False,6730,1612800
development_t0.0001,31401,adaptive_direct,84,aligned_d8,intrinsic_coefficients,8,7.514500225411572e-15,False,6730,1612800
development_t0.0001,31401,adaptive_direct,85,aligned_d8,intrinsic_coefficients,8,5.5641899236996e-15,False,6730,1612800
development_t0.0001,31401,adaptive_direct,86,aligned_d8,intrinsic_coefficients,8,5.9689196300731235e-15,False,6730,1612800
development_t0.0001,31401,adaptive_direct,87,aligned_d8,intrinsic_coefficients,8,1.1576013890133522e-14,False,6730,1612800
development_t0.0001,31401,adaptive_direct,88,aligned_d8,intrinsic_coefficients,8,1.0518090067803635e-14,False,6730,1612800
development_t0.0001,31401,adaptive_direct,89,aligned_d8,intrinsic_coefficients,8,1.0435166389300386e-14,False,6730,1612800
development_t0.0001,31401,adaptive_direct,90,aligned_d8,intrinsic_coefficients,8,8.460977381772369e-15,False,6730,1612800
development_t0.0001,31401,adaptive_direct,91,aligned_d8,intrinsic_coefficients,8,1.3500512556843813e-14,False,6730,1612800
development_t0.0001,31401,adaptive_direct,92,aligned_d8,intrinsic_coefficients,8,1.3024751091030018e-14,False,6730,1612800
development_t0.0001,31401,adaptive_direct,93,aligned_d8,intrinsic_coefficients,8,6.715631265604045e-15,False,6730,1612800
development_t0.0001,31401,adaptive_direct,94,aligned_d8,intrinsic_coefficients,8,6.387727447546487e-15,False,6730,1612800
development_t0.0001,31401,adaptive_direct,95,aligned_d8,intrinsic_coefficients,8,8.400692352850386e-15,False,6730,1612800
development_t0.0001,31401,adaptive_direct,96,aligned_d16,intrinsic_coefficients,16,1.039589709483273e-14,False,6730,1612800
development_t0.0001,31401,adaptive_direct,97,aligned_d16,intrinsic_coefficients,16,1.8127900981539102e-14,False,6730,1612800
development_t0.0001,31401,adaptive_direct,98,aligned_d16,intrinsic_coefficients,16,6.898504408366828e-15,False,6730,1612800
development_t0.0001,31401,adaptive_direct,99,aligned_d16,intrinsic_coefficients,16,5.9845948217950116e-15,False,6730,1612800
development_t0.0001,31401,adaptive_direct,100,aligned_d16,intrinsic_coefficients,16,1.246580506056522e-14,False,6730,1612800
development_t0.0001,31401,adaptive_direct,101,aligned_d16,intrinsic_coefficients,16,8.902412837398684e-15,False,6730,1612800
development_t0.0001,31401,adaptive_direct,102,aligned_d16,intrinsic_coefficients,16,1.4260846599748953e-14,False,6730,1612800
development_t0.0001,31401,adaptive_direct,103,aligned_d16,intrinsic_coefficients,16,1.2303517783036032e-14,False,6730,1612800
development_t0.0001,31401,adaptive_direct,104,aligned_d16,intrinsic_coefficients,16,1.764365224559382e-14,False,6730,1612800
development_t0.0001,31401,adaptive_direct,105,aligned_d16,intrinsic_coefficients,16,9.69731768301306e-15,False,6730,1612800
development_t0.0001,31401,adaptive_direct,106,aligned_d16,intrinsic_coefficients,16,1.1739044015557452e-14,False,6730,1612800
development_t0.0001,31401,adaptive_direct,107,aligned_d16,intrinsic_coefficients,16,1.9742754048886375e-14,False,6730,1612800
development_t0.0001,31401,adaptive_direct,108,aligned_d16,intrinsic_coefficients,16,1.2746532955108976e-14,False,6730,1612800
development_t0.0001,31401,adaptive_direct,109,aligned_d16,intrinsic_coefficients,16,1.4784101202915297e-14,False,6730,1612800
development_t0.0001,31401,adaptive_direct,110,aligned_d16,intrinsic_coefficients,16,7.899650341692838e-15,False,6730,1612800
development_t0.0001,31401,adaptive_direct,111,aligned_d16,intrinsic_coefficients,16,6.671332713012066e-15,False,6730,1612800
development_t0.0001,31401,adaptive_direct,112,aligned_d16,intrinsic_coefficients,16,1.3473914875267081e-14,False,6730,1612800
development_t0.0001,31401,adaptive_direct,113,aligned_d16,intrinsic_coefficients,16,8.577569772896029e-15,False,6730,1612800
development_t0.0001,31401,adaptive_direct,114,aligned_d16,intrinsic_coefficients,16,1.3012475042525461e-14,False,6730,1612800
development_t0.0001,31401,adaptive_direct,115,aligned_d16,intrinsic_coefficients,16,6.980074951736838e-15,False,6730,1612800
development_t0.0001,31401,adaptive_direct,116,aligned_d16,intrinsic_coefficients,16,9.844400719139033e-15,False,6730,1612800
development_t0.0001,31401,adaptive_direct,117,aligned_d16,intrinsic_coefficients,16,6.549636101348252e-15,False,6730,1612800
development_t0.0001,31401,adaptive_direct,118,aligned_d16,intrinsic_coefficients,16,1.3857582683890653e-14,False,6730,1612800
development_t0.0001,31401,adaptive_direct,119,aligned_d16,intrinsic_coefficients,16,2.297967012802795e-14,False,6730,1612800
development_t0.0001,31401,adaptive_direct,120,aligned_d16,intrinsic_coefficients,16,6.755489247970044e-15,False,6730,1612800
development_t0.0001,31401,adaptive_direct,121,aligned_d16,intrinsic_coefficients,16,1.1856854440059263e-14,False,6730,1612800
development_t0.0001,31401,adaptive_direct,122,aligned_d16,intrinsic_coefficients,16,8.040209530059059e-15,False,6730,1612800
development_t0.0001,31401,adaptive_direct,123,aligned_d16,intrinsic_coefficients,16,1.0240920558671294e-14,False,6730,1612800
development_t0.0001,31401,adaptive_direct,124,aligned_d16,intrinsic_coefficients,16,8.533965363804324e-15,False,6730,1612800
development_t0.0001,31401,adaptive_direct,125,aligned_d16,intrinsic_coefficients,16,1.43505423066655e-14,False,6730,1612800
development_t0.0001,31401,adaptive_direct,126,aligned_d16,intrinsic_coefficients,16,7.709933596232715e-15,False,6730,1612800
development_t0.0001,31401,adaptive_direct,127,aligned_d16,intrinsic_coefficients,16,1.1864159252196384e-14,False,6730,1612800
development_t0.0001,31401,adaptive_direct,128,unrelated,intrinsic_coefficients,16,9.300148169210255e-15,False,6730,1612800
development_t0.0001,31401,adaptive_direct,129,unrelated,intrinsic_coefficients,16,2.7828030813937046e-14,False,6730,1612800
development_t0.0001,31401,adaptive_direct,130,unrelated,intrinsic_coefficients,16,8.423834987035268e-15,False,6730,1612800
development_t0.0001,31401,adaptive_direct,131,unrelated,intrinsic_coefficients,16,1.26802610973158e-14,False,6730,1612800
development_t0.0001,31401,adaptive_direct,132,unrelated,intrinsic_coefficients,16,1.8633960815876184e-14,False,6730,1612800
development_t0.0001,31401,adaptive_direct,133,unrelated,intrinsic_coefficients,16,1.5081277630261784e-14,False,6730,1612800
development_t0.0001,31401,adaptive_direct,134,unrelated,intrinsic_coefficients,16,1.5290775983172085e-14,False,6730,1612800
development_t0.0001,31401,adaptive_direct,135,unrelated,intrinsic_coefficients,16,1.2546543394064552e-14,False,6730,1612800
development_t0.0001,31401,adaptive_direct,136,unrelated,intrinsic_coefficients,16,1.449248639390048e-14,False,6730,1612800
development_t0.0001,31401,adaptive_direct,137,unrelated,intrinsic_coefficients,16,9.16869712612586e-15,False,6730,1612800
development_t0.0001,31401,adaptive_direct,138,unrelated,intrinsic_coefficients,16,1.3119225757834974e-14,False,6730,1612800
development_t0.0001,31401,adaptive_direct,139,unrelated,intrinsic_coefficients,16,1.5948398810893168e-14,False,6730,1612800
development_t0.0001,31401,adaptive_direct,140,unrelated,intrinsic_coefficients,16,1.237063413267762e-14,False,6730,1612800
development_t0.0001,31401,adaptive_direct,141,unrelated,intrinsic_coefficients,16,7.58203924449384e-15,False,6730,1612800
development_t0.0001,31401,adaptive_direct,142,unrelated,intrinsic_coefficients,16,1.5726111954545222e-14,False,6730,1612800
development_t0.0001,31401,adaptive_direct,143,unrelated,intrinsic_coefficients,16,7.14936973283866e-15,False,6730,1612800
development_t0.0001,31401,adaptive_direct,144,unrelated,intrinsic_coefficients,16,1.3012127759017087e-14,False,6730,1612800
development_t0.0001,31401,adaptive_direct,145,unrelated,intrinsic_coefficients,16,1.492143234871953e-14,False,6730,1612800
development_t0.0001,31401,adaptive_direct,146,unrelated,intrinsic_coefficients,16,9.313073891985355e-15,False,6730,1612800
development_t0.0001,31401,adaptive_direct,147,unrelated,intrinsic_coefficients,16,1.9434528923775903e-14,False,6730,1612800
development_t0.0001,31401,adaptive_direct,148,unrelated,intrinsic_coefficients,16,1.8255370969771402e-14,False,6730,1612800
development_t0.0001,31401,adaptive_direct,149,unrelated,intrinsic_coefficients,16,1.2715047893426586e-14,False,6730,1612800
development_t0.0001,31401,adaptive_direct,150,unrelated,intrinsic_coefficients,16,2.1607739333689632e-14,False,6730,1612800
development_t0.0001,31401,adaptive_direct,151,unrelated,intrinsic_coefficients,16,9.482441517920642e-15,False,6730,1612800
development_t0.0001,31401,adaptive_direct,152,unrelated,intrinsic_coefficients,16,1.1798074588684551e-14,False,6730,1612800
development_t0.0001,31401,adaptive_direct,153,unrelated,intrinsic_coefficients,16,1.3225312399313838e-14,False,6730,1612800
development_t0.0001,31401,adaptive_direct,154,unrelated,intrinsic_coefficients,16,1.6574667867038685e-14,False,6730,1612800
development_t0.0001,31401,adaptive_direct,155,unrelated,intrinsic_coefficients,16,1.1734758875877292e-14,False,6730,1612800
development_t0.0001,31401,adaptive_direct,156,unrelated,intrinsic_coefficients,16,1.420680843881297e-14,False,6730,1612800
development_t0.0001,31401,adaptive_direct,157,unrelated,intrinsic_coefficients,16,2.0767482650013366e-14,False,6730,1612800
development_t0.0001,31401,adaptive_direct,158,unrelated,intrinsic_coefficients,16,1.3210341939004066e-14,False,6730,1612800
development_t0.0001,31401,adaptive_direct,159,unrelated,intrinsic_coefficients,16,1.1430812961216348e-14,False,6730,1612800
development_t0.0001,31401,adaptive_mirror,0,aligned_d2,mirror_view_plus_residual,2,2.44506111357623e-07,False,7082,166362880
development_t0.0001,31401,adaptive_mirror,1,aligned_d2,mirror_view_plus_residual,2,2.6616173727234127e-06,False,7082,166362880
development_t0.0001,31401,adaptive_mirror,2,aligned_d2,mirror_view_plus_residual,2,1.988877102121478e-06,False,7082,166362880
development_t0.0001,31401,adaptive_mirror,3,aligned_d2,mirror_view_plus_residual,2,1.425255618414667e-06,False,7082,166362880
development_t0.0001,31401,adaptive_mirror,4,aligned_d2,mirror_view_plus_residual,2,1.0685263163168202e-07,False,7082,166362880
development_t0.0001,31401,adaptive_mirror,5,aligned_d2,mirror_view_plus_residual,2,1.5637150454494986e-06,False,7082,166362880
development_t0.0001,31401,adaptive_mirror,6,aligned_d2,mirror_view_plus_residual,2,2.5916662593772344e-07,False,7082,166362880
development_t0.0001,31401,adaptive_mirror,7,aligned_d2,mirror_view_plus_residual,2,8.117183938338712e-07,False,7082,166362880
development_t0.0001,31401,adaptive_mirror,8,aligned_d2,mirror_view_plus_residual,2,1.907288151414832e-06,False,7082,166362880
development_t0.0001,31401,adaptive_mirror,9,aligned_d2,mirror_view_plus_residual,2,1.4616878818429768e-09,False,7082,166362880
development_t0.0001,31401,adaptive_mirror,10,aligned_d2,mirror_view_plus_residual,2,2.5745807761268225e-06,False,7082,166362880
development_t0.0001,31401,adaptive_mirror,11,aligned_d2,mirror_view_plus_residual,2,1.848825093020423e-07,False,7082,166362880
development_t0.0001,31401,adaptive_mirror,12,aligned_d2,mirror_view_plus_residual,2,3.655036451277738e-08,False,7082,166362880
development_t0.0001,31401,adaptive_mirror,13,aligned_d2,mirror_view_plus_residual,2,1.3338456028577639e-06,False,7082,166362880
development_t0.0001,31401,adaptive_mirror,14,aligned_d2,mirror_view_plus_residual,2,3.8855803019544055e-09,False,7082,166362880
development_t0.0001,31401,adaptive_mirror,15,aligned_d2,mirror_view_plus_residual,2,5.744699365095585e-07,False,7082,166362880
development_t0.0001,31401,adaptive_mirror,16,aligned_d2,mirror_view_plus_residual,2,1.7403490346623585e-06,False,7082,166362880
development_t0.0001,31401,adaptive_mirror,17,aligned_d2,mirror_view_plus_residual,2,1.3087461638860987e-06,False,7082,166362880
development_t0.0001,31401,adaptive_mirror,18,aligned_d2,mirror_view_plus_residual,2,5.613755433842016e-07,False,7082,166362880
development_t0.0001,31401,adaptive_mirror,19,aligned_d2,mirror_view_plus_residual,2,4.801890440830903e-07,False,7082,166362880
development_t0.0001,31401,adaptive_mirror,20,aligned_d2,mirror_view_plus_residual,2,1.5201559335764614e-06,False,7082,166362880
development_t0.0001,31401,adaptive_mirror,21,aligned_d2,mirror_view_plus_residual,2,7.366128897956514e-07,False,7082,166362880
development_t0.0001,31401,adaptive_mirror,22,aligned_d2,mirror_view_plus_residual,2,1.8910685639639269e-06,False,7082,166362880
development_t0.0001,31401,adaptive_mirror,23,aligned_d2,mirror_view_plus_residual,2,1.294086757752666e-07,False,7082,166362880
development_t0.0001,31401,adaptive_mirror,24,aligned_d2,mirror_view_plus_residual,2,2.0732293251057854e-06,False,7082,166362880
development_t0.0001,31401,adaptive_mirror,25,aligned_d2,mirror_view_plus_residual,2,2.635468263179064e-06,False,7082,166362880
development_t0.0001,31401,adaptive_mirror,26,aligned_d2,mirror_view_plus_residual,2,1.3635258255817462e-07,False,7082,166362880
development_t0.0001,31401,adaptive_mirror,27,aligned_d2,mirror_view_plus_residual,2,2.6532443371252157e-06,False,7082,166362880
development_t0.0001,31401,adaptive_mirror,28,aligned_d2,mirror_view_plus_residual,2,2.863463805624633e-06,False,7082,166362880
development_t0.0001,31401,adaptive_mirror,29,aligned_d2,mirror_view_plus_residual,2,1.6328479546245944e-07,False,7082,166362880
development_t0.0001,31401,adaptive_mirror,30,aligned_d2,mirror_view_plus_residual,2,1.536851982564258e-06,False,7082,166362880
development_t0.0001,31401,adaptive_mirror,31,aligned_d2,mirror_view_plus_residual,2,3.3386382369826606e-07,False,7082,166362880
development_t0.0001,31401,adaptive_mirror,32,aligned_d4,mirror_view_plus_residual,4,8.045152100066844e-09,False,7082,166362880
development_t0.0001,31401,adaptive_mirror,33,aligned_d4,mirror_view_plus_residual,4,3.079323960264446e-07,False,7082,166362880
development_t0.0001,31401,adaptive_mirror,34,aligned_d4,mirror_view_plus_residual,4,2.99796056424384e-07,False,7082,166362880
development_t0.0001,31401,adaptive_mirror,35,aligned_d4,mirror_view_plus_residual,4,2.750457724687294e-06,False,7082,166362880
development_t0.0001,31401,adaptive_mirror,36,aligned_d4,mirror_view_plus_residual,4,3.2373009162256494e-07,False,7082,166362880
development_t0.0001,31401,adaptive_mirror,37,aligned_d4,mirror_view_plus_residual,4,1.7172366142403916e-06,False,7082,166362880
development_t0.0001,31401,adaptive_mirror,38,aligned_d4,mirror_view_plus_residual,4,1.9869885363732465e-06,False,7082,166362880
development_t0.0001,31401,adaptive_mirror,39,aligned_d4,mirror_view_plus_residual,4,1.0945665707140506e-07,False,7082,166362880
development_t0.0001,31401,adaptive_mirror,40,aligned_d4,mirror_view_plus_residual,4,7.41275130167196e-07,False,7082,166362880
development_t0.0001,31401,adaptive_mirror,41,aligned_d4,mirror_view_plus_residual,4,2.8584233646711255e-08,False,7082,166362880
development_t0.0001,31401,adaptive_mirror,42,aligned_d4,mirror_view_plus_residual,2,4.906861067865975e-05,False,7082,166362880
development_t0.0001,31401,adaptive_mirror,43,aligned_d4,mirror_view_plus_residual,4,2.4421144644293236e-06,False,7082,166362880
development_t0.0001,31401,adaptive_mirror,44,aligned_d4,mirror_view_plus_residual,4,1.7045397271431284e-06,False,7082,166362880
development_t0.0001,31401,adaptive_mirror,45,aligned_d4,mirror_view_plus_residual,4,6.656967457274732e-07,False,7082,166362880
development_t0.0001,31401,adaptive_mirror,46,aligned_d4,mirror_view_plus_residual,4,8.972587011157884e-07,False,7082,166362880
development_t0.0001,31401,adaptive_mirror,47,aligned_d4,mirror_view_plus_residual,4,4.243394471359352e-07,False,7082,166362880
development_t0.0001,31401,adaptive_mirror,48,aligned_d4,mirror_view_plus_residual,4,5.522090873455454e-08,False,7082,166362880
development_t0.0001,31401,adaptive_mirror,49,aligned_d4,mirror_view_plus_residual,4,1.8555275573817198e-06,False,7082,166362880
development_t0.0001,31401,adaptive_mirror,50,aligned_d4,mirror_view_plus_residual,4,2.346515088902379e-07,False,7082,166362880
development_t0.0001,31401,adaptive_mirror,51,aligned_d4,mirror_view_plus_residual,4,1.2933488733324339e-06,False,7082,166362880
development_t0.0001,31401,adaptive_mirror,52,aligned_d4,mirror_view_plus_residual,4,1.0826952490106123e-07,False,7082,166362880
development_t0.0001,31401,adaptive_mirror,53,aligned_d4,mirror_view_plus_residual,4,3.7422151422106253e-07,False,7082,166362880
development_t0.0001,31401,adaptive_mirror,54,aligned_d4,mirror_view_plus_residual,4,1.5430815381023422e-07,False,7082,166362880
development_t0.0001,31401,adaptive_mirror,55,aligned_d4,mirror_view_plus_residual,4,8.498432180203963e-07,False,7082,166362880
development_t0.0001,31401,adaptive_mirror,56,aligned_d4,mirror_view_plus_residual,4,5.213457825448131e-07,False,7082,166362880
development_t0.0001,31401,adaptive_mirror,57,aligned_d4,mirror_view_plus_residual,4,7.863331319413192e-09,False,7082,166362880
development_t0.0001,31401,adaptive_mirror,58,aligned_d4,mirror_view_plus_residual,4,1.850097390843075e-07,False,7082,166362880
development_t0.0001,31401,adaptive_mirror,59,aligned_d4,mirror_view_plus_residual,4,2.610780480694075e-10,False,7082,166362880
development_t0.0001,31401,adaptive_mirror,60,aligned_d4,mirror_view_plus_residual,4,2.9135657442225238e-08,False,7082,166362880
development_t0.0001,31401,adaptive_mirror,61,aligned_d4,mirror_view_plus_residual,4,1.0141099693328215e-07,False,7082,166362880
development_t0.0001,31401,adaptive_mirror,62,aligned_d4,mirror_view_plus_residual,4,1.959779865501332e-06,False,7082,166362880
development_t0.0001,31401,adaptive_mirror,63,aligned_d4,mirror_view_plus_residual,4,3.4924053693430324e-07,False,7082,166362880
development_t0.0001,31401,adaptive_mirror,64,aligned_d8,mirror_view_plus_residual,8,1.4034592368261656e-06,False,7082,166362880
development_t0.0001,31401,adaptive_mirror,65,aligned_d8,mirror_view_plus_residual,8,4.4457014070076184e-08,False,7082,166362880
development_t0.0001,31401,adaptive_mirror,66,aligned_d8,mirror_view_plus_residual,8,1.616315614683117e-07,False,7082,166362880
development_t0.0001,31401,adaptive_mirror,67,aligned_d8,mirror_view_plus_residual,8,7.379267685792001e-08,False,7082,166362880
development_t0.0001,31401,adaptive_mirror,68,aligned_d8,mirror_view_plus_residual,8,9.60959027906938e-08,False,7082,166362880
development_t0.0001,31401,adaptive_mirror,69,aligned_d8,mirror_view_plus_residual,8,1.8133863477487466e-07,False,7082,166362880
development_t0.0001,31401,adaptive_mirror,70,aligned_d8,mirror_view_plus_residual,8,1.517216560387169e-06,False,7082,166362880
development_t0.0001,31401,adaptive_mirror,71,aligned_d8,mirror_view_plus_residual,8,6.596887942578178e-07,False,7082,166362880
development_t0.0001,31401,adaptive_mirror,72,aligned_d8,mirror_view_plus_residual,8,6.027051426826802e-07,False,7082,166362880
development_t0.0001,31401,adaptive_mirror,73,aligned_d8,mirror_view_plus_residual,8,1.1973583013968891e-07,False,7082,166362880
development_t0.0001,31401,adaptive_mirror,74,aligned_d8,mirror_view_plus_residual,8,1.0720793852669885e-06,False,7082,166362880
development_t0.0001,31401,adaptive_mirror,75,aligned_d8,mirror_view_plus_residual,8,1.9749084856357513e-07,False,7082,166362880
development_t0.0001,31401,adaptive_mirror,76,aligned_d8,mirror_view_plus_residual,8,2.3305124159378465e-06,False,7082,166362880
development_t0.0001,31401,adaptive_mirror,77,aligned_d8,mirror_view_plus_residual,8,1.3048838809481822e-06,False,7082,166362880
development_t0.0001,31401,adaptive_mirror,78,aligned_d8,mirror_view_plus_residual,8,6.604586815228686e-07,False,7082,166362880
development_t0.0001,31401,adaptive_mirror,79,aligned_d8,mirror_view_plus_residual,8,1.1553112244655495e-06,False,7082,166362880
development_t0.0001,31401,adaptive_mirror,80,aligned_d8,mirror_view_plus_residual,8,2.3455883990664006e-07,False,7082,166362880
development_t0.0001,31401,adaptive_mirror,81,aligned_d8,mirror_view_plus_residual,8,1.885045321614598e-06,False,7082,166362880
development_t0.0001,31401,adaptive_mirror,82,aligned_d8,mirror_view_plus_residual,8,3.319796178402612e-06,False,7082,166362880
development_t0.0001,31401,adaptive_mirror,83,aligned_d8,mirror_view_plus_residual,8,8.588263433750853e-09,False,7082,166362880
development_t0.0001,31401,adaptive_mirror,84,aligned_d8,mirror_view_plus_residual,8,2.2042276270894945e-07,False,7082,166362880
development_t0.0001,31401,adaptive_mirror,85,aligned_d8,mirror_view_plus_residual,8,8.483699502903619e-07,False,7082,166362880
development_t0.0001,31401,adaptive_mirror,86,aligned_d8,mirror_view_plus_residual,8,3.1469588179788843e-07,False,7082,166362880
development_t0.0001,31401,adaptive_mirror,87,aligned_d8,mirror_view_plus_residual,8,1.2856560260843253e-06,False,7082,166362880
development_t0.0001,31401,adaptive_mirror,88,aligned_d8,mirror_view_plus_residual,8,8.394952715207182e-07,False,7082,166362880
development_t0.0001,31401,adaptive_mirror,89,aligned_d8,mirror_view_plus_residual,8,1.9401459212531336e-06,False,7082,166362880
development_t0.0001,31401,adaptive_mirror,90,aligned_d8,mirror_view_plus_residual,8,2.1949454094283283e-06,False,7082,166362880
development_t0.0001,31401,adaptive_mirror,91,aligned_d8,mirror_view_plus_residual,8,3.3161622923216783e-06,False,7082,166362880
development_t0.0001,31401,adaptive_mirror,92,aligned_d8,mirror_view_plus_residual,8,3.602071387831529e-07,False,7082,166362880
development_t0.0001,31401,adaptive_mirror,93,aligned_d8,mirror_view_plus_residual,8,7.35192315914901e-07,False,7082,166362880
development_t0.0001,31401,adaptive_mirror,94,aligned_d8,mirror_view_plus_residual,8,2.1390670212895202e-07,False,7082,166362880
development_t0.0001,31401,adaptive_mirror,95,aligned_d8,mirror_view_plus_residual,8,9.466162964599789e-07,False,7082,166362880
development_t0.0001,31401,adaptive_mirror,96,aligned_d16,mirror_view_plus_residual,16,1.1739123237930471e-06,False,7082,166362880
development_t0.0001,31401,adaptive_mirror,97,aligned_d16,mirror_view_plus_residual,16,1.5283115999409347e-06,False,7082,166362880
development_t0.0001,31401,adaptive_mirror,98,aligned_d16,mirror_view_plus_residual,16,1.483960829773423e-07,False,7082,166362880
development_t0.0001,31401,adaptive_mirror,99,aligned_d16,mirror_view_plus_residual,16,1.120681076827168e-06,False,7082,166362880
development_t0.0001,31401,adaptive_mirror,100,aligned_d16,mirror_view_plus_residual,16,2.0575438952619152e-07,False,7082,166362880
development_t0.0001,31401,adaptive_mirror,101,aligned_d16,mirror_view_plus_residual,16,1.7092550308461796e-07,False,7082,166362880
development_t0.0001,31401,adaptive_mirror,102,aligned_d16,mirror_view_plus_residual,16,1.392759031659807e-06,False,7082,166362880
development_t0.0001,31401,adaptive_mirror,103,aligned_d16,mirror_view_plus_residual,16,1.4459386648013606e-06,False,7082,166362880
development_t0.0001,31401,adaptive_mirror,104,aligned_d16,mirror_view_plus_residual,16,1.1682784588629147e-06,False,7082,166362880
development_t0.0001,31401,adaptive_mirror,105,aligned_d16,mirror_view_plus_residual,16,8.461108791379957e-08,False,7082,166362880
development_t0.0001,31401,adaptive_mirror,106,aligned_d16,mirror_view_plus_residual,16,3.0851253995933803e-06,False,7082,166362880
development_t0.0001,31401,adaptive_mirror,107,aligned_d16,mirror_view_plus_residual,16,1.0930114058282925e-06,False,7082,166362880
development_t0.0001,31401,adaptive_mirror,108,aligned_d16,mirror_view_plus_residual,16,1.3551985311721637e-08,False,7082,166362880
development_t0.0001,31401,adaptive_mirror,109,aligned_d16,mirror_view_plus_residual,16,7.903623533422888e-09,False,7082,166362880
development_t0.0001,31401,adaptive_mirror,110,aligned_d16,mirror_view_plus_residual,16,2.701726771192625e-07,False,7082,166362880
development_t0.0001,31401,adaptive_mirror,111,aligned_d16,mirror_view_plus_residual,16,1.651654883971787e-06,False,7082,166362880
development_t0.0001,31401,adaptive_mirror,112,aligned_d16,mirror_view_plus_residual,16,1.6754880505231995e-07,False,7082,166362880
development_t0.0001,31401,adaptive_mirror,113,aligned_d16,mirror_view_plus_residual,16,1.7892523374030134e-06,False,7082,166362880
development_t0.0001,31401,adaptive_mirror,114,aligned_d16,mirror_view_plus_residual,16,3.6758999613084598e-06,False,7082,166362880
development_t0.0001,31401,adaptive_mirror,115,aligned_d16,mirror_view_plus_residual,16,1.429894041393709e-06,False,7082,166362880
development_t0.0001,31401,adaptive_mirror,116,aligned_d16,mirror_view_plus_residual,16,1.38021152906731e-06,False,7082,166362880
development_t0.0001,31401,adaptive_mirror,117,aligned_d16,mirror_view_plus_residual,16,3.5870473311661044e-06,False,7082,166362880
development_t0.0001,31401,adaptive_mirror,118,aligned_d16,mirror_view_plus_residual,16,9.296356324739463e-07,False,7082,166362880
development_t0.0001,31401,adaptive_mirror,119,aligned_d16,mirror_view_plus_residual,16,2.0382721288569883e-08,False,7082,166362880
development_t0.0001,31401,adaptive_mirror,120,aligned_d16,mirror_view_plus_residual,16,1.2696879139184603e-06,False,7082,166362880
development_t0.0001,31401,adaptive_mirror,121,aligned_d16,mirror_view_plus_residual,16,1.112645804823842e-06,False,7082,166362880
development_t0.0001,31401,adaptive_mirror,122,aligned_d16,mirror_view_plus_residual,16,4.764848959837309e-09,False,7082,166362880
development_t0.0001,31401,adaptive_mirror,123,aligned_d16,mirror_view_plus_residual,16,1.4632223610533401e-07,False,7082,166362880
development_t0.0001,31401,adaptive_mirror,124,aligned_d16,mirror_view_plus_residual,16,1.3425023759339183e-08,False,7082,166362880
development_t0.0001,31401,adaptive_mirror,125,aligned_d16,mirror_view_plus_residual,16,1.4861430486234894e-07,False,7082,166362880
development_t0.0001,31401,adaptive_mirror,126,aligned_d16,mirror_view_plus_residual,16,2.0000840095235617e-08,False,7082,166362880
development_t0.0001,31401,adaptive_mirror,127,aligned_d16,mirror_view_plus_residual,16,9.05680508367368e-07,False,7082,166362880
development_t0.0001,31401,adaptive_mirror,128,unrelated,private_full_intrinsic_fallback,16,9.300148169210255e-15,True,7082,166362880
development_t0.0001,31401,adaptive_mirror,129,unrelated,private_full_intrinsic_fallback,16,2.7828030813937046e-14,True,7082,166362880
development_t0.0001,31401,adaptive_mirror,130,unrelated,private_full_intrinsic_fallback,16,8.423834987035268e-15,True,7082,166362880
development_t0.0001,31401,adaptive_mirror,131,unrelated,private_full_intrinsic_fallback,16,1.26802610973158e-14,True,7082,166362880
development_t0.0001,31401,adaptive_mirror,132,unrelated,private_full_intrinsic_fallback,16,1.8633960815876184e-14,True,7082,166362880
development_t0.0001,31401,adaptive_mirror,133,unrelated,private_full_intrinsic_fallback,16,1.5081277630261784e-14,True,7082,166362880
development_t0.0001,31401,adaptive_mirror,134,unrelated,private_full_intrinsic_fallback,16,1.5290775983172085e-14,True,7082,166362880
development_t0.0001,31401,adaptive_mirror,135,unrelated,private_full_intrinsic_fallback,16,1.2546543394064552e-14,True,7082,166362880
development_t0.0001,31401,adaptive_mirror,136,unrelated,private_full_intrinsic_fallback,16,1.449248639390048e-14,True,7082,166362880
development_t0.0001,31401,adaptive_mirror,137,unrelated,private_full_intrinsic_fallback,16,9.16869712612586e-15,True,7082,166362880
development_t0.0001,31401,adaptive_mirror,138,unrelated,private_full_intrinsic_fallback,16,1.3119225757834974e-14,True,7082,166362880
development_t0.0001,31401,adaptive_mirror,139,unrelated,private_full_intrinsic_fallback,16,1.5948398810893168e-14,True,7082,166362880
development_t0.0001,31401,adaptive_mirror,140,unrelated,private_full_intrinsic_fallback,16,1.237063413267762e-14,True,7082,166362880
development_t0.0001,31401,adaptive_mirror,141,unrelated,private_full_intrinsic_fallback,16,7.58203924449384e-15,True,7082,166362880
development_t0.0001,31401,adaptive_mirror,142,unrelated,private_full_intrinsic_fallback,16,1.5726111954545222e-14,True,7082,166362880
development_t0.0001,31401,adaptive_mirror,143,unrelated,private_full_intrinsic_fallback,16,7.14936973283866e-15,True,7082,166362880
development_t0.0001,31401,adaptive_mirror,144,unrelated,private_full_intrinsic_fallback,16,1.3012127759017087e-14,True,7082,166362880
development_t0.0001,31401,adaptive_mirror,145,unrelated,private_full_intrinsic_fallback,16,1.492143234871953e-14,True,7082,166362880
development_t0.0001,31401,adaptive_mirror,146,unrelated,private_full_intrinsic_fallback,16,9.313073891985355e-15,True,7082,166362880
development_t0.0001,31401,adaptive_mirror,147,unrelated,private_full_intrinsic_fallback,16,1.9434528923775903e-14,True,7082,166362880
development_t0.0001,31401,adaptive_mirror,148,unrelated,private_full_intrinsic_fallback,16,1.8255370969771402e-14,True,7082,166362880
development_t0.0001,31401,adaptive_mirror,149,unrelated,private_full_intrinsic_fallback,16,1.2715047893426586e-14,True,7082,166362880
development_t0.0001,31401,adaptive_mirror,150,unrelated,private_full_intrinsic_fallback,16,2.1607739333689632e-14,True,7082,166362880
development_t0.0001,31401,adaptive_mirror,151,unrelated,private_full_intrinsic_fallback,16,9.482441517920642e-15,True,7082,166362880
development_t0.0001,31401,adaptive_mirror,152,unrelated,private_full_intrinsic_fallback,16,1.1798074588684551e-14,True,7082,166362880
development_t0.0001,31401,adaptive_mirror,153,unrelated,private_full_intrinsic_fallback,16,1.3225312399313838e-14,True,7082,166362880
development_t0.0001,31401,adaptive_mirror,154,unrelated,private_full_intrinsic_fallback,16,1.6574667867038685e-14,True,7082,166362880
development_t0.0001,31401,adaptive_mirror,155,unrelated,private_full_intrinsic_fallback,16,1.1734758875877292e-14,True,7082,166362880
development_t0.0001,31401,adaptive_mirror,156,unrelated,private_full_intrinsic_fallback,16,1.420680843881297e-14,True,7082,166362880
development_t0.0001,31401,adaptive_mirror,157,unrelated,private_full_intrinsic_fallback,16,2.0767482650013366e-14,True,7082,166362880
development_t0.0001,31401,adaptive_mirror,158,unrelated,private_full_intrinsic_fallback,16,1.3210341939004066e-14,True,7082,166362880
development_t0.0001,31401,adaptive_mirror,159,unrelated,private_full_intrinsic_fallback,16,1.1430812961216348e-14,True,7082,166362880
development_t0.001,31401,adaptive_direct,0,aligned_d2,intrinsic_coefficients,2,3.035598582194093e-15,False,6702,1605632
development_t0.001,31401,adaptive_direct,1,aligned_d2,intrinsic_coefficients,2,2.917444262315696e-15,False,6702,1605632
development_t0.001,31401,adaptive_direct,2,aligned_d2,intrinsic_coefficients,2,2.7618735325417613e-15,False,6702,1605632
development_t0.001,31401,adaptive_direct,3,aligned_d2,intrinsic_coefficients,2,6.381455168572069e-15,False,6702,1605632
development_t0.001,31401,adaptive_direct,4,aligned_d2,intrinsic_coefficients,2,3.88189143441073e-15,False,6702,1605632
development_t0.001,31401,adaptive_direct,5,aligned_d2,intrinsic_coefficients,2,4.990407264130695e-15,False,6702,1605632
development_t0.001,31401,adaptive_direct,6,aligned_d2,intrinsic_coefficients,2,3.3526667312739006e-15,False,6702,1605632
development_t0.001,31401,adaptive_direct,7,aligned_d2,intrinsic_coefficients,2,1.0950855294181855e-14,False,6702,1605632
development_t0.001,31401,adaptive_direct,8,aligned_d2,intrinsic_coefficients,2,6.528094359433681e-15,False,6702,1605632
development_t0.001,31401,adaptive_direct,9,aligned_d2,intrinsic_coefficients,2,3.520581695704646e-15,False,6702,1605632
development_t0.001,31401,adaptive_direct,10,aligned_d2,intrinsic_coefficients,2,1.714457683318156e-15,False,6702,1605632
development_t0.001,31401,adaptive_direct,11,aligned_d2,intrinsic_coefficients,2,3.890930970023828e-15,False,6702,1605632
development_t0.001,31401,adaptive_direct,12,aligned_d2,intrinsic_coefficients,2,7.704465151525241e-15,False,6702,1605632
development_t0.001,31401,adaptive_direct,13,aligned_d2,intrinsic_coefficients,2,1.8576512500294556e-15,False,6702,1605632
development_t0.001,31401,adaptive_direct,14,aligned_d2,intrinsic_coefficients,2,2.2155917034295987e-15,False,6702,1605632
development_t0.001,31401,adaptive_direct,15,aligned_d2,intrinsic_coefficients,2,3.7540462105827965e-15,False,6702,1605632
development_t0.001,31401,adaptive_direct,16,aligned_d2,intrinsic_coefficients,2,1.1117245599307542e-14,False,6702,1605632
development_t0.001,31401,adaptive_direct,17,aligned_d2,intrinsic_coefficients,2,6.7922627598586156e-15,False,6702,1605632
development_t0.001,31401,adaptive_direct,18,aligned_d2,intrinsic_coefficients,2,4.548249712916846e-15,False,6702,1605632
development_t0.001,31401,adaptive_direct,19,aligned_d2,intrinsic_coefficients,2,7.342345014046871e-15,False,6702,1605632
development_t0.001,31401,adaptive_direct,20,aligned_d2,intrinsic_coefficients,2,7.86396314955912e-15,False,6702,1605632
development_t0.001,31401,adaptive_direct,21,aligned_d2,intrinsic_coefficients,2,3.4311157464750417e-15,False,6702,1605632
development_t0.001,31401,adaptive_direct,22,aligned_d2,intrinsic_coefficients,2,5.231697728166765e-15,False,6702,1605632
development_t0.001,31401,adaptive_direct,23,aligned_d2,intrinsic_coefficients,2,5.4985791751217556e-15,False,6702,1605632
development_t0.001,31401,adaptive_direct,24,aligned_d2,intrinsic_coefficients,2,5.350625389126005e-15,False,6702,1605632
development_t0.001,31401,adaptive_direct,25,aligned_d2,intrinsic_coefficients,2,8.259970534158292e-15,False,6702,1605632
development_t0.001,31401,adaptive_direct,26,aligned_d2,intrinsic_coefficients,2,2.9208025361933225e-15,False,6702,1605632
development_t0.001,31401,adaptive_direct,27,aligned_d2,intrinsic_coefficients,2,3.599117955299354e-15,False,6702,1605632
development_t0.001,31401,adaptive_direct,28,aligned_d2,intrinsic_coefficients,2,3.646237974638637e-15,False,6702,1605632
development_t0.001,31401,adaptive_direct,29,aligned_d2,intrinsic_coefficients,2,1.946283295322488e-15,False,6702,1605632
development_t0.001,31401,adaptive_direct,30,aligned_d2,intrinsic_coefficients,2,3.1648416221432326e-15,False,6702,1605632
development_t0.001,31401,adaptive_direct,31,aligned_d2,intrinsic_coefficients,2,2.5367628801059063e-15,False,6702,1605632
development_t0.001,31401,adaptive_direct,32,aligned_d4,intrinsic_coefficients,4,3.633158091867136e-15,False,6702,1605632
development_t0.001,31401,adaptive_direct,33,aligned_d4,intrinsic_coefficients,2,0.00043907665531150997,False,6702,1605632
development_t0.001,31401,adaptive_direct,34,aligned_d4,intrinsic_coefficients,4,3.1823425933829273e-15,False,6702,1605632
development_t0.001,31401,adaptive_direct,35,aligned_d4,intrinsic_coefficients,2,0.00038349017268046737,False,6702,1605632
development_t0.001,31401,adaptive_direct,36,aligned_d4,intrinsic_coefficients,4,7.95426279096706e-15,False,6702,1605632
development_t0.001,31401,adaptive_direct,37,aligned_d4,intrinsic_coefficients,2,0.000341673381626606,False,6702,1605632
development_t0.001,31401,adaptive_direct,38,aligned_d4,intrinsic_coefficients,4,5.037823745001517e-15,False,6702,1605632
development_t0.001,31401,adaptive_direct,39,aligned_d4,intrinsic_coefficients,4,4.566117025906228e-15,False,6702,1605632
development_t0.001,31401,adaptive_direct,40,aligned_d4,intrinsic_coefficients,4,1.5906187135724986e-15,False,6702,1605632
development_t0.001,31401,adaptive_direct,41,aligned_d4,intrinsic_coefficients,4,6.723048309606678e-15,False,6702,1605632
development_t0.001,31401,adaptive_direct,42,aligned_d4,intrinsic_coefficients,2,5.020674507250078e-05,False,6702,1605632
development_t0.001,31401,adaptive_direct,43,aligned_d4,intrinsic_coefficients,4,3.899853191573731e-15,False,6702,1605632
development_t0.001,31401,adaptive_direct,44,aligned_d4,intrinsic_coefficients,4,6.939488097519727e-15,False,6702,1605632
development_t0.001,31401,adaptive_direct,45,aligned_d4,intrinsic_coefficients,4,1.9317683269801014e-15,False,6702,1605632
development_t0.001,31401,adaptive_direct,46,aligned_d4,intrinsic_coefficients,4,5.077007065625028e-15,False,6702,1605632
development_t0.001,31401,adaptive_direct,47,aligned_d4,intrinsic_coefficients,2,0.0004283007583580911,False,6702,1605632
development_t0.001,31401,adaptive_direct,48,aligned_d4,intrinsic_coefficients,4,6.509960654582387e-15,False,6702,1605632
development_t0.001,31401,adaptive_direct,49,aligned_d4,intrinsic_coefficients,2,0.0006291010649874806,False,6702,1605632
development_t0.001,31401,adaptive_direct,50,aligned_d4,intrinsic_coefficients,4,3.872706209130704e-15,False,6702,1605632
development_t0.001,31401,adaptive_direct,51,aligned_d4,intrinsic_coefficients,4,6.220756077818983e-15,False,6702,1605632
development_t0.001,31401,adaptive_direct,52,aligned_d4,intrinsic_coefficients,2,0.0007838449091650546,False,6702,1605632
development_t0.001,31401,adaptive_direct,53,aligned_d4,intrinsic_coefficients,4,5.073610039990064e-15,False,6702,1605632
development_t0.001,31401,adaptive_direct,54,aligned_d4,intrinsic_coefficients,4,7.633316078021774e-15,False,6702,1605632
development_t0.001,31401,adaptive_direct,55,aligned_d4,intrinsic_coefficients,4,6.283049421858906e-15,False,6702,1605632
development_t0.001,31401,adaptive_direct,56,aligned_d4,intrinsic_coefficients,4,4.2406797677910744e-15,False,6702,1605632
development_t0.001,31401,adaptive_direct,57,aligned_d4,intrinsic_coefficients,4,4.526443273206258e-15,False,6702,1605632
development_t0.001,31401,adaptive_direct,58,aligned_d4,intrinsic_coefficients,4,8.232582570841772e-15,False,6702,1605632
development_t0.001,31401,adaptive_direct,59,aligned_d4,intrinsic_coefficients,4,7.454551468569649e-15,False,6702,1605632
development_t0.001,31401,adaptive_direct,60,aligned_d4,intrinsic_coefficients,4,4.783776964779798e-15,False,6702,1605632
development_t0.001,31401,adaptive_direct,61,aligned_d4,intrinsic_coefficients,4,5.6848891540680225e-15,False,6702,1605632
development_t0.001,31401,adaptive_direct,62,aligned_d4,intrinsic_coefficients,4,7.17071750420831e-15,False,6702,1605632
development_t0.001,31401,adaptive_direct,63,aligned_d4,intrinsic_coefficients,2,0.00020435640180949122,False,6702,1605632
development_t0.001,31401,adaptive_direct,64,aligned_d8,intrinsic_coefficients,8,9.183365195673462e-15,False,6702,1605632
development_t0.001,31401,adaptive_direct,65,aligned_d8,intrinsic_coefficients,8,1.1674751673762009e-14,False,6702,1605632
development_t0.001,31401,adaptive_direct,66,aligned_d8,intrinsic_coefficients,8,1.2798217211484539e-14,False,6702,1605632
development_t0.001,31401,adaptive_direct,67,aligned_d8,intrinsic_coefficients,8,7.029860160244657e-15,False,6702,1605632
development_t0.001,31401,adaptive_direct,68,aligned_d8,intrinsic_coefficients,8,1.1981987464390088e-14,False,6702,1605632
development_t0.001,31401,adaptive_direct,69,aligned_d8,intrinsic_coefficients,8,4.368106557343064e-15,False,6702,1605632
development_t0.001,31401,adaptive_direct,70,aligned_d8,intrinsic_coefficients,8,9.728358899431088e-15,False,6702,1605632
development_t0.001,31401,adaptive_direct,71,aligned_d8,intrinsic_coefficients,8,6.53831804710704e-15,False,6702,1605632
development_t0.001,31401,adaptive_direct,72,aligned_d8,intrinsic_coefficients,8,6.5431393586428115e-15,False,6702,1605632
development_t0.001,31401,adaptive_direct,73,aligned_d8,intrinsic_coefficients,8,6.586902586412126e-15,False,6702,1605632
development_t0.001,31401,adaptive_direct,74,aligned_d8,intrinsic_coefficients,8,8.810074387686703e-15,False,6702,1605632
development_t0.001,31401,adaptive_direct,75,aligned_d8,intrinsic_coefficients,8,5.117448230175211e-15,False,6702,1605632
development_t0.001,31401,adaptive_direct,76,aligned_d8,intrinsic_coefficients,8,8.814694105381028e-15,False,6702,1605632
development_t0.001,31401,adaptive_direct,77,aligned_d8,intrinsic_coefficients,8,4.396530018437603e-15,False,6702,1605632
development_t0.001,31401,adaptive_direct,78,aligned_d8,intrinsic_coefficients,8,6.959821970451514e-15,False,6702,1605632
development_t0.001,31401,adaptive_direct,79,aligned_d8,intrinsic_coefficients,8,4.863532316543842e-15,False,6702,1605632
development_t0.001,31401,adaptive_direct,80,aligned_d8,intrinsic_coefficients,8,9.693755062436908e-15,False,6702,1605632
development_t0.001,31401,adaptive_direct,81,aligned_d8,intrinsic_coefficients,8,1.7486900328374938e-14,False,6702,1605632
development_t0.001,31401,adaptive_direct,82,aligned_d8,intrinsic_coefficients,8,1.080483697847058e-14,False,6702,1605632
development_t0.001,31401,adaptive_direct,83,aligned_d8,intrinsic_coefficients,8,5.250266384436474e-15,False,6702,1605632
development_t0.001,31401,adaptive_direct,84,aligned_d8,intrinsic_coefficients,8,7.514500225411572e-15,False,6702,1605632
development_t0.001,31401,adaptive_direct,85,aligned_d8,intrinsic_coefficients,8,5.5641899236996e-15,False,6702,1605632
development_t0.001,31401,adaptive_direct,86,aligned_d8,intrinsic_coefficients,8,5.9689196300731235e-15,False,6702,1605632
development_t0.001,31401,adaptive_direct,87,aligned_d8,intrinsic_coefficients,8,1.1576013890133522e-14,False,6702,1605632
development_t0.001,31401,adaptive_direct,88,aligned_d8,intrinsic_coefficients,8,1.0518090067803635e-14,False,6702,1605632
development_t0.001,31401,adaptive_direct,89,aligned_d8,intrinsic_coefficients,8,1.0435166389300386e-14,False,6702,1605632
development_t0.001,31401,adaptive_direct,90,aligned_d8,intrinsic_coefficients,8,8.460977381772369e-15,False,6702,1605632
development_t0.001,31401,adaptive_direct,91,aligned_d8,intrinsic_coefficients,8,1.3500512556843813e-14,False,6702,1605632
development_t0.001,31401,adaptive_direct,92,aligned_d8,intrinsic_coefficients,8,1.3024751091030018e-14,False,6702,1605632
development_t0.001,31401,adaptive_direct,93,aligned_d8,intrinsic_coefficients,8,6.715631265604045e-15,False,6702,1605632
development_t0.001,31401,adaptive_direct,94,aligned_d8,intrinsic_coefficients,8,6.387727447546487e-15,False,6702,1605632
development_t0.001,31401,adaptive_direct,95,aligned_d8,intrinsic_coefficients,8,8.400692352850386e-15,False,6702,1605632
development_t0.001,31401,adaptive_direct,96,aligned_d16,intrinsic_coefficients,16,1.039589709483273e-14,False,6702,1605632
development_t0.001,31401,adaptive_direct,97,aligned_d16,intrinsic_coefficients,16,1.8127900981539102e-14,False,6702,1605632
development_t0.001,31401,adaptive_direct,98,aligned_d16,intrinsic_coefficients,16,6.898504408366828e-15,False,6702,1605632
development_t0.001,31401,adaptive_direct,99,aligned_d16,intrinsic_coefficients,16,5.9845948217950116e-15,False,6702,1605632
development_t0.001,31401,adaptive_direct,100,aligned_d16,intrinsic_coefficients,16,1.246580506056522e-14,False,6702,1605632
development_t0.001,31401,adaptive_direct,101,aligned_d16,intrinsic_coefficients,16,8.902412837398684e-15,False,6702,1605632
development_t0.001,31401,adaptive_direct,102,aligned_d16,intrinsic_coefficients,16,1.4260846599748953e-14,False,6702,1605632
development_t0.001,31401,adaptive_direct,103,aligned_d16,intrinsic_coefficients,16,1.2303517783036032e-14,False,6702,1605632
development_t0.001,31401,adaptive_direct,104,aligned_d16,intrinsic_coefficients,16,1.764365224559382e-14,False,6702,1605632
development_t0.001,31401,adaptive_direct,105,aligned_d16,intrinsic_coefficients,16,9.69731768301306e-15,False,6702,1605632
development_t0.001,31401,adaptive_direct,106,aligned_d16,intrinsic_coefficients,16,1.1739044015557452e-14,False,6702,1605632
development_t0.001,31401,adaptive_direct,107,aligned_d16,intrinsic_coefficients,16,1.9742754048886375e-14,False,6702,1605632
development_t0.001,31401,adaptive_direct,108,aligned_d16,intrinsic_coefficients,16,1.2746532955108976e-14,False,6702,1605632
development_t0.001,31401,adaptive_direct,109,aligned_d16,intrinsic_coefficients,16,1.4784101202915297e-14,False,6702,1605632
development_t0.001,31401,adaptive_direct,110,aligned_d16,intrinsic_coefficients,16,7.899650341692838e-15,False,6702,1605632
development_t0.001,31401,adaptive_direct,111,aligned_d16,intrinsic_coefficients,16,6.671332713012066e-15,False,6702,1605632
development_t0.001,31401,adaptive_direct,112,aligned_d16,intrinsic_coefficients,16,1.3473914875267081e-14,False,6702,1605632
development_t0.001,31401,adaptive_direct,113,aligned_d16,intrinsic_coefficients,16,8.577569772896029e-15,False,6702,1605632
development_t0.001,31401,adaptive_direct,114,aligned_d16,intrinsic_coefficients,16,1.3012475042525461e-14,False,6702,1605632
development_t0.001,31401,adaptive_direct,115,aligned_d16,intrinsic_coefficients,16,6.980074951736838e-15,False,6702,1605632
development_t0.001,31401,adaptive_direct,116,aligned_d16,intrinsic_coefficients,16,9.844400719139033e-15,False,6702,1605632
development_t0.001,31401,adaptive_direct,117,aligned_d16,intrinsic_coefficients,16,6.549636101348252e-15,False,6702,1605632
development_t0.001,31401,adaptive_direct,118,aligned_d16,intrinsic_coefficients,16,1.3857582683890653e-14,False,6702,1605632
development_t0.001,31401,adaptive_direct,119,aligned_d16,intrinsic_coefficients,16,2.297967012802795e-14,False,6702,1605632
development_t0.001,31401,adaptive_direct,120,aligned_d16,intrinsic_coefficients,16,6.755489247970044e-15,False,6702,1605632
development_t0.001,31401,adaptive_direct,121,aligned_d16,intrinsic_coefficients,16,1.1856854440059263e-14,False,6702,1605632
development_t0.001,31401,adaptive_direct,122,aligned_d16,intrinsic_coefficients,16,8.040209530059059e-15,False,6702,1605632
development_t0.001,31401,adaptive_direct,123,aligned_d16,intrinsic_coefficients,16,1.0240920558671294e-14,False,6702,1605632
development_t0.001,31401,adaptive_direct,124,aligned_d16,intrinsic_coefficients,16,8.533965363804324e-15,False,6702,1605632
development_t0.001,31401,adaptive_direct,125,aligned_d16,intrinsic_coefficients,16,1.43505423066655e-14,False,6702,1605632
development_t0.001,31401,adaptive_direct,126,aligned_d16,intrinsic_coefficients,16,7.709933596232715e-15,False,6702,1605632
development_t0.001,31401,adaptive_direct,127,aligned_d16,intrinsic_coefficients,16,1.1864159252196384e-14,False,6702,1605632
development_t0.001,31401,adaptive_direct,128,unrelated,intrinsic_coefficients,16,9.300148169210255e-15,False,6702,1605632
development_t0.001,31401,adaptive_direct,129,unrelated,intrinsic_coefficients,16,2.7828030813937046e-14,False,6702,1605632
development_t0.001,31401,adaptive_direct,130,unrelated,intrinsic_coefficients,16,8.423834987035268e-15,False,6702,1605632
development_t0.001,31401,adaptive_direct,131,unrelated,intrinsic_coefficients,16,1.26802610973158e-14,False,6702,1605632
development_t0.001,31401,adaptive_direct,132,unrelated,intrinsic_coefficients,16,1.8633960815876184e-14,False,6702,1605632
development_t0.001,31401,adaptive_direct,133,unrelated,intrinsic_coefficients,16,1.5081277630261784e-14,False,6702,1605632
development_t0.001,31401,adaptive_direct,134,unrelated,intrinsic_coefficients,16,1.5290775983172085e-14,False,6702,1605632
development_t0.001,31401,adaptive_direct,135,unrelated,intrinsic_coefficients,16,1.2546543394064552e-14,False,6702,1605632
development_t0.001,31401,adaptive_direct,136,unrelated,intrinsic_coefficients,16,1.449248639390048e-14,False,6702,1605632
development_t0.001,31401,adaptive_direct,137,unrelated,intrinsic_coefficients,16,9.16869712612586e-15,False,6702,1605632
development_t0.001,31401,adaptive_direct,138,unrelated,intrinsic_coefficients,16,1.3119225757834974e-14,False,6702,1605632
development_t0.001,31401,adaptive_direct,139,unrelated,intrinsic_coefficients,16,1.5948398810893168e-14,False,6702,1605632
development_t0.001,31401,adaptive_direct,140,unrelated,intrinsic_coefficients,16,1.237063413267762e-14,False,6702,1605632
development_t0.001,31401,adaptive_direct,141,unrelated,intrinsic_coefficients,16,7.58203924449384e-15,False,6702,1605632
development_t0.001,31401,adaptive_direct,142,unrelated,intrinsic_coefficients,16,1.5726111954545222e-14,False,6702,1605632
development_t0.001,31401,adaptive_direct,143,unrelated,intrinsic_coefficients,16,7.14936973283866e-15,False,6702,1605632
development_t0.001,31401,adaptive_direct,144,unrelated,intrinsic_coefficients,16,1.3012127759017087e-14,False,6702,1605632
development_t0.001,31401,adaptive_direct,145,unrelated,intrinsic_coefficients,16,1.492143234871953e-14,False,6702,1605632
development_t0.001,31401,adaptive_direct,146,unrelated,intrinsic_coefficients,16,9.313073891985355e-15,False,6702,1605632
development_t0.001,31401,adaptive_direct,147,unrelated,intrinsic_coefficients,16,1.9434528923775903e-14,False,6702,1605632
development_t0.001,31401,adaptive_direct,148,unrelated,intrinsic_coefficients,16,1.8255370969771402e-14,False,6702,1605632
development_t0.001,31401,adaptive_direct,149,unrelated,intrinsic_coefficients,16,1.2715047893426586e-14,False,6702,1605632
development_t0.001,31401,adaptive_direct,150,unrelated,intrinsic_coefficients,16,2.1607739333689632e-14,False,6702,1605632
development_t0.001,31401,adaptive_direct,151,unrelated,intrinsic_coefficients,16,9.482441517920642e-15,False,6702,1605632
development_t0.001,31401,adaptive_direct,152,unrelated,intrinsic_coefficients,16,1.1798074588684551e-14,False,6702,1605632
development_t0.001,31401,adaptive_direct,153,unrelated,intrinsic_coefficients,16,1.3225312399313838e-14,False,6702,1605632
development_t0.001,31401,adaptive_direct,154,unrelated,intrinsic_coefficients,16,1.6574667867038685e-14,False,6702,1605632
development_t0.001,31401,adaptive_direct,155,unrelated,intrinsic_coefficients,16,1.1734758875877292e-14,False,6702,1605632
development_t0.001,31401,adaptive_direct,156,unrelated,intrinsic_coefficients,16,1.420680843881297e-14,False,6702,1605632
development_t0.001,31401,adaptive_direct,157,unrelated,intrinsic_coefficients,16,2.0767482650013366e-14,False,6702,1605632
development_t0.001,31401,adaptive_direct,158,unrelated,intrinsic_coefficients,16,1.3210341939004066e-14,False,6702,1605632
development_t0.001,31401,adaptive_direct,159,unrelated,intrinsic_coefficients,16,1.1430812961216348e-14,False,6702,1605632
development_t0.001,31401,adaptive_mirror,0,aligned_d2,mirror_view_plus_residual,2,2.44506111357623e-07,False,7044,163698688
development_t0.001,31401,adaptive_mirror,1,aligned_d2,mirror_view_plus_residual,2,2.6616173727234127e-06,False,7044,163698688
development_t0.001,31401,adaptive_mirror,2,aligned_d2,mirror_view_plus_residual,2,1.988877102121478e-06,False,7044,163698688
development_t0.001,31401,adaptive_mirror,3,aligned_d2,mirror_view_plus_residual,2,1.425255618414667e-06,False,7044,163698688
development_t0.001,31401,adaptive_mirror,4,aligned_d2,mirror_view_plus_residual,2,1.0685263163168202e-07,False,7044,163698688
development_t0.001,31401,adaptive_mirror,5,aligned_d2,mirror_view_plus_residual,2,1.5637150454494986e-06,False,7044,163698688
development_t0.001,31401,adaptive_mirror,6,aligned_d2,mirror_view_plus_residual,2,2.5916662593772344e-07,False,7044,163698688
development_t0.001,31401,adaptive_mirror,7,aligned_d2,mirror_view_plus_residual,2,8.117183938338712e-07,False,7044,163698688
development_t0.001,31401,adaptive_mirror,8,aligned_d2,mirror_view_plus_residual,2,1.907288151414832e-06,False,7044,163698688
development_t0.001,31401,adaptive_mirror,9,aligned_d2,mirror_view_plus_residual,2,1.4616878818429768e-09,False,7044,163698688
development_t0.001,31401,adaptive_mirror,10,aligned_d2,mirror_view_plus_residual,2,2.5745807761268225e-06,False,7044,163698688
development_t0.001,31401,adaptive_mirror,11,aligned_d2,mirror_view_plus_residual,2,1.848825093020423e-07,False,7044,163698688
development_t0.001,31401,adaptive_mirror,12,aligned_d2,mirror_view_plus_residual,2,3.655036451277738e-08,False,7044,163698688
development_t0.001,31401,adaptive_mirror,13,aligned_d2,mirror_view_plus_residual,2,1.3338456028577639e-06,False,7044,163698688
development_t0.001,31401,adaptive_mirror,14,aligned_d2,mirror_view_plus_residual,2,3.8855803019544055e-09,False,7044,163698688
development_t0.001,31401,adaptive_mirror,15,aligned_d2,mirror_view_plus_residual,2,5.744699365095585e-07,False,7044,163698688
development_t0.001,31401,adaptive_mirror,16,aligned_d2,mirror_view_plus_residual,2,1.7403490346623585e-06,False,7044,163698688
development_t0.001,31401,adaptive_mirror,17,aligned_d2,mirror_view_plus_residual,2,1.3087461638860987e-06,False,7044,163698688
development_t0.001,31401,adaptive_mirror,18,aligned_d2,mirror_view_plus_residual,2,5.613755433842016e-07,False,7044,163698688
development_t0.001,31401,adaptive_mirror,19,aligned_d2,mirror_view_plus_residual,2,4.801890440830903e-07,False,7044,163698688
development_t0.001,31401,adaptive_mirror,20,aligned_d2,mirror_view_plus_residual,2,1.5201559335764614e-06,False,7044,163698688
development_t0.001,31401,adaptive_mirror,21,aligned_d2,mirror_view_plus_residual,2,7.366128897956514e-07,False,7044,163698688
development_t0.001,31401,adaptive_mirror,22,aligned_d2,mirror_view_plus_residual,2,1.8910685639639269e-06,False,7044,163698688
development_t0.001,31401,adaptive_mirror,23,aligned_d2,mirror_view_plus_residual,2,1.294086757752666e-07,False,7044,163698688
development_t0.001,31401,adaptive_mirror,24,aligned_d2,mirror_view_plus_residual,2,2.0732293251057854e-06,False,7044,163698688
development_t0.001,31401,adaptive_mirror,25,aligned_d2,mirror_view_plus_residual,2,2.635468263179064e-06,False,7044,163698688
development_t0.001,31401,adaptive_mirror,26,aligned_d2,mirror_view_plus_residual,2,1.3635258255817462e-07,False,7044,163698688
development_t0.001,31401,adaptive_mirror,27,aligned_d2,mirror_view_plus_residual,2,2.6532443371252157e-06,False,7044,163698688
development_t0.001,31401,adaptive_mirror,28,aligned_d2,mirror_view_plus_residual,2,2.863463805624633e-06,False,7044,163698688
development_t0.001,31401,adaptive_mirror,29,aligned_d2,mirror_view_plus_residual,2,1.6328479546245944e-07,False,7044,163698688
development_t0.001,31401,adaptive_mirror,30,aligned_d2,mirror_view_plus_residual,2,1.536851982564258e-06,False,7044,163698688
development_t0.001,31401,adaptive_mirror,31,aligned_d2,mirror_view_plus_residual,2,3.3386382369826606e-07,False,7044,163698688
development_t0.001,31401,adaptive_mirror,32,aligned_d4,mirror_view_plus_residual,4,8.045152100066844e-09,False,7044,163698688
development_t0.001,31401,adaptive_mirror,33,aligned_d4,mirror_view_plus_residual,2,0.00043198902858421206,False,7044,163698688
development_t0.001,31401,adaptive_mirror,34,aligned_d4,mirror_view_plus_residual,4,2.99796056424384e-07,False,7044,163698688
development_t0.001,31401,adaptive_mirror,35,aligned_d4,mirror_view_plus_residual,2,0.0003930426319129765,False,7044,163698688
development_t0.001,31401,adaptive_mirror,36,aligned_d4,mirror_view_plus_residual,4,3.2373009162256494e-07,False,7044,163698688
development_t0.001,31401,adaptive_mirror,37,aligned_d4,mirror_view_plus_residual,2,0.0003621313371695578,False,7044,163698688
development_t0.001,31401,adaptive_mirror,38,aligned_d4,mirror_view_plus_residual,4,1.9869885363732465e-06,False,7044,163698688
development_t0.001,31401,adaptive_mirror,39,aligned_d4,mirror_view_plus_residual,4,1.0945665707140506e-07,False,7044,163698688
development_t0.001,31401,adaptive_mirror,40,aligned_d4,mirror_view_plus_residual,4,7.41275130167196e-07,False,7044,163698688
development_t0.001,31401,adaptive_mirror,41,aligned_d4,mirror_view_plus_residual,4,2.8584233646711255e-08,False,7044,163698688
development_t0.001,31401,adaptive_mirror,42,aligned_d4,mirror_view_plus_residual,2,4.906861067865975e-05,False,7044,163698688
development_t0.001,31401,adaptive_mirror,43,aligned_d4,mirror_view_plus_residual,4,2.4421144644293236e-06,False,7044,163698688
development_t0.001,31401,adaptive_mirror,44,aligned_d4,mirror_view_plus_residual,4,1.7045397271431284e-06,False,7044,163698688
development_t0.001,31401,adaptive_mirror,45,aligned_d4,mirror_view_plus_residual,4,6.656967457274732e-07,False,7044,163698688
development_t0.001,31401,adaptive_mirror,46,aligned_d4,mirror_view_plus_residual,4,8.972587011157884e-07,False,7044,163698688
development_t0.001,31401,adaptive_mirror,47,aligned_d4,mirror_view_plus_residual,2,0.0003947429358959198,False,7044,163698688
development_t0.001,31401,adaptive_mirror,48,aligned_d4,mirror_view_plus_residual,4,5.522090873455454e-08,False,7044,163698688
development_t0.001,31401,adaptive_mirror,49,aligned_d4,mirror_view_plus_residual,2,0.0006140463519841433,False,7044,163698688
development_t0.001,31401,adaptive_mirror,50,aligned_d4,mirror_view_plus_residual,4,2.346515088902379e-07,False,7044,163698688
development_t0.001,31401,adaptive_mirror,51,aligned_d4,mirror_view_plus_residual,4,1.2933488733324339e-06,False,7044,163698688
development_t0.001,31401,adaptive_mirror,52,aligned_d4,mirror_view_plus_residual,2,0.0007301984587684274,False,7044,163698688
development_t0.001,31401,adaptive_mirror,53,aligned_d4,mirror_view_plus_residual,4,3.7422151422106253e-07,False,7044,163698688
development_t0.001,31401,adaptive_mirror,54,aligned_d4,mirror_view_plus_residual,4,1.5430815381023422e-07,False,7044,163698688
development_t0.001,31401,adaptive_mirror,55,aligned_d4,mirror_view_plus_residual,4,8.498432180203963e-07,False,7044,163698688
development_t0.001,31401,adaptive_mirror,56,aligned_d4,mirror_view_plus_residual,4,5.213457825448131e-07,False,7044,163698688
development_t0.001,31401,adaptive_mirror,57,aligned_d4,mirror_view_plus_residual,4,7.863331319413192e-09,False,7044,163698688
development_t0.001,31401,adaptive_mirror,58,aligned_d4,mirror_view_plus_residual,4,1.850097390843075e-07,False,7044,163698688
development_t0.001,31401,adaptive_mirror,59,aligned_d4,mirror_view_plus_residual,4,2.610780480694075e-10,False,7044,163698688
development_t0.001,31401,adaptive_mirror,60,aligned_d4,mirror_view_plus_residual,4,2.9135657442225238e-08,False,7044,163698688
development_t0.001,31401,adaptive_mirror,61,aligned_d4,mirror_view_plus_residual,4,1.0141099693328215e-07,False,7044,163698688
development_t0.001,31401,adaptive_mirror,62,aligned_d4,mirror_view_plus_residual,4,1.959779865501332e-06,False,7044,163698688
development_t0.001,31401,adaptive_mirror,63,aligned_d4,mirror_view_plus_residual,2,0.00020198043785057962,False,7044,163698688
development_t0.001,31401,adaptive_mirror,64,aligned_d8,mirror_view_plus_residual,8,1.4034592368261656e-06,False,7044,163698688
development_t0.001,31401,adaptive_mirror,65,aligned_d8,mirror_view_plus_residual,8,4.4457014070076184e-08,False,7044,163698688
development_t0.001,31401,adaptive_mirror,66,aligned_d8,mirror_view_plus_residual,8,1.616315614683117e-07,False,7044,163698688
development_t0.001,31401,adaptive_mirror,67,aligned_d8,mirror_view_plus_residual,8,7.379267685792001e-08,False,7044,163698688
development_t0.001,31401,adaptive_mirror,68,aligned_d8,mirror_view_plus_residual,8,9.60959027906938e-08,False,7044,163698688
development_t0.001,31401,adaptive_mirror,69,aligned_d8,mirror_view_plus_residual,8,1.8133863477487466e-07,False,7044,163698688
development_t0.001,31401,adaptive_mirror,70,aligned_d8,mirror_view_plus_residual,8,1.517216560387169e-06,False,7044,163698688
development_t0.001,31401,adaptive_mirror,71,aligned_d8,mirror_view_plus_residual,8,6.596887942578178e-07,False,7044,163698688
development_t0.001,31401,adaptive_mirror,72,aligned_d8,mirror_view_plus_residual,8,6.027051426826802e-07,False,7044,163698688
development_t0.001,31401,adaptive_mirror,73,aligned_d8,mirror_view_plus_residual,8,1.1973583013968891e-07,False,7044,163698688
development_t0.001,31401,adaptive_mirror,74,aligned_d8,mirror_view_plus_residual,8,1.0720793852669885e-06,False,7044,163698688
development_t0.001,31401,adaptive_mirror,75,aligned_d8,mirror_view_plus_residual,8,1.9749084856357513e-07,False,7044,163698688
development_t0.001,31401,adaptive_mirror,76,aligned_d8,mirror_view_plus_residual,8,2.3305124159378465e-06,False,7044,163698688
development_t0.001,31401,adaptive_mirror,77,aligned_d8,mirror_view_plus_residual,8,1.3048838809481822e-06,False,7044,163698688
development_t0.001,31401,adaptive_mirror,78,aligned_d8,mirror_view_plus_residual,8,6.604586815228686e-07,False,7044,163698688
development_t0.001,31401,adaptive_mirror,79,aligned_d8,mirror_view_plus_residual,8,1.1553112244655495e-06,False,7044,163698688
development_t0.001,31401,adaptive_mirror,80,aligned_d8,mirror_view_plus_residual,8,2.3455883990664006e-07,False,7044,163698688
development_t0.001,31401,adaptive_mirror,81,aligned_d8,mirror_view_plus_residual,8,1.885045321614598e-06,False,7044,163698688
development_t0.001,31401,adaptive_mirror,82,aligned_d8,mirror_view_plus_residual,8,3.319796178402612e-06,False,7044,163698688
development_t0.001,31401,adaptive_mirror,83,aligned_d8,mirror_view_plus_residual,8,8.588263433750853e-09,False,7044,163698688
development_t0.001,31401,adaptive_mirror,84,aligned_d8,mirror_view_plus_residual,8,2.2042276270894945e-07,False,7044,163698688
development_t0.001,31401,adaptive_mirror,85,aligned_d8,mirror_view_plus_residual,8,8.483699502903619e-07,False,7044,163698688
development_t0.001,31401,adaptive_mirror,86,aligned_d8,mirror_view_plus_residual,8,3.1469588179788843e-07,False,7044,163698688
development_t0.001,31401,adaptive_mirror,87,aligned_d8,mirror_view_plus_residual,8,1.2856560260843253e-06,False,7044,163698688
development_t0.001,31401,adaptive_mirror,88,aligned_d8,mirror_view_plus_residual,8,8.394952715207182e-07,False,7044,163698688
development_t0.001,31401,adaptive_mirror,89,aligned_d8,mirror_view_plus_residual,8,1.9401459212531336e-06,False,7044,163698688
development_t0.001,31401,adaptive_mirror,90,aligned_d8,mirror_view_plus_residual,8,2.1949454094283283e-06,False,7044,163698688
development_t0.001,31401,adaptive_mirror,91,aligned_d8,mirror_view_plus_residual,8,3.3161622923216783e-06,False,7044,163698688
development_t0.001,31401,adaptive_mirror,92,aligned_d8,mirror_view_plus_residual,8,3.602071387831529e-07,False,7044,163698688
development_t0.001,31401,adaptive_mirror,93,aligned_d8,mirror_view_plus_residual,8,7.35192315914901e-07,False,7044,163698688
development_t0.001,31401,adaptive_mirror,94,aligned_d8,mirror_view_plus_residual,8,2.1390670212895202e-07,False,7044,163698688
development_t0.001,31401,adaptive_mirror,95,aligned_d8,mirror_view_plus_residual,8,9.466162964599789e-07,False,7044,163698688
development_t0.001,31401,adaptive_mirror,96,aligned_d16,mirror_view_plus_residual,16,1.1739123237930471e-06,False,7044,163698688
development_t0.001,31401,adaptive_mirror,97,aligned_d16,mirror_view_plus_residual,16,1.5283115999409347e-06,False,7044,163698688
development_t0.001,31401,adaptive_mirror,98,aligned_d16,mirror_view_plus_residual,16,1.483960829773423e-07,False,7044,163698688
development_t0.001,31401,adaptive_mirror,99,aligned_d16,mirror_view_plus_residual,16,1.120681076827168e-06,False,7044,163698688
development_t0.001,31401,adaptive_mirror,100,aligned_d16,mirror_view_plus_residual,16,2.0575438952619152e-07,False,7044,163698688
development_t0.001,31401,adaptive_mirror,101,aligned_d16,mirror_view_plus_residual,16,1.7092550308461796e-07,False,7044,163698688
development_t0.001,31401,adaptive_mirror,102,aligned_d16,mirror_view_plus_residual,16,1.392759031659807e-06,False,7044,163698688
development_t0.001,31401,adaptive_mirror,103,aligned_d16,mirror_view_plus_residual,16,1.4459386648013606e-06,False,7044,163698688
development_t0.001,31401,adaptive_mirror,104,aligned_d16,mirror_view_plus_residual,16,1.1682784588629147e-06,False,7044,163698688
development_t0.001,31401,adaptive_mirror,105,aligned_d16,mirror_view_plus_residual,16,8.461108791379957e-08,False,7044,163698688
development_t0.001,31401,adaptive_mirror,106,aligned_d16,mirror_view_plus_residual,16,3.0851253995933803e-06,False,7044,163698688
development_t0.001,31401,adaptive_mirror,107,aligned_d16,mirror_view_plus_residual,16,1.0930114058282925e-06,False,7044,163698688
development_t0.001,31401,adaptive_mirror,108,aligned_d16,mirror_view_plus_residual,16,1.3551985311721637e-08,False,7044,163698688
development_t0.001,31401,adaptive_mirror,109,aligned_d16,mirror_view_plus_residual,16,7.903623533422888e-09,False,7044,163698688
development_t0.001,31401,adaptive_mirror,110,aligned_d16,mirror_view_plus_residual,16,2.701726771192625e-07,False,7044,163698688
development_t0.001,31401,adaptive_mirror,111,aligned_d16,mirror_view_plus_residual,16,1.651654883971787e-06,False,7044,163698688
development_t0.001,31401,adaptive_mirror,112,aligned_d16,mirror_view_plus_residual,16,1.6754880505231995e-07,False,7044,163698688
development_t0.001,31401,adaptive_mirror,113,aligned_d16,mirror_view_plus_residual,16,1.7892523374030134e-06,False,7044,163698688
development_t0.001,31401,adaptive_mirror,114,aligned_d16,mirror_view_plus_residual,16,3.6758999613084598e-06,False,7044,163698688
development_t0.001,31401,adaptive_mirror,115,aligned_d16,mirror_view_plus_residual,16,1.429894041393709e-06,False,7044,163698688
development_t0.001,31401,adaptive_mirror,116,aligned_d16,mirror_view_plus_residual,16,1.38021152906731e-06,False,7044,163698688
development_t0.001,31401,adaptive_mirror,117,aligned_d16,mirror_view_plus_residual,16,3.5870473311661044e-06,False,7044,163698688
development_t0.001,31401,adaptive_mirror,118,aligned_d16,mirror_view_plus_residual,16,9.296356324739463e-07,False,7044,163698688
development_t0.001,31401,adaptive_mirror,119,aligned_d16,mirror_view_plus_residual,16,2.0382721288569883e-08,False,7044,163698688
development_t0.001,31401,adaptive_mirror,120,aligned_d16,mirror_view_plus_residual,16,1.2696879139184603e-06,False,7044,163698688
development_t0.001,31401,adaptive_mirror,121,aligned_d16,mirror_view_plus_residual,16,1.112645804823842e-06,False,7044,163698688
development_t0.001,31401,adaptive_mirror,122,aligned_d16,mirror_view_plus_residual,16,4.764848959837309e-09,False,7044,163698688
development_t0.001,31401,adaptive_mirror,123,aligned_d16,mirror_view_plus_residual,16,1.4632223610533401e-07,False,7044,163698688
development_t0.001,31401,adaptive_mirror,124,aligned_d16,mirror_view_plus_residual,16,1.3425023759339183e-08,False,7044,163698688
development_t0.001,31401,adaptive_mirror,125,aligned_d16,mirror_view_plus_residual,16,1.4861430486234894e-07,False,7044,163698688
development_t0.001,31401,adaptive_mirror,126,aligned_d16,mirror_view_plus_residual,16,2.0000840095235617e-08,False,7044,163698688
development_t0.001,31401,adaptive_mirror,127,aligned_d16,mirror_view_plus_residual,16,9.05680508367368e-07,False,7044,163698688
development_t0.001,31401,adaptive_mirror,128,unrelated,private_full_intrinsic_fallback,16,9.300148169210255e-15,True,7044,163698688
development_t0.001,31401,adaptive_mirror,129,unrelated,private_full_intrinsic_fallback,16,2.7828030813937046e-14,True,7044,163698688
development_t0.001,31401,adaptive_mirror,130,unrelated,private_full_intrinsic_fallback,16,8.423834987035268e-15,True,7044,163698688
development_t0.001,31401,adaptive_mirror,131,unrelated,private_full_intrinsic_fallback,16,1.26802610973158e-14,True,7044,163698688
development_t0.001,31401,adaptive_mirror,132,unrelated,private_full_intrinsic_fallback,16,1.8633960815876184e-14,True,7044,163698688
development_t0.001,31401,adaptive_mirror,133,unrelated,mirror_view_plus_residual,16,0.0001843251520767808,False,7044,163698688
development_t0.001,31401,adaptive_mirror,134,unrelated,private_full_intrinsic_fallback,16,1.5290775983172085e-14,True,7044,163698688
development_t0.001,31401,adaptive_mirror,135,unrelated,mirror_view_plus_residual,16,0.0002743620425462723,False,7044,163698688
development_t0.001,31401,adaptive_mirror,136,unrelated,private_full_intrinsic_fallback,16,1.449248639390048e-14,True,7044,163698688
development_t0.001,31401,adaptive_mirror,137,unrelated,private_full_intrinsic_fallback,16,9.16869712612586e-15,True,7044,163698688
development_t0.001,31401,adaptive_mirror,138,unrelated,private_full_intrinsic_fallback,16,1.3119225757834974e-14,True,7044,163698688
development_t0.001,31401,adaptive_mirror,139,unrelated,mirror_view_plus_residual,16,0.00014618673594668508,False,7044,163698688
development_t0.001,31401,adaptive_mirror,140,unrelated,private_full_intrinsic_fallback,16,1.237063413267762e-14,True,7044,163698688
development_t0.001,31401,adaptive_mirror,141,unrelated,private_full_intrinsic_fallback,16,7.58203924449384e-15,True,7044,163698688
development_t0.001,31401,adaptive_mirror,142,unrelated,private_full_intrinsic_fallback,16,1.5726111954545222e-14,True,7044,163698688
development_t0.001,31401,adaptive_mirror,143,unrelated,private_full_intrinsic_fallback,16,7.14936973283866e-15,True,7044,163698688
development_t0.001,31401,adaptive_mirror,144,unrelated,private_full_intrinsic_fallback,16,1.3012127759017087e-14,True,7044,163698688
development_t0.001,31401,adaptive_mirror,145,unrelated,private_full_intrinsic_fallback,16,1.492143234871953e-14,True,7044,163698688
development_t0.001,31401,adaptive_mirror,146,unrelated,private_full_intrinsic_fallback,16,9.313073891985355e-15,True,7044,163698688
development_t0.001,31401,adaptive_mirror,147,unrelated,private_full_intrinsic_fallback,16,1.9434528923775903e-14,True,7044,163698688
development_t0.001,31401,adaptive_mirror,148,unrelated,mirror_view_plus_residual,16,0.00027810916071757674,False,7044,163698688
development_t0.001,31401,adaptive_mirror,149,unrelated,private_full_intrinsic_fallback,16,1.2715047893426586e-14,True,7044,163698688
development_t0.001,31401,adaptive_mirror,150,unrelated,private_full_intrinsic_fallback,16,2.1607739333689632e-14,True,7044,163698688
development_t0.001,31401,adaptive_mirror,151,unrelated,private_full_intrinsic_fallback,16,9.482441517920642e-15,True,7044,163698688
development_t0.001,31401,adaptive_mirror,152,unrelated,private_full_intrinsic_fallback,16,1.1798074588684551e-14,True,7044,163698688
development_t0.001,31401,adaptive_mirror,153,unrelated,private_full_intrinsic_fallback,16,1.3225312399313838e-14,True,7044,163698688
development_t0.001,31401,adaptive_mirror,154,unrelated,private_full_intrinsic_fallback,16,1.6574667867038685e-14,True,7044,163698688
development_t0.001,31401,adaptive_mirror,155,unrelated,private_full_intrinsic_fallback,16,1.1734758875877292e-14,True,7044,163698688
development_t0.001,31401,adaptive_mirror,156,unrelated,private_full_intrinsic_fallback,16,1.420680843881297e-14,True,7044,163698688
development_t0.001,31401,adaptive_mirror,157,unrelated,private_full_intrinsic_fallback,16,2.0767482650013366e-14,True,7044,163698688
development_t0.001,31401,adaptive_mirror,158,unrelated,mirror_view_plus_residual,16,0.00015510854427702725,False,7044,163698688
development_t0.001,31401,adaptive_mirror,159,unrelated,private_full_intrinsic_fallback,16,1.1430812961216348e-14,True,7044,163698688
development_t0.01,31401,adaptive_direct,0,aligned_d2,intrinsic_coefficients,2,3.035598582194093e-15,False,6458,1496064
development_t0.01,31401,adaptive_direct,1,aligned_d2,intrinsic_coefficients,2,2.917444262315696e-15,False,6458,1496064
development_t0.01,31401,adaptive_direct,2,aligned_d2,intrinsic_coefficients,2,2.7618735325417613e-15,False,6458,1496064
development_t0.01,31401,adaptive_direct,3,aligned_d2,intrinsic_coefficients,2,6.381455168572069e-15,False,6458,1496064
development_t0.01,31401,adaptive_direct,4,aligned_d2,intrinsic_coefficients,2,3.88189143441073e-15,False,6458,1496064
development_t0.01,31401,adaptive_direct,5,aligned_d2,intrinsic_coefficients,2,4.990407264130695e-15,False,6458,1496064
development_t0.01,31401,adaptive_direct,6,aligned_d2,intrinsic_coefficients,2,3.3526667312739006e-15,False,6458,1496064
development_t0.01,31401,adaptive_direct,7,aligned_d2,intrinsic_coefficients,2,1.0950855294181855e-14,False,6458,1496064
development_t0.01,31401,adaptive_direct,8,aligned_d2,intrinsic_coefficients,2,6.528094359433681e-15,False,6458,1496064
development_t0.01,31401,adaptive_direct,9,aligned_d2,intrinsic_coefficients,2,3.520581695704646e-15,False,6458,1496064
development_t0.01,31401,adaptive_direct,10,aligned_d2,intrinsic_coefficients,2,1.714457683318156e-15,False,6458,1496064
development_t0.01,31401,adaptive_direct,11,aligned_d2,intrinsic_coefficients,2,3.890930970023828e-15,False,6458,1496064
development_t0.01,31401,adaptive_direct,12,aligned_d2,intrinsic_coefficients,2,7.704465151525241e-15,False,6458,1496064
development_t0.01,31401,adaptive_direct,13,aligned_d2,intrinsic_coefficients,2,1.8576512500294556e-15,False,6458,1496064
development_t0.01,31401,adaptive_direct,14,aligned_d2,intrinsic_coefficients,2,2.2155917034295987e-15,False,6458,1496064
development_t0.01,31401,adaptive_direct,15,aligned_d2,intrinsic_coefficients,2,3.7540462105827965e-15,False,6458,1496064
development_t0.01,31401,adaptive_direct,16,aligned_d2,intrinsic_coefficients,2,1.1117245599307542e-14,False,6458,1496064
development_t0.01,31401,adaptive_direct,17,aligned_d2,intrinsic_coefficients,2,6.7922627598586156e-15,False,6458,1496064
development_t0.01,31401,adaptive_direct,18,aligned_d2,intrinsic_coefficients,2,4.548249712916846e-15,False,6458,1496064
development_t0.01,31401,adaptive_direct,19,aligned_d2,intrinsic_coefficients,2,7.342345014046871e-15,False,6458,1496064
development_t0.01,31401,adaptive_direct,20,aligned_d2,intrinsic_coefficients,2,7.86396314955912e-15,False,6458,1496064
development_t0.01,31401,adaptive_direct,21,aligned_d2,intrinsic_coefficients,2,3.4311157464750417e-15,False,6458,1496064
development_t0.01,31401,adaptive_direct,22,aligned_d2,intrinsic_coefficients,2,5.231697728166765e-15,False,6458,1496064
development_t0.01,31401,adaptive_direct,23,aligned_d2,intrinsic_coefficients,2,5.4985791751217556e-15,False,6458,1496064
development_t0.01,31401,adaptive_direct,24,aligned_d2,intrinsic_coefficients,2,5.350625389126005e-15,False,6458,1496064
development_t0.01,31401,adaptive_direct,25,aligned_d2,intrinsic_coefficients,2,8.259970534158292e-15,False,6458,1496064
development_t0.01,31401,adaptive_direct,26,aligned_d2,intrinsic_coefficients,2,2.9208025361933225e-15,False,6458,1496064
development_t0.01,31401,adaptive_direct,27,aligned_d2,intrinsic_coefficients,2,3.599117955299354e-15,False,6458,1496064
development_t0.01,31401,adaptive_direct,28,aligned_d2,intrinsic_coefficients,2,3.646237974638637e-15,False,6458,1496064
development_t0.01,31401,adaptive_direct,29,aligned_d2,intrinsic_coefficients,2,1.946283295322488e-15,False,6458,1496064
development_t0.01,31401,adaptive_direct,30,aligned_d2,intrinsic_coefficients,2,3.1648416221432326e-15,False,6458,1496064
development_t0.01,31401,adaptive_direct,31,aligned_d2,intrinsic_coefficients,2,2.5367628801059063e-15,False,6458,1496064
development_t0.01,31401,adaptive_direct,32,aligned_d4,intrinsic_coefficients,2,0.005219766870141029,False,6458,1496064
development_t0.01,31401,adaptive_direct,33,aligned_d4,intrinsic_coefficients,2,0.00043907665531150997,False,6458,1496064
development_t0.01,31401,adaptive_direct,34,aligned_d4,intrinsic_coefficients,4,3.1823425933829273e-15,False,6458,1496064
development_t0.01,31401,adaptive_direct,35,aligned_d4,intrinsic_coefficients,2,0.00038349017268046737,False,6458,1496064
development_t0.01,31401,adaptive_direct,36,aligned_d4,intrinsic_coefficients,4,7.95426279096706e-15,False,6458,1496064
development_t0.01,31401,adaptive_direct,37,aligned_d4,intrinsic_coefficients,2,0.000341673381626606,False,6458,1496064
development_t0.01,31401,adaptive_direct,38,aligned_d4,intrinsic_coefficients,2,0.005427325610071421,False,6458,1496064
development_t0.01,31401,adaptive_direct,39,aligned_d4,intrinsic_coefficients,4,4.566117025906228e-15,False,6458,1496064
development_t0.01,31401,adaptive_direct,40,aligned_d4,intrinsic_coefficients,2,0.0011254550190642476,False,6458,1496064
development_t0.01,31401,adaptive_direct,41,aligned_d4,intrinsic_coefficients,4,6.723048309606678e-15,False,6458,1496064
development_t0.01,31401,adaptive_direct,42,aligned_d4,intrinsic_coefficients,2,5.020674507250078e-05,False,6458,1496064
development_t0.01,31401,adaptive_direct,43,aligned_d4,intrinsic_coefficients,2,0.008124971762299538,False,6458,1496064
development_t0.01,31401,adaptive_direct,44,aligned_d4,intrinsic_coefficients,4,6.939488097519727e-15,False,6458,1496064
development_t0.01,31401,adaptive_direct,45,aligned_d4,intrinsic_coefficients,2,0.001452870317734778,False,6458,1496064
development_t0.01,31401,adaptive_direct,46,aligned_d4,intrinsic_coefficients,2,0.004694133996963501,False,6458,1496064
development_t0.01,31401,adaptive_direct,47,aligned_d4,intrinsic_coefficients,2,0.0004283007583580911,False,6458,1496064
development_t0.01,31401,adaptive_direct,48,aligned_d4,intrinsic_coefficients,2,0.00520070968195796,False,6458,1496064
development_t0.01,31401,adaptive_direct,49,aligned_d4,intrinsic_coefficients,2,0.0006291010649874806,False,6458,1496064
development_t0.01,31401,adaptive_direct,50,aligned_d4,intrinsic_coefficients,4,3.872706209130704e-15,False,6458,1496064
development_t0.01,31401,adaptive_direct,51,aligned_d4,intrinsic_coefficients,2,0.0010749299544841051,False,6458,1496064
development_t0.01,31401,adaptive_direct,52,aligned_d4,intrinsic_coefficients,2,0.0007838449091650546,False,6458,1496064
development_t0.01,31401,adaptive_direct,53,aligned_d4,intrinsic_coefficients,2,0.004824389237910509,False,6458,1496064
development_t0.01,31401,adaptive_direct,54,aligned_d4,intrinsic_coefficients,2,0.003314665053039789,False,6458,1496064
development_t0.01,31401,adaptive_direct,55,aligned_d4,intrinsic_coefficients,2,0.0024858503602445126,False,6458,1496064
development_t0.01,31401,adaptive_direct,56,aligned_d4,intrinsic_coefficients,2,0.0077612390741705894,False,6458,1496064
development_t0.01,31401,adaptive_direct,57,aligned_d4,intrinsic_coefficients,2,0.0018623305950313807,False,6458,1496064
development_t0.01,31401,adaptive_direct,58,aligned_d4,intrinsic_coefficients,2,0.008680813945829868,False,6458,1496064
development_t0.01,31401,adaptive_direct,59,aligned_d4,intrinsic_coefficients,4,7.454551468569649e-15,False,6458,1496064
development_t0.01,31401,adaptive_direct,60,aligned_d4,intrinsic_coefficients,2,0.009581725113093853,False,6458,1496064
development_t0.01,31401,adaptive_direct,61,aligned_d4,intrinsic_coefficients,2,0.005022351164370775,False,6458,1496064
development_t0.01,31401,adaptive_direct,62,aligned_d4,intrinsic_coefficients,2,0.007848882116377354,False,6458,1496064
development_t0.01,31401,adaptive_direct,63,aligned_d4,intrinsic_coefficients,2,0.00020435640180949122,False,6458,1496064
development_t0.01,31401,adaptive_direct,64,aligned_d8,intrinsic_coefficients,8,9.183365195673462e-15,False,6458,1496064
development_t0.01,31401,adaptive_direct,65,aligned_d8,intrinsic_coefficients,8,1.1674751673762009e-14,False,6458,1496064
development_t0.01,31401,adaptive_direct,66,aligned_d8,intrinsic_coefficients,8,1.2798217211484539e-14,False,6458,1496064
development_t0.01,31401,adaptive_direct,67,aligned_d8,intrinsic_coefficients,4,0.003419769462198019,False,6458,1496064
development_t0.01,31401,adaptive_direct,68,aligned_d8,intrinsic_coefficients,8,1.1981987464390088e-14,False,6458,1496064
development_t0.01,31401,adaptive_direct,69,aligned_d8,intrinsic_coefficients,4,0.009992721490561962,False,6458,1496064
development_t0.01,31401,adaptive_direct,70,aligned_d8,intrinsic_coefficients,2,0.003441715147346258,False,6458,1496064
development_t0.01,31401,adaptive_direct,71,aligned_d8,intrinsic_coefficients,8,6.53831804710704e-15,False,6458,1496064
development_t0.01,31401,adaptive_direct,72,aligned_d8,intrinsic_coefficients,8,6.5431393586428115e-15,False,6458,1496064
development_t0.01,31401,adaptive_direct,73,aligned_d8,intrinsic_coefficients,8,6.586902586412126e-15,False,6458,1496064
development_t0.01,31401,adaptive_direct,74,aligned_d8,intrinsic_coefficients,4,0.0019057801691815257,False,6458,1496064
development_t0.01,31401,adaptive_direct,75,aligned_d8,intrinsic_coefficients,4,0.006509597413241863,False,6458,1496064
development_t0.01,31401,adaptive_direct,76,aligned_d8,intrinsic_coefficients,2,0.008804839104413986,False,6458,1496064
development_t0.01,31401,adaptive_direct,77,aligned_d8,intrinsic_coefficients,8,4.396530018437603e-15,False,6458,1496064
development_t0.01,31401,adaptive_direct,78,aligned_d8,intrinsic_coefficients,4,0.002311940770596266,False,6458,1496064
development_t0.01,31401,adaptive_direct,79,aligned_d8,intrinsic_coefficients,2,0.008732561953365803,False,6458,1496064
development_t0.01,31401,adaptive_direct,80,aligned_d8,intrinsic_coefficients,4,0.009587183594703674,False,6458,1496064
development_t0.01,31401,adaptive_direct,81,aligned_d8,intrinsic_coefficients,8,1.7486900328374938e-14,False,6458,1496064
development_t0.01,31401,adaptive_direct,82,aligned_d8,intrinsic_coefficients,4,0.005400594789534807,False,6458,1496064
development_t0.01,31401,adaptive_direct,83,aligned_d8,intrinsic_coefficients,8,5.250266384436474e-15,False,6458,1496064
development_t0.01,31401,adaptive_direct,84,aligned_d8,intrinsic_coefficients,8,7.514500225411572e-15,False,6458,1496064
development_t0.01,31401,adaptive_direct,85,aligned_d8,intrinsic_coefficients,8,5.5641899236996e-15,False,6458,1496064
development_t0.01,31401,adaptive_direct,86,aligned_d8,intrinsic_coefficients,8,5.9689196300731235e-15,False,6458,1496064
development_t0.01,31401,adaptive_direct,87,aligned_d8,intrinsic_coefficients,4,0.005424875300377607,False,6458,1496064
development_t0.01,31401,adaptive_direct,88,aligned_d8,intrinsic_coefficients,8,1.0518090067803635e-14,False,6458,1496064
development_t0.01,31401,adaptive_direct,89,aligned_d8,intrinsic_coefficients,4,0.009576383046805859,False,6458,1496064
development_t0.01,31401,adaptive_direct,90,aligned_d8,intrinsic_coefficients,2,0.001918377005495131,False,6458,1496064
development_t0.01,31401,adaptive_direct,91,aligned_d8,intrinsic_coefficients,4,0.00700954906642437,False,6458,1496064
development_t0.01,31401,adaptive_direct,92,aligned_d8,intrinsic_coefficients,4,0.009725118055939674,False,6458,1496064
development_t0.01,31401,adaptive_direct,93,aligned_d8,intrinsic_coefficients,2,0.007246073335409164,False,6458,1496064
development_t0.01,31401,adaptive_direct,94,aligned_d8,intrinsic_coefficients,2,0.006113865412771702,False,6458,1496064
development_t0.01,31401,adaptive_direct,95,aligned_d8,intrinsic_coefficients,8,8.400692352850386e-15,False,6458,1496064
development_t0.01,31401,adaptive_direct,96,aligned_d16,intrinsic_coefficients,16,1.039589709483273e-14,False,6458,1496064
development_t0.01,31401,adaptive_direct,97,aligned_d16,intrinsic_coefficients,16,1.8127900981539102e-14,False,6458,1496064
development_t0.01,31401,adaptive_direct,98,aligned_d16,intrinsic_coefficients,16,6.898504408366828e-15,False,6458,1496064
development_t0.01,31401,adaptive_direct,99,aligned_d16,intrinsic_coefficients,16,5.9845948217950116e-15,False,6458,1496064
development_t0.01,31401,adaptive_direct,100,aligned_d16,intrinsic_coefficients,16,1.246580506056522e-14,False,6458,1496064
development_t0.01,31401,adaptive_direct,101,aligned_d16,intrinsic_coefficients,16,8.902412837398684e-15,False,6458,1496064
development_t0.01,31401,adaptive_direct,102,aligned_d16,intrinsic_coefficients,16,1.4260846599748953e-14,False,6458,1496064
development_t0.01,31401,adaptive_direct,103,aligned_d16,intrinsic_coefficients,16,1.2303517783036032e-14,False,6458,1496064
development_t0.01,31401,adaptive_direct,104,aligned_d16,intrinsic_coefficients,8,0.009611067362129688,False,6458,1496064
development_t0.01,31401,adaptive_direct,105,aligned_d16,intrinsic_coefficients,16,9.69731768301306e-15,False,6458,1496064
development_t0.01,31401,adaptive_direct,106,aligned_d16,intrinsic_coefficients,16,1.1739044015557452e-14,False,6458,1496064
development_t0.01,31401,adaptive_direct,107,aligned_d16,intrinsic_coefficients,16,1.9742754048886375e-14,False,6458,1496064
development_t0.01,31401,adaptive_direct,108,aligned_d16,intrinsic_coefficients,16,1.2746532955108976e-14,False,6458,1496064
development_t0.01,31401,adaptive_direct,109,aligned_d16,intrinsic_coefficients,16,1.4784101202915297e-14,False,6458,1496064
development_t0.01,31401,adaptive_direct,110,aligned_d16,intrinsic_coefficients,16,7.899650341692838e-15,False,6458,1496064
development_t0.01,31401,adaptive_direct,111,aligned_d16,intrinsic_coefficients,16,6.671332713012066e-15,False,6458,1496064
development_t0.01,31401,adaptive_direct,112,aligned_d16,intrinsic_coefficients,16,1.3473914875267081e-14,False,6458,1496064
development_t0.01,31401,adaptive_direct,113,aligned_d16,intrinsic_coefficients,16,8.577569772896029e-15,False,6458,1496064
development_t0.01,31401,adaptive_direct,114,aligned_d16,intrinsic_coefficients,16,1.3012475042525461e-14,False,6458,1496064
development_t0.01,31401,adaptive_direct,115,aligned_d16,intrinsic_coefficients,16,6.980074951736838e-15,False,6458,1496064
development_t0.01,31401,adaptive_direct,116,aligned_d16,intrinsic_coefficients,16,9.844400719139033e-15,False,6458,1496064
development_t0.01,31401,adaptive_direct,117,aligned_d16,intrinsic_coefficients,16,6.549636101348252e-15,False,6458,1496064
development_t0.01,31401,adaptive_direct,118,aligned_d16,intrinsic_coefficients,16,1.3857582683890653e-14,False,6458,1496064
development_t0.01,31401,adaptive_direct,119,aligned_d16,intrinsic_coefficients,16,2.297967012802795e-14,False,6458,1496064
development_t0.01,31401,adaptive_direct,120,aligned_d16,intrinsic_coefficients,16,6.755489247970044e-15,False,6458,1496064
development_t0.01,31401,adaptive_direct,121,aligned_d16,intrinsic_coefficients,16,1.1856854440059263e-14,False,6458,1496064
development_t0.01,31401,adaptive_direct,122,aligned_d16,intrinsic_coefficients,16,8.040209530059059e-15,False,6458,1496064
development_t0.01,31401,adaptive_direct,123,aligned_d16,intrinsic_coefficients,16,1.0240920558671294e-14,False,6458,1496064
development_t0.01,31401,adaptive_direct,124,aligned_d16,intrinsic_coefficients,16,8.533965363804324e-15,False,6458,1496064
development_t0.01,31401,adaptive_direct,125,aligned_d16,intrinsic_coefficients,16,1.43505423066655e-14,False,6458,1496064
development_t0.01,31401,adaptive_direct,126,aligned_d16,intrinsic_coefficients,16,7.709933596232715e-15,False,6458,1496064
development_t0.01,31401,adaptive_direct,127,aligned_d16,intrinsic_coefficients,16,1.1864159252196384e-14,False,6458,1496064
development_t0.01,31401,adaptive_direct,128,unrelated,intrinsic_coefficients,16,9.300148169210255e-15,False,6458,1496064
development_t0.01,31401,adaptive_direct,129,unrelated,intrinsic_coefficients,16,2.7828030813937046e-14,False,6458,1496064
development_t0.01,31401,adaptive_direct,130,unrelated,intrinsic_coefficients,16,8.423834987035268e-15,False,6458,1496064
development_t0.01,31401,adaptive_direct,131,unrelated,intrinsic_coefficients,16,1.26802610973158e-14,False,6458,1496064
development_t0.01,31401,adaptive_direct,132,unrelated,intrinsic_coefficients,16,1.8633960815876184e-14,False,6458,1496064
development_t0.01,31401,adaptive_direct,133,unrelated,intrinsic_coefficients,16,1.5081277630261784e-14,False,6458,1496064
development_t0.01,31401,adaptive_direct,134,unrelated,intrinsic_coefficients,16,1.5290775983172085e-14,False,6458,1496064
development_t0.01,31401,adaptive_direct,135,unrelated,intrinsic_coefficients,16,1.2546543394064552e-14,False,6458,1496064
development_t0.01,31401,adaptive_direct,136,unrelated,intrinsic_coefficients,16,1.449248639390048e-14,False,6458,1496064
development_t0.01,31401,adaptive_direct,137,unrelated,intrinsic_coefficients,16,9.16869712612586e-15,False,6458,1496064
development_t0.01,31401,adaptive_direct,138,unrelated,intrinsic_coefficients,16,1.3119225757834974e-14,False,6458,1496064
development_t0.01,31401,adaptive_direct,139,unrelated,intrinsic_coefficients,16,1.5948398810893168e-14,False,6458,1496064
development_t0.01,31401,adaptive_direct,140,unrelated,intrinsic_coefficients,16,1.237063413267762e-14,False,6458,1496064
development_t0.01,31401,adaptive_direct,141,unrelated,intrinsic_coefficients,16,7.58203924449384e-15,False,6458,1496064
development_t0.01,31401,adaptive_direct,142,unrelated,intrinsic_coefficients,16,1.5726111954545222e-14,False,6458,1496064
development_t0.01,31401,adaptive_direct,143,unrelated,intrinsic_coefficients,16,7.14936973283866e-15,False,6458,1496064
development_t0.01,31401,adaptive_direct,144,unrelated,intrinsic_coefficients,16,1.3012127759017087e-14,False,6458,1496064
development_t0.01,31401,adaptive_direct,145,unrelated,intrinsic_coefficients,16,1.492143234871953e-14,False,6458,1496064
development_t0.01,31401,adaptive_direct,146,unrelated,intrinsic_coefficients,16,9.313073891985355e-15,False,6458,1496064
development_t0.01,31401,adaptive_direct,147,unrelated,intrinsic_coefficients,16,1.9434528923775903e-14,False,6458,1496064
development_t0.01,31401,adaptive_direct,148,unrelated,intrinsic_coefficients,16,1.8255370969771402e-14,False,6458,1496064
development_t0.01,31401,adaptive_direct,149,unrelated,intrinsic_coefficients,16,1.2715047893426586e-14,False,6458,1496064
development_t0.01,31401,adaptive_direct,150,unrelated,intrinsic_coefficients,16,2.1607739333689632e-14,False,6458,1496064
development_t0.01,31401,adaptive_direct,151,unrelated,intrinsic_coefficients,16,9.482441517920642e-15,False,6458,1496064
development_t0.01,31401,adaptive_direct,152,unrelated,intrinsic_coefficients,16,1.1798074588684551e-14,False,6458,1496064
development_t0.01,31401,adaptive_direct,153,unrelated,intrinsic_coefficients,16,1.3225312399313838e-14,False,6458,1496064
development_t0.01,31401,adaptive_direct,154,unrelated,intrinsic_coefficients,16,1.6574667867038685e-14,False,6458,1496064
development_t0.01,31401,adaptive_direct,155,unrelated,intrinsic_coefficients,16,1.1734758875877292e-14,False,6458,1496064
development_t0.01,31401,adaptive_direct,156,unrelated,intrinsic_coefficients,16,1.420680843881297e-14,False,6458,1496064
development_t0.01,31401,adaptive_direct,157,unrelated,intrinsic_coefficients,16,2.0767482650013366e-14,False,6458,1496064
development_t0.01,31401,adaptive_direct,158,unrelated,intrinsic_coefficients,16,1.3210341939004066e-14,False,6458,1496064
development_t0.01,31401,adaptive_direct,159,unrelated,intrinsic_coefficients,16,1.1430812961216348e-14,False,6458,1496064
development_t0.01,31401,adaptive_mirror,0,aligned_d2,mirror_view_plus_residual,2,2.44506111357623e-07,False,6804,148834304
development_t0.01,31401,adaptive_mirror,1,aligned_d2,mirror_view_plus_residual,2,2.6616173727234127e-06,False,6804,148834304
development_t0.01,31401,adaptive_mirror,2,aligned_d2,mirror_view_plus_residual,2,1.988877102121478e-06,False,6804,148834304
development_t0.01,31401,adaptive_mirror,3,aligned_d2,mirror_view_plus_residual,2,1.425255618414667e-06,False,6804,148834304
development_t0.01,31401,adaptive_mirror,4,aligned_d2,mirror_view_plus_residual,2,1.0685263163168202e-07,False,6804,148834304
development_t0.01,31401,adaptive_mirror,5,aligned_d2,mirror_view_plus_residual,2,1.5637150454494986e-06,False,6804,148834304
development_t0.01,31401,adaptive_mirror,6,aligned_d2,mirror_view_plus_residual,2,2.5916662593772344e-07,False,6804,148834304
development_t0.01,31401,adaptive_mirror,7,aligned_d2,mirror_view_plus_residual,2,8.117183938338712e-07,False,6804,148834304
development_t0.01,31401,adaptive_mirror,8,aligned_d2,mirror_view_plus_residual,2,1.907288151414832e-06,False,6804,148834304
development_t0.01,31401,adaptive_mirror,9,aligned_d2,mirror_view_plus_residual,2,1.4616878818429768e-09,False,6804,148834304
development_t0.01,31401,adaptive_mirror,10,aligned_d2,mirror_view_plus_residual,2,2.5745807761268225e-06,False,6804,148834304
development_t0.01,31401,adaptive_mirror,11,aligned_d2,mirror_view_plus_residual,2,1.848825093020423e-07,False,6804,148834304
development_t0.01,31401,adaptive_mirror,12,aligned_d2,mirror_view_plus_residual,2,3.655036451277738e-08,False,6804,148834304
development_t0.01,31401,adaptive_mirror,13,aligned_d2,mirror_view_plus_residual,2,1.3338456028577639e-06,False,6804,148834304
development_t0.01,31401,adaptive_mirror,14,aligned_d2,mirror_view_plus_residual,2,3.8855803019544055e-09,False,6804,148834304
development_t0.01,31401,adaptive_mirror,15,aligned_d2,mirror_view_plus_residual,2,5.744699365095585e-07,False,6804,148834304
development_t0.01,31401,adaptive_mirror,16,aligned_d2,mirror_view_plus_residual,2,1.7403490346623585e-06,False,6804,148834304
development_t0.01,31401,adaptive_mirror,17,aligned_d2,mirror_view_plus_residual,2,1.3087461638860987e-06,False,6804,148834304
development_t0.01,31401,adaptive_mirror,18,aligned_d2,mirror_view_plus_residual,2,5.613755433842016e-07,False,6804,148834304
development_t0.01,31401,adaptive_mirror,19,aligned_d2,mirror_view_plus_residual,2,4.801890440830903e-07,False,6804,148834304
development_t0.01,31401,adaptive_mirror,20,aligned_d2,mirror_view_plus_residual,2,1.5201559335764614e-06,False,6804,148834304
development_t0.01,31401,adaptive_mirror,21,aligned_d2,mirror_view_plus_residual,2,7.366128897956514e-07,False,6804,148834304
development_t0.01,31401,adaptive_mirror,22,aligned_d2,mirror_view_plus_residual,2,1.8910685639639269e-06,False,6804,148834304
development_t0.01,31401,adaptive_mirror,23,aligned_d2,mirror_view_plus_residual,2,1.294086757752666e-07,False,6804,148834304
development_t0.01,31401,adaptive_mirror,24,aligned_d2,mirror_view_plus_residual,2,2.0732293251057854e-06,False,6804,148834304
development_t0.01,31401,adaptive_mirror,25,aligned_d2,mirror_view_plus_residual,2,2.635468263179064e-06,False,6804,148834304
development_t0.01,31401,adaptive_mirror,26,aligned_d2,mirror_view_plus_residual,2,1.3635258255817462e-07,False,6804,148834304
development_t0.01,31401,adaptive_mirror,27,aligned_d2,mirror_view_plus_residual,2,2.6532443371252157e-06,False,6804,148834304
development_t0.01,31401,adaptive_mirror,28,aligned_d2,mirror_view_plus_residual,2,2.863463805624633e-06,False,6804,148834304
development_t0.01,31401,adaptive_mirror,29,aligned_d2,mirror_view_plus_residual,2,1.6328479546245944e-07,False,6804,148834304
development_t0.01,31401,adaptive_mirror,30,aligned_d2,mirror_view_plus_residual,2,1.536851982564258e-06,False,6804,148834304
development_t0.01,31401,adaptive_mirror,31,aligned_d2,mirror_view_plus_residual,2,3.3386382369826606e-07,False,6804,148834304
development_t0.01,31401,adaptive_mirror,32,aligned_d4,mirror_view_plus_residual,2,0.005233323201537132,False,6804,148834304
development_t0.01,31401,adaptive_mirror,33,aligned_d4,mirror_view_plus_residual,2,0.00043198902858421206,False,6804,148834304
development_t0.01,31401,adaptive_mirror,34,aligned_d4,mirror_view_plus_residual,4,2.99796056424384e-07,False,6804,148834304
development_t0.01,31401,adaptive_mirror,35,aligned_d4,mirror_view_plus_residual,2,0.0003930426319129765,False,6804,148834304
development_t0.01,31401,adaptive_mirror,36,aligned_d4,mirror_view_plus_residual,4,3.2373009162256494e-07,False,6804,148834304
development_t0.01,31401,adaptive_mirror,37,aligned_d4,mirror_view_plus_residual,2,0.0003621313371695578,False,6804,148834304
development_t0.01,31401,adaptive_mirror,38,aligned_d4,mirror_view_plus_residual,2,0.005436106119304895,False,6804,148834304
development_t0.01,31401,adaptive_mirror,39,aligned_d4,mirror_view_plus_residual,2,0.009982680901885033,False,6804,148834304
development_t0.01,31401,adaptive_mirror,40,aligned_d4,mirror_view_plus_residual,2,0.001104271039366722,False,6804,148834304
development_t0.01,31401,adaptive_mirror,41,aligned_d4,mirror_view_plus_residual,4,2.8584233646711255e-08,False,6804,148834304
development_t0.01,31401,adaptive_mirror,42,aligned_d4,mirror_view_plus_residual,2,4.906861067865975e-05,False,6804,148834304
development_t0.01,31401,adaptive_mirror,43,aligned_d4,mirror_view_plus_residual,2,0.008098814636468887,False,6804,148834304
development_t0.01,31401,adaptive_mirror,44,aligned_d4,mirror_view_plus_residual,4,1.7045397271431284e-06,False,6804,148834304
development_t0.01,31401,adaptive_mirror,45,aligned_d4,mirror_view_plus_residual,2,0.0014973393408581614,False,6804,148834304
development_t0.01,31401,adaptive_mirror,46,aligned_d4,mirror_view_plus_residual,2,0.0044347969815135,False,6804,148834304
development_t0.01,31401,adaptive_mirror,47,aligned_d4,mirror_view_plus_residual,2,0.0003947429358959198,False,6804,148834304
development_t0.01,31401,adaptive_mirror,48,aligned_d4,mirror_view_plus_residual,2,0.005176772363483906,False,6804,148834304
development_t0.01,31401,adaptive_mirror,49,aligned_d4,mirror_view_plus_residual,2,0.0006140463519841433,False,6804,148834304
development_t0.01,31401,adaptive_mirror,50,aligned_d4,mirror_view_plus_residual,4,2.346515088902379e-07,False,6804,148834304
development_t0.01,31401,adaptive_mirror,51,aligned_d4,mirror_view_plus_residual,2,0.0010502085788175464,False,6804,148834304
development_t0.01,31401,adaptive_mirror,52,aligned_d4,mirror_view_plus_residual,2,0.0007301984587684274,False,6804,148834304
development_t0.01,31401,adaptive_mirror,53,aligned_d4,mirror_view_plus_residual,2,0.00470138480886817,False,6804,148834304
development_t0.01,31401,adaptive_mirror,54,aligned_d4,mirror_view_plus_residual,2,0.0032823693472892046,False,6804,148834304
development_t0.01,31401,adaptive_mirror,55,aligned_d4,mirror_view_plus_residual,2,0.002561201574280858,False,6804,148834304
development_t0.01,31401,adaptive_mirror,56,aligned_d4,mirror_view_plus_residual,2,0.00778476195409894,False,6804,148834304
development_t0.01,31401,adaptive_mirror,57,aligned_d4,mirror_view_plus_residual,2,0.0018600826151669025,False,6804,148834304
development_t0.01,31401,adaptive_mirror,58,aligned_d4,mirror_view_plus_residual,2,0.008724254556000233,False,6804,148834304
development_t0.01,31401,adaptive_mirror,59,aligned_d4,mirror_view_plus_residual,4,2.610780480694075e-10,False,6804,148834304
development_t0.01,31401,adaptive_mirror,60,aligned_d4,mirror_view_plus_residual,2,0.009770923294126987,False,6804,148834304
development_t0.01,31401,adaptive_mirror,61,aligned_d4,mirror_view_plus_residual,2,0.0053190509788692,False,6804,148834304
development_t0.01,31401,adaptive_mirror,62,aligned_d4,mirror_view_plus_residual,2,0.007868953980505466,False,6804,148834304
development_t0.01,31401,adaptive_mirror,63,aligned_d4,mirror_view_plus_residual,2,0.00020198043785057962,False,6804,148834304
development_t0.01,31401,adaptive_mirror,64,aligned_d8,mirror_view_plus_residual,8,1.4034592368261656e-06,False,6804,148834304
development_t0.01,31401,adaptive_mirror,65,aligned_d8,mirror_view_plus_residual,8,4.4457014070076184e-08,False,6804,148834304
development_t0.01,31401,adaptive_mirror,66,aligned_d8,mirror_view_plus_residual,8,1.616315614683117e-07,False,6804,148834304
development_t0.01,31401,adaptive_mirror,67,aligned_d8,mirror_view_plus_residual,4,0.0034564032685011625,False,6804,148834304
development_t0.01,31401,adaptive_mirror,68,aligned_d8,mirror_view_plus_residual,8,9.60959027906938e-08,False,6804,148834304
development_t0.01,31401,adaptive_mirror,69,aligned_d8,mirror_view_plus_residual,8,1.8133863477487466e-07,False,6804,148834304
development_t0.01,31401,adaptive_mirror,70,aligned_d8,mirror_view_plus_residual,2,0.0034412790555506945,False,6804,148834304
development_t0.01,31401,adaptive_mirror,71,aligned_d8,mirror_view_plus_residual,8,6.596887942578178e-07,False,6804,148834304
development_t0.01,31401,adaptive_mirror,72,aligned_d8,mirror_view_plus_residual,8,6.027051426826802e-07,False,6804,148834304
development_t0.01,31401,adaptive_mirror,73,aligned_d8,mirror_view_plus_residual,8,1.1973583013968891e-07,False,6804,148834304
development_t0.01,31401,adaptive_mirror,74,aligned_d8,mirror_view_plus_residual,4,0.0018766651628538966,False,6804,148834304
development_t0.01,31401,adaptive_mirror,75,aligned_d8,mirror_view_plus_residual,4,0.007007784675806761,False,6804,148834304
development_t0.01,31401,adaptive_mirror,76,aligned_d8,mirror_view_plus_residual,2,0.008404217660427094,False,6804,148834304
development_t0.01,31401,adaptive_mirror,77,aligned_d8,mirror_view_plus_residual,8,1.3048838809481822e-06,False,6804,148834304
development_t0.01,31401,adaptive_mirror,78,aligned_d8,mirror_view_plus_residual,4,0.0022994803730398417,False,6804,148834304
development_t0.01,31401,adaptive_mirror,79,aligned_d8,mirror_view_plus_residual,2,0.00868599209934473,False,6804,148834304
development_t0.01,31401,adaptive_mirror,80,aligned_d8,mirror_view_plus_residual,4,0.009637032635509968,False,6804,148834304
development_t0.01,31401,adaptive_mirror,81,aligned_d8,mirror_view_plus_residual,8,1.885045321614598e-06,False,6804,148834304
development_t0.01,31401,adaptive_mirror,82,aligned_d8,mirror_view_plus_residual,4,0.005138501059263945,False,6804,148834304
development_t0.01,31401,adaptive_mirror,83,aligned_d8,mirror_view_plus_residual,8,8.588263433750853e-09,False,6804,148834304
development_t0.01,31401,adaptive_mirror,84,aligned_d8,mirror_view_plus_residual,8,2.2042276270894945e-07,False,6804,148834304
development_t0.01,31401,adaptive_mirror,85,aligned_d8,mirror_view_plus_residual,8,8.483699502903619e-07,False,6804,148834304
development_t0.01,31401,adaptive_mirror,86,aligned_d8,mirror_view_plus_residual,8,3.1469588179788843e-07,False,6804,148834304
development_t0.01,31401,adaptive_mirror,87,aligned_d8,mirror_view_plus_residual,4,0.005472605116665363,False,6804,148834304
development_t0.01,31401,adaptive_mirror,88,aligned_d8,mirror_view_plus_residual,8,8.394952715207182e-07,False,6804,148834304
development_t0.01,31401,adaptive_mirror,89,aligned_d8,mirror_view_plus_residual,8,1.9401459212531336e-06,False,6804,148834304
development_t0.01,31401,adaptive_mirror,90,aligned_d8,mirror_view_plus_residual,2,0.001966167939826846,False,6804,148834304
development_t0.01,31401,adaptive_mirror,91,aligned_d8,mirror_view_plus_residual,4,0.007057606242597103,False,6804,148834304
development_t0.01,31401,adaptive_mirror,92,aligned_d8,mirror_view_plus_residual,4,0.009781524538993835,False,6804,148834304
development_t0.01,31401,adaptive_mirror,93,aligned_d8,mirror_view_plus_residual,2,0.0072702402248978615,False,6804,148834304
development_t0.01,31401,adaptive_mirror,94,aligned_d8,mirror_view_plus_residual,2,0.005773294251412153,False,6804,148834304
development_t0.01,31401,adaptive_mirror,95,aligned_d8,mirror_view_plus_residual,8,9.466162964599789e-07,False,6804,148834304
development_t0.01,31401,adaptive_mirror,96,aligned_d16,mirror_view_plus_residual,16,1.1739123237930471e-06,False,6804,148834304
development_t0.01,31401,adaptive_mirror,97,aligned_d16,mirror_view_plus_residual,16,1.5283115999409347e-06,False,6804,148834304
development_t0.01,31401,adaptive_mirror,98,aligned_d16,mirror_view_plus_residual,16,1.483960829773423e-07,False,6804,148834304
development_t0.01,31401,adaptive_mirror,99,aligned_d16,mirror_view_plus_residual,16,1.120681076827168e-06,False,6804,148834304
development_t0.01,31401,adaptive_mirror,100,aligned_d16,mirror_view_plus_residual,16,2.0575438952619152e-07,False,6804,148834304
development_t0.01,31401,adaptive_mirror,101,aligned_d16,mirror_view_plus_residual,16,1.7092550308461796e-07,False,6804,148834304
development_t0.01,31401,adaptive_mirror,102,aligned_d16,mirror_view_plus_residual,16,1.392759031659807e-06,False,6804,148834304
development_t0.01,31401,adaptive_mirror,103,aligned_d16,mirror_view_plus_residual,16,1.4459386648013606e-06,False,6804,148834304
development_t0.01,31401,adaptive_mirror,104,aligned_d16,mirror_view_plus_residual,8,0.009300565347075462,False,6804,148834304
development_t0.01,31401,adaptive_mirror,105,aligned_d16,mirror_view_plus_residual,16,8.461108791379957e-08,False,6804,148834304
development_t0.01,31401,adaptive_mirror,106,aligned_d16,mirror_view_plus_residual,16,3.0851253995933803e-06,False,6804,148834304
development_t0.01,31401,adaptive_mirror,107,aligned_d16,mirror_view_plus_residual,16,1.0930114058282925e-06,False,6804,148834304
development_t0.01,31401,adaptive_mirror,108,aligned_d16,mirror_view_plus_residual,16,1.3551985311721637e-08,False,6804,148834304
development_t0.01,31401,adaptive_mirror,109,aligned_d16,mirror_view_plus_residual,16,7.903623533422888e-09,False,6804,148834304
development_t0.01,31401,adaptive_mirror,110,aligned_d16,mirror_view_plus_residual,16,2.701726771192625e-07,False,6804,148834304
development_t0.01,31401,adaptive_mirror,111,aligned_d16,mirror_view_plus_residual,16,1.651654883971787e-06,False,6804,148834304
development_t0.01,31401,adaptive_mirror,112,aligned_d16,mirror_view_plus_residual,16,1.6754880505231995e-07,False,6804,148834304
development_t0.01,31401,adaptive_mirror,113,aligned_d16,mirror_view_plus_residual,16,1.7892523374030134e-06,False,6804,148834304
development_t0.01,31401,adaptive_mirror,114,aligned_d16,mirror_view_plus_residual,16,3.6758999613084598e-06,False,6804,148834304
development_t0.01,31401,adaptive_mirror,115,aligned_d16,mirror_view_plus_residual,16,1.429894041393709e-06,False,6804,148834304
development_t0.01,31401,adaptive_mirror,116,aligned_d16,mirror_view_plus_residual,16,1.38021152906731e-06,False,6804,148834304
development_t0.01,31401,adaptive_mirror,117,aligned_d16,mirror_view_plus_residual,16,3.5870473311661044e-06,False,6804,148834304
development_t0.01,31401,adaptive_mirror,118,aligned_d16,mirror_view_plus_residual,16,9.296356324739463e-07,False,6804,148834304
development_t0.01,31401,adaptive_mirror,119,aligned_d16,mirror_view_plus_residual,16,2.0382721288569883e-08,False,6804,148834304
development_t0.01,31401,adaptive_mirror,120,aligned_d16,mirror_view_plus_residual,16,1.2696879139184603e-06,False,6804,148834304
development_t0.01,31401,adaptive_mirror,121,aligned_d16,mirror_view_plus_residual,16,1.112645804823842e-06,False,6804,148834304
development_t0.01,31401,adaptive_mirror,122,aligned_d16,mirror_view_plus_residual,16,4.764848959837309e-09,False,6804,148834304
development_t0.01,31401,adaptive_mirror,123,aligned_d16,mirror_view_plus_residual,16,1.4632223610533401e-07,False,6804,148834304
development_t0.01,31401,adaptive_mirror,124,aligned_d16,mirror_view_plus_residual,16,1.3425023759339183e-08,False,6804,148834304
development_t0.01,31401,adaptive_mirror,125,aligned_d16,mirror_view_plus_residual,16,1.4861430486234894e-07,False,6804,148834304
development_t0.01,31401,adaptive_mirror,126,aligned_d16,mirror_view_plus_residual,16,2.0000840095235617e-08,False,6804,148834304
development_t0.01,31401,adaptive_mirror,127,aligned_d16,mirror_view_plus_residual,16,9.05680508367368e-07,False,6804,148834304
development_t0.01,31401,adaptive_mirror,128,unrelated,mirror_view_plus_residual,16,0.008825949393212795,False,6804,148834304
development_t0.01,31401,adaptive_mirror,129,unrelated,private_full_intrinsic_fallback,16,2.7828030813937046e-14,True,6804,148834304
development_t0.01,31401,adaptive_mirror,130,unrelated,mirror_view_plus_residual,16,0.004667283967137337,False,6804,148834304
development_t0.01,31401,adaptive_mirror,131,unrelated,private_full_intrinsic_fallback,16,1.26802610973158e-14,True,6804,148834304
development_t0.01,31401,adaptive_mirror,132,unrelated,private_full_intrinsic_fallback,16,1.8633960815876184e-14,True,6804,148834304
development_t0.01,31401,adaptive_mirror,133,unrelated,mirror_view_plus_residual,16,0.0001843251520767808,False,6804,148834304
development_t0.01,31401,adaptive_mirror,134,unrelated,private_full_intrinsic_fallback,16,1.5290775983172085e-14,True,6804,148834304
development_t0.01,31401,adaptive_mirror,135,unrelated,mirror_view_plus_residual,16,0.0002743620425462723,False,6804,148834304
development_t0.01,31401,adaptive_mirror,136,unrelated,private_full_intrinsic_fallback,16,1.449248639390048e-14,True,6804,148834304
development_t0.01,31401,adaptive_mirror,137,unrelated,private_full_intrinsic_fallback,16,9.16869712612586e-15,True,6804,148834304
development_t0.01,31401,adaptive_mirror,138,unrelated,private_full_intrinsic_fallback,16,1.3119225757834974e-14,True,6804,148834304
development_t0.01,31401,adaptive_mirror,139,unrelated,mirror_view_plus_residual,16,0.00014618673594668508,False,6804,148834304
development_t0.01,31401,adaptive_mirror,140,unrelated,private_full_intrinsic_fallback,16,1.237063413267762e-14,True,6804,148834304
development_t0.01,31401,adaptive_mirror,141,unrelated,private_full_intrinsic_fallback,16,7.58203924449384e-15,True,6804,148834304
development_t0.01,31401,adaptive_mirror,142,unrelated,private_full_intrinsic_fallback,16,1.5726111954545222e-14,True,6804,148834304
development_t0.01,31401,adaptive_mirror,143,unrelated,private_full_intrinsic_fallback,16,7.14936973283866e-15,True,6804,148834304
development_t0.01,31401,adaptive_mirror,144,unrelated,private_full_intrinsic_fallback,16,1.3012127759017087e-14,True,6804,148834304
development_t0.01,31401,adaptive_mirror,145,unrelated,private_full_intrinsic_fallback,16,1.492143234871953e-14,True,6804,148834304
development_t0.01,31401,adaptive_mirror,146,unrelated,private_full_intrinsic_fallback,16,9.313073891985355e-15,True,6804,148834304
development_t0.01,31401,adaptive_mirror,147,unrelated,mirror_view_plus_residual,16,0.001300477422773838,False,6804,148834304
development_t0.01,31401,adaptive_mirror,148,unrelated,mirror_view_plus_residual,16,0.00027810916071757674,False,6804,148834304
development_t0.01,31401,adaptive_mirror,149,unrelated,private_full_intrinsic_fallback,16,1.2715047893426586e-14,True,6804,148834304
development_t0.01,31401,adaptive_mirror,150,unrelated,private_full_intrinsic_fallback,16,2.1607739333689632e-14,True,6804,148834304
development_t0.01,31401,adaptive_mirror,151,unrelated,private_full_intrinsic_fallback,16,9.482441517920642e-15,True,6804,148834304
development_t0.01,31401,adaptive_mirror,152,unrelated,private_full_intrinsic_fallback,16,1.1798074588684551e-14,True,6804,148834304
development_t0.01,31401,adaptive_mirror,153,unrelated,private_full_intrinsic_fallback,16,1.3225312399313838e-14,True,6804,148834304
development_t0.01,31401,adaptive_mirror,154,unrelated,mirror_view_plus_residual,16,0.008679922670125961,False,6804,148834304
development_t0.01,31401,adaptive_mirror,155,unrelated,private_full_intrinsic_fallback,16,1.1734758875877292e-14,True,6804,148834304
development_t0.01,31401,adaptive_mirror,156,unrelated,private_full_intrinsic_fallback,16,1.420680843881297e-14,True,6804,148834304
development_t0.01,31401,adaptive_mirror,157,unrelated,private_full_intrinsic_fallback,16,2.0767482650013366e-14,True,6804,148834304
development_t0.01,31401,adaptive_mirror,158,unrelated,mirror_view_plus_residual,16,0.00015510854427702725,False,6804,148834304
development_t0.01,31401,adaptive_mirror,159,unrelated,private_full_intrinsic_fallback,16,1.1430812961216348e-14,True,6804,148834304
development_t0.0001,31402,adaptive_direct,0,aligned_d2,intrinsic_coefficients,2,5.161747206283663e-15,False,6734,1613824
development_t0.0001,31402,adaptive_direct,1,aligned_d2,intrinsic_coefficients,2,1.0840953616308557e-14,False,6734,1613824
development_t0.0001,31402,adaptive_direct,2,aligned_d2,intrinsic_coefficients,2,3.531255369631234e-15,False,6734,1613824
development_t0.0001,31402,adaptive_direct,3,aligned_d2,intrinsic_coefficients,2,5.897079377684697e-15,False,6734,1613824
development_t0.0001,31402,adaptive_direct,4,aligned_d2,intrinsic_coefficients,2,8.324012154201348e-15,False,6734,1613824
development_t0.0001,31402,adaptive_direct,5,aligned_d2,intrinsic_coefficients,2,3.0178504890920367e-15,False,6734,1613824
development_t0.0001,31402,adaptive_direct,6,aligned_d2,intrinsic_coefficients,2,4.612285403729271e-15,False,6734,1613824
development_t0.0001,31402,adaptive_direct,7,aligned_d2,intrinsic_coefficients,2,4.4793859343050715e-15,False,6734,1613824
development_t0.0001,31402,adaptive_direct,8,aligned_d2,intrinsic_coefficients,2,5.2395145717205015e-15,False,6734,1613824
development_t0.0001,31402,adaptive_direct,9,aligned_d2,intrinsic_coefficients,2,4.176354391710688e-15,False,6734,1613824
development_t0.0001,31402,adaptive_direct,10,aligned_d2,intrinsic_coefficients,2,1.732046745984365e-15,False,6734,1613824
development_t0.0001,31402,adaptive_direct,11,aligned_d2,intrinsic_coefficients,2,5.329580855551472e-15,False,6734,1613824
development_t0.0001,31402,adaptive_direct,12,aligned_d2,intrinsic_coefficients,2,2.3322217875194114e-15,False,6734,1613824
development_t0.0001,31402,adaptive_direct,13,aligned_d2,intrinsic_coefficients,2,6.256406424019496e-15,False,6734,1613824
development_t0.0001,31402,adaptive_direct,14,aligned_d2,intrinsic_coefficients,2,2.322421828077916e-15,False,6734,1613824
development_t0.0001,31402,adaptive_direct,15,aligned_d2,intrinsic_coefficients,2,1.4023009489038838e-15,False,6734,1613824
development_t0.0001,31402,adaptive_direct,16,aligned_d2,intrinsic_coefficients,2,4.875098551438599e-15,False,6734,1613824
development_t0.0001,31402,adaptive_direct,17,aligned_d2,intrinsic_coefficients,2,2.082536379943104e-15,False,6734,1613824
development_t0.0001,31402,adaptive_direct,18,aligned_d2,intrinsic_coefficients,2,3.0961934134165342e-15,False,6734,1613824
development_t0.0001,31402,adaptive_direct,19,aligned_d2,intrinsic_coefficients,2,2.5668945948968203e-15,False,6734,1613824
development_t0.0001,31402,adaptive_direct,20,aligned_d2,intrinsic_coefficients,2,2.7222567428074936e-15,False,6734,1613824
development_t0.0001,31402,adaptive_direct,21,aligned_d2,intrinsic_coefficients,2,2.8323996133125225e-15,False,6734,1613824
development_t0.0001,31402,adaptive_direct,22,aligned_d2,intrinsic_coefficients,2,2.1965995306862628e-15,False,6734,1613824
development_t0.0001,31402,adaptive_direct,23,aligned_d2,intrinsic_coefficients,2,3.910810833295886e-15,False,6734,1613824
development_t0.0001,31402,adaptive_direct,24,aligned_d2,intrinsic_coefficients,2,4.602583064834947e-15,False,6734,1613824
development_t0.0001,31402,adaptive_direct,25,aligned_d2,intrinsic_coefficients,2,4.679403447436755e-15,False,6734,1613824
development_t0.0001,31402,adaptive_direct,26,aligned_d2,intrinsic_coefficients,2,4.987912328584558e-15,False,6734,1613824
development_t0.0001,31402,adaptive_direct,27,aligned_d2,intrinsic_coefficients,2,7.075835838072199e-15,False,6734,1613824
development_t0.0001,31402,adaptive_direct,28,aligned_d2,intrinsic_coefficients,2,2.1195521432545907e-15,False,6734,1613824
development_t0.0001,31402,adaptive_direct,29,aligned_d2,intrinsic_coefficients,2,3.92608622546667e-15,False,6734,1613824
development_t0.0001,31402,adaptive_direct,30,aligned_d2,intrinsic_coefficients,2,4.260499068207404e-15,False,6734,1613824
development_t0.0001,31402,adaptive_direct,31,aligned_d2,intrinsic_coefficients,2,7.342179842622157e-15,False,6734,1613824
development_t0.0001,31402,adaptive_direct,32,aligned_d4,intrinsic_coefficients,4,1.0589217118450473e-14,False,6734,1613824
development_t0.0001,31402,adaptive_direct,33,aligned_d4,intrinsic_coefficients,4,4.6583271501266996e-15,False,6734,1613824
development_t0.0001,31402,adaptive_direct,34,aligned_d4,intrinsic_coefficients,4,1.7776099399424185e-14,False,6734,1613824
development_t0.0001,31402,adaptive_direct,35,aligned_d4,intrinsic_coefficients,4,6.506030421707127e-15,False,6734,1613824
development_t0.0001,31402,adaptive_direct,36,aligned_d4,intrinsic_coefficients,4,9.624913306681762e-15,False,6734,1613824
development_t0.0001,31402,adaptive_direct,37,aligned_d4,intrinsic_coefficients,4,1.2029679654485242e-14,False,6734,1613824
development_t0.0001,31402,adaptive_direct,38,aligned_d4,intrinsic_coefficients,4,7.008503071512587e-15,False,6734,1613824
development_t0.0001,31402,adaptive_direct,39,aligned_d4,intrinsic_coefficients,4,6.220270727940206e-15,False,6734,1613824
development_t0.0001,31402,adaptive_direct,40,aligned_d4,intrinsic_coefficients,4,4.039206205023061e-15,False,6734,1613824
development_t0.0001,31402,adaptive_direct,41,aligned_d4,intrinsic_coefficients,4,4.7769015983469346e-15,False,6734,1613824
development_t0.0001,31402,adaptive_direct,42,aligned_d4,intrinsic_coefficients,4,2.7109035366989706e-15,False,6734,1613824
development_t0.0001,31402,adaptive_direct,43,aligned_d4,intrinsic_coefficients,4,8.101671934777725e-15,False,6734,1613824
development_t0.0001,31402,adaptive_direct,44,aligned_d4,intrinsic_coefficients,4,3.1741750781890277e-15,False,6734,1613824
development_t0.0001,31402,adaptive_direct,45,aligned_d4,intrinsic_coefficients,4,1.2197980018906988e-14,False,6734,1613824
development_t0.0001,31402,adaptive_direct,46,aligned_d4,intrinsic_coefficients,4,3.4573231576213266e-15,False,6734,1613824
development_t0.0001,31402,adaptive_direct,47,aligned_d4,intrinsic_coefficients,4,4.033644586691389e-15,False,6734,1613824
development_t0.0001,31402,adaptive_direct,48,aligned_d4,intrinsic_coefficients,4,2.259972841733935e-15,False,6734,1613824
development_t0.0001,31402,adaptive_direct,49,aligned_d4,intrinsic_coefficients,4,7.947996441223272e-15,False,6734,1613824
development_t0.0001,31402,adaptive_direct,50,aligned_d4,intrinsic_coefficients,4,2.7684458729377442e-15,False,6734,1613824
development_t0.0001,31402,adaptive_direct,51,aligned_d4,intrinsic_coefficients,4,9.054582306372919e-15,False,6734,1613824
development_t0.0001,31402,adaptive_direct,52,aligned_d4,intrinsic_coefficients,4,9.929454685504626e-15,False,6734,1613824
development_t0.0001,31402,adaptive_direct,53,aligned_d4,intrinsic_coefficients,4,2.9140521071201794e-15,False,6734,1613824
development_t0.0001,31402,adaptive_direct,54,aligned_d4,intrinsic_coefficients,4,5.9824878273387165e-15,False,6734,1613824
development_t0.0001,31402,adaptive_direct,55,aligned_d4,intrinsic_coefficients,4,3.4004764471904855e-15,False,6734,1613824
development_t0.0001,31402,adaptive_direct,56,aligned_d4,intrinsic_coefficients,4,6.8321177776092985e-15,False,6734,1613824
development_t0.0001,31402,adaptive_direct,57,aligned_d4,intrinsic_coefficients,4,5.799175074476309e-15,False,6734,1613824
development_t0.0001,31402,adaptive_direct,58,aligned_d4,intrinsic_coefficients,4,6.758265821971143e-15,False,6734,1613824
development_t0.0001,31402,adaptive_direct,59,aligned_d4,intrinsic_coefficients,4,3.4048155852210325e-15,False,6734,1613824
development_t0.0001,31402,adaptive_direct,60,aligned_d4,intrinsic_coefficients,4,3.5164613039327273e-15,False,6734,1613824
development_t0.0001,31402,adaptive_direct,61,aligned_d4,intrinsic_coefficients,4,2.23070912395572e-15,False,6734,1613824
development_t0.0001,31402,adaptive_direct,62,aligned_d4,intrinsic_coefficients,4,7.698839158689578e-15,False,6734,1613824
development_t0.0001,31402,adaptive_direct,63,aligned_d4,intrinsic_coefficients,4,4.176964678949185e-15,False,6734,1613824
development_t0.0001,31402,adaptive_direct,64,aligned_d8,intrinsic_coefficients,8,6.037908346044618e-15,False,6734,1613824
development_t0.0001,31402,adaptive_direct,65,aligned_d8,intrinsic_coefficients,8,7.798055515933263e-15,False,6734,1613824
development_t0.0001,31402,adaptive_direct,66,aligned_d8,intrinsic_coefficients,8,1.068661913112114e-14,False,6734,1613824
development_t0.0001,31402,adaptive_direct,67,aligned_d8,intrinsic_coefficients,8,7.65434112983852e-15,False,6734,1613824
development_t0.0001,31402,adaptive_direct,68,aligned_d8,intrinsic_coefficients,8,4.749315005804283e-15,False,6734,1613824
development_t0.0001,31402,adaptive_direct,69,aligned_d8,intrinsic_coefficients,8,6.849499740719904e-15,False,6734,1613824
development_t0.0001,31402,adaptive_direct,70,aligned_d8,intrinsic_coefficients,8,2.093045729477925e-15,False,6734,1613824
development_t0.0001,31402,adaptive_direct,71,aligned_d8,intrinsic_coefficients,8,8.720905535263349e-15,False,6734,1613824
development_t0.0001,31402,adaptive_direct,72,aligned_d8,intrinsic_coefficients,8,5.9267382363328066e-15,False,6734,1613824
development_t0.0001,31402,adaptive_direct,73,aligned_d8,intrinsic_coefficients,8,2.6534617856226834e-15,False,6734,1613824
development_t0.0001,31402,adaptive_direct,74,aligned_d8,intrinsic_coefficients,8,9.953393530659927e-15,False,6734,1613824
development_t0.0001,31402,adaptive_direct,75,aligned_d8,intrinsic_coefficients,8,8.80661425809717e-15,False,6734,1613824
development_t0.0001,31402,adaptive_direct,76,aligned_d8,intrinsic_coefficients,8,4.995965917847052e-15,False,6734,1613824
development_t0.0001,31402,adaptive_direct,77,aligned_d8,intrinsic_coefficients,8,6.7657091239951405e-15,False,6734,1613824
development_t0.0001,31402,adaptive_direct,78,aligned_d8,intrinsic_coefficients,8,1.0007041209407225e-14,False,6734,1613824
development_t0.0001,31402,adaptive_direct,79,aligned_d8,intrinsic_coefficients,8,1.1108492360830616e-14,False,6734,1613824
development_t0.0001,31402,adaptive_direct,80,aligned_d8,intrinsic_coefficients,8,4.450870146619282e-15,False,6734,1613824
development_t0.0001,31402,adaptive_direct,81,aligned_d8,intrinsic_coefficients,8,7.544375077461231e-15,False,6734,1613824
development_t0.0001,31402,adaptive_direct,82,aligned_d8,intrinsic_coefficients,8,1.0418040230139852e-14,False,6734,1613824
development_t0.0001,31402,adaptive_direct,83,aligned_d8,intrinsic_coefficients,8,1.2162331790288843e-14,False,6734,1613824
development_t0.0001,31402,adaptive_direct,84,aligned_d8,intrinsic_coefficients,8,6.805888131848148e-15,False,6734,1613824
development_t0.0001,31402,adaptive_direct,85,aligned_d8,intrinsic_coefficients,8,1.2076170751861189e-14,False,6734,1613824
development_t0.0001,31402,adaptive_direct,86,aligned_d8,intrinsic_coefficients,8,8.787068972839276e-15,False,6734,1613824
development_t0.0001,31402,adaptive_direct,87,aligned_d8,intrinsic_coefficients,8,7.388620118021268e-15,False,6734,1613824
development_t0.0001,31402,adaptive_direct,88,aligned_d8,intrinsic_coefficients,8,1.2916677310256895e-14,False,6734,1613824
development_t0.0001,31402,adaptive_direct,89,aligned_d8,intrinsic_coefficients,8,8.386258064396225e-15,False,6734,1613824
development_t0.0001,31402,adaptive_direct,90,aligned_d8,intrinsic_coefficients,8,1.107024119996556e-14,False,6734,1613824
development_t0.0001,31402,adaptive_direct,91,aligned_d8,intrinsic_coefficients,8,3.2260300117034624e-15,False,6734,1613824
development_t0.0001,31402,adaptive_direct,92,aligned_d8,intrinsic_coefficients,8,8.991020106978009e-15,False,6734,1613824
development_t0.0001,31402,adaptive_direct,93,aligned_d8,intrinsic_coefficients,8,8.952622409413077e-15,False,6734,1613824
development_t0.0001,31402,adaptive_direct,94,aligned_d8,intrinsic_coefficients,8,9.194000541359187e-15,False,6734,1613824
development_t0.0001,31402,adaptive_direct,95,aligned_d8,intrinsic_coefficients,8,6.756947415188742e-15,False,6734,1613824
development_t0.0001,31402,adaptive_direct,96,aligned_d16,intrinsic_coefficients,16,8.490162749002963e-15,False,6734,1613824
development_t0.0001,31402,adaptive_direct,97,aligned_d16,intrinsic_coefficients,16,1.785580350569492e-14,False,6734,1613824
development_t0.0001,31402,adaptive_direct,98,aligned_d16,intrinsic_coefficients,16,1.5376697311275667e-14,False,6734,1613824
development_t0.0001,31402,adaptive_direct,99,aligned_d16,intrinsic_coefficients,16,1.1200401364838339e-14,False,6734,1613824
development_t0.0001,31402,adaptive_direct,100,aligned_d16,intrinsic_coefficients,16,1.7211365592830798e-14,False,6734,1613824
development_t0.0001,31402,adaptive_direct,101,aligned_d16,intrinsic_coefficients,16,1.490042423756173e-14,False,6734,1613824
development_t0.0001,31402,adaptive_direct,102,aligned_d16,intrinsic_coefficients,16,1.1780915395239074e-14,False,6734,1613824
development_t0.0001,31402,adaptive_direct,103,aligned_d16,intrinsic_coefficients,16,9.71455310942379e-15,False,6734,1613824
development_t0.0001,31402,adaptive_direct,104,aligned_d16,intrinsic_coefficients,16,8.84522201983302e-15,False,6734,1613824
development_t0.0001,31402,adaptive_direct,105,aligned_d16,intrinsic_coefficients,16,4.6847605073116645e-15,False,6734,1613824
development_t0.0001,31402,adaptive_direct,106,aligned_d16,intrinsic_coefficients,16,1.0947008070535426e-14,False,6734,1613824
development_t0.0001,31402,adaptive_direct,107,aligned_d16,intrinsic_coefficients,16,1.908917326238959e-14,False,6734,1613824
development_t0.0001,31402,adaptive_direct,108,aligned_d16,intrinsic_coefficients,16,1.3694328941768648e-14,False,6734,1613824
development_t0.0001,31402,adaptive_direct,109,aligned_d16,intrinsic_coefficients,16,4.2003499880734554e-15,False,6734,1613824
development_t0.0001,31402,adaptive_direct,110,aligned_d16,intrinsic_coefficients,16,1.0101294800612948e-14,False,6734,1613824
development_t0.0001,31402,adaptive_direct,111,aligned_d16,intrinsic_coefficients,16,1.0678451192410766e-14,False,6734,1613824
development_t0.0001,31402,adaptive_direct,112,aligned_d16,intrinsic_coefficients,16,1.722683241444766e-14,False,6734,1613824
development_t0.0001,31402,adaptive_direct,113,aligned_d16,intrinsic_coefficients,16,1.3707780672003993e-14,False,6734,1613824
development_t0.0001,31402,adaptive_direct,114,aligned_d16,intrinsic_coefficients,16,4.993881369763859e-15,False,6734,1613824
development_t0.0001,31402,adaptive_direct,115,aligned_d16,intrinsic_coefficients,16,5.953714118120488e-15,False,6734,1613824
development_t0.0001,31402,adaptive_direct,116,aligned_d16,intrinsic_coefficients,16,6.2943725582978016e-15,False,6734,1613824
development_t0.0001,31402,adaptive_direct,117,aligned_d16,intrinsic_coefficients,16,1.4611691034633473e-14,False,6734,1613824
development_t0.0001,31402,adaptive_direct,118,aligned_d16,intrinsic_coefficients,16,1.7112393181075922e-14,False,6734,1613824
development_t0.0001,31402,adaptive_direct,119,aligned_d16,intrinsic_coefficients,16,1.456280198698385e-14,False,6734,1613824
development_t0.0001,31402,adaptive_direct,120,aligned_d16,intrinsic_coefficients,16,8.906769127846412e-15,False,6734,1613824
development_t0.0001,31402,adaptive_direct,121,aligned_d16,intrinsic_coefficients,16,8.75329099296867e-15,False,6734,1613824
development_t0.0001,31402,adaptive_direct,122,aligned_d16,intrinsic_coefficients,16,1.0558045458958568e-14,False,6734,1613824
development_t0.0001,31402,adaptive_direct,123,aligned_d16,intrinsic_coefficients,16,1.4503858658250317e-14,False,6734,1613824
development_t0.0001,31402,adaptive_direct,124,aligned_d16,intrinsic_coefficients,16,1.4013932260459588e-14,False,6734,1613824
development_t0.0001,31402,adaptive_direct,125,aligned_d16,intrinsic_coefficients,16,6.033027742202539e-15,False,6734,1613824
development_t0.0001,31402,adaptive_direct,126,aligned_d16,intrinsic_coefficients,16,7.399883962153856e-15,False,6734,1613824
development_t0.0001,31402,adaptive_direct,127,aligned_d16,intrinsic_coefficients,16,1.0802480532811319e-14,False,6734,1613824
development_t0.0001,31402,adaptive_direct,128,unrelated,intrinsic_coefficients,16,1.167432222805775e-14,False,6734,1613824
development_t0.0001,31402,adaptive_direct,129,unrelated,intrinsic_coefficients,16,8.767429666924238e-15,False,6734,1613824
development_t0.0001,31402,adaptive_direct,130,unrelated,intrinsic_coefficients,16,1.113226688159415e-14,False,6734,1613824
development_t0.0001,31402,adaptive_direct,131,unrelated,intrinsic_coefficients,16,9.886892973970992e-15,False,6734,1613824
development_t0.0001,31402,adaptive_direct,132,unrelated,intrinsic_coefficients,16,8.231218847796692e-15,False,6734,1613824
development_t0.0001,31402,adaptive_direct,133,unrelated,intrinsic_coefficients,16,1.020874601216984e-14,False,6734,1613824
development_t0.0001,31402,adaptive_direct,134,unrelated,intrinsic_coefficients,16,1.4131343732443243e-14,False,6734,1613824
development_t0.0001,31402,adaptive_direct,135,unrelated,intrinsic_coefficients,16,2.6556173574185035e-14,False,6734,1613824
development_t0.0001,31402,adaptive_direct,136,unrelated,intrinsic_coefficients,16,7.623471014075837e-15,False,6734,1613824
development_t0.0001,31402,adaptive_direct,137,unrelated,intrinsic_coefficients,16,1.8546191261881693e-14,False,6734,1613824
development_t0.0001,31402,adaptive_direct,138,unrelated,intrinsic_coefficients,16,8.540130069594441e-15,False,6734,1613824
development_t0.0001,31402,adaptive_direct,139,unrelated,intrinsic_coefficients,16,1.3932213909840282e-14,False,6734,1613824
development_t0.0001,31402,adaptive_direct,140,unrelated,intrinsic_coefficients,16,1.3718395688898984e-14,False,6734,1613824
development_t0.0001,31402,adaptive_direct,141,unrelated,intrinsic_coefficients,16,1.2495818826018228e-14,False,6734,1613824
development_t0.0001,31402,adaptive_direct,142,unrelated,intrinsic_coefficients,16,1.5255617339597453e-14,False,6734,1613824
development_t0.0001,31402,adaptive_direct,143,unrelated,intrinsic_coefficients,16,1.3298636653425854e-14,False,6734,1613824
development_t0.0001,31402,adaptive_direct,144,unrelated,intrinsic_coefficients,16,1.9288873138166053e-14,False,6734,1613824
development_t0.0001,31402,adaptive_direct,145,unrelated,intrinsic_coefficients,16,9.612708408944775e-15,False,6734,1613824
development_t0.0001,31402,adaptive_direct,146,unrelated,intrinsic_coefficients,16,1.5530791239106063e-14,False,6734,1613824
development_t0.0001,31402,adaptive_direct,147,unrelated,intrinsic_coefficients,16,7.616634611158548e-15,False,6734,1613824
development_t0.0001,31402,adaptive_direct,148,unrelated,intrinsic_coefficients,16,1.427838187582301e-14,False,6734,1613824
development_t0.0001,31402,adaptive_direct,149,unrelated,intrinsic_coefficients,16,2.097820750663129e-14,False,6734,1613824
development_t0.0001,31402,adaptive_direct,150,unrelated,intrinsic_coefficients,16,2.244742511715945e-14,False,6734,1613824
development_t0.0001,31402,adaptive_direct,151,unrelated,intrinsic_coefficients,16,1.431620359098381e-14,False,6734,1613824
development_t0.0001,31402,adaptive_direct,152,unrelated,intrinsic_coefficients,16,9.83249058886769e-15,False,6734,1613824
development_t0.0001,31402,adaptive_direct,153,unrelated,intrinsic_coefficients,16,1.3722683369677986e-14,False,6734,1613824
development_t0.0001,31402,adaptive_direct,154,unrelated,intrinsic_coefficients,16,9.506489630326138e-15,False,6734,1613824
development_t0.0001,31402,adaptive_direct,155,unrelated,intrinsic_coefficients,16,1.5220130047239287e-14,False,6734,1613824
development_t0.0001,31402,adaptive_direct,156,unrelated,intrinsic_coefficients,16,1.1771008497887987e-14,False,6734,1613824
development_t0.0001,31402,adaptive_direct,157,unrelated,intrinsic_coefficients,16,1.7336574003093928e-14,False,6734,1613824
development_t0.0001,31402,adaptive_direct,158,unrelated,intrinsic_coefficients,16,2.1172154334630003e-14,False,6734,1613824
development_t0.0001,31402,adaptive_direct,159,unrelated,intrinsic_coefficients,16,1.8784791972793757e-14,False,6734,1613824
development_t0.0001,31402,adaptive_mirror,0,aligned_d2,mirror_view_plus_residual,2,4.013248258161184e-07,False,7084,166715392
development_t0.0001,31402,adaptive_mirror,1,aligned_d2,mirror_view_plus_residual,2,9.070134154853804e-08,False,7084,166715392
development_t0.0001,31402,adaptive_mirror,2,aligned_d2,mirror_view_plus_residual,2,1.1727813165052225e-09,False,7084,166715392
development_t0.0001,31402,adaptive_mirror,3,aligned_d2,mirror_view_plus_residual,2,3.4043819141515996e-07,False,7084,166715392
development_t0.0001,31402,adaptive_mirror,4,aligned_d2,mirror_view_plus_residual,2,4.4243279262445867e-07,False,7084,166715392
development_t0.0001,31402,adaptive_mirror,5,aligned_d2,mirror_view_plus_residual,2,1.0558638905422413e-06,False,7084,166715392
development_t0.0001,31402,adaptive_mirror,6,aligned_d2,mirror_view_plus_residual,2,1.995055072256946e-06,False,7084,166715392
development_t0.0001,31402,adaptive_mirror,7,aligned_d2,mirror_view_plus_residual,2,3.414879188312625e-07,False,7084,166715392
development_t0.0001,31402,adaptive_mirror,8,aligned_d2,mirror_view_plus_residual,2,2.70481223196839e-07,False,7084,166715392
development_t0.0001,31402,adaptive_mirror,9,aligned_d2,mirror_view_plus_residual,2,1.0302040891474462e-06,False,7084,166715392
development_t0.0001,31402,adaptive_mirror,10,aligned_d2,mirror_view_plus_residual,2,6.190006729411834e-07,False,7084,166715392
development_t0.0001,31402,adaptive_mirror,11,aligned_d2,mirror_view_plus_residual,2,9.711200164019829e-07,False,7084,166715392
development_t0.0001,31402,adaptive_mirror,12,aligned_d2,mirror_view_plus_residual,2,2.9811204615981524e-09,False,7084,166715392
development_t0.0001,31402,adaptive_mirror,13,aligned_d2,mirror_view_plus_residual,2,3.115893321137264e-07,False,7084,166715392
development_t0.0001,31402,adaptive_mirror,14,aligned_d2,mirror_view_plus_residual,2,1.8850164451578166e-07,False,7084,166715392
development_t0.0001,31402,adaptive_mirror,15,aligned_d2,mirror_view_plus_residual,2,6.956298648219672e-07,False,7084,166715392
development_t0.0001,31402,adaptive_mirror,16,aligned_d2,mirror_view_plus_residual,2,1.1741745993276709e-06,False,7084,166715392
development_t0.0001,31402,adaptive_mirror,17,aligned_d2,mirror_view_plus_residual,2,2.0125015964822524e-07,False,7084,166715392
development_t0.0001,31402,adaptive_mirror,18,aligned_d2,mirror_view_plus_residual,2,2.6894644497565956e-11,False,7084,166715392
development_t0.0001,31402,adaptive_mirror,19,aligned_d2,mirror_view_plus_residual,2,8.807940332644648e-08,False,7084,166715392
development_t0.0001,31402,adaptive_mirror,20,aligned_d2,mirror_view_plus_residual,2,1.4595900665881345e-06,False,7084,166715392
development_t0.0001,31402,adaptive_mirror,21,aligned_d2,mirror_view_plus_residual,2,1.2625105227925815e-06,False,7084,166715392
development_t0.0001,31402,adaptive_mirror,22,aligned_d2,mirror_view_plus_residual,2,1.3741966995439725e-06,False,7084,166715392
development_t0.0001,31402,adaptive_mirror,23,aligned_d2,mirror_view_plus_residual,2,8.436909979536722e-07,False,7084,166715392
development_t0.0001,31402,adaptive_mirror,24,aligned_d2,mirror_view_plus_residual,2,8.087391023536838e-08,False,7084,166715392
development_t0.0001,31402,adaptive_mirror,25,aligned_d2,mirror_view_plus_residual,2,1.3973146906209877e-07,False,7084,166715392
development_t0.0001,31402,adaptive_mirror,26,aligned_d2,mirror_view_plus_residual,2,1.6282305068671121e-06,False,7084,166715392
development_t0.0001,31402,adaptive_mirror,27,aligned_d2,mirror_view_plus_residual,2,1.0781363926071208e-06,False,7084,166715392
development_t0.0001,31402,adaptive_mirror,28,aligned_d2,mirror_view_plus_residual,2,4.299073452784796e-08,False,7084,166715392
development_t0.0001,31402,adaptive_mirror,29,aligned_d2,mirror_view_plus_residual,2,2.080730965303701e-08,False,7084,166715392
development_t0.0001,31402,adaptive_mirror,30,aligned_d2,mirror_view_plus_residual,2,1.9748722479562275e-07,False,7084,166715392
development_t0.0001,31402,adaptive_mirror,31,aligned_d2,mirror_view_plus_residual,2,9.574062431738639e-08,False,7084,166715392
development_t0.0001,31402,adaptive_mirror,32,aligned_d4,mirror_view_plus_residual,4,2.0244036136318755e-07,False,7084,166715392
development_t0.0001,31402,adaptive_mirror,33,aligned_d4,mirror_view_plus_residual,4,7.829138226611576e-09,False,7084,166715392
development_t0.0001,31402,adaptive_mirror,34,aligned_d4,mirror_view_plus_residual,4,1.0980827482853783e-06,False,7084,166715392
development_t0.0001,31402,adaptive_mirror,35,aligned_d4,mirror_view_plus_residual,4,1.1094229535046907e-08,False,7084,166715392
development_t0.0001,31402,adaptive_mirror,36,aligned_d4,mirror_view_plus_residual,4,5.6395496272898527e-08,False,7084,166715392
development_t0.0001,31402,adaptive_mirror,37,aligned_d4,mirror_view_plus_residual,4,1.1734839233668026e-07,False,7084,166715392
development_t0.0001,31402,adaptive_mirror,38,aligned_d4,mirror_view_plus_residual,4,1.0865543345062179e-06,False,7084,166715392
development_t0.0001,31402,adaptive_mirror,39,aligned_d4,mirror_view_plus_residual,4,1.4844083580101142e-06,False,7084,166715392
development_t0.0001,31402,adaptive_mirror,40,aligned_d4,mirror_view_plus_residual,4,8.454720727968379e-07,False,7084,166715392
development_t0.0001,31402,adaptive_mirror,41,aligned_d4,mirror_view_plus_residual,4,1.2616128515219316e-06,False,7084,166715392
development_t0.0001,31402,adaptive_mirror,42,aligned_d4,mirror_view_plus_residual,4,2.9743137730520175e-08,False,7084,166715392
development_t0.0001,31402,adaptive_mirror,43,aligned_d4,mirror_view_plus_residual,4,7.062394757895163e-08,False,7084,166715392
development_t0.0001,31402,adaptive_mirror,44,aligned_d4,mirror_view_plus_residual,4,1.5471679049028353e-08,False,7084,166715392
development_t0.0001,31402,adaptive_mirror,45,aligned_d4,mirror_view_plus_residual,4,9.317646032513949e-08,False,7084,166715392
development_t0.0001,31402,adaptive_mirror,46,aligned_d4,mirror_view_plus_residual,4,2.6098150556208566e-06,False,7084,166715392
development_t0.0001,31402,adaptive_mirror,47,aligned_d4,mirror_view_plus_residual,4,2.041309760114629e-10,False,7084,166715392
development_t0.0001,31402,adaptive_mirror,48,aligned_d4,mirror_view_plus_residual,4,1.8883057464336162e-06,False,7084,166715392
development_t0.0001,31402,adaptive_mirror,49,aligned_d4,mirror_view_plus_residual,4,5.361076915733065e-08,False,7084,166715392
development_t0.0001,31402,adaptive_mirror,50,aligned_d4,mirror_view_plus_residual,4,2.3929135295475135e-07,False,7084,166715392
development_t0.0001,31402,adaptive_mirror,51,aligned_d4,mirror_view_plus_residual,4,2.156439222744666e-06,False,7084,166715392
development_t0.0001,31402,adaptive_mirror,52,aligned_d4,mirror_view_plus_residual,4,8.771343118496588e-07,False,7084,166715392
development_t0.0001,31402,adaptive_mirror,53,aligned_d4,mirror_view_plus_residual,4,2.7283257963972574e-07,False,7084,166715392
development_t0.0001,31402,adaptive_mirror,54,aligned_d4,mirror_view_plus_residual,4,1.7607659774654394e-09,False,7084,166715392
development_t0.0001,31402,adaptive_mirror,55,aligned_d4,mirror_view_plus_residual,4,4.672008628858748e-07,False,7084,166715392
development_t0.0001,31402,adaptive_mirror,56,aligned_d4,mirror_view_plus_residual,4,3.016264997768303e-07,False,7084,166715392
development_t0.0001,31402,adaptive_mirror,57,aligned_d4,mirror_view_plus_residual,4,1.44999191320494e-07,False,7084,166715392
development_t0.0001,31402,adaptive_mirror,58,aligned_d4,mirror_view_plus_residual,4,6.408506436628159e-08,False,7084,166715392
development_t0.0001,31402,adaptive_mirror,59,aligned_d4,mirror_view_plus_residual,4,6.812452397753077e-07,False,7084,166715392
development_t0.0001,31402,adaptive_mirror,60,aligned_d4,mirror_view_plus_residual,4,1.1770708852054668e-06,False,7084,166715392
development_t0.0001,31402,adaptive_mirror,61,aligned_d4,mirror_view_plus_residual,4,5.211306586261344e-08,False,7084,166715392
development_t0.0001,31402,adaptive_mirror,62,aligned_d4,mirror_view_plus_residual,4,1.1282321565886377e-06,False,7084,166715392
development_t0.0001,31402,adaptive_mirror,63,aligned_d4,mirror_view_plus_residual,4,1.5444818757259782e-08,False,7084,166715392
development_t0.0001,31402,adaptive_mirror,64,aligned_d8,mirror_view_plus_residual,8,1.2712587249552598e-06,False,7084,166715392
development_t0.0001,31402,adaptive_mirror,65,aligned_d8,mirror_view_plus_residual,8,1.0251778093106623e-07,False,7084,166715392
development_t0.0001,31402,adaptive_mirror,66,aligned_d8,mirror_view_plus_residual,8,9.686947350928676e-07,False,7084,166715392
development_t0.0001,31402,adaptive_mirror,67,aligned_d8,mirror_view_plus_residual,8,7.695315389355528e-07,False,7084,166715392
development_t0.0001,31402,adaptive_mirror,68,aligned_d8,mirror_view_plus_residual,8,1.1591974953262252e-06,False,7084,166715392
development_t0.0001,31402,adaptive_mirror,69,aligned_d8,mirror_view_plus_residual,8,1.0810728099386324e-06,False,7084,166715392
development_t0.0001,31402,adaptive_mirror,70,aligned_d8,mirror_view_plus_residual,8,6.888534471727326e-07,False,7084,166715392
development_t0.0001,31402,adaptive_mirror,71,aligned_d8,mirror_view_plus_residual,8,1.4380972856997687e-07,False,7084,166715392
development_t0.0001,31402,adaptive_mirror,72,aligned_d8,mirror_view_plus_residual,8,1.343765916317352e-06,False,7084,166715392
development_t0.0001,31402,adaptive_mirror,73,aligned_d8,mirror_view_plus_residual,8,9.450862989979214e-07,False,7084,166715392
development_t0.0001,31402,adaptive_mirror,74,aligned_d8,mirror_view_plus_residual,8,1.99523151422909e-06,False,7084,166715392
development_t0.0001,31402,adaptive_mirror,75,aligned_d8,mirror_view_plus_residual,8,4.080197013589526e-10,False,7084,166715392
development_t0.0001,31402,adaptive_mirror,76,aligned_d8,mirror_view_plus_residual,8,1.3020251117268344e-06,False,7084,166715392
development_t0.0001,31402,adaptive_mirror,77,aligned_d8,mirror_view_plus_residual,8,1.2968267810720135e-06,False,7084,166715392
development_t0.0001,31402,adaptive_mirror,78,aligned_d8,mirror_view_plus_residual,8,5.93965090445181e-08,False,7084,166715392
development_t0.0001,31402,adaptive_mirror,79,aligned_d8,mirror_view_plus_residual,8,1.0473713700775988e-06,False,7084,166715392
development_t0.0001,31402,adaptive_mirror,80,aligned_d8,mirror_view_plus_residual,8,2.423093405923282e-07,False,7084,166715392
development_t0.0001,31402,adaptive_mirror,81,aligned_d8,mirror_view_plus_residual,8,1.6462241774206632e-06,False,7084,166715392
development_t0.0001,31402,adaptive_mirror,82,aligned_d8,mirror_view_plus_residual,8,1.799259507606621e-06,False,7084,166715392
development_t0.0001,31402,adaptive_mirror,83,aligned_d8,mirror_view_plus_residual,8,9.486241197009804e-07,False,7084,166715392
development_t0.0001,31402,adaptive_mirror,84,aligned_d8,mirror_view_plus_residual,8,3.158606887154747e-07,False,7084,166715392
development_t0.0001,31402,adaptive_mirror,85,aligned_d8,mirror_view_plus_residual,8,2.251247906315257e-06,False,7084,166715392
development_t0.0001,31402,adaptive_mirror,86,aligned_d8,mirror_view_plus_residual,8,1.6524293755537656e-07,False,7084,166715392
development_t0.0001,31402,adaptive_mirror,87,aligned_d8,mirror_view_plus_residual,8,1.6377096017095027e-06,False,7084,166715392
development_t0.0001,31402,adaptive_mirror,88,aligned_d8,mirror_view_plus_residual,8,1.7999691408476792e-06,False,7084,166715392
development_t0.0001,31402,adaptive_mirror,89,aligned_d8,mirror_view_plus_residual,8,1.1834054021164775e-06,False,7084,166715392
development_t0.0001,31402,adaptive_mirror,90,aligned_d8,mirror_view_plus_residual,8,5.737495598623354e-07,False,7084,166715392
development_t0.0001,31402,adaptive_mirror,91,aligned_d8,mirror_view_plus_residual,8,1.4915096926415572e-06,False,7084,166715392
development_t0.0001,31402,adaptive_mirror,92,aligned_d8,mirror_view_plus_residual,8,1.3277129937705467e-06,False,7084,166715392
development_t0.0001,31402,adaptive_mirror,93,aligned_d8,mirror_view_plus_residual,8,1.4953745903767413e-06,False,7084,166715392
development_t0.0001,31402,adaptive_mirror,94,aligned_d8,mirror_view_plus_residual,8,2.822858050421928e-06,False,7084,166715392
development_t0.0001,31402,adaptive_mirror,95,aligned_d8,mirror_view_plus_residual,8,1.7853531062428374e-06,False,7084,166715392
development_t0.0001,31402,adaptive_mirror,96,aligned_d16,mirror_view_plus_residual,16,1.4476227079285309e-06,False,7084,166715392
development_t0.0001,31402,adaptive_mirror,97,aligned_d16,mirror_view_plus_residual,16,4.273929050668812e-07,False,7084,166715392
development_t0.0001,31402,adaptive_mirror,98,aligned_d16,mirror_view_plus_residual,16,2.5525176283736073e-07,False,7084,166715392
development_t0.0001,31402,adaptive_mirror,99,aligned_d16,mirror_view_plus_residual,16,1.5383899665266654e-07,False,7084,166715392
development_t0.0001,31402,adaptive_mirror,100,aligned_d16,mirror_view_plus_residual,16,5.744030318055593e-07,False,7084,166715392
development_t0.0001,31402,adaptive_mirror,101,aligned_d16,mirror_view_plus_residual,16,3.5663781261519034e-08,False,7084,166715392
development_t0.0001,31402,adaptive_mirror,102,aligned_d16,mirror_view_plus_residual,16,8.974737397693389e-08,False,7084,166715392
development_t0.0001,31402,adaptive_mirror,103,aligned_d16,mirror_view_plus_residual,16,8.569251122025889e-07,False,7084,166715392
development_t0.0001,31402,adaptive_mirror,104,aligned_d16,mirror_view_plus_residual,16,2.515776031941641e-06,False,7084,166715392
development_t0.0001,31402,adaptive_mirror,105,aligned_d16,mirror_view_plus_residual,16,1.3167186807550024e-06,False,7084,166715392
development_t0.0001,31402,adaptive_mirror,106,aligned_d16,mirror_view_plus_residual,16,5.10766710704047e-07,False,7084,166715392
development_t0.0001,31402,adaptive_mirror,107,aligned_d16,mirror_view_plus_residual,16,1.8658996623344137e-06,False,7084,166715392
development_t0.0001,31402,adaptive_mirror,108,aligned_d16,mirror_view_plus_residual,16,3.253423130900046e-08,False,7084,166715392
development_t0.0001,31402,adaptive_mirror,109,aligned_d16,mirror_view_plus_residual,16,1.1918453779458105e-08,False,7084,166715392
development_t0.0001,31402,adaptive_mirror,110,aligned_d16,mirror_view_plus_residual,16,3.727955721899434e-09,False,7084,166715392
development_t0.0001,31402,adaptive_mirror,111,aligned_d16,mirror_view_plus_residual,16,9.633290574129205e-07,False,7084,166715392
development_t0.0001,31402,adaptive_mirror,112,aligned_d16,mirror_view_plus_residual,16,2.2098670626746753e-07,False,7084,166715392
development_t0.0001,31402,adaptive_mirror,113,aligned_d16,mirror_view_plus_residual,16,4.963571882399265e-07,False,7084,166715392
development_t0.0001,31402,adaptive_mirror,114,aligned_d16,mirror_view_plus_residual,16,1.8047760477202246e-06,False,7084,166715392
development_t0.0001,31402,adaptive_mirror,115,aligned_d16,mirror_view_plus_residual,16,2.026535206312019e-08,False,7084,166715392
development_t0.0001,31402,adaptive_mirror,116,aligned_d16,mirror_view_plus_residual,16,1.5028678745920843e-08,False,7084,166715392
development_t0.0001,31402,adaptive_mirror,117,aligned_d16,mirror_view_plus_residual,16,8.566874498683319e-07,False,7084,166715392
development_t0.0001,31402,adaptive_mirror,118,aligned_d16,mirror_view_plus_residual,16,2.518324436096009e-06,False,7084,166715392
development_t0.0001,31402,adaptive_mirror,119,aligned_d16,mirror_view_plus_residual,16,1.513700595978662e-07,False,7084,166715392
development_t0.0001,31402,adaptive_mirror,120,aligned_d16,mirror_view_plus_residual,16,2.052759327852982e-06,False,7084,166715392
development_t0.0001,31402,adaptive_mirror,121,aligned_d16,mirror_view_plus_residual,16,2.486563346337789e-07,False,7084,166715392
development_t0.0001,31402,adaptive_mirror,122,aligned_d16,mirror_view_plus_residual,16,1.219103864968929e-06,False,7084,166715392
development_t0.0001,31402,adaptive_mirror,123,aligned_d16,mirror_view_plus_residual,16,2.912361878770753e-06,False,7084,166715392
development_t0.0001,31402,adaptive_mirror,124,aligned_d16,mirror_view_plus_residual,16,1.9998516620489681e-07,False,7084,166715392
development_t0.0001,31402,adaptive_mirror,125,aligned_d16,mirror_view_plus_residual,16,1.5160255770751974e-06,False,7084,166715392
development_t0.0001,31402,adaptive_mirror,126,aligned_d16,mirror_view_plus_residual,16,8.001741207408486e-07,False,7084,166715392
development_t0.0001,31402,adaptive_mirror,127,aligned_d16,mirror_view_plus_residual,16,2.08108804145013e-06,False,7084,166715392
development_t0.0001,31402,adaptive_mirror,128,unrelated,private_full_intrinsic_fallback,16,1.167432222805775e-14,True,7084,166715392
development_t0.0001,31402,adaptive_mirror,129,unrelated,private_full_intrinsic_fallback,16,8.767429666924238e-15,True,7084,166715392
development_t0.0001,31402,adaptive_mirror,130,unrelated,private_full_intrinsic_fallback,16,1.113226688159415e-14,True,7084,166715392
development_t0.0001,31402,adaptive_mirror,131,unrelated,private_full_intrinsic_fallback,16,9.886892973970992e-15,True,7084,166715392
development_t0.0001,31402,adaptive_mirror,132,unrelated,private_full_intrinsic_fallback,16,8.231218847796692e-15,True,7084,166715392
development_t0.0001,31402,adaptive_mirror,133,unrelated,private_full_intrinsic_fallback,16,1.020874601216984e-14,True,7084,166715392
development_t0.0001,31402,adaptive_mirror,134,unrelated,private_full_intrinsic_fallback,16,1.4131343732443243e-14,True,7084,166715392
development_t0.0001,31402,adaptive_mirror,135,unrelated,private_full_intrinsic_fallback,16,2.6556173574185035e-14,True,7084,166715392
development_t0.0001,31402,adaptive_mirror,136,unrelated,mirror_view_plus_residual,16,7.034542795736343e-05,False,7084,166715392
development_t0.0001,31402,adaptive_mirror,137,unrelated,private_full_intrinsic_fallback,16,1.8546191261881693e-14,True,7084,166715392
development_t0.0001,31402,adaptive_mirror,138,unrelated,private_full_intrinsic_fallback,16,8.540130069594441e-15,True,7084,166715392
development_t0.0001,31402,adaptive_mirror,139,unrelated,private_full_intrinsic_fallback,16,1.3932213909840282e-14,True,7084,166715392
development_t0.0001,31402,adaptive_mirror,140,unrelated,private_full_intrinsic_fallback,16,1.3718395688898984e-14,True,7084,166715392
development_t0.0001,31402,adaptive_mirror,141,unrelated,private_full_intrinsic_fallback,16,1.2495818826018228e-14,True,7084,166715392
development_t0.0001,31402,adaptive_mirror,142,unrelated,private_full_intrinsic_fallback,16,1.5255617339597453e-14,True,7084,166715392
development_t0.0001,31402,adaptive_mirror,143,unrelated,private_full_intrinsic_fallback,16,1.3298636653425854e-14,True,7084,166715392
development_t0.0001,31402,adaptive_mirror,144,unrelated,private_full_intrinsic_fallback,16,1.9288873138166053e-14,True,7084,166715392
development_t0.0001,31402,adaptive_mirror,145,unrelated,private_full_intrinsic_fallback,16,9.612708408944775e-15,True,7084,166715392
development_t0.0001,31402,adaptive_mirror,146,unrelated,private_full_intrinsic_fallback,16,1.5530791239106063e-14,True,7084,166715392
development_t0.0001,31402,adaptive_mirror,147,unrelated,private_full_intrinsic_fallback,16,7.616634611158548e-15,True,7084,166715392
development_t0.0001,31402,adaptive_mirror,148,unrelated,private_full_intrinsic_fallback,16,1.427838187582301e-14,True,7084,166715392
development_t0.0001,31402,adaptive_mirror,149,unrelated,private_full_intrinsic_fallback,16,2.097820750663129e-14,True,7084,166715392
development_t0.0001,31402,adaptive_mirror,150,unrelated,private_full_intrinsic_fallback,16,2.244742511715945e-14,True,7084,166715392
development_t0.0001,31402,adaptive_mirror,151,unrelated,private_full_intrinsic_fallback,16,1.431620359098381e-14,True,7084,166715392
development_t0.0001,31402,adaptive_mirror,152,unrelated,private_full_intrinsic_fallback,16,9.83249058886769e-15,True,7084,166715392
development_t0.0001,31402,adaptive_mirror,153,unrelated,private_full_intrinsic_fallback,16,1.3722683369677986e-14,True,7084,166715392
development_t0.0001,31402,adaptive_mirror,154,unrelated,private_full_intrinsic_fallback,16,9.506489630326138e-15,True,7084,166715392
development_t0.0001,31402,adaptive_mirror,155,unrelated,private_full_intrinsic_fallback,16,1.5220130047239287e-14,True,7084,166715392
development_t0.0001,31402,adaptive_mirror,156,unrelated,private_full_intrinsic_fallback,16,1.1771008497887987e-14,True,7084,166715392
development_t0.0001,31402,adaptive_mirror,157,unrelated,private_full_intrinsic_fallback,16,1.7336574003093928e-14,True,7084,166715392
development_t0.0001,31402,adaptive_mirror,158,unrelated,private_full_intrinsic_fallback,16,2.1172154334630003e-14,True,7084,166715392
development_t0.0001,31402,adaptive_mirror,159,unrelated,private_full_intrinsic_fallback,16,1.8784791972793757e-14,True,7084,166715392
development_t0.001,31402,adaptive_direct,0,aligned_d2,intrinsic_coefficients,2,5.161747206283663e-15,False,6690,1600512
development_t0.001,31402,adaptive_direct,1,aligned_d2,intrinsic_coefficients,2,1.0840953616308557e-14,False,6690,1600512
development_t0.001,31402,adaptive_direct,2,aligned_d2,intrinsic_coefficients,2,3.531255369631234e-15,False,6690,1600512
development_t0.001,31402,adaptive_direct,3,aligned_d2,intrinsic_coefficients,2,5.897079377684697e-15,False,6690,1600512
development_t0.001,31402,adaptive_direct,4,aligned_d2,intrinsic_coefficients,2,8.324012154201348e-15,False,6690,1600512
development_t0.001,31402,adaptive_direct,5,aligned_d2,intrinsic_coefficients,2,3.0178504890920367e-15,False,6690,1600512
development_t0.001,31402,adaptive_direct,6,aligned_d2,intrinsic_coefficients,2,4.612285403729271e-15,False,6690,1600512
development_t0.001,31402,adaptive_direct,7,aligned_d2,intrinsic_coefficients,2,4.4793859343050715e-15,False,6690,1600512
development_t0.001,31402,adaptive_direct,8,aligned_d2,intrinsic_coefficients,2,5.2395145717205015e-15,False,6690,1600512
development_t0.001,31402,adaptive_direct,9,aligned_d2,intrinsic_coefficients,2,4.176354391710688e-15,False,6690,1600512
development_t0.001,31402,adaptive_direct,10,aligned_d2,intrinsic_coefficients,2,1.732046745984365e-15,False,6690,1600512
development_t0.001,31402,adaptive_direct,11,aligned_d2,intrinsic_coefficients,2,5.329580855551472e-15,False,6690,1600512
development_t0.001,31402,adaptive_direct,12,aligned_d2,intrinsic_coefficients,2,2.3322217875194114e-15,False,6690,1600512
development_t0.001,31402,adaptive_direct,13,aligned_d2,intrinsic_coefficients,2,6.256406424019496e-15,False,6690,1600512
development_t0.001,31402,adaptive_direct,14,aligned_d2,intrinsic_coefficients,2,2.322421828077916e-15,False,6690,1600512
development_t0.001,31402,adaptive_direct,15,aligned_d2,intrinsic_coefficients,2,1.4023009489038838e-15,False,6690,1600512
development_t0.001,31402,adaptive_direct,16,aligned_d2,intrinsic_coefficients,2,4.875098551438599e-15,False,6690,1600512
development_t0.001,31402,adaptive_direct,17,aligned_d2,intrinsic_coefficients,2,2.082536379943104e-15,False,6690,1600512
development_t0.001,31402,adaptive_direct,18,aligned_d2,intrinsic_coefficients,2,3.0961934134165342e-15,False,6690,1600512
development_t0.001,31402,adaptive_direct,19,aligned_d2,intrinsic_coefficients,2,2.5668945948968203e-15,False,6690,1600512
development_t0.001,31402,adaptive_direct,20,aligned_d2,intrinsic_coefficients,2,2.7222567428074936e-15,False,6690,1600512
development_t0.001,31402,adaptive_direct,21,aligned_d2,intrinsic_coefficients,2,2.8323996133125225e-15,False,6690,1600512
development_t0.001,31402,adaptive_direct,22,aligned_d2,intrinsic_coefficients,2,2.1965995306862628e-15,False,6690,1600512
development_t0.001,31402,adaptive_direct,23,aligned_d2,intrinsic_coefficients,2,3.910810833295886e-15,False,6690,1600512
development_t0.001,31402,adaptive_direct,24,aligned_d2,intrinsic_coefficients,2,4.602583064834947e-15,False,6690,1600512
development_t0.001,31402,adaptive_direct,25,aligned_d2,intrinsic_coefficients,2,4.679403447436755e-15,False,6690,1600512
development_t0.001,31402,adaptive_direct,26,aligned_d2,intrinsic_coefficients,2,4.987912328584558e-15,False,6690,1600512
development_t0.001,31402,adaptive_direct,27,aligned_d2,intrinsic_coefficients,2,7.075835838072199e-15,False,6690,1600512
development_t0.001,31402,adaptive_direct,28,aligned_d2,intrinsic_coefficients,2,2.1195521432545907e-15,False,6690,1600512
development_t0.001,31402,adaptive_direct,29,aligned_d2,intrinsic_coefficients,2,3.92608622546667e-15,False,6690,1600512
development_t0.001,31402,adaptive_direct,30,aligned_d2,intrinsic_coefficients,2,4.260499068207404e-15,False,6690,1600512
development_t0.001,31402,adaptive_direct,31,aligned_d2,intrinsic_coefficients,2,7.342179842622157e-15,False,6690,1600512
development_t0.001,31402,adaptive_direct,32,aligned_d4,intrinsic_coefficients,4,1.0589217118450473e-14,False,6690,1600512
development_t0.001,31402,adaptive_direct,33,aligned_d4,intrinsic_coefficients,2,0.00018007177277468145,False,6690,1600512
development_t0.001,31402,adaptive_direct,34,aligned_d4,intrinsic_coefficients,4,1.7776099399424185e-14,False,6690,1600512
development_t0.001,31402,adaptive_direct,35,aligned_d4,intrinsic_coefficients,4,6.506030421707127e-15,False,6690,1600512
development_t0.001,31402,adaptive_direct,36,aligned_d4,intrinsic_coefficients,2,0.00024993944680318236,False,6690,1600512
development_t0.001,31402,adaptive_direct,37,aligned_d4,intrinsic_coefficients,2,0.0001160219035227783,False,6690,1600512
development_t0.001,31402,adaptive_direct,38,aligned_d4,intrinsic_coefficients,4,7.008503071512587e-15,False,6690,1600512
development_t0.001,31402,adaptive_direct,39,aligned_d4,intrinsic_coefficients,2,0.00037168822018429637,False,6690,1600512
development_t0.001,31402,adaptive_direct,40,aligned_d4,intrinsic_coefficients,4,4.039206205023061e-15,False,6690,1600512
development_t0.001,31402,adaptive_direct,41,aligned_d4,intrinsic_coefficients,4,4.7769015983469346e-15,False,6690,1600512
development_t0.001,31402,adaptive_direct,42,aligned_d4,intrinsic_coefficients,2,0.0004944673273712397,False,6690,1600512
development_t0.001,31402,adaptive_direct,43,aligned_d4,intrinsic_coefficients,4,8.101671934777725e-15,False,6690,1600512
development_t0.001,31402,adaptive_direct,44,aligned_d4,intrinsic_coefficients,4,3.1741750781890277e-15,False,6690,1600512
development_t0.001,31402,adaptive_direct,45,aligned_d4,intrinsic_coefficients,4,1.2197980018906988e-14,False,6690,1600512
development_t0.001,31402,adaptive_direct,46,aligned_d4,intrinsic_coefficients,4,3.4573231576213266e-15,False,6690,1600512
development_t0.001,31402,adaptive_direct,47,aligned_d4,intrinsic_coefficients,4,4.033644586691389e-15,False,6690,1600512
development_t0.001,31402,adaptive_direct,48,aligned_d4,intrinsic_coefficients,4,2.259972841733935e-15,False,6690,1600512
development_t0.001,31402,adaptive_direct,49,aligned_d4,intrinsic_coefficients,4,7.947996441223272e-15,False,6690,1600512
development_t0.001,31402,adaptive_direct,50,aligned_d4,intrinsic_coefficients,2,0.0002271462872158736,False,6690,1600512
development_t0.001,31402,adaptive_direct,51,aligned_d4,intrinsic_coefficients,4,9.054582306372919e-15,False,6690,1600512
development_t0.001,31402,adaptive_direct,52,aligned_d4,intrinsic_coefficients,2,0.0005445982678793371,False,6690,1600512
development_t0.001,31402,adaptive_direct,53,aligned_d4,intrinsic_coefficients,4,2.9140521071201794e-15,False,6690,1600512
development_t0.001,31402,adaptive_direct,54,aligned_d4,intrinsic_coefficients,4,5.9824878273387165e-15,False,6690,1600512
development_t0.001,31402,adaptive_direct,55,aligned_d4,intrinsic_coefficients,4,3.4004764471904855e-15,False,6690,1600512
development_t0.001,31402,adaptive_direct,56,aligned_d4,intrinsic_coefficients,4,6.8321177776092985e-15,False,6690,1600512
development_t0.001,31402,adaptive_direct,57,aligned_d4,intrinsic_coefficients,2,0.0005649649538099766,False,6690,1600512
development_t0.001,31402,adaptive_direct,58,aligned_d4,intrinsic_coefficients,4,6.758265821971143e-15,False,6690,1600512
development_t0.001,31402,adaptive_direct,59,aligned_d4,intrinsic_coefficients,4,3.4048155852210325e-15,False,6690,1600512
development_t0.001,31402,adaptive_direct,60,aligned_d4,intrinsic_coefficients,4,3.5164613039327273e-15,False,6690,1600512
development_t0.001,31402,adaptive_direct,61,aligned_d4,intrinsic_coefficients,4,2.23070912395572e-15,False,6690,1600512
development_t0.001,31402,adaptive_direct,62,aligned_d4,intrinsic_coefficients,4,7.698839158689578e-15,False,6690,1600512
development_t0.001,31402,adaptive_direct,63,aligned_d4,intrinsic_coefficients,2,0.0006762395496480167,False,6690,1600512
development_t0.001,31402,adaptive_direct,64,aligned_d8,intrinsic_coefficients,8,6.037908346044618e-15,False,6690,1600512
development_t0.001,31402,adaptive_direct,65,aligned_d8,intrinsic_coefficients,8,7.798055515933263e-15,False,6690,1600512
development_t0.001,31402,adaptive_direct,66,aligned_d8,intrinsic_coefficients,8,1.068661913112114e-14,False,6690,1600512
development_t0.001,31402,adaptive_direct,67,aligned_d8,intrinsic_coefficients,8,7.65434112983852e-15,False,6690,1600512
development_t0.001,31402,adaptive_direct,68,aligned_d8,intrinsic_coefficients,8,4.749315005804283e-15,False,6690,1600512
development_t0.001,31402,adaptive_direct,69,aligned_d8,intrinsic_coefficients,8,6.849499740719904e-15,False,6690,1600512
development_t0.001,31402,adaptive_direct,70,aligned_d8,intrinsic_coefficients,8,2.093045729477925e-15,False,6690,1600512
development_t0.001,31402,adaptive_direct,71,aligned_d8,intrinsic_coefficients,8,8.720905535263349e-15,False,6690,1600512
development_t0.001,31402,adaptive_direct,72,aligned_d8,intrinsic_coefficients,8,5.9267382363328066e-15,False,6690,1600512
development_t0.001,31402,adaptive_direct,73,aligned_d8,intrinsic_coefficients,8,2.6534617856226834e-15,False,6690,1600512
development_t0.001,31402,adaptive_direct,74,aligned_d8,intrinsic_coefficients,8,9.953393530659927e-15,False,6690,1600512
development_t0.001,31402,adaptive_direct,75,aligned_d8,intrinsic_coefficients,8,8.80661425809717e-15,False,6690,1600512
development_t0.001,31402,adaptive_direct,76,aligned_d8,intrinsic_coefficients,4,0.0009856196120381355,False,6690,1600512
development_t0.001,31402,adaptive_direct,77,aligned_d8,intrinsic_coefficients,8,6.7657091239951405e-15,False,6690,1600512
development_t0.001,31402,adaptive_direct,78,aligned_d8,intrinsic_coefficients,8,1.0007041209407225e-14,False,6690,1600512
development_t0.001,31402,adaptive_direct,79,aligned_d8,intrinsic_coefficients,8,1.1108492360830616e-14,False,6690,1600512
development_t0.001,31402,adaptive_direct,80,aligned_d8,intrinsic_coefficients,8,4.450870146619282e-15,False,6690,1600512
development_t0.001,31402,adaptive_direct,81,aligned_d8,intrinsic_coefficients,8,7.544375077461231e-15,False,6690,1600512
development_t0.001,31402,adaptive_direct,82,aligned_d8,intrinsic_coefficients,8,1.0418040230139852e-14,False,6690,1600512
development_t0.001,31402,adaptive_direct,83,aligned_d8,intrinsic_coefficients,8,1.2162331790288843e-14,False,6690,1600512
development_t0.001,31402,adaptive_direct,84,aligned_d8,intrinsic_coefficients,8,6.805888131848148e-15,False,6690,1600512
development_t0.001,31402,adaptive_direct,85,aligned_d8,intrinsic_coefficients,8,1.2076170751861189e-14,False,6690,1600512
development_t0.001,31402,adaptive_direct,86,aligned_d8,intrinsic_coefficients,8,8.787068972839276e-15,False,6690,1600512
development_t0.001,31402,adaptive_direct,87,aligned_d8,intrinsic_coefficients,8,7.388620118021268e-15,False,6690,1600512
development_t0.001,31402,adaptive_direct,88,aligned_d8,intrinsic_coefficients,8,1.2916677310256895e-14,False,6690,1600512
development_t0.001,31402,adaptive_direct,89,aligned_d8,intrinsic_coefficients,8,8.386258064396225e-15,False,6690,1600512
development_t0.001,31402,adaptive_direct,90,aligned_d8,intrinsic_coefficients,8,1.107024119996556e-14,False,6690,1600512
development_t0.001,31402,adaptive_direct,91,aligned_d8,intrinsic_coefficients,8,3.2260300117034624e-15,False,6690,1600512
development_t0.001,31402,adaptive_direct,92,aligned_d8,intrinsic_coefficients,8,8.991020106978009e-15,False,6690,1600512
development_t0.001,31402,adaptive_direct,93,aligned_d8,intrinsic_coefficients,8,8.952622409413077e-15,False,6690,1600512
development_t0.001,31402,adaptive_direct,94,aligned_d8,intrinsic_coefficients,8,9.194000541359187e-15,False,6690,1600512
development_t0.001,31402,adaptive_direct,95,aligned_d8,intrinsic_coefficients,8,6.756947415188742e-15,False,6690,1600512
development_t0.001,31402,adaptive_direct,96,aligned_d16,intrinsic_coefficients,16,8.490162749002963e-15,False,6690,1600512
development_t0.001,31402,adaptive_direct,97,aligned_d16,intrinsic_coefficients,16,1.785580350569492e-14,False,6690,1600512
development_t0.001,31402,adaptive_direct,98,aligned_d16,intrinsic_coefficients,16,1.5376697311275667e-14,False,6690,1600512
development_t0.001,31402,adaptive_direct,99,aligned_d16,intrinsic_coefficients,16,1.1200401364838339e-14,False,6690,1600512
development_t0.001,31402,adaptive_direct,100,aligned_d16,intrinsic_coefficients,16,1.7211365592830798e-14,False,6690,1600512
development_t0.001,31402,adaptive_direct,101,aligned_d16,intrinsic_coefficients,16,1.490042423756173e-14,False,6690,1600512
development_t0.001,31402,adaptive_direct,102,aligned_d16,intrinsic_coefficients,16,1.1780915395239074e-14,False,6690,1600512
development_t0.001,31402,adaptive_direct,103,aligned_d16,intrinsic_coefficients,16,9.71455310942379e-15,False,6690,1600512
development_t0.001,31402,adaptive_direct,104,aligned_d16,intrinsic_coefficients,16,8.84522201983302e-15,False,6690,1600512
development_t0.001,31402,adaptive_direct,105,aligned_d16,intrinsic_coefficients,16,4.6847605073116645e-15,False,6690,1600512
development_t0.001,31402,adaptive_direct,106,aligned_d16,intrinsic_coefficients,16,1.0947008070535426e-14,False,6690,1600512
development_t0.001,31402,adaptive_direct,107,aligned_d16,intrinsic_coefficients,16,1.908917326238959e-14,False,6690,1600512
development_t0.001,31402,adaptive_direct,108,aligned_d16,intrinsic_coefficients,16,1.3694328941768648e-14,False,6690,1600512
development_t0.001,31402,adaptive_direct,109,aligned_d16,intrinsic_coefficients,16,4.2003499880734554e-15,False,6690,1600512
development_t0.001,31402,adaptive_direct,110,aligned_d16,intrinsic_coefficients,16,1.0101294800612948e-14,False,6690,1600512
development_t0.001,31402,adaptive_direct,111,aligned_d16,intrinsic_coefficients,16,1.0678451192410766e-14,False,6690,1600512
development_t0.001,31402,adaptive_direct,112,aligned_d16,intrinsic_coefficients,16,1.722683241444766e-14,False,6690,1600512
development_t0.001,31402,adaptive_direct,113,aligned_d16,intrinsic_coefficients,16,1.3707780672003993e-14,False,6690,1600512
development_t0.001,31402,adaptive_direct,114,aligned_d16,intrinsic_coefficients,16,4.993881369763859e-15,False,6690,1600512
development_t0.001,31402,adaptive_direct,115,aligned_d16,intrinsic_coefficients,16,5.953714118120488e-15,False,6690,1600512
development_t0.001,31402,adaptive_direct,116,aligned_d16,intrinsic_coefficients,16,6.2943725582978016e-15,False,6690,1600512
development_t0.001,31402,adaptive_direct,117,aligned_d16,intrinsic_coefficients,16,1.4611691034633473e-14,False,6690,1600512
development_t0.001,31402,adaptive_direct,118,aligned_d16,intrinsic_coefficients,16,1.7112393181075922e-14,False,6690,1600512
development_t0.001,31402,adaptive_direct,119,aligned_d16,intrinsic_coefficients,16,1.456280198698385e-14,False,6690,1600512
development_t0.001,31402,adaptive_direct,120,aligned_d16,intrinsic_coefficients,16,8.906769127846412e-15,False,6690,1600512
development_t0.001,31402,adaptive_direct,121,aligned_d16,intrinsic_coefficients,16,8.75329099296867e-15,False,6690,1600512
development_t0.001,31402,adaptive_direct,122,aligned_d16,intrinsic_coefficients,16,1.0558045458958568e-14,False,6690,1600512
development_t0.001,31402,adaptive_direct,123,aligned_d16,intrinsic_coefficients,16,1.4503858658250317e-14,False,6690,1600512
development_t0.001,31402,adaptive_direct,124,aligned_d16,intrinsic_coefficients,16,1.4013932260459588e-14,False,6690,1600512
development_t0.001,31402,adaptive_direct,125,aligned_d16,intrinsic_coefficients,16,6.033027742202539e-15,False,6690,1600512
development_t0.001,31402,adaptive_direct,126,aligned_d16,intrinsic_coefficients,16,7.399883962153856e-15,False,6690,1600512
development_t0.001,31402,adaptive_direct,127,aligned_d16,intrinsic_coefficients,16,1.0802480532811319e-14,False,6690,1600512
development_t0.001,31402,adaptive_direct,128,unrelated,intrinsic_coefficients,16,1.167432222805775e-14,False,6690,1600512
development_t0.001,31402,adaptive_direct,129,unrelated,intrinsic_coefficients,16,8.767429666924238e-15,False,6690,1600512
development_t0.001,31402,adaptive_direct,130,unrelated,intrinsic_coefficients,16,1.113226688159415e-14,False,6690,1600512
development_t0.001,31402,adaptive_direct,131,unrelated,intrinsic_coefficients,16,9.886892973970992e-15,False,6690,1600512
development_t0.001,31402,adaptive_direct,132,unrelated,intrinsic_coefficients,16,8.231218847796692e-15,False,6690,1600512
development_t0.001,31402,adaptive_direct,133,unrelated,intrinsic_coefficients,16,1.020874601216984e-14,False,6690,1600512
development_t0.001,31402,adaptive_direct,134,unrelated,intrinsic_coefficients,16,1.4131343732443243e-14,False,6690,1600512
development_t0.001,31402,adaptive_direct,135,unrelated,intrinsic_coefficients,16,2.6556173574185035e-14,False,6690,1600512
development_t0.001,31402,adaptive_direct,136,unrelated,intrinsic_coefficients,16,7.623471014075837e-15,False,6690,1600512
development_t0.001,31402,adaptive_direct,137,unrelated,intrinsic_coefficients,16,1.8546191261881693e-14,False,6690,1600512
development_t0.001,31402,adaptive_direct,138,unrelated,intrinsic_coefficients,16,8.540130069594441e-15,False,6690,1600512
development_t0.001,31402,adaptive_direct,139,unrelated,intrinsic_coefficients,16,1.3932213909840282e-14,False,6690,1600512
development_t0.001,31402,adaptive_direct,140,unrelated,intrinsic_coefficients,16,1.3718395688898984e-14,False,6690,1600512
development_t0.001,31402,adaptive_direct,141,unrelated,intrinsic_coefficients,16,1.2495818826018228e-14,False,6690,1600512
development_t0.001,31402,adaptive_direct,142,unrelated,intrinsic_coefficients,16,1.5255617339597453e-14,False,6690,1600512
development_t0.001,31402,adaptive_direct,143,unrelated,intrinsic_coefficients,16,1.3298636653425854e-14,False,6690,1600512
development_t0.001,31402,adaptive_direct,144,unrelated,intrinsic_coefficients,16,1.9288873138166053e-14,False,6690,1600512
development_t0.001,31402,adaptive_direct,145,unrelated,intrinsic_coefficients,16,9.612708408944775e-15,False,6690,1600512
development_t0.001,31402,adaptive_direct,146,unrelated,intrinsic_coefficients,16,1.5530791239106063e-14,False,6690,1600512
development_t0.001,31402,adaptive_direct,147,unrelated,intrinsic_coefficients,16,7.616634611158548e-15,False,6690,1600512
development_t0.001,31402,adaptive_direct,148,unrelated,intrinsic_coefficients,16,1.427838187582301e-14,False,6690,1600512
development_t0.001,31402,adaptive_direct,149,unrelated,intrinsic_coefficients,16,2.097820750663129e-14,False,6690,1600512
development_t0.001,31402,adaptive_direct,150,unrelated,intrinsic_coefficients,16,2.244742511715945e-14,False,6690,1600512
development_t0.001,31402,adaptive_direct,151,unrelated,intrinsic_coefficients,16,1.431620359098381e-14,False,6690,1600512
development_t0.001,31402,adaptive_direct,152,unrelated,intrinsic_coefficients,16,9.83249058886769e-15,False,6690,1600512
development_t0.001,31402,adaptive_direct,153,unrelated,intrinsic_coefficients,16,1.3722683369677986e-14,False,6690,1600512
development_t0.001,31402,adaptive_direct,154,unrelated,intrinsic_coefficients,16,9.506489630326138e-15,False,6690,1600512
development_t0.001,31402,adaptive_direct,155,unrelated,intrinsic_coefficients,16,1.5220130047239287e-14,False,6690,1600512
development_t0.001,31402,adaptive_direct,156,unrelated,intrinsic_coefficients,16,1.1771008497887987e-14,False,6690,1600512
development_t0.001,31402,adaptive_direct,157,unrelated,intrinsic_coefficients,16,1.7336574003093928e-14,False,6690,1600512
development_t0.001,31402,adaptive_direct,158,unrelated,intrinsic_coefficients,16,2.1172154334630003e-14,False,6690,1600512
development_t0.001,31402,adaptive_direct,159,unrelated,intrinsic_coefficients,16,1.8784791972793757e-14,False,6690,1600512
development_t0.001,31402,adaptive_mirror,0,aligned_d2,mirror_view_plus_residual,2,4.013248258161184e-07,False,7030,162606336
development_t0.001,31402,adaptive_mirror,1,aligned_d2,mirror_view_plus_residual,2,9.070134154853804e-08,False,7030,162606336
development_t0.001,31402,adaptive_mirror,2,aligned_d2,mirror_view_plus_residual,2,1.1727813165052225e-09,False,7030,162606336
development_t0.001,31402,adaptive_mirror,3,aligned_d2,mirror_view_plus_residual,2,3.4043819141515996e-07,False,7030,162606336
development_t0.001,31402,adaptive_mirror,4,aligned_d2,mirror_view_plus_residual,2,4.4243279262445867e-07,False,7030,162606336
development_t0.001,31402,adaptive_mirror,5,aligned_d2,mirror_view_plus_residual,2,1.0558638905422413e-06,False,7030,162606336
development_t0.001,31402,adaptive_mirror,6,aligned_d2,mirror_view_plus_residual,2,1.995055072256946e-06,False,7030,162606336
development_t0.001,31402,adaptive_mirror,7,aligned_d2,mirror_view_plus_residual,2,3.414879188312625e-07,False,7030,162606336
development_t0.001,31402,adaptive_mirror,8,aligned_d2,mirror_view_plus_residual,2,2.70481223196839e-07,False,7030,162606336
development_t0.001,31402,adaptive_mirror,9,aligned_d2,mirror_view_plus_residual,2,1.0302040891474462e-06,False,7030,162606336
development_t0.001,31402,adaptive_mirror,10,aligned_d2,mirror_view_plus_residual,2,6.190006729411834e-07,False,7030,162606336
development_t0.001,31402,adaptive_mirror,11,aligned_d2,mirror_view_plus_residual,2,9.711200164019829e-07,False,7030,162606336
development_t0.001,31402,adaptive_mirror,12,aligned_d2,mirror_view_plus_residual,2,2.9811204615981524e-09,False,7030,162606336
development_t0.001,31402,adaptive_mirror,13,aligned_d2,mirror_view_plus_residual,2,3.115893321137264e-07,False,7030,162606336
development_t0.001,31402,adaptive_mirror,14,aligned_d2,mirror_view_plus_residual,2,1.8850164451578166e-07,False,7030,162606336
development_t0.001,31402,adaptive_mirror,15,aligned_d2,mirror_view_plus_residual,2,6.956298648219672e-07,False,7030,162606336
development_t0.001,31402,adaptive_mirror,16,aligned_d2,mirror_view_plus_residual,2,1.1741745993276709e-06,False,7030,162606336
development_t0.001,31402,adaptive_mirror,17,aligned_d2,mirror_view_plus_residual,2,2.0125015964822524e-07,False,7030,162606336
development_t0.001,31402,adaptive_mirror,18,aligned_d2,mirror_view_plus_residual,2,2.6894644497565956e-11,False,7030,162606336
development_t0.001,31402,adaptive_mirror,19,aligned_d2,mirror_view_plus_residual,2,8.807940332644648e-08,False,7030,162606336
development_t0.001,31402,adaptive_mirror,20,aligned_d2,mirror_view_plus_residual,2,1.4595900665881345e-06,False,7030,162606336
development_t0.001,31402,adaptive_mirror,21,aligned_d2,mirror_view_plus_residual,2,1.2625105227925815e-06,False,7030,162606336
development_t0.001,31402,adaptive_mirror,22,aligned_d2,mirror_view_plus_residual,2,1.3741966995439725e-06,False,7030,162606336
development_t0.001,31402,adaptive_mirror,23,aligned_d2,mirror_view_plus_residual,2,8.436909979536722e-07,False,7030,162606336
development_t0.001,31402,adaptive_mirror,24,aligned_d2,mirror_view_plus_residual,2,8.087391023536838e-08,False,7030,162606336
development_t0.001,31402,adaptive_mirror,25,aligned_d2,mirror_view_plus_residual,2,1.3973146906209877e-07,False,7030,162606336
development_t0.001,31402,adaptive_mirror,26,aligned_d2,mirror_view_plus_residual,2,1.6282305068671121e-06,False,7030,162606336
development_t0.001,31402,adaptive_mirror,27,aligned_d2,mirror_view_plus_residual,2,1.0781363926071208e-06,False,7030,162606336
development_t0.001,31402,adaptive_mirror,28,aligned_d2,mirror_view_plus_residual,2,4.299073452784796e-08,False,7030,162606336
development_t0.001,31402,adaptive_mirror,29,aligned_d2,mirror_view_plus_residual,2,2.080730965303701e-08,False,7030,162606336
development_t0.001,31402,adaptive_mirror,30,aligned_d2,mirror_view_plus_residual,2,1.9748722479562275e-07,False,7030,162606336
development_t0.001,31402,adaptive_mirror,31,aligned_d2,mirror_view_plus_residual,2,9.574062431738639e-08,False,7030,162606336
development_t0.001,31402,adaptive_mirror,32,aligned_d4,mirror_view_plus_residual,4,2.0244036136318755e-07,False,7030,162606336
development_t0.001,31402,adaptive_mirror,33,aligned_d4,mirror_view_plus_residual,2,0.00017937242228072137,False,7030,162606336
development_t0.001,31402,adaptive_mirror,34,aligned_d4,mirror_view_plus_residual,4,1.0980827482853783e-06,False,7030,162606336
development_t0.001,31402,adaptive_mirror,35,aligned_d4,mirror_view_plus_residual,4,1.1094229535046907e-08,False,7030,162606336
development_t0.001,31402,adaptive_mirror,36,aligned_d4,mirror_view_plus_residual,2,0.00023871645680628717,False,7030,162606336
development_t0.001,31402,adaptive_mirror,37,aligned_d4,mirror_view_plus_residual,2,0.00011852864554384723,False,7030,162606336
development_t0.001,31402,adaptive_mirror,38,aligned_d4,mirror_view_plus_residual,4,1.0865543345062179e-06,False,7030,162606336
development_t0.001,31402,adaptive_mirror,39,aligned_d4,mirror_view_plus_residual,2,0.0003595351881813258,False,7030,162606336
development_t0.001,31402,adaptive_mirror,40,aligned_d4,mirror_view_plus_residual,4,8.454720727968379e-07,False,7030,162606336
development_t0.001,31402,adaptive_mirror,41,aligned_d4,mirror_view_plus_residual,4,1.2616128515219316e-06,False,7030,162606336
development_t0.001,31402,adaptive_mirror,42,aligned_d4,mirror_view_plus_residual,2,0.00047885754611343145,False,7030,162606336
development_t0.001,31402,adaptive_mirror,43,aligned_d4,mirror_view_plus_residual,4,7.062394757895163e-08,False,7030,162606336
development_t0.001,31402,adaptive_mirror,44,aligned_d4,mirror_view_plus_residual,4,1.5471679049028353e-08,False,7030,162606336
development_t0.001,31402,adaptive_mirror,45,aligned_d4,mirror_view_plus_residual,4,9.317646032513949e-08,False,7030,162606336
development_t0.001,31402,adaptive_mirror,46,aligned_d4,mirror_view_plus_residual,4,2.6098150556208566e-06,False,7030,162606336
development_t0.001,31402,adaptive_mirror,47,aligned_d4,mirror_view_plus_residual,4,2.041309760114629e-10,False,7030,162606336
development_t0.001,31402,adaptive_mirror,48,aligned_d4,mirror_view_plus_residual,4,1.8883057464336162e-06,False,7030,162606336
development_t0.001,31402,adaptive_mirror,49,aligned_d4,mirror_view_plus_residual,4,5.361076915733065e-08,False,7030,162606336
development_t0.001,31402,adaptive_mirror,50,aligned_d4,mirror_view_plus_residual,2,0.00022279021504800767,False,7030,162606336
development_t0.001,31402,adaptive_mirror,51,aligned_d4,mirror_view_plus_residual,2,0.0009957250440493226,False,7030,162606336
development_t0.001,31402,adaptive_mirror,52,aligned_d4,mirror_view_plus_residual,2,0.0005433803889900446,False,7030,162606336
development_t0.001,31402,adaptive_mirror,53,aligned_d4,mirror_view_plus_residual,4,2.7283257963972574e-07,False,7030,162606336
development_t0.001,31402,adaptive_mirror,54,aligned_d4,mirror_view_plus_residual,4,1.7607659774654394e-09,False,7030,162606336
development_t0.001,31402,adaptive_mirror,55,aligned_d4,mirror_view_plus_residual,4,4.672008628858748e-07,False,7030,162606336
development_t0.001,31402,adaptive_mirror,56,aligned_d4,mirror_view_plus_residual,4,3.016264997768303e-07,False,7030,162606336
development_t0.001,31402,adaptive_mirror,57,aligned_d4,mirror_view_plus_residual,2,0.0005455067730508745,False,7030,162606336
development_t0.001,31402,adaptive_mirror,58,aligned_d4,mirror_view_plus_residual,4,6.408506436628159e-08,False,7030,162606336
development_t0.001,31402,adaptive_mirror,59,aligned_d4,mirror_view_plus_residual,4,6.812452397753077e-07,False,7030,162606336
development_t0.001,31402,adaptive_mirror,60,aligned_d4,mirror_view_plus_residual,4,1.1770708852054668e-06,False,7030,162606336
development_t0.001,31402,adaptive_mirror,61,aligned_d4,mirror_view_plus_residual,4,5.211306586261344e-08,False,7030,162606336
development_t0.001,31402,adaptive_mirror,62,aligned_d4,mirror_view_plus_residual,4,1.1282321565886377e-06,False,7030,162606336
development_t0.001,31402,adaptive_mirror,63,aligned_d4,mirror_view_plus_residual,2,0.000661713071167469,False,7030,162606336
development_t0.001,31402,adaptive_mirror,64,aligned_d8,mirror_view_plus_residual,8,1.2712587249552598e-06,False,7030,162606336
development_t0.001,31402,adaptive_mirror,65,aligned_d8,mirror_view_plus_residual,8,1.0251778093106623e-07,False,7030,162606336
development_t0.001,31402,adaptive_mirror,66,aligned_d8,mirror_view_plus_residual,8,9.686947350928676e-07,False,7030,162606336
development_t0.001,31402,adaptive_mirror,67,aligned_d8,mirror_view_plus_residual,8,7.695315389355528e-07,False,7030,162606336
development_t0.001,31402,adaptive_mirror,68,aligned_d8,mirror_view_plus_residual,8,1.1591974953262252e-06,False,7030,162606336
development_t0.001,31402,adaptive_mirror,69,aligned_d8,mirror_view_plus_residual,8,1.0810728099386324e-06,False,7030,162606336
development_t0.001,31402,adaptive_mirror,70,aligned_d8,mirror_view_plus_residual,8,6.888534471727326e-07,False,7030,162606336
development_t0.001,31402,adaptive_mirror,71,aligned_d8,mirror_view_plus_residual,8,1.4380972856997687e-07,False,7030,162606336
development_t0.001,31402,adaptive_mirror,72,aligned_d8,mirror_view_plus_residual,8,1.343765916317352e-06,False,7030,162606336
development_t0.001,31402,adaptive_mirror,73,aligned_d8,mirror_view_plus_residual,8,9.450862989979214e-07,False,7030,162606336
development_t0.001,31402,adaptive_mirror,74,aligned_d8,mirror_view_plus_residual,8,1.99523151422909e-06,False,7030,162606336
development_t0.001,31402,adaptive_mirror,75,aligned_d8,mirror_view_plus_residual,8,4.080197013589526e-10,False,7030,162606336
development_t0.001,31402,adaptive_mirror,76,aligned_d8,mirror_view_plus_residual,4,0.0009095306741073728,False,7030,162606336
development_t0.001,31402,adaptive_mirror,77,aligned_d8,mirror_view_plus_residual,8,1.2968267810720135e-06,False,7030,162606336
development_t0.001,31402,adaptive_mirror,78,aligned_d8,mirror_view_plus_residual,8,5.93965090445181e-08,False,7030,162606336
development_t0.001,31402,adaptive_mirror,79,aligned_d8,mirror_view_plus_residual,8,1.0473713700775988e-06,False,7030,162606336
development_t0.001,31402,adaptive_mirror,80,aligned_d8,mirror_view_plus_residual,8,2.423093405923282e-07,False,7030,162606336
development_t0.001,31402,adaptive_mirror,81,aligned_d8,mirror_view_plus_residual,8,1.6462241774206632e-06,False,7030,162606336
development_t0.001,31402,adaptive_mirror,82,aligned_d8,mirror_view_plus_residual,8,1.799259507606621e-06,False,7030,162606336
development_t0.001,31402,adaptive_mirror,83,aligned_d8,mirror_view_plus_residual,8,9.486241197009804e-07,False,7030,162606336
development_t0.001,31402,adaptive_mirror,84,aligned_d8,mirror_view_plus_residual,8,3.158606887154747e-07,False,7030,162606336
development_t0.001,31402,adaptive_mirror,85,aligned_d8,mirror_view_plus_residual,8,2.251247906315257e-06,False,7030,162606336
development_t0.001,31402,adaptive_mirror,86,aligned_d8,mirror_view_plus_residual,8,1.6524293755537656e-07,False,7030,162606336
development_t0.001,31402,adaptive_mirror,87,aligned_d8,mirror_view_plus_residual,8,1.6377096017095027e-06,False,7030,162606336
development_t0.001,31402,adaptive_mirror,88,aligned_d8,mirror_view_plus_residual,8,1.7999691408476792e-06,False,7030,162606336
development_t0.001,31402,adaptive_mirror,89,aligned_d8,mirror_view_plus_residual,8,1.1834054021164775e-06,False,7030,162606336
development_t0.001,31402,adaptive_mirror,90,aligned_d8,mirror_view_plus_residual,8,5.737495598623354e-07,False,7030,162606336
development_t0.001,31402,adaptive_mirror,91,aligned_d8,mirror_view_plus_residual,8,1.4915096926415572e-06,False,7030,162606336
development_t0.001,31402,adaptive_mirror,92,aligned_d8,mirror_view_plus_residual,8,1.3277129937705467e-06,False,7030,162606336
development_t0.001,31402,adaptive_mirror,93,aligned_d8,mirror_view_plus_residual,8,1.4953745903767413e-06,False,7030,162606336
development_t0.001,31402,adaptive_mirror,94,aligned_d8,mirror_view_plus_residual,8,2.822858050421928e-06,False,7030,162606336
development_t0.001,31402,adaptive_mirror,95,aligned_d8,mirror_view_plus_residual,8,1.7853531062428374e-06,False,7030,162606336
development_t0.001,31402,adaptive_mirror,96,aligned_d16,mirror_view_plus_residual,16,1.4476227079285309e-06,False,7030,162606336
development_t0.001,31402,adaptive_mirror,97,aligned_d16,mirror_view_plus_residual,16,4.273929050668812e-07,False,7030,162606336
development_t0.001,31402,adaptive_mirror,98,aligned_d16,mirror_view_plus_residual,16,2.5525176283736073e-07,False,7030,162606336
development_t0.001,31402,adaptive_mirror,99,aligned_d16,mirror_view_plus_residual,16,1.5383899665266654e-07,False,7030,162606336
development_t0.001,31402,adaptive_mirror,100,aligned_d16,mirror_view_plus_residual,16,5.744030318055593e-07,False,7030,162606336
development_t0.001,31402,adaptive_mirror,101,aligned_d16,mirror_view_plus_residual,16,3.5663781261519034e-08,False,7030,162606336
development_t0.001,31402,adaptive_mirror,102,aligned_d16,mirror_view_plus_residual,16,8.974737397693389e-08,False,7030,162606336
development_t0.001,31402,adaptive_mirror,103,aligned_d16,mirror_view_plus_residual,16,8.569251122025889e-07,False,7030,162606336
development_t0.001,31402,adaptive_mirror,104,aligned_d16,mirror_view_plus_residual,16,2.515776031941641e-06,False,7030,162606336
development_t0.001,31402,adaptive_mirror,105,aligned_d16,mirror_view_plus_residual,16,1.3167186807550024e-06,False,7030,162606336
development_t0.001,31402,adaptive_mirror,106,aligned_d16,mirror_view_plus_residual,16,5.10766710704047e-07,False,7030,162606336
development_t0.001,31402,adaptive_mirror,107,aligned_d16,mirror_view_plus_residual,16,1.8658996623344137e-06,False,7030,162606336
development_t0.001,31402,adaptive_mirror,108,aligned_d16,mirror_view_plus_residual,16,3.253423130900046e-08,False,7030,162606336
development_t0.001,31402,adaptive_mirror,109,aligned_d16,mirror_view_plus_residual,16,1.1918453779458105e-08,False,7030,162606336
development_t0.001,31402,adaptive_mirror,110,aligned_d16,mirror_view_plus_residual,16,3.727955721899434e-09,False,7030,162606336
development_t0.001,31402,adaptive_mirror,111,aligned_d16,mirror_view_plus_residual,16,9.633290574129205e-07,False,7030,162606336
development_t0.001,31402,adaptive_mirror,112,aligned_d16,mirror_view_plus_residual,16,2.2098670626746753e-07,False,7030,162606336
development_t0.001,31402,adaptive_mirror,113,aligned_d16,mirror_view_plus_residual,16,4.963571882399265e-07,False,7030,162606336
development_t0.001,31402,adaptive_mirror,114,aligned_d16,mirror_view_plus_residual,16,1.8047760477202246e-06,False,7030,162606336
development_t0.001,31402,adaptive_mirror,115,aligned_d16,mirror_view_plus_residual,16,2.026535206312019e-08,False,7030,162606336
development_t0.001,31402,adaptive_mirror,116,aligned_d16,mirror_view_plus_residual,16,1.5028678745920843e-08,False,7030,162606336
development_t0.001,31402,adaptive_mirror,117,aligned_d16,mirror_view_plus_residual,16,8.566874498683319e-07,False,7030,162606336
development_t0.001,31402,adaptive_mirror,118,aligned_d16,mirror_view_plus_residual,16,2.518324436096009e-06,False,7030,162606336
development_t0.001,31402,adaptive_mirror,119,aligned_d16,mirror_view_plus_residual,16,1.513700595978662e-07,False,7030,162606336
development_t0.001,31402,adaptive_mirror,120,aligned_d16,mirror_view_plus_residual,16,2.052759327852982e-06,False,7030,162606336
development_t0.001,31402,adaptive_mirror,121,aligned_d16,mirror_view_plus_residual,16,2.486563346337789e-07,False,7030,162606336
development_t0.001,31402,adaptive_mirror,122,aligned_d16,mirror_view_plus_residual,16,1.219103864968929e-06,False,7030,162606336
development_t0.001,31402,adaptive_mirror,123,aligned_d16,mirror_view_plus_residual,16,2.912361878770753e-06,False,7030,162606336
development_t0.001,31402,adaptive_mirror,124,aligned_d16,mirror_view_plus_residual,16,1.9998516620489681e-07,False,7030,162606336
development_t0.001,31402,adaptive_mirror,125,aligned_d16,mirror_view_plus_residual,16,1.5160255770751974e-06,False,7030,162606336
development_t0.001,31402,adaptive_mirror,126,aligned_d16,mirror_view_plus_residual,16,8.001741207408486e-07,False,7030,162606336
development_t0.001,31402,adaptive_mirror,127,aligned_d16,mirror_view_plus_residual,16,2.08108804145013e-06,False,7030,162606336
development_t0.001,31402,adaptive_mirror,128,unrelated,private_full_intrinsic_fallback,16,1.167432222805775e-14,True,7030,162606336
development_t0.001,31402,adaptive_mirror,129,unrelated,mirror_view_plus_residual,16,0.0007204196299426258,False,7030,162606336
development_t0.001,31402,adaptive_mirror,130,unrelated,private_full_intrinsic_fallback,16,1.113226688159415e-14,True,7030,162606336
development_t0.001,31402,adaptive_mirror,131,unrelated,private_full_intrinsic_fallback,16,9.886892973970992e-15,True,7030,162606336
development_t0.001,31402,adaptive_mirror,132,unrelated,private_full_intrinsic_fallback,16,8.231218847796692e-15,True,7030,162606336
development_t0.001,31402,adaptive_mirror,133,unrelated,private_full_intrinsic_fallback,16,1.020874601216984e-14,True,7030,162606336
development_t0.001,31402,adaptive_mirror,134,unrelated,private_full_intrinsic_fallback,16,1.4131343732443243e-14,True,7030,162606336
development_t0.001,31402,adaptive_mirror,135,unrelated,private_full_intrinsic_fallback,16,2.6556173574185035e-14,True,7030,162606336
development_t0.001,31402,adaptive_mirror,136,unrelated,mirror_view_plus_residual,16,7.034542795736343e-05,False,7030,162606336
development_t0.001,31402,adaptive_mirror,137,unrelated,private_full_intrinsic_fallback,16,1.8546191261881693e-14,True,7030,162606336
development_t0.001,31402,adaptive_mirror,138,unrelated,private_full_intrinsic_fallback,16,8.540130069594441e-15,True,7030,162606336
development_t0.001,31402,adaptive_mirror,139,unrelated,private_full_intrinsic_fallback,16,1.3932213909840282e-14,True,7030,162606336
development_t0.001,31402,adaptive_mirror,140,unrelated,private_full_intrinsic_fallback,16,1.3718395688898984e-14,True,7030,162606336
development_t0.001,31402,adaptive_mirror,141,unrelated,mirror_view_plus_residual,16,0.00033951306249946356,False,7030,162606336
development_t0.001,31402,adaptive_mirror,142,unrelated,private_full_intrinsic_fallback,16,1.5255617339597453e-14,True,7030,162606336
development_t0.001,31402,adaptive_mirror,143,unrelated,private_full_intrinsic_fallback,16,1.3298636653425854e-14,True,7030,162606336
development_t0.001,31402,adaptive_mirror,144,unrelated,private_full_intrinsic_fallback,16,1.9288873138166053e-14,True,7030,162606336
development_t0.001,31402,adaptive_mirror,145,unrelated,private_full_intrinsic_fallback,16,9.612708408944775e-15,True,7030,162606336
development_t0.001,31402,adaptive_mirror,146,unrelated,private_full_intrinsic_fallback,16,1.5530791239106063e-14,True,7030,162606336
development_t0.001,31402,adaptive_mirror,147,unrelated,private_full_intrinsic_fallback,16,7.616634611158548e-15,True,7030,162606336
development_t0.001,31402,adaptive_mirror,148,unrelated,private_full_intrinsic_fallback,16,1.427838187582301e-14,True,7030,162606336
development_t0.001,31402,adaptive_mirror,149,unrelated,private_full_intrinsic_fallback,16,2.097820750663129e-14,True,7030,162606336
development_t0.001,31402,adaptive_mirror,150,unrelated,private_full_intrinsic_fallback,16,2.244742511715945e-14,True,7030,162606336
development_t0.001,31402,adaptive_mirror,151,unrelated,private_full_intrinsic_fallback,16,1.431620359098381e-14,True,7030,162606336
development_t0.001,31402,adaptive_mirror,152,unrelated,private_full_intrinsic_fallback,16,9.83249058886769e-15,True,7030,162606336
development_t0.001,31402,adaptive_mirror,153,unrelated,mirror_view_plus_residual,16,0.0007795904530212283,False,7030,162606336
development_t0.001,31402,adaptive_mirror,154,unrelated,private_full_intrinsic_fallback,16,9.506489630326138e-15,True,7030,162606336
development_t0.001,31402,adaptive_mirror,155,unrelated,private_full_intrinsic_fallback,16,1.5220130047239287e-14,True,7030,162606336
development_t0.001,31402,adaptive_mirror,156,unrelated,private_full_intrinsic_fallback,16,1.1771008497887987e-14,True,7030,162606336
development_t0.001,31402,adaptive_mirror,157,unrelated,private_full_intrinsic_fallback,16,1.7336574003093928e-14,True,7030,162606336
development_t0.001,31402,adaptive_mirror,158,unrelated,private_full_intrinsic_fallback,16,2.1172154334630003e-14,True,7030,162606336
development_t0.001,31402,adaptive_mirror,159,unrelated,private_full_intrinsic_fallback,16,1.8784791972793757e-14,True,7030,162606336
development_t0.01,31402,adaptive_direct,0,aligned_d2,intrinsic_coefficients,2,5.161747206283663e-15,False,6382,1427456
development_t0.01,31402,adaptive_direct,1,aligned_d2,intrinsic_coefficients,2,1.0840953616308557e-14,False,6382,1427456
development_t0.01,31402,adaptive_direct,2,aligned_d2,intrinsic_coefficients,2,3.531255369631234e-15,False,6382,1427456
development_t0.01,31402,adaptive_direct,3,aligned_d2,intrinsic_coefficients,2,5.897079377684697e-15,False,6382,1427456
development_t0.01,31402,adaptive_direct,4,aligned_d2,intrinsic_coefficients,2,8.324012154201348e-15,False,6382,1427456
development_t0.01,31402,adaptive_direct,5,aligned_d2,intrinsic_coefficients,2,3.0178504890920367e-15,False,6382,1427456
development_t0.01,31402,adaptive_direct,6,aligned_d2,intrinsic_coefficients,2,4.612285403729271e-15,False,6382,1427456
development_t0.01,31402,adaptive_direct,7,aligned_d2,intrinsic_coefficients,2,4.4793859343050715e-15,False,6382,1427456
development_t0.01,31402,adaptive_direct,8,aligned_d2,intrinsic_coefficients,2,5.2395145717205015e-15,False,6382,1427456
development_t0.01,31402,adaptive_direct,9,aligned_d2,intrinsic_coefficients,2,4.176354391710688e-15,False,6382,1427456
development_t0.01,31402,adaptive_direct,10,aligned_d2,intrinsic_coefficients,2,1.732046745984365e-15,False,6382,1427456
development_t0.01,31402,adaptive_direct,11,aligned_d2,intrinsic_coefficients,2,5.329580855551472e-15,False,6382,1427456
development_t0.01,31402,adaptive_direct,12,aligned_d2,intrinsic_coefficients,2,2.3322217875194114e-15,False,6382,1427456
development_t0.01,31402,adaptive_direct,13,aligned_d2,intrinsic_coefficients,2,6.256406424019496e-15,False,6382,1427456
development_t0.01,31402,adaptive_direct,14,aligned_d2,intrinsic_coefficients,2,2.322421828077916e-15,False,6382,1427456
development_t0.01,31402,adaptive_direct,15,aligned_d2,intrinsic_coefficients,2,1.4023009489038838e-15,False,6382,1427456
development_t0.01,31402,adaptive_direct,16,aligned_d2,intrinsic_coefficients,2,4.875098551438599e-15,False,6382,1427456
development_t0.01,31402,adaptive_direct,17,aligned_d2,intrinsic_coefficients,2,2.082536379943104e-15,False,6382,1427456
development_t0.01,31402,adaptive_direct,18,aligned_d2,intrinsic_coefficients,2,3.0961934134165342e-15,False,6382,1427456
development_t0.01,31402,adaptive_direct,19,aligned_d2,intrinsic_coefficients,2,2.5668945948968203e-15,False,6382,1427456
development_t0.01,31402,adaptive_direct,20,aligned_d2,intrinsic_coefficients,2,2.7222567428074936e-15,False,6382,1427456
development_t0.01,31402,adaptive_direct,21,aligned_d2,intrinsic_coefficients,2,2.8323996133125225e-15,False,6382,1427456
development_t0.01,31402,adaptive_direct,22,aligned_d2,intrinsic_coefficients,2,2.1965995306862628e-15,False,6382,1427456
development_t0.01,31402,adaptive_direct,23,aligned_d2,intrinsic_coefficients,2,3.910810833295886e-15,False,6382,1427456
development_t0.01,31402,adaptive_direct,24,aligned_d2,intrinsic_coefficients,2,4.602583064834947e-15,False,6382,1427456
development_t0.01,31402,adaptive_direct,25,aligned_d2,intrinsic_coefficients,2,4.679403447436755e-15,False,6382,1427456
development_t0.01,31402,adaptive_direct,26,aligned_d2,intrinsic_coefficients,2,4.987912328584558e-15,False,6382,1427456
development_t0.01,31402,adaptive_direct,27,aligned_d2,intrinsic_coefficients,2,7.075835838072199e-15,False,6382,1427456
development_t0.01,31402,adaptive_direct,28,aligned_d2,intrinsic_coefficients,2,2.1195521432545907e-15,False,6382,1427456
development_t0.01,31402,adaptive_direct,29,aligned_d2,intrinsic_coefficients,2,3.92608622546667e-15,False,6382,1427456
development_t0.01,31402,adaptive_direct,30,aligned_d2,intrinsic_coefficients,2,4.260499068207404e-15,False,6382,1427456
development_t0.01,31402,adaptive_direct,31,aligned_d2,intrinsic_coefficients,2,7.342179842622157e-15,False,6382,1427456
development_t0.01,31402,adaptive_direct,32,aligned_d4,intrinsic_coefficients,4,1.0589217118450473e-14,False,6382,1427456
development_t0.01,31402,adaptive_direct,33,aligned_d4,intrinsic_coefficients,2,0.00018007177277468145,False,6382,1427456
development_t0.01,31402,adaptive_direct,34,aligned_d4,intrinsic_coefficients,4,1.7776099399424185e-14,False,6382,1427456
development_t0.01,31402,adaptive_direct,35,aligned_d4,intrinsic_coefficients,2,0.0021781057585030794,False,6382,1427456
development_t0.01,31402,adaptive_direct,36,aligned_d4,intrinsic_coefficients,2,0.00024993944680318236,False,6382,1427456
development_t0.01,31402,adaptive_direct,37,aligned_d4,intrinsic_coefficients,2,0.0001160219035227783,False,6382,1427456
development_t0.01,31402,adaptive_direct,38,aligned_d4,intrinsic_coefficients,2,0.0021832825150340796,False,6382,1427456
development_t0.01,31402,adaptive_direct,39,aligned_d4,intrinsic_coefficients,2,0.00037168822018429637,False,6382,1427456
development_t0.01,31402,adaptive_direct,40,aligned_d4,intrinsic_coefficients,2,0.003619577968493104,False,6382,1427456
development_t0.01,31402,adaptive_direct,41,aligned_d4,intrinsic_coefficients,2,0.001731128548271954,False,6382,1427456
development_t0.01,31402,adaptive_direct,42,aligned_d4,intrinsic_coefficients,2,0.0004944673273712397,False,6382,1427456
development_t0.01,31402,adaptive_direct,43,aligned_d4,intrinsic_coefficients,2,0.003510019974783063,False,6382,1427456
development_t0.01,31402,adaptive_direct,44,aligned_d4,intrinsic_coefficients,4,3.1741750781890277e-15,False,6382,1427456
development_t0.01,31402,adaptive_direct,45,aligned_d4,intrinsic_coefficients,4,1.2197980018906988e-14,False,6382,1427456
development_t0.01,31402,adaptive_direct,46,aligned_d4,intrinsic_coefficients,4,3.4573231576213266e-15,False,6382,1427456
development_t0.01,31402,adaptive_direct,47,aligned_d4,intrinsic_coefficients,2,0.0032016243785619736,False,6382,1427456
development_t0.01,31402,adaptive_direct,48,aligned_d4,intrinsic_coefficients,2,0.0010960988001897931,False,6382,1427456
development_t0.01,31402,adaptive_direct,49,aligned_d4,intrinsic_coefficients,2,0.005731139797717333,False,6382,1427456
development_t0.01,31402,adaptive_direct,50,aligned_d4,intrinsic_coefficients,2,0.0002271462872158736,False,6382,1427456
development_t0.01,31402,adaptive_direct,51,aligned_d4,intrinsic_coefficients,2,0.001002211240120232,False,6382,1427456
development_t0.01,31402,adaptive_direct,52,aligned_d4,intrinsic_coefficients,2,0.0005445982678793371,False,6382,1427456
development_t0.01,31402,adaptive_direct,53,aligned_d4,intrinsic_coefficients,2,0.0017992546781897545,False,6382,1427456
development_t0.01,31402,adaptive_direct,54,aligned_d4,intrinsic_coefficients,4,5.9824878273387165e-15,False,6382,1427456
development_t0.01,31402,adaptive_direct,55,aligned_d4,intrinsic_coefficients,2,0.00279432674869895,False,6382,1427456
development_t0.01,31402,adaptive_direct,56,aligned_d4,intrinsic_coefficients,2,0.007252230774611235,False,6382,1427456
development_t0.01,31402,adaptive_direct,57,aligned_d4,intrinsic_coefficients,2,0.0005649649538099766,False,6382,1427456
development_t0.01,31402,adaptive_direct,58,aligned_d4,intrinsic_coefficients,2,0.003462772583588958,False,6382,1427456
development_t0.01,31402,adaptive_direct,59,aligned_d4,intrinsic_coefficients,2,0.005688167177140713,False,6382,1427456
development_t0.01,31402,adaptive_direct,60,aligned_d4,intrinsic_coefficients,2,0.0017177017871290445,False,6382,1427456
development_t0.01,31402,adaptive_direct,61,aligned_d4,intrinsic_coefficients,2,0.0028205488342791796,False,6382,1427456
development_t0.01,31402,adaptive_direct,62,aligned_d4,intrinsic_coefficients,4,7.698839158689578e-15,False,6382,1427456
development_t0.01,31402,adaptive_direct,63,aligned_d4,intrinsic_coefficients,2,0.0006762395496480167,False,6382,1427456
development_t0.01,31402,adaptive_direct,64,aligned_d8,intrinsic_coefficients,8,6.037908346044618e-15,False,6382,1427456
development_t0.01,31402,adaptive_direct,65,aligned_d8,intrinsic_coefficients,4,0.008975060656666756,False,6382,1427456
development_t0.01,31402,adaptive_direct,66,aligned_d8,intrinsic_coefficients,8,1.068661913112114e-14,False,6382,1427456
development_t0.01,31402,adaptive_direct,67,aligned_d8,intrinsic_coefficients,4,0.009214658290147781,False,6382,1427456
development_t0.01,31402,adaptive_direct,68,aligned_d8,intrinsic_coefficients,8,4.749315005804283e-15,False,6382,1427456
development_t0.01,31402,adaptive_direct,69,aligned_d8,intrinsic_coefficients,8,6.849499740719904e-15,False,6382,1427456
development_t0.01,31402,adaptive_direct,70,aligned_d8,intrinsic_coefficients,8,2.093045729477925e-15,False,6382,1427456
development_t0.01,31402,adaptive_direct,71,aligned_d8,intrinsic_coefficients,4,0.00646637799218297,False,6382,1427456
development_t0.01,31402,adaptive_direct,72,aligned_d8,intrinsic_coefficients,2,0.008758733049035072,False,6382,1427456
development_t0.01,31402,adaptive_direct,73,aligned_d8,intrinsic_coefficients,8,2.6534617856226834e-15,False,6382,1427456
development_t0.01,31402,adaptive_direct,74,aligned_d8,intrinsic_coefficients,8,9.953393530659927e-15,False,6382,1427456
development_t0.01,31402,adaptive_direct,75,aligned_d8,intrinsic_coefficients,2,0.007147717289626598,False,6382,1427456
development_t0.01,31402,adaptive_direct,76,aligned_d8,intrinsic_coefficients,4,0.0009856196120381355,False,6382,1427456
development_t0.01,31402,adaptive_direct,77,aligned_d8,intrinsic_coefficients,8,6.7657091239951405e-15,False,6382,1427456
development_t0.01,31402,adaptive_direct,78,aligned_d8,intrinsic_coefficients,8,1.0007041209407225e-14,False,6382,1427456
development_t0.01,31402,adaptive_direct,79,aligned_d8,intrinsic_coefficients,2,0.0020598534028977156,False,6382,1427456
development_t0.01,31402,adaptive_direct,80,aligned_d8,intrinsic_coefficients,2,0.0029758193995803595,False,6382,1427456
development_t0.01,31402,adaptive_direct,81,aligned_d8,intrinsic_coefficients,4,0.00480858888477087,False,6382,1427456
development_t0.01,31402,adaptive_direct,82,aligned_d8,intrinsic_coefficients,8,1.0418040230139852e-14,False,6382,1427456
development_t0.01,31402,adaptive_direct,83,aligned_d8,intrinsic_coefficients,8,1.2162331790288843e-14,False,6382,1427456
development_t0.01,31402,adaptive_direct,84,aligned_d8,intrinsic_coefficients,4,0.007058280985802412,False,6382,1427456
development_t0.01,31402,adaptive_direct,85,aligned_d8,intrinsic_coefficients,8,1.2076170751861189e-14,False,6382,1427456
development_t0.01,31402,adaptive_direct,86,aligned_d8,intrinsic_coefficients,8,8.787068972839276e-15,False,6382,1427456
development_t0.01,31402,adaptive_direct,87,aligned_d8,intrinsic_coefficients,4,0.009589406661689281,False,6382,1427456
development_t0.01,31402,adaptive_direct,88,aligned_d8,intrinsic_coefficients,8,1.2916677310256895e-14,False,6382,1427456
development_t0.01,31402,adaptive_direct,89,aligned_d8,intrinsic_coefficients,2,0.009300697594881058,False,6382,1427456
development_t0.01,31402,adaptive_direct,90,aligned_d8,intrinsic_coefficients,2,0.0037845754995942116,False,6382,1427456
development_t0.01,31402,adaptive_direct,91,aligned_d8,intrinsic_coefficients,2,0.008241401985287666,False,6382,1427456
development_t0.01,31402,adaptive_direct,92,aligned_d8,intrinsic_coefficients,8,8.991020106978009e-15,False,6382,1427456
development_t0.01,31402,adaptive_direct,93,aligned_d8,intrinsic_coefficients,4,0.0058962502516806126,False,6382,1427456
development_t0.01,31402,adaptive_direct,94,aligned_d8,intrinsic_coefficients,2,0.003486677771434188,False,6382,1427456
development_t0.01,31402,adaptive_direct,95,aligned_d8,intrinsic_coefficients,2,0.008469200693070889,False,6382,1427456
development_t0.01,31402,adaptive_direct,96,aligned_d16,intrinsic_coefficients,16,8.490162749002963e-15,False,6382,1427456
development_t0.01,31402,adaptive_direct,97,aligned_d16,intrinsic_coefficients,16,1.785580350569492e-14,False,6382,1427456
development_t0.01,31402,adaptive_direct,98,aligned_d16,intrinsic_coefficients,16,1.5376697311275667e-14,False,6382,1427456
development_t0.01,31402,adaptive_direct,99,aligned_d16,intrinsic_coefficients,16,1.1200401364838339e-14,False,6382,1427456
development_t0.01,31402,adaptive_direct,100,aligned_d16,intrinsic_coefficients,16,1.7211365592830798e-14,False,6382,1427456
development_t0.01,31402,adaptive_direct,101,aligned_d16,intrinsic_coefficients,16,1.490042423756173e-14,False,6382,1427456
development_t0.01,31402,adaptive_direct,102,aligned_d16,intrinsic_coefficients,16,1.1780915395239074e-14,False,6382,1427456
development_t0.01,31402,adaptive_direct,103,aligned_d16,intrinsic_coefficients,16,9.71455310942379e-15,False,6382,1427456
development_t0.01,31402,adaptive_direct,104,aligned_d16,intrinsic_coefficients,16,8.84522201983302e-15,False,6382,1427456
development_t0.01,31402,adaptive_direct,105,aligned_d16,intrinsic_coefficients,16,4.6847605073116645e-15,False,6382,1427456
development_t0.01,31402,adaptive_direct,106,aligned_d16,intrinsic_coefficients,8,0.009111030027270317,False,6382,1427456
development_t0.01,31402,adaptive_direct,107,aligned_d16,intrinsic_coefficients,16,1.908917326238959e-14,False,6382,1427456
development_t0.01,31402,adaptive_direct,108,aligned_d16,intrinsic_coefficients,16,1.3694328941768648e-14,False,6382,1427456
development_t0.01,31402,adaptive_direct,109,aligned_d16,intrinsic_coefficients,16,4.2003499880734554e-15,False,6382,1427456
development_t0.01,31402,adaptive_direct,110,aligned_d16,intrinsic_coefficients,8,0.007871760055422783,False,6382,1427456
development_t0.01,31402,adaptive_direct,111,aligned_d16,intrinsic_coefficients,16,1.0678451192410766e-14,False,6382,1427456
development_t0.01,31402,adaptive_direct,112,aligned_d16,intrinsic_coefficients,16,1.722683241444766e-14,False,6382,1427456
development_t0.01,31402,adaptive_direct,113,aligned_d16,intrinsic_coefficients,16,1.3707780672003993e-14,False,6382,1427456
development_t0.01,31402,adaptive_direct,114,aligned_d16,intrinsic_coefficients,16,4.993881369763859e-15,False,6382,1427456
development_t0.01,31402,adaptive_direct,115,aligned_d16,intrinsic_coefficients,16,5.953714118120488e-15,False,6382,1427456
development_t0.01,31402,adaptive_direct,116,aligned_d16,intrinsic_coefficients,16,6.2943725582978016e-15,False,6382,1427456
development_t0.01,31402,adaptive_direct,117,aligned_d16,intrinsic_coefficients,8,0.007776251062750816,False,6382,1427456
development_t0.01,31402,adaptive_direct,118,aligned_d16,intrinsic_coefficients,16,1.7112393181075922e-14,False,6382,1427456
development_t0.01,31402,adaptive_direct,119,aligned_d16,intrinsic_coefficients,16,1.456280198698385e-14,False,6382,1427456
development_t0.01,31402,adaptive_direct,120,aligned_d16,intrinsic_coefficients,16,8.906769127846412e-15,False,6382,1427456
development_t0.01,31402,adaptive_direct,121,aligned_d16,intrinsic_coefficients,8,0.009590353816747665,False,6382,1427456
development_t0.01,31402,adaptive_direct,122,aligned_d16,intrinsic_coefficients,16,1.0558045458958568e-14,False,6382,1427456
development_t0.01,31402,adaptive_direct,123,aligned_d16,intrinsic_coefficients,16,1.4503858658250317e-14,False,6382,1427456
development_t0.01,31402,adaptive_direct,124,aligned_d16,intrinsic_coefficients,16,1.4013932260459588e-14,False,6382,1427456
development_t0.01,31402,adaptive_direct,125,aligned_d16,intrinsic_coefficients,16,6.033027742202539e-15,False,6382,1427456
development_t0.01,31402,adaptive_direct,126,aligned_d16,intrinsic_coefficients,8,0.003642802592366934,False,6382,1427456
development_t0.01,31402,adaptive_direct,127,aligned_d16,intrinsic_coefficients,16,1.0802480532811319e-14,False,6382,1427456
development_t0.01,31402,adaptive_direct,128,unrelated,intrinsic_coefficients,16,1.167432222805775e-14,False,6382,1427456
development_t0.01,31402,adaptive_direct,129,unrelated,intrinsic_coefficients,16,8.767429666924238e-15,False,6382,1427456
development_t0.01,31402,adaptive_direct,130,unrelated,intrinsic_coefficients,16,1.113226688159415e-14,False,6382,1427456
development_t0.01,31402,adaptive_direct,131,unrelated,intrinsic_coefficients,16,9.886892973970992e-15,False,6382,1427456
development_t0.01,31402,adaptive_direct,132,unrelated,intrinsic_coefficients,16,8.231218847796692e-15,False,6382,1427456
development_t0.01,31402,adaptive_direct,133,unrelated,intrinsic_coefficients,16,1.020874601216984e-14,False,6382,1427456
development_t0.01,31402,adaptive_direct,134,unrelated,intrinsic_coefficients,16,1.4131343732443243e-14,False,6382,1427456
development_t0.01,31402,adaptive_direct,135,unrelated,intrinsic_coefficients,16,2.6556173574185035e-14,False,6382,1427456
development_t0.01,31402,adaptive_direct,136,unrelated,intrinsic_coefficients,16,7.623471014075837e-15,False,6382,1427456
development_t0.01,31402,adaptive_direct,137,unrelated,intrinsic_coefficients,16,1.8546191261881693e-14,False,6382,1427456
development_t0.01,31402,adaptive_direct,138,unrelated,intrinsic_coefficients,16,8.540130069594441e-15,False,6382,1427456
development_t0.01,31402,adaptive_direct,139,unrelated,intrinsic_coefficients,16,1.3932213909840282e-14,False,6382,1427456
development_t0.01,31402,adaptive_direct,140,unrelated,intrinsic_coefficients,16,1.3718395688898984e-14,False,6382,1427456
development_t0.01,31402,adaptive_direct,141,unrelated,intrinsic_coefficients,16,1.2495818826018228e-14,False,6382,1427456
development_t0.01,31402,adaptive_direct,142,unrelated,intrinsic_coefficients,16,1.5255617339597453e-14,False,6382,1427456
development_t0.01,31402,adaptive_direct,143,unrelated,intrinsic_coefficients,16,1.3298636653425854e-14,False,6382,1427456
development_t0.01,31402,adaptive_direct,144,unrelated,intrinsic_coefficients,16,1.9288873138166053e-14,False,6382,1427456
development_t0.01,31402,adaptive_direct,145,unrelated,intrinsic_coefficients,16,9.612708408944775e-15,False,6382,1427456
development_t0.01,31402,adaptive_direct,146,unrelated,intrinsic_coefficients,16,1.5530791239106063e-14,False,6382,1427456
development_t0.01,31402,adaptive_direct,147,unrelated,intrinsic_coefficients,16,7.616634611158548e-15,False,6382,1427456
development_t0.01,31402,adaptive_direct,148,unrelated,intrinsic_coefficients,16,1.427838187582301e-14,False,6382,1427456
development_t0.01,31402,adaptive_direct,149,unrelated,intrinsic_coefficients,16,2.097820750663129e-14,False,6382,1427456
development_t0.01,31402,adaptive_direct,150,unrelated,intrinsic_coefficients,16,2.244742511715945e-14,False,6382,1427456
development_t0.01,31402,adaptive_direct,151,unrelated,intrinsic_coefficients,16,1.431620359098381e-14,False,6382,1427456
development_t0.01,31402,adaptive_direct,152,unrelated,intrinsic_coefficients,16,9.83249058886769e-15,False,6382,1427456
development_t0.01,31402,adaptive_direct,153,unrelated,intrinsic_coefficients,16,1.3722683369677986e-14,False,6382,1427456
development_t0.01,31402,adaptive_direct,154,unrelated,intrinsic_coefficients,16,9.506489630326138e-15,False,6382,1427456
development_t0.01,31402,adaptive_direct,155,unrelated,intrinsic_coefficients,16,1.5220130047239287e-14,False,6382,1427456
development_t0.01,31402,adaptive_direct,156,unrelated,intrinsic_coefficients,16,1.1771008497887987e-14,False,6382,1427456
development_t0.01,31402,adaptive_direct,157,unrelated,intrinsic_coefficients,16,1.7336574003093928e-14,False,6382,1427456
development_t0.01,31402,adaptive_direct,158,unrelated,intrinsic_coefficients,16,2.1172154334630003e-14,False,6382,1427456
development_t0.01,31402,adaptive_direct,159,unrelated,intrinsic_coefficients,16,1.8784791972793757e-14,False,6382,1427456
development_t0.01,31402,adaptive_mirror,0,aligned_d2,mirror_view_plus_residual,2,4.013248258161184e-07,False,6698,145040896
development_t0.01,31402,adaptive_mirror,1,aligned_d2,mirror_view_plus_residual,2,9.070134154853804e-08,False,6698,145040896
development_t0.01,31402,adaptive_mirror,2,aligned_d2,mirror_view_plus_residual,2,1.1727813165052225e-09,False,6698,145040896
development_t0.01,31402,adaptive_mirror,3,aligned_d2,mirror_view_plus_residual,2,3.4043819141515996e-07,False,6698,145040896
development_t0.01,31402,adaptive_mirror,4,aligned_d2,mirror_view_plus_residual,2,4.4243279262445867e-07,False,6698,145040896
development_t0.01,31402,adaptive_mirror,5,aligned_d2,mirror_view_plus_residual,2,1.0558638905422413e-06,False,6698,145040896
development_t0.01,31402,adaptive_mirror,6,aligned_d2,mirror_view_plus_residual,2,1.995055072256946e-06,False,6698,145040896
development_t0.01,31402,adaptive_mirror,7,aligned_d2,mirror_view_plus_residual,2,3.414879188312625e-07,False,6698,145040896
development_t0.01,31402,adaptive_mirror,8,aligned_d2,mirror_view_plus_residual,2,2.70481223196839e-07,False,6698,145040896
development_t0.01,31402,adaptive_mirror,9,aligned_d2,mirror_view_plus_residual,2,1.0302040891474462e-06,False,6698,145040896
development_t0.01,31402,adaptive_mirror,10,aligned_d2,mirror_view_plus_residual,2,6.190006729411834e-07,False,6698,145040896
development_t0.01,31402,adaptive_mirror,11,aligned_d2,mirror_view_plus_residual,2,9.711200164019829e-07,False,6698,145040896
development_t0.01,31402,adaptive_mirror,12,aligned_d2,mirror_view_plus_residual,2,2.9811204615981524e-09,False,6698,145040896
development_t0.01,31402,adaptive_mirror,13,aligned_d2,mirror_view_plus_residual,2,3.115893321137264e-07,False,6698,145040896
development_t0.01,31402,adaptive_mirror,14,aligned_d2,mirror_view_plus_residual,2,1.8850164451578166e-07,False,6698,145040896
development_t0.01,31402,adaptive_mirror,15,aligned_d2,mirror_view_plus_residual,2,6.956298648219672e-07,False,6698,145040896
development_t0.01,31402,adaptive_mirror,16,aligned_d2,mirror_view_plus_residual,2,1.1741745993276709e-06,False,6698,145040896
development_t0.01,31402,adaptive_mirror,17,aligned_d2,mirror_view_plus_residual,2,2.0125015964822524e-07,False,6698,145040896
development_t0.01,31402,adaptive_mirror,18,aligned_d2,mirror_view_plus_residual,2,2.6894644497565956e-11,False,6698,145040896
development_t0.01,31402,adaptive_mirror,19,aligned_d2,mirror_view_plus_residual,2,8.807940332644648e-08,False,6698,145040896
development_t0.01,31402,adaptive_mirror,20,aligned_d2,mirror_view_plus_residual,2,1.4595900665881345e-06,False,6698,145040896
development_t0.01,31402,adaptive_mirror,21,aligned_d2,mirror_view_plus_residual,2,1.2625105227925815e-06,False,6698,145040896
development_t0.01,31402,adaptive_mirror,22,aligned_d2,mirror_view_plus_residual,2,1.3741966995439725e-06,False,6698,145040896
development_t0.01,31402,adaptive_mirror,23,aligned_d2,mirror_view_plus_residual,2,8.436909979536722e-07,False,6698,145040896
development_t0.01,31402,adaptive_mirror,24,aligned_d2,mirror_view_plus_residual,2,8.087391023536838e-08,False,6698,145040896
development_t0.01,31402,adaptive_mirror,25,aligned_d2,mirror_view_plus_residual,2,1.3973146906209877e-07,False,6698,145040896
development_t0.01,31402,adaptive_mirror,26,aligned_d2,mirror_view_plus_residual,2,1.6282305068671121e-06,False,6698,145040896
development_t0.01,31402,adaptive_mirror,27,aligned_d2,mirror_view_plus_residual,2,1.0781363926071208e-06,False,6698,145040896
development_t0.01,31402,adaptive_mirror,28,aligned_d2,mirror_view_plus_residual,2,4.299073452784796e-08,False,6698,145040896
development_t0.01,31402,adaptive_mirror,29,aligned_d2,mirror_view_plus_residual,2,2.080730965303701e-08,False,6698,145040896
development_t0.01,31402,adaptive_mirror,30,aligned_d2,mirror_view_plus_residual,2,1.9748722479562275e-07,False,6698,145040896
development_t0.01,31402,adaptive_mirror,31,aligned_d2,mirror_view_plus_residual,2,9.574062431738639e-08,False,6698,145040896
development_t0.01,31402,adaptive_mirror,32,aligned_d4,mirror_view_plus_residual,4,2.0244036136318755e-07,False,6698,145040896
development_t0.01,31402,adaptive_mirror,33,aligned_d4,mirror_view_plus_residual,2,0.00017937242228072137,False,6698,145040896
development_t0.01,31402,adaptive_mirror,34,aligned_d4,mirror_view_plus_residual,4,1.0980827482853783e-06,False,6698,145040896
development_t0.01,31402,adaptive_mirror,35,aligned_d4,mirror_view_plus_residual,2,0.0021951182279735804,False,6698,145040896
development_t0.01,31402,adaptive_mirror,36,aligned_d4,mirror_view_plus_residual,2,0.00023871645680628717,False,6698,145040896
development_t0.01,31402,adaptive_mirror,37,aligned_d4,mirror_view_plus_residual,2,0.00011852864554384723,False,6698,145040896
development_t0.01,31402,adaptive_mirror,38,aligned_d4,mirror_view_plus_residual,2,0.002064257860183716,False,6698,145040896
development_t0.01,31402,adaptive_mirror,39,aligned_d4,mirror_view_plus_residual,2,0.0003595351881813258,False,6698,145040896
development_t0.01,31402,adaptive_mirror,40,aligned_d4,mirror_view_plus_residual,2,0.0035082465037703514,False,6698,145040896
development_t0.01,31402,adaptive_mirror,41,aligned_d4,mirror_view_plus_residual,2,0.0017518479144200683,False,6698,145040896
development_t0.01,31402,adaptive_mirror,42,aligned_d4,mirror_view_plus_residual,2,0.00047885754611343145,False,6698,145040896
development_t0.01,31402,adaptive_mirror,43,aligned_d4,mirror_view_plus_residual,2,0.0032119126990437508,False,6698,145040896
development_t0.01,31402,adaptive_mirror,44,aligned_d4,mirror_view_plus_residual,4,1.5471679049028353e-08,False,6698,145040896
development_t0.01,31402,adaptive_mirror,45,aligned_d4,mirror_view_plus_residual,4,9.317646032513949e-08,False,6698,145040896
development_t0.01,31402,adaptive_mirror,46,aligned_d4,mirror_view_plus_residual,4,2.6098150556208566e-06,False,6698,145040896
development_t0.01,31402,adaptive_mirror,47,aligned_d4,mirror_view_plus_residual,2,0.003219468519091606,False,6698,145040896
development_t0.01,31402,adaptive_mirror,48,aligned_d4,mirror_view_plus_residual,2,0.0010969265131279826,False,6698,145040896
development_t0.01,31402,adaptive_mirror,49,aligned_d4,mirror_view_plus_residual,2,0.0056829615496098995,False,6698,145040896
development_t0.01,31402,adaptive_mirror,50,aligned_d4,mirror_view_plus_residual,2,0.00022279021504800767,False,6698,145040896
development_t0.01,31402,adaptive_mirror,51,aligned_d4,mirror_view_plus_residual,2,0.0009957250440493226,False,6698,145040896
development_t0.01,31402,adaptive_mirror,52,aligned_d4,mirror_view_plus_residual,2,0.0005433803889900446,False,6698,145040896
development_t0.01,31402,adaptive_mirror,53,aligned_d4,mirror_view_plus_residual,2,0.0018326620338484645,False,6698,145040896
development_t0.01,31402,adaptive_mirror,54,aligned_d4,mirror_view_plus_residual,4,1.7607659774654394e-09,False,6698,145040896
development_t0.01,31402,adaptive_mirror,55,aligned_d4,mirror_view_plus_residual,2,0.0027335332706570625,False,6698,145040896
development_t0.01,31402,adaptive_mirror,56,aligned_d4,mirror_view_plus_residual,2,0.006882695481181145,False,6698,145040896
development_t0.01,31402,adaptive_mirror,57,aligned_d4,mirror_view_plus_residual,2,0.0005455067730508745,False,6698,145040896
development_t0.01,31402,adaptive_mirror,58,aligned_d4,mirror_view_plus_residual,2,0.003397252643480897,False,6698,145040896
development_t0.01,31402,adaptive_mirror,59,aligned_d4,mirror_view_plus_residual,2,0.005575673189014196,False,6698,145040896
development_t0.01,31402,adaptive_mirror,60,aligned_d4,mirror_view_plus_residual,2,0.0016684995498508215,False,6698,145040896
development_t0.01,31402,adaptive_mirror,61,aligned_d4,mirror_view_plus_residual,2,0.0026622156146913767,False,6698,145040896
development_t0.01,31402,adaptive_mirror,62,aligned_d4,mirror_view_plus_residual,4,1.1282321565886377e-06,False,6698,145040896
development_t0.01,31402,adaptive_mirror,63,aligned_d4,mirror_view_plus_residual,2,0.000661713071167469,False,6698,145040896
development_t0.01,31402,adaptive_mirror,64,aligned_d8,mirror_view_plus_residual,8,1.2712587249552598e-06,False,6698,145040896
development_t0.01,31402,adaptive_mirror,65,aligned_d8,mirror_view_plus_residual,4,0.00900718942284584,False,6698,145040896
development_t0.01,31402,adaptive_mirror,66,aligned_d8,mirror_view_plus_residual,8,9.686947350928676e-07,False,6698,145040896
development_t0.01,31402,adaptive_mirror,67,aligned_d8,mirror_view_plus_residual,4,0.009190822020173073,False,6698,145040896
development_t0.01,31402,adaptive_mirror,68,aligned_d8,mirror_view_plus_residual,8,1.1591974953262252e-06,False,6698,145040896
development_t0.01,31402,adaptive_mirror,69,aligned_d8,mirror_view_plus_residual,8,1.0810728099386324e-06,False,6698,145040896
development_t0.01,31402,adaptive_mirror,70,aligned_d8,mirror_view_plus_residual,8,6.888534471727326e-07,False,6698,145040896
development_t0.01,31402,adaptive_mirror,71,aligned_d8,mirror_view_plus_residual,4,0.006475889589637518,False,6698,145040896
development_t0.01,31402,adaptive_mirror,72,aligned_d8,mirror_view_plus_residual,2,0.008756224066019058,False,6698,145040896
development_t0.01,31402,adaptive_mirror,73,aligned_d8,mirror_view_plus_residual,8,9.450862989979214e-07,False,6698,145040896
development_t0.01,31402,adaptive_mirror,74,aligned_d8,mirror_view_plus_residual,8,1.99523151422909e-06,False,6698,145040896
development_t0.01,31402,adaptive_mirror,75,aligned_d8,mirror_view_plus_residual,2,0.007082591764628887,False,6698,145040896
development_t0.01,31402,adaptive_mirror,76,aligned_d8,mirror_view_plus_residual,4,0.0009095306741073728,False,6698,145040896
development_t0.01,31402,adaptive_mirror,77,aligned_d8,mirror_view_plus_residual,8,1.2968267810720135e-06,False,6698,145040896
development_t0.01,31402,adaptive_mirror,78,aligned_d8,mirror_view_plus_residual,8,5.93965090445181e-08,False,6698,145040896
development_t0.01,31402,adaptive_mirror,79,aligned_d8,mirror_view_plus_residual,2,0.0020269739907234907,False,6698,145040896
development_t0.01,31402,adaptive_mirror,80,aligned_d8,mirror_view_plus_residual,2,0.0029819500632584095,False,6698,145040896
development_t0.01,31402,adaptive_mirror,81,aligned_d8,mirror_view_plus_residual,4,0.004784096963703632,False,6698,145040896
development_t0.01,31402,adaptive_mirror,82,aligned_d8,mirror_view_plus_residual,8,1.799259507606621e-06,False,6698,145040896
development_t0.01,31402,adaptive_mirror,83,aligned_d8,mirror_view_plus_residual,8,9.486241197009804e-07,False,6698,145040896
development_t0.01,31402,adaptive_mirror,84,aligned_d8,mirror_view_plus_residual,4,0.006935561075806618,False,6698,145040896
development_t0.01,31402,adaptive_mirror,85,aligned_d8,mirror_view_plus_residual,8,2.251247906315257e-06,False,6698,145040896
development_t0.01,31402,adaptive_mirror,86,aligned_d8,mirror_view_plus_residual,8,1.6524293755537656e-07,False,6698,145040896
development_t0.01,31402,adaptive_mirror,87,aligned_d8,mirror_view_plus_residual,4,0.009676250629127026,False,6698,145040896
development_t0.01,31402,adaptive_mirror,88,aligned_d8,mirror_view_plus_residual,8,1.7999691408476792e-06,False,6698,145040896
development_t0.01,31402,adaptive_mirror,89,aligned_d8,mirror_view_plus_residual,2,0.009091384708881378,False,6698,145040896
development_t0.01,31402,adaptive_mirror,90,aligned_d8,mirror_view_plus_residual,2,0.0034131547436118126,False,6698,145040896
development_t0.01,31402,adaptive_mirror,91,aligned_d8,mirror_view_plus_residual,2,0.00819033570587635,False,6698,145040896
development_t0.01,31402,adaptive_mirror,92,aligned_d8,mirror_view_plus_residual,2,0.009942961856722832,False,6698,145040896
development_t0.01,31402,adaptive_mirror,93,aligned_d8,mirror_view_plus_residual,4,0.005834636744111776,False,6698,145040896
development_t0.01,31402,adaptive_mirror,94,aligned_d8,mirror_view_plus_residual,2,0.003545431885868311,False,6698,145040896
development_t0.01,31402,adaptive_mirror,95,aligned_d8,mirror_view_plus_residual,2,0.008058945648372173,False,6698,145040896
development_t0.01,31402,adaptive_mirror,96,aligned_d16,mirror_view_plus_residual,16,1.4476227079285309e-06,False,6698,145040896
development_t0.01,31402,adaptive_mirror,97,aligned_d16,mirror_view_plus_residual,16,4.273929050668812e-07,False,6698,145040896
development_t0.01,31402,adaptive_mirror,98,aligned_d16,mirror_view_plus_residual,16,2.5525176283736073e-07,False,6698,145040896
development_t0.01,31402,adaptive_mirror,99,aligned_d16,mirror_view_plus_residual,16,1.5383899665266654e-07,False,6698,145040896
development_t0.01,31402,adaptive_mirror,100,aligned_d16,mirror_view_plus_residual,16,5.744030318055593e-07,False,6698,145040896
development_t0.01,31402,adaptive_mirror,101,aligned_d16,mirror_view_plus_residual,16,3.5663781261519034e-08,False,6698,145040896
development_t0.01,31402,adaptive_mirror,102,aligned_d16,mirror_view_plus_residual,16,8.974737397693389e-08,False,6698,145040896
development_t0.01,31402,adaptive_mirror,103,aligned_d16,mirror_view_plus_residual,16,8.569251122025889e-07,False,6698,145040896
development_t0.01,31402,adaptive_mirror,104,aligned_d16,mirror_view_plus_residual,16,2.515776031941641e-06,False,6698,145040896
development_t0.01,31402,adaptive_mirror,105,aligned_d16,mirror_view_plus_residual,16,1.3167186807550024e-06,False,6698,145040896
development_t0.01,31402,adaptive_mirror,106,aligned_d16,mirror_view_plus_residual,8,0.008976135402917862,False,6698,145040896
development_t0.01,31402,adaptive_mirror,107,aligned_d16,mirror_view_plus_residual,16,1.8658996623344137e-06,False,6698,145040896
development_t0.01,31402,adaptive_mirror,108,aligned_d16,mirror_view_plus_residual,16,3.253423130900046e-08,False,6698,145040896
development_t0.01,31402,adaptive_mirror,109,aligned_d16,mirror_view_plus_residual,16,1.1918453779458105e-08,False,6698,145040896
development_t0.01,31402,adaptive_mirror,110,aligned_d16,mirror_view_plus_residual,8,0.007861951366066933,False,6698,145040896
development_t0.01,31402,adaptive_mirror,111,aligned_d16,mirror_view_plus_residual,16,9.633290574129205e-07,False,6698,145040896
development_t0.01,31402,adaptive_mirror,112,aligned_d16,mirror_view_plus_residual,16,2.2098670626746753e-07,False,6698,145040896
development_t0.01,31402,adaptive_mirror,113,aligned_d16,mirror_view_plus_residual,16,4.963571882399265e-07,False,6698,145040896
development_t0.01,31402,adaptive_mirror,114,aligned_d16,mirror_view_plus_residual,16,1.8047760477202246e-06,False,6698,145040896
development_t0.01,31402,adaptive_mirror,115,aligned_d16,mirror_view_plus_residual,16,2.026535206312019e-08,False,6698,145040896
development_t0.01,31402,adaptive_mirror,116,aligned_d16,mirror_view_plus_residual,16,1.5028678745920843e-08,False,6698,145040896
development_t0.01,31402,adaptive_mirror,117,aligned_d16,mirror_view_plus_residual,8,0.007433895952999592,False,6698,145040896
development_t0.01,31402,adaptive_mirror,118,aligned_d16,mirror_view_plus_residual,16,2.518324436096009e-06,False,6698,145040896
development_t0.01,31402,adaptive_mirror,119,aligned_d16,mirror_view_plus_residual,16,1.513700595978662e-07,False,6698,145040896
development_t0.01,31402,adaptive_mirror,120,aligned_d16,mirror_view_plus_residual,16,2.052759327852982e-06,False,6698,145040896
development_t0.01,31402,adaptive_mirror,121,aligned_d16,mirror_view_plus_residual,8,0.009491005912423134,False,6698,145040896
development_t0.01,31402,adaptive_mirror,122,aligned_d16,mirror_view_plus_residual,16,1.219103864968929e-06,False,6698,145040896
development_t0.01,31402,adaptive_mirror,123,aligned_d16,mirror_view_plus_residual,16,2.912361878770753e-06,False,6698,145040896
development_t0.01,31402,adaptive_mirror,124,aligned_d16,mirror_view_plus_residual,16,1.9998516620489681e-07,False,6698,145040896
development_t0.01,31402,adaptive_mirror,125,aligned_d16,mirror_view_plus_residual,16,1.5160255770751974e-06,False,6698,145040896
development_t0.01,31402,adaptive_mirror,126,aligned_d16,mirror_view_plus_residual,8,0.003625687677413225,False,6698,145040896
development_t0.01,31402,adaptive_mirror,127,aligned_d16,mirror_view_plus_residual,16,2.08108804145013e-06,False,6698,145040896
development_t0.01,31402,adaptive_mirror,128,unrelated,private_full_intrinsic_fallback,16,1.167432222805775e-14,True,6698,145040896
development_t0.01,31402,adaptive_mirror,129,unrelated,mirror_view_plus_residual,16,0.0007204196299426258,False,6698,145040896
development_t0.01,31402,adaptive_mirror,130,unrelated,private_full_intrinsic_fallback,16,1.113226688159415e-14,True,6698,145040896
development_t0.01,31402,adaptive_mirror,131,unrelated,mirror_view_plus_residual,16,0.005442230962216854,False,6698,145040896
development_t0.01,31402,adaptive_mirror,132,unrelated,private_full_intrinsic_fallback,16,8.231218847796692e-15,True,6698,145040896
development_t0.01,31402,adaptive_mirror,133,unrelated,private_full_intrinsic_fallback,16,1.020874601216984e-14,True,6698,145040896
development_t0.01,31402,adaptive_mirror,134,unrelated,private_full_intrinsic_fallback,16,1.4131343732443243e-14,True,6698,145040896
development_t0.01,31402,adaptive_mirror,135,unrelated,private_full_intrinsic_fallback,16,2.6556173574185035e-14,True,6698,145040896
development_t0.01,31402,adaptive_mirror,136,unrelated,mirror_view_plus_residual,16,7.034542795736343e-05,False,6698,145040896
development_t0.01,31402,adaptive_mirror,137,unrelated,mirror_view_plus_residual,16,0.0014068721793591976,False,6698,145040896
development_t0.01,31402,adaptive_mirror,138,unrelated,private_full_intrinsic_fallback,16,8.540130069594441e-15,True,6698,145040896
development_t0.01,31402,adaptive_mirror,139,unrelated,private_full_intrinsic_fallback,16,1.3932213909840282e-14,True,6698,145040896
development_t0.01,31402,adaptive_mirror,140,unrelated,private_full_intrinsic_fallback,16,1.3718395688898984e-14,True,6698,145040896
development_t0.01,31402,adaptive_mirror,141,unrelated,mirror_view_plus_residual,16,0.00033951306249946356,False,6698,145040896
development_t0.01,31402,adaptive_mirror,142,unrelated,private_full_intrinsic_fallback,16,1.5255617339597453e-14,True,6698,145040896
development_t0.01,31402,adaptive_mirror,143,unrelated,mirror_view_plus_residual,16,0.009906667284667492,False,6698,145040896
development_t0.01,31402,adaptive_mirror,144,unrelated,private_full_intrinsic_fallback,16,1.9288873138166053e-14,True,6698,145040896
development_t0.01,31402,adaptive_mirror,145,unrelated,mirror_view_plus_residual,16,0.001209540176205337,False,6698,145040896
development_t0.01,31402,adaptive_mirror,146,unrelated,private_full_intrinsic_fallback,16,1.5530791239106063e-14,True,6698,145040896
development_t0.01,31402,adaptive_mirror,147,unrelated,private_full_intrinsic_fallback,16,7.616634611158548e-15,True,6698,145040896
development_t0.01,31402,adaptive_mirror,148,unrelated,private_full_intrinsic_fallback,16,1.427838187582301e-14,True,6698,145040896
development_t0.01,31402,adaptive_mirror,149,unrelated,mirror_view_plus_residual,16,0.007353703025728464,False,6698,145040896
development_t0.01,31402,adaptive_mirror,150,unrelated,mirror_view_plus_residual,16,0.0034500013571232557,False,6698,145040896
development_t0.01,31402,adaptive_mirror,151,unrelated,mirror_view_plus_residual,16,0.001489122398197651,False,6698,145040896
development_t0.01,31402,adaptive_mirror,152,unrelated,private_full_intrinsic_fallback,16,9.83249058886769e-15,True,6698,145040896
development_t0.01,31402,adaptive_mirror,153,unrelated,mirror_view_plus_residual,16,0.0007795904530212283,False,6698,145040896
development_t0.01,31402,adaptive_mirror,154,unrelated,mirror_view_plus_residual,16,0.0030169959645718336,False,6698,145040896
development_t0.01,31402,adaptive_mirror,155,unrelated,private_full_intrinsic_fallback,16,1.5220130047239287e-14,True,6698,145040896
development_t0.01,31402,adaptive_mirror,156,unrelated,private_full_intrinsic_fallback,16,1.1771008497887987e-14,True,6698,145040896
development_t0.01,31402,adaptive_mirror,157,unrelated,private_full_intrinsic_fallback,16,1.7336574003093928e-14,True,6698,145040896
development_t0.01,31402,adaptive_mirror,158,unrelated,private_full_intrinsic_fallback,16,2.1172154334630003e-14,True,6698,145040896
development_t0.01,31402,adaptive_mirror,159,unrelated,private_full_intrinsic_fallback,16,1.8784791972793757e-14,True,6698,145040896
