condition,world_or_seed,method,serialized_bytes,train_tokens_or_examples,optimizer_updates,active_compute_proxy,wall_time_s,primary_metric,primary_value,secondary_metric,secondary_value,status_note
aligned_w11_context0,31,cachebridge_weighted_ridge,688,0,0,Causal attention: 2*L^2*D MAC/sequence plus source-to-KV map; eager CPU latency measured,0.005403570998169016,attention_output_MSE,3.2951300108635673e-13,attention_KL,-2.7181927819697194e-09,fresh query audit; target argmax-key NLL 0.8088049292564392; aligned maps
aligned_w11_context1,31,cachebridge_weighted_ridge,688,0,0,Causal attention: 2*L^2*D MAC/sequence plus source-to-KV map; eager CPU latency measured,0.005403570998169016,attention_output_MSE,4.609791281334763e-13,attention_KL,-2.6111421913554977e-09,fresh query audit; target argmax-key NLL 0.7996951937675476; aligned maps
aligned_w11_context2,31,cachebridge_weighted_ridge,688,0,0,Causal attention: 2*L^2*D MAC/sequence plus source-to-KV map; eager CPU latency measured,0.005403570998169016,attention_output_MSE,2.9090884432272923e-13,attention_KL,-3.965971995256723e-09,fresh query audit; target argmax-key NLL 0.7986035346984863; aligned maps
aligned_w11_context3,31,cachebridge_weighted_ridge,688,0,0,Causal attention: 2*L^2*D MAC/sequence plus source-to-KV map; eager CPU latency measured,0.005403570998169016,attention_output_MSE,2.5538002702135687e-13,attention_KL,1.0720739851421968e-09,fresh query audit; target argmax-key NLL 0.8110451698303223; aligned maps
aligned_w11_context0,47,cachebridge_weighted_ridge,688,0,0,Causal attention: 2*L^2*D MAC/sequence plus source-to-KV map; eager CPU latency measured,0.004403455997817218,attention_output_MSE,3.2951300108635673e-13,attention_KL,-2.7181927819697194e-09,fresh query audit; target argmax-key NLL 0.8088049292564392; aligned maps
aligned_w11_context1,47,cachebridge_weighted_ridge,688,0,0,Causal attention: 2*L^2*D MAC/sequence plus source-to-KV map; eager CPU latency measured,0.004403455997817218,attention_output_MSE,4.609791281334763e-13,attention_KL,-2.6111421913554977e-09,fresh query audit; target argmax-key NLL 0.7996951937675476; aligned maps
aligned_w11_context2,47,cachebridge_weighted_ridge,688,0,0,Causal attention: 2*L^2*D MAC/sequence plus source-to-KV map; eager CPU latency measured,0.004403455997817218,attention_output_MSE,2.9090884432272923e-13,attention_KL,-3.965971995256723e-09,fresh query audit; target argmax-key NLL 0.7986035346984863; aligned maps
aligned_w11_context3,47,cachebridge_weighted_ridge,688,0,0,Causal attention: 2*L^2*D MAC/sequence plus source-to-KV map; eager CPU latency measured,0.004403455997817218,attention_output_MSE,2.5538002702135687e-13,attention_KL,1.0720739851421968e-09,fresh query audit; target argmax-key NLL 0.8110451698303223; aligned maps
aligned_w11_context0,59,cachebridge_weighted_ridge,688,0,0,Causal attention: 2*L^2*D MAC/sequence plus source-to-KV map; eager CPU latency measured,0.0044012340003973804,attention_output_MSE,3.2951300108635673e-13,attention_KL,-2.7181927819697194e-09,fresh query audit; target argmax-key NLL 0.8088049292564392; aligned maps
aligned_w11_context1,59,cachebridge_weighted_ridge,688,0,0,Causal attention: 2*L^2*D MAC/sequence plus source-to-KV map; eager CPU latency measured,0.0044012340003973804,attention_output_MSE,4.609791281334763e-13,attention_KL,-2.6111421913554977e-09,fresh query audit; target argmax-key NLL 0.7996951937675476; aligned maps
aligned_w11_context2,59,cachebridge_weighted_ridge,688,0,0,Causal attention: 2*L^2*D MAC/sequence plus source-to-KV map; eager CPU latency measured,0.0044012340003973804,attention_output_MSE,2.9090884432272923e-13,attention_KL,-3.965971995256723e-09,fresh query audit; target argmax-key NLL 0.7986035346984863; aligned maps
aligned_w11_context3,59,cachebridge_weighted_ridge,688,0,0,Causal attention: 2*L^2*D MAC/sequence plus source-to-KV map; eager CPU latency measured,0.0044012340003973804,attention_output_MSE,2.5538002702135687e-13,attention_KL,1.0720739851421968e-09,fresh query audit; target argmax-key NLL 0.8110451698303223; aligned maps
independent_w11_context0,31,cachebridge_weighted_ridge,688,0,0,Causal attention: 2*L^2*D MAC/sequence plus source-to-KV map; eager CPU latency measured,0.004682497004978359,attention_output_MSE,3.916680619154428e-13,attention_KL,-5.655905743751077e-10,fresh query audit; target argmax-key NLL 0.7657143473625183; independent maps
independent_w11_context1,31,cachebridge_weighted_ridge,688,0,0,Causal attention: 2*L^2*D MAC/sequence plus source-to-KV map; eager CPU latency measured,0.004682497004978359,attention_output_MSE,4.4526521684150333e-13,attention_KL,4.946234088976098e-09,fresh query audit; target argmax-key NLL 0.7320746183395386; independent maps
independent_w11_context2,31,cachebridge_weighted_ridge,688,0,0,Causal attention: 2*L^2*D MAC/sequence plus source-to-KV map; eager CPU latency measured,0.004682497004978359,attention_output_MSE,1.936963772968675e-13,attention_KL,1.4473814369253546e-09,fresh query audit; target argmax-key NLL 0.8083990216255188; independent maps
independent_w11_context3,31,cachebridge_weighted_ridge,688,0,0,Causal attention: 2*L^2*D MAC/sequence plus source-to-KV map; eager CPU latency measured,0.004682497004978359,attention_output_MSE,4.836776595559811e-13,attention_KL,9.858369676152279e-10,fresh query audit; target argmax-key NLL 0.71305912733078; independent maps
independent_w11_context0,47,cachebridge_weighted_ridge,688,0,0,Causal attention: 2*L^2*D MAC/sequence plus source-to-KV map; eager CPU latency measured,0.0043093849963042885,attention_output_MSE,3.916680619154428e-13,attention_KL,-5.655905743751077e-10,fresh query audit; target argmax-key NLL 0.7657143473625183; independent maps
independent_w11_context1,47,cachebridge_weighted_ridge,688,0,0,Causal attention: 2*L^2*D MAC/sequence plus source-to-KV map; eager CPU latency measured,0.0043093849963042885,attention_output_MSE,4.4526521684150333e-13,attention_KL,4.946234088976098e-09,fresh query audit; target argmax-key NLL 0.7320746183395386; independent maps
independent_w11_context2,47,cachebridge_weighted_ridge,688,0,0,Causal attention: 2*L^2*D MAC/sequence plus source-to-KV map; eager CPU latency measured,0.0043093849963042885,attention_output_MSE,1.936963772968675e-13,attention_KL,1.4473814369253546e-09,fresh query audit; target argmax-key NLL 0.8083990216255188; independent maps
independent_w11_context3,47,cachebridge_weighted_ridge,688,0,0,Causal attention: 2*L^2*D MAC/sequence plus source-to-KV map; eager CPU latency measured,0.0043093849963042885,attention_output_MSE,4.836776595559811e-13,attention_KL,9.858369676152279e-10,fresh query audit; target argmax-key NLL 0.71305912733078; independent maps
independent_w11_context0,59,cachebridge_weighted_ridge,688,0,0,Causal attention: 2*L^2*D MAC/sequence plus source-to-KV map; eager CPU latency measured,0.004222274998028297,attention_output_MSE,3.916680619154428e-13,attention_KL,-5.655905743751077e-10,fresh query audit; target argmax-key NLL 0.7657143473625183; independent maps
independent_w11_context1,59,cachebridge_weighted_ridge,688,0,0,Causal attention: 2*L^2*D MAC/sequence plus source-to-KV map; eager CPU latency measured,0.004222274998028297,attention_output_MSE,4.4526521684150333e-13,attention_KL,4.946234088976098e-09,fresh query audit; target argmax-key NLL 0.7320746183395386; independent maps
independent_w11_context2,59,cachebridge_weighted_ridge,688,0,0,Causal attention: 2*L^2*D MAC/sequence plus source-to-KV map; eager CPU latency measured,0.004222274998028297,attention_output_MSE,1.936963772968675e-13,attention_KL,1.4473814369253546e-09,fresh query audit; target argmax-key NLL 0.8083990216255188; independent maps
independent_w11_context3,59,cachebridge_weighted_ridge,688,0,0,Causal attention: 2*L^2*D MAC/sequence plus source-to-KV map; eager CPU latency measured,0.004222274998028297,attention_output_MSE,4.836776595559811e-13,attention_KL,9.858369676152279e-10,fresh query audit; target argmax-key NLL 0.71305912733078; independent maps
aligned_w17_context0,31,cachebridge_weighted_ridge,688,0,0,Causal attention: 2*L^2*D MAC/sequence plus source-to-KV map; eager CPU latency measured,0.004439921998709906,attention_output_MSE,5.799850617133062e-13,attention_KL,4.237477924107225e-09,fresh query audit; target argmax-key NLL 0.6446556448936462; aligned maps
aligned_w17_context1,31,cachebridge_weighted_ridge,688,0,0,Causal attention: 2*L^2*D MAC/sequence plus source-to-KV map; eager CPU latency measured,0.004439921998709906,attention_output_MSE,1.1771521257752937e-12,attention_KL,-2.3180790620358493e-09,fresh query audit; target argmax-key NLL 0.6715332269668579; aligned maps
aligned_w17_context2,31,cachebridge_weighted_ridge,688,0,0,Causal attention: 2*L^2*D MAC/sequence plus source-to-KV map; eager CPU latency measured,0.004439921998709906,attention_output_MSE,1.1849197838198489e-12,attention_KL,-4.352909144245132e-10,fresh query audit; target argmax-key NLL 0.6667519807815552; aligned maps
aligned_w17_context3,31,cachebridge_weighted_ridge,688,0,0,Causal attention: 2*L^2*D MAC/sequence plus source-to-KV map; eager CPU latency measured,0.004439921998709906,attention_output_MSE,5.508976521489961e-13,attention_KL,-1.0514040749143305e-09,fresh query audit; target argmax-key NLL 0.6807908415794373; aligned maps
aligned_w17_context0,47,cachebridge_weighted_ridge,688,0,0,Causal attention: 2*L^2*D MAC/sequence plus source-to-KV map; eager CPU latency measured,0.00446344700321788,attention_output_MSE,5.799850617133062e-13,attention_KL,4.237477924107225e-09,fresh query audit; target argmax-key NLL 0.6446556448936462; aligned maps
aligned_w17_context1,47,cachebridge_weighted_ridge,688,0,0,Causal attention: 2*L^2*D MAC/sequence plus source-to-KV map; eager CPU latency measured,0.00446344700321788,attention_output_MSE,1.1771521257752937e-12,attention_KL,-2.3180790620358493e-09,fresh query audit; target argmax-key NLL 0.6715332269668579; aligned maps
aligned_w17_context2,47,cachebridge_weighted_ridge,688,0,0,Causal attention: 2*L^2*D MAC/sequence plus source-to-KV map; eager CPU latency measured,0.00446344700321788,attention_output_MSE,1.1849197838198489e-12,attention_KL,-4.352909144245132e-10,fresh query audit; target argmax-key NLL 0.6667519807815552; aligned maps
aligned_w17_context3,47,cachebridge_weighted_ridge,688,0,0,Causal attention: 2*L^2*D MAC/sequence plus source-to-KV map; eager CPU latency measured,0.00446344700321788,attention_output_MSE,5.508976521489961e-13,attention_KL,-1.0514040749143305e-09,fresh query audit; target argmax-key NLL 0.6807908415794373; aligned maps
aligned_w17_context0,59,cachebridge_weighted_ridge,688,0,0,Causal attention: 2*L^2*D MAC/sequence plus source-to-KV map; eager CPU latency measured,0.004359309998108074,attention_output_MSE,5.799850617133062e-13,attention_KL,4.237477924107225e-09,fresh query audit; target argmax-key NLL 0.6446556448936462; aligned maps
aligned_w17_context1,59,cachebridge_weighted_ridge,688,0,0,Causal attention: 2*L^2*D MAC/sequence plus source-to-KV map; eager CPU latency measured,0.004359309998108074,attention_output_MSE,1.1771521257752937e-12,attention_KL,-2.3180790620358493e-09,fresh query audit; target argmax-key NLL 0.6715332269668579; aligned maps
aligned_w17_context2,59,cachebridge_weighted_ridge,688,0,0,Causal attention: 2*L^2*D MAC/sequence plus source-to-KV map; eager CPU latency measured,0.004359309998108074,attention_output_MSE,1.1849197838198489e-12,attention_KL,-4.352909144245132e-10,fresh query audit; target argmax-key NLL 0.6667519807815552; aligned maps
aligned_w17_context3,59,cachebridge_weighted_ridge,688,0,0,Causal attention: 2*L^2*D MAC/sequence plus source-to-KV map; eager CPU latency measured,0.004359309998108074,attention_output_MSE,5.508976521489961e-13,attention_KL,-1.0514040749143305e-09,fresh query audit; target argmax-key NLL 0.6807908415794373; aligned maps
independent_w17_context0,31,cachebridge_weighted_ridge,688,0,0,Causal attention: 2*L^2*D MAC/sequence plus source-to-KV map; eager CPU latency measured,0.004283024994947482,attention_output_MSE,4.4260829810266467e-13,attention_KL,3.1711062664641076e-09,fresh query audit; target argmax-key NLL 0.7137749195098877; independent maps
independent_w17_context1,31,cachebridge_weighted_ridge,688,0,0,Causal attention: 2*L^2*D MAC/sequence plus source-to-KV map; eager CPU latency measured,0.004283024994947482,attention_output_MSE,6.855653740013568e-13,attention_KL,-3.0733477984767887e-09,fresh query audit; target argmax-key NLL 0.7435516119003296; independent maps
independent_w17_context2,31,cachebridge_weighted_ridge,688,0,0,Causal attention: 2*L^2*D MAC/sequence plus source-to-KV map; eager CPU latency measured,0.004283024994947482,attention_output_MSE,3.5591335109143307e-13,attention_KL,3.914519375314285e-09,fresh query audit; target argmax-key NLL 0.8756501078605652; independent maps
independent_w17_context3,31,cachebridge_weighted_ridge,688,0,0,Causal attention: 2*L^2*D MAC/sequence plus source-to-KV map; eager CPU latency measured,0.004283024994947482,attention_output_MSE,2.699826852966408e-13,attention_KL,1.7763261972447708e-09,fresh query audit; target argmax-key NLL 0.841834545135498; independent maps
independent_w17_context0,47,cachebridge_weighted_ridge,688,0,0,Causal attention: 2*L^2*D MAC/sequence plus source-to-KV map; eager CPU latency measured,0.004264757997589186,attention_output_MSE,4.4260829810266467e-13,attention_KL,3.1711062664641076e-09,fresh query audit; target argmax-key NLL 0.7137749195098877; independent maps
independent_w17_context1,47,cachebridge_weighted_ridge,688,0,0,Causal attention: 2*L^2*D MAC/sequence plus source-to-KV map; eager CPU latency measured,0.004264757997589186,attention_output_MSE,6.855653740013568e-13,attention_KL,-3.0733477984767887e-09,fresh query audit; target argmax-key NLL 0.7435516119003296; independent maps
independent_w17_context2,47,cachebridge_weighted_ridge,688,0,0,Causal attention: 2*L^2*D MAC/sequence plus source-to-KV map; eager CPU latency measured,0.004264757997589186,attention_output_MSE,3.5591335109143307e-13,attention_KL,3.914519375314285e-09,fresh query audit; target argmax-key NLL 0.8756501078605652; independent maps
independent_w17_context3,47,cachebridge_weighted_ridge,688,0,0,Causal attention: 2*L^2*D MAC/sequence plus source-to-KV map; eager CPU latency measured,0.004264757997589186,attention_output_MSE,2.699826852966408e-13,attention_KL,1.7763261972447708e-09,fresh query audit; target argmax-key NLL 0.841834545135498; independent maps
independent_w17_context0,59,cachebridge_weighted_ridge,688,0,0,Causal attention: 2*L^2*D MAC/sequence plus source-to-KV map; eager CPU latency measured,0.004259269997419324,attention_output_MSE,4.4260829810266467e-13,attention_KL,3.1711062664641076e-09,fresh query audit; target argmax-key NLL 0.7137749195098877; independent maps
independent_w17_context1,59,cachebridge_weighted_ridge,688,0,0,Causal attention: 2*L^2*D MAC/sequence plus source-to-KV map; eager CPU latency measured,0.004259269997419324,attention_output_MSE,6.855653740013568e-13,attention_KL,-3.0733477984767887e-09,fresh query audit; target argmax-key NLL 0.7435516119003296; independent maps
independent_w17_context2,59,cachebridge_weighted_ridge,688,0,0,Causal attention: 2*L^2*D MAC/sequence plus source-to-KV map; eager CPU latency measured,0.004259269997419324,attention_output_MSE,3.5591335109143307e-13,attention_KL,3.914519375314285e-09,fresh query audit; target argmax-key NLL 0.8756501078605652; independent maps
independent_w17_context3,59,cachebridge_weighted_ridge,688,0,0,Causal attention: 2*L^2*D MAC/sequence plus source-to-KV map; eager CPU latency measured,0.004259269997419324,attention_output_MSE,2.699826852966408e-13,attention_KL,1.7763261972447708e-09,fresh query audit; target argmax-key NLL 0.841834545135498; independent maps
aligned_w23_context0,31,cachebridge_weighted_ridge,688,0,0,Causal attention: 2*L^2*D MAC/sequence plus source-to-KV map; eager CPU latency measured,0.004380661994218826,attention_output_MSE,1.519091791376756e-13,attention_KL,3.972232764937189e-09,fresh query audit; target argmax-key NLL 0.7376695871353149; aligned maps
aligned_w23_context1,31,cachebridge_weighted_ridge,688,0,0,Causal attention: 2*L^2*D MAC/sequence plus source-to-KV map; eager CPU latency measured,0.004380661994218826,attention_output_MSE,1.1643091005208994e-12,attention_KL,3.734699660640217e-09,fresh query audit; target argmax-key NLL 0.7538999319076538; aligned maps
aligned_w23_context2,31,cachebridge_weighted_ridge,688,0,0,Causal attention: 2*L^2*D MAC/sequence plus source-to-KV map; eager CPU latency measured,0.004380661994218826,attention_output_MSE,3.6211002729311104e-13,attention_KL,-4.959918586955325e-10,fresh query audit; target argmax-key NLL 0.7518887519836426; aligned maps
aligned_w23_context3,31,cachebridge_weighted_ridge,688,0,0,Causal attention: 2*L^2*D MAC/sequence plus source-to-KV map; eager CPU latency measured,0.004380661994218826,attention_output_MSE,4.713393846229874e-13,attention_KL,-1.938687876901213e-09,fresh query audit; target argmax-key NLL 0.7714051604270935; aligned maps
aligned_w23_context0,47,cachebridge_weighted_ridge,688,0,0,Causal attention: 2*L^2*D MAC/sequence plus source-to-KV map; eager CPU latency measured,0.00442034300067462,attention_output_MSE,1.519091791376756e-13,attention_KL,3.972232764937189e-09,fresh query audit; target argmax-key NLL 0.7376695871353149; aligned maps
aligned_w23_context1,47,cachebridge_weighted_ridge,688,0,0,Causal attention: 2*L^2*D MAC/sequence plus source-to-KV map; eager CPU latency measured,0.00442034300067462,attention_output_MSE,1.1643091005208994e-12,attention_KL,3.734699660640217e-09,fresh query audit; target argmax-key NLL 0.7538999319076538; aligned maps
aligned_w23_context2,47,cachebridge_weighted_ridge,688,0,0,Causal attention: 2*L^2*D MAC/sequence plus source-to-KV map; eager CPU latency measured,0.00442034300067462,attention_output_MSE,3.6211002729311104e-13,attention_KL,-4.959918586955325e-10,fresh query audit; target argmax-key NLL 0.7518887519836426; aligned maps
aligned_w23_context3,47,cachebridge_weighted_ridge,688,0,0,Causal attention: 2*L^2*D MAC/sequence plus source-to-KV map; eager CPU latency measured,0.00442034300067462,attention_output_MSE,4.713393846229874e-13,attention_KL,-1.938687876901213e-09,fresh query audit; target argmax-key NLL 0.7714051604270935; aligned maps
aligned_w23_context0,59,cachebridge_weighted_ridge,688,0,0,Causal attention: 2*L^2*D MAC/sequence plus source-to-KV map; eager CPU latency measured,0.0043895960043300875,attention_output_MSE,1.519091791376756e-13,attention_KL,3.972232764937189e-09,fresh query audit; target argmax-key NLL 0.7376695871353149; aligned maps
aligned_w23_context1,59,cachebridge_weighted_ridge,688,0,0,Causal attention: 2*L^2*D MAC/sequence plus source-to-KV map; eager CPU latency measured,0.0043895960043300875,attention_output_MSE,1.1643091005208994e-12,attention_KL,3.734699660640217e-09,fresh query audit; target argmax-key NLL 0.7538999319076538; aligned maps
aligned_w23_context2,59,cachebridge_weighted_ridge,688,0,0,Causal attention: 2*L^2*D MAC/sequence plus source-to-KV map; eager CPU latency measured,0.0043895960043300875,attention_output_MSE,3.6211002729311104e-13,attention_KL,-4.959918586955325e-10,fresh query audit; target argmax-key NLL 0.7518887519836426; aligned maps
aligned_w23_context3,59,cachebridge_weighted_ridge,688,0,0,Causal attention: 2*L^2*D MAC/sequence plus source-to-KV map; eager CPU latency measured,0.0043895960043300875,attention_output_MSE,4.713393846229874e-13,attention_KL,-1.938687876901213e-09,fresh query audit; target argmax-key NLL 0.7714051604270935; aligned maps
independent_w23_context0,31,cachebridge_weighted_ridge,688,0,0,Causal attention: 2*L^2*D MAC/sequence plus source-to-KV map; eager CPU latency measured,0.004371247996459715,attention_output_MSE,1.0209169664168738e-12,attention_KL,3.16883408402191e-09,fresh query audit; target argmax-key NLL 0.689382791519165; independent maps
independent_w23_context1,31,cachebridge_weighted_ridge,688,0,0,Causal attention: 2*L^2*D MAC/sequence plus source-to-KV map; eager CPU latency measured,0.004371247996459715,attention_output_MSE,1.1607972612640016e-12,attention_KL,1.326592169448304e-09,fresh query audit; target argmax-key NLL 0.7460259199142456; independent maps
independent_w23_context2,31,cachebridge_weighted_ridge,688,0,0,Causal attention: 2*L^2*D MAC/sequence plus source-to-KV map; eager CPU latency measured,0.004371247996459715,attention_output_MSE,3.652223109443936e-13,attention_KL,1.699053231440928e-09,fresh query audit; target argmax-key NLL 0.7382090091705322; independent maps
independent_w23_context3,31,cachebridge_weighted_ridge,688,0,0,Causal attention: 2*L^2*D MAC/sequence plus source-to-KV map; eager CPU latency measured,0.004371247996459715,attention_output_MSE,7.313863056856995e-13,attention_KL,-2.1510484504716487e-09,fresh query audit; target argmax-key NLL 0.7375459671020508; independent maps
independent_w23_context0,47,cachebridge_weighted_ridge,688,0,0,Causal attention: 2*L^2*D MAC/sequence plus source-to-KV map; eager CPU latency measured,0.0042946319954353385,attention_output_MSE,1.0209169664168738e-12,attention_KL,3.16883408402191e-09,fresh query audit; target argmax-key NLL 0.689382791519165; independent maps
independent_w23_context1,47,cachebridge_weighted_ridge,688,0,0,Causal attention: 2*L^2*D MAC/sequence plus source-to-KV map; eager CPU latency measured,0.0042946319954353385,attention_output_MSE,1.1607972612640016e-12,attention_KL,1.326592169448304e-09,fresh query audit; target argmax-key NLL 0.7460259199142456; independent maps
independent_w23_context2,47,cachebridge_weighted_ridge,688,0,0,Causal attention: 2*L^2*D MAC/sequence plus source-to-KV map; eager CPU latency measured,0.0042946319954353385,attention_output_MSE,3.652223109443936e-13,attention_KL,1.699053231440928e-09,fresh query audit; target argmax-key NLL 0.7382090091705322; independent maps
independent_w23_context3,47,cachebridge_weighted_ridge,688,0,0,Causal attention: 2*L^2*D MAC/sequence plus source-to-KV map; eager CPU latency measured,0.0042946319954353385,attention_output_MSE,7.313863056856995e-13,attention_KL,-2.1510484504716487e-09,fresh query audit; target argmax-key NLL 0.7375459671020508; independent maps
independent_w23_context0,59,cachebridge_weighted_ridge,688,0,0,Causal attention: 2*L^2*D MAC/sequence plus source-to-KV map; eager CPU latency measured,0.0042333410019637085,attention_output_MSE,1.0209169664168738e-12,attention_KL,3.16883408402191e-09,fresh query audit; target argmax-key NLL 0.689382791519165; independent maps
independent_w23_context1,59,cachebridge_weighted_ridge,688,0,0,Causal attention: 2*L^2*D MAC/sequence plus source-to-KV map; eager CPU latency measured,0.0042333410019637085,attention_output_MSE,1.1607972612640016e-12,attention_KL,1.326592169448304e-09,fresh query audit; target argmax-key NLL 0.7460259199142456; independent maps
independent_w23_context2,59,cachebridge_weighted_ridge,688,0,0,Causal attention: 2*L^2*D MAC/sequence plus source-to-KV map; eager CPU latency measured,0.0042333410019637085,attention_output_MSE,3.652223109443936e-13,attention_KL,1.699053231440928e-09,fresh query audit; target argmax-key NLL 0.7382090091705322; independent maps
independent_w23_context3,59,cachebridge_weighted_ridge,688,0,0,Causal attention: 2*L^2*D MAC/sequence plus source-to-KV map; eager CPU latency measured,0.0042333410019637085,attention_output_MSE,7.313863056856995e-13,attention_KL,-2.1510484504716487e-09,fresh query audit; target argmax-key NLL 0.7375459671020508; independent maps
aligned_w11_context0,31,mirror_raw,336,12800,400,Causal attention: 2*L^2*D MAC/sequence plus source-to-KV map; eager CPU latency measured,1.2908530269996845,attention_output_MSE,2.015672784932976e-12,attention_KL,-1.4849487195434108e-09,fresh query audit; target argmax-key NLL 0.8088048100471497; aligned maps
aligned_w11_context1,31,mirror_raw,336,12800,400,Causal attention: 2*L^2*D MAC/sequence plus source-to-KV map; eager CPU latency measured,1.2908530269996845,attention_output_MSE,1.0360609072057603e-11,attention_KL,-3.5601188663747507e-09,fresh query audit; target argmax-key NLL 0.7996950745582581; aligned maps
aligned_w11_context2,31,mirror_raw,336,12800,400,Causal attention: 2*L^2*D MAC/sequence plus source-to-KV map; eager CPU latency measured,1.2908530269996845,attention_output_MSE,8.727973205280293e-12,attention_KL,1.2024694573398165e-09,fresh query audit; target argmax-key NLL 0.7986036539077759; aligned maps
aligned_w11_context3,31,mirror_raw,336,12800,400,Causal attention: 2*L^2*D MAC/sequence plus source-to-KV map; eager CPU latency measured,1.2908530269996845,attention_output_MSE,1.8517147450797244e-12,attention_KL,3.2109572778438178e-09,fresh query audit; target argmax-key NLL 0.8110450506210327; aligned maps
aligned_w11_context0,47,mirror_raw,336,12800,400,Causal attention: 2*L^2*D MAC/sequence plus source-to-KV map; eager CPU latency measured,1.2794248900027014,attention_output_MSE,2.9150941101112327e-13,attention_KL,-3.3094331719496495e-09,fresh query audit; target argmax-key NLL 0.8088048100471497; aligned maps
aligned_w11_context1,47,mirror_raw,336,12800,400,Causal attention: 2*L^2*D MAC/sequence plus source-to-KV map; eager CPU latency measured,1.2794248900027014,attention_output_MSE,5.850898108020197e-13,attention_KL,-1.7758806647449887e-09,fresh query audit; target argmax-key NLL 0.7996950745582581; aligned maps
aligned_w11_context2,47,mirror_raw,336,12800,400,Causal attention: 2*L^2*D MAC/sequence plus source-to-KV map; eager CPU latency measured,1.2794248900027014,attention_output_MSE,9.341071752905217e-13,attention_KL,-1.0134186823052005e-09,fresh query audit; target argmax-key NLL 0.7986036539077759; aligned maps
aligned_w11_context3,47,mirror_raw,336,12800,400,Causal attention: 2*L^2*D MAC/sequence plus source-to-KV map; eager CPU latency measured,1.2794248900027014,attention_output_MSE,3.402808904876681e-13,attention_KL,4.071351256129674e-09,fresh query audit; target argmax-key NLL 0.8110449910163879; aligned maps
aligned_w11_context0,59,mirror_raw,336,12800,400,Causal attention: 2*L^2*D MAC/sequence plus source-to-KV map; eager CPU latency measured,1.2791113979983493,attention_output_MSE,6.698652483400069e-12,attention_KL,1.1072698313796536e-11,fresh query audit; target argmax-key NLL 0.8088048696517944; aligned maps
aligned_w11_context1,59,mirror_raw,336,12800,400,Causal attention: 2*L^2*D MAC/sequence plus source-to-KV map; eager CPU latency measured,1.2791113979983493,attention_output_MSE,2.407637422763287e-10,attention_KL,-2.981150326597515e-10,fresh query audit; target argmax-key NLL 0.7996945977210999; aligned maps
aligned_w11_context2,59,mirror_raw,336,12800,400,Causal attention: 2*L^2*D MAC/sequence plus source-to-KV map; eager CPU latency measured,1.2791113979983493,attention_output_MSE,2.3934521031776512e-11,attention_KL,-2.05829442379013e-09,fresh query audit; target argmax-key NLL 0.7986039519309998; aligned maps
aligned_w11_context3,59,mirror_raw,336,12800,400,Causal attention: 2*L^2*D MAC/sequence plus source-to-KV map; eager CPU latency measured,1.2791113979983493,attention_output_MSE,8.768579612405958e-12,attention_KL,2.1492824187063775e-10,fresh query audit; target argmax-key NLL 0.8110451698303223; aligned maps
independent_w11_context0,31,mirror_raw,336,12800,400,Causal attention: 2*L^2*D MAC/sequence plus source-to-KV map; eager CPU latency measured,1.2305548149961396,attention_output_MSE,0.26329749822616577,attention_KL,0.22994716465473175,fresh query audit; target argmax-key NLL 1.2931979894638062; independent maps
independent_w11_context1,31,mirror_raw,336,12800,400,Causal attention: 2*L^2*D MAC/sequence plus source-to-KV map; eager CPU latency measured,1.2305548149961396,attention_output_MSE,0.3535911738872528,attention_KL,0.15233901143074036,fresh query audit; target argmax-key NLL 1.1470263004302979; independent maps
independent_w11_context2,31,mirror_raw,336,12800,400,Causal attention: 2*L^2*D MAC/sequence plus source-to-KV map; eager CPU latency measured,1.2305548149961396,attention_output_MSE,0.1879771649837494,attention_KL,0.09354850649833679,fresh query audit; target argmax-key NLL 1.0820045471191406; independent maps
independent_w11_context3,31,mirror_raw,336,12800,400,Causal attention: 2*L^2*D MAC/sequence plus source-to-KV map; eager CPU latency measured,1.2305548149961396,attention_output_MSE,0.2655755877494812,attention_KL,0.15470992028713226,fresh query audit; target argmax-key NLL 1.1047474145889282; independent maps
independent_w11_context0,47,mirror_raw,336,12800,400,Causal attention: 2*L^2*D MAC/sequence plus source-to-KV map; eager CPU latency measured,1.232556762995955,attention_output_MSE,0.23964428901672363,attention_KL,0.1846420168876648,fresh query audit; target argmax-key NLL 1.186510443687439; independent maps
independent_w11_context1,47,mirror_raw,336,12800,400,Causal attention: 2*L^2*D MAC/sequence plus source-to-KV map; eager CPU latency measured,1.232556762995955,attention_output_MSE,0.37783685326576233,attention_KL,0.16375680267810822,fresh query audit; target argmax-key NLL 1.1559548377990723; independent maps
independent_w11_context2,47,mirror_raw,336,12800,400,Causal attention: 2*L^2*D MAC/sequence plus source-to-KV map; eager CPU latency measured,1.232556762995955,attention_output_MSE,0.2343393713235855,attention_KL,0.1464720368385315,fresh query audit; target argmax-key NLL 1.1624833345413208; independent maps
independent_w11_context3,47,mirror_raw,336,12800,400,Causal attention: 2*L^2*D MAC/sequence plus source-to-KV map; eager CPU latency measured,1.232556762995955,attention_output_MSE,0.22060902416706085,attention_KL,0.09694547951221466,fresh query audit; target argmax-key NLL 1.0062527656555176; independent maps
independent_w11_context0,59,mirror_raw,336,12800,400,Causal attention: 2*L^2*D MAC/sequence plus source-to-KV map; eager CPU latency measured,1.226762062004127,attention_output_MSE,0.2575794756412506,attention_KL,0.18711188435554504,fresh query audit; target argmax-key NLL 1.1991426944732666; independent maps
independent_w11_context1,59,mirror_raw,336,12800,400,Causal attention: 2*L^2*D MAC/sequence plus source-to-KV map; eager CPU latency measured,1.226762062004127,attention_output_MSE,0.3344612121582031,attention_KL,0.1481865644454956,fresh query audit; target argmax-key NLL 1.139765977859497; independent maps
independent_w11_context2,59,mirror_raw,336,12800,400,Causal attention: 2*L^2*D MAC/sequence plus source-to-KV map; eager CPU latency measured,1.226762062004127,attention_output_MSE,0.17357826232910156,attention_KL,0.09979499131441116,fresh query audit; target argmax-key NLL 1.0916359424591064; independent maps
independent_w11_context3,59,mirror_raw,336,12800,400,Causal attention: 2*L^2*D MAC/sequence plus source-to-KV map; eager CPU latency measured,1.226762062004127,attention_output_MSE,0.288954496383667,attention_KL,0.14765198528766632,fresh query audit; target argmax-key NLL 1.0917640924453735; independent maps
aligned_w17_context0,31,mirror_raw,336,12800,400,Causal attention: 2*L^2*D MAC/sequence plus source-to-KV map; eager CPU latency measured,1.284538893996796,attention_output_MSE,4.210256587811045e-09,attention_KL,-5.61499624573969e-10,fresh query audit; target argmax-key NLL 0.6446558237075806; aligned maps
aligned_w17_context1,31,mirror_raw,336,12800,400,Causal attention: 2*L^2*D MAC/sequence plus source-to-KV map; eager CPU latency measured,1.284538893996796,attention_output_MSE,4.350360516269802e-09,attention_KL,-4.4793444509139135e-09,fresh query audit; target argmax-key NLL 0.671533465385437; aligned maps
aligned_w17_context2,31,mirror_raw,336,12800,400,Causal attention: 2*L^2*D MAC/sequence plus source-to-KV map; eager CPU latency measured,1.284538893996796,attention_output_MSE,4.316915269697574e-09,attention_KL,-4.174732504136358e-10,fresh query audit; target argmax-key NLL 0.6667522192001343; aligned maps
aligned_w17_context3,31,mirror_raw,336,12800,400,Causal attention: 2*L^2*D MAC/sequence plus source-to-KV map; eager CPU latency measured,1.284538893996796,attention_output_MSE,4.078606785640204e-09,attention_KL,-2.445320834709719e-09,fresh query audit; target argmax-key NLL 0.6807911992073059; aligned maps
aligned_w17_context0,47,mirror_raw,336,12800,400,Causal attention: 2*L^2*D MAC/sequence plus source-to-KV map; eager CPU latency measured,1.2822428930012393,attention_output_MSE,1.6390579560265905e-08,attention_KL,2.566938661630047e-08,fresh query audit; target argmax-key NLL 0.6446653604507446; aligned maps
aligned_w17_context1,47,mirror_raw,336,12800,400,Causal attention: 2*L^2*D MAC/sequence plus source-to-KV map; eager CPU latency measured,1.2822428930012393,attention_output_MSE,7.664424650499768e-09,attention_KL,6.71316913170017e-09,fresh query audit; target argmax-key NLL 0.6715368032455444; aligned maps
aligned_w17_context2,47,mirror_raw,336,12800,400,Causal attention: 2*L^2*D MAC/sequence plus source-to-KV map; eager CPU latency measured,1.2822428930012393,attention_output_MSE,5.453181017855968e-09,attention_KL,6.448194422858933e-09,fresh query audit; target argmax-key NLL 0.6667563319206238; aligned maps
aligned_w17_context3,47,mirror_raw,336,12800,400,Causal attention: 2*L^2*D MAC/sequence plus source-to-KV map; eager CPU latency measured,1.2822428930012393,attention_output_MSE,4.567180803860538e-05,attention_KL,5.8450037613511086e-05,fresh query audit; target argmax-key NLL 0.68099445104599; aligned maps
aligned_w17_context0,59,mirror_raw,336,12800,400,Causal attention: 2*L^2*D MAC/sequence plus source-to-KV map; eager CPU latency measured,1.282158100999368,attention_output_MSE,5.5540128052200544e-11,attention_KL,4.179132595538704e-10,fresh query audit; target argmax-key NLL 0.6446572542190552; aligned maps
aligned_w17_context1,59,mirror_raw,336,12800,400,Causal attention: 2*L^2*D MAC/sequence plus source-to-KV map; eager CPU latency measured,1.282158100999368,attention_output_MSE,5.0893400604934413e-11,attention_KL,6.899689153350153e-10,fresh query audit; target argmax-key NLL 0.6715347170829773; aligned maps
aligned_w17_context2,59,mirror_raw,336,12800,400,Causal attention: 2*L^2*D MAC/sequence plus source-to-KV map; eager CPU latency measured,1.282158100999368,attention_output_MSE,4.8919035489092266e-11,attention_KL,-2.413561128733477e-09,fresh query audit; target argmax-key NLL 0.6667538285255432; aligned maps
aligned_w17_context3,59,mirror_raw,336,12800,400,Causal attention: 2*L^2*D MAC/sequence plus source-to-KV map; eager CPU latency measured,1.282158100999368,attention_output_MSE,6.500514709850691e-11,attention_KL,-2.434882295787588e-10,fresh query audit; target argmax-key NLL 0.6807926297187805; aligned maps
independent_w17_context0,31,mirror_raw,336,12800,400,Causal attention: 2*L^2*D MAC/sequence plus source-to-KV map; eager CPU latency measured,1.2295270410031662,attention_output_MSE,0.2618657052516937,attention_KL,0.09940844029188156,fresh query audit; target argmax-key NLL 0.9908639788627625; independent maps
independent_w17_context1,31,mirror_raw,336,12800,400,Causal attention: 2*L^2*D MAC/sequence plus source-to-KV map; eager CPU latency measured,1.2295270410031662,attention_output_MSE,0.33506354689598083,attention_KL,0.09391571581363678,fresh query audit; target argmax-key NLL 1.0173877477645874; independent maps
independent_w17_context2,31,mirror_raw,336,12800,400,Causal attention: 2*L^2*D MAC/sequence plus source-to-KV map; eager CPU latency measured,1.2295270410031662,attention_output_MSE,0.2973587214946747,attention_KL,0.1319429576396942,fresh query audit; target argmax-key NLL 1.1717438697814941; independent maps
independent_w17_context3,31,mirror_raw,336,12800,400,Causal attention: 2*L^2*D MAC/sequence plus source-to-KV map; eager CPU latency measured,1.2295270410031662,attention_output_MSE,0.16800925135612488,attention_KL,0.09921829402446747,fresh query audit; target argmax-key NLL 1.0731754302978516; independent maps
independent_w17_context0,47,mirror_raw,336,12800,400,Causal attention: 2*L^2*D MAC/sequence plus source-to-KV map; eager CPU latency measured,1.221214870995027,attention_output_MSE,0.2693811357021332,attention_KL,0.10694965720176697,fresh query audit; target argmax-key NLL 1.011694312095642; independent maps
independent_w17_context1,47,mirror_raw,336,12800,400,Causal attention: 2*L^2*D MAC/sequence plus source-to-KV map; eager CPU latency measured,1.221214870995027,attention_output_MSE,0.4386822581291199,attention_KL,0.11585839837789536,fresh query audit; target argmax-key NLL 1.0633662939071655; independent maps
independent_w17_context2,47,mirror_raw,336,12800,400,Causal attention: 2*L^2*D MAC/sequence plus source-to-KV map; eager CPU latency measured,1.221214870995027,attention_output_MSE,0.26570504903793335,attention_KL,0.10266458988189697,fresh query audit; target argmax-key NLL 1.1193244457244873; independent maps
independent_w17_context3,47,mirror_raw,336,12800,400,Causal attention: 2*L^2*D MAC/sequence plus source-to-KV map; eager CPU latency measured,1.221214870995027,attention_output_MSE,0.13874825835227966,attention_KL,0.09292882680892944,fresh query audit; target argmax-key NLL 1.0709960460662842; independent maps
independent_w17_context0,59,mirror_raw,336,12800,400,Causal attention: 2*L^2*D MAC/sequence plus source-to-KV map; eager CPU latency measured,1.213965957002074,attention_output_MSE,0.29896652698516846,attention_KL,0.11480999737977982,fresh query audit; target argmax-key NLL 1.0234366655349731; independent maps
independent_w17_context1,59,mirror_raw,336,12800,400,Causal attention: 2*L^2*D MAC/sequence plus source-to-KV map; eager CPU latency measured,1.213965957002074,attention_output_MSE,0.3830585479736328,attention_KL,0.10114937275648117,fresh query audit; target argmax-key NLL 1.0413591861724854; independent maps
independent_w17_context2,59,mirror_raw,336,12800,400,Causal attention: 2*L^2*D MAC/sequence plus source-to-KV map; eager CPU latency measured,1.213965957002074,attention_output_MSE,0.2560233175754547,attention_KL,0.09847430884838104,fresh query audit; target argmax-key NLL 1.1119916439056396; independent maps
independent_w17_context3,59,mirror_raw,336,12800,400,Causal attention: 2*L^2*D MAC/sequence plus source-to-KV map; eager CPU latency measured,1.213965957002074,attention_output_MSE,0.17221590876579285,attention_KL,0.10016252100467682,fresh query audit; target argmax-key NLL 1.0878841876983643; independent maps
aligned_w23_context0,31,mirror_raw,336,12800,400,Causal attention: 2*L^2*D MAC/sequence plus source-to-KV map; eager CPU latency measured,1.2724951619966305,attention_output_MSE,4.3821941630994843e-07,attention_KL,9.361845743072195e-10,fresh query audit; target argmax-key NLL 0.7376709580421448; aligned maps
aligned_w23_context1,31,mirror_raw,336,12800,400,Causal attention: 2*L^2*D MAC/sequence plus source-to-KV map; eager CPU latency measured,1.2724951619966305,attention_output_MSE,5.386795010053902e-07,attention_KL,1.5410086540157408e-09,fresh query audit; target argmax-key NLL 0.7539012432098389; aligned maps
aligned_w23_context2,31,mirror_raw,336,12800,400,Causal attention: 2*L^2*D MAC/sequence plus source-to-KV map; eager CPU latency measured,1.2724951619966305,attention_output_MSE,5.373405542741239e-07,attention_KL,-1.2847712893560015e-09,fresh query audit; target argmax-key NLL 0.7518895864486694; aligned maps
aligned_w23_context3,31,mirror_raw,336,12800,400,Causal attention: 2*L^2*D MAC/sequence plus source-to-KV map; eager CPU latency measured,1.2724951619966305,attention_output_MSE,5.477320428326493e-07,attention_KL,-3.1329763228171714e-09,fresh query audit; target argmax-key NLL 0.7714059352874756; aligned maps
aligned_w23_context0,47,mirror_raw,336,12800,400,Causal attention: 2*L^2*D MAC/sequence plus source-to-KV map; eager CPU latency measured,1.2706535789984628,attention_output_MSE,2.6508337747088717e-09,attention_KL,6.3717875420366e-09,fresh query audit; target argmax-key NLL 0.7377060651779175; aligned maps
aligned_w23_context1,47,mirror_raw,336,12800,400,Causal attention: 2*L^2*D MAC/sequence plus source-to-KV map; eager CPU latency measured,1.2706535789984628,attention_output_MSE,2.967013967847265e-09,attention_KL,5.656591195446481e-09,fresh query audit; target argmax-key NLL 0.753931999206543; aligned maps
aligned_w23_context2,47,mirror_raw,336,12800,400,Causal attention: 2*L^2*D MAC/sequence plus source-to-KV map; eager CPU latency measured,1.2706535789984628,attention_output_MSE,2.453865333151839e-09,attention_KL,1.1538485722439873e-09,fresh query audit; target argmax-key NLL 0.7519270181655884; aligned maps
aligned_w23_context3,47,mirror_raw,336,12800,400,Causal attention: 2*L^2*D MAC/sequence plus source-to-KV map; eager CPU latency measured,1.2706535789984628,attention_output_MSE,2.381501884585191e-09,attention_KL,5.359692689665962e-10,fresh query audit; target argmax-key NLL 0.7714375257492065; aligned maps
aligned_w23_context0,59,mirror_raw,336,12800,400,Causal attention: 2*L^2*D MAC/sequence plus source-to-KV map; eager CPU latency measured,1.2652411529998062,attention_output_MSE,4.500759587244829e-08,attention_KL,1.5364090000247188e-09,fresh query audit; target argmax-key NLL 0.737675666809082; aligned maps
aligned_w23_context1,59,mirror_raw,336,12800,400,Causal attention: 2*L^2*D MAC/sequence plus source-to-KV map; eager CPU latency measured,1.2652411529998062,attention_output_MSE,5.4028227225444425e-08,attention_KL,7.276890756635623e-10,fresh query audit; target argmax-key NLL 0.7539053559303284; aligned maps
aligned_w23_context2,59,mirror_raw,336,12800,400,Causal attention: 2*L^2*D MAC/sequence plus source-to-KV map; eager CPU latency measured,1.2652411529998062,attention_output_MSE,5.3450669668109185e-08,attention_KL,-1.6381976886137295e-09,fresh query audit; target argmax-key NLL 0.7518946528434753; aligned maps
aligned_w23_context3,59,mirror_raw,336,12800,400,Causal attention: 2*L^2*D MAC/sequence plus source-to-KV map; eager CPU latency measured,1.2652411529998062,attention_output_MSE,5.456465856923387e-08,attention_KL,-1.520799486343094e-09,fresh query audit; target argmax-key NLL 0.771410346031189; aligned maps
independent_w23_context0,31,mirror_raw,336,12800,400,Causal attention: 2*L^2*D MAC/sequence plus source-to-KV map; eager CPU latency measured,1.2257870020039263,attention_output_MSE,0.30895742774009705,attention_KL,0.0774572491645813,fresh query audit; target argmax-key NLL 0.9109992980957031; independent maps
independent_w23_context1,31,mirror_raw,336,12800,400,Causal attention: 2*L^2*D MAC/sequence plus source-to-KV map; eager CPU latency measured,1.2257870020039263,attention_output_MSE,0.42215660214424133,attention_KL,0.06886632740497589,fresh query audit; target argmax-key NLL 0.9312295913696289; independent maps
independent_w23_context2,31,mirror_raw,336,12800,400,Causal attention: 2*L^2*D MAC/sequence plus source-to-KV map; eager CPU latency measured,1.2257870020039263,attention_output_MSE,0.5019339323043823,attention_KL,0.24963457882404327,fresh query audit; target argmax-key NLL 1.246466875076294; independent maps
independent_w23_context3,31,mirror_raw,336,12800,400,Causal attention: 2*L^2*D MAC/sequence plus source-to-KV map; eager CPU latency measured,1.2257870020039263,attention_output_MSE,0.4637143611907959,attention_KL,0.12588882446289062,fresh query audit; target argmax-key NLL 1.0301673412322998; independent maps
independent_w23_context0,47,mirror_raw,336,12800,400,Causal attention: 2*L^2*D MAC/sequence plus source-to-KV map; eager CPU latency measured,1.247334599000169,attention_output_MSE,0.41420942544937134,attention_KL,0.1080688089132309,fresh query audit; target argmax-key NLL 0.9666886329650879; independent maps
independent_w23_context1,47,mirror_raw,336,12800,400,Causal attention: 2*L^2*D MAC/sequence plus source-to-KV map; eager CPU latency measured,1.247334599000169,attention_output_MSE,0.5249949097633362,attention_KL,0.08718672394752502,fresh query audit; target argmax-key NLL 0.964335560798645; independent maps
independent_w23_context2,47,mirror_raw,336,12800,400,Causal attention: 2*L^2*D MAC/sequence plus source-to-KV map; eager CPU latency measured,1.247334599000169,attention_output_MSE,0.4062637388706207,attention_KL,0.2109820693731308,fresh query audit; target argmax-key NLL 1.1854788064956665; independent maps
independent_w23_context3,47,mirror_raw,336,12800,400,Causal attention: 2*L^2*D MAC/sequence plus source-to-KV map; eager CPU latency measured,1.247334599000169,attention_output_MSE,0.3115815222263336,attention_KL,0.10298293828964233,fresh query audit; target argmax-key NLL 0.995046854019165; independent maps
independent_w23_context0,59,mirror_raw,336,12800,400,Causal attention: 2*L^2*D MAC/sequence plus source-to-KV map; eager CPU latency measured,1.2257134369938285,attention_output_MSE,0.37009090185165405,attention_KL,0.0895567238330841,fresh query audit; target argmax-key NLL 0.9400619268417358; independent maps
independent_w23_context1,59,mirror_raw,336,12800,400,Causal attention: 2*L^2*D MAC/sequence plus source-to-KV map; eager CPU latency measured,1.2257134369938285,attention_output_MSE,0.5881850719451904,attention_KL,0.0995965525507927,fresh query audit; target argmax-key NLL 0.9892103672027588; independent maps
independent_w23_context2,59,mirror_raw,336,12800,400,Causal attention: 2*L^2*D MAC/sequence plus source-to-KV map; eager CPU latency measured,1.2257134369938285,attention_output_MSE,0.37128913402557373,attention_KL,0.19784049689769745,fresh query audit; target argmax-key NLL 1.1706377267837524; independent maps
independent_w23_context3,59,mirror_raw,336,12800,400,Causal attention: 2*L^2*D MAC/sequence plus source-to-KV map; eager CPU latency measured,1.2257134369938285,attention_output_MSE,0.38026902079582214,attention_KL,0.12689681351184845,fresh query audit; target argmax-key NLL 1.0395057201385498; independent maps
aligned_w11_context0,31,mirror_attention,336,14400,450,Causal attention: 2*L^2*D MAC/sequence plus source-to-KV map; eager CPU latency measured,1.5200607450024108,attention_output_MSE,1.83207720776948e-14,attention_KL,-1.1342229377930835e-09,fresh query audit; target argmax-key NLL 0.8088048100471497; aligned maps
aligned_w11_context1,31,mirror_attention,336,14400,450,Causal attention: 2*L^2*D MAC/sequence plus source-to-KV map; eager CPU latency measured,1.5200607450024108,attention_output_MSE,2.1439362736302633e-14,attention_KL,-2.309858082583105e-09,fresh query audit; target argmax-key NLL 0.7996950745582581; aligned maps
aligned_w11_context2,31,mirror_attention,336,14400,450,Causal attention: 2*L^2*D MAC/sequence plus source-to-KV map; eager CPU latency measured,1.5200607450024108,attention_output_MSE,2.092605060587116e-14,attention_KL,1.2764358459094183e-09,fresh query audit; target argmax-key NLL 0.7986036539077759; aligned maps
aligned_w11_context3,31,mirror_attention,336,14400,450,Causal attention: 2*L^2*D MAC/sequence plus source-to-KV map; eager CPU latency measured,1.5200607450024108,attention_output_MSE,1.276162030596547e-14,attention_KL,2.3601656184979447e-09,fresh query audit; target argmax-key NLL 0.8110449910163879; aligned maps
aligned_w11_context0,47,mirror_attention,336,14400,450,Causal attention: 2*L^2*D MAC/sequence plus source-to-KV map; eager CPU latency measured,1.4830711199974758,attention_output_MSE,4.147109223954018e-14,attention_KL,-3.263380676798988e-09,fresh query audit; target argmax-key NLL 0.8088049292564392; aligned maps
aligned_w11_context1,47,mirror_attention,336,14400,450,Causal attention: 2*L^2*D MAC/sequence plus source-to-KV map; eager CPU latency measured,1.4830711199974758,attention_output_MSE,2.927231008043214e-14,attention_KL,-3.5711500423474263e-09,fresh query audit; target argmax-key NLL 0.7996951937675476; aligned maps
aligned_w11_context2,47,mirror_attention,336,14400,450,Causal attention: 2*L^2*D MAC/sequence plus source-to-KV map; eager CPU latency measured,1.4830711199974758,attention_output_MSE,2.0558255347646187e-13,attention_KL,6.452998135841881e-10,fresh query audit; target argmax-key NLL 0.7986037135124207; aligned maps
aligned_w11_context3,47,mirror_attention,336,14400,450,Causal attention: 2*L^2*D MAC/sequence plus source-to-KV map; eager CPU latency measured,1.4830711199974758,attention_output_MSE,5.6575797107057124e-14,attention_KL,3.6266929459571884e-09,fresh query audit; target argmax-key NLL 0.8110450506210327; aligned maps
aligned_w11_context0,59,mirror_attention,336,14400,450,Causal attention: 2*L^2*D MAC/sequence plus source-to-KV map; eager CPU latency measured,1.5006035289989086,attention_output_MSE,2.425678744238241e-13,attention_KL,-1.8615821106848784e-09,fresh query audit; target argmax-key NLL 0.8088048696517944; aligned maps
aligned_w11_context1,59,mirror_attention,336,14400,450,Causal attention: 2*L^2*D MAC/sequence plus source-to-KV map; eager CPU latency measured,1.5006035289989086,attention_output_MSE,9.397382638763954e-14,attention_KL,-1.5432881639299012e-09,fresh query audit; target argmax-key NLL 0.7996951341629028; aligned maps
aligned_w11_context2,59,mirror_attention,336,14400,450,Causal attention: 2*L^2*D MAC/sequence plus source-to-KV map; eager CPU latency measured,1.5006035289989086,attention_output_MSE,1.7463764809266813e-13,attention_KL,1.2986350883537057e-10,fresh query audit; target argmax-key NLL 0.7986036539077759; aligned maps
aligned_w11_context3,59,mirror_attention,336,14400,450,Causal attention: 2*L^2*D MAC/sequence plus source-to-KV map; eager CPU latency measured,1.5006035289989086,attention_output_MSE,7.176568638401354e-14,attention_KL,2.126852249872968e-09,fresh query audit; target argmax-key NLL 0.8110449910163879; aligned maps
independent_w11_context0,31,mirror_attention,336,14400,450,Causal attention: 2*L^2*D MAC/sequence plus source-to-KV map; eager CPU latency measured,1.5919277549983235,attention_output_MSE,0.2953000068664551,attention_KL,0.22739514708518982,fresh query audit; target argmax-key NLL 1.3193014860153198; independent maps
independent_w11_context1,31,mirror_attention,336,14400,450,Causal attention: 2*L^2*D MAC/sequence plus source-to-KV map; eager CPU latency measured,1.5919277549983235,attention_output_MSE,0.29013174772262573,attention_KL,0.08429688960313797,fresh query audit; target argmax-key NLL 1.0345993041992188; independent maps
independent_w11_context2,31,mirror_attention,336,14400,450,Causal attention: 2*L^2*D MAC/sequence plus source-to-KV map; eager CPU latency measured,1.5919277549983235,attention_output_MSE,0.17947447299957275,attention_KL,0.09695781022310257,fresh query audit; target argmax-key NLL 1.0987104177474976; independent maps
independent_w11_context3,31,mirror_attention,336,14400,450,Causal attention: 2*L^2*D MAC/sequence plus source-to-KV map; eager CPU latency measured,1.5919277549983235,attention_output_MSE,0.28474873304367065,attention_KL,0.17394545674324036,fresh query audit; target argmax-key NLL 1.15594482421875; independent maps
independent_w11_context0,47,mirror_attention,336,14400,450,Causal attention: 2*L^2*D MAC/sequence plus source-to-KV map; eager CPU latency measured,1.456178271000681,attention_output_MSE,0.27476316690444946,attention_KL,0.1810002624988556,fresh query audit; target argmax-key NLL 1.20429265499115; independent maps
independent_w11_context1,47,mirror_attention,336,14400,450,Causal attention: 2*L^2*D MAC/sequence plus source-to-KV map; eager CPU latency measured,1.456178271000681,attention_output_MSE,0.3120535612106323,attention_KL,0.1148172914981842,fresh query audit; target argmax-key NLL 1.0907069444656372; independent maps
independent_w11_context2,47,mirror_attention,336,14400,450,Causal attention: 2*L^2*D MAC/sequence plus source-to-KV map; eager CPU latency measured,1.456178271000681,attention_output_MSE,0.17344938218593597,attention_KL,0.10418836772441864,fresh query audit; target argmax-key NLL 1.1166183948516846; independent maps
independent_w11_context3,47,mirror_attention,336,14400,450,Causal attention: 2*L^2*D MAC/sequence plus source-to-KV map; eager CPU latency measured,1.456178271000681,attention_output_MSE,0.2834171652793884,attention_KL,0.14311964809894562,fresh query audit; target argmax-key NLL 1.1035268306732178; independent maps
independent_w11_context0,59,mirror_attention,336,14400,450,Causal attention: 2*L^2*D MAC/sequence plus source-to-KV map; eager CPU latency measured,1.52892818699911,attention_output_MSE,0.21585460007190704,attention_KL,0.13580401241779327,fresh query audit; target argmax-key NLL 1.1315603256225586; independent maps
independent_w11_context1,59,mirror_attention,336,14400,450,Causal attention: 2*L^2*D MAC/sequence plus source-to-KV map; eager CPU latency measured,1.52892818699911,attention_output_MSE,0.3407272398471832,attention_KL,0.14717811346054077,fresh query audit; target argmax-key NLL 1.1480088233947754; independent maps
independent_w11_context2,59,mirror_attention,336,14400,450,Causal attention: 2*L^2*D MAC/sequence plus source-to-KV map; eager CPU latency measured,1.52892818699911,attention_output_MSE,0.23521214723587036,attention_KL,0.14670473337173462,fresh query audit; target argmax-key NLL 1.201319694519043; independent maps
independent_w11_context3,59,mirror_attention,336,14400,450,Causal attention: 2*L^2*D MAC/sequence plus source-to-KV map; eager CPU latency measured,1.52892818699911,attention_output_MSE,0.26598119735717773,attention_KL,0.12607340514659882,fresh query audit; target argmax-key NLL 1.076919436454773; independent maps
aligned_w17_context0,31,mirror_attention,336,14400,450,Causal attention: 2*L^2*D MAC/sequence plus source-to-KV map; eager CPU latency measured,1.5443457959991065,attention_output_MSE,2.8874489604868714e-11,attention_KL,2.889372741066154e-09,fresh query audit; target argmax-key NLL 0.6446513533592224; aligned maps
aligned_w17_context1,31,mirror_attention,336,14400,450,Causal attention: 2*L^2*D MAC/sequence plus source-to-KV map; eager CPU latency measured,1.5443457959991065,attention_output_MSE,3.400940293274424e-11,attention_KL,-2.314585634266564e-09,fresh query audit; target argmax-key NLL 0.6715291738510132; aligned maps
aligned_w17_context2,31,mirror_attention,336,14400,450,Causal attention: 2*L^2*D MAC/sequence plus source-to-KV map; eager CPU latency measured,1.5443457959991065,attention_output_MSE,2.968731510621936e-11,attention_KL,-4.2573256031630535e-10,fresh query audit; target argmax-key NLL 0.6667476892471313; aligned maps
aligned_w17_context3,31,mirror_attention,336,14400,450,Causal attention: 2*L^2*D MAC/sequence plus source-to-KV map; eager CPU latency measured,1.5443457959991065,attention_output_MSE,3.1483895351902547e-11,attention_KL,-7.34979022087856e-10,fresh query audit; target argmax-key NLL 0.6807866096496582; aligned maps
aligned_w17_context0,47,mirror_attention,336,14400,450,Causal attention: 2*L^2*D MAC/sequence plus source-to-KV map; eager CPU latency measured,1.5093061959996703,attention_output_MSE,1.7555882095288133e-11,attention_KL,8.347891822246822e-10,fresh query audit; target argmax-key NLL 0.6446537375450134; aligned maps
aligned_w17_context1,47,mirror_attention,336,14400,450,Causal attention: 2*L^2*D MAC/sequence plus source-to-KV map; eager CPU latency measured,1.5093061959996703,attention_output_MSE,1.1711005429293486e-11,attention_KL,-2.0014403467882858e-09,fresh query audit; target argmax-key NLL 0.6715314388275146; aligned maps
aligned_w17_context2,47,mirror_attention,336,14400,450,Causal attention: 2*L^2*D MAC/sequence plus source-to-KV map; eager CPU latency measured,1.5093061959996703,attention_output_MSE,1.4484795307634357e-11,attention_KL,-2.3164345996917746e-09,fresh query audit; target argmax-key NLL 0.6667500138282776; aligned maps
aligned_w17_context3,47,mirror_attention,336,14400,450,Causal attention: 2*L^2*D MAC/sequence plus source-to-KV map; eager CPU latency measured,1.5093061959996703,attention_output_MSE,2.5180540985658695e-10,attention_KL,9.628371433478833e-10,fresh query audit; target argmax-key NLL 0.6807888150215149; aligned maps
aligned_w17_context0,59,mirror_attention,336,14400,450,Causal attention: 2*L^2*D MAC/sequence plus source-to-KV map; eager CPU latency measured,1.4894683040038217,attention_output_MSE,2.823560070648601e-13,attention_KL,2.1239432435038452e-10,fresh query audit; target argmax-key NLL 0.6446557641029358; aligned maps
aligned_w17_context1,59,mirror_attention,336,14400,450,Causal attention: 2*L^2*D MAC/sequence plus source-to-KV map; eager CPU latency measured,1.4894683040038217,attention_output_MSE,3.160376962300232e-13,attention_KL,-3.597718567505126e-09,fresh query audit; target argmax-key NLL 0.6715335845947266; aligned maps
aligned_w17_context2,59,mirror_attention,336,14400,450,Causal attention: 2*L^2*D MAC/sequence plus source-to-KV map; eager CPU latency measured,1.4894683040038217,attention_output_MSE,2.494486279862318e-13,attention_KL,-1.6975171268640565e-09,fresh query audit; target argmax-key NLL 0.6667523384094238; aligned maps
aligned_w17_context3,59,mirror_attention,336,14400,450,Causal attention: 2*L^2*D MAC/sequence plus source-to-KV map; eager CPU latency measured,1.4894683040038217,attention_output_MSE,3.076372164824426e-13,attention_KL,-2.6145052789416923e-10,fresh query audit; target argmax-key NLL 0.6807911396026611; aligned maps
independent_w17_context0,31,mirror_attention,336,14400,450,Causal attention: 2*L^2*D MAC/sequence plus source-to-KV map; eager CPU latency measured,1.421443785999145,attention_output_MSE,0.27585920691490173,attention_KL,0.13700416684150696,fresh query audit; target argmax-key NLL 1.0779979228973389; independent maps
independent_w17_context1,31,mirror_attention,336,14400,450,Causal attention: 2*L^2*D MAC/sequence plus source-to-KV map; eager CPU latency measured,1.421443785999145,attention_output_MSE,0.37902310490608215,attention_KL,0.11531918495893478,fresh query audit; target argmax-key NLL 1.0884045362472534; independent maps
independent_w17_context2,31,mirror_attention,336,14400,450,Causal attention: 2*L^2*D MAC/sequence plus source-to-KV map; eager CPU latency measured,1.421443785999145,attention_output_MSE,0.2584023177623749,attention_KL,0.0844336748123169,fresh query audit; target argmax-key NLL 1.1152043342590332; independent maps
independent_w17_context3,31,mirror_attention,336,14400,450,Causal attention: 2*L^2*D MAC/sequence plus source-to-KV map; eager CPU latency measured,1.421443785999145,attention_output_MSE,0.14937284588813782,attention_KL,0.07542288303375244,fresh query audit; target argmax-key NLL 1.0701625347137451; independent maps
independent_w17_context0,47,mirror_attention,336,14400,450,Causal attention: 2*L^2*D MAC/sequence plus source-to-KV map; eager CPU latency measured,1.415266779004014,attention_output_MSE,0.329117089509964,attention_KL,0.16455870866775513,fresh query audit; target argmax-key NLL 1.123731017112732; independent maps
independent_w17_context1,47,mirror_attention,336,14400,450,Causal attention: 2*L^2*D MAC/sequence plus source-to-KV map; eager CPU latency measured,1.415266779004014,attention_output_MSE,0.43498745560646057,attention_KL,0.1218080148100853,fresh query audit; target argmax-key NLL 1.1060643196105957; independent maps
independent_w17_context2,47,mirror_attention,336,14400,450,Causal attention: 2*L^2*D MAC/sequence plus source-to-KV map; eager CPU latency measured,1.415266779004014,attention_output_MSE,0.22094401717185974,attention_KL,0.06509368121623993,fresh query audit; target argmax-key NLL 1.0767101049423218; independent maps
independent_w17_context3,47,mirror_attention,336,14400,450,Causal attention: 2*L^2*D MAC/sequence plus source-to-KV map; eager CPU latency measured,1.415266779004014,attention_output_MSE,0.14129522442817688,attention_KL,0.07600162923336029,fresh query audit; target argmax-key NLL 1.07480788230896; independent maps
independent_w17_context0,59,mirror_attention,336,14400,450,Causal attention: 2*L^2*D MAC/sequence plus source-to-KV map; eager CPU latency measured,1.4163821609981824,attention_output_MSE,0.2439229041337967,attention_KL,0.10706762969493866,fresh query audit; target argmax-key NLL 1.023248314857483; independent maps
independent_w17_context1,59,mirror_attention,336,14400,450,Causal attention: 2*L^2*D MAC/sequence plus source-to-KV map; eager CPU latency measured,1.4163821609981824,attention_output_MSE,0.3500450849533081,attention_KL,0.0866144597530365,fresh query audit; target argmax-key NLL 1.029417872428894; independent maps
independent_w17_context2,59,mirror_attention,336,14400,450,Causal attention: 2*L^2*D MAC/sequence plus source-to-KV map; eager CPU latency measured,1.4163821609981824,attention_output_MSE,0.3010961413383484,attention_KL,0.10647012293338776,fresh query audit; target argmax-key NLL 1.1532117128372192; independent maps
independent_w17_context3,59,mirror_attention,336,14400,450,Causal attention: 2*L^2*D MAC/sequence plus source-to-KV map; eager CPU latency measured,1.4163821609981824,attention_output_MSE,0.20287488400936127,attention_KL,0.11363834887742996,fresh query audit; target argmax-key NLL 1.1357604265213013; independent maps
aligned_w23_context0,31,mirror_attention,336,14400,450,Causal attention: 2*L^2*D MAC/sequence plus source-to-KV map; eager CPU latency measured,1.4874568749946775,attention_output_MSE,2.6776922901206035e-09,attention_KL,1.96606331215321e-09,fresh query audit; target argmax-key NLL 0.7376413345336914; aligned maps
aligned_w23_context1,31,mirror_attention,336,14400,450,Causal attention: 2*L^2*D MAC/sequence plus source-to-KV map; eager CPU latency measured,1.4874568749946775,attention_output_MSE,3.0851923238373047e-09,attention_KL,4.707012557503276e-09,fresh query audit; target argmax-key NLL 0.7538728713989258; aligned maps
aligned_w23_context2,31,mirror_attention,336,14400,450,Causal attention: 2*L^2*D MAC/sequence plus source-to-KV map; eager CPU latency measured,1.4874568749946775,attention_output_MSE,3.169683626680353e-09,attention_KL,-1.3740057980271558e-09,fresh query audit; target argmax-key NLL 0.7518607974052429; aligned maps
aligned_w23_context3,31,mirror_attention,336,14400,450,Causal attention: 2*L^2*D MAC/sequence plus source-to-KV map; eager CPU latency measured,1.4874568749946775,attention_output_MSE,3.284502003708667e-09,attention_KL,3.20413917620499e-10,fresh query audit; target argmax-key NLL 0.7713782787322998; aligned maps
aligned_w23_context0,47,mirror_attention,336,14400,450,Causal attention: 2*L^2*D MAC/sequence plus source-to-KV map; eager CPU latency measured,1.4828044789974228,attention_output_MSE,5.325225815866474e-10,attention_KL,4.672745301803616e-09,fresh query audit; target argmax-key NLL 0.7376952767372131; aligned maps
aligned_w23_context1,47,mirror_attention,336,14400,450,Causal attention: 2*L^2*D MAC/sequence plus source-to-KV map; eager CPU latency measured,1.4828044789974228,attention_output_MSE,5.543686620868016e-10,attention_KL,4.943086828745891e-09,fresh query audit; target argmax-key NLL 0.7539241313934326; aligned maps
aligned_w23_context2,47,mirror_attention,336,14400,450,Causal attention: 2*L^2*D MAC/sequence plus source-to-KV map; eager CPU latency measured,1.4828044789974228,attention_output_MSE,5.236163169719532e-10,attention_KL,1.1633016772094606e-09,fresh query audit; target argmax-key NLL 0.7519146800041199; aligned maps
aligned_w23_context3,47,mirror_attention,336,14400,450,Causal attention: 2*L^2*D MAC/sequence plus source-to-KV map; eager CPU latency measured,1.4828044789974228,attention_output_MSE,4.99275953913525e-10,attention_KL,-7.764379139629796e-10,fresh query audit; target argmax-key NLL 0.7714293599128723; aligned maps
aligned_w23_context0,59,mirror_attention,336,14400,450,Causal attention: 2*L^2*D MAC/sequence plus source-to-KV map; eager CPU latency measured,1.4837169840029674,attention_output_MSE,4.692704211328724e-11,attention_KL,1.0966973995607532e-09,fresh query audit; target argmax-key NLL 0.7376625537872314; aligned maps
aligned_w23_context1,59,mirror_attention,336,14400,450,Causal attention: 2*L^2*D MAC/sequence plus source-to-KV map; eager CPU latency measured,1.4837169840029674,attention_output_MSE,5.398693991853776e-11,attention_KL,3.2573677088976183e-09,fresh query audit; target argmax-key NLL 0.7538930773735046; aligned maps
aligned_w23_context2,59,mirror_attention,336,14400,450,Causal attention: 2*L^2*D MAC/sequence plus source-to-KV map; eager CPU latency measured,1.4837169840029674,attention_output_MSE,5.66617169850403e-11,attention_KL,-1.0424110463702618e-09,fresh query audit; target argmax-key NLL 0.7518813610076904; aligned maps
aligned_w23_context3,59,mirror_attention,336,14400,450,Causal attention: 2*L^2*D MAC/sequence plus source-to-KV map; eager CPU latency measured,1.4837169840029674,attention_output_MSE,6.756125520146483e-11,attention_KL,-3.0180453691741604e-09,fresh query audit; target argmax-key NLL 0.7713984251022339; aligned maps
independent_w23_context0,31,mirror_attention,336,14400,450,Causal attention: 2*L^2*D MAC/sequence plus source-to-KV map; eager CPU latency measured,1.4528185980016133,attention_output_MSE,0.28374090790748596,attention_KL,0.0856536477804184,fresh query audit; target argmax-key NLL 0.9425311088562012; independent maps
independent_w23_context1,31,mirror_attention,336,14400,450,Causal attention: 2*L^2*D MAC/sequence plus source-to-KV map; eager CPU latency measured,1.4528185980016133,attention_output_MSE,0.3104676604270935,attention_KL,0.05297813564538956,fresh query audit; target argmax-key NLL 0.9268286228179932; independent maps
independent_w23_context2,31,mirror_attention,336,14400,450,Causal attention: 2*L^2*D MAC/sequence plus source-to-KV map; eager CPU latency measured,1.4528185980016133,attention_output_MSE,0.604672372341156,attention_KL,0.2398226410150528,fresh query audit; target argmax-key NLL 1.244157314300537; independent maps
independent_w23_context3,31,mirror_attention,336,14400,450,Causal attention: 2*L^2*D MAC/sequence plus source-to-KV map; eager CPU latency measured,1.4528185980016133,attention_output_MSE,0.5177163481712341,attention_KL,0.13688413798809052,fresh query audit; target argmax-key NLL 1.0718162059783936; independent maps
independent_w23_context0,47,mirror_attention,336,14400,450,Causal attention: 2*L^2*D MAC/sequence plus source-to-KV map; eager CPU latency measured,1.449940209997294,attention_output_MSE,0.46694594621658325,attention_KL,0.14531821012496948,fresh query audit; target argmax-key NLL 1.0579400062561035; independent maps
independent_w23_context1,47,mirror_attention,336,14400,450,Causal attention: 2*L^2*D MAC/sequence plus source-to-KV map; eager CPU latency measured,1.449940209997294,attention_output_MSE,0.5985547304153442,attention_KL,0.10149753838777542,fresh query audit; target argmax-key NLL 1.0194662809371948; independent maps
independent_w23_context2,47,mirror_attention,336,14400,450,Causal attention: 2*L^2*D MAC/sequence plus source-to-KV map; eager CPU latency measured,1.449940209997294,attention_output_MSE,0.3427526354789734,attention_KL,0.14877457916736603,fresh query audit; target argmax-key NLL 1.1041419506072998; independent maps
independent_w23_context3,47,mirror_attention,336,14400,450,Causal attention: 2*L^2*D MAC/sequence plus source-to-KV map; eager CPU latency measured,1.449940209997294,attention_output_MSE,0.23920676112174988,attention_KL,0.09683112800121307,fresh query audit; target argmax-key NLL 1.0220816135406494; independent maps
independent_w23_context0,59,mirror_attention,336,14400,450,Causal attention: 2*L^2*D MAC/sequence plus source-to-KV map; eager CPU latency measured,1.479352665002807,attention_output_MSE,0.33773356676101685,attention_KL,0.09685622900724411,fresh query audit; target argmax-key NLL 0.9782236218452454; independent maps
independent_w23_context1,59,mirror_attention,336,14400,450,Causal attention: 2*L^2*D MAC/sequence plus source-to-KV map; eager CPU latency measured,1.479352665002807,attention_output_MSE,0.5620598196983337,attention_KL,0.09995892643928528,fresh query audit; target argmax-key NLL 1.01829993724823; independent maps
independent_w23_context2,59,mirror_attention,336,14400,450,Causal attention: 2*L^2*D MAC/sequence plus source-to-KV map; eager CPU latency measured,1.479352665002807,attention_output_MSE,0.39658376574516296,attention_KL,0.17009681463241577,fresh query audit; target argmax-key NLL 1.1465613842010498; independent maps
independent_w23_context3,59,mirror_attention,336,14400,450,Causal attention: 2*L^2*D MAC/sequence plus source-to-KV map; eager CPU latency measured,1.479352665002807,attention_output_MSE,0.37332284450531006,attention_KL,0.12986914813518524,fresh query audit; target argmax-key NLL 1.0765272378921509; independent maps
aligned_w11_context0,31,basis2_attention,512,16000,500,Causal attention: 2*L^2*D MAC/sequence plus source-to-KV map; eager CPU latency measured,0.6342953959974693,attention_output_MSE,4.750260718089892e-14,attention_KL,-1.8765846654389406e-09,fresh query audit; target argmax-key NLL 0.8088048100471497; aligned maps
aligned_w11_context1,31,basis2_attention,512,16000,500,Causal attention: 2*L^2*D MAC/sequence plus source-to-KV map; eager CPU latency measured,0.6342953959974693,attention_output_MSE,7.808140120796683e-14,attention_KL,-1.1009356759572597e-09,fresh query audit; target argmax-key NLL 0.7996950745582581; aligned maps
aligned_w11_context2,31,basis2_attention,512,16000,500,Causal attention: 2*L^2*D MAC/sequence plus source-to-KV map; eager CPU latency measured,0.6342953959974693,attention_output_MSE,4.730310720489801e-14,attention_KL,-3.1082503237911396e-09,fresh query audit; target argmax-key NLL 0.7986037731170654; aligned maps
aligned_w11_context3,31,basis2_attention,512,16000,500,Causal attention: 2*L^2*D MAC/sequence plus source-to-KV map; eager CPU latency measured,0.6342953959974693,attention_output_MSE,4.669443610526465e-14,attention_KL,3.0676854390065955e-09,fresh query audit; target argmax-key NLL 0.8110449910163879; aligned maps
aligned_w11_context0,47,basis2_attention,512,16000,500,Causal attention: 2*L^2*D MAC/sequence plus source-to-KV map; eager CPU latency measured,0.6137574230015161,attention_output_MSE,2.0746282296257856e-12,attention_KL,-1.3170122770134185e-09,fresh query audit; target argmax-key NLL 0.8088046312332153; aligned maps
aligned_w11_context1,47,basis2_attention,512,16000,500,Causal attention: 2*L^2*D MAC/sequence plus source-to-KV map; eager CPU latency measured,0.6137574230015161,attention_output_MSE,3.8115436371347067e-13,attention_KL,-1.5833707678325482e-09,fresh query audit; target argmax-key NLL 0.7996951341629028; aligned maps
aligned_w11_context2,47,basis2_attention,512,16000,500,Causal attention: 2*L^2*D MAC/sequence plus source-to-KV map; eager CPU latency measured,0.6137574230015161,attention_output_MSE,3.5763308547237527e-12,attention_KL,-1.5625509219852063e-10,fresh query audit; target argmax-key NLL 0.7986036539077759; aligned maps
aligned_w11_context3,47,basis2_attention,512,16000,500,Causal attention: 2*L^2*D MAC/sequence plus source-to-KV map; eager CPU latency measured,0.6137574230015161,attention_output_MSE,3.497848169962958e-13,attention_KL,4.209545212408017e-10,fresh query audit; target argmax-key NLL 0.8110451698303223; aligned maps
aligned_w11_context0,59,basis2_attention,512,16000,500,Causal attention: 2*L^2*D MAC/sequence plus source-to-KV map; eager CPU latency measured,0.6257337659990299,attention_output_MSE,4.1346178596742694e-14,attention_KL,-1.1770568963953565e-09,fresh query audit; target argmax-key NLL 0.8088047504425049; aligned maps
aligned_w11_context1,59,basis2_attention,512,16000,500,Causal attention: 2*L^2*D MAC/sequence plus source-to-KV map; eager CPU latency measured,0.6257337659990299,attention_output_MSE,1.083264473131576e-13,attention_KL,-3.553562444302827e-10,fresh query audit; target argmax-key NLL 0.7996953725814819; aligned maps
aligned_w11_context2,59,basis2_attention,512,16000,500,Causal attention: 2*L^2*D MAC/sequence plus source-to-KV map; eager CPU latency measured,0.6257337659990299,attention_output_MSE,3.093719060771015e-14,attention_KL,2.830748968563057e-10,fresh query audit; target argmax-key NLL 0.7986036539077759; aligned maps
aligned_w11_context3,59,basis2_attention,512,16000,500,Causal attention: 2*L^2*D MAC/sequence plus source-to-KV map; eager CPU latency measured,0.6257337659990299,attention_output_MSE,3.9649551274601597e-14,attention_KL,1.7372099314627576e-09,fresh query audit; target argmax-key NLL 0.8110449910163879; aligned maps
independent_w11_context0,31,basis2_attention,512,16000,500,Causal attention: 2*L^2*D MAC/sequence plus source-to-KV map; eager CPU latency measured,0.545001312995737,attention_output_MSE,0.12763556838035583,attention_KL,0.13419288396835327,fresh query audit; target argmax-key NLL 1.1524118185043335; independent maps
independent_w11_context1,31,basis2_attention,512,16000,500,Causal attention: 2*L^2*D MAC/sequence plus source-to-KV map; eager CPU latency measured,0.545001312995737,attention_output_MSE,0.05027687922120094,attention_KL,0.019851423799991608,fresh query audit; target argmax-key NLL 0.777787983417511; independent maps
independent_w11_context2,31,basis2_attention,512,16000,500,Causal attention: 2*L^2*D MAC/sequence plus source-to-KV map; eager CPU latency measured,0.545001312995737,attention_output_MSE,0.10788313299417496,attention_KL,0.0714365616440773,fresh query audit; target argmax-key NLL 1.04478120803833; independent maps
independent_w11_context3,31,basis2_attention,512,16000,500,Causal attention: 2*L^2*D MAC/sequence plus source-to-KV map; eager CPU latency measured,0.545001312995737,attention_output_MSE,0.03537573665380478,attention_KL,0.012412216514348984,fresh query audit; target argmax-key NLL 0.7351031303405762; independent maps
independent_w11_context0,47,basis2_attention,512,16000,500,Causal attention: 2*L^2*D MAC/sequence plus source-to-KV map; eager CPU latency measured,0.5354486560026999,attention_output_MSE,0.12601338326931,attention_KL,0.12215130031108856,fresh query audit; target argmax-key NLL 1.1120010614395142; independent maps
independent_w11_context1,47,basis2_attention,512,16000,500,Causal attention: 2*L^2*D MAC/sequence plus source-to-KV map; eager CPU latency measured,0.5354486560026999,attention_output_MSE,0.043587278574705124,attention_KL,0.022225258871912956,fresh query audit; target argmax-key NLL 0.78899747133255; independent maps
independent_w11_context2,47,basis2_attention,512,16000,500,Causal attention: 2*L^2*D MAC/sequence plus source-to-KV map; eager CPU latency measured,0.5354486560026999,attention_output_MSE,0.12295733392238617,attention_KL,0.09537472575902939,fresh query audit; target argmax-key NLL 1.1160802841186523; independent maps
independent_w11_context3,47,basis2_attention,512,16000,500,Causal attention: 2*L^2*D MAC/sequence plus source-to-KV map; eager CPU latency measured,0.5354486560026999,attention_output_MSE,0.021214723587036133,attention_KL,0.004831130150705576,fresh query audit; target argmax-key NLL 0.7238129377365112; independent maps
independent_w11_context0,59,basis2_attention,512,16000,500,Causal attention: 2*L^2*D MAC/sequence plus source-to-KV map; eager CPU latency measured,0.5355532729954575,attention_output_MSE,0.0987260565161705,attention_KL,0.1023486778140068,fresh query audit; target argmax-key NLL 1.0696187019348145; independent maps
independent_w11_context1,59,basis2_attention,512,16000,500,Causal attention: 2*L^2*D MAC/sequence plus source-to-KV map; eager CPU latency measured,0.5355532729954575,attention_output_MSE,0.04508920758962631,attention_KL,0.024775244295597076,fresh query audit; target argmax-key NLL 0.7949616312980652; independent maps
independent_w11_context2,59,basis2_attention,512,16000,500,Causal attention: 2*L^2*D MAC/sequence plus source-to-KV map; eager CPU latency measured,0.5355532729954575,attention_output_MSE,0.12087554484605789,attention_KL,0.09699409455060959,fresh query audit; target argmax-key NLL 1.12812340259552; independent maps
independent_w11_context3,59,basis2_attention,512,16000,500,Causal attention: 2*L^2*D MAC/sequence plus source-to-KV map; eager CPU latency measured,0.5355532729954575,attention_output_MSE,0.049386776983737946,attention_KL,0.018595241010189056,fresh query audit; target argmax-key NLL 0.761109471321106; independent maps
aligned_w17_context0,31,basis2_attention,512,16000,500,Causal attention: 2*L^2*D MAC/sequence plus source-to-KV map; eager CPU latency measured,0.6094196849953732,attention_output_MSE,4.934178150506341e-07,attention_KL,7.873796725732518e-09,fresh query audit; target argmax-key NLL 0.6447020769119263; aligned maps
aligned_w17_context1,31,basis2_attention,512,16000,500,Causal attention: 2*L^2*D MAC/sequence plus source-to-KV map; eager CPU latency measured,0.6094196849953732,attention_output_MSE,3.3667504339973675e-08,attention_KL,-5.927119905990708e-10,fresh query audit; target argmax-key NLL 0.6715565323829651; aligned maps
aligned_w17_context2,31,basis2_attention,512,16000,500,Causal attention: 2*L^2*D MAC/sequence plus source-to-KV map; eager CPU latency measured,0.6094196849953732,attention_output_MSE,5.811806502720174e-08,attention_KL,-1.0841065822830842e-09,fresh query audit; target argmax-key NLL 0.6667443513870239; aligned maps
aligned_w17_context3,31,basis2_attention,512,16000,500,Causal attention: 2*L^2*D MAC/sequence plus source-to-KV map; eager CPU latency measured,0.6094196849953732,attention_output_MSE,3.374775303655042e-08,attention_KL,1.0578842246644626e-09,fresh query audit; target argmax-key NLL 0.680779755115509; aligned maps
aligned_w17_context0,47,basis2_attention,512,16000,500,Causal attention: 2*L^2*D MAC/sequence plus source-to-KV map; eager CPU latency measured,0.6058489400020335,attention_output_MSE,4.168001055404602e-08,attention_KL,1.764550616734084e-09,fresh query audit; target argmax-key NLL 0.644659161567688; aligned maps
aligned_w17_context1,47,basis2_attention,512,16000,500,Causal attention: 2*L^2*D MAC/sequence plus source-to-KV map; eager CPU latency measured,0.6058489400020335,attention_output_MSE,5.003133018988137e-09,attention_KL,-2.122335196474978e-09,fresh query audit; target argmax-key NLL 0.6715382933616638; aligned maps
aligned_w17_context2,47,basis2_attention,512,16000,500,Causal attention: 2*L^2*D MAC/sequence plus source-to-KV map; eager CPU latency measured,0.6058489400020335,attention_output_MSE,3.9421976794074e-09,attention_KL,-2.0234445230471465e-09,fresh query audit; target argmax-key NLL 0.6667510867118835; aligned maps
aligned_w17_context3,47,basis2_attention,512,16000,500,Causal attention: 2*L^2*D MAC/sequence plus source-to-KV map; eager CPU latency measured,0.6058489400020335,attention_output_MSE,8.717267263591566e-08,attention_KL,1.219123801909916e-09,fresh query audit; target argmax-key NLL 0.6807606220245361; aligned maps
aligned_w17_context0,59,basis2_attention,512,16000,500,Causal attention: 2*L^2*D MAC/sequence plus source-to-KV map; eager CPU latency measured,0.6060633629967924,attention_output_MSE,2.233416353192297e-06,attention_KL,1.7704842036891932e-08,fresh query audit; target argmax-key NLL 0.6446125507354736; aligned maps
aligned_w17_context1,59,basis2_attention,512,16000,500,Causal attention: 2*L^2*D MAC/sequence plus source-to-KV map; eager CPU latency measured,0.6060633629967924,attention_output_MSE,3.134458381737204e-07,attention_KL,2.4299831036245223e-09,fresh query audit; target argmax-key NLL 0.671541690826416; aligned maps
aligned_w17_context2,59,basis2_attention,512,16000,500,Causal attention: 2*L^2*D MAC/sequence plus source-to-KV map; eager CPU latency measured,0.6060633629967924,attention_output_MSE,1.3040272506259498e-07,attention_KL,-2.7259374757448995e-09,fresh query audit; target argmax-key NLL 0.6667578220367432; aligned maps
aligned_w17_context3,59,basis2_attention,512,16000,500,Causal attention: 2*L^2*D MAC/sequence plus source-to-KV map; eager CPU latency measured,0.6060633629967924,attention_output_MSE,5.320024456523242e-07,attention_KL,2.8883682112734732e-09,fresh query audit; target argmax-key NLL 0.6807880401611328; aligned maps
independent_w17_context0,31,basis2_attention,512,16000,500,Causal attention: 2*L^2*D MAC/sequence plus source-to-KV map; eager CPU latency measured,0.5388078929972835,attention_output_MSE,0.3354586958885193,attention_KL,0.14180819690227509,fresh query audit; target argmax-key NLL 1.042109727859497; independent maps
independent_w17_context1,31,basis2_attention,512,16000,500,Causal attention: 2*L^2*D MAC/sequence plus source-to-KV map; eager CPU latency measured,0.5388078929972835,attention_output_MSE,0.020080232992768288,attention_KL,0.03294171765446663,fresh query audit; target argmax-key NLL 0.8334752321243286; independent maps
independent_w17_context2,31,basis2_attention,512,16000,500,Causal attention: 2*L^2*D MAC/sequence plus source-to-KV map; eager CPU latency measured,0.5388078929972835,attention_output_MSE,0.04607861861586571,attention_KL,0.04973127320408821,fresh query audit; target argmax-key NLL 1.05146324634552; independent maps
independent_w17_context3,31,basis2_attention,512,16000,500,Causal attention: 2*L^2*D MAC/sequence plus source-to-KV map; eager CPU latency measured,0.5388078929972835,attention_output_MSE,0.18641552329063416,attention_KL,0.03806591406464577,fresh query audit; target argmax-key NLL 0.9377230405807495; independent maps
independent_w17_context0,47,basis2_attention,512,16000,500,Causal attention: 2*L^2*D MAC/sequence plus source-to-KV map; eager CPU latency measured,0.542576335996273,attention_output_MSE,0.33355823159217834,attention_KL,0.13176749646663666,fresh query audit; target argmax-key NLL 1.03249990940094; independent maps
independent_w17_context1,47,basis2_attention,512,16000,500,Causal attention: 2*L^2*D MAC/sequence plus source-to-KV map; eager CPU latency measured,0.542576335996273,attention_output_MSE,0.020217617973685265,attention_KL,0.040324434638023376,fresh query audit; target argmax-key NLL 0.8518408536911011; independent maps
independent_w17_context2,47,basis2_attention,512,16000,500,Causal attention: 2*L^2*D MAC/sequence plus source-to-KV map; eager CPU latency measured,0.542576335996273,attention_output_MSE,0.03129301592707634,attention_KL,0.0386955626308918,fresh query audit; target argmax-key NLL 1.0211313962936401; independent maps
independent_w17_context3,47,basis2_attention,512,16000,500,Causal attention: 2*L^2*D MAC/sequence plus source-to-KV map; eager CPU latency measured,0.542576335996273,attention_output_MSE,0.19951340556144714,attention_KL,0.05418102815747261,fresh query audit; target argmax-key NLL 1.0022164583206177; independent maps
independent_w17_context0,59,basis2_attention,512,16000,500,Causal attention: 2*L^2*D MAC/sequence plus source-to-KV map; eager CPU latency measured,0.536673280003015,attention_output_MSE,0.3322173058986664,attention_KL,0.1377672702074051,fresh query audit; target argmax-key NLL 1.0436346530914307; independent maps
independent_w17_context1,59,basis2_attention,512,16000,500,Causal attention: 2*L^2*D MAC/sequence plus source-to-KV map; eager CPU latency measured,0.536673280003015,attention_output_MSE,0.014317276887595654,attention_KL,0.030491821467876434,fresh query audit; target argmax-key NLL 0.8273190259933472; independent maps
independent_w17_context2,59,basis2_attention,512,16000,500,Causal attention: 2*L^2*D MAC/sequence plus source-to-KV map; eager CPU latency measured,0.536673280003015,attention_output_MSE,0.014234527945518494,attention_KL,0.014692358672618866,fresh query audit; target argmax-key NLL 0.9276283383369446; independent maps
independent_w17_context3,59,basis2_attention,512,16000,500,Causal attention: 2*L^2*D MAC/sequence plus source-to-KV map; eager CPU latency measured,0.536673280003015,attention_output_MSE,0.2166014015674591,attention_KL,0.10060233622789383,fresh query audit; target argmax-key NLL 1.1326824426651; independent maps
aligned_w23_context0,31,basis2_attention,512,16000,500,Causal attention: 2*L^2*D MAC/sequence plus source-to-KV map; eager CPU latency measured,0.6071060510003008,attention_output_MSE,3.0822043593607684e-13,attention_KL,4.113437590547164e-09,fresh query audit; target argmax-key NLL 0.7376698851585388; aligned maps
aligned_w23_context1,31,basis2_attention,512,16000,500,Causal attention: 2*L^2*D MAC/sequence plus source-to-KV map; eager CPU latency measured,0.6071060510003008,attention_output_MSE,1.8072788274606233e-13,attention_KL,4.129624642246199e-09,fresh query audit; target argmax-key NLL 0.7539000511169434; aligned maps
aligned_w23_context2,31,basis2_attention,512,16000,500,Causal attention: 2*L^2*D MAC/sequence plus source-to-KV map; eager CPU latency measured,0.6071060510003008,attention_output_MSE,1.8556902162906314e-13,attention_KL,1.6896757326634315e-09,fresh query audit; target argmax-key NLL 0.7518881559371948; aligned maps
aligned_w23_context3,31,basis2_attention,512,16000,500,Causal attention: 2*L^2*D MAC/sequence plus source-to-KV map; eager CPU latency measured,0.6071060510003008,attention_output_MSE,5.109963016960983e-13,attention_KL,-4.871617331758671e-09,fresh query audit; target argmax-key NLL 0.7714051008224487; aligned maps
aligned_w23_context0,47,basis2_attention,512,16000,500,Causal attention: 2*L^2*D MAC/sequence plus source-to-KV map; eager CPU latency measured,0.608040588995209,attention_output_MSE,9.400230024719444e-14,attention_KL,1.3199169535127453e-09,fresh query audit; target argmax-key NLL 0.7376697063446045; aligned maps
aligned_w23_context1,47,basis2_attention,512,16000,500,Causal attention: 2*L^2*D MAC/sequence plus source-to-KV map; eager CPU latency measured,0.608040588995209,attention_output_MSE,4.0288986610879235e-14,attention_KL,5.206460595985618e-09,fresh query audit; target argmax-key NLL 0.7539000511169434; aligned maps
aligned_w23_context2,47,basis2_attention,512,16000,500,Causal attention: 2*L^2*D MAC/sequence plus source-to-KV map; eager CPU latency measured,0.608040588995209,attention_output_MSE,3.1807262851129767e-14,attention_KL,-2.6281354870150153e-09,fresh query audit; target argmax-key NLL 0.7518883347511292; aligned maps
aligned_w23_context3,47,basis2_attention,512,16000,500,Causal attention: 2*L^2*D MAC/sequence plus source-to-KV map; eager CPU latency measured,0.608040588995209,attention_output_MSE,5.63242588149087e-14,attention_KL,-2.4261974651551554e-09,fresh query audit; target argmax-key NLL 0.7714049816131592; aligned maps
aligned_w23_context0,59,basis2_attention,512,16000,500,Causal attention: 2*L^2*D MAC/sequence plus source-to-KV map; eager CPU latency measured,0.6138046499982011,attention_output_MSE,3.527702151120797e-14,attention_KL,2.642199126157152e-09,fresh query audit; target argmax-key NLL 0.7376697063446045; aligned maps
aligned_w23_context1,59,basis2_attention,512,16000,500,Causal attention: 2*L^2*D MAC/sequence plus source-to-KV map; eager CPU latency measured,0.6138046499982011,attention_output_MSE,6.954081543464677e-14,attention_KL,3.383906932441505e-09,fresh query audit; target argmax-key NLL 0.7538999319076538; aligned maps
aligned_w23_context2,59,basis2_attention,512,16000,500,Causal attention: 2*L^2*D MAC/sequence plus source-to-KV map; eager CPU latency measured,0.6138046499982011,attention_output_MSE,1.062267136232864e-13,attention_KL,-3.6909348910540984e-09,fresh query audit; target argmax-key NLL 0.7518883943557739; aligned maps
aligned_w23_context3,59,basis2_attention,512,16000,500,Causal attention: 2*L^2*D MAC/sequence plus source-to-KV map; eager CPU latency measured,0.6138046499982011,attention_output_MSE,9.357149251395733e-14,attention_KL,-2.393668818712058e-09,fresh query audit; target argmax-key NLL 0.7714051008224487; aligned maps
independent_w23_context0,31,basis2_attention,512,16000,500,Causal attention: 2*L^2*D MAC/sequence plus source-to-KV map; eager CPU latency measured,0.564908435997495,attention_output_MSE,0.5312526822090149,attention_KL,0.2674676775932312,fresh query audit; target argmax-key NLL 1.319075584411621; independent maps
independent_w23_context1,31,basis2_attention,512,16000,500,Causal attention: 2*L^2*D MAC/sequence plus source-to-KV map; eager CPU latency measured,0.564908435997495,attention_output_MSE,0.04530572146177292,attention_KL,0.018303150311112404,fresh query audit; target argmax-key NLL 0.7863495945930481; independent maps
independent_w23_context2,31,basis2_attention,512,16000,500,Causal attention: 2*L^2*D MAC/sequence plus source-to-KV map; eager CPU latency measured,0.564908435997495,attention_output_MSE,0.05673755705356598,attention_KL,0.0013368912041187286,fresh query audit; target argmax-key NLL 0.746330976486206; independent maps
independent_w23_context3,31,basis2_attention,512,16000,500,Causal attention: 2*L^2*D MAC/sequence plus source-to-KV map; eager CPU latency measured,0.564908435997495,attention_output_MSE,0.1513601392507553,attention_KL,0.11278830468654633,fresh query audit; target argmax-key NLL 1.0385843515396118; independent maps
independent_w23_context0,47,basis2_attention,512,16000,500,Causal attention: 2*L^2*D MAC/sequence plus source-to-KV map; eager CPU latency measured,0.5442448289977619,attention_output_MSE,0.2917671203613281,attention_KL,0.03566733002662659,fresh query audit; target argmax-key NLL 0.7854025363922119; independent maps
independent_w23_context1,47,basis2_attention,512,16000,500,Causal attention: 2*L^2*D MAC/sequence plus source-to-KV map; eager CPU latency measured,0.5442448289977619,attention_output_MSE,0.23831915855407715,attention_KL,0.0712716355919838,fresh query audit; target argmax-key NLL 0.9333977103233337; independent maps
independent_w23_context2,47,basis2_attention,512,16000,500,Causal attention: 2*L^2*D MAC/sequence plus source-to-KV map; eager CPU latency measured,0.5442448289977619,attention_output_MSE,0.19634456932544708,attention_KL,0.14710783958435059,fresh query audit; target argmax-key NLL 1.1170402765274048; independent maps
independent_w23_context3,47,basis2_attention,512,16000,500,Causal attention: 2*L^2*D MAC/sequence plus source-to-KV map; eager CPU latency measured,0.5442448289977619,attention_output_MSE,0.08950173109769821,attention_KL,0.04098515212535858,fresh query audit; target argmax-key NLL 0.8619210124015808; independent maps
independent_w23_context0,59,basis2_attention,512,16000,500,Causal attention: 2*L^2*D MAC/sequence plus source-to-KV map; eager CPU latency measured,0.5432901270032744,attention_output_MSE,0.2123134434223175,attention_KL,0.0229625403881073,fresh query audit; target argmax-key NLL 0.7552819848060608; independent maps
independent_w23_context1,59,basis2_attention,512,16000,500,Causal attention: 2*L^2*D MAC/sequence plus source-to-KV map; eager CPU latency measured,0.5432901270032744,attention_output_MSE,0.31809937953948975,attention_KL,0.07832546532154083,fresh query audit; target argmax-key NLL 0.9479789733886719; independent maps
independent_w23_context2,59,basis2_attention,512,16000,500,Causal attention: 2*L^2*D MAC/sequence plus source-to-KV map; eager CPU latency measured,0.5432901270032744,attention_output_MSE,0.2012520283460617,attention_KL,0.15140999853610992,fresh query audit; target argmax-key NLL 1.114802360534668; independent maps
independent_w23_context3,59,basis2_attention,512,16000,500,Causal attention: 2*L^2*D MAC/sequence plus source-to-KV map; eager CPU latency measured,0.5432901270032744,attention_output_MSE,0.08959735929965973,attention_KL,0.04353097081184387,fresh query audit; target argmax-key NLL 0.8544677495956421; independent maps
aligned_w11_context0,31,shared_attention,296,14400,450,Causal attention: 2*L^2*D MAC/sequence plus source-to-KV map; eager CPU latency measured,0.47942416200385196,attention_output_MSE,0.0457477830350399,attention_KL,0.043921079486608505,fresh query audit; target argmax-key NLL 0.9632725119590759; aligned maps
aligned_w11_context1,31,shared_attention,296,14400,450,Causal attention: 2*L^2*D MAC/sequence plus source-to-KV map; eager CPU latency measured,0.47942416200385196,attention_output_MSE,0.2035864144563675,attention_KL,0.17530754208564758,fresh query audit; target argmax-key NLL 1.1982858180999756; aligned maps
aligned_w11_context2,31,shared_attention,296,14400,450,Causal attention: 2*L^2*D MAC/sequence plus source-to-KV map; eager CPU latency measured,0.47942416200385196,attention_output_MSE,0.14922279119491577,attention_KL,0.0116150863468647,fresh query audit; target argmax-key NLL 0.8884723782539368; aligned maps
aligned_w11_context3,31,shared_attention,296,14400,450,Causal attention: 2*L^2*D MAC/sequence plus source-to-KV map; eager CPU latency measured,0.47942416200385196,attention_output_MSE,0.154535174369812,attention_KL,0.026642365381121635,fresh query audit; target argmax-key NLL 0.9364746809005737; aligned maps
aligned_w11_context0,47,shared_attention,296,14400,450,Causal attention: 2*L^2*D MAC/sequence plus source-to-KV map; eager CPU latency measured,0.4819120100000873,attention_output_MSE,0.0654740259051323,attention_KL,0.06750905513763428,fresh query audit; target argmax-key NLL 1.021826148033142; aligned maps
aligned_w11_context1,47,shared_attention,296,14400,450,Causal attention: 2*L^2*D MAC/sequence plus source-to-KV map; eager CPU latency measured,0.4819120100000873,attention_output_MSE,0.17048031091690063,attention_KL,0.13189250230789185,fresh query audit; target argmax-key NLL 1.1305443048477173; aligned maps
aligned_w11_context2,47,shared_attention,296,14400,450,Causal attention: 2*L^2*D MAC/sequence plus source-to-KV map; eager CPU latency measured,0.4819120100000873,attention_output_MSE,0.17487920820713043,attention_KL,0.01046321727335453,fresh query audit; target argmax-key NLL 0.9029521942138672; aligned maps
aligned_w11_context3,47,shared_attention,296,14400,450,Causal attention: 2*L^2*D MAC/sequence plus source-to-KV map; eager CPU latency measured,0.4819120100000873,attention_output_MSE,0.1366034597158432,attention_KL,0.04527537524700165,fresh query audit; target argmax-key NLL 0.9882519245147705; aligned maps
aligned_w11_context0,59,shared_attention,296,14400,450,Causal attention: 2*L^2*D MAC/sequence plus source-to-KV map; eager CPU latency measured,0.49330570500023896,attention_output_MSE,0.08543084561824799,attention_KL,0.060216039419174194,fresh query audit; target argmax-key NLL 1.0067976713180542; aligned maps
aligned_w11_context1,59,shared_attention,296,14400,450,Causal attention: 2*L^2*D MAC/sequence plus source-to-KV map; eager CPU latency measured,0.49330570500023896,attention_output_MSE,0.1418328583240509,attention_KL,0.14452309906482697,fresh query audit; target argmax-key NLL 1.151708960533142; aligned maps
aligned_w11_context2,59,shared_attention,296,14400,450,Causal attention: 2*L^2*D MAC/sequence plus source-to-KV map; eager CPU latency measured,0.49330570500023896,attention_output_MSE,0.21590769290924072,attention_KL,0.011522924527525902,fresh query audit; target argmax-key NLL 0.9022077918052673; aligned maps
aligned_w11_context3,59,shared_attention,296,14400,450,Causal attention: 2*L^2*D MAC/sequence plus source-to-KV map; eager CPU latency measured,0.49330570500023896,attention_output_MSE,0.10367237776517868,attention_KL,0.04025347903370857,fresh query audit; target argmax-key NLL 0.9767811298370361; aligned maps
independent_w11_context0,31,shared_attention,296,14400,450,Causal attention: 2*L^2*D MAC/sequence plus source-to-KV map; eager CPU latency measured,0.4124142210057471,attention_output_MSE,0.5271927118301392,attention_KL,0.2503117620944977,fresh query audit; target argmax-key NLL 1.3799090385437012; independent maps
independent_w11_context1,31,shared_attention,296,14400,450,Causal attention: 2*L^2*D MAC/sequence plus source-to-KV map; eager CPU latency measured,0.4124142210057471,attention_output_MSE,0.30018773674964905,attention_KL,0.18438249826431274,fresh query audit; target argmax-key NLL 1.231032371520996; independent maps
independent_w11_context2,31,shared_attention,296,14400,450,Causal attention: 2*L^2*D MAC/sequence plus source-to-KV map; eager CPU latency measured,0.4124142210057471,attention_output_MSE,0.12262784689664841,attention_KL,0.19064265489578247,fresh query audit; target argmax-key NLL 1.3459813594818115; independent maps
independent_w11_context3,31,shared_attention,296,14400,450,Causal attention: 2*L^2*D MAC/sequence plus source-to-KV map; eager CPU latency measured,0.4124142210057471,attention_output_MSE,0.45662105083465576,attention_KL,0.15981794893741608,fresh query audit; target argmax-key NLL 1.1665503978729248; independent maps
independent_w11_context0,47,shared_attention,296,14400,450,Causal attention: 2*L^2*D MAC/sequence plus source-to-KV map; eager CPU latency measured,0.40965248200518545,attention_output_MSE,0.4713634252548218,attention_KL,0.21175381541252136,fresh query audit; target argmax-key NLL 1.3154834508895874; independent maps
independent_w11_context1,47,shared_attention,296,14400,450,Causal attention: 2*L^2*D MAC/sequence plus source-to-KV map; eager CPU latency measured,0.40965248200518545,attention_output_MSE,0.31030386686325073,attention_KL,0.20113016664981842,fresh query audit; target argmax-key NLL 1.2693922519683838; independent maps
independent_w11_context2,47,shared_attention,296,14400,450,Causal attention: 2*L^2*D MAC/sequence plus source-to-KV map; eager CPU latency measured,0.40965248200518545,attention_output_MSE,0.11174778640270233,attention_KL,0.16497626900672913,fresh query audit; target argmax-key NLL 1.2975096702575684; independent maps
independent_w11_context3,47,shared_attention,296,14400,450,Causal attention: 2*L^2*D MAC/sequence plus source-to-KV map; eager CPU latency measured,0.40965248200518545,attention_output_MSE,0.5046038627624512,attention_KL,0.1915958821773529,fresh query audit; target argmax-key NLL 1.2223385572433472; independent maps
independent_w11_context0,59,shared_attention,296,14400,450,Causal attention: 2*L^2*D MAC/sequence plus source-to-KV map; eager CPU latency measured,0.41277139999874635,attention_output_MSE,0.3933731019496918,attention_KL,0.17400911450386047,fresh query audit; target argmax-key NLL 1.2486801147460938; independent maps
independent_w11_context1,59,shared_attention,296,14400,450,Causal attention: 2*L^2*D MAC/sequence plus source-to-KV map; eager CPU latency measured,0.41277139999874635,attention_output_MSE,0.313238263130188,attention_KL,0.20456980168819427,fresh query audit; target argmax-key NLL 1.2756948471069336; independent maps
independent_w11_context2,59,shared_attention,296,14400,450,Causal attention: 2*L^2*D MAC/sequence plus source-to-KV map; eager CPU latency measured,0.41277139999874635,attention_output_MSE,0.13176719844341278,attention_KL,0.2043139785528183,fresh query audit; target argmax-key NLL 1.3726471662521362; independent maps
independent_w11_context3,59,shared_attention,296,14400,450,Causal attention: 2*L^2*D MAC/sequence plus source-to-KV map; eager CPU latency measured,0.41277139999874635,attention_output_MSE,0.5740628242492676,attention_KL,0.20563238859176636,fresh query audit; target argmax-key NLL 1.2469069957733154; independent maps
aligned_w17_context0,31,shared_attention,296,14400,450,Causal attention: 2*L^2*D MAC/sequence plus source-to-KV map; eager CPU latency measured,0.47536273000150686,attention_output_MSE,0.2062734067440033,attention_KL,0.09941336512565613,fresh query audit; target argmax-key NLL 0.8417183756828308; aligned maps
aligned_w17_context1,31,shared_attention,296,14400,450,Causal attention: 2*L^2*D MAC/sequence plus source-to-KV map; eager CPU latency measured,0.47536273000150686,attention_output_MSE,0.062340691685676575,attention_KL,0.023134618997573853,fresh query audit; target argmax-key NLL 0.7391039729118347; aligned maps
aligned_w17_context2,31,shared_attention,296,14400,450,Causal attention: 2*L^2*D MAC/sequence plus source-to-KV map; eager CPU latency measured,0.47536273000150686,attention_output_MSE,0.021176984533667564,attention_KL,0.02214898355305195,fresh query audit; target argmax-key NLL 0.7362369298934937; aligned maps
aligned_w17_context3,31,shared_attention,296,14400,450,Causal attention: 2*L^2*D MAC/sequence plus source-to-KV map; eager CPU latency measured,0.47536273000150686,attention_output_MSE,0.06364413350820541,attention_KL,0.002192022046074271,fresh query audit; target argmax-key NLL 0.7201353311538696; aligned maps
aligned_w17_context0,47,shared_attention,296,14400,450,Causal attention: 2*L^2*D MAC/sequence plus source-to-KV map; eager CPU latency measured,0.4718026880000252,attention_output_MSE,0.1759880632162094,attention_KL,0.08192817121744156,fresh query audit; target argmax-key NLL 0.8218870162963867; aligned maps
aligned_w17_context1,47,shared_attention,296,14400,450,Causal attention: 2*L^2*D MAC/sequence plus source-to-KV map; eager CPU latency measured,0.4718026880000252,attention_output_MSE,0.08348886668682098,attention_KL,0.032497040927410126,fresh query audit; target argmax-key NLL 0.7603240013122559; aligned maps
aligned_w17_context2,47,shared_attention,296,14400,450,Causal attention: 2*L^2*D MAC/sequence plus source-to-KV map; eager CPU latency measured,0.4718026880000252,attention_output_MSE,0.025831906124949455,attention_KL,0.03109731525182724,fresh query audit; target argmax-key NLL 0.758423388004303; aligned maps
aligned_w17_context3,47,shared_attention,296,14400,450,Causal attention: 2*L^2*D MAC/sequence plus source-to-KV map; eager CPU latency measured,0.4718026880000252,attention_output_MSE,0.07965289056301117,attention_KL,0.003318517003208399,fresh query audit; target argmax-key NLL 0.7285200357437134; aligned maps
aligned_w17_context0,59,shared_attention,296,14400,450,Causal attention: 2*L^2*D MAC/sequence plus source-to-KV map; eager CPU latency measured,0.4714820899971528,attention_output_MSE,0.2794013023376465,attention_KL,0.12175227701663971,fresh query audit; target argmax-key NLL 0.8710875511169434; aligned maps
aligned_w17_context1,59,shared_attention,296,14400,450,Causal attention: 2*L^2*D MAC/sequence plus source-to-KV map; eager CPU latency measured,0.4714820899971528,attention_output_MSE,0.030338166281580925,attention_KL,0.014207761734724045,fresh query audit; target argmax-key NLL 0.7181214094161987; aligned maps
aligned_w17_context2,59,shared_attention,296,14400,450,Causal attention: 2*L^2*D MAC/sequence plus source-to-KV map; eager CPU latency measured,0.4714820899971528,attention_output_MSE,0.027480004355311394,attention_KL,0.01363406889140606,fresh query audit; target argmax-key NLL 0.715660572052002; aligned maps
aligned_w17_context3,59,shared_attention,296,14400,450,Causal attention: 2*L^2*D MAC/sequence plus source-to-KV map; eager CPU latency measured,0.4714820899971528,attention_output_MSE,0.033509258180856705,attention_KL,0.0034477640874683857,fresh query audit; target argmax-key NLL 0.7143930196762085; aligned maps
independent_w17_context0,31,shared_attention,296,14400,450,Causal attention: 2*L^2*D MAC/sequence plus source-to-KV map; eager CPU latency measured,0.4144084049985395,attention_output_MSE,0.3222509026527405,attention_KL,0.24894674122333527,fresh query audit; target argmax-key NLL 1.305856704711914; independent maps
independent_w17_context1,31,shared_attention,296,14400,450,Causal attention: 2*L^2*D MAC/sequence plus source-to-KV map; eager CPU latency measured,0.4144084049985395,attention_output_MSE,0.3779338300228119,attention_KL,0.1947219967842102,fresh query audit; target argmax-key NLL 1.27328360080719; independent maps
independent_w17_context2,31,shared_attention,296,14400,450,Causal attention: 2*L^2*D MAC/sequence plus source-to-KV map; eager CPU latency measured,0.4144084049985395,attention_output_MSE,0.31941109895706177,attention_KL,0.0894089788198471,fresh query audit; target argmax-key NLL 1.1900438070297241; independent maps
independent_w17_context3,31,shared_attention,296,14400,450,Causal attention: 2*L^2*D MAC/sequence plus source-to-KV map; eager CPU latency measured,0.4144084049985395,attention_output_MSE,0.1514197140932083,attention_KL,0.08291665464639664,fresh query audit; target argmax-key NLL 1.1539582014083862; independent maps
independent_w17_context0,47,shared_attention,296,14400,450,Causal attention: 2*L^2*D MAC/sequence plus source-to-KV map; eager CPU latency measured,0.41360297199571505,attention_output_MSE,0.3622996211051941,attention_KL,0.27089571952819824,fresh query audit; target argmax-key NLL 1.3367195129394531; independent maps
independent_w17_context1,47,shared_attention,296,14400,450,Causal attention: 2*L^2*D MAC/sequence plus source-to-KV map; eager CPU latency measured,0.41360297199571505,attention_output_MSE,0.42338821291923523,attention_KL,0.1981043964624405,fresh query audit; target argmax-key NLL 1.272589921951294; independent maps
independent_w17_context2,47,shared_attention,296,14400,450,Causal attention: 2*L^2*D MAC/sequence plus source-to-KV map; eager CPU latency measured,0.41360297199571505,attention_output_MSE,0.25165966153144836,attention_KL,0.07180874049663544,fresh query audit; target argmax-key NLL 1.14795982837677; independent maps
independent_w17_context3,47,shared_attention,296,14400,450,Causal attention: 2*L^2*D MAC/sequence plus source-to-KV map; eager CPU latency measured,0.41360297199571505,attention_output_MSE,0.15296529233455658,attention_KL,0.08457712084054947,fresh query audit; target argmax-key NLL 1.1478087902069092; independent maps
independent_w17_context0,59,shared_attention,296,14400,450,Causal attention: 2*L^2*D MAC/sequence plus source-to-KV map; eager CPU latency measured,0.411453448003158,attention_output_MSE,0.27138108015060425,attention_KL,0.20079362392425537,fresh query audit; target argmax-key NLL 1.2284349203109741; independent maps
independent_w17_context1,59,shared_attention,296,14400,450,Causal attention: 2*L^2*D MAC/sequence plus source-to-KV map; eager CPU latency measured,0.411453448003158,attention_output_MSE,0.36585819721221924,attention_KL,0.20652906596660614,fresh query audit; target argmax-key NLL 1.2963956594467163; independent maps
independent_w17_context2,59,shared_attention,296,14400,450,Causal attention: 2*L^2*D MAC/sequence plus source-to-KV map; eager CPU latency measured,0.411453448003158,attention_output_MSE,0.32940879464149475,attention_KL,0.08847072720527649,fresh query audit; target argmax-key NLL 1.202341914176941; independent maps
independent_w17_context3,59,shared_attention,296,14400,450,Causal attention: 2*L^2*D MAC/sequence plus source-to-KV map; eager CPU latency measured,0.411453448003158,attention_output_MSE,0.21272294223308563,attention_KL,0.1266002357006073,fresh query audit; target argmax-key NLL 1.2473170757293701; independent maps
aligned_w23_context0,31,shared_attention,296,14400,450,Causal attention: 2*L^2*D MAC/sequence plus source-to-KV map; eager CPU latency measured,0.47275689199886983,attention_output_MSE,0.05183354765176773,attention_KL,0.07860104739665985,fresh query audit; target argmax-key NLL 0.9347169995307922; aligned maps
aligned_w23_context1,31,shared_attention,296,14400,450,Causal attention: 2*L^2*D MAC/sequence plus source-to-KV map; eager CPU latency measured,0.47275689199886983,attention_output_MSE,0.3588750660419464,attention_KL,0.005931244231760502,fresh query audit; target argmax-key NLL 0.813818633556366; aligned maps
aligned_w23_context2,31,shared_attention,296,14400,450,Causal attention: 2*L^2*D MAC/sequence plus source-to-KV map; eager CPU latency measured,0.47275689199886983,attention_output_MSE,0.22192159295082092,attention_KL,0.07888583838939667,fresh query audit; target argmax-key NLL 0.9366943836212158; aligned maps
aligned_w23_context3,31,shared_attention,296,14400,450,Causal attention: 2*L^2*D MAC/sequence plus source-to-KV map; eager CPU latency measured,0.47275689199886983,attention_output_MSE,0.053426820784807205,attention_KL,0.003770913928747177,fresh query audit; target argmax-key NLL 0.8291673064231873; aligned maps
aligned_w23_context0,47,shared_attention,296,14400,450,Causal attention: 2*L^2*D MAC/sequence plus source-to-KV map; eager CPU latency measured,0.4709371530043427,attention_output_MSE,0.08176273107528687,attention_KL,0.09655319154262543,fresh query audit; target argmax-key NLL 0.9528715014457703; aligned maps
aligned_w23_context1,47,shared_attention,296,14400,450,Causal attention: 2*L^2*D MAC/sequence plus source-to-KV map; eager CPU latency measured,0.4709371530043427,attention_output_MSE,0.25829899311065674,attention_KL,0.0020574203226715326,fresh query audit; target argmax-key NLL 0.7934192419052124; aligned maps
aligned_w23_context2,47,shared_attention,296,14400,450,Causal attention: 2*L^2*D MAC/sequence plus source-to-KV map; eager CPU latency measured,0.4709371530043427,attention_output_MSE,0.30950790643692017,attention_KL,0.06529320776462555,fresh query audit; target argmax-key NLL 0.9005545973777771; aligned maps
aligned_w23_context3,47,shared_attention,296,14400,450,Causal attention: 2*L^2*D MAC/sequence plus source-to-KV map; eager CPU latency measured,0.4709371530043427,attention_output_MSE,0.02655370905995369,attention_KL,0.002631594892591238,fresh query audit; target argmax-key NLL 0.8123478889465332; aligned maps
aligned_w23_context0,59,shared_attention,296,14400,450,Causal attention: 2*L^2*D MAC/sequence plus source-to-KV map; eager CPU latency measured,0.4750908249989152,attention_output_MSE,0.05511140823364258,attention_KL,0.10047069191932678,fresh query audit; target argmax-key NLL 0.9781820178031921; aligned maps
aligned_w23_context1,59,shared_attention,296,14400,450,Causal attention: 2*L^2*D MAC/sequence plus source-to-KV map; eager CPU latency measured,0.4750908249989152,attention_output_MSE,0.4355410039424896,attention_KL,0.00464510265737772,fresh query audit; target argmax-key NLL 0.8180471658706665; aligned maps
aligned_w23_context2,59,shared_attention,296,14400,450,Causal attention: 2*L^2*D MAC/sequence plus source-to-KV map; eager CPU latency measured,0.4750908249989152,attention_output_MSE,0.17077107727527618,attention_KL,0.05851281061768532,fresh query audit; target argmax-key NLL 0.9080731868743896; aligned maps
aligned_w23_context3,59,shared_attention,296,14400,450,Causal attention: 2*L^2*D MAC/sequence plus source-to-KV map; eager CPU latency measured,0.4750908249989152,attention_output_MSE,0.08328118920326233,attention_KL,0.005830582696944475,fresh query audit; target argmax-key NLL 0.8372572064399719; aligned maps
independent_w23_context0,31,shared_attention,296,14400,450,Causal attention: 2*L^2*D MAC/sequence plus source-to-KV map; eager CPU latency measured,0.4306142649948015,attention_output_MSE,0.6021835803985596,attention_KL,0.22952625155448914,fresh query audit; target argmax-key NLL 1.2300457954406738; independent maps
independent_w23_context1,31,shared_attention,296,14400,450,Causal attention: 2*L^2*D MAC/sequence plus source-to-KV map; eager CPU latency measured,0.4306142649948015,attention_output_MSE,0.5658791065216064,attention_KL,0.09144017100334167,fresh query audit; target argmax-key NLL 1.051950216293335; independent maps
independent_w23_context2,31,shared_attention,296,14400,450,Causal attention: 2*L^2*D MAC/sequence plus source-to-KV map; eager CPU latency measured,0.4306142649948015,attention_output_MSE,0.5302082300186157,attention_KL,0.2890939712524414,fresh query audit; target argmax-key NLL 1.403214693069458; independent maps
independent_w23_context3,31,shared_attention,296,14400,450,Causal attention: 2*L^2*D MAC/sequence plus source-to-KV map; eager CPU latency measured,0.4306142649948015,attention_output_MSE,0.4794749319553375,attention_KL,0.1674749106168747,fresh query audit; target argmax-key NLL 1.178128957748413; independent maps
independent_w23_context0,47,shared_attention,296,14400,450,Causal attention: 2*L^2*D MAC/sequence plus source-to-KV map; eager CPU latency measured,0.434240716000204,attention_output_MSE,0.657545804977417,attention_KL,0.3032861351966858,fresh query audit; target argmax-key NLL 1.3523083925247192; independent maps
independent_w23_context1,47,shared_attention,296,14400,450,Causal attention: 2*L^2*D MAC/sequence plus source-to-KV map; eager CPU latency measured,0.434240716000204,attention_output_MSE,0.8816367983818054,attention_KL,0.14756521582603455,fresh query audit; target argmax-key NLL 1.1577727794647217; independent maps
independent_w23_context2,47,shared_attention,296,14400,450,Causal attention: 2*L^2*D MAC/sequence plus source-to-KV map; eager CPU latency measured,0.434240716000204,attention_output_MSE,0.308591365814209,attention_KL,0.21431265771389008,fresh query audit; target argmax-key NLL 1.2770004272460938; independent maps
independent_w23_context3,47,shared_attention,296,14400,450,Causal attention: 2*L^2*D MAC/sequence plus source-to-KV map; eager CPU latency measured,0.434240716000204,attention_output_MSE,0.2356070876121521,attention_KL,0.126693993806839,fresh query audit; target argmax-key NLL 1.122171401977539; independent maps
independent_w23_context0,59,shared_attention,296,14400,450,Causal attention: 2*L^2*D MAC/sequence plus source-to-KV map; eager CPU latency measured,0.4285173530006432,attention_output_MSE,0.5377197861671448,attention_KL,0.2251548171043396,fresh query audit; target argmax-key NLL 1.2344262599945068; independent maps
independent_w23_context1,59,shared_attention,296,14400,450,Causal attention: 2*L^2*D MAC/sequence plus source-to-KV map; eager CPU latency measured,0.4285173530006432,attention_output_MSE,0.8709113597869873,attention_KL,0.15406452119350433,fresh query audit; target argmax-key NLL 1.1729446649551392; independent maps
independent_w23_context2,59,shared_attention,296,14400,450,Causal attention: 2*L^2*D MAC/sequence plus source-to-KV map; eager CPU latency measured,0.4285173530006432,attention_output_MSE,0.3595964014530182,attention_KL,0.20609213411808014,fresh query audit; target argmax-key NLL 1.268825888633728; independent maps
independent_w23_context3,59,shared_attention,296,14400,450,Causal attention: 2*L^2*D MAC/sequence plus source-to-KV map; eager CPU latency measured,0.4285173530006432,attention_output_MSE,0.3235902786254883,attention_KL,0.17511224746704102,fresh query audit; target argmax-key NLL 1.2098593711853027; independent maps
aligned_w11_context0,31,independent_attention,688,16000,500,Causal attention: 2*L^2*D MAC/sequence plus source-to-KV map; eager CPU latency measured,0.5221560220015817,attention_output_MSE,7.072324024193222e-07,attention_KL,1.9223650724597974e-06,fresh query audit; target argmax-key NLL 0.8097333908081055; aligned maps
aligned_w11_context1,31,independent_attention,688,16000,500,Causal attention: 2*L^2*D MAC/sequence plus source-to-KV map; eager CPU latency measured,0.5221560220015817,attention_output_MSE,3.833179289358668e-05,attention_KL,1.3146482160664164e-06,fresh query audit; target argmax-key NLL 0.7986586093902588; aligned maps
aligned_w11_context2,31,independent_attention,688,16000,500,Causal attention: 2*L^2*D MAC/sequence plus source-to-KV map; eager CPU latency measured,0.5221560220015817,attention_output_MSE,3.869507381182302e-09,attention_KL,3.0455242772120528e-09,fresh query audit; target argmax-key NLL 0.7986388206481934; aligned maps
aligned_w11_context3,31,independent_attention,688,16000,500,Causal attention: 2*L^2*D MAC/sequence plus source-to-KV map; eager CPU latency measured,0.5221560220015817,attention_output_MSE,1.0751838999567553e-05,attention_KL,4.117991068142146e-07,fresh query audit; target argmax-key NLL 0.8104887008666992; aligned maps
aligned_w11_context0,47,independent_attention,688,16000,500,Causal attention: 2*L^2*D MAC/sequence plus source-to-KV map; eager CPU latency measured,0.5210653989997809,attention_output_MSE,4.787367515746155e-07,attention_KL,1.3249748462840216e-06,fresh query audit; target argmax-key NLL 0.8096203804016113; aligned maps
aligned_w11_context1,47,independent_attention,688,16000,500,Causal attention: 2*L^2*D MAC/sequence plus source-to-KV map; eager CPU latency measured,0.5210653989997809,attention_output_MSE,2.405937038929551e-06,attention_KL,1.6060670304796076e-07,fresh query audit; target argmax-key NLL 0.7993361949920654; aligned maps
aligned_w11_context2,47,independent_attention,688,16000,500,Causal attention: 2*L^2*D MAC/sequence plus source-to-KV map; eager CPU latency measured,0.5210653989997809,attention_output_MSE,1.3576091077993624e-05,attention_KL,2.445419795549242e-06,fresh query audit; target argmax-key NLL 0.7993261814117432; aligned maps
aligned_w11_context3,47,independent_attention,688,16000,500,Causal attention: 2*L^2*D MAC/sequence plus source-to-KV map; eager CPU latency measured,0.5210653989997809,attention_output_MSE,9.616086572350468e-06,attention_KL,5.140323082741816e-06,fresh query audit; target argmax-key NLL 0.8121733665466309; aligned maps
aligned_w11_context0,59,independent_attention,688,16000,500,Causal attention: 2*L^2*D MAC/sequence plus source-to-KV map; eager CPU latency measured,0.511245626003074,attention_output_MSE,1.110137077375839e-06,attention_KL,7.662055878654428e-08,fresh query audit; target argmax-key NLL 0.8085489273071289; aligned maps
aligned_w11_context1,59,independent_attention,688,16000,500,Causal attention: 2*L^2*D MAC/sequence plus source-to-KV map; eager CPU latency measured,0.511245626003074,attention_output_MSE,3.2709494917071424e-06,attention_KL,1.1545151323844038e-07,fresh query audit; target argmax-key NLL 0.7996708154678345; aligned maps
aligned_w11_context2,59,independent_attention,688,16000,500,Causal attention: 2*L^2*D MAC/sequence plus source-to-KV map; eager CPU latency measured,0.511245626003074,attention_output_MSE,9.341975442112016e-07,attention_KL,2.008332785408129e-06,fresh query audit; target argmax-key NLL 0.7994937896728516; aligned maps
aligned_w11_context3,59,independent_attention,688,16000,500,Causal attention: 2*L^2*D MAC/sequence plus source-to-KV map; eager CPU latency measured,0.511245626003074,attention_output_MSE,5.391574177338043e-06,attention_KL,1.9844448218009347e-07,fresh query audit; target argmax-key NLL 0.8110495805740356; aligned maps
independent_w11_context0,31,independent_attention,688,16000,500,Causal attention: 2*L^2*D MAC/sequence plus source-to-KV map; eager CPU latency measured,0.4646626230023685,attention_output_MSE,8.107826033665333e-06,attention_KL,2.0139498246862786e-06,fresh query audit; target argmax-key NLL 0.7663216590881348; independent maps
independent_w11_context1,31,independent_attention,688,16000,500,Causal attention: 2*L^2*D MAC/sequence plus source-to-KV map; eager CPU latency measured,0.4646626230023685,attention_output_MSE,9.287134889746085e-05,attention_KL,4.45261093773297e-06,fresh query audit; target argmax-key NLL 0.7301750183105469; independent maps
independent_w11_context2,31,independent_attention,688,16000,500,Causal attention: 2*L^2*D MAC/sequence plus source-to-KV map; eager CPU latency measured,0.4646626230023685,attention_output_MSE,7.236066412730224e-09,attention_KL,3.701278572521005e-08,fresh query audit; target argmax-key NLL 0.8085452914237976; independent maps
independent_w11_context3,31,independent_attention,688,16000,500,Causal attention: 2*L^2*D MAC/sequence plus source-to-KV map; eager CPU latency measured,0.4646626230023685,attention_output_MSE,2.9795261070830747e-05,attention_KL,7.366084901150316e-05,fresh query audit; target argmax-key NLL 0.719437837600708; independent maps
independent_w11_context0,47,independent_attention,688,16000,500,Causal attention: 2*L^2*D MAC/sequence plus source-to-KV map; eager CPU latency measured,0.45583490499848267,attention_output_MSE,1.0942916560452431e-05,attention_KL,8.971201168606058e-07,fresh query audit; target argmax-key NLL 0.7648760080337524; independent maps
independent_w11_context1,47,independent_attention,688,16000,500,Causal attention: 2*L^2*D MAC/sequence plus source-to-KV map; eager CPU latency measured,0.45583490499848267,attention_output_MSE,2.4676981411175802e-05,attention_KL,5.545074941437633e-07,fresh query audit; target argmax-key NLL 0.7316627502441406; independent maps
independent_w11_context2,47,independent_attention,688,16000,500,Causal attention: 2*L^2*D MAC/sequence plus source-to-KV map; eager CPU latency measured,0.45583490499848267,attention_output_MSE,5.43423266208265e-06,attention_KL,2.7570633392315358e-05,fresh query audit; target argmax-key NLL 0.8122649192810059; independent maps
independent_w11_context3,47,independent_attention,688,16000,500,Causal attention: 2*L^2*D MAC/sequence plus source-to-KV map; eager CPU latency measured,0.45583490499848267,attention_output_MSE,1.4486189456874854e-06,attention_KL,2.9352652290981496e-06,fresh query audit; target argmax-key NLL 0.7142949104309082; independent maps
independent_w11_context0,59,independent_attention,688,16000,500,Causal attention: 2*L^2*D MAC/sequence plus source-to-KV map; eager CPU latency measured,0.44236032600019826,attention_output_MSE,1.6676339953392016e-07,attention_KL,3.102774428498378e-07,fresh query audit; target argmax-key NLL 0.7661303281784058; independent maps
independent_w11_context1,59,independent_attention,688,16000,500,Causal attention: 2*L^2*D MAC/sequence plus source-to-KV map; eager CPU latency measured,0.44236032600019826,attention_output_MSE,2.7644600777421147e-05,attention_KL,4.1062008904191316e-07,fresh query audit; target argmax-key NLL 0.731553316116333; independent maps
independent_w11_context2,59,independent_attention,688,16000,500,Causal attention: 2*L^2*D MAC/sequence plus source-to-KV map; eager CPU latency measured,0.44236032600019826,attention_output_MSE,1.042669373418903e-05,attention_KL,5.161129229236394e-05,fresh query audit; target argmax-key NLL 0.8134910464286804; independent maps
independent_w11_context3,59,independent_attention,688,16000,500,Causal attention: 2*L^2*D MAC/sequence plus source-to-KV map; eager CPU latency measured,0.44236032600019826,attention_output_MSE,5.909824903937988e-05,attention_KL,0.00012770851026289165,fresh query audit; target argmax-key NLL 0.7206481695175171; independent maps
aligned_w17_context0,31,independent_attention,688,16000,500,Causal attention: 2*L^2*D MAC/sequence plus source-to-KV map; eager CPU latency measured,0.5122641709967866,attention_output_MSE,0.0018433236982673407,attention_KL,5.431147656054236e-05,fresh query audit; target argmax-key NLL 0.6435192823410034; aligned maps
aligned_w17_context1,31,independent_attention,688,16000,500,Causal attention: 2*L^2*D MAC/sequence plus source-to-KV map; eager CPU latency measured,0.5122641709967866,attention_output_MSE,0.0002970694040413946,attention_KL,0.00018157364684157073,fresh query audit; target argmax-key NLL 0.6791684627532959; aligned maps
aligned_w17_context2,31,independent_attention,688,16000,500,Causal attention: 2*L^2*D MAC/sequence plus source-to-KV map; eager CPU latency measured,0.5122641709967866,attention_output_MSE,6.258675421122462e-05,attention_KL,9.09137015696615e-05,fresh query audit; target argmax-key NLL 0.6742379665374756; aligned maps
aligned_w17_context3,31,independent_attention,688,16000,500,Causal attention: 2*L^2*D MAC/sequence plus source-to-KV map; eager CPU latency measured,0.5122641709967866,attention_output_MSE,0.00030622168560512364,attention_KL,8.567734766984358e-06,fresh query audit; target argmax-key NLL 0.6783267855644226; aligned maps
aligned_w17_context0,47,independent_attention,688,16000,500,Causal attention: 2*L^2*D MAC/sequence plus source-to-KV map; eager CPU latency measured,0.5133021850051591,attention_output_MSE,0.00019340886501595378,attention_KL,1.3765195035375655e-05,fresh query audit; target argmax-key NLL 0.6415536403656006; aligned maps
aligned_w17_context1,47,independent_attention,688,16000,500,Causal attention: 2*L^2*D MAC/sequence plus source-to-KV map; eager CPU latency measured,0.5133021850051591,attention_output_MSE,0.00010028993710875511,attention_KL,2.8674161512753926e-05,fresh query audit; target argmax-key NLL 0.6745883226394653; aligned maps
aligned_w17_context2,47,independent_attention,688,16000,500,Causal attention: 2*L^2*D MAC/sequence plus source-to-KV map; eager CPU latency measured,0.5133021850051591,attention_output_MSE,9.395548113388941e-05,attention_KL,0.00013582227984443307,fresh query audit; target argmax-key NLL 0.6755651831626892; aligned maps
aligned_w17_context3,47,independent_attention,688,16000,500,Causal attention: 2*L^2*D MAC/sequence plus source-to-KV map; eager CPU latency measured,0.5133021850051591,attention_output_MSE,0.0012462360318750143,attention_KL,1.3377879440668039e-05,fresh query audit; target argmax-key NLL 0.6804772019386292; aligned maps
aligned_w17_context0,59,independent_attention,688,16000,500,Causal attention: 2*L^2*D MAC/sequence plus source-to-KV map; eager CPU latency measured,0.5174865349981701,attention_output_MSE,0.0016937667969614267,attention_KL,6.514163396786898e-05,fresh query audit; target argmax-key NLL 0.6384414434432983; aligned maps
aligned_w17_context1,59,independent_attention,688,16000,500,Causal attention: 2*L^2*D MAC/sequence plus source-to-KV map; eager CPU latency measured,0.5174865349981701,attention_output_MSE,0.0001504879182903096,attention_KL,6.632745498791337e-05,fresh query audit; target argmax-key NLL 0.6776798963546753; aligned maps
aligned_w17_context2,59,independent_attention,688,16000,500,Causal attention: 2*L^2*D MAC/sequence plus source-to-KV map; eager CPU latency measured,0.5174865349981701,attention_output_MSE,2.470165054546669e-05,attention_KL,3.0085839171078987e-05,fresh query audit; target argmax-key NLL 0.6710593700408936; aligned maps
aligned_w17_context3,59,independent_attention,688,16000,500,Causal attention: 2*L^2*D MAC/sequence plus source-to-KV map; eager CPU latency measured,0.5174865349981701,attention_output_MSE,0.00015386415179818869,attention_KL,1.0289268175256439e-05,fresh query audit; target argmax-key NLL 0.682786226272583; aligned maps
independent_w17_context0,31,independent_attention,688,16000,500,Causal attention: 2*L^2*D MAC/sequence plus source-to-KV map; eager CPU latency measured,0.4435494529971038,attention_output_MSE,0.0008909773314371705,attention_KL,0.0031754798255860806,fresh query audit; target argmax-key NLL 0.7561936378479004; independent maps
independent_w17_context1,31,independent_attention,688,16000,500,Causal attention: 2*L^2*D MAC/sequence plus source-to-KV map; eager CPU latency measured,0.4435494529971038,attention_output_MSE,3.0794728900218615e-07,attention_KL,1.6035045291573624e-07,fresh query audit; target argmax-key NLL 0.7436974048614502; independent maps
independent_w17_context2,31,independent_attention,688,16000,500,Causal attention: 2*L^2*D MAC/sequence plus source-to-KV map; eager CPU latency measured,0.4435494529971038,attention_output_MSE,2.4483279048581608e-05,attention_KL,5.323383334143728e-07,fresh query audit; target argmax-key NLL 0.8749492168426514; independent maps
independent_w17_context3,31,independent_attention,688,16000,500,Causal attention: 2*L^2*D MAC/sequence plus source-to-KV map; eager CPU latency measured,0.4435494529971038,attention_output_MSE,3.241145662968847e-08,attention_KL,1.35257252509291e-07,fresh query audit; target argmax-key NLL 0.8420653939247131; independent maps
independent_w17_context0,47,independent_attention,688,16000,500,Causal attention: 2*L^2*D MAC/sequence plus source-to-KV map; eager CPU latency measured,0.4457301259972155,attention_output_MSE,0.0005492903874255717,attention_KL,0.0019559755455702543,fresh query audit; target argmax-key NLL 0.7466744780540466; independent maps
independent_w17_context1,47,independent_attention,688,16000,500,Causal attention: 2*L^2*D MAC/sequence plus source-to-KV map; eager CPU latency measured,0.4457301259972155,attention_output_MSE,2.1129226297489367e-06,attention_KL,2.5927479896381556e-07,fresh query audit; target argmax-key NLL 0.7430942058563232; independent maps
independent_w17_context2,47,independent_attention,688,16000,500,Causal attention: 2*L^2*D MAC/sequence plus source-to-KV map; eager CPU latency measured,0.4457301259972155,attention_output_MSE,0.00016905668599065393,attention_KL,4.972790065949084e-06,fresh query audit; target argmax-key NLL 0.8735805749893188; independent maps
independent_w17_context3,47,independent_attention,688,16000,500,Causal attention: 2*L^2*D MAC/sequence plus source-to-KV map; eager CPU latency measured,0.4457301259972155,attention_output_MSE,6.233848992565072e-10,attention_KL,2.303662149927277e-09,fresh query audit; target argmax-key NLL 0.841871440410614; independent maps
independent_w17_context0,59,independent_attention,688,16000,500,Causal attention: 2*L^2*D MAC/sequence plus source-to-KV map; eager CPU latency measured,0.4473181560024386,attention_output_MSE,0.0014455228811129928,attention_KL,0.005005655810236931,fresh query audit; target argmax-key NLL 0.7664522528648376; independent maps
independent_w17_context1,59,independent_attention,688,16000,500,Causal attention: 2*L^2*D MAC/sequence plus source-to-KV map; eager CPU latency measured,0.4473181560024386,attention_output_MSE,5.982001738402687e-08,attention_KL,-6.364919702406269e-11,fresh query audit; target argmax-key NLL 0.7435700297355652; independent maps
independent_w17_context2,59,independent_attention,688,16000,500,Causal attention: 2*L^2*D MAC/sequence plus source-to-KV map; eager CPU latency measured,0.4473181560024386,attention_output_MSE,1.1280171747785062e-05,attention_KL,3.742896979019861e-07,fresh query audit; target argmax-key NLL 0.8750817179679871; independent maps
independent_w17_context3,59,independent_attention,688,16000,500,Causal attention: 2*L^2*D MAC/sequence plus source-to-KV map; eager CPU latency measured,0.4473181560024386,attention_output_MSE,1.4486315080830536e-07,attention_KL,6.288602207860094e-07,fresh query audit; target argmax-key NLL 0.8423488736152649; independent maps
aligned_w23_context0,31,independent_attention,688,16000,500,Causal attention: 2*L^2*D MAC/sequence plus source-to-KV map; eager CPU latency measured,0.5184371119976277,attention_output_MSE,1.2342467016424052e-05,attention_KL,8.10571748388611e-07,fresh query audit; target argmax-key NLL 0.7375426888465881; aligned maps
aligned_w23_context1,31,independent_attention,688,16000,500,Causal attention: 2*L^2*D MAC/sequence plus source-to-KV map; eager CPU latency measured,0.5184371119976277,attention_output_MSE,7.054069283185527e-05,attention_KL,0.00016024515207391232,fresh query audit; target argmax-key NLL 0.7641260623931885; aligned maps
aligned_w23_context2,31,independent_attention,688,16000,500,Causal attention: 2*L^2*D MAC/sequence plus source-to-KV map; eager CPU latency measured,0.5184371119976277,attention_output_MSE,1.2741414820993668e-06,attention_KL,1.1034622104943992e-07,fresh query audit; target argmax-key NLL 0.7519651651382446; aligned maps
aligned_w23_context3,31,independent_attention,688,16000,500,Causal attention: 2*L^2*D MAC/sequence plus source-to-KV map; eager CPU latency measured,0.5184371119976277,attention_output_MSE,8.082028216449544e-05,attention_KL,3.3165149488922907e-06,fresh query audit; target argmax-key NLL 0.7717336416244507; aligned maps
aligned_w23_context0,47,independent_attention,688,16000,500,Causal attention: 2*L^2*D MAC/sequence plus source-to-KV map; eager CPU latency measured,0.5161669770022854,attention_output_MSE,5.3798339649802074e-05,attention_KL,3.3917588098120177e-06,fresh query audit; target argmax-key NLL 0.7373574376106262; aligned maps
aligned_w23_context1,47,independent_attention,688,16000,500,Causal attention: 2*L^2*D MAC/sequence plus source-to-KV map; eager CPU latency measured,0.5161669770022854,attention_output_MSE,2.7825635697809048e-05,attention_KL,3.838868360617198e-05,fresh query audit; target argmax-key NLL 0.7588008046150208; aligned maps
aligned_w23_context2,47,independent_attention,688,16000,500,Causal attention: 2*L^2*D MAC/sequence plus source-to-KV map; eager CPU latency measured,0.5161669770022854,attention_output_MSE,1.4024687516211998e-05,attention_KL,9.498197073298797e-07,fresh query audit; target argmax-key NLL 0.7510234117507935; aligned maps
aligned_w23_context3,47,independent_attention,688,16000,500,Causal attention: 2*L^2*D MAC/sequence plus source-to-KV map; eager CPU latency measured,0.5161669770022854,attention_output_MSE,0.00029691835516132414,attention_KL,3.3876044653879944e-06,fresh query audit; target argmax-key NLL 0.77168208360672; aligned maps
aligned_w23_context0,59,independent_attention,688,16000,500,Causal attention: 2*L^2*D MAC/sequence plus source-to-KV map; eager CPU latency measured,0.5178256910003256,attention_output_MSE,1.4838190509181004e-05,attention_KL,4.185308625892503e-06,fresh query audit; target argmax-key NLL 0.7387908697128296; aligned maps
aligned_w23_context1,59,independent_attention,688,16000,500,Causal attention: 2*L^2*D MAC/sequence plus source-to-KV map; eager CPU latency measured,0.5178256910003256,attention_output_MSE,2.5090228518820368e-05,attention_KL,1.1496590559545439e-05,fresh query audit; target argmax-key NLL 0.7565299272537231; aligned maps
aligned_w23_context2,59,independent_attention,688,16000,500,Causal attention: 2*L^2*D MAC/sequence plus source-to-KV map; eager CPU latency measured,0.5178256910003256,attention_output_MSE,1.3384556041273754e-05,attention_KL,4.696143605542602e-06,fresh query audit; target argmax-key NLL 0.7530159950256348; aligned maps
aligned_w23_context3,59,independent_attention,688,16000,500,Causal attention: 2*L^2*D MAC/sequence plus source-to-KV map; eager CPU latency measured,0.5178256910003256,attention_output_MSE,0.00023123611754272133,attention_KL,1.5368781532743014e-05,fresh query audit; target argmax-key NLL 0.7730909585952759; aligned maps
independent_w23_context0,31,independent_attention,688,16000,500,Causal attention: 2*L^2*D MAC/sequence plus source-to-KV map; eager CPU latency measured,0.4489063169967267,attention_output_MSE,0.00010198335075983778,attention_KL,7.64352262194734e-06,fresh query audit; target argmax-key NLL 0.6895394325256348; independent maps
independent_w23_context1,31,independent_attention,688,16000,500,Causal attention: 2*L^2*D MAC/sequence plus source-to-KV map; eager CPU latency measured,0.4489063169967267,attention_output_MSE,5.076805246062577e-05,attention_KL,1.1650124633888481e-06,fresh query audit; target argmax-key NLL 0.7450602650642395; independent maps
independent_w23_context2,31,independent_attention,688,16000,500,Causal attention: 2*L^2*D MAC/sequence plus source-to-KV map; eager CPU latency measured,0.4489063169967267,attention_output_MSE,0.00010478025069460273,attention_KL,0.00012958122533746064,fresh query audit; target argmax-key NLL 0.7461575865745544; independent maps
independent_w23_context3,31,independent_attention,688,16000,500,Causal attention: 2*L^2*D MAC/sequence plus source-to-KV map; eager CPU latency measured,0.4489063169967267,attention_output_MSE,1.6786347259767354e-05,attention_KL,4.043850640300661e-05,fresh query audit; target argmax-key NLL 0.7418441772460938; independent maps
independent_w23_context0,47,independent_attention,688,16000,500,Causal attention: 2*L^2*D MAC/sequence plus source-to-KV map; eager CPU latency measured,0.44986782500200206,attention_output_MSE,3.089557503699325e-05,attention_KL,8.626792578070308e-07,fresh query audit; target argmax-key NLL 0.6887098550796509; independent maps
independent_w23_context1,47,independent_attention,688,16000,500,Causal attention: 2*L^2*D MAC/sequence plus source-to-KV map; eager CPU latency measured,0.44986782500200206,attention_output_MSE,0.0002570604265201837,attention_KL,7.686066965106875e-06,fresh query audit; target argmax-key NLL 0.7436851263046265; independent maps
independent_w23_context2,47,independent_attention,688,16000,500,Causal attention: 2*L^2*D MAC/sequence plus source-to-KV map; eager CPU latency measured,0.44986782500200206,attention_output_MSE,3.3339616493321955e-05,attention_KL,6.481675518443808e-05,fresh query audit; target argmax-key NLL 0.7437652349472046; independent maps
independent_w23_context3,47,independent_attention,688,16000,500,Causal attention: 2*L^2*D MAC/sequence plus source-to-KV map; eager CPU latency measured,0.44986782500200206,attention_output_MSE,1.3966678125143517e-07,attention_KL,2.668414822437626e-07,fresh query audit; target argmax-key NLL 0.7379459142684937; independent maps
independent_w23_context0,59,independent_attention,688,16000,500,Causal attention: 2*L^2*D MAC/sequence plus source-to-KV map; eager CPU latency measured,0.45021893300145166,attention_output_MSE,0.00019951901049353182,attention_KL,1.2499012882472016e-05,fresh query audit; target argmax-key NLL 0.6878228187561035; independent maps
independent_w23_context1,59,independent_attention,688,16000,500,Causal attention: 2*L^2*D MAC/sequence plus source-to-KV map; eager CPU latency measured,0.45021893300145166,attention_output_MSE,0.0009480874869041145,attention_KL,1.1756134881579783e-05,fresh query audit; target argmax-key NLL 0.7433964014053345; independent maps
independent_w23_context2,59,independent_attention,688,16000,500,Causal attention: 2*L^2*D MAC/sequence plus source-to-KV map; eager CPU latency measured,0.45021893300145166,attention_output_MSE,5.1055987569270656e-05,attention_KL,0.00010417524026706815,fresh query audit; target argmax-key NLL 0.7455931901931763; independent maps
independent_w23_context3,59,independent_attention,688,16000,500,Causal attention: 2*L^2*D MAC/sequence plus source-to-KV map; eager CPU latency measured,0.45021893300145166,attention_output_MSE,1.027600120551142e-07,attention_KL,2.422625584586058e-07,fresh query audit; target argmax-key NLL 0.7379127144813538; independent maps
