condition,world_or_seed,method,serialized_bytes,train_tokens_or_examples,optimizer_updates,active_compute_proxy,wall_time_s,primary_metric,primary_value,secondary_metric,secondary_value,status_note
aligned_w11_pair0+1,29,independent_adapters,1192,256000,1000,64 MAC/example; 256 parameters,0.34841833300015423,pair_composition_MSE,1.747751859145115e-14,cpu_batch1_latency_ms,0.006892232006066479,fresh audit; synthetic control-adapter teacher
aligned_w11_pair0+2,29,independent_adapters,1192,256000,1000,64 MAC/example; 256 parameters,0.34841833300015423,pair_composition_MSE,1.654270592580699e-14,cpu_batch1_latency_ms,0.006849166005849838,fresh audit; synthetic control-adapter teacher
aligned_w11_pair0+3,29,independent_adapters,1192,256000,1000,64 MAC/example; 256 parameters,0.34841833300015423,pair_composition_MSE,2.1990764244306238e-14,cpu_batch1_latency_ms,0.006811432001995854,fresh audit; synthetic control-adapter teacher
aligned_w11_pair1+2,29,independent_adapters,1192,256000,1000,64 MAC/example; 256 parameters,0.34841833300015423,pair_composition_MSE,2.4783169291190017e-14,cpu_batch1_latency_ms,0.006722416001139209,fresh audit; synthetic control-adapter teacher
aligned_w11_pair1+3,29,independent_adapters,1192,256000,1000,64 MAC/example; 256 parameters,0.34841833300015423,pair_composition_MSE,2.061809653130381e-14,cpu_batch1_latency_ms,0.006734313996275887,fresh audit; synthetic control-adapter teacher
aligned_w11_pair2+3,29,independent_adapters,1192,256000,1000,64 MAC/example; 256 parameters,0.34841833300015423,pair_composition_MSE,1.765715733890484e-14,cpu_batch1_latency_ms,0.006707894004648551,fresh audit; synthetic control-adapter teacher
aligned_w11_pair0+1,41,independent_adapters,1192,256000,1000,64 MAC/example; 256 parameters,0.347072468000988,pair_composition_MSE,1.7631349939067897e-14,cpu_batch1_latency_ms,0.006805662007536739,fresh audit; synthetic control-adapter teacher
aligned_w11_pair0+2,41,independent_adapters,1192,256000,1000,64 MAC/example; 256 parameters,0.347072468000988,pair_composition_MSE,1.647731498227896e-14,cpu_batch1_latency_ms,0.006764220001059584,fresh audit; synthetic control-adapter teacher
aligned_w11_pair0+3,41,independent_adapters,1192,256000,1000,64 MAC/example; 256 parameters,0.347072468000988,pair_composition_MSE,2.103953608014429e-14,cpu_batch1_latency_ms,0.0067406040034256876,fresh audit; synthetic control-adapter teacher
aligned_w11_pair1+2,41,independent_adapters,1192,256000,1000,64 MAC/example; 256 parameters,0.347072468000988,pair_composition_MSE,2.2302594341640225e-14,cpu_batch1_latency_ms,0.006744090002030134,fresh audit; synthetic control-adapter teacher
aligned_w11_pair1+3,41,independent_adapters,1192,256000,1000,64 MAC/example; 256 parameters,0.347072468000988,pair_composition_MSE,2.006193300407074e-14,cpu_batch1_latency_ms,0.00677417399128899,fresh audit; synthetic control-adapter teacher
aligned_w11_pair2+3,41,independent_adapters,1192,256000,1000,64 MAC/example; 256 parameters,0.347072468000988,pair_composition_MSE,1.7181334886718844e-14,cpu_batch1_latency_ms,0.006835948006482795,fresh audit; synthetic control-adapter teacher
aligned_w11_pair0+1,53,independent_adapters,1192,256000,1000,64 MAC/example; 256 parameters,0.34347646599781,pair_composition_MSE,1.749987179092919e-14,cpu_batch1_latency_ms,0.006839130001026206,fresh audit; synthetic control-adapter teacher
aligned_w11_pair0+2,53,independent_adapters,1192,256000,1000,64 MAC/example; 256 parameters,0.34347646599781,pair_composition_MSE,1.594554769799271e-14,cpu_batch1_latency_ms,0.006837189997895621,fresh audit; synthetic control-adapter teacher
aligned_w11_pair0+3,53,independent_adapters,1192,256000,1000,64 MAC/example; 256 parameters,0.34347646599781,pair_composition_MSE,2.0877322494481515e-14,cpu_batch1_latency_ms,0.006846541989943944,fresh audit; synthetic control-adapter teacher
aligned_w11_pair1+2,53,independent_adapters,1192,256000,1000,64 MAC/example; 256 parameters,0.34347646599781,pair_composition_MSE,2.3557656612114078e-14,cpu_batch1_latency_ms,0.006889228010550141,fresh audit; synthetic control-adapter teacher
aligned_w11_pair1+3,53,independent_adapters,1192,256000,1000,64 MAC/example; 256 parameters,0.34347646599781,pair_composition_MSE,1.9132651463572153e-14,cpu_batch1_latency_ms,0.0069380219938466325,fresh audit; synthetic control-adapter teacher
aligned_w11_pair2+3,53,independent_adapters,1192,256000,1000,64 MAC/example; 256 parameters,0.34347646599781,pair_composition_MSE,1.7689002389589814e-14,cpu_batch1_latency_ms,0.006998231998295523,fresh audit; synthetic control-adapter teacher
independent_w11_pair0+1,29,independent_adapters,1192,256000,1000,64 MAC/example; 256 parameters,0.3420556690034573,pair_composition_MSE,1.3814322170175534e-14,cpu_batch1_latency_ms,0.006757548006135039,fresh audit; synthetic control-adapter teacher
independent_w11_pair0+2,29,independent_adapters,1192,256000,1000,64 MAC/example; 256 parameters,0.3420556690034573,pair_composition_MSE,2.456391820092503e-14,cpu_batch1_latency_ms,0.006737800009432249,fresh audit; synthetic control-adapter teacher
independent_w11_pair0+3,29,independent_adapters,1192,256000,1000,64 MAC/example; 256 parameters,0.3420556690034573,pair_composition_MSE,1.9624276162422127e-14,cpu_batch1_latency_ms,0.006745089995092712,fresh audit; synthetic control-adapter teacher
independent_w11_pair1+2,29,independent_adapters,1192,256000,1000,64 MAC/example; 256 parameters,0.3420556690034573,pair_composition_MSE,1.9888865538221848e-14,cpu_batch1_latency_ms,0.006793563996325247,fresh audit; synthetic control-adapter teacher
independent_w11_pair1+3,29,independent_adapters,1192,256000,1000,64 MAC/example; 256 parameters,0.3420556690034573,pair_composition_MSE,1.649624108645241e-14,cpu_batch1_latency_ms,0.006817059998866171,fresh audit; synthetic control-adapter teacher
independent_w11_pair2+3,29,independent_adapters,1192,256000,1000,64 MAC/example; 256 parameters,0.3420556690034573,pair_composition_MSE,2.251831669264695e-14,cpu_batch1_latency_ms,0.006779841991374269,fresh audit; synthetic control-adapter teacher
independent_w11_pair0+1,41,independent_adapters,1192,256000,1000,64 MAC/example; 256 parameters,0.33954228699440137,pair_composition_MSE,1.474514954580286e-14,cpu_batch1_latency_ms,0.006878872009110637,fresh audit; synthetic control-adapter teacher
independent_w11_pair0+2,41,independent_adapters,1192,256000,1000,64 MAC/example; 256 parameters,0.33954228699440137,pair_composition_MSE,2.4819322351444725e-14,cpu_batch1_latency_ms,0.006859183995402418,fresh audit; synthetic control-adapter teacher
independent_w11_pair0+3,41,independent_adapters,1192,256000,1000,64 MAC/example; 256 parameters,0.33954228699440137,pair_composition_MSE,1.9310799433038678e-14,cpu_batch1_latency_ms,0.006880554006784223,fresh audit; synthetic control-adapter teacher
independent_w11_pair1+2,41,independent_adapters,1192,256000,1000,64 MAC/example; 256 parameters,0.33954228699440137,pair_composition_MSE,2.4803941927188482e-14,cpu_batch1_latency_ms,0.006844561998150311,fresh audit; synthetic control-adapter teacher
independent_w11_pair1+3,41,independent_adapters,1192,256000,1000,64 MAC/example; 256 parameters,0.33954228699440137,pair_composition_MSE,1.61153456166652e-14,cpu_batch1_latency_ms,0.006813995991251431,fresh audit; synthetic control-adapter teacher
independent_w11_pair2+3,41,independent_adapters,1192,256000,1000,64 MAC/example; 256 parameters,0.33954228699440137,pair_composition_MSE,2.3500332810375696e-14,cpu_batch1_latency_ms,0.006829256002674811,fresh audit; synthetic control-adapter teacher
independent_w11_pair0+1,53,independent_adapters,1192,256000,1000,64 MAC/example; 256 parameters,0.340102312999079,pair_composition_MSE,1.4464259867966178e-14,cpu_batch1_latency_ms,0.006828696001321077,fresh audit; synthetic control-adapter teacher
independent_w11_pair0+2,53,independent_adapters,1192,256000,1000,64 MAC/example; 256 parameters,0.340102312999079,pair_composition_MSE,2.2937276129017872e-14,cpu_batch1_latency_ms,0.006789277991629206,fresh audit; synthetic control-adapter teacher
independent_w11_pair0+3,53,independent_adapters,1192,256000,1000,64 MAC/example; 256 parameters,0.340102312999079,pair_composition_MSE,1.9199207924435607e-14,cpu_batch1_latency_ms,0.007132394006475806,fresh audit; synthetic control-adapter teacher
independent_w11_pair1+2,53,independent_adapters,1192,256000,1000,64 MAC/example; 256 parameters,0.340102312999079,pair_composition_MSE,2.0629152005331372e-14,cpu_batch1_latency_ms,0.006824850002885796,fresh audit; synthetic control-adapter teacher
independent_w11_pair1+3,53,independent_adapters,1192,256000,1000,64 MAC/example; 256 parameters,0.340102312999079,pair_composition_MSE,1.53421044857098e-14,cpu_batch1_latency_ms,0.006801756011554971,fresh audit; synthetic control-adapter teacher
independent_w11_pair2+3,53,independent_adapters,1192,256000,1000,64 MAC/example; 256 parameters,0.340102312999079,pair_composition_MSE,2.5748326065136613e-14,cpu_batch1_latency_ms,0.006792642001528293,fresh audit; synthetic control-adapter teacher
aligned_w17_pair0+1,29,independent_adapters,1192,256000,1000,64 MAC/example; 256 parameters,0.34040632999676745,pair_composition_MSE,3.4586140781845895e-14,cpu_batch1_latency_ms,0.006782246011425741,fresh audit; synthetic control-adapter teacher
aligned_w17_pair0+2,29,independent_adapters,1192,256000,1000,64 MAC/example; 256 parameters,0.34040632999676745,pair_composition_MSE,3.678920232688676e-14,cpu_batch1_latency_ms,0.006815657994593494,fresh audit; synthetic control-adapter teacher
aligned_w17_pair0+3,29,independent_adapters,1192,256000,1000,64 MAC/example; 256 parameters,0.34040632999676745,pair_composition_MSE,3.5177271523207515e-14,cpu_batch1_latency_ms,0.006896617996972054,fresh audit; synthetic control-adapter teacher
aligned_w17_pair1+2,29,independent_adapters,1192,256000,1000,64 MAC/example; 256 parameters,0.34040632999676745,pair_composition_MSE,3.314903419034815e-14,cpu_batch1_latency_ms,0.006830060010543093,fresh audit; synthetic control-adapter teacher
aligned_w17_pair1+3,29,independent_adapters,1192,256000,1000,64 MAC/example; 256 parameters,0.34040632999676745,pair_composition_MSE,3.2492065272062345e-14,cpu_batch1_latency_ms,0.006774234003387392,fresh audit; synthetic control-adapter teacher
aligned_w17_pair2+3,29,independent_adapters,1192,256000,1000,64 MAC/example; 256 parameters,0.34040632999676745,pair_composition_MSE,3.2192032649617716e-14,cpu_batch1_latency_ms,0.006819101996370591,fresh audit; synthetic control-adapter teacher
aligned_w17_pair0+1,41,independent_adapters,1192,256000,1000,64 MAC/example; 256 parameters,0.3394848540046951,pair_composition_MSE,3.528746034524993e-14,cpu_batch1_latency_ms,0.006729947999701835,fresh audit; synthetic control-adapter teacher
aligned_w17_pair0+2,41,independent_adapters,1192,256000,1000,64 MAC/example; 256 parameters,0.3394848540046951,pair_composition_MSE,3.587405099001427e-14,cpu_batch1_latency_ms,0.006823970004916191,fresh audit; synthetic control-adapter teacher
aligned_w17_pair0+3,41,independent_adapters,1192,256000,1000,64 MAC/example; 256 parameters,0.3394848540046951,pair_composition_MSE,3.3226581750735174e-14,cpu_batch1_latency_ms,0.006805702010751702,fresh audit; synthetic control-adapter teacher
aligned_w17_pair1+2,41,independent_adapters,1192,256000,1000,64 MAC/example; 256 parameters,0.3394848540046951,pair_composition_MSE,3.5199158854564566e-14,cpu_batch1_latency_ms,0.0068154759937897325,fresh audit; synthetic control-adapter teacher
aligned_w17_pair1+3,41,independent_adapters,1192,256000,1000,64 MAC/example; 256 parameters,0.3394848540046951,pair_composition_MSE,3.123459065175471e-14,cpu_batch1_latency_ms,0.006773433997295797,fresh audit; synthetic control-adapter teacher
aligned_w17_pair2+3,41,independent_adapters,1192,256000,1000,64 MAC/example; 256 parameters,0.3394848540046951,pair_composition_MSE,3.1857078552823687e-14,cpu_batch1_latency_ms,0.006743206002283841,fresh audit; synthetic control-adapter teacher
aligned_w17_pair0+1,53,independent_adapters,1192,256000,1000,64 MAC/example; 256 parameters,0.3398988770059077,pair_composition_MSE,3.304009220080409e-14,cpu_batch1_latency_ms,0.0067765980056719854,fresh audit; synthetic control-adapter teacher
aligned_w17_pair0+2,53,independent_adapters,1192,256000,1000,64 MAC/example; 256 parameters,0.3398988770059077,pair_composition_MSE,3.116417510878357e-14,cpu_batch1_latency_ms,0.006766421996871941,fresh audit; synthetic control-adapter teacher
aligned_w17_pair0+3,53,independent_adapters,1192,256000,1000,64 MAC/example; 256 parameters,0.3398988770059077,pair_composition_MSE,3.332790722001752e-14,cpu_batch1_latency_ms,0.0067597140005091205,fresh audit; synthetic control-adapter teacher
aligned_w17_pair1+2,53,independent_adapters,1192,256000,1000,64 MAC/example; 256 parameters,0.3398988770059077,pair_composition_MSE,3.2132601429906565e-14,cpu_batch1_latency_ms,0.006752461995347403,fresh audit; synthetic control-adapter teacher
aligned_w17_pair1+3,53,independent_adapters,1192,256000,1000,64 MAC/example; 256 parameters,0.3398988770059077,pair_composition_MSE,3.153618181482229e-14,cpu_batch1_latency_ms,0.006843877999926917,fresh audit; synthetic control-adapter teacher
aligned_w17_pair2+3,53,independent_adapters,1192,256000,1000,64 MAC/example; 256 parameters,0.3398988770059077,pair_composition_MSE,3.179755585355423e-14,cpu_batch1_latency_ms,0.006842638002126478,fresh audit; synthetic control-adapter teacher
independent_w17_pair0+1,29,independent_adapters,1192,256000,1000,64 MAC/example; 256 parameters,0.3406872430059593,pair_composition_MSE,1.9070170925250887e-14,cpu_batch1_latency_ms,0.006800996008678339,fresh audit; synthetic control-adapter teacher
independent_w17_pair0+2,29,independent_adapters,1192,256000,1000,64 MAC/example; 256 parameters,0.3406872430059593,pair_composition_MSE,1.888236169798798e-14,cpu_batch1_latency_ms,0.006783347998862155,fresh audit; synthetic control-adapter teacher
independent_w17_pair0+3,29,independent_adapters,1192,256000,1000,64 MAC/example; 256 parameters,0.3406872430059593,pair_composition_MSE,2.0228058187883938e-14,cpu_batch1_latency_ms,0.00678038400656078,fresh audit; synthetic control-adapter teacher
independent_w17_pair1+2,29,independent_adapters,1192,256000,1000,64 MAC/example; 256 parameters,0.3406872430059593,pair_composition_MSE,2.1687085992056626e-14,cpu_batch1_latency_ms,0.0067767180007649586,fresh audit; synthetic control-adapter teacher
independent_w17_pair1+3,29,independent_adapters,1192,256000,1000,64 MAC/example; 256 parameters,0.3406872430059593,pair_composition_MSE,2.0029760998668128e-14,cpu_batch1_latency_ms,0.006779681993066333,fresh audit; synthetic control-adapter teacher
independent_w17_pair2+3,29,independent_adapters,1192,256000,1000,64 MAC/example; 256 parameters,0.3406872430059593,pair_composition_MSE,2.1306700436103665e-14,cpu_batch1_latency_ms,0.0067488579952623695,fresh audit; synthetic control-adapter teacher
independent_w17_pair0+1,41,independent_adapters,1192,256000,1000,64 MAC/example; 256 parameters,0.3411865640009637,pair_composition_MSE,2.0873421060726462e-14,cpu_batch1_latency_ms,0.0068033779971301556,fresh audit; synthetic control-adapter teacher
independent_w17_pair0+2,41,independent_adapters,1192,256000,1000,64 MAC/example; 256 parameters,0.3411865640009637,pair_composition_MSE,1.972747865671559e-14,cpu_batch1_latency_ms,0.006830980011727661,fresh audit; synthetic control-adapter teacher
independent_w17_pair0+3,41,independent_adapters,1192,256000,1000,64 MAC/example; 256 parameters,0.3411865640009637,pair_composition_MSE,1.8875946270445476e-14,cpu_batch1_latency_ms,0.006762416000128724,fresh audit; synthetic control-adapter teacher
independent_w17_pair1+2,41,independent_adapters,1192,256000,1000,64 MAC/example; 256 parameters,0.3411865640009637,pair_composition_MSE,2.0560789670224372e-14,cpu_batch1_latency_ms,0.0067950259981444106,fresh audit; synthetic control-adapter teacher
independent_w17_pair1+3,41,independent_adapters,1192,256000,1000,64 MAC/example; 256 parameters,0.3411865640009637,pair_composition_MSE,1.9992967581505296e-14,cpu_batch1_latency_ms,0.006801235998864286,fresh audit; synthetic control-adapter teacher
independent_w17_pair2+3,41,independent_adapters,1192,256000,1000,64 MAC/example; 256 parameters,0.3411865640009637,pair_composition_MSE,1.9696399323814937e-14,cpu_batch1_latency_ms,0.006725400002324022,fresh audit; synthetic control-adapter teacher
independent_w17_pair0+1,53,independent_adapters,1192,256000,1000,64 MAC/example; 256 parameters,0.3449449999970966,pair_composition_MSE,2.159733099283377e-14,cpu_batch1_latency_ms,0.00683925200428348,fresh audit; synthetic control-adapter teacher
independent_w17_pair0+2,53,independent_adapters,1192,256000,1000,64 MAC/example; 256 parameters,0.3449449999970966,pair_composition_MSE,2.094927116708719e-14,cpu_batch1_latency_ms,0.006864089998998679,fresh audit; synthetic control-adapter teacher
independent_w17_pair0+3,53,independent_adapters,1192,256000,1000,64 MAC/example; 256 parameters,0.3449449999970966,pair_composition_MSE,2.0603981574270763e-14,cpu_batch1_latency_ms,0.007222407992230728,fresh audit; synthetic control-adapter teacher
independent_w17_pair1+2,53,independent_adapters,1192,256000,1000,64 MAC/example; 256 parameters,0.3449449999970966,pair_composition_MSE,2.2881814105697555e-14,cpu_batch1_latency_ms,0.006895036000059918,fresh audit; synthetic control-adapter teacher
independent_w17_pair1+3,53,independent_adapters,1192,256000,1000,64 MAC/example; 256 parameters,0.3449449999970966,pair_composition_MSE,2.314015237834654e-14,cpu_batch1_latency_ms,0.006885823997436091,fresh audit; synthetic control-adapter teacher
independent_w17_pair2+3,53,independent_adapters,1192,256000,1000,64 MAC/example; 256 parameters,0.3449449999970966,pair_composition_MSE,2.5544592618465325e-14,cpu_batch1_latency_ms,0.006812050007283688,fresh audit; synthetic control-adapter teacher
aligned_w23_pair0+1,29,independent_adapters,1192,256000,1000,64 MAC/example; 256 parameters,0.3458626509964233,pair_composition_MSE,2.975590151881036e-14,cpu_batch1_latency_ms,0.006761614000424743,fresh audit; synthetic control-adapter teacher
aligned_w23_pair0+2,29,independent_adapters,1192,256000,1000,64 MAC/example; 256 parameters,0.3458626509964233,pair_composition_MSE,2.5459828337367693e-14,cpu_batch1_latency_ms,0.006745471997419372,fresh audit; synthetic control-adapter teacher
aligned_w23_pair0+3,29,independent_adapters,1192,256000,1000,64 MAC/example; 256 parameters,0.3458626509964233,pair_composition_MSE,3.195059099020056e-14,cpu_batch1_latency_ms,0.006835265987319872,fresh audit; synthetic control-adapter teacher
aligned_w23_pair1+2,29,independent_adapters,1192,256000,1000,64 MAC/example; 256 parameters,0.3458626509964233,pair_composition_MSE,1.9459780669999448e-14,cpu_batch1_latency_ms,0.00682182599848602,fresh audit; synthetic control-adapter teacher
aligned_w23_pair1+3,29,independent_adapters,1192,256000,1000,64 MAC/example; 256 parameters,0.3458626509964233,pair_composition_MSE,2.883235100323289e-14,cpu_batch1_latency_ms,0.006848325996543281,fresh audit; synthetic control-adapter teacher
aligned_w23_pair2+3,29,independent_adapters,1192,256000,1000,64 MAC/example; 256 parameters,0.3458626509964233,pair_composition_MSE,2.244685082882121e-14,cpu_batch1_latency_ms,0.0067680039937840775,fresh audit; synthetic control-adapter teacher
aligned_w23_pair0+1,41,independent_adapters,1192,256000,1000,64 MAC/example; 256 parameters,0.34327024000231177,pair_composition_MSE,2.941827418603479e-14,cpu_batch1_latency_ms,0.0073271480068797246,fresh audit; synthetic control-adapter teacher
aligned_w23_pair0+2,41,independent_adapters,1192,256000,1000,64 MAC/example; 256 parameters,0.34327024000231177,pair_composition_MSE,2.419701402136057e-14,cpu_batch1_latency_ms,0.006869335993542336,fresh audit; synthetic control-adapter teacher
aligned_w23_pair0+3,41,independent_adapters,1192,256000,1000,64 MAC/example; 256 parameters,0.34327024000231177,pair_composition_MSE,2.9517031451421066e-14,cpu_batch1_latency_ms,0.006765181999071501,fresh audit; synthetic control-adapter teacher
aligned_w23_pair1+2,41,independent_adapters,1192,256000,1000,64 MAC/example; 256 parameters,0.34327024000231177,pair_composition_MSE,1.9587948613380285e-14,cpu_batch1_latency_ms,0.006808346006437205,fresh audit; synthetic control-adapter teacher
aligned_w23_pair1+3,41,independent_adapters,1192,256000,1000,64 MAC/example; 256 parameters,0.34327024000231177,pair_composition_MSE,2.983807726722118e-14,cpu_batch1_latency_ms,0.0067968880030093715,fresh audit; synthetic control-adapter teacher
aligned_w23_pair2+3,41,independent_adapters,1192,256000,1000,64 MAC/example; 256 parameters,0.34327024000231177,pair_composition_MSE,2.2103612749803034e-14,cpu_batch1_latency_ms,0.006909237999934703,fresh audit; synthetic control-adapter teacher
aligned_w23_pair0+1,53,independent_adapters,1192,256000,1000,64 MAC/example; 256 parameters,0.3433824989988352,pair_composition_MSE,2.9668270878219216e-14,cpu_batch1_latency_ms,0.0068607439898187295,fresh audit; synthetic control-adapter teacher
aligned_w23_pair0+2,53,independent_adapters,1192,256000,1000,64 MAC/example; 256 parameters,0.3433824989988352,pair_composition_MSE,2.7454343594530972e-14,cpu_batch1_latency_ms,0.006757388007827103,fresh audit; synthetic control-adapter teacher
aligned_w23_pair0+3,53,independent_adapters,1192,256000,1000,64 MAC/example; 256 parameters,0.3433824989988352,pair_composition_MSE,3.1184802055115105e-14,cpu_batch1_latency_ms,0.006759251991752535,fresh audit; synthetic control-adapter teacher
aligned_w23_pair1+2,53,independent_adapters,1192,256000,1000,64 MAC/example; 256 parameters,0.3433824989988352,pair_composition_MSE,2.2640504583420172e-14,cpu_batch1_latency_ms,0.0070290179864969105,fresh audit; synthetic control-adapter teacher
aligned_w23_pair1+3,53,independent_adapters,1192,256000,1000,64 MAC/example; 256 parameters,0.3433824989988352,pair_composition_MSE,3.242627114085142e-14,cpu_batch1_latency_ms,0.006769206011085771,fresh audit; synthetic control-adapter teacher
aligned_w23_pair2+3,53,independent_adapters,1192,256000,1000,64 MAC/example; 256 parameters,0.3433824989988352,pair_composition_MSE,2.439911777664134e-14,cpu_batch1_latency_ms,0.0067921420122729614,fresh audit; synthetic control-adapter teacher
independent_w23_pair0+1,29,independent_adapters,1192,256000,1000,64 MAC/example; 256 parameters,0.34781604100135155,pair_composition_MSE,2.406411116380458e-14,cpu_batch1_latency_ms,0.006704087994876318,fresh audit; synthetic control-adapter teacher
independent_w23_pair0+2,29,independent_adapters,1192,256000,1000,64 MAC/example; 256 parameters,0.34781604100135155,pair_composition_MSE,2.2920335470072786e-14,cpu_batch1_latency_ms,0.006713441995088942,fresh audit; synthetic control-adapter teacher
independent_w23_pair0+3,29,independent_adapters,1192,256000,1000,64 MAC/example; 256 parameters,0.34781604100135155,pair_composition_MSE,1.9630850832158715e-14,cpu_batch1_latency_ms,0.007305753999389708,fresh audit; synthetic control-adapter teacher
independent_w23_pair1+2,29,independent_adapters,1192,256000,1000,64 MAC/example; 256 parameters,0.34781604100135155,pair_composition_MSE,2.036087973027699e-14,cpu_batch1_latency_ms,0.007046204002108425,fresh audit; synthetic control-adapter teacher
independent_w23_pair1+3,29,independent_adapters,1192,256000,1000,64 MAC/example; 256 parameters,0.34781604100135155,pair_composition_MSE,1.597770784493406e-14,cpu_batch1_latency_ms,0.006754324000212364,fresh audit; synthetic control-adapter teacher
independent_w23_pair2+3,29,independent_adapters,1192,256000,1000,64 MAC/example; 256 parameters,0.34781604100135155,pair_composition_MSE,1.7072525034314556e-14,cpu_batch1_latency_ms,0.006802698000683449,fresh audit; synthetic control-adapter teacher
independent_w23_pair0+1,41,independent_adapters,1192,256000,1000,64 MAC/example; 256 parameters,0.34185089400125435,pair_composition_MSE,2.461394057865808e-14,cpu_batch1_latency_ms,0.006775033994927071,fresh audit; synthetic control-adapter teacher
independent_w23_pair0+2,41,independent_adapters,1192,256000,1000,64 MAC/example; 256 parameters,0.34185089400125435,pair_composition_MSE,2.305639606645614e-14,cpu_batch1_latency_ms,0.006766502003301866,fresh audit; synthetic control-adapter teacher
independent_w23_pair0+3,41,independent_adapters,1192,256000,1000,64 MAC/example; 256 parameters,0.34185089400125435,pair_composition_MSE,1.9236101291486216e-14,cpu_batch1_latency_ms,0.0067480559955583885,fresh audit; synthetic control-adapter teacher
independent_w23_pair1+2,41,independent_adapters,1192,256000,1000,64 MAC/example; 256 parameters,0.34185089400125435,pair_composition_MSE,2.1790688285901194e-14,cpu_batch1_latency_ms,0.006717730007949285,fresh audit; synthetic control-adapter teacher
independent_w23_pair1+3,41,independent_adapters,1192,256000,1000,64 MAC/example; 256 parameters,0.34185089400125435,pair_composition_MSE,1.7361898594150937e-14,cpu_batch1_latency_ms,0.006718652002746239,fresh audit; synthetic control-adapter teacher
independent_w23_pair2+3,41,independent_adapters,1192,256000,1000,64 MAC/example; 256 parameters,0.34185089400125435,pair_composition_MSE,1.5735900267283692e-14,cpu_batch1_latency_ms,0.006741566001437604,fresh audit; synthetic control-adapter teacher
independent_w23_pair0+1,53,independent_adapters,1192,256000,1000,64 MAC/example; 256 parameters,0.3416758499952266,pair_composition_MSE,2.4689316346568346e-14,cpu_batch1_latency_ms,0.006823448013165034,fresh audit; synthetic control-adapter teacher
independent_w23_pair0+2,53,independent_adapters,1192,256000,1000,64 MAC/example; 256 parameters,0.3416758499952266,pair_composition_MSE,2.2096702655019333e-14,cpu_batch1_latency_ms,0.006884500005980954,fresh audit; synthetic control-adapter teacher
independent_w23_pair0+3,53,independent_adapters,1192,256000,1000,64 MAC/example; 256 parameters,0.3416758499952266,pair_composition_MSE,1.979646101993998e-14,cpu_batch1_latency_ms,0.006953023999813013,fresh audit; synthetic control-adapter teacher
independent_w23_pair1+2,53,independent_adapters,1192,256000,1000,64 MAC/example; 256 parameters,0.3416758499952266,pair_composition_MSE,2.1630859945017886e-14,cpu_batch1_latency_ms,0.006759891999536194,fresh audit; synthetic control-adapter teacher
independent_w23_pair1+3,53,independent_adapters,1192,256000,1000,64 MAC/example; 256 parameters,0.3416758499952266,pair_composition_MSE,1.9591490905165702e-14,cpu_batch1_latency_ms,0.0067147059889975935,fresh audit; synthetic control-adapter teacher
independent_w23_pair2+3,53,independent_adapters,1192,256000,1000,64 MAC/example; 256 parameters,0.3416758499952266,pair_composition_MSE,1.647907003454567e-14,cpu_batch1_latency_ms,0.006726081992383115,fresh audit; synthetic control-adapter teacher
aligned_w11_pair0+1,29,mirror_givens,440,25600,100,80 MAC/example; 68 parameters,0.20555001799948514,pair_composition_MSE,4.1540410165907815e-05,cpu_batch1_latency_ms,0.2702293619950069,fresh audit; synthetic control-adapter teacher
aligned_w11_pair0+2,29,mirror_givens,440,25600,100,80 MAC/example; 68 parameters,0.20555001799948514,pair_composition_MSE,4.113456088816747e-05,cpu_batch1_latency_ms,0.2697842519992264,fresh audit; synthetic control-adapter teacher
aligned_w11_pair0+3,29,mirror_givens,440,25600,100,80 MAC/example; 68 parameters,0.20555001799948514,pair_composition_MSE,5.723572030547075e-05,cpu_batch1_latency_ms,0.2681969839904923,fresh audit; synthetic control-adapter teacher
aligned_w11_pair1+2,29,mirror_givens,440,25600,100,80 MAC/example; 68 parameters,0.20555001799948514,pair_composition_MSE,6.0865979321533814e-05,cpu_batch1_latency_ms,0.26974775599956047,fresh audit; synthetic control-adapter teacher
aligned_w11_pair1+3,29,mirror_givens,440,25600,100,80 MAC/example; 68 parameters,0.20555001799948514,pair_composition_MSE,4.223686846671626e-05,cpu_batch1_latency_ms,0.2704685619974043,fresh audit; synthetic control-adapter teacher
aligned_w11_pair2+3,29,mirror_givens,440,25600,100,80 MAC/example; 68 parameters,0.20555001799948514,pair_composition_MSE,4.529489888227545e-05,cpu_batch1_latency_ms,0.26828239200403914,fresh audit; synthetic control-adapter teacher
aligned_w11_pair0+1,41,mirror_givens,440,25600,100,80 MAC/example; 68 parameters,0.19812696600274649,pair_composition_MSE,4.6237604692578316e-05,cpu_batch1_latency_ms,0.267780838010367,fresh audit; synthetic control-adapter teacher
aligned_w11_pair0+2,41,mirror_givens,440,25600,100,80 MAC/example; 68 parameters,0.19812696600274649,pair_composition_MSE,4.61332529084757e-05,cpu_batch1_latency_ms,0.26549836198682897,fresh audit; synthetic control-adapter teacher
aligned_w11_pair0+3,41,mirror_givens,440,25600,100,80 MAC/example; 68 parameters,0.19812696600274649,pair_composition_MSE,6.438211858039722e-05,cpu_batch1_latency_ms,0.26910392800346017,fresh audit; synthetic control-adapter teacher
aligned_w11_pair1+2,41,mirror_givens,440,25600,100,80 MAC/example; 68 parameters,0.19812696600274649,pair_composition_MSE,6.786138692405075e-05,cpu_batch1_latency_ms,0.26646383600018453,fresh audit; synthetic control-adapter teacher
aligned_w11_pair1+3,41,mirror_givens,440,25600,100,80 MAC/example; 68 parameters,0.19812696600274649,pair_composition_MSE,5.725333539885469e-05,cpu_batch1_latency_ms,0.2703315379912965,fresh audit; synthetic control-adapter teacher
aligned_w11_pair2+3,41,mirror_givens,440,25600,100,80 MAC/example; 68 parameters,0.19812696600274649,pair_composition_MSE,5.590018554357812e-05,cpu_batch1_latency_ms,0.2786909540009219,fresh audit; synthetic control-adapter teacher
aligned_w11_pair0+1,53,mirror_givens,440,25600,100,80 MAC/example; 68 parameters,0.2115551349997986,pair_composition_MSE,4.1627099562902004e-05,cpu_batch1_latency_ms,0.2703983179962961,fresh audit; synthetic control-adapter teacher
aligned_w11_pair0+2,53,mirror_givens,440,25600,100,80 MAC/example; 68 parameters,0.2115551349997986,pair_composition_MSE,4.950368020217866e-05,cpu_batch1_latency_ms,0.27601430800859816,fresh audit; synthetic control-adapter teacher
aligned_w11_pair0+3,53,mirror_givens,440,25600,100,80 MAC/example; 68 parameters,0.2115551349997986,pair_composition_MSE,6.0964863223489374e-05,cpu_batch1_latency_ms,0.28118482799618505,fresh audit; synthetic control-adapter teacher
aligned_w11_pair1+2,53,mirror_givens,440,25600,100,80 MAC/example; 68 parameters,0.2115551349997986,pair_composition_MSE,6.605998351005837e-05,cpu_batch1_latency_ms,0.2764624840056058,fresh audit; synthetic control-adapter teacher
aligned_w11_pair1+3,53,mirror_givens,440,25600,100,80 MAC/example; 68 parameters,0.2115551349997986,pair_composition_MSE,4.3145490053575486e-05,cpu_batch1_latency_ms,0.27916286600520834,fresh audit; synthetic control-adapter teacher
aligned_w11_pair2+3,53,mirror_givens,440,25600,100,80 MAC/example; 68 parameters,0.2115551349997986,pair_composition_MSE,5.053271888755262e-05,cpu_batch1_latency_ms,0.27521140000317246,fresh audit; synthetic control-adapter teacher
independent_w11_pair0+1,29,mirror_givens,440,25600,100,80 MAC/example; 68 parameters,0.20658480499696452,pair_composition_MSE,0.9361384510993958,cpu_batch1_latency_ms,0.27279616599844303,fresh audit; synthetic control-adapter teacher
independent_w11_pair0+2,29,mirror_givens,440,25600,100,80 MAC/example; 68 parameters,0.20658480499696452,pair_composition_MSE,1.5568373203277588,cpu_batch1_latency_ms,0.2710234580008546,fresh audit; synthetic control-adapter teacher
independent_w11_pair0+3,29,mirror_givens,440,25600,100,80 MAC/example; 68 parameters,0.20658480499696452,pair_composition_MSE,1.3645395040512085,cpu_batch1_latency_ms,0.342495114004123,fresh audit; synthetic control-adapter teacher
independent_w11_pair1+2,29,mirror_givens,440,25600,100,80 MAC/example; 68 parameters,0.20658480499696452,pair_composition_MSE,0.9607855081558228,cpu_batch1_latency_ms,0.2655619260040112,fresh audit; synthetic control-adapter teacher
independent_w11_pair1+3,29,mirror_givens,440,25600,100,80 MAC/example; 68 parameters,0.20658480499696452,pair_composition_MSE,1.5625064373016357,cpu_batch1_latency_ms,0.264747694003745,fresh audit; synthetic control-adapter teacher
independent_w11_pair2+3,29,mirror_givens,440,25600,100,80 MAC/example; 68 parameters,0.20658480499696452,pair_composition_MSE,2.1052756309509277,cpu_batch1_latency_ms,0.26526421000016853,fresh audit; synthetic control-adapter teacher
independent_w11_pair0+1,41,mirror_givens,440,25600,100,80 MAC/example; 68 parameters,0.19818951100023696,pair_composition_MSE,0.9076500535011292,cpu_batch1_latency_ms,0.26920786598930135,fresh audit; synthetic control-adapter teacher
independent_w11_pair0+2,41,mirror_givens,440,25600,100,80 MAC/example; 68 parameters,0.19818951100023696,pair_composition_MSE,1.6605489253997803,cpu_batch1_latency_ms,0.2699572720011929,fresh audit; synthetic control-adapter teacher
independent_w11_pair0+3,41,mirror_givens,440,25600,100,80 MAC/example; 68 parameters,0.19818951100023696,pair_composition_MSE,1.2737265825271606,cpu_batch1_latency_ms,0.26736154600803275,fresh audit; synthetic control-adapter teacher
independent_w11_pair1+2,41,mirror_givens,440,25600,100,80 MAC/example; 68 parameters,0.19818951100023696,pair_composition_MSE,1.1088039875030518,cpu_batch1_latency_ms,0.2688152360060485,fresh audit; synthetic control-adapter teacher
independent_w11_pair1+3,41,mirror_givens,440,25600,100,80 MAC/example; 68 parameters,0.19818951100023696,pair_composition_MSE,1.5671582221984863,cpu_batch1_latency_ms,0.27527200999611523,fresh audit; synthetic control-adapter teacher
independent_w11_pair2+3,41,mirror_givens,440,25600,100,80 MAC/example; 68 parameters,0.19818951100023696,pair_composition_MSE,2.1051807403564453,cpu_batch1_latency_ms,0.2724916659935843,fresh audit; synthetic control-adapter teacher
independent_w11_pair0+1,53,mirror_givens,440,25600,100,80 MAC/example; 68 parameters,0.20185389499965822,pair_composition_MSE,0.9848498106002808,cpu_batch1_latency_ms,0.2727055480063427,fresh audit; synthetic control-adapter teacher
independent_w11_pair0+2,53,mirror_givens,440,25600,100,80 MAC/example; 68 parameters,0.20185389499965822,pair_composition_MSE,1.6156672239303589,cpu_batch1_latency_ms,0.27079092799976934,fresh audit; synthetic control-adapter teacher
independent_w11_pair0+3,53,mirror_givens,440,25600,100,80 MAC/example; 68 parameters,0.20185389499965822,pair_composition_MSE,1.3812880516052246,cpu_batch1_latency_ms,0.27143090999743436,fresh audit; synthetic control-adapter teacher
independent_w11_pair1+2,53,mirror_givens,440,25600,100,80 MAC/example; 68 parameters,0.20185389499965822,pair_composition_MSE,0.9285012483596802,cpu_batch1_latency_ms,0.2707632459932938,fresh audit; synthetic control-adapter teacher
independent_w11_pair1+3,53,mirror_givens,440,25600,100,80 MAC/example; 68 parameters,0.20185389499965822,pair_composition_MSE,1.558519959449768,cpu_batch1_latency_ms,0.27161341400642414,fresh audit; synthetic control-adapter teacher
independent_w11_pair2+3,53,mirror_givens,440,25600,100,80 MAC/example; 68 parameters,0.20185389499965822,pair_composition_MSE,2.106476306915283,cpu_batch1_latency_ms,0.2690492080000695,fresh audit; synthetic control-adapter teacher
aligned_w17_pair0+1,29,mirror_givens,440,25600,100,80 MAC/example; 68 parameters,0.200442772002134,pair_composition_MSE,7.476958853658289e-05,cpu_batch1_latency_ms,0.2754759380040923,fresh audit; synthetic control-adapter teacher
aligned_w17_pair0+2,29,mirror_givens,440,25600,100,80 MAC/example; 68 parameters,0.200442772002134,pair_composition_MSE,7.743871537968516e-05,cpu_batch1_latency_ms,0.26745338599721435,fresh audit; synthetic control-adapter teacher
aligned_w17_pair0+3,29,mirror_givens,440,25600,100,80 MAC/example; 68 parameters,0.200442772002134,pair_composition_MSE,7.56085937609896e-05,cpu_batch1_latency_ms,0.26692999800434336,fresh audit; synthetic control-adapter teacher
aligned_w17_pair1+2,29,mirror_givens,440,25600,100,80 MAC/example; 68 parameters,0.200442772002134,pair_composition_MSE,7.7104676165618e-05,cpu_batch1_latency_ms,0.2678050139948027,fresh audit; synthetic control-adapter teacher
aligned_w17_pair1+3,29,mirror_givens,440,25600,100,80 MAC/example; 68 parameters,0.200442772002134,pair_composition_MSE,6.655624747509137e-05,cpu_batch1_latency_ms,0.27325038801063783,fresh audit; synthetic control-adapter teacher
aligned_w17_pair2+3,29,mirror_givens,440,25600,100,80 MAC/example; 68 parameters,0.200442772002134,pair_composition_MSE,7.207770249806345e-05,cpu_batch1_latency_ms,0.2669814540131483,fresh audit; synthetic control-adapter teacher
aligned_w17_pair0+1,41,mirror_givens,440,25600,100,80 MAC/example; 68 parameters,0.19892576900019776,pair_composition_MSE,8.552063081879169e-05,cpu_batch1_latency_ms,0.27409175600041635,fresh audit; synthetic control-adapter teacher
aligned_w17_pair0+2,41,mirror_givens,440,25600,100,80 MAC/example; 68 parameters,0.19892576900019776,pair_composition_MSE,8.570827048970386e-05,cpu_batch1_latency_ms,0.26717079999798443,fresh audit; synthetic control-adapter teacher
aligned_w17_pair0+3,41,mirror_givens,440,25600,100,80 MAC/example; 68 parameters,0.19892576900019776,pair_composition_MSE,8.221976167988032e-05,cpu_batch1_latency_ms,0.26897691799968015,fresh audit; synthetic control-adapter teacher
aligned_w17_pair1+2,41,mirror_givens,440,25600,100,80 MAC/example; 68 parameters,0.19892576900019776,pair_composition_MSE,8.521291601937264e-05,cpu_batch1_latency_ms,0.27561793199856766,fresh audit; synthetic control-adapter teacher
aligned_w17_pair1+3,41,mirror_givens,440,25600,100,80 MAC/example; 68 parameters,0.19892576900019776,pair_composition_MSE,7.186377479229122e-05,cpu_batch1_latency_ms,0.26767631999973673,fresh audit; synthetic control-adapter teacher
aligned_w17_pair2+3,41,mirror_givens,440,25600,100,80 MAC/example; 68 parameters,0.19892576900019776,pair_composition_MSE,7.738987915217876e-05,cpu_batch1_latency_ms,0.2677155380079057,fresh audit; synthetic control-adapter teacher
aligned_w17_pair0+1,53,mirror_givens,440,25600,100,80 MAC/example; 68 parameters,0.19936452000547433,pair_composition_MSE,8.67165726958774e-05,cpu_batch1_latency_ms,0.264789535998716,fresh audit; synthetic control-adapter teacher
aligned_w17_pair0+2,53,mirror_givens,440,25600,100,80 MAC/example; 68 parameters,0.19936452000547433,pair_composition_MSE,8.923451241571456e-05,cpu_batch1_latency_ms,0.2634301299985964,fresh audit; synthetic control-adapter teacher
aligned_w17_pair0+3,53,mirror_givens,440,25600,100,80 MAC/example; 68 parameters,0.19936452000547433,pair_composition_MSE,9.33100818656385e-05,cpu_batch1_latency_ms,0.26506037199578714,fresh audit; synthetic control-adapter teacher
aligned_w17_pair1+2,53,mirror_givens,440,25600,100,80 MAC/example; 68 parameters,0.19936452000547433,pair_composition_MSE,9.040451550390571e-05,cpu_batch1_latency_ms,0.2628715080063557,fresh audit; synthetic control-adapter teacher
aligned_w17_pair1+3,53,mirror_givens,440,25600,100,80 MAC/example; 68 parameters,0.19936452000547433,pair_composition_MSE,7.810074021108449e-05,cpu_batch1_latency_ms,0.2644483620097162,fresh audit; synthetic control-adapter teacher
aligned_w17_pair2+3,53,mirror_givens,440,25600,100,80 MAC/example; 68 parameters,0.19936452000547433,pair_composition_MSE,8.756353054195642e-05,cpu_batch1_latency_ms,0.26478705200133845,fresh audit; synthetic control-adapter teacher
independent_w17_pair0+1,29,mirror_givens,440,25600,100,80 MAC/example; 68 parameters,0.19827834500028985,pair_composition_MSE,1.1709383726119995,cpu_batch1_latency_ms,0.26372058800188825,fresh audit; synthetic control-adapter teacher
independent_w17_pair0+2,29,mirror_givens,440,25600,100,80 MAC/example; 68 parameters,0.19827834500028985,pair_composition_MSE,0.9473898410797119,cpu_batch1_latency_ms,0.2629309780022595,fresh audit; synthetic control-adapter teacher
independent_w17_pair0+3,29,mirror_givens,440,25600,100,80 MAC/example; 68 parameters,0.19827834500028985,pair_composition_MSE,1.236746072769165,cpu_batch1_latency_ms,0.265996191999875,fresh audit; synthetic control-adapter teacher
independent_w17_pair1+2,29,mirror_givens,440,25600,100,80 MAC/example; 68 parameters,0.19827834500028985,pair_composition_MSE,1.0644991397857666,cpu_batch1_latency_ms,0.2643193299882114,fresh audit; synthetic control-adapter teacher
independent_w17_pair1+3,29,mirror_givens,440,25600,100,80 MAC/example; 68 parameters,0.19827834500028985,pair_composition_MSE,1.419726014137268,cpu_batch1_latency_ms,0.26716659200610593,fresh audit; synthetic control-adapter teacher
independent_w17_pair2+3,29,mirror_givens,440,25600,100,80 MAC/example; 68 parameters,0.19827834500028985,pair_composition_MSE,1.1372724771499634,cpu_batch1_latency_ms,0.27215161599451676,fresh audit; synthetic control-adapter teacher
independent_w17_pair0+1,41,mirror_givens,440,25600,100,80 MAC/example; 68 parameters,0.19992018600169104,pair_composition_MSE,1.0761468410491943,cpu_batch1_latency_ms,0.27438317400810774,fresh audit; synthetic control-adapter teacher
independent_w17_pair0+2,41,mirror_givens,440,25600,100,80 MAC/example; 68 parameters,0.19992018600169104,pair_composition_MSE,0.849442720413208,cpu_batch1_latency_ms,0.2728451980074169,fresh audit; synthetic control-adapter teacher
independent_w17_pair0+3,41,mirror_givens,440,25600,100,80 MAC/example; 68 parameters,0.19992018600169104,pair_composition_MSE,1.3006680011749268,cpu_batch1_latency_ms,0.29227904400613625,fresh audit; synthetic control-adapter teacher
independent_w17_pair1+2,41,mirror_givens,440,25600,100,80 MAC/example; 68 parameters,0.19992018600169104,pair_composition_MSE,1.0191049575805664,cpu_batch1_latency_ms,0.2769975080009317,fresh audit; synthetic control-adapter teacher
independent_w17_pair1+3,41,mirror_givens,440,25600,100,80 MAC/example; 68 parameters,0.19992018600169104,pair_composition_MSE,1.4585731029510498,cpu_batch1_latency_ms,0.2706655980000505,fresh audit; synthetic control-adapter teacher
independent_w17_pair2+3,41,mirror_givens,440,25600,100,80 MAC/example; 68 parameters,0.19992018600169104,pair_composition_MSE,1.2138252258300781,cpu_batch1_latency_ms,0.271731422006269,fresh audit; synthetic control-adapter teacher
independent_w17_pair0+1,53,mirror_givens,440,25600,100,80 MAC/example; 68 parameters,0.2034744740012684,pair_composition_MSE,1.1415212154388428,cpu_batch1_latency_ms,0.2655618980061263,fresh audit; synthetic control-adapter teacher
independent_w17_pair0+2,53,mirror_givens,440,25600,100,80 MAC/example; 68 parameters,0.2034744740012684,pair_composition_MSE,0.9066883325576782,cpu_batch1_latency_ms,0.26420066998980474,fresh audit; synthetic control-adapter teacher
independent_w17_pair0+3,53,mirror_givens,440,25600,100,80 MAC/example; 68 parameters,0.2034744740012684,pair_composition_MSE,1.3050575256347656,cpu_batch1_latency_ms,0.2649018460069783,fresh audit; synthetic control-adapter teacher
independent_w17_pair1+2,53,mirror_givens,440,25600,100,80 MAC/example; 68 parameters,0.2034744740012684,pair_composition_MSE,1.0175299644470215,cpu_batch1_latency_ms,0.2638253040058771,fresh audit; synthetic control-adapter teacher
independent_w17_pair1+3,53,mirror_givens,440,25600,100,80 MAC/example; 68 parameters,0.2034744740012684,pair_composition_MSE,1.4389866590499878,cpu_batch1_latency_ms,0.26672318601049483,fresh audit; synthetic control-adapter teacher
independent_w17_pair2+3,53,mirror_givens,440,25600,100,80 MAC/example; 68 parameters,0.2034744740012684,pair_composition_MSE,1.142366886138916,cpu_batch1_latency_ms,0.26555665201158263,fresh audit; synthetic control-adapter teacher
aligned_w23_pair0+1,29,mirror_givens,440,25600,100,80 MAC/example; 68 parameters,0.20135315199877368,pair_composition_MSE,8.275843720184639e-05,cpu_batch1_latency_ms,0.27063361000909936,fresh audit; synthetic control-adapter teacher
aligned_w23_pair0+2,29,mirror_givens,440,25600,100,80 MAC/example; 68 parameters,0.20135315199877368,pair_composition_MSE,7.559057848993689e-05,cpu_batch1_latency_ms,0.2741444940038491,fresh audit; synthetic control-adapter teacher
aligned_w23_pair0+3,29,mirror_givens,440,25600,100,80 MAC/example; 68 parameters,0.20135315199877368,pair_composition_MSE,7.451030251104385e-05,cpu_batch1_latency_ms,0.2678811080113519,fresh audit; synthetic control-adapter teacher
aligned_w23_pair1+2,29,mirror_givens,440,25600,100,80 MAC/example; 68 parameters,0.20135315199877368,pair_composition_MSE,6.599471817025915e-05,cpu_batch1_latency_ms,0.2683169439987978,fresh audit; synthetic control-adapter teacher
aligned_w23_pair1+3,29,mirror_givens,440,25600,100,80 MAC/example; 68 parameters,0.20135315199877368,pair_composition_MSE,9.113171108765528e-05,cpu_batch1_latency_ms,0.26658077399770264,fresh audit; synthetic control-adapter teacher
aligned_w23_pair2+3,29,mirror_givens,440,25600,100,80 MAC/example; 68 parameters,0.20135315199877368,pair_composition_MSE,6.054069672245532e-05,cpu_batch1_latency_ms,0.2672849320078967,fresh audit; synthetic control-adapter teacher
aligned_w23_pair0+1,41,mirror_givens,440,25600,100,80 MAC/example; 68 parameters,0.2007915169961052,pair_composition_MSE,8.6856001871638e-05,cpu_batch1_latency_ms,0.26900758399278857,fresh audit; synthetic control-adapter teacher
aligned_w23_pair0+2,41,mirror_givens,440,25600,100,80 MAC/example; 68 parameters,0.2007915169961052,pair_composition_MSE,7.959252980072051e-05,cpu_batch1_latency_ms,0.2659485420008423,fresh audit; synthetic control-adapter teacher
aligned_w23_pair0+3,41,mirror_givens,440,25600,100,80 MAC/example; 68 parameters,0.2007915169961052,pair_composition_MSE,7.568279397673905e-05,cpu_batch1_latency_ms,0.2650173600122798,fresh audit; synthetic control-adapter teacher
aligned_w23_pair1+2,41,mirror_givens,440,25600,100,80 MAC/example; 68 parameters,0.2007915169961052,pair_composition_MSE,7.291974907275289e-05,cpu_batch1_latency_ms,0.2653385619923938,fresh audit; synthetic control-adapter teacher
aligned_w23_pair1+3,41,mirror_givens,440,25600,100,80 MAC/example; 68 parameters,0.2007915169961052,pair_composition_MSE,8.355185127584264e-05,cpu_batch1_latency_ms,0.26579168600437697,fresh audit; synthetic control-adapter teacher
aligned_w23_pair2+3,41,mirror_givens,440,25600,100,80 MAC/example; 68 parameters,0.2007915169961052,pair_composition_MSE,6.731387111358345e-05,cpu_batch1_latency_ms,0.26411576400278136,fresh audit; synthetic control-adapter teacher
aligned_w23_pair0+1,53,mirror_givens,440,25600,100,80 MAC/example; 68 parameters,0.1978063549977378,pair_composition_MSE,0.0001148558221757412,cpu_batch1_latency_ms,0.2686244280048413,fresh audit; synthetic control-adapter teacher
aligned_w23_pair0+2,53,mirror_givens,440,25600,100,80 MAC/example; 68 parameters,0.1978063549977378,pair_composition_MSE,8.294436702271923e-05,cpu_batch1_latency_ms,0.2682881219952833,fresh audit; synthetic control-adapter teacher
aligned_w23_pair0+3,53,mirror_givens,440,25600,100,80 MAC/example; 68 parameters,0.1978063549977378,pair_composition_MSE,0.0001192258350783959,cpu_batch1_latency_ms,0.2693857139965985,fresh audit; synthetic control-adapter teacher
aligned_w23_pair1+2,53,mirror_givens,440,25600,100,80 MAC/example; 68 parameters,0.1978063549977378,pair_composition_MSE,5.603939644061029e-05,cpu_batch1_latency_ms,0.2715482880012132,fresh audit; synthetic control-adapter teacher
aligned_w23_pair1+3,53,mirror_givens,440,25600,100,80 MAC/example; 68 parameters,0.1978063549977378,pair_composition_MSE,0.00012025689647998661,cpu_batch1_latency_ms,0.2680136900016805,fresh audit; synthetic control-adapter teacher
aligned_w23_pair2+3,53,mirror_givens,440,25600,100,80 MAC/example; 68 parameters,0.1978063549977378,pair_composition_MSE,6.126354855950922e-05,cpu_batch1_latency_ms,0.26946797799610067,fresh audit; synthetic control-adapter teacher
independent_w23_pair0+1,29,mirror_givens,440,25600,100,80 MAC/example; 68 parameters,0.19828032799705397,pair_composition_MSE,0.9708552956581116,cpu_batch1_latency_ms,0.2686950539937243,fresh audit; synthetic control-adapter teacher
independent_w23_pair0+2,29,mirror_givens,440,25600,100,80 MAC/example; 68 parameters,0.19828032799705397,pair_composition_MSE,1.1621711254119873,cpu_batch1_latency_ms,0.2681221539969556,fresh audit; synthetic control-adapter teacher
independent_w23_pair0+3,29,mirror_givens,440,25600,100,80 MAC/example; 68 parameters,0.19828032799705397,pair_composition_MSE,1.605698585510254,cpu_batch1_latency_ms,0.2689130619983189,fresh audit; synthetic control-adapter teacher
independent_w23_pair1+2,29,mirror_givens,440,25600,100,80 MAC/example; 68 parameters,0.19828032799705397,pair_composition_MSE,0.9209185838699341,cpu_batch1_latency_ms,0.2681746519956505,fresh audit; synthetic control-adapter teacher
independent_w23_pair1+3,29,mirror_givens,440,25600,100,80 MAC/example; 68 parameters,0.19828032799705397,pair_composition_MSE,1.5448219776153564,cpu_batch1_latency_ms,0.26826386600441765,fresh audit; synthetic control-adapter teacher
independent_w23_pair2+3,29,mirror_givens,440,25600,100,80 MAC/example; 68 parameters,0.19828032799705397,pair_composition_MSE,1.7052868604660034,cpu_batch1_latency_ms,0.2681527380045736,fresh audit; synthetic control-adapter teacher
independent_w23_pair0+1,41,mirror_givens,440,25600,100,80 MAC/example; 68 parameters,0.19860732999950415,pair_composition_MSE,1.1017459630966187,cpu_batch1_latency_ms,0.28091716799826827,fresh audit; synthetic control-adapter teacher
independent_w23_pair0+2,41,mirror_givens,440,25600,100,80 MAC/example; 68 parameters,0.19860732999950415,pair_composition_MSE,1.3746201992034912,cpu_batch1_latency_ms,0.26904303800256457,fresh audit; synthetic control-adapter teacher
independent_w23_pair0+3,41,mirror_givens,440,25600,100,80 MAC/example; 68 parameters,0.19860732999950415,pair_composition_MSE,1.6071503162384033,cpu_batch1_latency_ms,0.2700304439931642,fresh audit; synthetic control-adapter teacher
independent_w23_pair1+2,41,mirror_givens,440,25600,100,80 MAC/example; 68 parameters,0.19860732999950415,pair_composition_MSE,0.8309105634689331,cpu_batch1_latency_ms,0.27173601000686176,fresh audit; synthetic control-adapter teacher
independent_w23_pair1+3,41,mirror_givens,440,25600,100,80 MAC/example; 68 parameters,0.19860732999950415,pair_composition_MSE,1.5314348936080933,cpu_batch1_latency_ms,0.26923092200013343,fresh audit; synthetic control-adapter teacher
independent_w23_pair2+3,41,mirror_givens,440,25600,100,80 MAC/example; 68 parameters,0.19860732999950415,pair_composition_MSE,1.66092050075531,cpu_batch1_latency_ms,0.2710464520059759,fresh audit; synthetic control-adapter teacher
independent_w23_pair0+1,53,mirror_givens,440,25600,100,80 MAC/example; 68 parameters,0.19812537500547478,pair_composition_MSE,1.0201282501220703,cpu_batch1_latency_ms,0.27076585199392866,fresh audit; synthetic control-adapter teacher
independent_w23_pair0+2,53,mirror_givens,440,25600,100,80 MAC/example; 68 parameters,0.19812537500547478,pair_composition_MSE,1.2669440507888794,cpu_batch1_latency_ms,0.27123507599753793,fresh audit; synthetic control-adapter teacher
independent_w23_pair0+3,53,mirror_givens,440,25600,100,80 MAC/example; 68 parameters,0.19812537500547478,pair_composition_MSE,1.5745019912719727,cpu_batch1_latency_ms,0.2702873300004285,fresh audit; synthetic control-adapter teacher
independent_w23_pair1+2,53,mirror_givens,440,25600,100,80 MAC/example; 68 parameters,0.19812537500547478,pair_composition_MSE,0.835030734539032,cpu_batch1_latency_ms,0.269282238004962,fresh audit; synthetic control-adapter teacher
independent_w23_pair1+3,53,mirror_givens,440,25600,100,80 MAC/example; 68 parameters,0.19812537500547478,pair_composition_MSE,1.5157272815704346,cpu_batch1_latency_ms,0.2707551240018802,fresh audit; synthetic control-adapter teacher
independent_w23_pair2+3,53,mirror_givens,440,25600,100,80 MAC/example; 68 parameters,0.19812537500547478,pair_composition_MSE,1.693495750427246,cpu_batch1_latency_ms,0.28661696599738207,fresh audit; synthetic control-adapter teacher
aligned_w11_pair0+1,29,basis_mix2,712,160000,625,144 MAC/example; 136 parameters,0.28833233500336064,pair_composition_MSE,1.7895319286750228e-14,cpu_batch1_latency_ms,0.018218177996459417,fresh audit; synthetic control-adapter teacher
aligned_w11_pair0+2,29,basis_mix2,712,160000,625,144 MAC/example; 136 parameters,0.28833233500336064,pair_composition_MSE,1.8235165845847598e-14,cpu_batch1_latency_ms,0.018061921990010887,fresh audit; synthetic control-adapter teacher
aligned_w11_pair0+3,29,basis_mix2,712,160000,625,144 MAC/example; 136 parameters,0.28833233500336064,pair_composition_MSE,2.078791308470114e-14,cpu_batch1_latency_ms,0.018070193997118622,fresh audit; synthetic control-adapter teacher
aligned_w11_pair1+2,29,basis_mix2,712,160000,625,144 MAC/example; 136 parameters,0.28833233500336064,pair_composition_MSE,3.0482079805150414e-14,cpu_batch1_latency_ms,0.018107811993104406,fresh audit; synthetic control-adapter teacher
aligned_w11_pair1+3,29,basis_mix2,712,160000,625,144 MAC/example; 136 parameters,0.28833233500336064,pair_composition_MSE,2.0477204458989318e-14,cpu_batch1_latency_ms,0.01787630199396517,fresh audit; synthetic control-adapter teacher
aligned_w11_pair2+3,29,basis_mix2,712,160000,625,144 MAC/example; 136 parameters,0.28833233500336064,pair_composition_MSE,1.745370002497436e-14,cpu_batch1_latency_ms,0.017991054002777673,fresh audit; synthetic control-adapter teacher
aligned_w11_pair0+1,41,basis_mix2,712,160000,625,144 MAC/example; 136 parameters,0.2869722190007451,pair_composition_MSE,2.0571530047995557e-14,cpu_batch1_latency_ms,0.01811812599771656,fresh audit; synthetic control-adapter teacher
aligned_w11_pair0+2,41,basis_mix2,712,160000,625,144 MAC/example; 136 parameters,0.2869722190007451,pair_composition_MSE,2.1962082014646313e-14,cpu_batch1_latency_ms,0.01809080599923618,fresh audit; synthetic control-adapter teacher
aligned_w11_pair0+3,41,basis_mix2,712,160000,625,144 MAC/example; 136 parameters,0.2869722190007451,pair_composition_MSE,2.2309519683016976e-14,cpu_batch1_latency_ms,0.01810151999234222,fresh audit; synthetic control-adapter teacher
aligned_w11_pair1+2,41,basis_mix2,712,160000,625,144 MAC/example; 136 parameters,0.2869722190007451,pair_composition_MSE,2.2050080267536562e-14,cpu_batch1_latency_ms,0.01823117400635965,fresh audit; synthetic control-adapter teacher
aligned_w11_pair1+3,41,basis_mix2,712,160000,625,144 MAC/example; 136 parameters,0.2869722190007451,pair_composition_MSE,1.9476440114006045e-14,cpu_batch1_latency_ms,0.018011844003922306,fresh audit; synthetic control-adapter teacher
aligned_w11_pair2+3,41,basis_mix2,712,160000,625,144 MAC/example; 136 parameters,0.2869722190007451,pair_composition_MSE,1.9584746828839664e-14,cpu_batch1_latency_ms,0.018095891995471902,fresh audit; synthetic control-adapter teacher
aligned_w11_pair0+1,53,basis_mix2,712,160000,625,144 MAC/example; 136 parameters,0.28725567599758506,pair_composition_MSE,2.0727597562593056e-14,cpu_batch1_latency_ms,0.018248082007630728,fresh audit; synthetic control-adapter teacher
aligned_w11_pair0+2,53,basis_mix2,712,160000,625,144 MAC/example; 136 parameters,0.28725567599758506,pair_composition_MSE,1.9546606629290697e-14,cpu_batch1_latency_ms,0.017970945991692133,fresh audit; synthetic control-adapter teacher
aligned_w11_pair0+3,53,basis_mix2,712,160000,625,144 MAC/example; 136 parameters,0.28725567599758506,pair_composition_MSE,2.404880697251359e-14,cpu_batch1_latency_ms,0.018066367993014865,fresh audit; synthetic control-adapter teacher
aligned_w11_pair1+2,53,basis_mix2,712,160000,625,144 MAC/example; 136 parameters,0.28725567599758506,pair_composition_MSE,2.2983002355642448e-14,cpu_batch1_latency_ms,0.01811856600397732,fresh audit; synthetic control-adapter teacher
aligned_w11_pair1+3,53,basis_mix2,712,160000,625,144 MAC/example; 136 parameters,0.28725567599758506,pair_composition_MSE,2.005699141385646e-14,cpu_batch1_latency_ms,0.01805879600578919,fresh audit; synthetic control-adapter teacher
aligned_w11_pair2+3,53,basis_mix2,712,160000,625,144 MAC/example; 136 parameters,0.28725567599758506,pair_composition_MSE,1.711684518624669e-14,cpu_batch1_latency_ms,0.018001910008024424,fresh audit; synthetic control-adapter teacher
independent_w11_pair0+1,29,basis_mix2,712,160000,625,144 MAC/example; 136 parameters,0.29384584800573066,pair_composition_MSE,0.7130837440490723,cpu_batch1_latency_ms,0.018107408002833836,fresh audit; synthetic control-adapter teacher
independent_w11_pair0+2,29,basis_mix2,712,160000,625,144 MAC/example; 136 parameters,0.29384584800573066,pair_composition_MSE,0.0739293023943901,cpu_batch1_latency_ms,0.017980817996431142,fresh audit; synthetic control-adapter teacher
independent_w11_pair0+3,29,basis_mix2,712,160000,625,144 MAC/example; 136 parameters,0.29384584800573066,pair_composition_MSE,0.1652984321117401,cpu_batch1_latency_ms,0.01805511199927423,fresh audit; synthetic control-adapter teacher
independent_w11_pair1+2,29,basis_mix2,712,160000,625,144 MAC/example; 136 parameters,0.29384584800573066,pair_composition_MSE,0.5468108654022217,cpu_batch1_latency_ms,0.018059858004562557,fresh audit; synthetic control-adapter teacher
independent_w11_pair1+3,29,basis_mix2,712,160000,625,144 MAC/example; 136 parameters,0.29384584800573066,pair_composition_MSE,1.423375129699707,cpu_batch1_latency_ms,0.017980338001507334,fresh audit; synthetic control-adapter teacher
independent_w11_pair2+3,29,basis_mix2,712,160000,625,144 MAC/example; 136 parameters,0.29384584800573066,pair_composition_MSE,1.5833101272583008,cpu_batch1_latency_ms,0.017982662000576966,fresh audit; synthetic control-adapter teacher
independent_w11_pair0+1,41,basis_mix2,712,160000,625,144 MAC/example; 136 parameters,0.28766128600545926,pair_composition_MSE,0.8245878219604492,cpu_batch1_latency_ms,0.018072316001052968,fresh audit; synthetic control-adapter teacher
independent_w11_pair0+2,41,basis_mix2,712,160000,625,144 MAC/example; 136 parameters,0.28766128600545926,pair_composition_MSE,0.02095775306224823,cpu_batch1_latency_ms,0.01800770001136698,fresh audit; synthetic control-adapter teacher
independent_w11_pair0+3,41,basis_mix2,712,160000,625,144 MAC/example; 136 parameters,0.28766128600545926,pair_composition_MSE,0.18760789930820465,cpu_batch1_latency_ms,0.017943083992577158,fresh audit; synthetic control-adapter teacher
independent_w11_pair1+2,41,basis_mix2,712,160000,625,144 MAC/example; 136 parameters,0.28766128600545926,pair_composition_MSE,0.6527361273765564,cpu_batch1_latency_ms,0.017946548003237695,fresh audit; synthetic control-adapter teacher
independent_w11_pair1+3,41,basis_mix2,712,160000,625,144 MAC/example; 136 parameters,0.28766128600545926,pair_composition_MSE,1.4237871170043945,cpu_batch1_latency_ms,0.018013307999353856,fresh audit; synthetic control-adapter teacher
independent_w11_pair2+3,41,basis_mix2,712,160000,625,144 MAC/example; 136 parameters,0.28766128600545926,pair_composition_MSE,1.5854113101959229,cpu_batch1_latency_ms,0.01791363800293766,fresh audit; synthetic control-adapter teacher
independent_w11_pair0+1,53,basis_mix2,712,160000,625,144 MAC/example; 136 parameters,0.28753220200451324,pair_composition_MSE,0.7850998044013977,cpu_batch1_latency_ms,0.018045817996608093,fresh audit; synthetic control-adapter teacher
independent_w11_pair0+2,53,basis_mix2,712,160000,625,144 MAC/example; 136 parameters,0.28753220200451324,pair_composition_MSE,0.027580883353948593,cpu_batch1_latency_ms,0.01821016399480868,fresh audit; synthetic control-adapter teacher
independent_w11_pair0+3,53,basis_mix2,712,160000,625,144 MAC/example; 136 parameters,0.28753220200451324,pair_composition_MSE,0.23722931742668152,cpu_batch1_latency_ms,0.018080630004988052,fresh audit; synthetic control-adapter teacher
independent_w11_pair1+2,53,basis_mix2,712,160000,625,144 MAC/example; 136 parameters,0.28753220200451324,pair_composition_MSE,0.5141984224319458,cpu_batch1_latency_ms,0.018260420009028167,fresh audit; synthetic control-adapter teacher
independent_w11_pair1+3,53,basis_mix2,712,160000,625,144 MAC/example; 136 parameters,0.28753220200451324,pair_composition_MSE,1.4719955921173096,cpu_batch1_latency_ms,0.01795023400336504,fresh audit; synthetic control-adapter teacher
independent_w11_pair2+3,53,basis_mix2,712,160000,625,144 MAC/example; 136 parameters,0.28753220200451324,pair_composition_MSE,1.5458093881607056,cpu_batch1_latency_ms,0.018538497999543324,fresh audit; synthetic control-adapter teacher
aligned_w17_pair0+1,29,basis_mix2,712,160000,625,144 MAC/example; 136 parameters,0.2884120949966018,pair_composition_MSE,3.1298639895094293e-14,cpu_batch1_latency_ms,0.01819137600250542,fresh audit; synthetic control-adapter teacher
aligned_w17_pair0+2,29,basis_mix2,712,160000,625,144 MAC/example; 136 parameters,0.2884120949966018,pair_composition_MSE,3.762634192931713e-14,cpu_batch1_latency_ms,0.018179838007199578,fresh audit; synthetic control-adapter teacher
aligned_w17_pair0+3,29,basis_mix2,712,160000,625,144 MAC/example; 136 parameters,0.2884120949966018,pair_composition_MSE,3.409487183683377e-14,cpu_batch1_latency_ms,0.01815898800850846,fresh audit; synthetic control-adapter teacher
aligned_w17_pair1+2,29,basis_mix2,712,160000,625,144 MAC/example; 136 parameters,0.2884120949966018,pair_composition_MSE,3.459336766695187e-14,cpu_batch1_latency_ms,0.01803452000604011,fresh audit; synthetic control-adapter teacher
aligned_w17_pair1+3,29,basis_mix2,712,160000,625,144 MAC/example; 136 parameters,0.2884120949966018,pair_composition_MSE,3.065328888071303e-14,cpu_batch1_latency_ms,0.01815119599632453,fresh audit; synthetic control-adapter teacher
aligned_w17_pair2+3,29,basis_mix2,712,160000,625,144 MAC/example; 136 parameters,0.2884120949966018,pair_composition_MSE,3.2795374217946954e-14,cpu_batch1_latency_ms,0.01810144000046421,fresh audit; synthetic control-adapter teacher
aligned_w17_pair0+1,41,basis_mix2,712,160000,625,144 MAC/example; 136 parameters,0.2886868810019223,pair_composition_MSE,4.9755016865446824e-14,cpu_batch1_latency_ms,0.01813627200317569,fresh audit; synthetic control-adapter teacher
aligned_w17_pair0+2,41,basis_mix2,712,160000,625,144 MAC/example; 136 parameters,0.2886868810019223,pair_composition_MSE,4.3158795222549007e-14,cpu_batch1_latency_ms,0.01817232799658086,fresh audit; synthetic control-adapter teacher
aligned_w17_pair0+3,41,basis_mix2,712,160000,625,144 MAC/example; 136 parameters,0.2886868810019223,pair_composition_MSE,3.693844275592939e-14,cpu_batch1_latency_ms,0.01826286199502647,fresh audit; synthetic control-adapter teacher
aligned_w17_pair1+2,41,basis_mix2,712,160000,625,144 MAC/example; 136 parameters,0.2886868810019223,pair_composition_MSE,4.940083850888191e-14,cpu_batch1_latency_ms,0.018023162003373727,fresh audit; synthetic control-adapter teacher
aligned_w17_pair1+3,41,basis_mix2,712,160000,625,144 MAC/example; 136 parameters,0.2886868810019223,pair_composition_MSE,3.8510800180312915e-14,cpu_batch1_latency_ms,0.01807073400414083,fresh audit; synthetic control-adapter teacher
aligned_w17_pair2+3,41,basis_mix2,712,160000,625,144 MAC/example; 136 parameters,0.2886868810019223,pair_composition_MSE,3.985227675206565e-14,cpu_batch1_latency_ms,0.018108692005625926,fresh audit; synthetic control-adapter teacher
aligned_w17_pair0+1,53,basis_mix2,712,160000,625,144 MAC/example; 136 parameters,0.2887407080052071,pair_composition_MSE,3.567675668780801e-14,cpu_batch1_latency_ms,0.0184374659875175,fresh audit; synthetic control-adapter teacher
aligned_w17_pair0+2,53,basis_mix2,712,160000,625,144 MAC/example; 136 parameters,0.2887407080052071,pair_composition_MSE,3.5351021697611895e-14,cpu_batch1_latency_ms,0.018008679995546117,fresh audit; synthetic control-adapter teacher
aligned_w17_pair0+3,53,basis_mix2,712,160000,625,144 MAC/example; 136 parameters,0.2887407080052071,pair_composition_MSE,3.925192012784254e-14,cpu_batch1_latency_ms,0.017995902002439834,fresh audit; synthetic control-adapter teacher
aligned_w17_pair1+2,53,basis_mix2,712,160000,625,144 MAC/example; 136 parameters,0.2887407080052071,pair_composition_MSE,3.5431249270244033e-14,cpu_batch1_latency_ms,0.01798506399791222,fresh audit; synthetic control-adapter teacher
aligned_w17_pair1+3,53,basis_mix2,712,160000,625,144 MAC/example; 136 parameters,0.2887407080052071,pair_composition_MSE,3.153132662196863e-14,cpu_batch1_latency_ms,0.018029491999186575,fresh audit; synthetic control-adapter teacher
aligned_w17_pair2+3,53,basis_mix2,712,160000,625,144 MAC/example; 136 parameters,0.2887407080052071,pair_composition_MSE,2.888003218189973e-14,cpu_batch1_latency_ms,0.018055672000627965,fresh audit; synthetic control-adapter teacher
independent_w17_pair0+1,29,basis_mix2,712,160000,625,144 MAC/example; 136 parameters,0.28691392900509527,pair_composition_MSE,0.594454288482666,cpu_batch1_latency_ms,0.018020959993009456,fresh audit; synthetic control-adapter teacher
independent_w17_pair0+2,29,basis_mix2,712,160000,625,144 MAC/example; 136 parameters,0.28691392900509527,pair_composition_MSE,0.46173202991485596,cpu_batch1_latency_ms,0.018043812000541948,fresh audit; synthetic control-adapter teacher
independent_w17_pair0+3,29,basis_mix2,712,160000,625,144 MAC/example; 136 parameters,0.28691392900509527,pair_composition_MSE,0.8306405544281006,cpu_batch1_latency_ms,0.017911213988554664,fresh audit; synthetic control-adapter teacher
independent_w17_pair1+2,29,basis_mix2,712,160000,625,144 MAC/example; 136 parameters,0.28691392900509527,pair_composition_MSE,0.5158822536468506,cpu_batch1_latency_ms,0.01812902199162636,fresh audit; synthetic control-adapter teacher
independent_w17_pair1+3,29,basis_mix2,712,160000,625,144 MAC/example; 136 parameters,0.28691392900509527,pair_composition_MSE,1.134019374847412,cpu_batch1_latency_ms,0.017933166003786027,fresh audit; synthetic control-adapter teacher
independent_w17_pair2+3,29,basis_mix2,712,160000,625,144 MAC/example; 136 parameters,0.28691392900509527,pair_composition_MSE,0.1553678810596466,cpu_batch1_latency_ms,0.017973567999433726,fresh audit; synthetic control-adapter teacher
independent_w17_pair0+1,41,basis_mix2,712,160000,625,144 MAC/example; 136 parameters,0.28615481599990744,pair_composition_MSE,0.6450502872467041,cpu_batch1_latency_ms,0.018003532008151524,fresh audit; synthetic control-adapter teacher
independent_w17_pair0+2,41,basis_mix2,712,160000,625,144 MAC/example; 136 parameters,0.28615481599990744,pair_composition_MSE,0.425322949886322,cpu_batch1_latency_ms,0.01812825999513734,fresh audit; synthetic control-adapter teacher
independent_w17_pair0+3,41,basis_mix2,712,160000,625,144 MAC/example; 136 parameters,0.28615481599990744,pair_composition_MSE,0.86859130859375,cpu_batch1_latency_ms,0.018804519990226254,fresh audit; synthetic control-adapter teacher
independent_w17_pair1+2,41,basis_mix2,712,160000,625,144 MAC/example; 136 parameters,0.28615481599990744,pair_composition_MSE,0.5254204869270325,cpu_batch1_latency_ms,0.017920647995197214,fresh audit; synthetic control-adapter teacher
independent_w17_pair1+3,41,basis_mix2,712,160000,625,144 MAC/example; 136 parameters,0.28615481599990744,pair_composition_MSE,1.155102252960205,cpu_batch1_latency_ms,0.017909250003867783,fresh audit; synthetic control-adapter teacher
independent_w17_pair2+3,41,basis_mix2,712,160000,625,144 MAC/example; 136 parameters,0.28615481599990744,pair_composition_MSE,0.12446033209562302,cpu_batch1_latency_ms,0.018029612008831464,fresh audit; synthetic control-adapter teacher
independent_w17_pair0+1,53,basis_mix2,712,160000,625,144 MAC/example; 136 parameters,0.2866043030007859,pair_composition_MSE,0.6499944925308228,cpu_batch1_latency_ms,0.01802428399969358,fresh audit; synthetic control-adapter teacher
independent_w17_pair0+2,53,basis_mix2,712,160000,625,144 MAC/example; 136 parameters,0.2866043030007859,pair_composition_MSE,0.32806795835494995,cpu_batch1_latency_ms,0.017855669997516088,fresh audit; synthetic control-adapter teacher
independent_w17_pair0+3,53,basis_mix2,712,160000,625,144 MAC/example; 136 parameters,0.2866043030007859,pair_composition_MSE,0.7584542036056519,cpu_batch1_latency_ms,0.01785328600089997,fresh audit; synthetic control-adapter teacher
independent_w17_pair1+2,53,basis_mix2,712,160000,625,144 MAC/example; 136 parameters,0.2866043030007859,pair_composition_MSE,0.6851028203964233,cpu_batch1_latency_ms,0.017924933999893256,fresh audit; synthetic control-adapter teacher
independent_w17_pair1+3,53,basis_mix2,712,160000,625,144 MAC/example; 136 parameters,0.2866043030007859,pair_composition_MSE,1.170880675315857,cpu_batch1_latency_ms,0.018103462003637105,fresh audit; synthetic control-adapter teacher
independent_w17_pair2+3,53,basis_mix2,712,160000,625,144 MAC/example; 136 parameters,0.2866043030007859,pair_composition_MSE,0.18699438869953156,cpu_batch1_latency_ms,0.01783329799945932,fresh audit; synthetic control-adapter teacher
aligned_w23_pair0+1,29,basis_mix2,712,160000,625,144 MAC/example; 136 parameters,0.2864622289998806,pair_composition_MSE,4.2876038684096576e-14,cpu_batch1_latency_ms,0.018138136001653038,fresh audit; synthetic control-adapter teacher
aligned_w23_pair0+2,29,basis_mix2,712,160000,625,144 MAC/example; 136 parameters,0.2864622289998806,pair_composition_MSE,2.779702601993575e-14,cpu_batch1_latency_ms,0.0181213900068542,fresh audit; synthetic control-adapter teacher
aligned_w23_pair0+3,29,basis_mix2,712,160000,625,144 MAC/example; 136 parameters,0.2864622289998806,pair_composition_MSE,3.955300984740534e-14,cpu_batch1_latency_ms,0.018030955994618125,fresh audit; synthetic control-adapter teacher
aligned_w23_pair1+2,29,basis_mix2,712,160000,625,144 MAC/example; 136 parameters,0.2864622289998806,pair_composition_MSE,2.6972048116562057e-14,cpu_batch1_latency_ms,0.017962229991098866,fresh audit; synthetic control-adapter teacher
aligned_w23_pair1+3,29,basis_mix2,712,160000,625,144 MAC/example; 136 parameters,0.2864622289998806,pair_composition_MSE,4.993733562514563e-14,cpu_batch1_latency_ms,0.018017573995166458,fresh audit; synthetic control-adapter teacher
aligned_w23_pair2+3,29,basis_mix2,712,160000,625,144 MAC/example; 136 parameters,0.2864622289998806,pair_composition_MSE,2.713946756671866e-14,cpu_batch1_latency_ms,0.018112577992724255,fresh audit; synthetic control-adapter teacher
aligned_w23_pair0+1,41,basis_mix2,712,160000,625,144 MAC/example; 136 parameters,0.2872978570012492,pair_composition_MSE,2.9605668367153545e-14,cpu_batch1_latency_ms,0.01805551200232003,fresh audit; synthetic control-adapter teacher
aligned_w23_pair0+2,41,basis_mix2,712,160000,625,144 MAC/example; 136 parameters,0.2872978570012492,pair_composition_MSE,2.6504474071216422e-14,cpu_batch1_latency_ms,0.01806636599940248,fresh audit; synthetic control-adapter teacher
aligned_w23_pair0+3,41,basis_mix2,712,160000,625,144 MAC/example; 136 parameters,0.2872978570012492,pair_composition_MSE,2.8260410640324266e-14,cpu_batch1_latency_ms,0.01798644800146576,fresh audit; synthetic control-adapter teacher
aligned_w23_pair1+2,41,basis_mix2,712,160000,625,144 MAC/example; 136 parameters,0.2872978570012492,pair_composition_MSE,2.17931548458436e-14,cpu_batch1_latency_ms,0.017963032005354762,fresh audit; synthetic control-adapter teacher
aligned_w23_pair1+3,41,basis_mix2,712,160000,625,144 MAC/example; 136 parameters,0.2872978570012492,pair_composition_MSE,3.6309439477430136e-14,cpu_batch1_latency_ms,0.017978474003029987,fresh audit; synthetic control-adapter teacher
aligned_w23_pair2+3,41,basis_mix2,712,160000,625,144 MAC/example; 136 parameters,0.2872978570012492,pair_composition_MSE,2.1009269898873e-14,cpu_batch1_latency_ms,0.01802959399356041,fresh audit; synthetic control-adapter teacher
aligned_w23_pair0+1,53,basis_mix2,712,160000,625,144 MAC/example; 136 parameters,0.2860757369999192,pair_composition_MSE,3.4233646326780123e-14,cpu_batch1_latency_ms,0.01831103600852657,fresh audit; synthetic control-adapter teacher
aligned_w23_pair0+2,53,basis_mix2,712,160000,625,144 MAC/example; 136 parameters,0.2860757369999192,pair_composition_MSE,3.086145569783025e-14,cpu_batch1_latency_ms,0.018462483989424072,fresh audit; synthetic control-adapter teacher
aligned_w23_pair0+3,53,basis_mix2,712,160000,625,144 MAC/example; 136 parameters,0.2860757369999192,pair_composition_MSE,3.121064333626994e-14,cpu_batch1_latency_ms,0.01816243199573364,fresh audit; synthetic control-adapter teacher
aligned_w23_pair1+2,53,basis_mix2,712,160000,625,144 MAC/example; 136 parameters,0.2860757369999192,pair_composition_MSE,2.563683450642132e-14,cpu_batch1_latency_ms,0.018185086009907536,fresh audit; synthetic control-adapter teacher
aligned_w23_pair1+3,53,basis_mix2,712,160000,625,144 MAC/example; 136 parameters,0.2860757369999192,pair_composition_MSE,3.862062308412212e-14,cpu_batch1_latency_ms,0.017957863994524814,fresh audit; synthetic control-adapter teacher
aligned_w23_pair2+3,53,basis_mix2,712,160000,625,144 MAC/example; 136 parameters,0.2860757369999192,pair_composition_MSE,2.3547714139379207e-14,cpu_batch1_latency_ms,0.01789392800128553,fresh audit; synthetic control-adapter teacher
independent_w23_pair0+1,29,basis_mix2,712,160000,625,144 MAC/example; 136 parameters,0.2877687650034204,pair_composition_MSE,0.3493707776069641,cpu_batch1_latency_ms,0.018040269991615787,fresh audit; synthetic control-adapter teacher
independent_w23_pair0+2,29,basis_mix2,712,160000,625,144 MAC/example; 136 parameters,0.2877687650034204,pair_composition_MSE,0.5218117237091064,cpu_batch1_latency_ms,0.018185848006396554,fresh audit; synthetic control-adapter teacher
independent_w23_pair0+3,29,basis_mix2,712,160000,625,144 MAC/example; 136 parameters,0.2877687650034204,pair_composition_MSE,0.8297477960586548,cpu_batch1_latency_ms,0.01807534199906513,fresh audit; synthetic control-adapter teacher
independent_w23_pair1+2,29,basis_mix2,712,160000,625,144 MAC/example; 136 parameters,0.2877687650034204,pair_composition_MSE,1.0237669944763184,cpu_batch1_latency_ms,0.018030412000371143,fresh audit; synthetic control-adapter teacher
independent_w23_pair1+3,29,basis_mix2,712,160000,625,144 MAC/example; 136 parameters,0.2877687650034204,pair_composition_MSE,1.2552778720855713,cpu_batch1_latency_ms,0.018078146007610485,fresh audit; synthetic control-adapter teacher
independent_w23_pair2+3,29,basis_mix2,712,160000,625,144 MAC/example; 136 parameters,0.2877687650034204,pair_composition_MSE,1.4807183742523193,cpu_batch1_latency_ms,0.01818999399256427,fresh audit; synthetic control-adapter teacher
independent_w23_pair0+1,41,basis_mix2,712,160000,625,144 MAC/example; 136 parameters,0.2861219769984018,pair_composition_MSE,0.3026745915412903,cpu_batch1_latency_ms,0.01805036400037352,fresh audit; synthetic control-adapter teacher
independent_w23_pair0+2,41,basis_mix2,712,160000,625,144 MAC/example; 136 parameters,0.2861219769984018,pair_composition_MSE,0.5802273750305176,cpu_batch1_latency_ms,0.018086076001054607,fresh audit; synthetic control-adapter teacher
independent_w23_pair0+3,41,basis_mix2,712,160000,625,144 MAC/example; 136 parameters,0.2861219769984018,pair_composition_MSE,0.799507737159729,cpu_batch1_latency_ms,0.017938876000698656,fresh audit; synthetic control-adapter teacher
independent_w23_pair1+2,41,basis_mix2,712,160000,625,144 MAC/example; 136 parameters,0.2861219769984018,pair_composition_MSE,0.9485149383544922,cpu_batch1_latency_ms,0.017927099994267337,fresh audit; synthetic control-adapter teacher
independent_w23_pair1+3,41,basis_mix2,712,160000,625,144 MAC/example; 136 parameters,0.2861219769984018,pair_composition_MSE,1.2429006099700928,cpu_batch1_latency_ms,0.017960587996640243,fresh audit; synthetic control-adapter teacher
independent_w23_pair2+3,41,basis_mix2,712,160000,625,144 MAC/example; 136 parameters,0.2861219769984018,pair_composition_MSE,1.5316145420074463,cpu_batch1_latency_ms,0.017850201998953708,fresh audit; synthetic control-adapter teacher
independent_w23_pair0+1,53,basis_mix2,712,160000,625,144 MAC/example; 136 parameters,0.2869263669999782,pair_composition_MSE,0.34236687421798706,cpu_batch1_latency_ms,0.018139015999622643,fresh audit; synthetic control-adapter teacher
independent_w23_pair0+2,53,basis_mix2,712,160000,625,144 MAC/example; 136 parameters,0.2869263669999782,pair_composition_MSE,0.5717249512672424,cpu_batch1_latency_ms,0.01791692200640682,fresh audit; synthetic control-adapter teacher
independent_w23_pair0+3,53,basis_mix2,712,160000,625,144 MAC/example; 136 parameters,0.2869263669999782,pair_composition_MSE,0.7629083395004272,cpu_batch1_latency_ms,0.018049162012175657,fresh audit; synthetic control-adapter teacher
independent_w23_pair1+2,53,basis_mix2,712,160000,625,144 MAC/example; 136 parameters,0.2869263669999782,pair_composition_MSE,0.9629971981048584,cpu_batch1_latency_ms,0.018004013996687718,fresh audit; synthetic control-adapter teacher
independent_w23_pair1+3,53,basis_mix2,712,160000,625,144 MAC/example; 136 parameters,0.2869263669999782,pair_composition_MSE,1.2900702953338623,cpu_batch1_latency_ms,0.01804124801128637,fresh audit; synthetic control-adapter teacher
independent_w23_pair2+3,53,basis_mix2,712,160000,625,144 MAC/example; 136 parameters,0.2869263669999782,pair_composition_MSE,1.5201785564422607,cpu_batch1_latency_ms,0.01826919399900362,fresh audit; synthetic control-adapter teacher
aligned_w11_pair0+1,29,film_controls,696,217600,850,72 MAC/example; 128 parameters,0.42083846800233005,pair_composition_MSE,0.08936213701963425,cpu_batch1_latency_ms,0.023210408005979843,fresh audit; synthetic control-adapter teacher
aligned_w11_pair0+2,29,film_controls,696,217600,850,72 MAC/example; 128 parameters,0.42083846800233005,pair_composition_MSE,0.047374650835990906,cpu_batch1_latency_ms,0.023228235993883573,fresh audit; synthetic control-adapter teacher
aligned_w11_pair0+3,29,film_controls,696,217600,850,72 MAC/example; 128 parameters,0.42083846800233005,pair_composition_MSE,0.7464858889579773,cpu_batch1_latency_ms,0.022839732002466917,fresh audit; synthetic control-adapter teacher
aligned_w11_pair1+2,29,film_controls,696,217600,850,72 MAC/example; 128 parameters,0.42083846800233005,pair_composition_MSE,0.7044596076011658,cpu_batch1_latency_ms,0.02292586000112351,fresh audit; synthetic control-adapter teacher
aligned_w11_pair1+3,29,film_controls,696,217600,850,72 MAC/example; 128 parameters,0.42083846800233005,pair_composition_MSE,0.05585620179772377,cpu_batch1_latency_ms,0.022900181997101754,fresh audit; synthetic control-adapter teacher
aligned_w11_pair2+3,29,film_controls,696,217600,850,72 MAC/example; 128 parameters,0.42083846800233005,pair_composition_MSE,0.08326263725757599,cpu_batch1_latency_ms,0.022986309995758347,fresh audit; synthetic control-adapter teacher
aligned_w11_pair0+1,41,film_controls,696,217600,850,72 MAC/example; 128 parameters,0.4190513680005097,pair_composition_MSE,0.09156017005443573,cpu_batch1_latency_ms,0.023083138003130443,fresh audit; synthetic control-adapter teacher
aligned_w11_pair0+2,41,film_controls,696,217600,850,72 MAC/example; 128 parameters,0.4190513680005097,pair_composition_MSE,0.04234074056148529,cpu_batch1_latency_ms,0.022749255993403494,fresh audit; synthetic control-adapter teacher
aligned_w11_pair0+3,41,film_controls,696,217600,850,72 MAC/example; 128 parameters,0.4190513680005097,pair_composition_MSE,0.7611044645309448,cpu_batch1_latency_ms,0.023507898004027084,fresh audit; synthetic control-adapter teacher
aligned_w11_pair1+2,41,film_controls,696,217600,850,72 MAC/example; 128 parameters,0.4190513680005097,pair_composition_MSE,0.6850373148918152,cpu_batch1_latency_ms,0.023115887990570627,fresh audit; synthetic control-adapter teacher
aligned_w11_pair1+3,41,film_controls,696,217600,850,72 MAC/example; 128 parameters,0.4190513680005097,pair_composition_MSE,0.056061409413814545,cpu_batch1_latency_ms,0.0231628180044936,fresh audit; synthetic control-adapter teacher
aligned_w11_pair2+3,41,film_controls,696,217600,850,72 MAC/example; 128 parameters,0.4190513680005097,pair_composition_MSE,0.07593994587659836,cpu_batch1_latency_ms,0.023159452000982128,fresh audit; synthetic control-adapter teacher
aligned_w11_pair0+1,53,film_controls,696,217600,850,72 MAC/example; 128 parameters,0.4192201730038505,pair_composition_MSE,0.09027592837810516,cpu_batch1_latency_ms,0.022905287987669,fresh audit; synthetic control-adapter teacher
aligned_w11_pair0+2,53,film_controls,696,217600,850,72 MAC/example; 128 parameters,0.4192201730038505,pair_composition_MSE,0.04451488330960274,cpu_batch1_latency_ms,0.02295961200434249,fresh audit; synthetic control-adapter teacher
aligned_w11_pair0+3,53,film_controls,696,217600,850,72 MAC/example; 128 parameters,0.4192201730038505,pair_composition_MSE,0.7256335616111755,cpu_batch1_latency_ms,0.022706951989675872,fresh audit; synthetic control-adapter teacher
aligned_w11_pair1+2,53,film_controls,696,217600,850,72 MAC/example; 128 parameters,0.4192201730038505,pair_composition_MSE,0.7180013656616211,cpu_batch1_latency_ms,0.02274314599344507,fresh audit; synthetic control-adapter teacher
aligned_w11_pair1+3,53,film_controls,696,217600,850,72 MAC/example; 128 parameters,0.4192201730038505,pair_composition_MSE,0.06280748546123505,cpu_batch1_latency_ms,0.02271194000786636,fresh audit; synthetic control-adapter teacher
aligned_w11_pair2+3,53,film_controls,696,217600,850,72 MAC/example; 128 parameters,0.4192201730038505,pair_composition_MSE,0.0876309871673584,cpu_batch1_latency_ms,0.022751177995814942,fresh audit; synthetic control-adapter teacher
independent_w11_pair0+1,29,film_controls,696,217600,850,72 MAC/example; 128 parameters,0.42024523099826183,pair_composition_MSE,0.8267025947570801,cpu_batch1_latency_ms,0.02299205999588594,fresh audit; synthetic control-adapter teacher
independent_w11_pair0+2,29,film_controls,696,217600,850,72 MAC/example; 128 parameters,0.42024523099826183,pair_composition_MSE,1.1350070238113403,cpu_batch1_latency_ms,0.022522373998072,fresh audit; synthetic control-adapter teacher
independent_w11_pair0+3,29,film_controls,696,217600,850,72 MAC/example; 128 parameters,0.42024523099826183,pair_composition_MSE,0.9370925426483154,cpu_batch1_latency_ms,0.02270933400723152,fresh audit; synthetic control-adapter teacher
independent_w11_pair1+2,29,film_controls,696,217600,850,72 MAC/example; 128 parameters,0.42024523099826183,pair_composition_MSE,0.7437514066696167,cpu_batch1_latency_ms,0.022800110004027374,fresh audit; synthetic control-adapter teacher
independent_w11_pair1+3,29,film_controls,696,217600,850,72 MAC/example; 128 parameters,0.42024523099826183,pair_composition_MSE,0.6374497413635254,cpu_batch1_latency_ms,0.02292485799989663,fresh audit; synthetic control-adapter teacher
independent_w11_pair2+3,29,film_controls,696,217600,850,72 MAC/example; 128 parameters,0.42024523099826183,pair_composition_MSE,0.810707688331604,cpu_batch1_latency_ms,0.022658278001472354,fresh audit; synthetic control-adapter teacher
independent_w11_pair0+1,41,film_controls,696,217600,850,72 MAC/example; 128 parameters,0.42363615799695253,pair_composition_MSE,0.805675745010376,cpu_batch1_latency_ms,0.02269611599331256,fresh audit; synthetic control-adapter teacher
independent_w11_pair0+2,41,film_controls,696,217600,850,72 MAC/example; 128 parameters,0.42363615799695253,pair_composition_MSE,1.1282089948654175,cpu_batch1_latency_ms,0.0225377960014157,fresh audit; synthetic control-adapter teacher
independent_w11_pair0+3,41,film_controls,696,217600,850,72 MAC/example; 128 parameters,0.42363615799695253,pair_composition_MSE,0.9322484731674194,cpu_batch1_latency_ms,0.022591455999645405,fresh audit; synthetic control-adapter teacher
independent_w11_pair1+2,41,film_controls,696,217600,850,72 MAC/example; 128 parameters,0.42363615799695253,pair_composition_MSE,0.7319880723953247,cpu_batch1_latency_ms,0.02265078600612469,fresh audit; synthetic control-adapter teacher
independent_w11_pair1+3,41,film_controls,696,217600,850,72 MAC/example; 128 parameters,0.42363615799695253,pair_composition_MSE,0.6655454039573669,cpu_batch1_latency_ms,0.022583925994695164,fresh audit; synthetic control-adapter teacher
independent_w11_pair2+3,41,film_controls,696,217600,850,72 MAC/example; 128 parameters,0.42363615799695253,pair_composition_MSE,0.7330808639526367,cpu_batch1_latency_ms,0.022709955999744125,fresh audit; synthetic control-adapter teacher
independent_w11_pair0+1,53,film_controls,696,217600,850,72 MAC/example; 128 parameters,0.41978668500087224,pair_composition_MSE,0.8243646621704102,cpu_batch1_latency_ms,0.023529027996119112,fresh audit; synthetic control-adapter teacher
independent_w11_pair0+2,53,film_controls,696,217600,850,72 MAC/example; 128 parameters,0.41978668500087224,pair_composition_MSE,1.1362173557281494,cpu_batch1_latency_ms,0.023222748000989668,fresh audit; synthetic control-adapter teacher
independent_w11_pair0+3,53,film_controls,696,217600,850,72 MAC/example; 128 parameters,0.41978668500087224,pair_composition_MSE,0.9121348261833191,cpu_batch1_latency_ms,0.02302699199935887,fresh audit; synthetic control-adapter teacher
independent_w11_pair1+2,53,film_controls,696,217600,850,72 MAC/example; 128 parameters,0.41978668500087224,pair_composition_MSE,0.774629533290863,cpu_batch1_latency_ms,0.02281743599451147,fresh audit; synthetic control-adapter teacher
independent_w11_pair1+3,53,film_controls,696,217600,850,72 MAC/example; 128 parameters,0.41978668500087224,pair_composition_MSE,0.634361743927002,cpu_batch1_latency_ms,0.0236052020045463,fresh audit; synthetic control-adapter teacher
independent_w11_pair2+3,53,film_controls,696,217600,850,72 MAC/example; 128 parameters,0.41978668500087224,pair_composition_MSE,0.7385061979293823,cpu_batch1_latency_ms,0.0231828459945973,fresh audit; synthetic control-adapter teacher
aligned_w17_pair0+1,29,film_controls,696,217600,850,72 MAC/example; 128 parameters,0.4230384589973255,pair_composition_MSE,0.09143822640180588,cpu_batch1_latency_ms,0.02304135399754159,fresh audit; synthetic control-adapter teacher
aligned_w17_pair0+2,29,film_controls,696,217600,850,72 MAC/example; 128 parameters,0.4230384589973255,pair_composition_MSE,0.019745923578739166,cpu_batch1_latency_ms,0.02280536000034772,fresh audit; synthetic control-adapter teacher
aligned_w17_pair0+3,29,film_controls,696,217600,850,72 MAC/example; 128 parameters,0.4230384589973255,pair_composition_MSE,0.2531600594520569,cpu_batch1_latency_ms,0.022899582007084973,fresh audit; synthetic control-adapter teacher
aligned_w17_pair1+2,29,film_controls,696,217600,850,72 MAC/example; 128 parameters,0.4230384589973255,pair_composition_MSE,0.24400460720062256,cpu_batch1_latency_ms,0.022930827995878644,fresh audit; synthetic control-adapter teacher
aligned_w17_pair1+3,29,film_controls,696,217600,850,72 MAC/example; 128 parameters,0.4230384589973255,pair_composition_MSE,0.019558202475309372,cpu_batch1_latency_ms,0.022646219993475825,fresh audit; synthetic control-adapter teacher
aligned_w17_pair2+3,29,film_controls,696,217600,850,72 MAC/example; 128 parameters,0.4230384589973255,pair_composition_MSE,0.09531301259994507,cpu_batch1_latency_ms,0.022762694003176875,fresh audit; synthetic control-adapter teacher
aligned_w17_pair0+1,41,film_controls,696,217600,850,72 MAC/example; 128 parameters,0.42212628700508503,pair_composition_MSE,0.09800270199775696,cpu_batch1_latency_ms,0.023282898007892072,fresh audit; synthetic control-adapter teacher
aligned_w17_pair0+2,41,film_controls,696,217600,850,72 MAC/example; 128 parameters,0.42212628700508503,pair_composition_MSE,0.02113007754087448,cpu_batch1_latency_ms,0.0230062420014292,fresh audit; synthetic control-adapter teacher
aligned_w17_pair0+3,41,film_controls,696,217600,850,72 MAC/example; 128 parameters,0.42212628700508503,pair_composition_MSE,0.24054135382175446,cpu_batch1_latency_ms,0.022946371987927705,fresh audit; synthetic control-adapter teacher
aligned_w17_pair1+2,41,film_controls,696,217600,850,72 MAC/example; 128 parameters,0.42212628700508503,pair_composition_MSE,0.25733453035354614,cpu_batch1_latency_ms,0.023283538001123816,fresh audit; synthetic control-adapter teacher
aligned_w17_pair1+3,41,film_controls,696,217600,850,72 MAC/example; 128 parameters,0.42212628700508503,pair_composition_MSE,0.017624443396925926,cpu_batch1_latency_ms,0.02292804399621673,fresh audit; synthetic control-adapter teacher
aligned_w17_pair2+3,41,film_controls,696,217600,850,72 MAC/example; 128 parameters,0.42212628700508503,pair_composition_MSE,0.0892987996339798,cpu_batch1_latency_ms,0.02315095798985567,fresh audit; synthetic control-adapter teacher
aligned_w17_pair0+1,53,film_controls,696,217600,850,72 MAC/example; 128 parameters,0.4229981280004722,pair_composition_MSE,0.07405689358711243,cpu_batch1_latency_ms,0.022642993993940763,fresh audit; synthetic control-adapter teacher
aligned_w17_pair0+2,53,film_controls,696,217600,850,72 MAC/example; 128 parameters,0.4229981280004722,pair_composition_MSE,0.017626425251364708,cpu_batch1_latency_ms,0.02249467199726496,fresh audit; synthetic control-adapter teacher
aligned_w17_pair0+3,53,film_controls,696,217600,850,72 MAC/example; 128 parameters,0.4229981280004722,pair_composition_MSE,0.29050368070602417,cpu_batch1_latency_ms,0.022609905994613655,fresh audit; synthetic control-adapter teacher
aligned_w17_pair1+2,53,film_controls,696,217600,850,72 MAC/example; 128 parameters,0.4229981280004722,pair_composition_MSE,0.2115098387002945,cpu_batch1_latency_ms,0.022637806003331207,fresh audit; synthetic control-adapter teacher
aligned_w17_pair1+3,53,film_controls,696,217600,850,72 MAC/example; 128 parameters,0.4229981280004722,pair_composition_MSE,0.030546415597200394,cpu_batch1_latency_ms,0.022688503988320008,fresh audit; synthetic control-adapter teacher
aligned_w17_pair2+3,53,film_controls,696,217600,850,72 MAC/example; 128 parameters,0.4229981280004722,pair_composition_MSE,0.11929873377084732,cpu_batch1_latency_ms,0.02269170799991116,fresh audit; synthetic control-adapter teacher
independent_w17_pair0+1,29,film_controls,696,217600,850,72 MAC/example; 128 parameters,0.42030656799761346,pair_composition_MSE,0.9142372012138367,cpu_batch1_latency_ms,0.023115143994800746,fresh audit; synthetic control-adapter teacher
independent_w17_pair0+2,29,film_controls,696,217600,850,72 MAC/example; 128 parameters,0.42030656799761346,pair_composition_MSE,1.5576632022857666,cpu_batch1_latency_ms,0.02273419199627824,fresh audit; synthetic control-adapter teacher
independent_w17_pair0+3,29,film_controls,696,217600,850,72 MAC/example; 128 parameters,0.42030656799761346,pair_composition_MSE,0.6037871837615967,cpu_batch1_latency_ms,0.022694612009217963,fresh audit; synthetic control-adapter teacher
independent_w17_pair1+2,29,film_controls,696,217600,850,72 MAC/example; 128 parameters,0.42030656799761346,pair_composition_MSE,1.2664730548858643,cpu_batch1_latency_ms,0.023025871996651404,fresh audit; synthetic control-adapter teacher
independent_w17_pair1+3,29,film_controls,696,217600,850,72 MAC/example; 128 parameters,0.42030656799761346,pair_composition_MSE,0.9774742722511292,cpu_batch1_latency_ms,0.022901944001205266,fresh audit; synthetic control-adapter teacher
independent_w17_pair2+3,29,film_controls,696,217600,850,72 MAC/example; 128 parameters,0.42030656799761346,pair_composition_MSE,1.2018698453903198,cpu_batch1_latency_ms,0.022859980002976954,fresh audit; synthetic control-adapter teacher
independent_w17_pair0+1,41,film_controls,696,217600,850,72 MAC/example; 128 parameters,0.4201426309955423,pair_composition_MSE,1.0200504064559937,cpu_batch1_latency_ms,0.023020282009383664,fresh audit; synthetic control-adapter teacher
independent_w17_pair0+2,41,film_controls,696,217600,850,72 MAC/example; 128 parameters,0.4201426309955423,pair_composition_MSE,1.5202475786209106,cpu_batch1_latency_ms,0.022882674005813897,fresh audit; synthetic control-adapter teacher
independent_w17_pair0+3,41,film_controls,696,217600,850,72 MAC/example; 128 parameters,0.4201426309955423,pair_composition_MSE,0.5822837352752686,cpu_batch1_latency_ms,0.02291466399037745,fresh audit; synthetic control-adapter teacher
independent_w17_pair1+2,41,film_controls,696,217600,850,72 MAC/example; 128 parameters,0.4201426309955423,pair_composition_MSE,1.334834098815918,cpu_batch1_latency_ms,0.022918707996723242,fresh audit; synthetic control-adapter teacher
independent_w17_pair1+3,41,film_controls,696,217600,850,72 MAC/example; 128 parameters,0.4201426309955423,pair_composition_MSE,0.9372649192810059,cpu_batch1_latency_ms,0.02303506399039179,fresh audit; synthetic control-adapter teacher
independent_w17_pair2+3,41,film_controls,696,217600,850,72 MAC/example; 128 parameters,0.4201426309955423,pair_composition_MSE,1.152343511581421,cpu_batch1_latency_ms,0.02299728599609807,fresh audit; synthetic control-adapter teacher
independent_w17_pair0+1,53,film_controls,696,217600,850,72 MAC/example; 128 parameters,0.42063660499843536,pair_composition_MSE,0.9854382276535034,cpu_batch1_latency_ms,0.023102286009816453,fresh audit; synthetic control-adapter teacher
independent_w17_pair0+2,53,film_controls,696,217600,850,72 MAC/example; 128 parameters,0.42063660499843536,pair_composition_MSE,1.5075286626815796,cpu_batch1_latency_ms,0.022705026000039652,fresh audit; synthetic control-adapter teacher
independent_w17_pair0+3,53,film_controls,696,217600,850,72 MAC/example; 128 parameters,0.42063660499843536,pair_composition_MSE,0.6213365197181702,cpu_batch1_latency_ms,0.02275510400068015,fresh audit; synthetic control-adapter teacher
independent_w17_pair1+2,53,film_controls,696,217600,850,72 MAC/example; 128 parameters,0.42063660499843536,pair_composition_MSE,1.23893141746521,cpu_batch1_latency_ms,0.022931207990041003,fresh audit; synthetic control-adapter teacher
independent_w17_pair1+3,53,film_controls,696,217600,850,72 MAC/example; 128 parameters,0.42063660499843536,pair_composition_MSE,1.0045818090438843,cpu_batch1_latency_ms,0.02286122199438978,fresh audit; synthetic control-adapter teacher
independent_w17_pair2+3,53,film_controls,696,217600,850,72 MAC/example; 128 parameters,0.42063660499843536,pair_composition_MSE,1.1572695970535278,cpu_batch1_latency_ms,0.02275656399433501,fresh audit; synthetic control-adapter teacher
aligned_w23_pair0+1,29,film_controls,696,217600,850,72 MAC/example; 128 parameters,0.4329426330004935,pair_composition_MSE,0.16528701782226562,cpu_batch1_latency_ms,0.022905290010385215,fresh audit; synthetic control-adapter teacher
aligned_w23_pair0+2,29,film_controls,696,217600,850,72 MAC/example; 128 parameters,0.4329426330004935,pair_composition_MSE,0.8991335034370422,cpu_batch1_latency_ms,0.022624046003329568,fresh audit; synthetic control-adapter teacher
aligned_w23_pair0+3,29,film_controls,696,217600,850,72 MAC/example; 128 parameters,0.4329426330004935,pair_composition_MSE,0.17764702439308167,cpu_batch1_latency_ms,0.022566298008314334,fresh audit; synthetic control-adapter teacher
aligned_w23_pair1+2,29,film_controls,696,217600,850,72 MAC/example; 128 parameters,0.4329426330004935,pair_composition_MSE,0.3496844172477722,cpu_batch1_latency_ms,0.02249677400686778,fresh audit; synthetic control-adapter teacher
aligned_w23_pair1+3,29,film_controls,696,217600,850,72 MAC/example; 128 parameters,0.4329426330004935,pair_composition_MSE,0.2561649978160858,cpu_batch1_latency_ms,0.02278031999594532,fresh audit; synthetic control-adapter teacher
aligned_w23_pair2+3,29,film_controls,696,217600,850,72 MAC/example; 128 parameters,0.4329426330004935,pair_composition_MSE,0.4578869342803955,cpu_batch1_latency_ms,0.022655392007436603,fresh audit; synthetic control-adapter teacher
aligned_w23_pair0+1,41,film_controls,696,217600,850,72 MAC/example; 128 parameters,0.4266813709982671,pair_composition_MSE,0.14063429832458496,cpu_batch1_latency_ms,0.022966742006246932,fresh audit; synthetic control-adapter teacher
aligned_w23_pair0+2,41,film_controls,696,217600,850,72 MAC/example; 128 parameters,0.4266813709982671,pair_composition_MSE,0.9245527982711792,cpu_batch1_latency_ms,0.022879669995745644,fresh audit; synthetic control-adapter teacher
aligned_w23_pair0+3,41,film_controls,696,217600,850,72 MAC/example; 128 parameters,0.4266813709982671,pair_composition_MSE,0.1542445719242096,cpu_batch1_latency_ms,0.022870778004289605,fresh audit; synthetic control-adapter teacher
aligned_w23_pair1+2,41,film_controls,696,217600,850,72 MAC/example; 128 parameters,0.4266813709982671,pair_composition_MSE,0.3531233072280884,cpu_batch1_latency_ms,0.02279293999890797,fresh audit; synthetic control-adapter teacher
aligned_w23_pair1+3,41,film_controls,696,217600,850,72 MAC/example; 128 parameters,0.4266813709982671,pair_composition_MSE,0.22581839561462402,cpu_batch1_latency_ms,0.02283230000466574,fresh audit; synthetic control-adapter teacher
aligned_w23_pair2+3,41,film_controls,696,217600,850,72 MAC/example; 128 parameters,0.4266813709982671,pair_composition_MSE,0.4613760709762573,cpu_batch1_latency_ms,0.022983448012382723,fresh audit; synthetic control-adapter teacher
aligned_w23_pair0+1,53,film_controls,696,217600,850,72 MAC/example; 128 parameters,0.4206386280056904,pair_composition_MSE,0.09988352656364441,cpu_batch1_latency_ms,0.023187514001620002,fresh audit; synthetic control-adapter teacher
aligned_w23_pair0+2,53,film_controls,696,217600,850,72 MAC/example; 128 parameters,0.4206386280056904,pair_composition_MSE,0.964329719543457,cpu_batch1_latency_ms,0.022755704005248845,fresh audit; synthetic control-adapter teacher
aligned_w23_pair0+3,53,film_controls,696,217600,850,72 MAC/example; 128 parameters,0.4206386280056904,pair_composition_MSE,0.11485732346773148,cpu_batch1_latency_ms,0.02294428800814785,fresh audit; synthetic control-adapter teacher
aligned_w23_pair1+2,53,film_controls,696,217600,850,72 MAC/example; 128 parameters,0.4206386280056904,pair_composition_MSE,0.3594941198825836,cpu_batch1_latency_ms,0.02309879999666009,fresh audit; synthetic control-adapter teacher
aligned_w23_pair1+3,53,film_controls,696,217600,850,72 MAC/example; 128 parameters,0.4206386280056904,pair_composition_MSE,0.18029628694057465,cpu_batch1_latency_ms,0.022858298005303368,fresh audit; synthetic control-adapter teacher
aligned_w23_pair2+3,53,film_controls,696,217600,850,72 MAC/example; 128 parameters,0.4206386280056904,pair_composition_MSE,0.47434091567993164,cpu_batch1_latency_ms,0.02287221999722533,fresh audit; synthetic control-adapter teacher
independent_w23_pair0+1,29,film_controls,696,217600,850,72 MAC/example; 128 parameters,0.4248992789944168,pair_composition_MSE,0.9687137603759766,cpu_batch1_latency_ms,0.02237246600270737,fresh audit; synthetic control-adapter teacher
independent_w23_pair0+2,29,film_controls,696,217600,850,72 MAC/example; 128 parameters,0.4248992789944168,pair_composition_MSE,1.2884337902069092,cpu_batch1_latency_ms,0.022376053995685652,fresh audit; synthetic control-adapter teacher
independent_w23_pair0+3,29,film_controls,696,217600,850,72 MAC/example; 128 parameters,0.4248992789944168,pair_composition_MSE,1.2428321838378906,cpu_batch1_latency_ms,0.022632858002907597,fresh audit; synthetic control-adapter teacher
independent_w23_pair1+2,29,film_controls,696,217600,850,72 MAC/example; 128 parameters,0.4248992789944168,pair_composition_MSE,1.4484351873397827,cpu_batch1_latency_ms,0.02274050000414718,fresh audit; synthetic control-adapter teacher
independent_w23_pair1+3,29,film_controls,696,217600,850,72 MAC/example; 128 parameters,0.4248992789944168,pair_composition_MSE,1.063462495803833,cpu_batch1_latency_ms,0.02260932400531601,fresh audit; synthetic control-adapter teacher
independent_w23_pair2+3,29,film_controls,696,217600,850,72 MAC/example; 128 parameters,0.4248992789944168,pair_composition_MSE,1.3541442155838013,cpu_batch1_latency_ms,0.022546448002685793,fresh audit; synthetic control-adapter teacher
independent_w23_pair0+1,41,film_controls,696,217600,850,72 MAC/example; 128 parameters,0.4188665609981399,pair_composition_MSE,0.9109091758728027,cpu_batch1_latency_ms,0.022796725999796763,fresh audit; synthetic control-adapter teacher
independent_w23_pair0+2,41,film_controls,696,217600,850,72 MAC/example; 128 parameters,0.4188665609981399,pair_composition_MSE,1.2928736209869385,cpu_batch1_latency_ms,0.022650426006293856,fresh audit; synthetic control-adapter teacher
independent_w23_pair0+3,41,film_controls,696,217600,850,72 MAC/example; 128 parameters,0.4188665609981399,pair_composition_MSE,1.2778844833374023,cpu_batch1_latency_ms,0.022789295995607972,fresh audit; synthetic control-adapter teacher
independent_w23_pair1+2,41,film_controls,696,217600,850,72 MAC/example; 128 parameters,0.4188665609981399,pair_composition_MSE,1.440858244895935,cpu_batch1_latency_ms,0.023058380000293255,fresh audit; synthetic control-adapter teacher
independent_w23_pair1+3,41,film_controls,696,217600,850,72 MAC/example; 128 parameters,0.4188665609981399,pair_composition_MSE,1.0234756469726562,cpu_batch1_latency_ms,0.02293565600120928,fresh audit; synthetic control-adapter teacher
independent_w23_pair2+3,41,film_controls,696,217600,850,72 MAC/example; 128 parameters,0.4188665609981399,pair_composition_MSE,1.3765480518341064,cpu_batch1_latency_ms,0.022658218003925867,fresh audit; synthetic control-adapter teacher
independent_w23_pair0+1,53,film_controls,696,217600,850,72 MAC/example; 128 parameters,0.42481600899918703,pair_composition_MSE,0.9499557018280029,cpu_batch1_latency_ms,0.022566800005733967,fresh audit; synthetic control-adapter teacher
independent_w23_pair0+2,53,film_controls,696,217600,850,72 MAC/example; 128 parameters,0.42481600899918703,pair_composition_MSE,1.3147895336151123,cpu_batch1_latency_ms,0.022425725997891277,fresh audit; synthetic control-adapter teacher
independent_w23_pair0+3,53,film_controls,696,217600,850,72 MAC/example; 128 parameters,0.42481600899918703,pair_composition_MSE,1.263848066329956,cpu_batch1_latency_ms,0.02247812600398902,fresh audit; synthetic control-adapter teacher
independent_w23_pair1+2,53,film_controls,696,217600,850,72 MAC/example; 128 parameters,0.42481600899918703,pair_composition_MSE,1.376111388206482,cpu_batch1_latency_ms,0.022557525997399352,fresh audit; synthetic control-adapter teacher
independent_w23_pair1+3,53,film_controls,696,217600,850,72 MAC/example; 128 parameters,0.42481600899918703,pair_composition_MSE,0.9901201725006104,cpu_batch1_latency_ms,0.022825870008091442,fresh audit; synthetic control-adapter teacher
independent_w23_pair2+3,53,film_controls,696,217600,850,72 MAC/example; 128 parameters,0.42481600899918703,pair_composition_MSE,1.3803527355194092,cpu_batch1_latency_ms,0.022399808003683574,fresh audit; synthetic control-adapter teacher
aligned_w11_pair0+1,29,hard_shared,408,25600,100,64 MAC/example; 64 parameters,0.03865928699815413,pair_composition_MSE,0.03901839256286621,cpu_batch1_latency_ms,0.011059844007831998,fresh audit; synthetic control-adapter teacher
aligned_w11_pair0+2,29,hard_shared,408,25600,100,64 MAC/example; 64 parameters,0.03865928699815413,pair_composition_MSE,0.02466903254389763,cpu_batch1_latency_ms,0.010971067997161299,fresh audit; synthetic control-adapter teacher
aligned_w11_pair0+3,29,hard_shared,408,25600,100,64 MAC/example; 64 parameters,0.03865928699815413,pair_composition_MSE,0.7361552715301514,cpu_batch1_latency_ms,0.01104820599721279,fresh audit; synthetic control-adapter teacher
aligned_w11_pair1+2,29,hard_shared,408,25600,100,64 MAC/example; 64 parameters,0.03865928699815413,pair_composition_MSE,0.841077446937561,cpu_batch1_latency_ms,0.011009326000930741,fresh audit; synthetic control-adapter teacher
aligned_w11_pair1+3,29,hard_shared,408,25600,100,64 MAC/example; 64 parameters,0.03865928699815413,pair_composition_MSE,0.024556513875722885,cpu_batch1_latency_ms,0.011086523998528719,fresh audit; synthetic control-adapter teacher
aligned_w11_pair2+3,29,hard_shared,408,25600,100,64 MAC/example; 64 parameters,0.03865928699815413,pair_composition_MSE,0.06318220496177673,cpu_batch1_latency_ms,0.011110659994301386,fresh audit; synthetic control-adapter teacher
aligned_w11_pair0+1,41,hard_shared,408,25600,100,64 MAC/example; 64 parameters,0.03868141999555519,pair_composition_MSE,0.047943100333213806,cpu_batch1_latency_ms,0.011149537996971048,fresh audit; synthetic control-adapter teacher
aligned_w11_pair0+2,41,hard_shared,408,25600,100,64 MAC/example; 64 parameters,0.03868141999555519,pair_composition_MSE,0.019365660846233368,cpu_batch1_latency_ms,0.011198551990673877,fresh audit; synthetic control-adapter teacher
aligned_w11_pair0+3,41,hard_shared,408,25600,100,64 MAC/example; 64 parameters,0.03868141999555519,pair_composition_MSE,0.7859758734703064,cpu_batch1_latency_ms,0.0112160179996863,fresh audit; synthetic control-adapter teacher
aligned_w11_pair1+2,41,hard_shared,408,25600,100,64 MAC/example; 64 parameters,0.03868141999555519,pair_composition_MSE,0.7847599387168884,cpu_batch1_latency_ms,0.011227413997403346,fresh audit; synthetic control-adapter teacher
aligned_w11_pair1+3,41,hard_shared,408,25600,100,64 MAC/example; 64 parameters,0.03868141999555519,pair_composition_MSE,0.023362979292869568,cpu_batch1_latency_ms,0.011101805997896008,fresh audit; synthetic control-adapter teacher
aligned_w11_pair2+3,41,hard_shared,408,25600,100,64 MAC/example; 64 parameters,0.03868141999555519,pair_composition_MSE,0.04776059463620186,cpu_batch1_latency_ms,0.011103407989139669,fresh audit; synthetic control-adapter teacher
aligned_w11_pair0+1,53,hard_shared,408,25600,100,64 MAC/example; 64 parameters,0.039225207998242695,pair_composition_MSE,0.02961188368499279,cpu_batch1_latency_ms,0.011077650007791817,fresh audit; synthetic control-adapter teacher
aligned_w11_pair0+2,53,hard_shared,408,25600,100,64 MAC/example; 64 parameters,0.039225207998242695,pair_composition_MSE,0.02636134624481201,cpu_batch1_latency_ms,0.011004219995811582,fresh audit; synthetic control-adapter teacher
aligned_w11_pair0+3,53,hard_shared,408,25600,100,64 MAC/example; 64 parameters,0.039225207998242695,pair_composition_MSE,0.6928592920303345,cpu_batch1_latency_ms,0.01099068000621628,fresh audit; synthetic control-adapter teacher
aligned_w11_pair1+2,53,hard_shared,408,25600,100,64 MAC/example; 64 parameters,0.039225207998242695,pair_composition_MSE,0.8857810497283936,cpu_batch1_latency_ms,0.011071781991631724,fresh audit; synthetic control-adapter teacher
aligned_w11_pair1+3,53,hard_shared,408,25600,100,64 MAC/example; 64 parameters,0.039225207998242695,pair_composition_MSE,0.024271707981824875,cpu_batch1_latency_ms,0.01102949799678754,fresh audit; synthetic control-adapter teacher
aligned_w11_pair2+3,53,hard_shared,408,25600,100,64 MAC/example; 64 parameters,0.039225207998242695,pair_composition_MSE,0.07399623095989227,cpu_batch1_latency_ms,0.011118529990199022,fresh audit; synthetic control-adapter teacher
independent_w11_pair0+1,29,hard_shared,408,25600,100,64 MAC/example; 64 parameters,0.03863078299764311,pair_composition_MSE,0.8509806394577026,cpu_batch1_latency_ms,0.01098158600507304,fresh audit; synthetic control-adapter teacher
independent_w11_pair0+2,29,hard_shared,408,25600,100,64 MAC/example; 64 parameters,0.03863078299764311,pair_composition_MSE,0.8630691170692444,cpu_batch1_latency_ms,0.011087266000686213,fresh audit; synthetic control-adapter teacher
independent_w11_pair0+3,29,hard_shared,408,25600,100,64 MAC/example; 64 parameters,0.03863078299764311,pair_composition_MSE,1.2700008153915405,cpu_batch1_latency_ms,0.01107085999683477,fresh audit; synthetic control-adapter teacher
independent_w11_pair1+2,29,hard_shared,408,25600,100,64 MAC/example; 64 parameters,0.03863078299764311,pair_composition_MSE,1.1067500114440918,cpu_batch1_latency_ms,0.011184632006916218,fresh audit; synthetic control-adapter teacher
independent_w11_pair1+3,29,hard_shared,408,25600,100,64 MAC/example; 64 parameters,0.03863078299764311,pair_composition_MSE,1.0919862985610962,cpu_batch1_latency_ms,0.01116658400860615,fresh audit; synthetic control-adapter teacher
independent_w11_pair2+3,29,hard_shared,408,25600,100,64 MAC/example; 64 parameters,0.03863078299764311,pair_composition_MSE,0.9340880513191223,cpu_batch1_latency_ms,0.011076850001700222,fresh audit; synthetic control-adapter teacher
independent_w11_pair0+1,41,hard_shared,408,25600,100,64 MAC/example; 64 parameters,0.0387963530010893,pair_composition_MSE,0.8346841931343079,cpu_batch1_latency_ms,0.011079593998147175,fresh audit; synthetic control-adapter teacher
independent_w11_pair0+2,41,hard_shared,408,25600,100,64 MAC/example; 64 parameters,0.0387963530010893,pair_composition_MSE,0.8700354695320129,cpu_batch1_latency_ms,0.011149097990710288,fresh audit; synthetic control-adapter teacher
independent_w11_pair0+3,41,hard_shared,408,25600,100,64 MAC/example; 64 parameters,0.0387963530010893,pair_composition_MSE,1.0743727684020996,cpu_batch1_latency_ms,0.011114747991086915,fresh audit; synthetic control-adapter teacher
independent_w11_pair1+2,41,hard_shared,408,25600,100,64 MAC/example; 64 parameters,0.0387963530010893,pair_composition_MSE,1.277602195739746,cpu_batch1_latency_ms,0.011097601993242279,fresh audit; synthetic control-adapter teacher
independent_w11_pair1+3,41,hard_shared,408,25600,100,64 MAC/example; 64 parameters,0.0387963530010893,pair_composition_MSE,1.060244083404541,cpu_batch1_latency_ms,0.011026052001398057,fresh audit; synthetic control-adapter teacher
independent_w11_pair2+3,41,hard_shared,408,25600,100,64 MAC/example; 64 parameters,0.0387963530010893,pair_composition_MSE,0.92560875415802,cpu_batch1_latency_ms,0.011049145992728882,fresh audit; synthetic control-adapter teacher
independent_w11_pair0+1,53,hard_shared,408,25600,100,64 MAC/example; 64 parameters,0.03887607399519766,pair_composition_MSE,0.9299118518829346,cpu_batch1_latency_ms,0.011266776011325419,fresh audit; synthetic control-adapter teacher
independent_w11_pair0+2,53,hard_shared,408,25600,100,64 MAC/example; 64 parameters,0.03887607399519766,pair_composition_MSE,0.9441498517990112,cpu_batch1_latency_ms,0.011175275998539291,fresh audit; synthetic control-adapter teacher
independent_w11_pair0+3,53,hard_shared,408,25600,100,64 MAC/example; 64 parameters,0.03887607399519766,pair_composition_MSE,1.2915172576904297,cpu_batch1_latency_ms,0.011138121990370564,fresh audit; synthetic control-adapter teacher
independent_w11_pair1+2,53,hard_shared,408,25600,100,64 MAC/example; 64 parameters,0.03887607399519766,pair_composition_MSE,1.0531675815582275,cpu_batch1_latency_ms,0.011033703995053656,fresh audit; synthetic control-adapter teacher
independent_w11_pair1+3,53,hard_shared,408,25600,100,64 MAC/example; 64 parameters,0.03887607399519766,pair_composition_MSE,0.9788395166397095,cpu_batch1_latency_ms,0.011130610000691377,fresh audit; synthetic control-adapter teacher
independent_w11_pair2+3,53,hard_shared,408,25600,100,64 MAC/example; 64 parameters,0.03887607399519766,pair_composition_MSE,0.8230909109115601,cpu_batch1_latency_ms,0.011303450010018423,fresh audit; synthetic control-adapter teacher
aligned_w17_pair0+1,29,hard_shared,408,25600,100,64 MAC/example; 64 parameters,0.03911102299753111,pair_composition_MSE,0.12132695317268372,cpu_batch1_latency_ms,0.01111610999214463,fresh audit; synthetic control-adapter teacher
aligned_w17_pair0+2,29,hard_shared,408,25600,100,64 MAC/example; 64 parameters,0.03911102299753111,pair_composition_MSE,0.023317851126194,cpu_batch1_latency_ms,0.010964300003251992,fresh audit; synthetic control-adapter teacher
aligned_w17_pair0+3,29,hard_shared,408,25600,100,64 MAC/example; 64 parameters,0.03911102299753111,pair_composition_MSE,0.2635536789894104,cpu_batch1_latency_ms,0.01098026400723029,fresh audit; synthetic control-adapter teacher
aligned_w17_pair1+2,29,hard_shared,408,25600,100,64 MAC/example; 64 parameters,0.03911102299753111,pair_composition_MSE,0.32679709792137146,cpu_batch1_latency_ms,0.010956667989376001,fresh audit; synthetic control-adapter teacher
aligned_w17_pair1+3,29,hard_shared,408,25600,100,64 MAC/example; 64 parameters,0.03911102299753111,pair_composition_MSE,0.011826162226498127,cpu_batch1_latency_ms,0.010965221998048946,fresh audit; synthetic control-adapter teacher
aligned_w17_pair2+3,29,hard_shared,408,25600,100,64 MAC/example; 64 parameters,0.03911102299753111,pair_composition_MSE,0.08429054915904999,cpu_batch1_latency_ms,0.011039771998184733,fresh audit; synthetic control-adapter teacher
aligned_w17_pair0+1,41,hard_shared,408,25600,100,64 MAC/example; 64 parameters,0.038904196000657976,pair_composition_MSE,0.11627431213855743,cpu_batch1_latency_ms,0.011184552000486292,fresh audit; synthetic control-adapter teacher
aligned_w17_pair0+2,41,hard_shared,408,25600,100,64 MAC/example; 64 parameters,0.038904196000657976,pair_composition_MSE,0.02057890221476555,cpu_batch1_latency_ms,0.011099501993157901,fresh audit; synthetic control-adapter teacher
aligned_w17_pair0+3,41,hard_shared,408,25600,100,64 MAC/example; 64 parameters,0.038904196000657976,pair_composition_MSE,0.27098381519317627,cpu_batch1_latency_ms,0.011260746003245004,fresh audit; synthetic control-adapter teacher
aligned_w17_pair1+2,41,hard_shared,408,25600,100,64 MAC/example; 64 parameters,0.038904196000657976,pair_composition_MSE,0.31868839263916016,cpu_batch1_latency_ms,0.01158090599346906,fresh audit; synthetic control-adapter teacher
aligned_w17_pair1+3,41,hard_shared,408,25600,100,64 MAC/example; 64 parameters,0.038904196000657976,pair_composition_MSE,0.013886561617255211,cpu_batch1_latency_ms,0.01136498199775815,fresh audit; synthetic control-adapter teacher
aligned_w17_pair2+3,41,hard_shared,408,25600,100,64 MAC/example; 64 parameters,0.038904196000657976,pair_composition_MSE,0.08866463601589203,cpu_batch1_latency_ms,0.011490652002976276,fresh audit; synthetic control-adapter teacher
aligned_w17_pair0+1,53,hard_shared,408,25600,100,64 MAC/example; 64 parameters,0.04254321200278355,pair_composition_MSE,0.10589910298585892,cpu_batch1_latency_ms,0.011329410001053475,fresh audit; synthetic control-adapter teacher
aligned_w17_pair0+2,53,hard_shared,408,25600,100,64 MAC/example; 64 parameters,0.04254321200278355,pair_composition_MSE,0.019226234406232834,cpu_batch1_latency_ms,0.011080015989136882,fresh audit; synthetic control-adapter teacher
aligned_w17_pair0+3,53,hard_shared,408,25600,100,64 MAC/example; 64 parameters,0.04254321200278355,pair_composition_MSE,0.29031655192375183,cpu_batch1_latency_ms,0.011510821990668774,fresh audit; synthetic control-adapter teacher
aligned_w17_pair1+2,53,hard_shared,408,25600,100,64 MAC/example; 64 parameters,0.04254321200278355,pair_composition_MSE,0.30020302534103394,cpu_batch1_latency_ms,0.010964082001009956,fresh audit; synthetic control-adapter teacher
aligned_w17_pair1+3,53,hard_shared,408,25600,100,64 MAC/example; 64 parameters,0.04254321200278355,pair_composition_MSE,0.016086552292108536,cpu_batch1_latency_ms,0.011132070008898154,fresh audit; synthetic control-adapter teacher
aligned_w17_pair2+3,53,hard_shared,408,25600,100,64 MAC/example; 64 parameters,0.04254321200278355,pair_composition_MSE,0.09988716244697571,cpu_batch1_latency_ms,0.011202157998923212,fresh audit; synthetic control-adapter teacher
independent_w17_pair0+1,29,hard_shared,408,25600,100,64 MAC/example; 64 parameters,0.039830319001339376,pair_composition_MSE,1.1908704042434692,cpu_batch1_latency_ms,0.01151350598956924,fresh audit; synthetic control-adapter teacher
independent_w17_pair0+2,29,hard_shared,408,25600,100,64 MAC/example; 64 parameters,0.039830319001339376,pair_composition_MSE,0.8408392071723938,cpu_batch1_latency_ms,0.011013294002623297,fresh audit; synthetic control-adapter teacher
independent_w17_pair0+3,29,hard_shared,408,25600,100,64 MAC/example; 64 parameters,0.039830319001339376,pair_composition_MSE,0.9532483816146851,cpu_batch1_latency_ms,0.011487045994726941,fresh audit; synthetic control-adapter teacher
independent_w17_pair1+2,29,hard_shared,408,25600,100,64 MAC/example; 64 parameters,0.039830319001339376,pair_composition_MSE,0.970641016960144,cpu_batch1_latency_ms,0.011361537995981053,fresh audit; synthetic control-adapter teacher
independent_w17_pair1+3,29,hard_shared,408,25600,100,64 MAC/example; 64 parameters,0.039830319001339376,pair_composition_MSE,0.8976982831954956,cpu_batch1_latency_ms,0.011457601998699829,fresh audit; synthetic control-adapter teacher
independent_w17_pair2+3,29,hard_shared,408,25600,100,64 MAC/example; 64 parameters,0.039830319001339376,pair_composition_MSE,1.0876953601837158,cpu_batch1_latency_ms,0.013945965998573229,fresh audit; synthetic control-adapter teacher
independent_w17_pair0+1,41,hard_shared,408,25600,100,64 MAC/example; 64 parameters,0.04048451400012709,pair_composition_MSE,1.0877970457077026,cpu_batch1_latency_ms,0.011158251989400014,fresh audit; synthetic control-adapter teacher
independent_w17_pair0+2,41,hard_shared,408,25600,100,64 MAC/example; 64 parameters,0.04048451400012709,pair_composition_MSE,0.723637044429779,cpu_batch1_latency_ms,0.010930589996860363,fresh audit; synthetic control-adapter teacher
independent_w17_pair0+3,41,hard_shared,408,25600,100,64 MAC/example; 64 parameters,0.04048451400012709,pair_composition_MSE,1.0043954849243164,cpu_batch1_latency_ms,0.010939281986793503,fresh audit; synthetic control-adapter teacher
independent_w17_pair1+2,41,hard_shared,408,25600,100,64 MAC/example; 64 parameters,0.04048451400012709,pair_composition_MSE,0.9294140338897705,cpu_batch1_latency_ms,0.011202337991562672,fresh audit; synthetic control-adapter teacher
independent_w17_pair1+3,41,hard_shared,408,25600,100,64 MAC/example; 64 parameters,0.04048451400012709,pair_composition_MSE,1.0248206853866577,cpu_batch1_latency_ms,0.011050849992898293,fresh audit; synthetic control-adapter teacher
independent_w17_pair2+3,41,hard_shared,408,25600,100,64 MAC/example; 64 parameters,0.04048451400012709,pair_composition_MSE,1.2006889581680298,cpu_batch1_latency_ms,0.011107213998911902,fresh audit; synthetic control-adapter teacher
independent_w17_pair0+1,53,hard_shared,408,25600,100,64 MAC/example; 64 parameters,0.03980967900133692,pair_composition_MSE,1.1783363819122314,cpu_batch1_latency_ms,0.011694437998812646,fresh audit; synthetic control-adapter teacher
independent_w17_pair0+2,53,hard_shared,408,25600,100,64 MAC/example; 64 parameters,0.03980967900133692,pair_composition_MSE,0.8467718362808228,cpu_batch1_latency_ms,0.010985631990479305,fresh audit; synthetic control-adapter teacher
independent_w17_pair0+3,53,hard_shared,408,25600,100,64 MAC/example; 64 parameters,0.03980967900133692,pair_composition_MSE,0.9521051645278931,cpu_batch1_latency_ms,0.01114673400297761,fresh audit; synthetic control-adapter teacher
independent_w17_pair1+2,53,hard_shared,408,25600,100,64 MAC/example; 64 parameters,0.03980967900133692,pair_composition_MSE,0.9731029272079468,cpu_batch1_latency_ms,0.011288527995930053,fresh audit; synthetic control-adapter teacher
independent_w17_pair1+3,53,hard_shared,408,25600,100,64 MAC/example; 64 parameters,0.03980967900133692,pair_composition_MSE,0.8930844068527222,cpu_batch1_latency_ms,0.010877108012209646,fresh audit; synthetic control-adapter teacher
independent_w17_pair2+3,53,hard_shared,408,25600,100,64 MAC/example; 64 parameters,0.03980967900133692,pair_composition_MSE,1.1015480756759644,cpu_batch1_latency_ms,0.010966522007947788,fresh audit; synthetic control-adapter teacher
aligned_w23_pair0+1,29,hard_shared,408,25600,100,64 MAC/example; 64 parameters,0.03992837700207019,pair_composition_MSE,0.25735047459602356,cpu_batch1_latency_ms,0.011249589995713905,fresh audit; synthetic control-adapter teacher
aligned_w23_pair0+2,29,hard_shared,408,25600,100,64 MAC/example; 64 parameters,0.03992837700207019,pair_composition_MSE,0.8856808543205261,cpu_batch1_latency_ms,0.011185412004124373,fresh audit; synthetic control-adapter teacher
aligned_w23_pair0+3,29,hard_shared,408,25600,100,64 MAC/example; 64 parameters,0.03992837700207019,pair_composition_MSE,0.19232946634292603,cpu_batch1_latency_ms,0.011046844010706991,fresh audit; synthetic control-adapter teacher
aligned_w23_pair1+2,29,hard_shared,408,25600,100,64 MAC/example; 64 parameters,0.03992837700207019,pair_composition_MSE,0.2590181231498718,cpu_batch1_latency_ms,0.011189679993549362,fresh audit; synthetic control-adapter teacher
aligned_w23_pair1+3,29,hard_shared,408,25600,100,64 MAC/example; 64 parameters,0.03992837700207019,pair_composition_MSE,0.746749758720398,cpu_batch1_latency_ms,0.011103830009233207,fresh audit; synthetic control-adapter teacher
aligned_w23_pair2+3,29,hard_shared,408,25600,100,64 MAC/example; 64 parameters,0.03992837700207019,pair_composition_MSE,0.33929479122161865,cpu_batch1_latency_ms,0.011140925998915918,fresh audit; synthetic control-adapter teacher
aligned_w23_pair0+1,41,hard_shared,408,25600,100,64 MAC/example; 64 parameters,0.03942433899646858,pair_composition_MSE,0.25198060274124146,cpu_batch1_latency_ms,0.011163239993038587,fresh audit; synthetic control-adapter teacher
aligned_w23_pair0+2,41,hard_shared,408,25600,100,64 MAC/example; 64 parameters,0.03942433899646858,pair_composition_MSE,0.8907268643379211,cpu_batch1_latency_ms,0.011558212005184032,fresh audit; synthetic control-adapter teacher
aligned_w23_pair0+3,41,hard_shared,408,25600,100,64 MAC/example; 64 parameters,0.03942433899646858,pair_composition_MSE,0.1858658492565155,cpu_batch1_latency_ms,0.011076669994508848,fresh audit; synthetic control-adapter teacher
aligned_w23_pair1+2,41,hard_shared,408,25600,100,64 MAC/example; 64 parameters,0.03942433899646858,pair_composition_MSE,0.26628008484840393,cpu_batch1_latency_ms,0.011125641991384327,fresh audit; synthetic control-adapter teacher
aligned_w23_pair1+3,41,hard_shared,408,25600,100,64 MAC/example; 64 parameters,0.03942433899646858,pair_composition_MSE,0.7425020933151245,cpu_batch1_latency_ms,0.011135135995573364,fresh audit; synthetic control-adapter teacher
aligned_w23_pair2+3,41,hard_shared,408,25600,100,64 MAC/example; 64 parameters,0.03942433899646858,pair_composition_MSE,0.3454630672931671,cpu_batch1_latency_ms,0.011223869994864799,fresh audit; synthetic control-adapter teacher
aligned_w23_pair0+1,53,hard_shared,408,25600,100,64 MAC/example; 64 parameters,0.040644133994646836,pair_composition_MSE,0.26657795906066895,cpu_batch1_latency_ms,0.011020386009477079,fresh audit; synthetic control-adapter teacher
aligned_w23_pair0+2,53,hard_shared,408,25600,100,64 MAC/example; 64 parameters,0.040644133994646836,pair_composition_MSE,0.8802886009216309,cpu_batch1_latency_ms,0.011113024011137895,fresh audit; synthetic control-adapter teacher
aligned_w23_pair0+3,53,hard_shared,408,25600,100,64 MAC/example; 64 parameters,0.040644133994646836,pair_composition_MSE,0.20253470540046692,cpu_batch1_latency_ms,0.011117609989014454,fresh audit; synthetic control-adapter teacher
aligned_w23_pair1+2,53,hard_shared,408,25600,100,64 MAC/example; 64 parameters,0.040644133994646836,pair_composition_MSE,0.2522440552711487,cpu_batch1_latency_ms,0.011653555993689224,fresh audit; synthetic control-adapter teacher
aligned_w23_pair1+3,53,hard_shared,408,25600,100,64 MAC/example; 64 parameters,0.040644133994646836,pair_composition_MSE,0.7555732131004333,cpu_batch1_latency_ms,0.011489030002849177,fresh audit; synthetic control-adapter teacher
aligned_w23_pair2+3,53,hard_shared,408,25600,100,64 MAC/example; 64 parameters,0.040644133994646836,pair_composition_MSE,0.3334985077381134,cpu_batch1_latency_ms,0.01111632800893858,fresh audit; synthetic control-adapter teacher
independent_w23_pair0+1,29,hard_shared,408,25600,100,64 MAC/example; 64 parameters,0.041720923996763304,pair_composition_MSE,1.1341781616210938,cpu_batch1_latency_ms,0.011330631998134777,fresh audit; synthetic control-adapter teacher
independent_w23_pair0+2,29,hard_shared,408,25600,100,64 MAC/example; 64 parameters,0.041720923996763304,pair_composition_MSE,1.052025556564331,cpu_batch1_latency_ms,0.011350119995768182,fresh audit; synthetic control-adapter teacher
independent_w23_pair0+3,29,hard_shared,408,25600,100,64 MAC/example; 64 parameters,0.041720923996763304,pair_composition_MSE,1.306196689605713,cpu_batch1_latency_ms,0.010949638002784923,fresh audit; synthetic control-adapter teacher
independent_w23_pair1+2,29,hard_shared,408,25600,100,64 MAC/example; 64 parameters,0.041720923996763304,pair_composition_MSE,1.0150463581085205,cpu_batch1_latency_ms,0.011031961999833584,fresh audit; synthetic control-adapter teacher
independent_w23_pair1+3,29,hard_shared,408,25600,100,64 MAC/example; 64 parameters,0.041720923996763304,pair_composition_MSE,1.2267978191375732,cpu_batch1_latency_ms,0.011058079995564185,fresh audit; synthetic control-adapter teacher
independent_w23_pair2+3,29,hard_shared,408,25600,100,64 MAC/example; 64 parameters,0.041720923996763304,pair_composition_MSE,1.3959895372390747,cpu_batch1_latency_ms,0.011082658005761914,fresh audit; synthetic control-adapter teacher
independent_w23_pair0+1,41,hard_shared,408,25600,100,64 MAC/example; 64 parameters,0.03871472099854145,pair_composition_MSE,1.208052396774292,cpu_batch1_latency_ms,0.011054995993617922,fresh audit; synthetic control-adapter teacher
independent_w23_pair0+2,41,hard_shared,408,25600,100,64 MAC/example; 64 parameters,0.03871472099854145,pair_composition_MSE,1.2161961793899536,cpu_batch1_latency_ms,0.01113764000183437,fresh audit; synthetic control-adapter teacher
independent_w23_pair0+3,41,hard_shared,408,25600,100,64 MAC/example; 64 parameters,0.03871472099854145,pair_composition_MSE,1.4235155582427979,cpu_batch1_latency_ms,0.01103246200364083,fresh audit; synthetic control-adapter teacher
independent_w23_pair1+2,41,hard_shared,408,25600,100,64 MAC/example; 64 parameters,0.03871472099854145,pair_composition_MSE,0.9179564714431763,cpu_batch1_latency_ms,0.01110503199743107,fresh audit; synthetic control-adapter teacher
independent_w23_pair1+3,41,hard_shared,408,25600,100,64 MAC/example; 64 parameters,0.03871472099854145,pair_composition_MSE,1.0828564167022705,cpu_batch1_latency_ms,0.011109377999673598,fresh audit; synthetic control-adapter teacher
independent_w23_pair2+3,41,hard_shared,408,25600,100,64 MAC/example; 64 parameters,0.03871472099854145,pair_composition_MSE,1.3423442840576172,cpu_batch1_latency_ms,0.011060885997721925,fresh audit; synthetic control-adapter teacher
independent_w23_pair0+1,53,hard_shared,408,25600,100,64 MAC/example; 64 parameters,0.03873629399458878,pair_composition_MSE,1.225005030632019,cpu_batch1_latency_ms,0.011034145994926803,fresh audit; synthetic control-adapter teacher
independent_w23_pair0+2,53,hard_shared,408,25600,100,64 MAC/example; 64 parameters,0.03873629399458878,pair_composition_MSE,1.1019909381866455,cpu_batch1_latency_ms,0.011085964011726901,fresh audit; synthetic control-adapter teacher
independent_w23_pair0+3,53,hard_shared,408,25600,100,64 MAC/example; 64 parameters,0.03873629399458878,pair_composition_MSE,1.2415692806243896,cpu_batch1_latency_ms,0.011056479997932911,fresh audit; synthetic control-adapter teacher
independent_w23_pair1+2,53,hard_shared,408,25600,100,64 MAC/example; 64 parameters,0.03873629399458878,pair_composition_MSE,1.0423481464385986,cpu_batch1_latency_ms,0.01110879800398834,fresh audit; synthetic control-adapter teacher
independent_w23_pair1+3,53,hard_shared,408,25600,100,64 MAC/example; 64 parameters,0.03873629399458878,pair_composition_MSE,1.1395069360733032,cpu_batch1_latency_ms,0.011064010002883151,fresh audit; synthetic control-adapter teacher
independent_w23_pair2+3,53,hard_shared,408,25600,100,64 MAC/example; 64 parameters,0.03873629399458878,pair_composition_MSE,1.2678371667861938,cpu_batch1_latency_ms,0.011043999998946674,fresh audit; synthetic control-adapter teacher
