method,world,seed,path_id,tasks,n,nrmse_mean,payload_bytes,bytes_per_task,physical_modules,transform_MAC_per_task,active_module_MAC_per_task,role_search_MAC_per_task,query_wall_seconds_mean,teacher_angles,inferred_angles,hash,path
pathnet,45110,0,0,1,1,0.26483750343322754,2845,2845.0,8,0,8192,0,0.0002907699963543564,[1.0],,9b9dc89c9e5d8818d7d9dac20d31bb8d1afa22f6638bd89befc8b5c1abfe2865,experiments/mirror_applications/ma-451-pathnet-mirror-role/artifacts/payloads/45110_0_pathnet_N1.pt
pathnet,45110,0,0,5,20,0.2718103498220444,3101,155.05,8,0,8192,0,9.780879772733898e-05,"[1.0, 0.2, 0.0, 0.2, 0.8]",,fc607afa647dcc6b5a919a680b14208ba0c3046fd61aa0b63b978531e1dacb33,experiments/mirror_applications/ma-451-pathnet-mirror-role/artifacts/payloads/45110_0_pathnet_N20.pt
pathnet,45110,0,1,5,20,0.16675513684749604,3101,155.05,8,0,8192,0,5.6724195019342005e-05,"[0.4, 0.8, 0.8, 1.0, 0.4]",,fc607afa647dcc6b5a919a680b14208ba0c3046fd61aa0b63b978531e1dacb33,experiments/mirror_applications/ma-451-pathnet-mirror-role/artifacts/payloads/45110_0_pathnet_N20.pt
pathnet,45110,0,2,5,20,0.19122538417577745,3101,155.05,8,0,8192,0,8.403040119446814e-05,"[1.0, 0.2, 0.0, 0.4, 0.8]",,fc607afa647dcc6b5a919a680b14208ba0c3046fd61aa0b63b978531e1dacb33,experiments/mirror_applications/ma-451-pathnet-mirror-role/artifacts/payloads/45110_0_pathnet_N20.pt
pathnet,45110,0,3,5,20,0.12768040895462035,3101,155.05,8,0,8192,0,6.890580407343805e-05,"[0.2, 0.8, 0.2, 0.2, 0.4]",,fc607afa647dcc6b5a919a680b14208ba0c3046fd61aa0b63b978531e1dacb33,experiments/mirror_applications/ma-451-pathnet-mirror-role/artifacts/payloads/45110_0_pathnet_N20.pt
pathnet,45110,0,0,16,64,0.24573171883821487,3805,59.453125,8,0,8192,0,8.200256161217112e-05,"[1.0, 0.2, 0.0, 0.2, 0.8, 0.8, 0.8, 0.4, 0.2, 0.0, 0.8, 0.2, 0.2, 0.2, 0.2, 0.2]",,6e649abc2e144562f6ffd240c48992d71440b23d99d3683fbe285ec64c352636,experiments/mirror_applications/ma-451-pathnet-mirror-role/artifacts/payloads/45110_0_pathnet_N64.pt
pathnet,45110,0,1,16,64,0.18462577275931835,3805,59.453125,8,0,8192,0,5.980724836263107e-05,"[0.4, 0.8, 0.8, 1.0, 0.4, 1.0, 0.6, 1.0, 0.8, 0.4, 0.0, 0.6, 0.8, 0.6, 0.2, 0.0]",,6e649abc2e144562f6ffd240c48992d71440b23d99d3683fbe285ec64c352636,experiments/mirror_applications/ma-451-pathnet-mirror-role/artifacts/payloads/45110_0_pathnet_N64.pt
pathnet,45110,0,2,16,64,0.16337118577212095,3805,59.453125,8,0,8192,0,7.021587498456938e-05,"[1.0, 0.2, 0.0, 0.4, 0.8, 0.2, 0.0, 0.0, 0.2, 0.0, 0.6, 0.0, 0.6, 0.4, 0.6, 0.6]",,6e649abc2e144562f6ffd240c48992d71440b23d99d3683fbe285ec64c352636,experiments/mirror_applications/ma-451-pathnet-mirror-role/artifacts/payloads/45110_0_pathnet_N64.pt
pathnet,45110,0,3,16,64,0.19084347505122423,3805,59.453125,8,0,8192,0,6.391562328644795e-05,"[0.2, 0.8, 0.2, 0.2, 0.4, 0.0, 0.0, 0.0, 0.0, 0.6, 0.6, 0.6, 0.2, 1.0, 0.0, 0.0]",,6e649abc2e144562f6ffd240c48992d71440b23d99d3683fbe285ec64c352636,experiments/mirror_applications/ma-451-pathnet-mirror-role/artifacts/payloads/45110_0_pathnet_N64.pt
mirror,45110,0,0,1,1,0.0,2845,2845.0,8,64,8192,3840,0.00020659601432271302,[1.0],[1.0],b5b3ad4406ce44aa0e029114cfd6756bcef07de08f341b2dd3df26fb99bdb620,experiments/mirror_applications/ma-451-pathnet-mirror-role/artifacts/payloads/45110_0_mirror_N1.pt
mirror,45110,0,0,5,20,0.0,3165,158.25,8,64,8192,3840,0.00023549819889012724,"[1.0, 0.2, 0.0, 0.2, 0.8]","[1.0, 0.2, 0.0, 0.2, 0.8]",a20e7eef13709ba5e26f34e126d8712bc12bdf8602260d7b0cce9496e2983417,experiments/mirror_applications/ma-451-pathnet-mirror-role/artifacts/payloads/45110_0_mirror_N20.pt
mirror,45110,0,1,5,20,0.0,3165,158.25,8,64,8192,3840,0.00018667600234039127,"[0.4, 0.8, 0.8, 1.0, 0.4]","[0.4, 0.8, 0.8, 1.0, 0.4]",a20e7eef13709ba5e26f34e126d8712bc12bdf8602260d7b0cce9496e2983417,experiments/mirror_applications/ma-451-pathnet-mirror-role/artifacts/payloads/45110_0_mirror_N20.pt
mirror,45110,0,2,5,20,0.0,3165,158.25,8,64,8192,3840,0.0003356826025992632,"[1.0, 0.2, 0.0, 0.4, 0.8]","[1.0, 0.2, 0.0, 0.4, 0.8]",a20e7eef13709ba5e26f34e126d8712bc12bdf8602260d7b0cce9496e2983417,experiments/mirror_applications/ma-451-pathnet-mirror-role/artifacts/payloads/45110_0_mirror_N20.pt
mirror,45110,0,3,5,20,0.0,3165,158.25,8,64,8192,3840,0.0001960138004506007,"[0.2, 0.8, 0.2, 0.2, 0.4]","[0.2, 0.8, 0.2, 0.2, 0.4]",a20e7eef13709ba5e26f34e126d8712bc12bdf8602260d7b0cce9496e2983417,experiments/mirror_applications/ma-451-pathnet-mirror-role/artifacts/payloads/45110_0_mirror_N20.pt
mirror,45110,0,0,16,64,0.0,4061,63.453125,8,64,8192,3840,0.0003610840612964239,"[1.0, 0.2, 0.0, 0.2, 0.8, 0.8, 0.8, 0.4, 0.2, 0.0, 0.8, 0.2, 0.2, 0.2, 0.2, 0.2]","[1.0, 0.2, 0.0, 0.2, 0.8, 0.8, 0.8, 0.4, 0.2, 0.0, 0.8, 0.2, 0.2, 0.2, 0.2, 0.2]",10bfed67656ff242fa3f58ecfbdacf4f7586a0831814d1b617a9127fbbfd4962,experiments/mirror_applications/ma-451-pathnet-mirror-role/artifacts/payloads/45110_0_mirror_N64.pt
mirror,45110,0,1,16,64,0.0,4061,63.453125,8,64,8192,3840,0.000512719563630526,"[0.4, 0.8, 0.8, 1.0, 0.4, 1.0, 0.6, 1.0, 0.8, 0.4, 0.0, 0.6, 0.8, 0.6, 0.2, 0.0]","[0.4, 0.8, 0.8, 1.0, 0.4, 1.0, 0.6, 1.0, 0.8, 0.4, 0.0, 0.6, 0.8, 0.6, 0.2, 0.0]",10bfed67656ff242fa3f58ecfbdacf4f7586a0831814d1b617a9127fbbfd4962,experiments/mirror_applications/ma-451-pathnet-mirror-role/artifacts/payloads/45110_0_mirror_N64.pt
mirror,45110,0,2,16,64,0.0,4061,63.453125,8,64,8192,3840,0.00037665462605218636,"[1.0, 0.2, 0.0, 0.4, 0.8, 0.2, 0.0, 0.0, 0.2, 0.0, 0.6, 0.0, 0.6, 0.4, 0.6, 0.6]","[1.0, 0.2, 0.0, 0.4, 0.8, 0.2, 0.0, 0.0, 0.2, 0.0, 0.6, 0.0, 0.6, 0.4, 0.6, 0.6]",10bfed67656ff242fa3f58ecfbdacf4f7586a0831814d1b617a9127fbbfd4962,experiments/mirror_applications/ma-451-pathnet-mirror-role/artifacts/payloads/45110_0_mirror_N64.pt
mirror,45110,0,3,16,64,0.0,4061,63.453125,8,64,8192,3840,0.00020550824956444558,"[0.2, 0.8, 0.2, 0.2, 0.4, 0.0, 0.0, 0.0, 0.0, 0.6, 0.6, 0.6, 0.2, 1.0, 0.0, 0.0]","[0.2, 0.8, 0.2, 0.2, 0.4, 0.0, 0.0, 0.0, 0.0, 0.6, 0.6, 0.6, 0.2, 1.0, 0.0, 0.0]",10bfed67656ff242fa3f58ecfbdacf4f7586a0831814d1b617a9127fbbfd4962,experiments/mirror_applications/ma-451-pathnet-mirror-role/artifacts/payloads/45110_0_mirror_N64.pt
shared,45110,0,0,1,1,0.26483750343322754,2405,2405.0,2,0,8192,0,4.7170004108920693e-05,[1.0],,9baccd97a53a735f6cf081f465af2bb4c3b630660678746563930182f0776eb4,experiments/mirror_applications/ma-451-pathnet-mirror-role/artifacts/payloads/45110_0_shared_N1.pt
shared,45110,0,0,5,20,0.2718103498220444,2405,120.25,2,0,8192,0,4.473039589356631e-05,"[1.0, 0.2, 0.0, 0.2, 0.8]",,9baccd97a53a735f6cf081f465af2bb4c3b630660678746563930182f0776eb4,experiments/mirror_applications/ma-451-pathnet-mirror-role/artifacts/payloads/45110_0_shared_N20.pt
shared,45110,0,1,5,20,0.28362547755241396,2405,120.25,2,0,8192,0,4.2058201506733896e-05,"[0.4, 0.8, 0.8, 1.0, 0.4]",,9baccd97a53a735f6cf081f465af2bb4c3b630660678746563930182f0776eb4,experiments/mirror_applications/ma-451-pathnet-mirror-role/artifacts/payloads/45110_0_shared_N20.pt
shared,45110,0,2,5,20,0.3754825919866562,2405,120.25,2,0,8192,0,4.599780077114701e-05,"[1.0, 0.2, 0.0, 0.4, 0.8]",,9baccd97a53a735f6cf081f465af2bb4c3b630660678746563930182f0776eb4,experiments/mirror_applications/ma-451-pathnet-mirror-role/artifacts/payloads/45110_0_shared_N20.pt
shared,45110,0,3,5,20,0.4470432043075562,2405,120.25,2,0,8192,0,5.2399400738067924e-05,"[0.2, 0.8, 0.2, 0.2, 0.4]",,9baccd97a53a735f6cf081f465af2bb4c3b630660678746563930182f0776eb4,experiments/mirror_applications/ma-451-pathnet-mirror-role/artifacts/payloads/45110_0_shared_N20.pt
shared,45110,0,0,16,64,0.24573171883821487,2405,37.578125,2,0,8192,0,5.023437461204594e-05,"[1.0, 0.2, 0.0, 0.2, 0.8, 0.8, 0.8, 0.4, 0.2, 0.0, 0.8, 0.2, 0.2, 0.2, 0.2, 0.2]",,9baccd97a53a735f6cf081f465af2bb4c3b630660678746563930182f0776eb4,experiments/mirror_applications/ma-451-pathnet-mirror-role/artifacts/payloads/45110_0_shared_N64.pt
shared,45110,0,1,16,64,0.3264339091256261,2405,37.578125,2,0,8192,0,0.00019195843651687028,"[0.4, 0.8, 0.8, 1.0, 0.4, 1.0, 0.6, 1.0, 0.8, 0.4, 0.0, 0.6, 0.8, 0.6, 0.2, 0.0]",,9baccd97a53a735f6cf081f465af2bb4c3b630660678746563930182f0776eb4,experiments/mirror_applications/ma-451-pathnet-mirror-role/artifacts/payloads/45110_0_shared_N64.pt
shared,45110,0,2,16,64,0.41134108882397413,2405,37.578125,2,0,8192,0,4.927349891659105e-05,"[1.0, 0.2, 0.0, 0.4, 0.8, 0.2, 0.0, 0.0, 0.2, 0.0, 0.6, 0.0, 0.6, 0.4, 0.6, 0.6]",,9baccd97a53a735f6cf081f465af2bb4c3b630660678746563930182f0776eb4,experiments/mirror_applications/ma-451-pathnet-mirror-role/artifacts/payloads/45110_0_shared_N64.pt
shared,45110,0,3,16,64,0.4805840775370598,2405,37.578125,2,0,8192,0,5.210962535784347e-05,"[0.2, 0.8, 0.2, 0.2, 0.4, 0.0, 0.0, 0.0, 0.0, 0.6, 0.6, 0.6, 0.2, 1.0, 0.0, 0.0]",,9baccd97a53a735f6cf081f465af2bb4c3b630660678746563930182f0776eb4,experiments/mirror_applications/ma-451-pathnet-mirror-role/artifacts/payloads/45110_0_shared_N64.pt
independent,45110,0,0,1,1,1.5702688926921837e-07,1705,1705.0,2,0,8192,0,0.00037114899896550924,[1.0],,be6001761dab3b0bc5926326d85fe87b0d44cb9f136b390dfe3fe9b8ec785664,experiments/mirror_applications/ma-451-pathnet-mirror-role/artifacts/payloads/45110_0_independent_N1.pt
independent,45110,0,0,5,20,1.6352997391777536e-07,2921,146.05,40,0,8192,0,0.00013488359982147813,"[1.0, 0.2, 0.0, 0.2, 0.8]",,d79090f891f27416c5ffda8eeab3bd5fe81c7fd1fa7bc8245107d99d2bdad0fe,experiments/mirror_applications/ma-451-pathnet-mirror-role/artifacts/payloads/45110_0_independent_N20.pt
independent,45110,0,1,5,20,1.6722726172702096e-07,2921,146.05,40,0,8192,0,7.099100039340556e-05,"[0.4, 0.8, 0.8, 1.0, 0.4]",,d79090f891f27416c5ffda8eeab3bd5fe81c7fd1fa7bc8245107d99d2bdad0fe,experiments/mirror_applications/ma-451-pathnet-mirror-role/artifacts/payloads/45110_0_independent_N20.pt
independent,45110,0,2,5,20,1.9612438109106734e-07,2921,146.05,40,0,8192,0,0.00012262960372027009,"[1.0, 0.2, 0.0, 0.4, 0.8]",,d79090f891f27416c5ffda8eeab3bd5fe81c7fd1fa7bc8245107d99d2bdad0fe,experiments/mirror_applications/ma-451-pathnet-mirror-role/artifacts/payloads/45110_0_independent_N20.pt
independent,45110,0,3,5,20,1.9363410501682666e-07,2921,146.05,40,0,8192,0,7.662500138394535e-05,"[0.2, 0.8, 0.2, 0.2, 0.4]",,d79090f891f27416c5ffda8eeab3bd5fe81c7fd1fa7bc8245107d99d2bdad0fe,experiments/mirror_applications/ma-451-pathnet-mirror-role/artifacts/payloads/45110_0_independent_N20.pt
independent,45110,0,0,16,64,1.781167058290123e-07,5737,89.640625,128,0,8192,0,0.00011638712749117985,"[1.0, 0.2, 0.0, 0.2, 0.8, 0.8, 0.8, 0.4, 0.2, 0.0, 0.8, 0.2, 0.2, 0.2, 0.2, 0.2]",,3ec14058c7e7ae718f1c001fd4bb3ddd0dddbc6a49dfc9dd6352a3ed6ea2b8fe,experiments/mirror_applications/ma-451-pathnet-mirror-role/artifacts/payloads/45110_0_independent_N64.pt
independent,45110,0,1,16,64,1.88691512637007e-07,5737,89.640625,128,0,8192,0,8.072437685768818e-05,"[0.4, 0.8, 0.8, 1.0, 0.4, 1.0, 0.6, 1.0, 0.8, 0.4, 0.0, 0.6, 0.8, 0.6, 0.2, 0.0]",,3ec14058c7e7ae718f1c001fd4bb3ddd0dddbc6a49dfc9dd6352a3ed6ea2b8fe,experiments/mirror_applications/ma-451-pathnet-mirror-role/artifacts/payloads/45110_0_independent_N64.pt
independent,45110,0,2,16,64,1.9177386212376746e-07,5737,89.640625,128,0,8192,0,0.00012800118838640628,"[1.0, 0.2, 0.0, 0.4, 0.8, 0.2, 0.0, 0.0, 0.2, 0.0, 0.6, 0.0, 0.6, 0.4, 0.6, 0.6]",,3ec14058c7e7ae718f1c001fd4bb3ddd0dddbc6a49dfc9dd6352a3ed6ea2b8fe,experiments/mirror_applications/ma-451-pathnet-mirror-role/artifacts/payloads/45110_0_independent_N64.pt
independent,45110,0,3,16,64,1.7727769963116202e-07,5737,89.640625,128,0,8192,0,0.00010822256263054442,"[0.2, 0.8, 0.2, 0.2, 0.4, 0.0, 0.0, 0.0, 0.0, 0.6, 0.6, 0.6, 0.2, 1.0, 0.0, 0.0]",,3ec14058c7e7ae718f1c001fd4bb3ddd0dddbc6a49dfc9dd6352a3ed6ea2b8fe,experiments/mirror_applications/ma-451-pathnet-mirror-role/artifacts/payloads/45110_0_independent_N64.pt
pathnet,45110,1,0,1,1,0.13561353087425232,2845,2845.0,8,0,8192,0,0.0001290010113734752,[0.4],,9b9dc89c9e5d8818d7d9dac20d31bb8d1afa22f6638bd89befc8b5c1abfe2865,experiments/mirror_applications/ma-451-pathnet-mirror-role/artifacts/payloads/45110_1_pathnet_N1.pt
pathnet,45110,1,0,5,20,0.13938275575637818,3101,155.05,8,0,8192,0,7.526940607931465e-05,"[0.4, 0.4, 0.4, 0.6, 0.2]",,fc607afa647dcc6b5a919a680b14208ba0c3046fd61aa0b63b978531e1dacb33,experiments/mirror_applications/ma-451-pathnet-mirror-role/artifacts/payloads/45110_1_pathnet_N20.pt
pathnet,45110,1,1,5,20,0.1113185703754425,3101,155.05,8,0,8192,0,6.11105962889269e-05,"[0.6, 0.6, 0.6, 0.2, 1.0]",,fc607afa647dcc6b5a919a680b14208ba0c3046fd61aa0b63b978531e1dacb33,experiments/mirror_applications/ma-451-pathnet-mirror-role/artifacts/payloads/45110_1_pathnet_N20.pt
pathnet,45110,1,2,5,20,0.2556841760873795,3101,155.05,8,0,8192,0,8.330319833476097e-05,"[0.8, 1.0, 0.0, 1.0, 0.2]",,fc607afa647dcc6b5a919a680b14208ba0c3046fd61aa0b63b978531e1dacb33,experiments/mirror_applications/ma-451-pathnet-mirror-role/artifacts/payloads/45110_1_pathnet_N20.pt
pathnet,45110,1,3,5,20,0.12325645387172698,3101,155.05,8,0,8192,0,6.398659897968172e-05,"[0.6, 0.8, 0.4, 0.4, 0.8]",,fc607afa647dcc6b5a919a680b14208ba0c3046fd61aa0b63b978531e1dacb33,experiments/mirror_applications/ma-451-pathnet-mirror-role/artifacts/payloads/45110_1_pathnet_N20.pt
pathnet,45110,1,0,16,64,0.19784406572580338,3805,59.453125,8,0,8192,0,6.643831511610188e-05,"[0.4, 0.4, 0.4, 0.6, 0.2, 1.0, 0.2, 0.8, 0.2, 1.0, 0.6, 0.4, 0.4, 0.0, 0.2, 0.2]",,6e649abc2e144562f6ffd240c48992d71440b23d99d3683fbe285ec64c352636,experiments/mirror_applications/ma-451-pathnet-mirror-role/artifacts/payloads/45110_1_pathnet_N64.pt
pathnet,45110,1,1,16,64,0.1919898772612214,3805,59.453125,8,0,8192,0,6.508200021926314e-05,"[0.6, 0.6, 0.6, 0.2, 1.0, 1.0, 0.6, 0.2, 0.0, 0.4, 0.2, 0.8, 1.0, 1.0, 1.0, 0.4]",,6e649abc2e144562f6ffd240c48992d71440b23d99d3683fbe285ec64c352636,experiments/mirror_applications/ma-451-pathnet-mirror-role/artifacts/payloads/45110_1_pathnet_N64.pt
pathnet,45110,1,2,16,64,0.21118127647787333,3805,59.453125,8,0,8192,0,6.946343637537211e-05,"[0.8, 1.0, 0.0, 1.0, 0.2, 0.8, 0.6, 0.4, 1.0, 0.6, 0.8, 1.0, 0.2, 0.0, 1.0, 0.4]",,6e649abc2e144562f6ffd240c48992d71440b23d99d3683fbe285ec64c352636,experiments/mirror_applications/ma-451-pathnet-mirror-role/artifacts/payloads/45110_1_pathnet_N64.pt
pathnet,45110,1,3,16,64,0.12660043314099312,3805,59.453125,8,0,8192,0,6.127181313786423e-05,"[0.6, 0.8, 0.4, 0.4, 0.8, 0.8, 0.6, 0.4, 1.0, 0.0, 0.2, 0.4, 0.4, 0.6, 0.4, 0.2]",,6e649abc2e144562f6ffd240c48992d71440b23d99d3683fbe285ec64c352636,experiments/mirror_applications/ma-451-pathnet-mirror-role/artifacts/payloads/45110_1_pathnet_N64.pt
mirror,45110,1,0,1,1,0.0,2845,2845.0,8,64,8192,3840,0.00025311499484814703,[0.4],[0.4],2a041ebb439d5455200ec0aa459aac3ddbed246c282e8144d31c17e5a47ae7ef,experiments/mirror_applications/ma-451-pathnet-mirror-role/artifacts/payloads/45110_1_mirror_N1.pt
mirror,45110,1,0,5,20,0.0,3165,158.25,8,64,8192,3840,0.00026543900021351873,"[0.4, 0.4, 0.4, 0.6, 0.2]","[0.4, 0.4, 0.4, 0.6, 0.2]",ed92952512833cbe9a0699196858b40a4a714a3e1529e2e9153c7678a1e1c6ee,experiments/mirror_applications/ma-451-pathnet-mirror-role/artifacts/payloads/45110_1_mirror_N20.pt
mirror,45110,1,1,5,20,0.0,3165,158.25,8,64,8192,3840,0.004127468998194672,"[0.6, 0.6, 0.6, 0.2, 1.0]","[0.6, 0.6, 0.6, 0.2, 1.0]",ed92952512833cbe9a0699196858b40a4a714a3e1529e2e9153c7678a1e1c6ee,experiments/mirror_applications/ma-451-pathnet-mirror-role/artifacts/payloads/45110_1_mirror_N20.pt
mirror,45110,1,2,5,20,0.0,3165,158.25,8,64,8192,3840,0.00025868479860946536,"[0.8, 1.0, 0.0, 1.0, 0.2]","[0.8, 1.0, 0.0, 1.0, 0.2]",ed92952512833cbe9a0699196858b40a4a714a3e1529e2e9153c7678a1e1c6ee,experiments/mirror_applications/ma-451-pathnet-mirror-role/artifacts/payloads/45110_1_mirror_N20.pt
mirror,45110,1,3,5,20,0.0,3165,158.25,8,64,8192,3840,0.0002811779995681718,"[0.6, 0.8, 0.4, 0.4, 0.8]","[0.6, 0.8, 0.4, 0.4, 0.8]",ed92952512833cbe9a0699196858b40a4a714a3e1529e2e9153c7678a1e1c6ee,experiments/mirror_applications/ma-451-pathnet-mirror-role/artifacts/payloads/45110_1_mirror_N20.pt
mirror,45110,1,0,16,64,0.0,4061,63.453125,8,64,8192,3840,0.0002548188122091233,"[0.4, 0.4, 0.4, 0.6, 0.2, 1.0, 0.2, 0.8, 0.2, 1.0, 0.6, 0.4, 0.4, 0.0, 0.2, 0.2]","[0.4, 0.4, 0.4, 0.6, 0.2, 1.0, 0.2, 0.8, 0.2, 1.0, 0.6, 0.4, 0.4, 0.0, 0.2, 0.2]",a2278e133fb9e873310b223d8d9cde30a66cdbc2f372d1742a99ff727e45a781,experiments/mirror_applications/ma-451-pathnet-mirror-role/artifacts/payloads/45110_1_mirror_N64.pt
mirror,45110,1,1,16,64,0.0,4061,63.453125,8,64,8192,3840,0.0014688925639347872,"[0.6, 0.6, 0.6, 0.2, 1.0, 1.0, 0.6, 0.2, 0.0, 0.4, 0.2, 0.8, 1.0, 1.0, 1.0, 0.4]","[0.6, 0.6, 0.6, 0.2, 1.0, 1.0, 0.6, 0.2, 0.0, 0.4, 0.2, 0.8, 1.0, 1.0, 1.0, 0.4]",a2278e133fb9e873310b223d8d9cde30a66cdbc2f372d1742a99ff727e45a781,experiments/mirror_applications/ma-451-pathnet-mirror-role/artifacts/payloads/45110_1_mirror_N64.pt
mirror,45110,1,2,16,64,0.0,4061,63.453125,8,64,8192,3840,0.00027875618889083853,"[0.8, 1.0, 0.0, 1.0, 0.2, 0.8, 0.6, 0.4, 1.0, 0.6, 0.8, 1.0, 0.2, 0.0, 1.0, 0.4]","[0.8, 1.0, 0.0, 1.0, 0.2, 0.8, 0.6, 0.4, 1.0, 0.6, 0.8, 1.0, 0.2, 0.0, 1.0, 0.4]",a2278e133fb9e873310b223d8d9cde30a66cdbc2f372d1742a99ff727e45a781,experiments/mirror_applications/ma-451-pathnet-mirror-role/artifacts/payloads/45110_1_mirror_N64.pt
mirror,45110,1,3,16,64,0.0,4061,63.453125,8,64,8192,3840,0.0002664897501745145,"[0.6, 0.8, 0.4, 0.4, 0.8, 0.8, 0.6, 0.4, 1.0, 0.0, 0.2, 0.4, 0.4, 0.6, 0.4, 0.2]","[0.6, 0.8, 0.4, 0.4, 0.8, 0.8, 0.6, 0.4, 1.0, 0.0, 0.2, 0.4, 0.4, 0.6, 0.4, 0.2]",a2278e133fb9e873310b223d8d9cde30a66cdbc2f372d1742a99ff727e45a781,experiments/mirror_applications/ma-451-pathnet-mirror-role/artifacts/payloads/45110_1_mirror_N64.pt
shared,45110,1,0,1,1,0.13561353087425232,2405,2405.0,2,0,8192,0,5.296799645293504e-05,[0.4],,9baccd97a53a735f6cf081f465af2bb4c3b630660678746563930182f0776eb4,experiments/mirror_applications/ma-451-pathnet-mirror-role/artifacts/payloads/45110_1_shared_N1.pt
shared,45110,1,0,5,20,0.13938275575637818,2405,120.25,2,0,8192,0,6.08381989877671e-05,"[0.4, 0.4, 0.4, 0.6, 0.2]",,9baccd97a53a735f6cf081f465af2bb4c3b630660678746563930182f0776eb4,experiments/mirror_applications/ma-451-pathnet-mirror-role/artifacts/payloads/45110_1_shared_N20.pt
shared,45110,1,1,5,20,0.3146686017513275,2405,120.25,2,0,8192,0,6.239039939828216e-05,"[0.6, 0.6, 0.6, 0.2, 1.0]",,9baccd97a53a735f6cf081f465af2bb4c3b630660678746563930182f0776eb4,experiments/mirror_applications/ma-451-pathnet-mirror-role/artifacts/payloads/45110_1_shared_N20.pt
shared,45110,1,2,5,20,0.33936871886253356,2405,120.25,2,0,8192,0,5.399599904194474e-05,"[0.8, 1.0, 0.0, 1.0, 0.2]",,9baccd97a53a735f6cf081f465af2bb4c3b630660678746563930182f0776eb4,experiments/mirror_applications/ma-451-pathnet-mirror-role/artifacts/payloads/45110_1_shared_N20.pt
shared,45110,1,3,5,20,0.3375799894332886,2405,120.25,2,0,8192,0,5.525400338228792e-05,"[0.6, 0.8, 0.4, 0.4, 0.8]",,9baccd97a53a735f6cf081f465af2bb4c3b630660678746563930182f0776eb4,experiments/mirror_applications/ma-451-pathnet-mirror-role/artifacts/payloads/45110_1_shared_N20.pt
shared,45110,1,0,16,64,0.19784406572580338,2405,37.578125,2,0,8192,0,5.586256247624988e-05,"[0.4, 0.4, 0.4, 0.6, 0.2, 1.0, 0.2, 0.8, 0.2, 1.0, 0.6, 0.4, 0.4, 0.0, 0.2, 0.2]",,9baccd97a53a735f6cf081f465af2bb4c3b630660678746563930182f0776eb4,experiments/mirror_applications/ma-451-pathnet-mirror-role/artifacts/payloads/45110_1_shared_N64.pt
shared,45110,1,1,16,64,0.33588821813464165,2405,37.578125,2,0,8192,0,5.6777750614855904e-05,"[0.6, 0.6, 0.6, 0.2, 1.0, 1.0, 0.6, 0.2, 0.0, 0.4, 0.2, 0.8, 1.0, 1.0, 1.0, 0.4]",,9baccd97a53a735f6cf081f465af2bb4c3b630660678746563930182f0776eb4,experiments/mirror_applications/ma-451-pathnet-mirror-role/artifacts/payloads/45110_1_shared_N64.pt
shared,45110,1,2,16,64,0.3210365530103445,2405,37.578125,2,0,8192,0,5.90742502026842e-05,"[0.8, 1.0, 0.0, 1.0, 0.2, 0.8, 0.6, 0.4, 1.0, 0.6, 0.8, 1.0, 0.2, 0.0, 1.0, 0.4]",,9baccd97a53a735f6cf081f465af2bb4c3b630660678746563930182f0776eb4,experiments/mirror_applications/ma-451-pathnet-mirror-role/artifacts/payloads/45110_1_shared_N64.pt
shared,45110,1,3,16,64,0.387875696644187,2405,37.578125,2,0,8192,0,5.575325030804379e-05,"[0.6, 0.8, 0.4, 0.4, 0.8, 0.8, 0.6, 0.4, 1.0, 0.0, 0.2, 0.4, 0.4, 0.6, 0.4, 0.2]",,9baccd97a53a735f6cf081f465af2bb4c3b630660678746563930182f0776eb4,experiments/mirror_applications/ma-451-pathnet-mirror-role/artifacts/payloads/45110_1_shared_N64.pt
independent,45110,1,0,1,1,2.338662881129494e-07,1705,1705.0,2,0,8192,0,0.00013387799845077097,[0.4],,b67c924522b77628519e54e286b5ac12c851202153d5c6a02a7d553ec2d9513c,experiments/mirror_applications/ma-451-pathnet-mirror-role/artifacts/payloads/45110_1_independent_N1.pt
independent,45110,1,0,5,20,2.0137264016284463e-07,2921,146.05,40,0,8192,0,9.109700040426106e-05,"[0.4, 0.4, 0.4, 0.6, 0.2]",,2459eea5a7364f21bc1cc9fe3d21df17bf9cc34f519786ba203beb5316e0d1f1,experiments/mirror_applications/ma-451-pathnet-mirror-role/artifacts/payloads/45110_1_independent_N20.pt
independent,45110,1,1,5,20,1.9453718493878114e-07,2921,146.05,40,0,8192,0,0.00015420619747601448,"[0.6, 0.6, 0.6, 0.2, 1.0]",,2459eea5a7364f21bc1cc9fe3d21df17bf9cc34f519786ba203beb5316e0d1f1,experiments/mirror_applications/ma-451-pathnet-mirror-role/artifacts/payloads/45110_1_independent_N20.pt
independent,45110,1,2,5,20,1.6782007890014937e-07,2921,146.05,40,0,8192,0,8.14646016806364e-05,"[0.8, 1.0, 0.0, 1.0, 0.2]",,2459eea5a7364f21bc1cc9fe3d21df17bf9cc34f519786ba203beb5316e0d1f1,experiments/mirror_applications/ma-451-pathnet-mirror-role/artifacts/payloads/45110_1_independent_N20.pt
independent,45110,1,3,5,20,1.568902078474821e-07,2921,146.05,40,0,8192,0,7.953179883770644e-05,"[0.6, 0.8, 0.4, 0.4, 0.8]",,2459eea5a7364f21bc1cc9fe3d21df17bf9cc34f519786ba203beb5316e0d1f1,experiments/mirror_applications/ma-451-pathnet-mirror-role/artifacts/payloads/45110_1_independent_N20.pt
independent,45110,1,0,16,64,1.7010195518807336e-07,5737,89.640625,128,0,8192,0,8.323324891534867e-05,"[0.4, 0.4, 0.4, 0.6, 0.2, 1.0, 0.2, 0.8, 0.2, 1.0, 0.6, 0.4, 0.4, 0.0, 0.2, 0.2]",,21efbca1053c3339acec9a17072e775952c3e72ca1330d61a7be6c3d2ed5e322,experiments/mirror_applications/ma-451-pathnet-mirror-role/artifacts/payloads/45110_1_independent_N64.pt
independent,45110,1,1,16,64,1.856446063541739e-07,5737,89.640625,128,0,8192,0,0.00010179568562307395,"[0.6, 0.6, 0.6, 0.2, 1.0, 1.0, 0.6, 0.2, 0.0, 0.4, 0.2, 0.8, 1.0, 1.0, 1.0, 0.4]",,21efbca1053c3339acec9a17072e775952c3e72ca1330d61a7be6c3d2ed5e322,experiments/mirror_applications/ma-451-pathnet-mirror-role/artifacts/payloads/45110_1_independent_N64.pt
independent,45110,1,2,16,64,1.7701743759701571e-07,5737,89.640625,128,0,8192,0,8.74888773978455e-05,"[0.8, 1.0, 0.0, 1.0, 0.2, 0.8, 0.6, 0.4, 1.0, 0.6, 0.8, 1.0, 0.2, 0.0, 1.0, 0.4]",,21efbca1053c3339acec9a17072e775952c3e72ca1330d61a7be6c3d2ed5e322,experiments/mirror_applications/ma-451-pathnet-mirror-role/artifacts/payloads/45110_1_independent_N64.pt
independent,45110,1,3,16,64,2.0987438498210054e-07,5737,89.640625,128,0,8192,0,8.203831112041371e-05,"[0.6, 0.8, 0.4, 0.4, 0.8, 0.8, 0.6, 0.4, 1.0, 0.0, 0.2, 0.4, 0.4, 0.6, 0.4, 0.2]",,21efbca1053c3339acec9a17072e775952c3e72ca1330d61a7be6c3d2ed5e322,experiments/mirror_applications/ma-451-pathnet-mirror-role/artifacts/payloads/45110_1_independent_N64.pt
pathnet,45110,2,0,1,1,0.0,2845,2845.0,8,0,8192,0,0.00012978199811186641,[0.6],,9b9dc89c9e5d8818d7d9dac20d31bb8d1afa22f6638bd89befc8b5c1abfe2865,experiments/mirror_applications/ma-451-pathnet-mirror-role/artifacts/payloads/45110_2_pathnet_N1.pt
pathnet,45110,2,0,5,20,0.05240583419799805,3101,155.05,8,0,8192,0,7.839799800422043e-05,"[0.6, 0.8, 0.6, 0.8, 0.6]",,fc607afa647dcc6b5a919a680b14208ba0c3046fd61aa0b63b978531e1dacb33,experiments/mirror_applications/ma-451-pathnet-mirror-role/artifacts/payloads/45110_2_pathnet_N20.pt
pathnet,45110,2,1,5,20,0.19347987771034242,3101,155.05,8,0,8192,0,6.734579801559448e-05,"[0.0, 0.6, 0.4, 0.4, 0.2]",,fc607afa647dcc6b5a919a680b14208ba0c3046fd61aa0b63b978531e1dacb33,experiments/mirror_applications/ma-451-pathnet-mirror-role/artifacts/payloads/45110_2_pathnet_N20.pt
pathnet,45110,2,2,5,20,0.11698458343744278,3101,155.05,8,0,8192,0,7.55942048272118e-05,"[0.6, 0.4, 0.4, 0.0, 0.0]",,fc607afa647dcc6b5a919a680b14208ba0c3046fd61aa0b63b978531e1dacb33,experiments/mirror_applications/ma-451-pathnet-mirror-role/artifacts/payloads/45110_2_pathnet_N20.pt
pathnet,45110,2,3,5,20,0.2562053561210632,3101,155.05,8,0,8192,0,6.099620368331671e-05,"[1.0, 0.8, 0.2, 0.2, 1.0]",,fc607afa647dcc6b5a919a680b14208ba0c3046fd61aa0b63b978531e1dacb33,experiments/mirror_applications/ma-451-pathnet-mirror-role/artifacts/payloads/45110_2_pathnet_N20.pt
pathnet,45110,2,0,16,64,0.13330098800361156,3805,59.453125,8,0,8192,0,6.344318717310671e-05,"[0.6, 0.8, 0.6, 0.8, 0.6, 0.6, 0.2, 0.8, 0.8, 0.4, 0.2, 0.6, 0.6, 0.0, 0.2, 1.0]",,6e649abc2e144562f6ffd240c48992d71440b23d99d3683fbe285ec64c352636,experiments/mirror_applications/ma-451-pathnet-mirror-role/artifacts/payloads/45110_2_pathnet_N64.pt
pathnet,45110,2,1,16,64,0.2697285646572709,3805,59.453125,8,0,8192,0,6.298881271504797e-05,"[0.0, 0.6, 0.4, 0.4, 0.2, 0.0, 0.0, 1.0, 1.0, 1.0, 0.8, 0.0, 0.4, 0.0, 0.0, 0.4]",,6e649abc2e144562f6ffd240c48992d71440b23d99d3683fbe285ec64c352636,experiments/mirror_applications/ma-451-pathnet-mirror-role/artifacts/payloads/45110_2_pathnet_N64.pt
pathnet,45110,2,2,16,64,0.16892409371212125,3805,59.453125,8,0,8192,0,6.152094010758447e-05,"[0.6, 0.4, 0.4, 0.0, 0.0, 0.2, 0.6, 1.0, 0.8, 0.0, 0.0, 0.4, 0.6, 0.0, 0.0, 0.0]",,6e649abc2e144562f6ffd240c48992d71440b23d99d3683fbe285ec64c352636,experiments/mirror_applications/ma-451-pathnet-mirror-role/artifacts/payloads/45110_2_pathnet_N64.pt
pathnet,45110,2,3,16,64,0.17739466112107038,3805,59.453125,8,0,8192,0,5.4109940720081795e-05,"[1.0, 0.8, 0.2, 0.2, 1.0, 0.6, 0.2, 0.2, 0.8, 0.6, 0.2, 0.6, 0.2, 0.6, 0.6, 0.2]",,6e649abc2e144562f6ffd240c48992d71440b23d99d3683fbe285ec64c352636,experiments/mirror_applications/ma-451-pathnet-mirror-role/artifacts/payloads/45110_2_pathnet_N64.pt
mirror,45110,2,0,1,1,0.0,2845,2845.0,8,64,8192,3840,0.0002544759918237105,[0.6],[0.6],d6f13a4688bbe6037ae8454316ad9e937c6e95845837a836c838675b43e0944b,experiments/mirror_applications/ma-451-pathnet-mirror-role/artifacts/payloads/45110_2_mirror_N1.pt
mirror,45110,2,0,5,20,0.0,3165,158.25,8,64,8192,3840,0.00025695580116007476,"[0.6, 0.8, 0.6, 0.8, 0.6]","[0.6, 0.8, 0.6, 0.8, 0.6]",2d58f4398e13a2ae2beb190c16a1eec47930ea1726806939af327f301ded1d8d,experiments/mirror_applications/ma-451-pathnet-mirror-role/artifacts/payloads/45110_2_mirror_N20.pt
mirror,45110,2,1,5,20,0.0,3165,158.25,8,64,8192,3840,0.0002466606034431607,"[0.0, 0.6, 0.4, 0.4, 0.2]","[0.0, 0.6, 0.4, 0.4, 0.2]",2d58f4398e13a2ae2beb190c16a1eec47930ea1726806939af327f301ded1d8d,experiments/mirror_applications/ma-451-pathnet-mirror-role/artifacts/payloads/45110_2_mirror_N20.pt
mirror,45110,2,2,5,20,0.0,3165,158.25,8,64,8192,3840,0.0002786159981042147,"[0.6, 0.4, 0.4, 0.0, 0.0]","[0.6, 0.4, 0.4, 0.0, 0.0]",2d58f4398e13a2ae2beb190c16a1eec47930ea1726806939af327f301ded1d8d,experiments/mirror_applications/ma-451-pathnet-mirror-role/artifacts/payloads/45110_2_mirror_N20.pt
mirror,45110,2,3,5,20,0.0,3165,158.25,8,64,8192,3840,0.0002694444003282115,"[1.0, 0.8, 0.2, 0.2, 1.0]","[1.0, 0.8, 0.2, 0.2, 1.0]",2d58f4398e13a2ae2beb190c16a1eec47930ea1726806939af327f301ded1d8d,experiments/mirror_applications/ma-451-pathnet-mirror-role/artifacts/payloads/45110_2_mirror_N20.pt
mirror,45110,2,0,16,64,0.0,4061,63.453125,8,64,8192,3840,0.0002303755627508508,"[0.6, 0.8, 0.6, 0.8, 0.6, 0.6, 0.2, 0.8, 0.8, 0.4, 0.2, 0.6, 0.6, 0.0, 0.2, 1.0]","[0.6, 0.8, 0.6, 0.8, 0.6, 0.6, 0.2, 0.8, 0.8, 0.4, 0.2, 0.6, 0.6, 0.0, 0.2, 1.0]",338df770b5c522974306197d69a6c027fca55a3a4e4b117458fdf842aa056372,experiments/mirror_applications/ma-451-pathnet-mirror-role/artifacts/payloads/45110_2_mirror_N64.pt
mirror,45110,2,1,16,64,0.0,4061,63.453125,8,64,8192,3840,0.0002386843125350424,"[0.0, 0.6, 0.4, 0.4, 0.2, 0.0, 0.0, 1.0, 1.0, 1.0, 0.8, 0.0, 0.4, 0.0, 0.0, 0.4]","[0.0, 0.6, 0.4, 0.4, 0.2, 0.0, 0.0, 1.0, 1.0, 1.0, 0.8, 0.0, 0.4, 0.0, 0.0, 0.4]",338df770b5c522974306197d69a6c027fca55a3a4e4b117458fdf842aa056372,experiments/mirror_applications/ma-451-pathnet-mirror-role/artifacts/payloads/45110_2_mirror_N64.pt
mirror,45110,2,2,16,64,0.0,4061,63.453125,8,64,8192,3840,0.0002412604399069096,"[0.6, 0.4, 0.4, 0.0, 0.0, 0.2, 0.6, 1.0, 0.8, 0.0, 0.0, 0.4, 0.6, 0.0, 0.0, 0.0]","[0.6, 0.4, 0.4, 0.0, 0.0, 0.2, 0.6, 1.0, 0.8, 0.0, 0.0, 0.4, 0.6, 0.0, 0.0, 0.0]",338df770b5c522974306197d69a6c027fca55a3a4e4b117458fdf842aa056372,experiments/mirror_applications/ma-451-pathnet-mirror-role/artifacts/payloads/45110_2_mirror_N64.pt
mirror,45110,2,3,16,64,0.0,4061,63.453125,8,64,8192,3840,0.00023239818710862892,"[1.0, 0.8, 0.2, 0.2, 1.0, 0.6, 0.2, 0.2, 0.8, 0.6, 0.2, 0.6, 0.2, 0.6, 0.6, 0.2]","[1.0, 0.8, 0.2, 0.2, 1.0, 0.6, 0.2, 0.2, 0.8, 0.6, 0.2, 0.6, 0.2, 0.6, 0.6, 0.2]",338df770b5c522974306197d69a6c027fca55a3a4e4b117458fdf842aa056372,experiments/mirror_applications/ma-451-pathnet-mirror-role/artifacts/payloads/45110_2_mirror_N64.pt
shared,45110,2,0,1,1,0.0,2405,2405.0,2,0,8192,0,5.379899812396616e-05,[0.6],,9baccd97a53a735f6cf081f465af2bb4c3b630660678746563930182f0776eb4,experiments/mirror_applications/ma-451-pathnet-mirror-role/artifacts/payloads/45110_2_shared_N1.pt
shared,45110,2,0,5,20,0.05240583419799805,2405,120.25,2,0,8192,0,5.656760185956955e-05,"[0.6, 0.8, 0.6, 0.8, 0.6]",,9baccd97a53a735f6cf081f465af2bb4c3b630660678746563930182f0776eb4,experiments/mirror_applications/ma-451-pathnet-mirror-role/artifacts/payloads/45110_2_shared_N20.pt
shared,45110,2,1,5,20,0.40281357169151305,2405,120.25,2,0,8192,0,5.324280355125666e-05,"[0.0, 0.6, 0.4, 0.4, 0.2]",,9baccd97a53a735f6cf081f465af2bb4c3b630660678746563930182f0776eb4,experiments/mirror_applications/ma-451-pathnet-mirror-role/artifacts/payloads/45110_2_shared_N20.pt
shared,45110,2,2,5,20,0.4228612661361694,2405,120.25,2,0,8192,0,9.308559820055961e-05,"[0.6, 0.4, 0.4, 0.0, 0.0]",,9baccd97a53a735f6cf081f465af2bb4c3b630660678746563930182f0776eb4,experiments/mirror_applications/ma-451-pathnet-mirror-role/artifacts/payloads/45110_2_shared_N20.pt
shared,45110,2,3,5,20,0.37199243903160095,2405,120.25,2,0,8192,0,6.175920425448567e-05,"[1.0, 0.8, 0.2, 0.2, 1.0]",,9baccd97a53a735f6cf081f465af2bb4c3b630660678746563930182f0776eb4,experiments/mirror_applications/ma-451-pathnet-mirror-role/artifacts/payloads/45110_2_shared_N20.pt
shared,45110,2,0,16,64,0.13330098800361156,2405,37.578125,2,0,8192,0,4.927293957734946e-05,"[0.6, 0.8, 0.6, 0.8, 0.6, 0.6, 0.2, 0.8, 0.8, 0.4, 0.2, 0.6, 0.6, 0.0, 0.2, 1.0]",,9baccd97a53a735f6cf081f465af2bb4c3b630660678746563930182f0776eb4,experiments/mirror_applications/ma-451-pathnet-mirror-role/artifacts/payloads/45110_2_shared_N64.pt
shared,45110,2,1,16,64,0.4136839210987091,2405,37.578125,2,0,8192,0,5.4910625294724014e-05,"[0.0, 0.6, 0.4, 0.4, 0.2, 0.0, 0.0, 1.0, 1.0, 1.0, 0.8, 0.0, 0.4, 0.0, 0.0, 0.4]",,9baccd97a53a735f6cf081f465af2bb4c3b630660678746563930182f0776eb4,experiments/mirror_applications/ma-451-pathnet-mirror-role/artifacts/payloads/45110_2_shared_N64.pt
shared,45110,2,2,16,64,0.42475375533103943,2405,37.578125,2,0,8192,0,6.602956182177877e-05,"[0.6, 0.4, 0.4, 0.0, 0.0, 0.2, 0.6, 1.0, 0.8, 0.0, 0.0, 0.4, 0.6, 0.0, 0.0, 0.0]",,9baccd97a53a735f6cf081f465af2bb4c3b630660678746563930182f0776eb4,experiments/mirror_applications/ma-451-pathnet-mirror-role/artifacts/payloads/45110_2_shared_N64.pt
shared,45110,2,3,16,64,0.39666380919516087,2405,37.578125,2,0,8192,0,5.2839377531199716e-05,"[1.0, 0.8, 0.2, 0.2, 1.0, 0.6, 0.2, 0.2, 0.8, 0.6, 0.2, 0.6, 0.2, 0.6, 0.6, 0.2]",,9baccd97a53a735f6cf081f465af2bb4c3b630660678746563930182f0776eb4,experiments/mirror_applications/ma-451-pathnet-mirror-role/artifacts/payloads/45110_2_shared_N64.pt
independent,45110,2,0,1,1,2.0578683290750632e-07,1705,1705.0,2,0,8192,0,0.00017462798859924078,[0.6],,3c23f29f53667a1ce889a209017f021b99270437fc1c076b3fda6acdb3d1eb0b,experiments/mirror_applications/ma-451-pathnet-mirror-role/artifacts/payloads/45110_2_independent_N1.pt
independent,45110,2,0,5,20,1.6682527501643562e-07,2921,146.05,40,0,8192,0,0.00010570819722488523,"[0.6, 0.8, 0.6, 0.8, 0.6]",,ec9e4763761fdeda6656bb408408f557b156c7b60808482e3c0de1b386789b4a,experiments/mirror_applications/ma-451-pathnet-mirror-role/artifacts/payloads/45110_2_independent_N20.pt
independent,45110,2,1,5,20,1.9063550666942318e-07,2921,146.05,40,0,8192,0,7.845379877835512e-05,"[0.0, 0.6, 0.4, 0.4, 0.2]",,ec9e4763761fdeda6656bb408408f557b156c7b60808482e3c0de1b386789b4a,experiments/mirror_applications/ma-451-pathnet-mirror-role/artifacts/payloads/45110_2_independent_N20.pt
independent,45110,2,2,5,20,1.9857179154314508e-07,2921,146.05,40,0,8192,0,9.947119979187846e-05,"[0.6, 0.4, 0.4, 0.0, 0.0]",,ec9e4763761fdeda6656bb408408f557b156c7b60808482e3c0de1b386789b4a,experiments/mirror_applications/ma-451-pathnet-mirror-role/artifacts/payloads/45110_2_independent_N20.pt
independent,45110,2,3,5,20,2.242885784653481e-07,2921,146.05,40,0,8192,0,9.930480446200818e-05,"[1.0, 0.8, 0.2, 0.2, 1.0]",,ec9e4763761fdeda6656bb408408f557b156c7b60808482e3c0de1b386789b4a,experiments/mirror_applications/ma-451-pathnet-mirror-role/artifacts/payloads/45110_2_independent_N20.pt
independent,45110,2,0,16,64,1.6782271039517127e-07,5737,89.640625,128,0,8192,0,7.946200003061676e-05,"[0.6, 0.8, 0.6, 0.8, 0.6, 0.6, 0.2, 0.8, 0.8, 0.4, 0.2, 0.6, 0.6, 0.0, 0.2, 1.0]",,14c15b3c4a994c09cc008a5d546318798c2121970e26e88bdb3c4d58f4eea767,experiments/mirror_applications/ma-451-pathnet-mirror-role/artifacts/payloads/45110_2_independent_N64.pt
independent,45110,2,1,16,64,1.8626621622885864e-07,5737,89.640625,128,0,8192,0,8.005068684724392e-05,"[0.0, 0.6, 0.4, 0.4, 0.2, 0.0, 0.0, 1.0, 1.0, 1.0, 0.8, 0.0, 0.4, 0.0, 0.0, 0.4]",,14c15b3c4a994c09cc008a5d546318798c2121970e26e88bdb3c4d58f4eea767,experiments/mirror_applications/ma-451-pathnet-mirror-role/artifacts/payloads/45110_2_independent_N64.pt
independent,45110,2,2,16,64,1.8053856187805195e-07,5737,89.640625,128,0,8192,0,0.0001728274992274237,"[0.6, 0.4, 0.4, 0.0, 0.0, 0.2, 0.6, 1.0, 0.8, 0.0, 0.0, 0.4, 0.6, 0.0, 0.0, 0.0]",,14c15b3c4a994c09cc008a5d546318798c2121970e26e88bdb3c4d58f4eea767,experiments/mirror_applications/ma-451-pathnet-mirror-role/artifacts/payloads/45110_2_independent_N64.pt
independent,45110,2,3,16,64,2.0365661379528888e-07,5737,89.640625,128,0,8192,0,8.518718914274359e-05,"[1.0, 0.8, 0.2, 0.2, 1.0, 0.6, 0.2, 0.2, 0.8, 0.6, 0.2, 0.6, 0.2, 0.6, 0.6, 0.2]",,14c15b3c4a994c09cc008a5d546318798c2121970e26e88bdb3c4d58f4eea767,experiments/mirror_applications/ma-451-pathnet-mirror-role/artifacts/payloads/45110_2_independent_N64.pt
pathnet,45111,0,0,1,1,0.25808075070381165,2845,2845.0,8,0,8192,0,0.00010668800678104162,[1.0],,77fe017f76e28878346cfd0381ba29af0e221ef4f0b7adb270bd025214b8cf7c,experiments/mirror_applications/ma-451-pathnet-mirror-role/artifacts/payloads/45111_0_pathnet_N1.pt
pathnet,45111,0,0,5,20,0.20928398966789247,3101,155.05,8,0,8192,0,6.039540166966617e-05,"[1.0, 1.0, 0.8, 0.8, 0.2]",,977468ea7a676dd9bb4cfdc71468f5354b6560f72ca6d850ef833b993c591402,experiments/mirror_applications/ma-451-pathnet-mirror-role/artifacts/payloads/45111_0_pathnet_N20.pt
pathnet,45111,0,1,5,20,0.2819579511880875,3101,155.05,8,0,8192,0,5.569080240093171e-05,"[0.0, 0.4, 0.0, 0.2, 1.0]",,977468ea7a676dd9bb4cfdc71468f5354b6560f72ca6d850ef833b993c591402,experiments/mirror_applications/ma-451-pathnet-mirror-role/artifacts/payloads/45111_0_pathnet_N20.pt
pathnet,45111,0,2,5,20,0.2556095153093338,3101,155.05,8,0,8192,0,5.455439677461982e-05,"[0.8, 0.0, 1.0, 0.0, 0.2]",,977468ea7a676dd9bb4cfdc71468f5354b6560f72ca6d850ef833b993c591402,experiments/mirror_applications/ma-451-pathnet-mirror-role/artifacts/payloads/45111_0_pathnet_N20.pt
pathnet,45111,0,3,5,20,0.15273444950580597,3101,155.05,8,0,8192,0,5.6159196537919344e-05,"[0.0, 0.6, 0.2, 0.2, 0.6]",,977468ea7a676dd9bb4cfdc71468f5354b6560f72ca6d850ef833b993c591402,experiments/mirror_applications/ma-451-pathnet-mirror-role/artifacts/payloads/45111_0_pathnet_N20.pt
pathnet,45111,0,0,16,64,0.18183832336217165,3805,59.453125,8,0,8192,0,8.618006177130155e-05,"[1.0, 1.0, 0.8, 0.8, 0.2, 0.6, 0.0, 0.0, 0.8, 0.4, 0.6, 0.0, 0.4, 0.6, 1.0, 0.6]",,c34583675ddf34dea66f1b209359ea21ead9680054b6b3ca9510cca65a6d4651,experiments/mirror_applications/ma-451-pathnet-mirror-role/artifacts/payloads/45111_0_pathnet_N64.pt
pathnet,45111,0,1,16,64,0.21565350610762835,3805,59.453125,8,0,8192,0,5.601668817689642e-05,"[0.0, 0.4, 0.0, 0.2, 1.0, 0.0, 1.0, 0.6, 0.4, 0.6, 0.4, 1.0, 1.0, 0.0, 0.2, 0.6]",,c34583675ddf34dea66f1b209359ea21ead9680054b6b3ca9510cca65a6d4651,experiments/mirror_applications/ma-451-pathnet-mirror-role/artifacts/payloads/45111_0_pathnet_N64.pt
pathnet,45111,0,2,16,64,0.176764324773103,3805,59.453125,8,0,8192,0,6.397637207555817e-05,"[0.8, 0.0, 1.0, 0.0, 0.2, 0.4, 0.6, 0.6, 0.8, 0.2, 0.4, 0.6, 1.0, 0.2, 0.6, 0.6]",,c34583675ddf34dea66f1b209359ea21ead9680054b6b3ca9510cca65a6d4651,experiments/mirror_applications/ma-451-pathnet-mirror-role/artifacts/payloads/45111_0_pathnet_N64.pt
pathnet,45111,0,3,16,64,0.17581128980964422,3805,59.453125,8,0,8192,0,4.9974623834714293e-05,"[0.0, 0.6, 0.2, 0.2, 0.6, 0.6, 0.8, 0.2, 0.2, 0.0, 0.8, 0.4, 0.4, 1.0, 0.0, 0.0]",,c34583675ddf34dea66f1b209359ea21ead9680054b6b3ca9510cca65a6d4651,experiments/mirror_applications/ma-451-pathnet-mirror-role/artifacts/payloads/45111_0_pathnet_N64.pt
mirror,45111,0,0,1,1,0.0,2845,2845.0,8,64,8192,3840,0.02751158000319265,[1.0],[1.0],0ea02eef5c99eac6fcd4da90e1d6025cfcf98be1e5f66bb068c8049e9dad6c8d,experiments/mirror_applications/ma-451-pathnet-mirror-role/artifacts/payloads/45111_0_mirror_N1.pt
mirror,45111,0,0,5,20,0.0,3165,158.25,8,64,8192,3840,0.00569659740140196,"[1.0, 1.0, 0.8, 0.8, 0.2]","[1.0, 1.0, 0.8, 0.8, 0.2]",b93302f19e8fb1d4bb9c531f413ffce43e7defe2cdd0274fe44f5a7f4832cb61,experiments/mirror_applications/ma-451-pathnet-mirror-role/artifacts/payloads/45111_0_mirror_N20.pt
mirror,45111,0,1,5,20,0.0,3165,158.25,8,64,8192,3840,0.00040185640391428025,"[0.0, 0.4, 0.0, 0.2, 1.0]","[0.0, 0.4, 0.0, 0.2, 1.0]",b93302f19e8fb1d4bb9c531f413ffce43e7defe2cdd0274fe44f5a7f4832cb61,experiments/mirror_applications/ma-451-pathnet-mirror-role/artifacts/payloads/45111_0_mirror_N20.pt
mirror,45111,0,2,5,20,0.0,3165,158.25,8,64,8192,3840,0.00019274719816166907,"[0.8, 0.0, 1.0, 0.0, 0.2]","[0.8, 0.0, 1.0, 0.0, 0.2]",b93302f19e8fb1d4bb9c531f413ffce43e7defe2cdd0274fe44f5a7f4832cb61,experiments/mirror_applications/ma-451-pathnet-mirror-role/artifacts/payloads/45111_0_mirror_N20.pt
mirror,45111,0,3,5,20,0.0,3165,158.25,8,64,8192,3840,0.00024212000134866686,"[0.0, 0.6, 0.2, 0.2, 0.6]","[0.0, 0.6, 0.2, 0.2, 0.6]",b93302f19e8fb1d4bb9c531f413ffce43e7defe2cdd0274fe44f5a7f4832cb61,experiments/mirror_applications/ma-451-pathnet-mirror-role/artifacts/payloads/45111_0_mirror_N20.pt
mirror,45111,0,0,16,64,0.0,4061,63.453125,8,64,8192,3840,0.0019250285631642328,"[1.0, 1.0, 0.8, 0.8, 0.2, 0.6, 0.0, 0.0, 0.8, 0.4, 0.6, 0.0, 0.4, 0.6, 1.0, 0.6]","[1.0, 1.0, 0.8, 0.8, 0.2, 0.6, 0.0, 0.0, 0.8, 0.4, 0.6, 0.0, 0.4, 0.6, 1.0, 0.6]",fd5f5effee1f4589a0bf97f3c7766be400c9244af1d4d1fb72e34ef25ea77320,experiments/mirror_applications/ma-451-pathnet-mirror-role/artifacts/payloads/45111_0_mirror_N64.pt
mirror,45111,0,1,16,64,0.0,4061,63.453125,8,64,8192,3840,0.0002735433117777575,"[0.0, 0.4, 0.0, 0.2, 1.0, 0.0, 1.0, 0.6, 0.4, 0.6, 0.4, 1.0, 1.0, 0.0, 0.2, 0.6]","[0.0, 0.4, 0.0, 0.2, 1.0, 0.0, 1.0, 0.6, 0.4, 0.6, 0.4, 1.0, 1.0, 0.0, 0.2, 0.6]",fd5f5effee1f4589a0bf97f3c7766be400c9244af1d4d1fb72e34ef25ea77320,experiments/mirror_applications/ma-451-pathnet-mirror-role/artifacts/payloads/45111_0_mirror_N64.pt
mirror,45111,0,2,16,64,0.0,4061,63.453125,8,64,8192,3840,0.00018941574944619788,"[0.8, 0.0, 1.0, 0.0, 0.2, 0.4, 0.6, 0.6, 0.8, 0.2, 0.4, 0.6, 1.0, 0.2, 0.6, 0.6]","[0.8, 0.0, 1.0, 0.0, 0.2, 0.4, 0.6, 0.6, 0.8, 0.2, 0.4, 0.6, 1.0, 0.2, 0.6, 0.6]",fd5f5effee1f4589a0bf97f3c7766be400c9244af1d4d1fb72e34ef25ea77320,experiments/mirror_applications/ma-451-pathnet-mirror-role/artifacts/payloads/45111_0_mirror_N64.pt
mirror,45111,0,3,16,64,0.0,4061,63.453125,8,64,8192,3840,0.00021582049885182641,"[0.0, 0.6, 0.2, 0.2, 0.6, 0.6, 0.8, 0.2, 0.2, 0.0, 0.8, 0.4, 0.4, 1.0, 0.0, 0.0]","[0.0, 0.6, 0.2, 0.2, 0.6, 0.6, 0.8, 0.2, 0.2, 0.0, 0.8, 0.4, 0.4, 1.0, 0.0, 0.0]",fd5f5effee1f4589a0bf97f3c7766be400c9244af1d4d1fb72e34ef25ea77320,experiments/mirror_applications/ma-451-pathnet-mirror-role/artifacts/payloads/45111_0_mirror_N64.pt
shared,45111,0,0,1,1,0.25808075070381165,2405,2405.0,2,0,8192,0,0.0001257960102520883,[1.0],,660aa8960d2a3b2ee4b18c3d690eef424901ac88f1206862df121431e4945061,experiments/mirror_applications/ma-451-pathnet-mirror-role/artifacts/payloads/45111_0_shared_N1.pt
shared,45111,0,0,5,20,0.20928398966789247,2405,120.25,2,0,8192,0,5.7791202561929825e-05,"[1.0, 1.0, 0.8, 0.8, 0.2]",,660aa8960d2a3b2ee4b18c3d690eef424901ac88f1206862df121431e4945061,experiments/mirror_applications/ma-451-pathnet-mirror-role/artifacts/payloads/45111_0_shared_N20.pt
shared,45111,0,1,5,20,0.38119126558303834,2405,120.25,2,0,8192,0,6.128100212663413e-05,"[0.0, 0.4, 0.0, 0.2, 1.0]",,660aa8960d2a3b2ee4b18c3d690eef424901ac88f1206862df121431e4945061,experiments/mirror_applications/ma-451-pathnet-mirror-role/artifacts/payloads/45111_0_shared_N20.pt
shared,45111,0,2,5,20,0.3522777438163757,2405,120.25,2,0,8192,0,4.0211805026046934e-05,"[0.8, 0.0, 1.0, 0.0, 0.2]",,660aa8960d2a3b2ee4b18c3d690eef424901ac88f1206862df121431e4945061,experiments/mirror_applications/ma-451-pathnet-mirror-role/artifacts/payloads/45111_0_shared_N20.pt
shared,45111,0,3,5,20,0.38246039748191835,2405,120.25,2,0,8192,0,0.00013304460153449327,"[0.0, 0.6, 0.2, 0.2, 0.6]",,660aa8960d2a3b2ee4b18c3d690eef424901ac88f1206862df121431e4945061,experiments/mirror_applications/ma-451-pathnet-mirror-role/artifacts/payloads/45111_0_shared_N20.pt
shared,45111,0,0,16,64,0.18183832336217165,2405,37.578125,2,0,8192,0,4.579525011649821e-05,"[1.0, 1.0, 0.8, 0.8, 0.2, 0.6, 0.0, 0.0, 0.8, 0.4, 0.6, 0.0, 0.4, 0.6, 1.0, 0.6]",,660aa8960d2a3b2ee4b18c3d690eef424901ac88f1206862df121431e4945061,experiments/mirror_applications/ma-451-pathnet-mirror-role/artifacts/payloads/45111_0_shared_N64.pt
shared,45111,0,1,16,64,0.35828601010143757,2405,37.578125,2,0,8192,0,5.490525109053124e-05,"[0.0, 0.4, 0.0, 0.2, 1.0, 0.0, 1.0, 0.6, 0.4, 0.6, 0.4, 1.0, 1.0, 0.0, 0.2, 0.6]",,660aa8960d2a3b2ee4b18c3d690eef424901ac88f1206862df121431e4945061,experiments/mirror_applications/ma-451-pathnet-mirror-role/artifacts/payloads/45111_0_shared_N64.pt
shared,45111,0,2,16,64,0.2914616046473384,2405,37.578125,2,0,8192,0,4.0044376873993315e-05,"[0.8, 0.0, 1.0, 0.0, 0.2, 0.4, 0.6, 0.6, 0.8, 0.2, 0.4, 0.6, 1.0, 0.2, 0.6, 0.6]",,660aa8960d2a3b2ee4b18c3d690eef424901ac88f1206862df121431e4945061,experiments/mirror_applications/ma-451-pathnet-mirror-role/artifacts/payloads/45111_0_shared_N64.pt
shared,45111,0,3,16,64,0.3837624415755272,2405,37.578125,2,0,8192,0,7.156962601584382e-05,"[0.0, 0.6, 0.2, 0.2, 0.6, 0.6, 0.8, 0.2, 0.2, 0.0, 0.8, 0.4, 0.4, 1.0, 0.0, 0.0]",,660aa8960d2a3b2ee4b18c3d690eef424901ac88f1206862df121431e4945061,experiments/mirror_applications/ma-451-pathnet-mirror-role/artifacts/payloads/45111_0_shared_N64.pt
independent,45111,0,0,1,1,1.139033614094842e-07,1705,1705.0,2,0,8192,0,0.0003067340003326535,[1.0],,b15c7549e77e073d4e57ef70844f4dcda53fc3d6677daeeb068f3ec3681d3d67,experiments/mirror_applications/ma-451-pathnet-mirror-role/artifacts/payloads/45111_0_independent_N1.pt
independent,45111,0,0,5,20,1.577347759962322e-07,2921,146.05,40,0,8192,0,0.00034960120101459327,"[1.0, 1.0, 0.8, 0.8, 0.2]",,ffb071c75385eea3fa18dc88888b706ee223cbff4f603a9e9e706c623aeb6a22,experiments/mirror_applications/ma-451-pathnet-mirror-role/artifacts/payloads/45111_0_independent_N20.pt
independent,45111,0,1,5,20,1.907479969531778e-07,2921,146.05,40,0,8192,0,0.00011057959927711636,"[0.0, 0.4, 0.0, 0.2, 1.0]",,ffb071c75385eea3fa18dc88888b706ee223cbff4f603a9e9e706c623aeb6a22,experiments/mirror_applications/ma-451-pathnet-mirror-role/artifacts/payloads/45111_0_independent_N20.pt
independent,45111,0,2,5,20,1.6054363811690563e-07,2921,146.05,40,0,8192,0,7.547759742010385e-05,"[0.8, 0.0, 1.0, 0.0, 0.2]",,ffb071c75385eea3fa18dc88888b706ee223cbff4f603a9e9e706c623aeb6a22,experiments/mirror_applications/ma-451-pathnet-mirror-role/artifacts/payloads/45111_0_independent_N20.pt
independent,45111,0,3,5,20,2.382228387887153e-07,2921,146.05,40,0,8192,0,9.570539987180382e-05,"[0.0, 0.6, 0.2, 0.2, 0.6]",,ffb071c75385eea3fa18dc88888b706ee223cbff4f603a9e9e706c623aeb6a22,experiments/mirror_applications/ma-451-pathnet-mirror-role/artifacts/payloads/45111_0_independent_N20.pt
independent,45111,0,0,16,64,1.7552680908750062e-07,5737,89.640625,128,0,8192,0,0.00017699999898468377,"[1.0, 1.0, 0.8, 0.8, 0.2, 0.6, 0.0, 0.0, 0.8, 0.4, 0.6, 0.0, 0.4, 0.6, 1.0, 0.6]",,aeb1a8e4c7b9fb75b266f0b5d7c2a5f21b9a9f2ebc42a7d3e68b85cf3b63382b,experiments/mirror_applications/ma-451-pathnet-mirror-role/artifacts/payloads/45111_0_independent_N64.pt
independent,45111,0,1,16,64,1.880108291274496e-07,5737,89.640625,128,0,8192,0,9.045831393450499e-05,"[0.0, 0.4, 0.0, 0.2, 1.0, 0.0, 1.0, 0.6, 0.4, 0.6, 0.4, 1.0, 1.0, 0.0, 0.2, 0.6]",,aeb1a8e4c7b9fb75b266f0b5d7c2a5f21b9a9f2ebc42a7d3e68b85cf3b63382b,experiments/mirror_applications/ma-451-pathnet-mirror-role/artifacts/payloads/45111_0_independent_N64.pt
independent,45111,0,2,16,64,1.7693258103079756e-07,5737,89.640625,128,0,8192,0,8.164262453647098e-05,"[0.8, 0.0, 1.0, 0.0, 0.2, 0.4, 0.6, 0.6, 0.8, 0.2, 0.4, 0.6, 1.0, 0.2, 0.6, 0.6]",,aeb1a8e4c7b9fb75b266f0b5d7c2a5f21b9a9f2ebc42a7d3e68b85cf3b63382b,experiments/mirror_applications/ma-451-pathnet-mirror-role/artifacts/payloads/45111_0_independent_N64.pt
independent,45111,0,3,16,64,1.887394827093658e-07,5737,89.640625,128,0,8192,0,8.734981020097621e-05,"[0.0, 0.6, 0.2, 0.2, 0.6, 0.6, 0.8, 0.2, 0.2, 0.0, 0.8, 0.4, 0.4, 1.0, 0.0, 0.0]",,aeb1a8e4c7b9fb75b266f0b5d7c2a5f21b9a9f2ebc42a7d3e68b85cf3b63382b,experiments/mirror_applications/ma-451-pathnet-mirror-role/artifacts/payloads/45111_0_independent_N64.pt
pathnet,45111,1,0,1,1,0.26763761043548584,2845,2845.0,8,0,8192,0,0.019500558002619073,[0.2],,77fe017f76e28878346cfd0381ba29af0e221ef4f0b7adb270bd025214b8cf7c,experiments/mirror_applications/ma-451-pathnet-mirror-role/artifacts/payloads/45111_1_pathnet_N1.pt
pathnet,45111,1,0,5,20,0.15619483292102815,3101,155.05,8,0,8192,0,0.003945951399509795,"[0.2, 0.6, 0.6, 0.0, 0.4]",,977468ea7a676dd9bb4cfdc71468f5354b6560f72ca6d850ef833b993c591402,experiments/mirror_applications/ma-451-pathnet-mirror-role/artifacts/payloads/45111_1_pathnet_N20.pt
pathnet,45111,1,1,5,20,0.1027811348438263,3101,155.05,8,0,8192,0,6.454540125560016e-05,"[0.8, 0.6, 0.8, 0.4, 0.8]",,977468ea7a676dd9bb4cfdc71468f5354b6560f72ca6d850ef833b993c591402,experiments/mirror_applications/ma-451-pathnet-mirror-role/artifacts/payloads/45111_1_pathnet_N20.pt
pathnet,45111,1,2,5,20,0.15692368745803834,3101,155.05,8,0,8192,0,5.627900245599449e-05,"[0.2, 0.2, 0.4, 1.0, 0.6]",,977468ea7a676dd9bb4cfdc71468f5354b6560f72ca6d850ef833b993c591402,experiments/mirror_applications/ma-451-pathnet-mirror-role/artifacts/payloads/45111_1_pathnet_N20.pt
pathnet,45111,1,3,5,20,0.15386418998241425,3101,155.05,8,0,8192,0,6.508840015158057e-05,"[0.0, 0.0, 0.2, 0.4, 0.2]",,977468ea7a676dd9bb4cfdc71468f5354b6560f72ca6d850ef833b993c591402,experiments/mirror_applications/ma-451-pathnet-mirror-role/artifacts/payloads/45111_1_pathnet_N20.pt
pathnet,45111,1,0,16,64,0.21123092528432608,3805,59.453125,8,0,8192,0,0.0012677604381678975,"[0.2, 0.6, 0.6, 0.0, 0.4, 0.8, 0.4, 0.0, 0.2, 0.6, 0.0, 0.8, 0.6, 0.2, 0.0, 0.0]",,c34583675ddf34dea66f1b209359ea21ead9680054b6b3ca9510cca65a6d4651,experiments/mirror_applications/ma-451-pathnet-mirror-role/artifacts/payloads/45111_1_pathnet_N64.pt
pathnet,45111,1,1,16,64,0.1284582931548357,3805,59.453125,8,0,8192,0,5.379206231737044e-05,"[0.8, 0.6, 0.8, 0.4, 0.8, 0.0, 0.2, 0.6, 0.6, 0.6, 0.6, 0.8, 0.4, 0.0, 0.8, 0.4]",,c34583675ddf34dea66f1b209359ea21ead9680054b6b3ca9510cca65a6d4651,experiments/mirror_applications/ma-451-pathnet-mirror-role/artifacts/payloads/45111_1_pathnet_N64.pt
pathnet,45111,1,2,16,64,0.19678095076233149,3805,59.453125,8,0,8192,0,5.987156237097224e-05,"[0.2, 0.2, 0.4, 1.0, 0.6, 0.0, 0.2, 1.0, 1.0, 0.2, 0.0, 0.4, 1.0, 0.6, 0.0, 0.4]",,c34583675ddf34dea66f1b209359ea21ead9680054b6b3ca9510cca65a6d4651,experiments/mirror_applications/ma-451-pathnet-mirror-role/artifacts/payloads/45111_1_pathnet_N64.pt
pathnet,45111,1,3,16,64,0.18468298390507698,3805,59.453125,8,0,8192,0,5.987481199554168e-05,"[0.0, 0.0, 0.2, 0.4, 0.2, 1.0, 1.0, 0.6, 0.0, 0.6, 0.4, 0.8, 0.6, 0.0, 0.6, 0.2]",,c34583675ddf34dea66f1b209359ea21ead9680054b6b3ca9510cca65a6d4651,experiments/mirror_applications/ma-451-pathnet-mirror-role/artifacts/payloads/45111_1_pathnet_N64.pt
mirror,45111,1,0,1,1,0.0,2845,2845.0,8,64,8192,3840,0.000343929001246579,[0.2],[0.2],b47de8f65e5af1adedbf18326514bc2b3b86ed450169d6e435ccfbe7b158da88,experiments/mirror_applications/ma-451-pathnet-mirror-role/artifacts/payloads/45111_1_mirror_N1.pt
mirror,45111,1,0,5,20,0.0,3165,158.25,8,64,8192,3840,0.00021828700264450162,"[0.2, 0.6, 0.6, 0.0, 0.4]","[0.2, 0.6, 0.6, 0.0, 0.4]",92ce2fb1966a4426b646da2b38dab3838b9a2c0d44307517e05b89c471aa1750,experiments/mirror_applications/ma-451-pathnet-mirror-role/artifacts/payloads/45111_1_mirror_N20.pt
mirror,45111,1,1,5,20,0.0,3165,158.25,8,64,8192,3840,0.0001950385980308056,"[0.8, 0.6, 0.8, 0.4, 0.8]","[0.8, 0.6, 0.8, 0.4, 0.8]",92ce2fb1966a4426b646da2b38dab3838b9a2c0d44307517e05b89c471aa1750,experiments/mirror_applications/ma-451-pathnet-mirror-role/artifacts/payloads/45111_1_mirror_N20.pt
mirror,45111,1,2,5,20,0.0,3165,158.25,8,64,8192,3840,0.00017791299906093626,"[0.2, 0.2, 0.4, 1.0, 0.6]","[0.2, 0.2, 0.4, 1.0, 0.6]",92ce2fb1966a4426b646da2b38dab3838b9a2c0d44307517e05b89c471aa1750,experiments/mirror_applications/ma-451-pathnet-mirror-role/artifacts/payloads/45111_1_mirror_N20.pt
mirror,45111,1,3,5,20,0.0,3165,158.25,8,64,8192,3840,0.0001849015970947221,"[0.0, 0.0, 0.2, 0.4, 0.2]","[0.0, 0.0, 0.2, 0.4, 0.2]",92ce2fb1966a4426b646da2b38dab3838b9a2c0d44307517e05b89c471aa1750,experiments/mirror_applications/ma-451-pathnet-mirror-role/artifacts/payloads/45111_1_mirror_N20.pt
mirror,45111,1,0,16,64,0.0,4061,63.453125,8,64,8192,3840,0.00019818375130853383,"[0.2, 0.6, 0.6, 0.0, 0.4, 0.8, 0.4, 0.0, 0.2, 0.6, 0.0, 0.8, 0.6, 0.2, 0.0, 0.0]","[0.2, 0.6, 0.6, 0.0, 0.4, 0.8, 0.4, 0.0, 0.2, 0.6, 0.0, 0.8, 0.6, 0.2, 0.0, 0.0]",2709a346566a5bb3df32748f39ccb4627512d6b0b7ac08c5753c9584cdc2f03e,experiments/mirror_applications/ma-451-pathnet-mirror-role/artifacts/payloads/45111_1_mirror_N64.pt
mirror,45111,1,1,16,64,0.0,4061,63.453125,8,64,8192,3840,0.0001896135627248441,"[0.8, 0.6, 0.8, 0.4, 0.8, 0.0, 0.2, 0.6, 0.6, 0.6, 0.6, 0.8, 0.4, 0.0, 0.8, 0.4]","[0.8, 0.6, 0.8, 0.4, 0.8, 0.0, 0.2, 0.6, 0.6, 0.6, 0.6, 0.8, 0.4, 0.0, 0.8, 0.4]",2709a346566a5bb3df32748f39ccb4627512d6b0b7ac08c5753c9584cdc2f03e,experiments/mirror_applications/ma-451-pathnet-mirror-role/artifacts/payloads/45111_1_mirror_N64.pt
mirror,45111,1,2,16,64,0.0,4061,63.453125,8,64,8192,3840,0.00018489274953026325,"[0.2, 0.2, 0.4, 1.0, 0.6, 0.0, 0.2, 1.0, 1.0, 0.2, 0.0, 0.4, 1.0, 0.6, 0.0, 0.4]","[0.2, 0.2, 0.4, 1.0, 0.6, 0.0, 0.2, 1.0, 1.0, 0.2, 0.0, 0.4, 1.0, 0.6, 0.0, 0.4]",2709a346566a5bb3df32748f39ccb4627512d6b0b7ac08c5753c9584cdc2f03e,experiments/mirror_applications/ma-451-pathnet-mirror-role/artifacts/payloads/45111_1_mirror_N64.pt
mirror,45111,1,3,16,64,0.0,4061,63.453125,8,64,8192,3840,0.00019415793667576509,"[0.0, 0.0, 0.2, 0.4, 0.2, 1.0, 1.0, 0.6, 0.0, 0.6, 0.4, 0.8, 0.6, 0.0, 0.6, 0.2]","[0.0, 0.0, 0.2, 0.4, 0.2, 1.0, 1.0, 0.6, 0.0, 0.6, 0.4, 0.8, 0.6, 0.0, 0.6, 0.2]",2709a346566a5bb3df32748f39ccb4627512d6b0b7ac08c5753c9584cdc2f03e,experiments/mirror_applications/ma-451-pathnet-mirror-role/artifacts/payloads/45111_1_mirror_N64.pt
shared,45111,1,0,1,1,0.26763761043548584,2405,2405.0,2,0,8192,0,5.735499144066125e-05,[0.2],,660aa8960d2a3b2ee4b18c3d690eef424901ac88f1206862df121431e4945061,experiments/mirror_applications/ma-451-pathnet-mirror-role/artifacts/payloads/45111_1_shared_N1.pt
shared,45111,1,0,5,20,0.15619483292102815,2405,120.25,2,0,8192,0,4.394299758132547e-05,"[0.2, 0.6, 0.6, 0.0, 0.4]",,660aa8960d2a3b2ee4b18c3d690eef424901ac88f1206862df121431e4945061,experiments/mirror_applications/ma-451-pathnet-mirror-role/artifacts/payloads/45111_1_shared_N20.pt
shared,45111,1,1,5,20,0.3081248104572296,2405,120.25,2,0,8192,0,4.1243003215640785e-05,"[0.8, 0.6, 0.8, 0.4, 0.8]",,660aa8960d2a3b2ee4b18c3d690eef424901ac88f1206862df121431e4945061,experiments/mirror_applications/ma-451-pathnet-mirror-role/artifacts/payloads/45111_1_shared_N20.pt
shared,45111,1,2,5,20,0.2915323108434677,2405,120.25,2,0,8192,0,4.659460391849279e-05,"[0.2, 0.2, 0.4, 1.0, 0.6]",,660aa8960d2a3b2ee4b18c3d690eef424901ac88f1206862df121431e4945061,experiments/mirror_applications/ma-451-pathnet-mirror-role/artifacts/payloads/45111_1_shared_N20.pt
shared,45111,1,3,5,20,0.44036741852760314,2405,120.25,2,0,8192,0,4.703379818238318e-05,"[0.0, 0.0, 0.2, 0.4, 0.2]",,660aa8960d2a3b2ee4b18c3d690eef424901ac88f1206862df121431e4945061,experiments/mirror_applications/ma-451-pathnet-mirror-role/artifacts/payloads/45111_1_shared_N20.pt
shared,45111,1,0,16,64,0.21123092528432608,2405,37.578125,2,0,8192,0,4.4771750253858045e-05,"[0.2, 0.6, 0.6, 0.0, 0.4, 0.8, 0.4, 0.0, 0.2, 0.6, 0.0, 0.8, 0.6, 0.2, 0.0, 0.0]",,660aa8960d2a3b2ee4b18c3d690eef424901ac88f1206862df121431e4945061,experiments/mirror_applications/ma-451-pathnet-mirror-role/artifacts/payloads/45111_1_shared_N64.pt
shared,45111,1,1,16,64,0.3164070788770914,2405,37.578125,2,0,8192,0,4.316675040172413e-05,"[0.8, 0.6, 0.8, 0.4, 0.8, 0.0, 0.2, 0.6, 0.6, 0.6, 0.6, 0.8, 0.4, 0.0, 0.8, 0.4]",,660aa8960d2a3b2ee4b18c3d690eef424901ac88f1206862df121431e4945061,experiments/mirror_applications/ma-451-pathnet-mirror-role/artifacts/payloads/45111_1_shared_N64.pt
shared,45111,1,2,16,64,0.31980385538190603,2405,37.578125,2,0,8192,0,4.307749986764975e-05,"[0.2, 0.2, 0.4, 1.0, 0.6, 0.0, 0.2, 1.0, 1.0, 0.2, 0.0, 0.4, 1.0, 0.6, 0.0, 0.4]",,660aa8960d2a3b2ee4b18c3d690eef424901ac88f1206862df121431e4945061,experiments/mirror_applications/ma-451-pathnet-mirror-role/artifacts/payloads/45111_1_shared_N64.pt
shared,45111,1,3,16,64,0.3800817169249058,2405,37.578125,2,0,8192,0,4.654262465919601e-05,"[0.0, 0.0, 0.2, 0.4, 0.2, 1.0, 1.0, 0.6, 0.0, 0.6, 0.4, 0.8, 0.6, 0.0, 0.6, 0.2]",,660aa8960d2a3b2ee4b18c3d690eef424901ac88f1206862df121431e4945061,experiments/mirror_applications/ma-451-pathnet-mirror-role/artifacts/payloads/45111_1_shared_N64.pt
independent,45111,1,0,1,1,1.4738239428879751e-07,1705,1705.0,2,0,8192,0,0.00021023100998718292,[0.2],,09e57c8a37424f11a9dee27b204bdaeecee869d0e88f7b24cffc50cf649cd7bf,experiments/mirror_applications/ma-451-pathnet-mirror-role/artifacts/payloads/45111_1_independent_N1.pt
independent,45111,1,0,5,20,1.6817043047012703e-07,2921,146.05,40,0,8192,0,9.391880303155631e-05,"[0.2, 0.6, 0.6, 0.0, 0.4]",,0bcde12d7f146c4010120bcc455e9871712aee71173cf3cda137f25e8f177674,experiments/mirror_applications/ma-451-pathnet-mirror-role/artifacts/payloads/45111_1_independent_N20.pt
independent,45111,1,1,5,20,2.1510438017458e-07,2921,146.05,40,0,8192,0,7.741459703538566e-05,"[0.8, 0.6, 0.8, 0.4, 0.8]",,0bcde12d7f146c4010120bcc455e9871712aee71173cf3cda137f25e8f177674,experiments/mirror_applications/ma-451-pathnet-mirror-role/artifacts/payloads/45111_1_independent_N20.pt
independent,45111,1,2,5,20,2.370688775954477e-07,2921,146.05,40,0,8192,0,0.0005717696010833606,"[0.2, 0.2, 0.4, 1.0, 0.6]",,0bcde12d7f146c4010120bcc455e9871712aee71173cf3cda137f25e8f177674,experiments/mirror_applications/ma-451-pathnet-mirror-role/artifacts/payloads/45111_1_independent_N20.pt
independent,45111,1,3,5,20,2.0554895172608667e-07,2921,146.05,40,0,8192,0,8.029119926504791e-05,"[0.0, 0.0, 0.2, 0.4, 0.2]",,0bcde12d7f146c4010120bcc455e9871712aee71173cf3cda137f25e8f177674,experiments/mirror_applications/ma-451-pathnet-mirror-role/artifacts/payloads/45111_1_independent_N20.pt
independent,45111,1,0,16,64,1.8531870882299017e-07,5737,89.640625,128,0,8192,0,8.246943980338983e-05,"[0.2, 0.6, 0.6, 0.0, 0.4, 0.8, 0.4, 0.0, 0.2, 0.6, 0.0, 0.8, 0.6, 0.2, 0.0, 0.0]",,f8dbb7279b26d2edad8b19c918031327d46bc0a2f1189d138964a8b60070fbad,experiments/mirror_applications/ma-451-pathnet-mirror-role/artifacts/payloads/45111_1_independent_N64.pt
independent,45111,1,1,16,64,1.7625654669117807e-07,5737,89.640625,128,0,8192,0,6.866093917778926e-05,"[0.8, 0.6, 0.8, 0.4, 0.8, 0.0, 0.2, 0.6, 0.6, 0.6, 0.6, 0.8, 0.4, 0.0, 0.8, 0.4]",,f8dbb7279b26d2edad8b19c918031327d46bc0a2f1189d138964a8b60070fbad,experiments/mirror_applications/ma-451-pathnet-mirror-role/artifacts/payloads/45111_1_independent_N64.pt
independent,45111,1,2,16,64,2.0576771220248702e-07,5737,89.640625,128,0,8192,0,0.00022817443914391333,"[0.2, 0.2, 0.4, 1.0, 0.6, 0.0, 0.2, 1.0, 1.0, 0.2, 0.0, 0.4, 1.0, 0.6, 0.0, 0.4]",,f8dbb7279b26d2edad8b19c918031327d46bc0a2f1189d138964a8b60070fbad,experiments/mirror_applications/ma-451-pathnet-mirror-role/artifacts/payloads/45111_1_independent_N64.pt
independent,45111,1,3,16,64,2.0365532371613426e-07,5737,89.640625,128,0,8192,0,6.99880647516693e-05,"[0.0, 0.0, 0.2, 0.4, 0.2, 1.0, 1.0, 0.6, 0.0, 0.6, 0.4, 0.8, 0.6, 0.0, 0.6, 0.2]",,f8dbb7279b26d2edad8b19c918031327d46bc0a2f1189d138964a8b60070fbad,experiments/mirror_applications/ma-451-pathnet-mirror-role/artifacts/payloads/45111_1_independent_N64.pt
pathnet,45111,2,0,1,1,0.40100154280662537,2845,2845.0,8,0,8192,0,0.00011167499178554863,[0.0],,77fe017f76e28878346cfd0381ba29af0e221ef4f0b7adb270bd025214b8cf7c,experiments/mirror_applications/ma-451-pathnet-mirror-role/artifacts/payloads/45111_2_pathnet_N1.pt
pathnet,45111,2,0,5,20,0.1897769033908844,3101,155.05,8,0,8192,0,6.0309196123853324e-05,"[0.0, 0.8, 0.8, 0.6, 0.2]",,977468ea7a676dd9bb4cfdc71468f5354b6560f72ca6d850ef833b993c591402,experiments/mirror_applications/ma-451-pathnet-mirror-role/artifacts/payloads/45111_2_pathnet_N20.pt
pathnet,45111,2,1,5,20,0.2020371824502945,3101,155.05,8,0,8192,0,5.9534001047722994e-05,"[0.8, 0.2, 1.0, 0.8, 0.2]",,977468ea7a676dd9bb4cfdc71468f5354b6560f72ca6d850ef833b993c591402,experiments/mirror_applications/ma-451-pathnet-mirror-role/artifacts/payloads/45111_2_pathnet_N20.pt
pathnet,45111,2,2,5,20,0.10390872210264206,3101,155.05,8,0,8192,0,5.682199844159186e-05,"[0.4, 0.6, 0.8, 0.2, 0.4]",,977468ea7a676dd9bb4cfdc71468f5354b6560f72ca6d850ef833b993c591402,experiments/mirror_applications/ma-451-pathnet-mirror-role/artifacts/payloads/45111_2_pathnet_N20.pt
pathnet,45111,2,3,5,20,0.20887125432491302,3101,155.05,8,0,8192,0,6.325560098048299e-05,"[0.2, 0.2, 0.0, 0.8, 0.0]",,977468ea7a676dd9bb4cfdc71468f5354b6560f72ca6d850ef833b993c591402,experiments/mirror_applications/ma-451-pathnet-mirror-role/artifacts/payloads/45111_2_pathnet_N20.pt
pathnet,45111,2,0,16,64,0.17555696051567793,3805,59.453125,8,0,8192,0,6.658787242486142e-05,"[0.0, 0.8, 0.8, 0.6, 0.2, 0.4, 0.8, 0.0, 0.2, 0.4, 0.4, 0.8, 0.8, 1.0, 0.8, 0.6]",,c34583675ddf34dea66f1b209359ea21ead9680054b6b3ca9510cca65a6d4651,experiments/mirror_applications/ma-451-pathnet-mirror-role/artifacts/payloads/45111_2_pathnet_N64.pt
pathnet,45111,2,1,16,64,0.16876993887126446,3805,59.453125,8,0,8192,0,5.403618706623092e-05,"[0.8, 0.2, 1.0, 0.8, 0.2, 0.2, 0.6, 0.8, 0.4, 0.6, 0.6, 0.4, 0.0, 0.0, 0.8, 0.8]",,c34583675ddf34dea66f1b209359ea21ead9680054b6b3ca9510cca65a6d4651,experiments/mirror_applications/ma-451-pathnet-mirror-role/artifacts/payloads/45111_2_pathnet_N64.pt
pathnet,45111,2,2,16,64,0.16965821338817477,3805,59.453125,8,0,8192,0,5.8678687310020905e-05,"[0.4, 0.6, 0.8, 0.2, 0.4, 0.4, 0.6, 0.2, 0.0, 0.8, 0.2, 0.8, 0.8, 0.0, 1.0, 0.2]",,c34583675ddf34dea66f1b209359ea21ead9680054b6b3ca9510cca65a6d4651,experiments/mirror_applications/ma-451-pathnet-mirror-role/artifacts/payloads/45111_2_pathnet_N64.pt
pathnet,45111,2,3,16,64,0.24322522152215242,3805,59.453125,8,0,8192,0,5.686043641617289e-05,"[0.2, 0.2, 0.0, 0.8, 0.0, 0.8, 0.8, 1.0, 0.8, 0.8, 1.0, 0.6, 0.6, 1.0, 0.2, 0.0]",,c34583675ddf34dea66f1b209359ea21ead9680054b6b3ca9510cca65a6d4651,experiments/mirror_applications/ma-451-pathnet-mirror-role/artifacts/payloads/45111_2_pathnet_N64.pt
mirror,45111,2,0,1,1,0.0,2845,2845.0,8,64,8192,3840,0.0005679399910150096,[0.0],[0.0],86ff991aac26882529f326a737ef0baf09e5f1ec550773f40dcc3454b43c5dc2,experiments/mirror_applications/ma-451-pathnet-mirror-role/artifacts/payloads/45111_2_mirror_N1.pt
mirror,45111,2,0,5,20,0.0,3165,158.25,8,64,8192,3840,0.00028311679780017583,"[0.0, 0.8, 0.8, 0.6, 0.2]","[0.0, 0.8, 0.8, 0.6, 0.2]",e284e565838ec1ded3da2e371c97038039a0e6271dec3b83c535925f8282c627,experiments/mirror_applications/ma-451-pathnet-mirror-role/artifacts/payloads/45111_2_mirror_N20.pt
mirror,45111,2,1,5,20,0.0,3165,158.25,8,64,8192,3840,0.00017855219775810837,"[0.8, 0.2, 1.0, 0.8, 0.2]","[0.8, 0.2, 1.0, 0.8, 0.2]",e284e565838ec1ded3da2e371c97038039a0e6271dec3b83c535925f8282c627,experiments/mirror_applications/ma-451-pathnet-mirror-role/artifacts/payloads/45111_2_mirror_N20.pt
mirror,45111,2,2,5,20,0.0,3165,158.25,8,64,8192,3840,0.00021789859747514128,"[0.4, 0.6, 0.8, 0.2, 0.4]","[0.4, 0.6, 0.8, 0.2, 0.4]",e284e565838ec1ded3da2e371c97038039a0e6271dec3b83c535925f8282c627,experiments/mirror_applications/ma-451-pathnet-mirror-role/artifacts/payloads/45111_2_mirror_N20.pt
mirror,45111,2,3,5,20,0.0,3165,158.25,8,64,8192,3840,0.00020444479596335441,"[0.2, 0.2, 0.0, 0.8, 0.0]","[0.2, 0.2, 0.0, 0.8, 0.0]",e284e565838ec1ded3da2e371c97038039a0e6271dec3b83c535925f8282c627,experiments/mirror_applications/ma-451-pathnet-mirror-role/artifacts/payloads/45111_2_mirror_N20.pt
mirror,45111,2,0,16,64,0.0,4061,63.453125,8,64,8192,3840,0.0002990265611515497,"[0.0, 0.8, 0.8, 0.6, 0.2, 0.4, 0.8, 0.0, 0.2, 0.4, 0.4, 0.8, 0.8, 1.0, 0.8, 0.6]","[0.0, 0.8, 0.8, 0.6, 0.2, 0.4, 0.8, 0.0, 0.2, 0.4, 0.4, 0.8, 0.8, 1.0, 0.8, 0.6]",05033defe6414674b5108bba0fa59aef50cc01b52fd03e1d50acca6f1cbdfad6,experiments/mirror_applications/ma-451-pathnet-mirror-role/artifacts/payloads/45111_2_mirror_N64.pt
mirror,45111,2,1,16,64,0.0,4061,63.453125,8,64,8192,3840,0.00018456237557984423,"[0.8, 0.2, 1.0, 0.8, 0.2, 0.2, 0.6, 0.8, 0.4, 0.6, 0.6, 0.4, 0.0, 0.0, 0.8, 0.8]","[0.8, 0.2, 1.0, 0.8, 0.2, 0.2, 0.6, 0.8, 0.4, 0.6, 0.6, 0.4, 0.0, 0.0, 0.8, 0.8]",05033defe6414674b5108bba0fa59aef50cc01b52fd03e1d50acca6f1cbdfad6,experiments/mirror_applications/ma-451-pathnet-mirror-role/artifacts/payloads/45111_2_mirror_N64.pt
mirror,45111,2,2,16,64,0.0,4061,63.453125,8,64,8192,3840,0.0003679756864585215,"[0.4, 0.6, 0.8, 0.2, 0.4, 0.4, 0.6, 0.2, 0.0, 0.8, 0.2, 0.8, 0.8, 0.0, 1.0, 0.2]","[0.4, 0.6, 0.8, 0.2, 0.4, 0.4, 0.6, 0.2, 0.0, 0.8, 0.2, 0.8, 0.8, 0.0, 1.0, 0.2]",05033defe6414674b5108bba0fa59aef50cc01b52fd03e1d50acca6f1cbdfad6,experiments/mirror_applications/ma-451-pathnet-mirror-role/artifacts/payloads/45111_2_mirror_N64.pt
mirror,45111,2,3,16,64,0.0,4061,63.453125,8,64,8192,3840,0.00020291587406973122,"[0.2, 0.2, 0.0, 0.8, 0.0, 0.8, 0.8, 1.0, 0.8, 0.8, 1.0, 0.6, 0.6, 1.0, 0.2, 0.0]","[0.2, 0.2, 0.0, 0.8, 0.0, 0.8, 0.8, 1.0, 0.8, 0.8, 1.0, 0.6, 0.6, 1.0, 0.2, 0.0]",05033defe6414674b5108bba0fa59aef50cc01b52fd03e1d50acca6f1cbdfad6,experiments/mirror_applications/ma-451-pathnet-mirror-role/artifacts/payloads/45111_2_mirror_N64.pt
shared,45111,2,0,1,1,0.40100154280662537,2405,2405.0,2,0,8192,0,6.916199345141649e-05,[0.0],,660aa8960d2a3b2ee4b18c3d690eef424901ac88f1206862df121431e4945061,experiments/mirror_applications/ma-451-pathnet-mirror-role/artifacts/payloads/45111_2_shared_N1.pt
shared,45111,2,0,5,20,0.1897769033908844,2405,120.25,2,0,8192,0,4.558939835987985e-05,"[0.0, 0.8, 0.8, 0.6, 0.2]",,660aa8960d2a3b2ee4b18c3d690eef424901ac88f1206862df121431e4945061,experiments/mirror_applications/ma-451-pathnet-mirror-role/artifacts/payloads/45111_2_shared_N20.pt
shared,45111,2,1,5,20,0.33496796488761904,2405,120.25,2,0,8192,0,4.47783968411386e-05,"[0.8, 0.2, 1.0, 0.8, 0.2]",,660aa8960d2a3b2ee4b18c3d690eef424901ac88f1206862df121431e4945061,experiments/mirror_applications/ma-451-pathnet-mirror-role/artifacts/payloads/45111_2_shared_N20.pt
shared,45111,2,2,5,20,0.25759072303771974,2405,120.25,2,0,8192,0,4.543120157904923e-05,"[0.4, 0.6, 0.8, 0.2, 0.4]",,660aa8960d2a3b2ee4b18c3d690eef424901ac88f1206862df121431e4945061,experiments/mirror_applications/ma-451-pathnet-mirror-role/artifacts/payloads/45111_2_shared_N20.pt
shared,45111,2,3,5,20,0.4250368893146515,2405,120.25,2,0,8192,0,0.0002101107995258644,"[0.2, 0.2, 0.0, 0.8, 0.0]",,660aa8960d2a3b2ee4b18c3d690eef424901ac88f1206862df121431e4945061,experiments/mirror_applications/ma-451-pathnet-mirror-role/artifacts/payloads/45111_2_shared_N20.pt
shared,45111,2,0,16,64,0.17555696051567793,2405,37.578125,2,0,8192,0,5.047168542660074e-05,"[0.0, 0.8, 0.8, 0.6, 0.2, 0.4, 0.8, 0.0, 0.2, 0.4, 0.4, 0.8, 0.8, 1.0, 0.8, 0.6]",,660aa8960d2a3b2ee4b18c3d690eef424901ac88f1206862df121431e4945061,experiments/mirror_applications/ma-451-pathnet-mirror-role/artifacts/payloads/45111_2_shared_N64.pt
shared,45111,2,1,16,64,0.3276081830263138,2405,37.578125,2,0,8192,0,5.1701560551009607e-05,"[0.8, 0.2, 1.0, 0.8, 0.2, 0.2, 0.6, 0.8, 0.4, 0.6, 0.6, 0.4, 0.0, 0.0, 0.8, 0.8]",,660aa8960d2a3b2ee4b18c3d690eef424901ac88f1206862df121431e4945061,experiments/mirror_applications/ma-451-pathnet-mirror-role/artifacts/payloads/45111_2_shared_N64.pt
shared,45111,2,2,16,64,0.29304199386388063,2405,37.578125,2,0,8192,0,7.932549942779588e-05,"[0.4, 0.6, 0.8, 0.2, 0.4, 0.4, 0.6, 0.2, 0.0, 0.8, 0.2, 0.8, 0.8, 0.0, 1.0, 0.2]",,660aa8960d2a3b2ee4b18c3d690eef424901ac88f1206862df121431e4945061,experiments/mirror_applications/ma-451-pathnet-mirror-role/artifacts/payloads/45111_2_shared_N64.pt
shared,45111,2,3,16,64,0.36081618815660477,2405,37.578125,2,0,8192,0,9.350699929200346e-05,"[0.2, 0.2, 0.0, 0.8, 0.0, 0.8, 0.8, 1.0, 0.8, 0.8, 1.0, 0.6, 0.6, 1.0, 0.2, 0.0]",,660aa8960d2a3b2ee4b18c3d690eef424901ac88f1206862df121431e4945061,experiments/mirror_applications/ma-451-pathnet-mirror-role/artifacts/payloads/45111_2_shared_N64.pt
independent,45111,2,0,1,1,3.0369079695447e-07,1705,1705.0,2,0,8192,0,0.00040162399818655103,[0.0],,d3b1ce00c76c5bce4c051565abf45456030b4dd7410fb7245405f3845260800f,experiments/mirror_applications/ma-451-pathnet-mirror-role/artifacts/payloads/45111_2_independent_N1.pt
independent,45111,2,0,5,20,2.2099197565239593e-07,2921,146.05,40,0,8192,0,0.00022914699802640827,"[0.0, 0.8, 0.8, 0.6, 0.2]",,5b76fdc2eb712c9dd95da4653ee98884357980c3446abb62a06419dd39f1ca54,experiments/mirror_applications/ma-451-pathnet-mirror-role/artifacts/payloads/45111_2_independent_N20.pt
independent,45111,2,1,5,20,1.5419168590824485e-07,2921,146.05,40,0,8192,0,8.066139998845756e-05,"[0.8, 0.2, 1.0, 0.8, 0.2]",,5b76fdc2eb712c9dd95da4653ee98884357980c3446abb62a06419dd39f1ca54,experiments/mirror_applications/ma-451-pathnet-mirror-role/artifacts/payloads/45111_2_independent_N20.pt
independent,45111,2,2,5,20,1.9711459628979355e-07,2921,146.05,40,0,8192,0,6.752000190317631e-05,"[0.4, 0.6, 0.8, 0.2, 0.4]",,5b76fdc2eb712c9dd95da4653ee98884357980c3446abb62a06419dd39f1ca54,experiments/mirror_applications/ma-451-pathnet-mirror-role/artifacts/payloads/45111_2_independent_N20.pt
independent,45111,2,3,5,20,1.640618535247995e-07,2921,146.05,40,0,8192,0,7.792499964125455e-05,"[0.2, 0.2, 0.0, 0.8, 0.0]",,5b76fdc2eb712c9dd95da4653ee98884357980c3446abb62a06419dd39f1ca54,experiments/mirror_applications/ma-451-pathnet-mirror-role/artifacts/payloads/45111_2_independent_N20.pt
independent,45111,2,0,16,64,1.9362914338572068e-07,5737,89.640625,128,0,8192,0,0.00012294743464735802,"[0.0, 0.8, 0.8, 0.6, 0.2, 0.4, 0.8, 0.0, 0.2, 0.4, 0.4, 0.8, 0.8, 1.0, 0.8, 0.6]",,2e0f36419f6fd1e08fab7871677648379516493fa2389fe5c4ddc7e222c90eca,experiments/mirror_applications/ma-451-pathnet-mirror-role/artifacts/payloads/45111_2_independent_N64.pt
independent,45111,2,1,16,64,1.8444296179254138e-07,5737,89.640625,128,0,8192,0,7.70258766351617e-05,"[0.8, 0.2, 1.0, 0.8, 0.2, 0.2, 0.6, 0.8, 0.4, 0.6, 0.6, 0.4, 0.0, 0.0, 0.8, 0.8]",,2e0f36419f6fd1e08fab7871677648379516493fa2389fe5c4ddc7e222c90eca,experiments/mirror_applications/ma-451-pathnet-mirror-role/artifacts/payloads/45111_2_independent_N64.pt
independent,45111,2,2,16,64,2.0095505171013883e-07,5737,89.640625,128,0,8192,0,8.496568898408441e-05,"[0.4, 0.6, 0.8, 0.2, 0.4, 0.4, 0.6, 0.2, 0.0, 0.8, 0.2, 0.8, 0.8, 0.0, 1.0, 0.2]",,2e0f36419f6fd1e08fab7871677648379516493fa2389fe5c4ddc7e222c90eca,experiments/mirror_applications/ma-451-pathnet-mirror-role/artifacts/payloads/45111_2_independent_N64.pt
independent,45111,2,3,16,64,1.6014917569862064e-07,5737,89.640625,128,0,8192,0,7.283581271622097e-05,"[0.2, 0.2, 0.0, 0.8, 0.0, 0.8, 0.8, 1.0, 0.8, 0.8, 1.0, 0.6, 0.6, 1.0, 0.2, 0.0]",,2e0f36419f6fd1e08fab7871677648379516493fa2389fe5c4ddc7e222c90eca,experiments/mirror_applications/ma-451-pathnet-mirror-role/artifacts/payloads/45111_2_independent_N64.pt
pathnet,45112,0,0,1,1,0.13226734101772308,2845,2845.0,8,0,8192,0,0.0001257459953194484,[0.4],,b608f09b48c78ae27b53d154abbbea4d0bdb955ed0a3eea152a4822e42da779a,experiments/mirror_applications/ma-451-pathnet-mirror-role/artifacts/payloads/45112_0_pathnet_N1.pt
pathnet,45112,0,0,5,20,0.15483278036117554,3101,155.05,8,0,8192,0,8.992300136014819e-05,"[0.4, 0.6, 1.0, 0.8, 1.0]",,29d01f7057153146a8330598ef39a410dfb5660263e21ff7f4a03b9a325860c6,experiments/mirror_applications/ma-451-pathnet-mirror-role/artifacts/payloads/45112_0_pathnet_N20.pt
pathnet,45112,0,1,5,20,0.18228619396686555,3101,155.05,8,0,8192,0,7.16818030923605e-05,"[0.8, 0.6, 0.0, 0.2, 0.8]",,29d01f7057153146a8330598ef39a410dfb5660263e21ff7f4a03b9a325860c6,experiments/mirror_applications/ma-451-pathnet-mirror-role/artifacts/payloads/45112_0_pathnet_N20.pt
pathnet,45112,0,2,5,20,0.12399350702762604,3101,155.05,8,0,8192,0,5.608480132650584e-05,"[0.0, 0.4, 0.8, 0.6, 0.4]",,29d01f7057153146a8330598ef39a410dfb5660263e21ff7f4a03b9a325860c6,experiments/mirror_applications/ma-451-pathnet-mirror-role/artifacts/payloads/45112_0_pathnet_N20.pt
pathnet,45112,0,3,5,20,0.24926975667476653,3101,155.05,8,0,8192,0,8.103160071186722e-05,"[0.8, 0.8, 0.2, 1.0, 0.0]",,29d01f7057153146a8330598ef39a410dfb5660263e21ff7f4a03b9a325860c6,experiments/mirror_applications/ma-451-pathnet-mirror-role/artifacts/payloads/45112_0_pathnet_N20.pt
pathnet,45112,0,0,16,64,0.15937484055757523,3805,59.453125,8,0,8192,0,7.291218935279176e-05,"[0.4, 0.6, 1.0, 0.8, 1.0, 1.0, 0.6, 0.8, 0.4, 1.0, 0.8, 0.4, 0.2, 0.0, 0.6, 0.4]",,1edb1ceb5ae13766d434c8d39fbfd0f679973d628b72b1a38591d46f088bb414,experiments/mirror_applications/ma-451-pathnet-mirror-role/artifacts/payloads/45112_0_pathnet_N64.pt
pathnet,45112,0,1,16,64,0.19357912428677082,3805,59.453125,8,0,8192,0,6.885237417009193e-05,"[0.8, 0.6, 0.0, 0.2, 0.8, 0.0, 0.6, 0.4, 0.6, 0.6, 0.4, 0.0, 0.0, 0.8, 0.0, 1.0]",,1edb1ceb5ae13766d434c8d39fbfd0f679973d628b72b1a38591d46f088bb414,experiments/mirror_applications/ma-451-pathnet-mirror-role/artifacts/payloads/45112_0_pathnet_N64.pt
pathnet,45112,0,2,16,64,0.12283030617982149,3805,59.453125,8,0,8192,0,6.509374998131534e-05,"[0.0, 0.4, 0.8, 0.6, 0.4, 0.8, 0.4, 0.6, 0.6, 0.4, 0.2, 0.2, 0.0, 0.4, 0.2, 0.0]",,1edb1ceb5ae13766d434c8d39fbfd0f679973d628b72b1a38591d46f088bb414,experiments/mirror_applications/ma-451-pathnet-mirror-role/artifacts/payloads/45112_0_pathnet_N64.pt
pathnet,45112,0,3,16,64,0.18669878924265504,3805,59.453125,8,0,8192,0,8.354725014214637e-05,"[0.8, 0.8, 0.2, 1.0, 0.0, 0.6, 1.0, 0.6, 0.4, 0.4, 0.6, 1.0, 0.4, 0.0, 0.8, 0.2]",,1edb1ceb5ae13766d434c8d39fbfd0f679973d628b72b1a38591d46f088bb414,experiments/mirror_applications/ma-451-pathnet-mirror-role/artifacts/payloads/45112_0_pathnet_N64.pt
mirror,45112,0,0,1,1,0.0,2845,2845.0,8,64,8192,3840,0.0009791680058697239,[0.4],[0.4],53c657412e3ece738f84574d0aad981a60c13dfb5958d698786b33064b7d114e,experiments/mirror_applications/ma-451-pathnet-mirror-role/artifacts/payloads/45112_0_mirror_N1.pt
mirror,45112,0,0,5,20,0.0,3165,158.25,8,64,8192,3840,0.0007108415971742943,"[0.4, 0.6, 1.0, 0.8, 1.0]","[0.4, 0.6, 1.0, 0.8, 1.0]",2a41ab129aa18dfcd21841c875d1f065a0bead56e6b251be1c2fa538f045d938,experiments/mirror_applications/ma-451-pathnet-mirror-role/artifacts/payloads/45112_0_mirror_N20.pt
mirror,45112,0,1,5,20,0.0,3165,158.25,8,64,8192,3840,0.00023867499839980155,"[0.8, 0.6, 0.0, 0.2, 0.8]","[0.8, 0.6, 0.0, 0.2, 0.8]",2a41ab129aa18dfcd21841c875d1f065a0bead56e6b251be1c2fa538f045d938,experiments/mirror_applications/ma-451-pathnet-mirror-role/artifacts/payloads/45112_0_mirror_N20.pt
mirror,45112,0,2,5,20,0.0,3165,158.25,8,64,8192,3840,0.0003154485981212929,"[0.0, 0.4, 0.8, 0.6, 0.4]","[0.0, 0.4, 0.8, 0.6, 0.4]",2a41ab129aa18dfcd21841c875d1f065a0bead56e6b251be1c2fa538f045d938,experiments/mirror_applications/ma-451-pathnet-mirror-role/artifacts/payloads/45112_0_mirror_N20.pt
mirror,45112,0,3,5,20,0.0,3165,158.25,8,64,8192,3840,0.0002594237943412736,"[0.8, 0.8, 0.2, 1.0, 0.0]","[0.8, 0.8, 0.2, 1.0, 0.0]",2a41ab129aa18dfcd21841c875d1f065a0bead56e6b251be1c2fa538f045d938,experiments/mirror_applications/ma-451-pathnet-mirror-role/artifacts/payloads/45112_0_mirror_N20.pt
mirror,45112,0,0,16,64,0.0,4061,63.453125,8,64,8192,3840,0.0003983830001743627,"[0.4, 0.6, 1.0, 0.8, 1.0, 1.0, 0.6, 0.8, 0.4, 1.0, 0.8, 0.4, 0.2, 0.0, 0.6, 0.4]","[0.4, 0.6, 1.0, 0.8, 1.0, 1.0, 0.6, 0.8, 0.4, 1.0, 0.8, 0.4, 0.2, 0.0, 0.6, 0.4]",9e8b717eca15eebbd101c8e2bf21e8bd6ed076fcb460601d2a7242cdddb35120,experiments/mirror_applications/ma-451-pathnet-mirror-role/artifacts/payloads/45112_0_mirror_N64.pt
mirror,45112,0,1,16,64,0.0,4061,63.453125,8,64,8192,3840,0.0002571494997027912,"[0.8, 0.6, 0.0, 0.2, 0.8, 0.0, 0.6, 0.4, 0.6, 0.6, 0.4, 0.0, 0.0, 0.8, 0.0, 1.0]","[0.8, 0.6, 0.0, 0.2, 0.8, 0.0, 0.6, 0.4, 0.6, 0.6, 0.4, 0.0, 0.0, 0.8, 0.0, 1.0]",9e8b717eca15eebbd101c8e2bf21e8bd6ed076fcb460601d2a7242cdddb35120,experiments/mirror_applications/ma-451-pathnet-mirror-role/artifacts/payloads/45112_0_mirror_N64.pt
mirror,45112,0,2,16,64,0.0,4061,63.453125,8,64,8192,3840,0.0003212394985894207,"[0.0, 0.4, 0.8, 0.6, 0.4, 0.8, 0.4, 0.6, 0.6, 0.4, 0.2, 0.2, 0.0, 0.4, 0.2, 0.0]","[0.0, 0.4, 0.8, 0.6, 0.4, 0.8, 0.4, 0.6, 0.6, 0.4, 0.2, 0.2, 0.0, 0.4, 0.2, 0.0]",9e8b717eca15eebbd101c8e2bf21e8bd6ed076fcb460601d2a7242cdddb35120,experiments/mirror_applications/ma-451-pathnet-mirror-role/artifacts/payloads/45112_0_mirror_N64.pt
mirror,45112,0,3,16,64,0.0,4061,63.453125,8,64,8192,3840,0.0002632864352563047,"[0.8, 0.8, 0.2, 1.0, 0.0, 0.6, 1.0, 0.6, 0.4, 0.4, 0.6, 1.0, 0.4, 0.0, 0.8, 0.2]","[0.8, 0.8, 0.2, 1.0, 0.0, 0.6, 1.0, 0.6, 0.4, 0.4, 0.6, 1.0, 0.4, 0.0, 0.8, 0.2]",9e8b717eca15eebbd101c8e2bf21e8bd6ed076fcb460601d2a7242cdddb35120,experiments/mirror_applications/ma-451-pathnet-mirror-role/artifacts/payloads/45112_0_mirror_N64.pt
shared,45112,0,0,1,1,0.13226734101772308,2405,2405.0,2,0,8192,0,6.361400301102549e-05,[0.4],,ab0d9c084926619307068268195c896819d7be649d05bc3bb6bc097156e268af,experiments/mirror_applications/ma-451-pathnet-mirror-role/artifacts/payloads/45112_0_shared_N1.pt
shared,45112,0,0,5,20,0.15483278036117554,2405,120.25,2,0,8192,0,5.747679970227182e-05,"[0.4, 0.6, 1.0, 0.8, 1.0]",,ab0d9c084926619307068268195c896819d7be649d05bc3bb6bc097156e268af,experiments/mirror_applications/ma-451-pathnet-mirror-role/artifacts/payloads/45112_0_shared_N20.pt
shared,45112,0,1,5,20,0.42397200465202334,2405,120.25,2,0,8192,0,7.306599582079798e-05,"[0.8, 0.6, 0.0, 0.2, 0.8]",,ab0d9c084926619307068268195c896819d7be649d05bc3bb6bc097156e268af,experiments/mirror_applications/ma-451-pathnet-mirror-role/artifacts/payloads/45112_0_shared_N20.pt
shared,45112,0,2,5,20,0.3997136056423187,2405,120.25,2,0,8192,0,4.9755600048229096e-05,"[0.0, 0.4, 0.8, 0.6, 0.4]",,ab0d9c084926619307068268195c896819d7be649d05bc3bb6bc097156e268af,experiments/mirror_applications/ma-451-pathnet-mirror-role/artifacts/payloads/45112_0_shared_N20.pt
shared,45112,0,3,5,20,0.4357291042804718,2405,120.25,2,0,8192,0,5.656980210915208e-05,"[0.8, 0.8, 0.2, 1.0, 0.0]",,ab0d9c084926619307068268195c896819d7be649d05bc3bb6bc097156e268af,experiments/mirror_applications/ma-451-pathnet-mirror-role/artifacts/payloads/45112_0_shared_N20.pt
shared,45112,0,0,16,64,0.15937484055757523,2405,37.578125,2,0,8192,0,6.413724895537598e-05,"[0.4, 0.6, 1.0, 0.8, 1.0, 1.0, 0.6, 0.8, 0.4, 1.0, 0.8, 0.4, 0.2, 0.0, 0.6, 0.4]",,ab0d9c084926619307068268195c896819d7be649d05bc3bb6bc097156e268af,experiments/mirror_applications/ma-451-pathnet-mirror-role/artifacts/payloads/45112_0_shared_N64.pt
shared,45112,0,1,16,64,0.4389867391437292,2405,37.578125,2,0,8192,0,6.153162394184619e-05,"[0.8, 0.6, 0.0, 0.2, 0.8, 0.0, 0.6, 0.4, 0.6, 0.6, 0.4, 0.0, 0.0, 0.8, 0.0, 1.0]",,ab0d9c084926619307068268195c896819d7be649d05bc3bb6bc097156e268af,experiments/mirror_applications/ma-451-pathnet-mirror-role/artifacts/payloads/45112_0_shared_N64.pt
shared,45112,0,2,16,64,0.4025472328066826,2405,37.578125,2,0,8192,0,6.13358743066783e-05,"[0.0, 0.4, 0.8, 0.6, 0.4, 0.8, 0.4, 0.6, 0.6, 0.4, 0.2, 0.2, 0.0, 0.4, 0.2, 0.0]",,ab0d9c084926619307068268195c896819d7be649d05bc3bb6bc097156e268af,experiments/mirror_applications/ma-451-pathnet-mirror-role/artifacts/payloads/45112_0_shared_N64.pt
shared,45112,0,3,16,64,0.41435845382511616,2405,37.578125,2,0,8192,0,6.088268946768949e-05,"[0.8, 0.8, 0.2, 1.0, 0.0, 0.6, 1.0, 0.6, 0.4, 0.4, 0.6, 1.0, 0.4, 0.0, 0.8, 0.2]",,ab0d9c084926619307068268195c896819d7be649d05bc3bb6bc097156e268af,experiments/mirror_applications/ma-451-pathnet-mirror-role/artifacts/payloads/45112_0_shared_N64.pt
independent,45112,0,0,1,1,1.9066681034018984e-07,1705,1705.0,2,0,8192,0,8.81200103322044e-05,[0.4],,c589dcb7719dd21cb66df0f63aaf27c98da93ca93c67e031aca78aa3ad53c6f1,experiments/mirror_applications/ma-451-pathnet-mirror-role/artifacts/payloads/45112_0_independent_N1.pt
independent,45112,0,0,5,20,2.0514803367177592e-07,2921,146.05,40,0,8192,0,9.00691986316815e-05,"[0.4, 0.6, 1.0, 0.8, 1.0]",,f375ad414251532a69023910634ca01a1cc2e62dca1a8b66aa7903c6266d714d,experiments/mirror_applications/ma-451-pathnet-mirror-role/artifacts/payloads/45112_0_independent_N20.pt
independent,45112,0,1,5,20,1.6996134206692658e-07,2921,146.05,40,0,8192,0,7.919880445115269e-05,"[0.8, 0.6, 0.0, 0.2, 0.8]",,f375ad414251532a69023910634ca01a1cc2e62dca1a8b66aa7903c6266d714d,experiments/mirror_applications/ma-451-pathnet-mirror-role/artifacts/payloads/45112_0_independent_N20.pt
independent,45112,0,2,5,20,2.235782460502378e-07,2921,146.05,40,0,8192,0,7.912279688753188e-05,"[0.0, 0.4, 0.8, 0.6, 0.4]",,f375ad414251532a69023910634ca01a1cc2e62dca1a8b66aa7903c6266d714d,experiments/mirror_applications/ma-451-pathnet-mirror-role/artifacts/payloads/45112_0_independent_N20.pt
independent,45112,0,3,5,20,1.8527939573687036e-07,2921,146.05,40,0,8192,0,7.389759994111956e-05,"[0.8, 0.8, 0.2, 1.0, 0.0]",,f375ad414251532a69023910634ca01a1cc2e62dca1a8b66aa7903c6266d714d,experiments/mirror_applications/ma-451-pathnet-mirror-role/artifacts/payloads/45112_0_independent_N20.pt
independent,45112,0,0,16,64,1.9519059124561977e-07,5737,89.640625,128,0,8192,0,9.985637643694645e-05,"[0.4, 0.6, 1.0, 0.8, 1.0, 1.0, 0.6, 0.8, 0.4, 1.0, 0.8, 0.4, 0.2, 0.0, 0.6, 0.4]",,ba89df524c9c9036582ece693f491762c1b38fa6c755906658e3b6242f0c4630,experiments/mirror_applications/ma-451-pathnet-mirror-role/artifacts/payloads/45112_0_independent_N64.pt
independent,45112,0,1,16,64,1.894786363365597e-07,5737,89.640625,128,0,8192,0,8.843018804327585e-05,"[0.8, 0.6, 0.0, 0.2, 0.8, 0.0, 0.6, 0.4, 0.6, 0.6, 0.4, 0.0, 0.0, 0.8, 0.0, 1.0]",,ba89df524c9c9036582ece693f491762c1b38fa6c755906658e3b6242f0c4630,experiments/mirror_applications/ma-451-pathnet-mirror-role/artifacts/payloads/45112_0_independent_N64.pt
independent,45112,0,2,16,64,1.713335011643835e-07,5737,89.640625,128,0,8192,0,8.192224959202576e-05,"[0.0, 0.4, 0.8, 0.6, 0.4, 0.8, 0.4, 0.6, 0.6, 0.4, 0.2, 0.2, 0.0, 0.4, 0.2, 0.0]",,ba89df524c9c9036582ece693f491762c1b38fa6c755906658e3b6242f0c4630,experiments/mirror_applications/ma-451-pathnet-mirror-role/artifacts/payloads/45112_0_independent_N64.pt
independent,45112,0,3,16,64,1.7778068484020082e-07,5737,89.640625,128,0,8192,0,0.00010430056408949895,"[0.8, 0.8, 0.2, 1.0, 0.0, 0.6, 1.0, 0.6, 0.4, 0.4, 0.6, 1.0, 0.4, 0.0, 0.8, 0.2]",,ba89df524c9c9036582ece693f491762c1b38fa6c755906658e3b6242f0c4630,experiments/mirror_applications/ma-451-pathnet-mirror-role/artifacts/payloads/45112_0_independent_N64.pt
pathnet,45112,1,0,1,1,0.24484214186668396,2845,2845.0,8,0,8192,0,0.00015842399443499744,[1.0],,b608f09b48c78ae27b53d154abbbea4d0bdb955ed0a3eea152a4822e42da779a,experiments/mirror_applications/ma-451-pathnet-mirror-role/artifacts/payloads/45112_1_pathnet_N1.pt
pathnet,45112,1,0,5,20,0.2514778107404709,3101,155.05,8,0,8192,0,9.009119821712375e-05,"[1.0, 0.2, 0.2, 0.0, 0.8]",,29d01f7057153146a8330598ef39a410dfb5660263e21ff7f4a03b9a325860c6,experiments/mirror_applications/ma-451-pathnet-mirror-role/artifacts/payloads/45112_1_pathnet_N20.pt
pathnet,45112,1,1,5,20,0.2028471887111664,3101,155.05,8,0,8192,0,6.842120201326907e-05,"[0.4, 0.0, 0.6, 0.0, 0.4]",,29d01f7057153146a8330598ef39a410dfb5660263e21ff7f4a03b9a325860c6,experiments/mirror_applications/ma-451-pathnet-mirror-role/artifacts/payloads/45112_1_pathnet_N20.pt
pathnet,45112,1,2,5,20,0.2161618649959564,3101,155.05,8,0,8192,0,7.61467992560938e-05,"[0.6, 0.8, 0.8, 0.8, 0.0]",,29d01f7057153146a8330598ef39a410dfb5660263e21ff7f4a03b9a325860c6,experiments/mirror_applications/ma-451-pathnet-mirror-role/artifacts/payloads/45112_1_pathnet_N20.pt
pathnet,45112,1,3,5,20,0.19463997930288315,3101,155.05,8,0,8192,0,0.0006972212024265901,"[0.6, 0.0, 0.8, 0.8, 0.6]",,29d01f7057153146a8330598ef39a410dfb5660263e21ff7f4a03b9a325860c6,experiments/mirror_applications/ma-451-pathnet-mirror-role/artifacts/payloads/45112_1_pathnet_N20.pt
pathnet,45112,1,0,16,64,0.1898952485062182,3805,59.453125,8,0,8192,0,8.162631183949998e-05,"[1.0, 0.2, 0.2, 0.0, 0.8, 0.0, 1.0, 0.8, 0.6, 0.8, 0.2, 0.8, 0.8, 0.8, 0.6, 1.0]",,1edb1ceb5ae13766d434c8d39fbfd0f679973d628b72b1a38591d46f088bb414,experiments/mirror_applications/ma-451-pathnet-mirror-role/artifacts/payloads/45112_1_pathnet_N64.pt
pathnet,45112,1,1,16,64,0.1826579263433814,3805,59.453125,8,0,8192,0,7.814493892510654e-05,"[0.4, 0.0, 0.6, 0.0, 0.4, 0.0, 0.6, 0.8, 0.6, 0.6, 0.2, 0.4, 0.0, 1.0, 0.8, 0.2]",,1edb1ceb5ae13766d434c8d39fbfd0f679973d628b72b1a38591d46f088bb414,experiments/mirror_applications/ma-451-pathnet-mirror-role/artifacts/payloads/45112_1_pathnet_N64.pt
pathnet,45112,1,2,16,64,0.23138223867863417,3805,59.453125,8,0,8192,0,7.315437414945336e-05,"[0.6, 0.8, 0.8, 0.8, 0.0, 1.0, 0.8, 0.8, 0.8, 0.2, 1.0, 1.0, 0.2, 0.8, 0.8, 0.6]",,1edb1ceb5ae13766d434c8d39fbfd0f679973d628b72b1a38591d46f088bb414,experiments/mirror_applications/ma-451-pathnet-mirror-role/artifacts/payloads/45112_1_pathnet_N64.pt
pathnet,45112,1,3,16,64,0.19115612702444196,3805,59.453125,8,0,8192,0,0.000265366249550425,"[0.6, 0.0, 0.8, 0.8, 0.6, 0.0, 0.0, 0.2, 0.2, 0.6, 0.4, 1.0, 0.0, 0.0, 0.4, 1.0]",,1edb1ceb5ae13766d434c8d39fbfd0f679973d628b72b1a38591d46f088bb414,experiments/mirror_applications/ma-451-pathnet-mirror-role/artifacts/payloads/45112_1_pathnet_N64.pt
mirror,45112,1,0,1,1,0.0,2845,2845.0,8,64,8192,3840,0.00029309400997590274,[1.0],[1.0],4f0be7e9fdd73c10fb9a907f644fae14e7791e741bab7248aac710c2acfd6ebb,experiments/mirror_applications/ma-451-pathnet-mirror-role/artifacts/payloads/45112_1_mirror_N1.pt
mirror,45112,1,0,5,20,0.0,3165,158.25,8,64,8192,3840,0.00041592320485506207,"[1.0, 0.2, 0.2, 0.0, 0.8]","[1.0, 0.2, 0.2, 0.0, 0.8]",e2667a29f23cd9e6198a0fc564b5453051e6c57c0dd0d01860d0846d3632aa4c,experiments/mirror_applications/ma-451-pathnet-mirror-role/artifacts/payloads/45112_1_mirror_N20.pt
mirror,45112,1,1,5,20,0.0,3165,158.25,8,64,8192,3840,0.0002553880010964349,"[0.4, 0.0, 0.6, 0.0, 0.4]","[0.4, 0.0, 0.6, 0.0, 0.4]",e2667a29f23cd9e6198a0fc564b5453051e6c57c0dd0d01860d0846d3632aa4c,experiments/mirror_applications/ma-451-pathnet-mirror-role/artifacts/payloads/45112_1_mirror_N20.pt
mirror,45112,1,2,5,20,0.0,3165,158.25,8,64,8192,3840,0.000428964602178894,"[0.6, 0.8, 0.8, 0.8, 0.0]","[0.6, 0.8, 0.8, 0.8, 0.0]",e2667a29f23cd9e6198a0fc564b5453051e6c57c0dd0d01860d0846d3632aa4c,experiments/mirror_applications/ma-451-pathnet-mirror-role/artifacts/payloads/45112_1_mirror_N20.pt
mirror,45112,1,3,5,20,0.0,3165,158.25,8,64,8192,3840,0.0008809367980575189,"[0.6, 0.0, 0.8, 0.8, 0.6]","[0.6, 0.0, 0.8, 0.8, 0.6]",e2667a29f23cd9e6198a0fc564b5453051e6c57c0dd0d01860d0846d3632aa4c,experiments/mirror_applications/ma-451-pathnet-mirror-role/artifacts/payloads/45112_1_mirror_N20.pt
mirror,45112,1,0,16,64,0.0,4061,63.453125,8,64,8192,3840,0.001772036626789486,"[1.0, 0.2, 0.2, 0.0, 0.8, 0.0, 1.0, 0.8, 0.6, 0.8, 0.2, 0.8, 0.8, 0.8, 0.6, 1.0]","[1.0, 0.2, 0.2, 0.0, 0.8, 0.0, 1.0, 0.8, 0.6, 0.8, 0.2, 0.8, 0.8, 0.8, 0.6, 1.0]",29f29ce679ccf85413d0c2026eafc56106772c0065d5c8f0313404874ea0b74c,experiments/mirror_applications/ma-451-pathnet-mirror-role/artifacts/payloads/45112_1_mirror_N64.pt
mirror,45112,1,1,16,64,0.0,4061,63.453125,8,64,8192,3840,0.0002645043750817422,"[0.4, 0.0, 0.6, 0.0, 0.4, 0.0, 0.6, 0.8, 0.6, 0.6, 0.2, 0.4, 0.0, 1.0, 0.8, 0.2]","[0.4, 0.0, 0.6, 0.0, 0.4, 0.0, 0.6, 0.8, 0.6, 0.6, 0.2, 0.4, 0.0, 1.0, 0.8, 0.2]",29f29ce679ccf85413d0c2026eafc56106772c0065d5c8f0313404874ea0b74c,experiments/mirror_applications/ma-451-pathnet-mirror-role/artifacts/payloads/45112_1_mirror_N64.pt
mirror,45112,1,2,16,64,0.0,4061,63.453125,8,64,8192,3840,0.0003381583728696569,"[0.6, 0.8, 0.8, 0.8, 0.0, 1.0, 0.8, 0.8, 0.8, 0.2, 1.0, 1.0, 0.2, 0.8, 0.8, 0.6]","[0.6, 0.8, 0.8, 0.8, 0.0, 1.0, 0.8, 0.8, 0.8, 0.2, 1.0, 1.0, 0.2, 0.8, 0.8, 0.6]",29f29ce679ccf85413d0c2026eafc56106772c0065d5c8f0313404874ea0b74c,experiments/mirror_applications/ma-451-pathnet-mirror-role/artifacts/payloads/45112_1_mirror_N64.pt
mirror,45112,1,3,16,64,0.0,4061,63.453125,8,64,8192,3840,0.0004656023738789372,"[0.6, 0.0, 0.8, 0.8, 0.6, 0.0, 0.0, 0.2, 0.2, 0.6, 0.4, 1.0, 0.0, 0.0, 0.4, 1.0]","[0.6, 0.0, 0.8, 0.8, 0.6, 0.0, 0.0, 0.2, 0.2, 0.6, 0.4, 1.0, 0.0, 0.0, 0.4, 1.0]",29f29ce679ccf85413d0c2026eafc56106772c0065d5c8f0313404874ea0b74c,experiments/mirror_applications/ma-451-pathnet-mirror-role/artifacts/payloads/45112_1_mirror_N64.pt
shared,45112,1,0,1,1,0.24484214186668396,2405,2405.0,2,0,8192,0,6.333300552796572e-05,[1.0],,ab0d9c084926619307068268195c896819d7be649d05bc3bb6bc097156e268af,experiments/mirror_applications/ma-451-pathnet-mirror-role/artifacts/payloads/45112_1_shared_N1.pt
shared,45112,1,0,5,20,0.2514778107404709,2405,120.25,2,0,8192,0,5.759899795521051e-05,"[1.0, 0.2, 0.2, 0.0, 0.8]",,ab0d9c084926619307068268195c896819d7be649d05bc3bb6bc097156e268af,experiments/mirror_applications/ma-451-pathnet-mirror-role/artifacts/payloads/45112_1_shared_N20.pt
shared,45112,1,1,5,20,0.4546813786029816,2405,120.25,2,0,8192,0,6.257060158532113e-05,"[0.4, 0.0, 0.6, 0.0, 0.4]",,ab0d9c084926619307068268195c896819d7be649d05bc3bb6bc097156e268af,experiments/mirror_applications/ma-451-pathnet-mirror-role/artifacts/payloads/45112_1_shared_N20.pt
shared,45112,1,2,5,20,0.41538158655166624,2405,120.25,2,0,8192,0,5.7303000357933345e-05,"[0.6, 0.8, 0.8, 0.8, 0.0]",,ab0d9c084926619307068268195c896819d7be649d05bc3bb6bc097156e268af,experiments/mirror_applications/ma-451-pathnet-mirror-role/artifacts/payloads/45112_1_shared_N20.pt
shared,45112,1,3,5,20,0.40425337553024293,2405,120.25,2,0,8192,0,5.903120036236942e-05,"[0.6, 0.0, 0.8, 0.8, 0.6]",,ab0d9c084926619307068268195c896819d7be649d05bc3bb6bc097156e268af,experiments/mirror_applications/ma-451-pathnet-mirror-role/artifacts/payloads/45112_1_shared_N20.pt
shared,45112,1,0,16,64,0.1898952485062182,2405,37.578125,2,0,8192,0,8.27266903797863e-05,"[1.0, 0.2, 0.2, 0.0, 0.8, 0.0, 1.0, 0.8, 0.6, 0.8, 0.2, 0.8, 0.8, 0.8, 0.6, 1.0]",,ab0d9c084926619307068268195c896819d7be649d05bc3bb6bc097156e268af,experiments/mirror_applications/ma-451-pathnet-mirror-role/artifacts/payloads/45112_1_shared_N64.pt
shared,45112,1,1,16,64,0.43359713815152645,2405,37.578125,2,0,8192,0,7.208968781924341e-05,"[0.4, 0.0, 0.6, 0.0, 0.4, 0.0, 0.6, 0.8, 0.6, 0.6, 0.2, 0.4, 0.0, 1.0, 0.8, 0.2]",,ab0d9c084926619307068268195c896819d7be649d05bc3bb6bc097156e268af,experiments/mirror_applications/ma-451-pathnet-mirror-role/artifacts/payloads/45112_1_shared_N64.pt
shared,45112,1,2,16,64,0.42444704845547676,2405,37.578125,2,0,8192,0,6.106981254561106e-05,"[0.6, 0.8, 0.8, 0.8, 0.0, 1.0, 0.8, 0.8, 0.8, 0.2, 1.0, 1.0, 0.2, 0.8, 0.8, 0.6]",,ab0d9c084926619307068268195c896819d7be649d05bc3bb6bc097156e268af,experiments/mirror_applications/ma-451-pathnet-mirror-role/artifacts/payloads/45112_1_shared_N64.pt
shared,45112,1,3,16,64,0.41969613544642925,2405,37.578125,2,0,8192,0,5.79556262891856e-05,"[0.6, 0.0, 0.8, 0.8, 0.6, 0.0, 0.0, 0.2, 0.2, 0.6, 0.4, 1.0, 0.0, 0.0, 0.4, 1.0]",,ab0d9c084926619307068268195c896819d7be649d05bc3bb6bc097156e268af,experiments/mirror_applications/ma-451-pathnet-mirror-role/artifacts/payloads/45112_1_shared_N64.pt
independent,45112,1,0,1,1,2.392914097981702e-07,1705,1705.0,2,0,8192,0,0.00014425299013964832,[1.0],,af4e5d61f8d376329f7c5b3b29361d5dd81c436c5a8660f13a599b62955be495,experiments/mirror_applications/ma-451-pathnet-mirror-role/artifacts/payloads/45112_1_independent_N1.pt
independent,45112,1,0,5,20,1.9412142790997677e-07,2921,146.05,40,0,8192,0,0.00011817079794127495,"[1.0, 0.2, 0.2, 0.0, 0.8]",,16777edb5a6aa661a0bb46310106ff8bc90e923882f0a75b1f80e5403f101cde,experiments/mirror_applications/ma-451-pathnet-mirror-role/artifacts/payloads/45112_1_independent_N20.pt
independent,45112,1,1,5,20,2.459162686818672e-07,2921,146.05,40,0,8192,0,8.423239924013615e-05,"[0.4, 0.0, 0.6, 0.0, 0.4]",,16777edb5a6aa661a0bb46310106ff8bc90e923882f0a75b1f80e5403f101cde,experiments/mirror_applications/ma-451-pathnet-mirror-role/artifacts/payloads/45112_1_independent_N20.pt
independent,45112,1,2,5,20,1.6566835654430178e-07,2921,146.05,40,0,8192,0,9.377879905514419e-05,"[0.6, 0.8, 0.8, 0.8, 0.0]",,16777edb5a6aa661a0bb46310106ff8bc90e923882f0a75b1f80e5403f101cde,experiments/mirror_applications/ma-451-pathnet-mirror-role/artifacts/payloads/45112_1_independent_N20.pt
independent,45112,1,3,5,20,1.579832485276711e-07,2921,146.05,40,0,8192,0,9.92529996437952e-05,"[0.6, 0.0, 0.8, 0.8, 0.6]",,16777edb5a6aa661a0bb46310106ff8bc90e923882f0a75b1f80e5403f101cde,experiments/mirror_applications/ma-451-pathnet-mirror-role/artifacts/payloads/45112_1_independent_N20.pt
independent,45112,1,0,16,64,1.918702605685496e-07,5737,89.640625,128,0,8192,0,0.0001040951874529128,"[1.0, 0.2, 0.2, 0.0, 0.8, 0.0, 1.0, 0.8, 0.6, 0.8, 0.2, 0.8, 0.8, 0.8, 0.6, 1.0]",,b0c85b020032c7027e9f5266b97056ae7f914c112c8dba5f8d3794e7706fbb4a,experiments/mirror_applications/ma-451-pathnet-mirror-role/artifacts/payloads/45112_1_independent_N64.pt
independent,45112,1,1,16,64,2.0159929370322516e-07,5737,89.640625,128,0,8192,0,8.805693778413115e-05,"[0.4, 0.0, 0.6, 0.0, 0.4, 0.0, 0.6, 0.8, 0.6, 0.6, 0.2, 0.4, 0.0, 1.0, 0.8, 0.2]",,b0c85b020032c7027e9f5266b97056ae7f914c112c8dba5f8d3794e7706fbb4a,experiments/mirror_applications/ma-451-pathnet-mirror-role/artifacts/payloads/45112_1_independent_N64.pt
independent,45112,1,2,16,64,1.8254891465119272e-07,5737,89.640625,128,0,8192,0,8.849906225805171e-05,"[0.6, 0.8, 0.8, 0.8, 0.0, 1.0, 0.8, 0.8, 0.8, 0.2, 1.0, 1.0, 0.2, 0.8, 0.8, 0.6]",,b0c85b020032c7027e9f5266b97056ae7f914c112c8dba5f8d3794e7706fbb4a,experiments/mirror_applications/ma-451-pathnet-mirror-role/artifacts/payloads/45112_1_independent_N64.pt
independent,45112,1,3,16,64,1.840547767528733e-07,5737,89.640625,128,0,8192,0,9.396668792760465e-05,"[0.6, 0.0, 0.8, 0.8, 0.6, 0.0, 0.0, 0.2, 0.2, 0.6, 0.4, 1.0, 0.0, 0.0, 0.4, 1.0]",,b0c85b020032c7027e9f5266b97056ae7f914c112c8dba5f8d3794e7706fbb4a,experiments/mirror_applications/ma-451-pathnet-mirror-role/artifacts/payloads/45112_1_independent_N64.pt
pathnet,45112,2,0,1,1,0.0,2845,2845.0,8,0,8192,0,0.00013264600420370698,[0.6],,b608f09b48c78ae27b53d154abbbea4d0bdb955ed0a3eea152a4822e42da779a,experiments/mirror_applications/ma-451-pathnet-mirror-role/artifacts/payloads/45112_2_pathnet_N1.pt
pathnet,45112,2,0,5,20,0.20427759885787963,3101,155.05,8,0,8192,0,9.088439983315766e-05,"[0.6, 0.8, 1.0, 0.0, 1.0]",,29d01f7057153146a8330598ef39a410dfb5660263e21ff7f4a03b9a325860c6,experiments/mirror_applications/ma-451-pathnet-mirror-role/artifacts/payloads/45112_2_pathnet_N20.pt
pathnet,45112,2,1,5,20,0.2560340493917465,3101,155.05,8,0,8192,0,6.455160037148744e-05,"[0.0, 0.2, 1.0, 1.0, 0.4]",,29d01f7057153146a8330598ef39a410dfb5660263e21ff7f4a03b9a325860c6,experiments/mirror_applications/ma-451-pathnet-mirror-role/artifacts/payloads/45112_2_pathnet_N20.pt
pathnet,45112,2,2,5,20,0.1961471125483513,3101,155.05,8,0,8192,0,8.242159965448082e-05,"[0.0, 0.2, 0.8, 0.8, 0.2]",,29d01f7057153146a8330598ef39a410dfb5660263e21ff7f4a03b9a325860c6,experiments/mirror_applications/ma-451-pathnet-mirror-role/artifacts/payloads/45112_2_pathnet_N20.pt
pathnet,45112,2,3,5,20,0.27132574319839475,3101,155.05,8,0,8192,0,7.814140117261559e-05,"[0.0, 1.0, 0.8, 0.8, 0.8]",,29d01f7057153146a8330598ef39a410dfb5660263e21ff7f4a03b9a325860c6,experiments/mirror_applications/ma-451-pathnet-mirror-role/artifacts/payloads/45112_2_pathnet_N20.pt
pathnet,45112,2,0,16,64,0.1882899021729827,3805,59.453125,8,0,8192,0,6.669350023003062e-05,"[0.6, 0.8, 1.0, 0.0, 1.0, 0.2, 1.0, 0.6, 0.0, 0.0, 1.0, 0.6, 1.0, 0.6, 0.6, 1.0]",,1edb1ceb5ae13766d434c8d39fbfd0f679973d628b72b1a38591d46f088bb414,experiments/mirror_applications/ma-451-pathnet-mirror-role/artifacts/payloads/45112_2_pathnet_N64.pt
pathnet,45112,2,1,16,64,0.20784017676487565,3805,59.453125,8,0,8192,0,0.00010189387194259325,"[0.0, 0.2, 1.0, 1.0, 0.4, 1.0, 0.0, 0.4, 0.8, 1.0, 0.4, 0.4, 0.4, 1.0, 0.8, 0.8]",,1edb1ceb5ae13766d434c8d39fbfd0f679973d628b72b1a38591d46f088bb414,experiments/mirror_applications/ma-451-pathnet-mirror-role/artifacts/payloads/45112_2_pathnet_N64.pt
pathnet,45112,2,2,16,64,0.13131323223933578,3805,59.453125,8,0,8192,0,6.21161270828452e-05,"[0.0, 0.2, 0.8, 0.8, 0.2, 0.6, 0.6, 0.8, 0.4, 0.8, 0.2, 0.4, 0.4, 0.2, 0.2, 0.4]",,1edb1ceb5ae13766d434c8d39fbfd0f679973d628b72b1a38591d46f088bb414,experiments/mirror_applications/ma-451-pathnet-mirror-role/artifacts/payloads/45112_2_pathnet_N64.pt
pathnet,45112,2,3,16,64,0.2376719550229609,3805,59.453125,8,0,8192,0,6.429437507904368e-05,"[0.0, 1.0, 0.8, 0.8, 0.8, 0.6, 1.0, 1.0, 0.4, 0.2, 0.0, 1.0, 1.0, 0.6, 0.8, 0.2]",,1edb1ceb5ae13766d434c8d39fbfd0f679973d628b72b1a38591d46f088bb414,experiments/mirror_applications/ma-451-pathnet-mirror-role/artifacts/payloads/45112_2_pathnet_N64.pt
mirror,45112,2,0,1,1,0.0,2845,2845.0,8,64,8192,3840,0.00031766999745741487,[0.6],[0.6],7d9436b1c9d14adf32547d24eea9cae1ba717703e47c5fc80fa27d7cd1af30ce,experiments/mirror_applications/ma-451-pathnet-mirror-role/artifacts/payloads/45112_2_mirror_N1.pt
mirror,45112,2,0,5,20,0.0,3165,158.25,8,64,8192,3840,0.0002992368012201041,"[0.6, 0.8, 1.0, 0.0, 1.0]","[0.6, 0.8, 1.0, 0.0, 1.0]",948a838698975938033cb7f41e189669d835588ea7871930bd2cb34f23197311,experiments/mirror_applications/ma-451-pathnet-mirror-role/artifacts/payloads/45112_2_mirror_N20.pt
mirror,45112,2,1,5,20,0.0,3165,158.25,8,64,8192,3840,0.00026610140048433095,"[0.0, 0.2, 1.0, 1.0, 0.4]","[0.0, 0.2, 1.0, 1.0, 0.4]",948a838698975938033cb7f41e189669d835588ea7871930bd2cb34f23197311,experiments/mirror_applications/ma-451-pathnet-mirror-role/artifacts/payloads/45112_2_mirror_N20.pt
mirror,45112,2,2,5,20,0.0,3165,158.25,8,64,8192,3840,0.00035848439729306846,"[0.0, 0.2, 0.8, 0.8, 0.2]","[0.0, 0.2, 0.8, 0.8, 0.2]",948a838698975938033cb7f41e189669d835588ea7871930bd2cb34f23197311,experiments/mirror_applications/ma-451-pathnet-mirror-role/artifacts/payloads/45112_2_mirror_N20.pt
mirror,45112,2,3,5,20,0.0,3165,158.25,8,64,8192,3840,0.00027328019496053457,"[0.0, 1.0, 0.8, 0.8, 0.8]","[0.0, 1.0, 0.8, 0.8, 0.8]",948a838698975938033cb7f41e189669d835588ea7871930bd2cb34f23197311,experiments/mirror_applications/ma-451-pathnet-mirror-role/artifacts/payloads/45112_2_mirror_N20.pt
mirror,45112,2,0,16,64,0.0,4061,63.453125,8,64,8192,3840,0.000229339939323836,"[0.6, 0.8, 1.0, 0.0, 1.0, 0.2, 1.0, 0.6, 0.0, 0.0, 1.0, 0.6, 1.0, 0.6, 0.6, 1.0]","[0.6, 0.8, 1.0, 0.0, 1.0, 0.2, 1.0, 0.6, 0.0, 0.0, 1.0, 0.6, 1.0, 0.6, 0.6, 1.0]",c8a86fe80ddb71be75a37431afe9caddd0f16c6d65007e9d4a443bfbc472b968,experiments/mirror_applications/ma-451-pathnet-mirror-role/artifacts/payloads/45112_2_mirror_N64.pt
mirror,45112,2,1,16,64,0.0,4061,63.453125,8,64,8192,3840,0.00022373656338459114,"[0.0, 0.2, 1.0, 1.0, 0.4, 1.0, 0.0, 0.4, 0.8, 1.0, 0.4, 0.4, 0.4, 1.0, 0.8, 0.8]","[0.0, 0.2, 1.0, 1.0, 0.4, 1.0, 0.0, 0.4, 0.8, 1.0, 0.4, 0.4, 0.4, 1.0, 0.8, 0.8]",c8a86fe80ddb71be75a37431afe9caddd0f16c6d65007e9d4a443bfbc472b968,experiments/mirror_applications/ma-451-pathnet-mirror-role/artifacts/payloads/45112_2_mirror_N64.pt
mirror,45112,2,2,16,64,0.0,4061,63.453125,8,64,8192,3840,0.0002744930607150309,"[0.0, 0.2, 0.8, 0.8, 0.2, 0.6, 0.6, 0.8, 0.4, 0.8, 0.2, 0.4, 0.4, 0.2, 0.2, 0.4]","[0.0, 0.2, 0.8, 0.8, 0.2, 0.6, 0.6, 0.8, 0.4, 0.8, 0.2, 0.4, 0.4, 0.2, 0.2, 0.4]",c8a86fe80ddb71be75a37431afe9caddd0f16c6d65007e9d4a443bfbc472b968,experiments/mirror_applications/ma-451-pathnet-mirror-role/artifacts/payloads/45112_2_mirror_N64.pt
mirror,45112,2,3,16,64,0.0,4061,63.453125,8,64,8192,3840,0.00022969968631514348,"[0.0, 1.0, 0.8, 0.8, 0.8, 0.6, 1.0, 1.0, 0.4, 0.2, 0.0, 1.0, 1.0, 0.6, 0.8, 0.2]","[0.0, 1.0, 0.8, 0.8, 0.8, 0.6, 1.0, 1.0, 0.4, 0.2, 0.0, 1.0, 1.0, 0.6, 0.8, 0.2]",c8a86fe80ddb71be75a37431afe9caddd0f16c6d65007e9d4a443bfbc472b968,experiments/mirror_applications/ma-451-pathnet-mirror-role/artifacts/payloads/45112_2_mirror_N64.pt
shared,45112,2,0,1,1,0.0,2405,2405.0,2,0,8192,0,5.669299571309239e-05,[0.6],,ab0d9c084926619307068268195c896819d7be649d05bc3bb6bc097156e268af,experiments/mirror_applications/ma-451-pathnet-mirror-role/artifacts/payloads/45112_2_shared_N1.pt
shared,45112,2,0,5,20,0.20427759885787963,2405,120.25,2,0,8192,0,6.567100062966346e-05,"[0.6, 0.8, 1.0, 0.0, 1.0]",,ab0d9c084926619307068268195c896819d7be649d05bc3bb6bc097156e268af,experiments/mirror_applications/ma-451-pathnet-mirror-role/artifacts/payloads/45112_2_shared_N20.pt
shared,45112,2,1,5,20,0.45354090332984925,2405,120.25,2,0,8192,0,5.466879811137915e-05,"[0.0, 0.2, 1.0, 1.0, 0.4]",,ab0d9c084926619307068268195c896819d7be649d05bc3bb6bc097156e268af,experiments/mirror_applications/ma-451-pathnet-mirror-role/artifacts/payloads/45112_2_shared_N20.pt
shared,45112,2,2,5,20,0.42092069387435915,2405,120.25,2,0,8192,0,0.0003771137970034033,"[0.0, 0.2, 0.8, 0.8, 0.2]",,ab0d9c084926619307068268195c896819d7be649d05bc3bb6bc097156e268af,experiments/mirror_applications/ma-451-pathnet-mirror-role/artifacts/payloads/45112_2_shared_N20.pt
shared,45112,2,3,5,20,0.43523832559585574,2405,120.25,2,0,8192,0,6.190960411913692e-05,"[0.0, 1.0, 0.8, 0.8, 0.8]",,ab0d9c084926619307068268195c896819d7be649d05bc3bb6bc097156e268af,experiments/mirror_applications/ma-451-pathnet-mirror-role/artifacts/payloads/45112_2_shared_N20.pt
shared,45112,2,0,16,64,0.1882899021729827,2405,37.578125,2,0,8192,0,9.533599859423703e-05,"[0.6, 0.8, 1.0, 0.0, 1.0, 0.2, 1.0, 0.6, 0.0, 0.0, 1.0, 0.6, 1.0, 0.6, 0.6, 1.0]",,ab0d9c084926619307068268195c896819d7be649d05bc3bb6bc097156e268af,experiments/mirror_applications/ma-451-pathnet-mirror-role/artifacts/payloads/45112_2_shared_N64.pt
shared,45112,2,1,16,64,0.4271903093904257,2405,37.578125,2,0,8192,0,4.666274890041677e-05,"[0.0, 0.2, 1.0, 1.0, 0.4, 1.0, 0.0, 0.4, 0.8, 1.0, 0.4, 0.4, 0.4, 1.0, 0.8, 0.8]",,ab0d9c084926619307068268195c896819d7be649d05bc3bb6bc097156e268af,experiments/mirror_applications/ma-451-pathnet-mirror-role/artifacts/payloads/45112_2_shared_N64.pt
shared,45112,2,2,16,64,0.3979781810194254,2405,37.578125,2,0,8192,0,0.00014979093612055294,"[0.0, 0.2, 0.8, 0.8, 0.2, 0.6, 0.6, 0.8, 0.4, 0.8, 0.2, 0.4, 0.4, 0.2, 0.2, 0.4]",,ab0d9c084926619307068268195c896819d7be649d05bc3bb6bc097156e268af,experiments/mirror_applications/ma-451-pathnet-mirror-role/artifacts/payloads/45112_2_shared_N64.pt
shared,45112,2,3,16,64,0.426742484793067,2405,37.578125,2,0,8192,0,5.503893680725014e-05,"[0.0, 1.0, 0.8, 0.8, 0.8, 0.6, 1.0, 1.0, 0.4, 0.2, 0.0, 1.0, 1.0, 0.6, 0.8, 0.2]",,ab0d9c084926619307068268195c896819d7be649d05bc3bb6bc097156e268af,experiments/mirror_applications/ma-451-pathnet-mirror-role/artifacts/payloads/45112_2_shared_N64.pt
independent,45112,2,0,1,1,1.1025264257114031e-07,1705,1705.0,2,0,8192,0,0.00018426300084684044,[0.6],,d33f66782a0d05fe69f36f1f9c9aba0f7198ae0347eefcfc7483236fa0cb2657,experiments/mirror_applications/ma-451-pathnet-mirror-role/artifacts/payloads/45112_2_independent_N1.pt
independent,45112,2,0,5,20,1.8941947530493052e-07,2921,146.05,40,0,8192,0,0.00012170419795438647,"[0.6, 0.8, 1.0, 0.0, 1.0]",,a5a21b9e9fa5d1441222d496390f7d464f6818af247b07a2ab25449247f7fc56,experiments/mirror_applications/ma-451-pathnet-mirror-role/artifacts/payloads/45112_2_independent_N20.pt
independent,45112,2,1,5,20,2.2714464762429997e-07,2921,146.05,40,0,8192,0,8.226939826272428e-05,"[0.0, 0.2, 1.0, 1.0, 0.4]",,a5a21b9e9fa5d1441222d496390f7d464f6818af247b07a2ab25449247f7fc56,experiments/mirror_applications/ma-451-pathnet-mirror-role/artifacts/payloads/45112_2_independent_N20.pt
independent,45112,2,2,5,20,1.326314730931699e-07,2921,146.05,40,0,8192,0,9.598580072633922e-05,"[0.0, 0.2, 0.8, 0.8, 0.2]",,a5a21b9e9fa5d1441222d496390f7d464f6818af247b07a2ab25449247f7fc56,experiments/mirror_applications/ma-451-pathnet-mirror-role/artifacts/payloads/45112_2_independent_N20.pt
independent,45112,2,3,5,20,1.4768089329209033e-07,2921,146.05,40,0,8192,0,0.0047470871999394145,"[0.0, 1.0, 0.8, 0.8, 0.8]",,a5a21b9e9fa5d1441222d496390f7d464f6818af247b07a2ab25449247f7fc56,experiments/mirror_applications/ma-451-pathnet-mirror-role/artifacts/payloads/45112_2_independent_N20.pt
independent,45112,2,0,16,64,1.788093366705823e-07,5737,89.640625,128,0,8192,0,9.492943627265049e-05,"[0.6, 0.8, 1.0, 0.0, 1.0, 0.2, 1.0, 0.6, 0.0, 0.0, 1.0, 0.6, 1.0, 0.6, 0.6, 1.0]",,516e346122b5a3b0a7e5625df213d89db7363be9e278cc551ef80607e19c684d,experiments/mirror_applications/ma-451-pathnet-mirror-role/artifacts/payloads/45112_2_independent_N64.pt
independent,45112,2,1,16,64,2.0436345771202014e-07,5737,89.640625,128,0,8192,0,8.065349993557902e-05,"[0.0, 0.2, 1.0, 1.0, 0.4, 1.0, 0.0, 0.4, 0.8, 1.0, 0.4, 0.4, 0.4, 1.0, 0.8, 0.8]",,516e346122b5a3b0a7e5625df213d89db7363be9e278cc551ef80607e19c684d,experiments/mirror_applications/ma-451-pathnet-mirror-role/artifacts/payloads/45112_2_independent_N64.pt
independent,45112,2,2,16,64,1.7129626206369153e-07,5737,89.640625,128,0,8192,0,9.69351840467425e-05,"[0.0, 0.2, 0.8, 0.8, 0.2, 0.6, 0.6, 0.8, 0.4, 0.8, 0.2, 0.4, 0.4, 0.2, 0.2, 0.4]",,516e346122b5a3b0a7e5625df213d89db7363be9e278cc551ef80607e19c684d,experiments/mirror_applications/ma-451-pathnet-mirror-role/artifacts/payloads/45112_2_independent_N64.pt
independent,45112,2,3,16,64,1.6844195105392146e-07,5737,89.640625,128,0,8192,0,0.0015410731239171582,"[0.0, 1.0, 0.8, 0.8, 0.8, 0.6, 1.0, 1.0, 0.4, 0.2, 0.0, 1.0, 1.0, 0.6, 0.8, 0.2]",,516e346122b5a3b0a7e5625df213d89db7363be9e278cc551ef80607e19c684d,experiments/mirror_applications/ma-451-pathnet-mirror-role/artifacts/payloads/45112_2_independent_N64.pt
