split_role,condition,world_or_seed,stage_task,evaluated_task,method,learning_rate,serialized_bytes,incremental_bytes,resume_bytes,train_examples,optimizer_updates,active_compute_proxy,wall_time_s,teacher_kl,teacher_top1_agreement,ece,inference_batch_size,inference_repeats,inference_wall_time_s,inference_examples_per_s
development,aligned,20801,0,0,hard_tie,0.003,1220,0,3545,0,0,0,0,0,1,0.556384584605,0,0,0,0
development,aligned,20801,0,0,sequential_shared,0.003,1549,320,6524,38400,300,9830400,0.106763345,0,1,0.556384611205,0,0,0,0
development,aligned,20801,0,0,mirror_view,0.003,1242,19,4873,38400,300,10598400,0.194589733001,0,1,0.556384584605,0,0,0,0
development,aligned,20801,0,0,multihead,0.003,1531,310,6524,38400,300,12441600,0.177126130999,0,1,0.556384611205,0,0,0,0
development,aligned,20801,0,0,lora_rank2,0.003,1422,200,6140,38400,300,11366400,0.158362153001,4.74724426436e-11,1,0.556384584605,0,0,0,0
development,aligned,20801,0,0,hypernet_rank2,0.003,2914,1688,6221,0,0,0,0,0,1,0.556384584605,0,0,0,0
development,aligned,20801,0,0,independent_full,0.003,2424,1196,5513,0,0,0,0,0,1,0.556384584605,0,0,0,0
development,aligned,20801,1,0,hard_tie,0.003,1221,1,3545,0,0,0,0,0,1,0.549819687905,0,0,0,0
development,aligned,20801,1,1,hard_tie,0.003,1221,1,3545,0,0,0,0,0.00232992367819,0.92333984375,0.481134840622,0,0,0,0
development,aligned,20801,1,0,sequential_shared,0.003,1550,321,6524,38400,300,9830400,0.238916759001,0.00264671584591,0.91455078125,0.466981008038,0,0,0,0
development,aligned,20801,1,1,sequential_shared,0.003,1550,321,6524,38400,300,9830400,0.238916759001,6.20671736229e-10,1,0.560662631178,0,0,0,0
development,aligned,20801,1,0,mirror_view,0.003,1262,39,5884,38400,300,10598400,0.294853546002,0,1,0.549819687905,0,0,0,0
development,aligned,20801,1,1,mirror_view,0.003,1262,39,5884,38400,300,10598400,0.294853546002,8.70927942742e-06,0.99560546875,0.555873422563,0,0,0,0
development,aligned,20801,1,0,multihead,0.003,1842,621,9380,38400,300,12441600,0.136210200999,0,1,0.549819714855,0,0,0,0
development,aligned,20801,1,1,multihead,0.003,1842,621,9380,38400,300,12441600,0.136210200999,2.34918132946e-07,1,0.560684807337,0,0,0,0
development,aligned,20801,1,0,lora_rank2,0.003,1623,401,8612,38400,300,11366400,0.132551885999,0,1,0.549819688342,0,0,0,0
development,aligned,20801,1,1,lora_rank2,0.003,1623,401,8612,38400,300,11366400,0.132551885999,3.28177884512e-05,0.990234375,0.550468151952,0,0,0,0
development,aligned,20801,1,0,hypernet_rank2,0.003,2915,1689,11440,38400,300,23654400,0.293486193001,0,1,0.549819687905,0,0,0,0
development,aligned,20801,1,1,hypernet_rank2,0.003,2915,1689,11440,38400,300,23654400,0.293486193001,1.74472580827e-09,1,0.560662531032,0,0,0,0
development,aligned,20801,1,0,independent_full,0.003,3621,2393,7676,0,0,0,0,0,1,0.549819687905,0,0,0,0
development,aligned,20801,1,1,independent_full,0.003,3621,2393,7676,0,0,0,0,6.41342479124e-10,1,0.560662558855,0,0,0,0
development,aligned,20801,2,0,hard_tie,0.003,1222,2,3545,0,0,0,0,0,1,0.556415615953,0,0,0,0
development,aligned,20801,2,1,hard_tie,0.003,1222,2,3545,0,0,0,0,0.00227501685731,0.90771484375,0.468172813358,0,0,0,0
development,aligned,20801,2,2,hard_tie,0.003,1222,2,3545,0,0,0,0,0.00106066907756,0.9462890625,0.50171494094,0,0,0,0
development,aligned,20801,2,0,sequential_shared,0.003,1551,322,6524,38400,300,9830400,0.195729182,0.000952105561737,0.95458984375,0.51499116898,0,0,0,0
development,aligned,20801,2,1,sequential_shared,0.003,1551,322,6524,38400,300,9830400,0.195729182,0.0054210643284,0.861328125,0.425072670856,0,0,0,0
development,aligned,20801,2,2,sequential_shared,0.003,1551,322,6524,38400,300,9830400,0.195729182,1.52402312992e-09,1,0.559434400027,0,0,0,0
development,aligned,20801,2,0,mirror_view,0.003,1282,59,6960,38400,300,10598400,0.187265026998,5.48896705865e-10,1,0.556415615953,0,0,0,0
development,aligned,20801,2,1,mirror_view,0.003,1282,59,6960,38400,300,10598400,0.187265026998,8.52241828397e-06,0.9931640625,0.555910914118,0,0,0,0
development,aligned,20801,2,2,mirror_view,0.003,1282,59,6960,38400,300,10598400,0.187265026998,1.48042589299e-09,1,0.559427324217,0,0,0,0
development,aligned,20801,2,0,multihead,0.003,2153,932,12236,38400,300,12441600,0.158479286001,0,1,0.556415626343,0,0,0,0
development,aligned,20801,2,1,multihead,0.003,2153,932,12236,38400,300,12441600,0.158479286001,2.18379582861e-07,0.9990234375,0.562143017858,0,0,0,0
development,aligned,20801,2,2,multihead,0.003,2153,932,12236,38400,300,12441600,0.158479286001,0,1,0.559434101684,0,0,0,0
development,aligned,20801,2,0,lora_rank2,0.003,1824,602,11084,38400,300,11366400,0.393022397999,0,1,0.556415616302,0,0,0,0
development,aligned,20801,2,1,lora_rank2,0.003,1824,602,11084,38400,300,11366400,0.393022397999,3.35931545123e-05,0.98876953125,0.551486176992,0,0,0,0
development,aligned,20801,2,2,lora_rank2,0.003,1824,602,11084,38400,300,11366400,0.393022397999,1.16839655675e-05,0.99462890625,0.554796418874,0,0,0,0
development,aligned,20801,2,0,hypernet_rank2,0.003,2916,1690,11440,38400,300,23654400,0.477051513,0,1,0.556415615953,0,0,0,0
development,aligned,20801,2,1,hypernet_rank2,0.003,2916,1690,11440,38400,300,23654400,0.477051513,0.00160371267702,0.916015625,0.484988598895,0,0,0,0
development,aligned,20801,2,2,hypernet_rank2,0.003,2916,1690,11440,38400,300,23654400,0.477051513,3.56795410994e-08,0.9990234375,0.558453130361,0,0,0,0
development,aligned,20801,2,0,independent_full,0.003,4818,3590,9776,0,0,0,0,0,1,0.556415615953,0,0,0,0
development,aligned,20801,2,1,independent_full,0.003,4818,3590,9776,0,0,0,0,1.16480658452e-10,1,0.563096068276,0,0,0,0
development,aligned,20801,2,2,independent_full,0.003,4818,3590,9776,0,0,0,0,2.01345426443e-10,1,0.559434616647,0,0,0,0
development,aligned,20801,3,0,hard_tie,0.003,1223,3,3545,0,0,0,0,0,1,0.555568607961,0,0,0,0
development,aligned,20801,3,1,hard_tie,0.003,1223,3,3545,0,0,0,0,0.00227179331705,0.92236328125,0.477760194335,0,0,0,0
development,aligned,20801,3,2,hard_tie,0.003,1223,3,3545,0,0,0,0,0.00103965855669,0.94970703125,0.507306417858,0,0,0,0
development,aligned,20801,3,3,hard_tie,0.003,1223,3,3545,0,0,0,0,0.000133444438688,0.982421875,0.538653531257,0,0,0,0
development,aligned,20801,3,0,sequential_shared,0.003,1552,323,6524,38400,300,9830400,0.142813946,0.000120865697681,0.98291015625,0.539479406376,0,0,0,0
development,aligned,20801,3,1,sequential_shared,0.003,1552,323,6524,38400,300,9830400,0.142813946,0.00333720864728,0.904296875,0.460893075273,0,0,0,0
development,aligned,20801,3,2,sequential_shared,0.003,1552,323,6524,38400,300,9830400,0.142813946,0.000420520460466,0.96630859375,0.525064126618,0,0,0,0
development,aligned,20801,3,3,sequential_shared,0.003,1552,323,6524,38400,300,9830400,0.142813946,2.01386196608e-09,1,0.557461361022,0,0,0,0
development,aligned,20801,3,0,mirror_view,0.003,1302,79,8036,38400,300,10598400,0.187541815001,3.2944724726e-10,1,0.555568609649,0,0,0,0
development,aligned,20801,3,1,mirror_view,0.003,1302,79,8036,38400,300,10598400,0.187541815001,8.32335899759e-06,0.99560546875,0.551865929534,0,0,0,0
development,aligned,20801,3,2,mirror_view,0.003,1302,79,8036,38400,300,10598400,0.187541815001,4.18570555993e-09,1,0.561469738401,0,0,0,0
development,aligned,20801,3,3,mirror_view,0.003,1302,79,8036,38400,300,10598400,0.187541815001,0,1,0.557459820702,0,0,0,0
development,aligned,20801,3,0,multihead,0.003,2464,1243,15284,38400,300,12441600,0.178651082999,0,1,0.555568650103,0,0,0,0
development,aligned,20801,3,1,multihead,0.003,2464,1243,15284,38400,300,12441600,0.178651082999,2.30750046626e-07,0.99951171875,0.556087478122,0,0,0,0
development,aligned,20801,3,2,multihead,0.003,2464,1243,15284,38400,300,12441600,0.178651082999,3.30146465721e-09,1,0.561476396455,0,0,0,0
development,aligned,20801,3,3,multihead,0.003,2464,1243,15284,38400,300,12441600,0.178651082999,2.12214334994e-09,1,0.557459834352,0,0,0,0
development,aligned,20801,3,0,lora_rank2,0.003,2025,803,13812,38400,300,11366400,0.150947040001,2.54240739572e-10,1,0.555568609649,0,0,0,0
development,aligned,20801,3,1,lora_rank2,0.003,2025,803,13812,38400,300,11366400,0.150947040001,3.51621310983e-05,0.99169921875,0.547918438504,0,0,0,0
development,aligned,20801,3,2,lora_rank2,0.003,2025,803,13812,38400,300,11366400,0.150947040001,1.21938328448e-05,0.99755859375,0.559785172809,0,0,0,0
development,aligned,20801,3,3,lora_rank2,0.003,2025,803,13812,38400,300,11366400,0.150947040001,2.13883117794e-06,0.9970703125,0.55470950625,0,0,0,0
development,aligned,20801,3,0,hypernet_rank2,0.003,2917,1691,11440,38400,300,23654400,0.242416590001,0,1,0.555568607961,0,0,0,0
development,aligned,20801,3,1,hypernet_rank2,0.003,2917,1691,11440,38400,300,23654400,0.242416590001,0.00121677282732,0.939453125,0.500323404267,0,0,0,0
development,aligned,20801,3,2,hypernet_rank2,0.003,2917,1691,11440,38400,300,23654400,0.242416590001,8.12743746792e-05,0.98388671875,0.541577900876,0,0,0,0
development,aligned,20801,3,3,hypernet_rank2,0.003,2917,1691,11440,38400,300,23654400,0.242416590001,2.74102207598e-09,1,0.557458875846,0,0,0,0
development,aligned,20801,3,0,independent_full,0.003,6015,4787,11940,0,0,0,0,0,1,0.555568607961,0,0,0,0
development,aligned,20801,3,1,independent_full,0.003,6015,4787,11940,0,0,0,0,0,1,0.556573334237,0,0,0,0
development,aligned,20801,3,2,independent_full,0.003,6015,4787,11940,0,0,0,0,3.21808496517e-10,1,0.561476989998,0,0,0,0
development,aligned,20801,3,3,independent_full,0.003,6015,4787,11940,0,0,0,0,0,1,0.557459818956,0,0,0,0
development,aligned,20801,4,0,hard_tie,0.003,1224,4,3545,0,0,0,0,0,1,0.558332661516,2048,50,0.00266641199778,38403667.5822
development,aligned,20801,4,1,hard_tie,0.003,1224,4,3545,0,0,0,0,0.00238915788941,0.91845703125,0.478441901971,2048,50,0.00266641199778,38403667.5822
development,aligned,20801,4,2,hard_tie,0.003,1224,4,3545,0,0,0,0,0.00096137978835,0.9521484375,0.510482154757,2048,50,0.00266641199778,38403667.5822
development,aligned,20801,4,3,hard_tie,0.003,1224,4,3545,0,0,0,0,0.000136385016958,0.98095703125,0.536784767784,2048,50,0.00266641199778,38403667.5822
development,aligned,20801,4,4,hard_tie,0.003,1224,4,3545,0,0,0,0,0.000315389537718,0.9765625,0.525656038284,2048,50,0.00266641199778,38403667.5822
development,aligned,20801,4,0,sequential_shared,0.003,1553,324,6524,38400,300,9830400,0.166362650998,0.000317180878483,0.9736328125,0.533639822621,2048,50,0.00512277199959,19989177.7358
development,aligned,20801,4,1,sequential_shared,0.003,1553,324,6524,38400,300,9830400,0.166362650998,0.00415384583175,0.89306640625,0.454519408668,2048,50,0.00512277199959,19989177.7358
development,aligned,20801,4,2,sequential_shared,0.003,1553,324,6524,38400,300,9830400,0.166362650998,0.000180899500265,0.978515625,0.538485053665,2048,50,0.00512277199959,19989177.7358
development,aligned,20801,4,3,sequential_shared,0.003,1553,324,6524,38400,300,9830400,0.166362650998,4.12756016885e-05,0.9833984375,0.541557988035,2048,50,0.00512277199959,19989177.7358
development,aligned,20801,4,4,sequential_shared,0.003,1553,324,6524,38400,300,9830400,0.166362650998,0,1,0.551147112972,2048,50,0.00512277199959,19989177.7358
development,aligned,20801,4,0,mirror_view,0.003,1322,99,9112,38400,300,10598400,0.236371229999,0,1,0.558332661516,2048,50,0.00624794599935,16389386.2096
development,aligned,20801,4,1,mirror_view,0.003,1322,99,9112,38400,300,10598400,0.236371229999,8.86350971996e-06,0.99462890625,0.556600344687,2048,50,0.00624794599935,16389386.2096
development,aligned,20801,4,2,mirror_view,0.003,1322,99,9112,38400,300,10598400,0.236371229999,2.4021169498e-09,1,0.561951090785,2048,50,0.00624794599935,16389386.2096
development,aligned,20801,4,3,mirror_view,0.003,1322,99,9112,38400,300,10598400,0.236371229999,0,1,0.55723345463,2048,50,0.00624794599935,16389386.2096
development,aligned,20801,4,4,mirror_view,0.003,1322,99,9112,38400,300,10598400,0.236371229999,0,1,0.55114705913,2048,50,0.00624794599935,16389386.2096
development,aligned,20801,4,0,multihead,0.003,2775,1554,18332,38400,300,12441600,0.171280798,0,1,0.558332689689,2048,50,0.00228290599989,44855110.1118
development,aligned,20801,4,1,multihead,0.003,2775,1554,18332,38400,300,12441600,0.171280798,2.25696652478e-07,0.99853515625,0.560886501014,2048,50,0.00228290599989,44855110.1118
development,aligned,20801,4,2,multihead,0.003,2775,1554,18332,38400,300,12441600,0.171280798,6.13224915291e-10,1,0.561957601749,2048,50,0.00228290599989,44855110.1118
development,aligned,20801,4,3,multihead,0.003,2775,1554,18332,38400,300,12441600,0.171280798,1.9230483872e-09,1,0.557233478932,2048,50,0.00228290599989,44855110.1118
development,aligned,20801,4,4,multihead,0.003,2775,1554,18332,38400,300,12441600,0.171280798,0,1,0.5511471215,2048,50,0.00228290599989,44855110.1118
development,aligned,20801,4,0,lora_rank2,0.003,2226,1004,16476,38400,300,11366400,0.155297619,0,1,0.558332663029,2048,50,0.00365924700236,27983899.4017
development,aligned,20801,4,1,lora_rank2,0.003,2226,1004,16476,38400,300,11366400,0.155297619,3.24290376739e-05,0.98828125,0.550303416123,2048,50,0.00365924700236,27983899.4017
development,aligned,20801,4,2,lora_rank2,0.003,2226,1004,16476,38400,300,11366400,0.155297619,1.30680828079e-05,0.99169921875,0.554440491076,2048,50,0.00365924700236,27983899.4017
development,aligned,20801,4,3,lora_rank2,0.003,2226,1004,16476,38400,300,11366400,0.155297619,2.10604093809e-06,0.99853515625,0.555955082353,2048,50,0.00365924700236,27983899.4017
development,aligned,20801,4,4,lora_rank2,0.003,2226,1004,16476,38400,300,11366400,0.155297619,7.12684098403e-08,0.99951171875,0.550675246981,2048,50,0.00365924700236,27983899.4017
development,aligned,20801,4,0,hypernet_rank2,0.003,2918,1692,11440,38400,300,23654400,0.311189688,0,1,0.558332661516,2048,50,0.00866910200057,11812065.4242
development,aligned,20801,4,1,hypernet_rank2,0.003,2918,1692,11440,38400,300,23654400,0.311189688,0.00143341650255,0.935546875,0.500872189092,2048,50,0.00866910200057,11812065.4242
development,aligned,20801,4,2,hypernet_rank2,0.003,2918,1692,11440,38400,300,23654400,0.311189688,7.04009944457e-05,0.97998046875,0.53819913778,2048,50,0.00866910200057,11812065.4242
development,aligned,20801,4,3,hypernet_rank2,0.003,2918,1692,11440,38400,300,23654400,0.311189688,4.50897096016e-06,0.99609375,0.55371497196,2048,50,0.00866910200057,11812065.4242
development,aligned,20801,4,4,hypernet_rank2,0.003,2918,1692,11440,38400,300,23654400,0.311189688,2.12284145817e-09,1,0.551146899146,2048,50,0.00866910200057,11812065.4242
development,aligned,20801,4,0,independent_full,0.003,7212,5984,14104,0,0,0,0,0,1,0.558332661516,2048,50,0.00250273199708,40915287.8212
development,aligned,20801,4,1,independent_full,0.003,7212,5984,14104,0,0,0,0,0,1,0.562324007828,2048,50,0.00250273199708,40915287.8212
development,aligned,20801,4,2,independent_full,0.003,7212,5984,14104,0,0,0,0,0,1,0.561958152073,2048,50,0.00250273199708,40915287.8212
development,aligned,20801,4,3,independent_full,0.003,7212,5984,14104,0,0,0,0,1.20248450086e-10,1,0.557233462285,2048,50,0.00250273199708,40915287.8212
development,aligned,20801,4,4,independent_full,0.003,7212,5984,14104,0,0,0,0,0,1,0.551147091785,2048,50,0.00250273199708,40915287.8212
development,aligned,20801,0,0,hard_tie,0.01,1220,0,3545,0,0,0,0,0,1,0.556384584605,0,0,0,0
development,aligned,20801,0,0,sequential_shared,0.01,1549,320,6524,38400,300,9830400,0.168136223001,0,1,0.556384704832,0,0,0,0
development,aligned,20801,0,0,mirror_view,0.01,1242,19,4873,38400,300,10598400,0.199063953998,0,1,0.556384584605,0,0,0,0
development,aligned,20801,0,0,multihead,0.01,1531,310,6524,38400,300,12441600,0.182677386001,0,1,0.556384704832,0,0,0,0
development,aligned,20801,0,0,lora_rank2,0.01,1422,200,6140,38400,300,11366400,0.199759133,5.64241819934e-10,1,0.556384584605,0,0,0,0
development,aligned,20801,0,0,hypernet_rank2,0.01,2914,1688,6221,0,0,0,0,0,1,0.556384584605,0,0,0,0
development,aligned,20801,0,0,independent_full,0.01,2424,1196,5513,0,0,0,0,0,1,0.556384584605,0,0,0,0
development,aligned,20801,1,0,hard_tie,0.01,1221,1,3545,0,0,0,0,0,1,0.549819687905,0,0,0,0
development,aligned,20801,1,1,hard_tie,0.01,1221,1,3545,0,0,0,0,0.00232992367819,0.92333984375,0.481134840622,0,0,0,0
development,aligned,20801,1,0,sequential_shared,0.01,1550,321,6524,38400,300,9830400,0.227240062002,0.00264671607874,0.91455078125,0.466981018108,0,0,0,0
development,aligned,20801,1,1,sequential_shared,0.01,1550,321,6524,38400,300,9830400,0.227240062002,0,1,0.560662672855,0,0,0,0
development,aligned,20801,1,0,mirror_view,0.01,1262,39,5884,38400,300,10598400,0.277057975003,0,1,0.549819687905,0,0,0,0
development,aligned,20801,1,1,mirror_view,0.01,1262,39,5884,38400,300,10598400,0.277057975003,7.31291471823e-10,1,0.560662500269,0,0,0,0
development,aligned,20801,1,0,multihead,0.01,1842,621,9380,38400,300,12441600,0.155375992999,7.68594410339e-10,1,0.54981977187,0,0,0,0
development,aligned,20801,1,1,multihead,0.01,1842,621,9380,38400,300,12441600,0.155375992999,5.09108382118e-08,1,0.560652980435,0,0,0,0
development,aligned,20801,1,0,lora_rank2,0.01,1623,401,8612,38400,300,11366400,0.102984117999,0,1,0.549819688342,0,0,0,0
development,aligned,20801,1,1,lora_rank2,0.01,1623,401,8612,38400,300,11366400,0.102984117999,1.34240153216e-07,0.99951171875,0.560170254757,0,0,0,0
development,aligned,20801,1,0,hypernet_rank2,0.01,2915,1689,11440,38400,300,23654400,0.331221569002,0,1,0.549819687905,0,0,0,0
development,aligned,20801,1,1,hypernet_rank2,0.01,2915,1689,11440,38400,300,23654400,0.331221569002,0,1,0.560662561358,0,0,0,0
development,aligned,20801,1,0,independent_full,0.01,3621,2393,7676,0,0,0,0,0,1,0.549819687905,0,0,0,0
development,aligned,20801,1,1,independent_full,0.01,3621,2393,7676,0,0,0,0,6.41342479124e-10,1,0.560662558855,0,0,0,0
development,aligned,20801,2,0,hard_tie,0.01,1222,2,3545,0,0,0,0,0,1,0.556415615953,0,0,0,0
development,aligned,20801,2,1,hard_tie,0.01,1222,2,3545,0,0,0,0,0.00227501685731,0.90771484375,0.468172813358,0,0,0,0
development,aligned,20801,2,2,hard_tie,0.01,1222,2,3545,0,0,0,0,0.00106066907756,0.9462890625,0.50171494094,0,0,0,0
development,aligned,20801,2,0,sequential_shared,0.01,1551,322,6524,38400,300,9830400,0.175042440998,0.000954047602136,0.95458984375,0.514993050136,0,0,0,0
development,aligned,20801,2,1,sequential_shared,0.01,1551,322,6524,38400,300,9830400,0.175042440998,0.00542510766536,0.861328125,0.425072717626,0,0,0,0
development,aligned,20801,2,2,sequential_shared,0.01,1551,322,6524,38400,300,9830400,0.175042440998,0,1,0.559434932977,0,0,0,0
development,aligned,20801,2,0,mirror_view,0.01,1282,59,6960,38400,300,10598400,0.161841339999,0,1,0.556415615953,0,0,0,0
development,aligned,20801,2,1,mirror_view,0.01,1282,59,6960,38400,300,10598400,0.161841339999,0,1,0.563096007361,0,0,0,0
development,aligned,20801,2,2,mirror_view,0.01,1282,59,6960,38400,300,10598400,0.161841339999,0,1,0.559434581315,0,0,0,0
development,aligned,20801,2,0,multihead,0.01,2153,932,12236,38400,300,12441600,0.119101991,0,1,0.556415702304,0,0,0,0
development,aligned,20801,2,1,multihead,0.01,2153,932,12236,38400,300,12441600,0.119101991,5.14671114615e-08,0.99951171875,0.562601390848,0,0,0,0
development,aligned,20801,2,2,multihead,0.01,2153,932,12236,38400,300,12441600,0.119101991,0,1,0.559434785566,0,0,0,0
development,aligned,20801,2,0,lora_rank2,0.01,1824,602,11084,38400,300,11366400,0.117380834003,1.00083596966e-09,1,0.556415615953,0,0,0,0
development,aligned,20801,2,1,lora_rank2,0.01,1824,602,11084,38400,300,11366400,0.117380834003,1.28878738792e-07,0.9990234375,0.562119102775,0,0,0,0
development,aligned,20801,2,2,lora_rank2,0.01,1824,602,11084,38400,300,11366400,0.117380834003,9.0512173756e-07,0.99951171875,0.559054770507,0,0,0,0
development,aligned,20801,2,0,hypernet_rank2,0.01,2916,1690,11440,38400,300,23654400,0.228026330999,0,1,0.556415615953,0,0,0,0
development,aligned,20801,2,1,hypernet_rank2,0.01,2916,1690,11440,38400,300,23654400,0.228026330999,0.00363619555719,0.87353515625,0.436816233152,0,0,0,0
development,aligned,20801,2,2,hypernet_rank2,0.01,2916,1690,11440,38400,300,23654400,0.228026330999,7.63105489909e-09,1,0.559433609305,0,0,0,0
development,aligned,20801,2,0,independent_full,0.01,4818,3590,9776,0,0,0,0,0,1,0.556415615953,0,0,0,0
development,aligned,20801,2,1,independent_full,0.01,4818,3590,9776,0,0,0,0,1.16480658452e-10,1,0.563096068276,0,0,0,0
development,aligned,20801,2,2,independent_full,0.01,4818,3590,9776,0,0,0,0,2.01345426443e-10,1,0.559434616647,0,0,0,0
development,aligned,20801,3,0,hard_tie,0.01,1223,3,3545,0,0,0,0,0,1,0.555568607961,0,0,0,0
development,aligned,20801,3,1,hard_tie,0.01,1223,3,3545,0,0,0,0,0.00227179331705,0.92236328125,0.477760194335,0,0,0,0
development,aligned,20801,3,2,hard_tie,0.01,1223,3,3545,0,0,0,0,0.00103965855669,0.94970703125,0.507306417858,0,0,0,0
development,aligned,20801,3,3,hard_tie,0.01,1223,3,3545,0,0,0,0,0.000133444438688,0.982421875,0.538653531257,0,0,0,0
development,aligned,20801,3,0,sequential_shared,0.01,1552,323,6524,38400,300,9830400,0.137030946,0.000120761586004,0.98291015625,0.539478119492,0,0,0,0
development,aligned,20801,3,1,sequential_shared,0.01,1552,323,6524,38400,300,9830400,0.137030946,0.00333672203124,0.904296875,0.460892112998,0,0,0,0
development,aligned,20801,3,2,sequential_shared,0.01,1552,323,6524,38400,300,9830400,0.137030946,0.000420779106207,0.96630859375,0.525062658009,0,0,0,0
development,aligned,20801,3,3,sequential_shared,0.01,1552,323,6524,38400,300,9830400,0.137030946,4.63120292116e-10,1,0.557459962263,0,0,0,0
development,aligned,20801,3,0,mirror_view,0.01,1302,79,8036,38400,300,10598400,0.131825377997,0,1,0.555568609649,0,0,0,0
development,aligned,20801,3,1,mirror_view,0.01,1302,79,8036,38400,300,10598400,0.131825377997,1.41161349276e-09,1,0.556573226844,0,0,0,0
development,aligned,20801,3,2,mirror_view,0.01,1302,79,8036,38400,300,10598400,0.131825377997,2.98860292069e-09,1,0.561476954754,0,0,0,0
development,aligned,20801,3,3,mirror_view,0.01,1302,79,8036,38400,300,10598400,0.131825377997,0,1,0.557459818956,0,0,0,0
development,aligned,20801,3,0,multihead,0.01,2464,1243,15284,38400,300,12441600,0.103981120003,1.84982096307e-09,1,0.555568691838,0,0,0,0
development,aligned,20801,3,1,multihead,0.01,2464,1243,15284,38400,300,12441600,0.103981120003,5.09374729063e-08,0.9990234375,0.55559451622,0,0,0,0
development,aligned,20801,3,2,multihead,0.01,2464,1243,15284,38400,300,12441600,0.103981120003,1.37087985408e-09,1,0.561477168027,0,0,0,0
development,aligned,20801,3,3,multihead,0.01,2464,1243,15284,38400,300,12441600,0.103981120003,2.96854523185e-07,0.998046875,0.555738254392,0,0,0,0
development,aligned,20801,3,0,lora_rank2,0.01,2025,803,13812,38400,300,11366400,0.107104775001,5.19391307741e-10,1,0.555568607961,0,0,0,0
development,aligned,20801,3,1,lora_rank2,0.01,2025,803,13812,38400,300,11366400,0.107104775001,1.29256079617e-07,0.99951171875,0.556082109717,0,0,0,0
development,aligned,20801,3,2,lora_rank2,0.01,2025,803,13812,38400,300,11366400,0.107104775001,9.28201245642e-07,0.9990234375,0.56064267215,0,0,0,0
development,aligned,20801,3,3,lora_rank2,0.01,2025,803,13812,38400,300,11366400,0.107104775001,2.11223749602e-07,1,0.557502950367,0,0,0,0
development,aligned,20801,3,0,hypernet_rank2,0.01,2917,1691,11440,38400,300,23654400,0.197461312,0,1,0.555568607961,0,0,0,0
development,aligned,20801,3,1,hypernet_rank2,0.01,2917,1691,11440,38400,300,23654400,0.197461312,0.00269308267161,0.90869140625,0.463724775575,0,0,0,0
development,aligned,20801,3,2,hypernet_rank2,0.01,2917,1691,11440,38400,300,23654400,0.197461312,0.00135689834133,0.94140625,0.50210263356,0,0,0,0
development,aligned,20801,3,3,hypernet_rank2,0.01,2917,1691,11440,38400,300,23654400,0.197461312,1.87764159776e-09,1,0.557459708536,0,0,0,0
development,aligned,20801,3,0,independent_full,0.01,6015,4787,11940,0,0,0,0,0,1,0.555568607961,0,0,0,0
development,aligned,20801,3,1,independent_full,0.01,6015,4787,11940,0,0,0,0,0,1,0.556573334237,0,0,0,0
development,aligned,20801,3,2,independent_full,0.01,6015,4787,11940,0,0,0,0,3.21808496517e-10,1,0.561476989998,0,0,0,0
development,aligned,20801,3,3,independent_full,0.01,6015,4787,11940,0,0,0,0,0,1,0.557459818956,0,0,0,0
development,aligned,20801,4,0,hard_tie,0.01,1224,4,3545,0,0,0,0,0,1,0.558332661516,2048,50,0.00397005299965,25793106.5427
development,aligned,20801,4,1,hard_tie,0.01,1224,4,3545,0,0,0,0,0.00238915788941,0.91845703125,0.478441901971,2048,50,0.00397005299965,25793106.5427
development,aligned,20801,4,2,hard_tie,0.01,1224,4,3545,0,0,0,0,0.00096137978835,0.9521484375,0.510482154757,2048,50,0.00397005299965,25793106.5427
development,aligned,20801,4,3,hard_tie,0.01,1224,4,3545,0,0,0,0,0.000136385016958,0.98095703125,0.536784767784,2048,50,0.00397005299965,25793106.5427
development,aligned,20801,4,4,hard_tie,0.01,1224,4,3545,0,0,0,0,0.000315389537718,0.9765625,0.525656038284,2048,50,0.00397005299965,25793106.5427
development,aligned,20801,4,0,sequential_shared,0.01,1553,324,6524,38400,300,9830400,0.112987680001,0.00031719612889,0.9736328125,0.533639895613,2048,50,0.00220891600111,46357579.8937
development,aligned,20801,4,1,sequential_shared,0.01,1553,324,6524,38400,300,9830400,0.112987680001,0.00415391707793,0.89306640625,0.454519474326,2048,50,0.00220891600111,46357579.8937
development,aligned,20801,4,2,sequential_shared,0.01,1553,324,6524,38400,300,9830400,0.112987680001,0.000180888528121,0.978515625,0.538485103985,2048,50,0.00220891600111,46357579.8937
development,aligned,20801,4,3,sequential_shared,0.01,1553,324,6524,38400,300,9830400,0.112987680001,4.12819208577e-05,0.9833984375,0.541558067314,2048,50,0.00220891600111,46357579.8937
development,aligned,20801,4,4,sequential_shared,0.01,1553,324,6524,38400,300,9830400,0.112987680001,1.46303091864e-09,1,0.5511471754,2048,50,0.00220891600111,46357579.8937
development,aligned,20801,4,0,mirror_view,0.01,1322,99,9112,38400,300,10598400,0.162863416001,0,1,0.558332661516,2048,50,0.00597572600236,17135993.1763
development,aligned,20801,4,1,mirror_view,0.01,1322,99,9112,38400,300,10598400,0.162863416001,2.13071421618e-10,1,0.562323987164,2048,50,0.00597572600236,17135993.1763
development,aligned,20801,4,2,mirror_view,0.01,1322,99,9112,38400,300,10598400,0.162863416001,1.25062654677e-10,1,0.561958097416,2048,50,0.00597572600236,17135993.1763
development,aligned,20801,4,3,mirror_view,0.01,1322,99,9112,38400,300,10598400,0.162863416001,0,1,0.557233445928,2048,50,0.00597572600236,17135993.1763
development,aligned,20801,4,4,mirror_view,0.01,1322,99,9112,38400,300,10598400,0.162863416001,0,1,0.551147069375,2048,50,0.00597572600236,17135993.1763
development,aligned,20801,4,0,multihead,0.01,2775,1554,18332,38400,300,12441600,0.122767666999,0,1,0.558332759334,2048,50,0.00320956499854,31904635.0663
development,aligned,20801,4,1,multihead,0.01,2775,1554,18332,38400,300,12441600,0.122767666999,4.81728079649e-08,0.9990234375,0.561331908393,2048,50,0.00320956499854,31904635.0663
development,aligned,20801,4,2,multihead,0.01,2775,1554,18332,38400,300,12441600,0.122767666999,4.85767204239e-10,1,0.561958303559,2048,50,0.00320956499854,31904635.0663
development,aligned,20801,4,3,multihead,0.01,2775,1554,18332,38400,300,12441600,0.122767666999,3.00496594718e-07,0.99755859375,0.555026902759,2048,50,0.00320956499854,31904635.0663
development,aligned,20801,4,4,multihead,0.01,2775,1554,18332,38400,300,12441600,0.122767666999,1.9776245086e-09,1,0.551147177088,2048,50,0.00320956499854,31904635.0663
development,aligned,20801,4,0,lora_rank2,0.01,2226,1004,16476,38400,300,11366400,0.108410449,0,1,0.558332661516,2048,50,0.00324303399975,31575370.4734
development,aligned,20801,4,1,lora_rank2,0.01,2226,1004,16476,38400,300,11366400,0.108410449,1.21914652595e-07,0.9990234375,0.56134907619,2048,50,0.00324303399975,31575370.4734
development,aligned,20801,4,2,lora_rank2,0.01,2226,1004,16476,38400,300,11366400,0.108410449,9.69404936768e-07,0.998046875,0.56013460955,2048,50,0.00324303399975,31575370.4734
development,aligned,20801,4,3,lora_rank2,0.01,2226,1004,16476,38400,300,11366400,0.108410449,2.04768383583e-07,1,0.557277388871,2048,50,0.00324303399975,31575370.4734
development,aligned,20801,4,4,lora_rank2,0.01,2226,1004,16476,38400,300,11366400,0.108410449,0,1,0.551148079947,2048,50,0.00324303399975,31575370.4734
development,aligned,20801,4,0,hypernet_rank2,0.01,2918,1692,11440,38400,300,23654400,0.185921813001,0,1,0.558332661516,2048,50,0.00458525899739,22332435.3233
development,aligned,20801,4,1,hypernet_rank2,0.01,2918,1692,11440,38400,300,23654400,0.185921813001,0.0038599439431,0.884765625,0.442433887525,2048,50,0.00458525899739,22332435.3233
development,aligned,20801,4,2,hypernet_rank2,0.01,2918,1692,11440,38400,300,23654400,0.185921813001,0.00100760674104,0.94775390625,0.507140318252,2048,50,0.00458525899739,22332435.3233
development,aligned,20801,4,3,hypernet_rank2,0.01,2918,1692,11440,38400,300,23654400,0.185921813001,0.000148638340761,0.96923828125,0.527301422902,2048,50,0.00458525899739,22332435.3233
development,aligned,20801,4,4,hypernet_rank2,0.01,2918,1692,11440,38400,300,23654400,0.185921813001,8.45533920657e-10,1,0.55114740337,2048,50,0.00458525899739,22332435.3233
development,aligned,20801,4,0,independent_full,0.01,7212,5984,14104,0,0,0,0,0,1,0.558332661516,2048,50,0.00230011800159,44519455.0581
development,aligned,20801,4,1,independent_full,0.01,7212,5984,14104,0,0,0,0,0,1,0.562324007828,2048,50,0.00230011800159,44519455.0581
development,aligned,20801,4,2,independent_full,0.01,7212,5984,14104,0,0,0,0,0,1,0.561958152073,2048,50,0.00230011800159,44519455.0581
development,aligned,20801,4,3,independent_full,0.01,7212,5984,14104,0,0,0,0,1.20248450086e-10,1,0.557233462285,2048,50,0.00230011800159,44519455.0581
development,aligned,20801,4,4,independent_full,0.01,7212,5984,14104,0,0,0,0,0,1,0.551147091785,2048,50,0.00230011800159,44519455.0581
development,aligned,20802,0,0,hard_tie,0.003,1220,0,3545,0,0,0,0,0,1,0.525221558317,0,0,0,0
development,aligned,20802,0,0,sequential_shared,0.003,1549,320,6524,38400,300,9830400,0.105922741001,0,1,0.525221566146,0,0,0,0
development,aligned,20802,0,0,mirror_view,0.003,1242,19,4873,38400,300,10598400,0.159684620001,7.56273044189e-10,1,0.525221558317,0,0,0,0
development,aligned,20802,0,0,multihead,0.003,1531,310,6524,38400,300,12441600,0.108403333001,0,1,0.525221566146,0,0,0,0
development,aligned,20802,0,0,lora_rank2,0.003,1422,200,6140,38400,300,11366400,0.114497458999,7.02507607642e-10,1,0.525221558317,0,0,0,0
development,aligned,20802,0,0,hypernet_rank2,0.003,2914,1688,6221,0,0,0,0,0,1,0.525221558317,0,0,0,0
development,aligned,20802,0,0,independent_full,0.003,2424,1196,5513,0,0,0,0,0,1,0.525221558317,0,0,0,0
development,aligned,20802,1,0,hard_tie,0.003,1221,1,3545,0,0,0,0,0,1,0.524643963523,0,0,0,0
development,aligned,20802,1,1,hard_tie,0.003,1221,1,3545,0,0,0,0,0.000445267156465,0.96728515625,0.499751051539,0,0,0,0
development,aligned,20802,1,0,sequential_shared,0.003,1550,321,6524,38400,300,9830400,0.111954414999,0.000448807200882,0.9736328125,0.497474649164,0,0,0,0
development,aligned,20802,1,1,sequential_shared,0.003,1550,321,6524,38400,300,9830400,0.111954414999,8.46296366319e-10,1,0.531364768394,0,0,0,0
development,aligned,20802,1,0,mirror_view,0.003,1262,39,5884,38400,300,10598400,0.172772383001,7.24423854237e-10,1,0.524643957033,0,0,0,0
development,aligned,20802,1,1,mirror_view,0.003,1262,39,5884,38400,300,10598400,0.172772383001,1.24031501514e-07,1,0.531364262424,0,0,0,0
development,aligned,20802,1,0,multihead,0.003,1842,621,9380,38400,300,12441600,0.108729234998,2.492521467e-10,1,0.524643965153,0,0,0,0
development,aligned,20802,1,1,multihead,0.003,1842,621,9380,38400,300,12441600,0.108729234998,0,1,0.531364752213,0,0,0,0
development,aligned,20802,1,0,lora_rank2,0.003,1623,401,8612,38400,300,11366400,0.120110341999,3.35842464949e-11,1,0.524643963523,0,0,0,0
development,aligned,20802,1,1,lora_rank2,0.003,1623,401,8612,38400,300,11366400,0.120110341999,1.71200576915e-06,0.998046875,0.52931541967,0,0,0,0
development,aligned,20802,1,0,hypernet_rank2,0.003,2915,1689,11440,38400,300,23654400,0.281968563999,0,1,0.524643963523,0,0,0,0
development,aligned,20802,1,1,hypernet_rank2,0.003,2915,1689,11440,38400,300,23654400,0.281968563999,0,1,0.531364746799,0,0,0,0
development,aligned,20802,1,0,independent_full,0.003,3621,2393,7676,0,0,0,0,0,1,0.524643963523,0,0,0,0
development,aligned,20802,1,1,independent_full,0.003,3621,2393,7676,0,0,0,0,0,1,0.53136474319,0,0,0,0
development,aligned,20802,2,0,hard_tie,0.003,1222,2,3545,0,0,0,0,0,1,0.525054087077,0,0,0,0
development,aligned,20802,2,1,hard_tie,0.003,1222,2,3545,0,0,0,0,0.000489055528305,0.97509765625,0.504769110761,0,0,0,0
development,aligned,20802,2,2,hard_tie,0.003,1222,2,3545,0,0,0,0,0.000507138611283,0.97802734375,0.498134239548,0,0,0,0
development,aligned,20802,2,0,sequential_shared,0.003,1551,322,6524,38400,300,9830400,0.113618298001,0.000463939562906,0.97509765625,0.49964080393,0,0,0,0
development,aligned,20802,2,1,sequential_shared,0.003,1551,322,6524,38400,300,9830400,0.113618298001,3.91995257587e-07,0.998046875,0.527377407736,0,0,0,0
development,aligned,20802,2,2,sequential_shared,0.003,1551,322,6524,38400,300,9830400,0.113618298001,0,1,0.519133488793,0,0,0,0
development,aligned,20802,2,0,mirror_view,0.003,1282,59,6960,38400,300,10598400,0.167031143003,9.78786052208e-10,1,0.525054086902,0,0,0,0
development,aligned,20802,2,1,mirror_view,0.003,1282,59,6960,38400,300,10598400,0.167031143003,1.33953719228e-07,0.9990234375,0.528310116992,0,0,0,0
development,aligned,20802,2,2,mirror_view,0.003,1282,59,6960,38400,300,10598400,0.167031143003,2.33758129298e-07,0.9990234375,0.518146937451,0,0,0,0
development,aligned,20802,2,0,multihead,0.003,2153,932,12236,38400,300,12441600,0.107020046999,1.49736112398e-10,1,0.52505405806,0,0,0,0
development,aligned,20802,2,1,multihead,0.003,2153,932,12236,38400,300,12441600,0.107020046999,0,1,0.529303282819,0,0,0,0
development,aligned,20802,2,2,multihead,0.003,2153,932,12236,38400,300,12441600,0.107020046999,0,1,0.519133496011,0,0,0,0
development,aligned,20802,2,0,lora_rank2,0.003,1824,602,11084,38400,300,11366400,0.109063250002,0,1,0.525054087077,0,0,0,0
development,aligned,20802,2,1,lora_rank2,0.003,1824,602,11084,38400,300,11366400,0.109063250002,1.79042524451e-06,0.99658203125,0.52578692438,0,0,0,0
development,aligned,20802,2,2,lora_rank2,0.003,1824,602,11084,38400,300,11366400,0.109063250002,5.1428542065e-06,0.9951171875,0.514221365971,0,0,0,0
development,aligned,20802,2,0,hypernet_rank2,0.003,2916,1690,11440,38400,300,23654400,0.194696638002,0,1,0.525054087077,0,0,0,0
development,aligned,20802,2,1,hypernet_rank2,0.003,2916,1690,11440,38400,300,23654400,0.194696638002,4.91577411594e-05,0.98828125,0.517491857725,0,0,0,0
development,aligned,20802,2,2,hypernet_rank2,0.003,2916,1690,11440,38400,300,23654400,0.194696638002,0,1,0.519133448659,0,0,0,0
development,aligned,20802,2,0,independent_full,0.003,4818,3590,9776,0,0,0,0,0,1,0.525054087077,0,0,0,0
development,aligned,20802,2,1,independent_full,0.003,4818,3590,9776,0,0,0,0,0,1,0.529303268297,0,0,0,0
development,aligned,20802,2,2,independent_full,0.003,4818,3590,9776,0,0,0,0,1.14426274012e-10,1,0.519133457477,0,0,0,0
development,aligned,20802,3,0,hard_tie,0.003,1223,3,3545,0,0,0,0,0,1,0.532173353655,0,0,0,0
development,aligned,20802,3,1,hard_tie,0.003,1223,3,3545,0,0,0,0,0.000459583214251,0.97705078125,0.50295547492,0,0,0,0
development,aligned,20802,3,2,hard_tie,0.003,1223,3,3545,0,0,0,0,0.000509680481628,0.96923828125,0.4993654032,0,0,0,0
development,aligned,20802,3,3,hard_tie,0.003,1223,3,3545,0,0,0,0,0.000793260405771,0.96435546875,0.48853038525,0,0,0,0
development,aligned,20802,3,0,sequential_shared,0.003,1552,323,6524,38400,300,9830400,0.102365066999,0.000783052935731,0.95068359375,0.485728803644,0,0,0,0
development,aligned,20802,3,1,sequential_shared,0.003,1552,323,6524,38400,300,9830400,0.102365066999,0.00220011849888,0.9453125,0.474155047123,0,0,0,0
development,aligned,20802,3,2,sequential_shared,0.003,1552,323,6524,38400,300,9830400,0.102365066999,0.0023632759694,0.93408203125,0.468137552642,0,0,0,0
development,aligned,20802,3,3,sequential_shared,0.003,1552,323,6524,38400,300,9830400,0.102365066999,1.54298429589e-09,1,0.526903198246,0,0,0,0
development,aligned,20802,3,0,mirror_view,0.003,1302,79,8036,38400,300,10598400,0.159751834999,1.29164109963e-10,1,0.532173347456,0,0,0,0
development,aligned,20802,3,1,mirror_view,0.003,1302,79,8036,38400,300,10598400,0.159751834999,1.28782872366e-07,1,0.525381322484,0,0,0,0
development,aligned,20802,3,2,mirror_view,0.003,1302,79,8036,38400,300,10598400,0.159751834999,2.35460817066e-07,0.998046875,0.527078145707,0,0,0,0
development,aligned,20802,3,3,mirror_view,0.003,1302,79,8036,38400,300,10598400,0.159751834999,1.61599723469e-06,0.99853515625,0.5252980644,0,0,0,0
development,aligned,20802,3,0,multihead,0.003,2464,1243,15284,38400,300,12441600,0.116552518,0,1,0.532173356565,0,0,0,0
development,aligned,20802,3,1,multihead,0.003,2464,1243,15284,38400,300,12441600,0.116552518,0,1,0.52539224361,0,0,0,0
development,aligned,20802,3,2,multihead,0.003,2464,1243,15284,38400,300,12441600,0.116552518,0,1,0.52903334712,0,0,0,0
development,aligned,20802,3,3,multihead,0.003,2464,1243,15284,38400,300,12441600,0.116552518,6.88966106388e-10,1,0.526903198508,0,0,0,0
development,aligned,20802,3,0,lora_rank2,0.003,2025,803,13812,38400,300,11366400,0.117888449,0,1,0.532173353655,0,0,0,0
development,aligned,20802,3,1,lora_rank2,0.003,2025,803,13812,38400,300,11366400,0.117888449,1.73362911937e-06,0.998046875,0.5233483958,0,0,0,0
development,aligned,20802,3,2,lora_rank2,0.003,2025,803,13812,38400,300,11366400,0.117888449,5.21192623637e-06,0.9951171875,0.524087946716,0,0,0,0
development,aligned,20802,3,3,lora_rank2,0.003,2025,803,13812,38400,300,11366400,0.117888449,9.91873093881e-06,0.99462890625,0.521730442299,0,0,0,0
development,aligned,20802,3,0,hypernet_rank2,0.003,2917,1691,11440,38400,300,23654400,0.182950140003,0,1,0.532173353655,0,0,0,0
development,aligned,20802,3,1,hypernet_rank2,0.003,2917,1691,11440,38400,300,23654400,0.182950140003,0.000656735268421,0.94482421875,0.473946266662,0,0,0,0
development,aligned,20802,3,2,hypernet_rank2,0.003,2917,1691,11440,38400,300,23654400,0.182950140003,0.000835940940305,0.947265625,0.482121379187,0,0,0,0
development,aligned,20802,3,3,hypernet_rank2,0.003,2917,1691,11440,38400,300,23654400,0.182950140003,8.93586760142e-10,1,0.526903058751,0,0,0,0
development,aligned,20802,3,0,independent_full,0.003,6015,4787,11940,0,0,0,0,0,1,0.532173353655,0,0,0,0
development,aligned,20802,3,1,independent_full,0.003,6015,4787,11940,0,0,0,0,0,1,0.525392242067,0,0,0,0
development,aligned,20802,3,2,independent_full,0.003,6015,4787,11940,0,0,0,0,1.09552970862e-10,1,0.529033317871,0,0,0,0
development,aligned,20802,3,3,independent_full,0.003,6015,4787,11940,0,0,0,0,2.11989051313e-10,1,0.526903073915,0,0,0,0
development,aligned,20802,4,0,hard_tie,0.003,1224,4,3545,0,0,0,0,0,1,0.529495164315,2048,50,0.00219799899787,46587828.338
development,aligned,20802,4,1,hard_tie,0.003,1224,4,3545,0,0,0,0,0.000460071692942,0.9765625,0.504760175711,2048,50,0.00219799899787,46587828.338
development,aligned,20802,4,2,hard_tie,0.003,1224,4,3545,0,0,0,0,0.000518761924468,0.97216796875,0.496372932335,2048,50,0.00219799899787,46587828.338
development,aligned,20802,4,3,hard_tie,0.003,1224,4,3545,0,0,0,0,0.000785044801887,0.958984375,0.488086739613,2048,50,0.00219799899787,46587828.338
development,aligned,20802,4,4,hard_tie,0.003,1224,4,3545,0,0,0,0,2.32911388593e-05,0.99462890625,0.522150545061,2048,50,0.00219799899787,46587828.338
development,aligned,20802,4,0,sequential_shared,0.003,1553,324,6524,38400,300,9830400,0.107914043001,2.50427219726e-05,0.99267578125,0.522680063237,2048,50,0.00211748800211,48359187.8196
development,aligned,20802,4,1,sequential_shared,0.003,1553,324,6524,38400,300,9830400,0.107914043001,0.000686793937348,0.97216796875,0.500869922224,2048,50,0.00211748800211,48359187.8196
development,aligned,20802,4,2,sequential_shared,0.003,1553,324,6524,38400,300,9830400,0.107914043001,0.00076887087198,0.96484375,0.489689565467,2048,50,0.00211748800211,48359187.8196
development,aligned,20802,4,3,sequential_shared,0.003,1553,324,6524,38400,300,9830400,0.107914043001,0.0005369153223,0.9658203125,0.495404963323,2048,50,0.00211748800211,48359187.8196
development,aligned,20802,4,4,sequential_shared,0.003,1553,324,6524,38400,300,9830400,0.107914043001,0,1,0.528045264975,2048,50,0.00211748800211,48359187.8196
development,aligned,20802,4,0,mirror_view,0.003,1322,99,9112,38400,300,10598400,0.171623459002,6.8828870381e-10,1,0.529495164315,2048,50,0.00540387000001,18949382.5721
development,aligned,20802,4,1,mirror_view,0.003,1322,99,9112,38400,300,10598400,0.171623459002,1.25106552673e-07,0.9990234375,0.526401817508,2048,50,0.00540387000001,18949382.5721
development,aligned,20802,4,2,mirror_view,0.003,1322,99,9112,38400,300,10598400,0.171623459002,2.37868164277e-07,0.99951171875,0.522334157547,2048,50,0.00540387000001,18949382.5721
development,aligned,20802,4,3,mirror_view,0.003,1322,99,9112,38400,300,10598400,0.171623459002,1.59041064762e-06,0.998046875,0.530076614348,2048,50,0.00540387000001,18949382.5721
development,aligned,20802,4,4,mirror_view,0.003,1322,99,9112,38400,300,10598400,0.171623459002,0,1,0.528045208164,2048,50,0.00540387000001,18949382.5721
development,aligned,20802,4,0,multihead,0.003,2775,1554,18332,38400,300,12441600,0.110118976001,9.27644350224e-10,1,0.529495209368,2048,50,0.00229069700072,44702551.2182
development,aligned,20802,4,1,multihead,0.003,2775,1554,18332,38400,300,12441600,0.110118976001,0,1,0.527386680566,2048,50,0.00229069700072,44702551.2182
development,aligned,20802,4,2,multihead,0.003,2775,1554,18332,38400,300,12441600,0.110118976001,1.56139684515e-10,1,0.522825651627,2048,50,0.00229069700072,44702551.2182
development,aligned,20802,4,3,multihead,0.003,2775,1554,18332,38400,300,12441600,0.110118976001,8.17670486875e-10,1,0.532172740815,2048,50,0.00229069700072,44702551.2182
development,aligned,20802,4,4,multihead,0.003,2775,1554,18332,38400,300,12441600,0.110118976001,0,1,0.528045237355,2048,50,0.00229069700072,44702551.2182
development,aligned,20802,4,0,lora_rank2,0.003,2226,1004,16476,38400,300,11366400,0.123838597003,1.25169374865e-09,1,0.529495164315,2048,50,0.0034019449995,30100427.8479
development,aligned,20802,4,1,lora_rank2,0.003,2226,1004,16476,38400,300,11366400,0.123838597003,1.78579034582e-06,0.99755859375,0.524843629537,2048,50,0.0034019449995,30100427.8479
development,aligned,20802,4,2,lora_rank2,0.003,2226,1004,16476,38400,300,11366400,0.123838597003,5.60771604796e-06,0.99560546875,0.518394174549,2048,50,0.0034019449995,30100427.8479
development,aligned,20802,4,3,lora_rank2,0.003,2226,1004,16476,38400,300,11366400,0.123838597003,1.05303670352e-05,0.99609375,0.528439274058,2048,50,0.0034019449995,30100427.8479
development,aligned,20802,4,4,lora_rank2,0.003,2226,1004,16476,38400,300,11366400,0.123838597003,4.59148310483e-07,0.99853515625,0.526572018716,2048,50,0.0034019449995,30100427.8479
development,aligned,20802,4,0,hypernet_rank2,0.003,2918,1692,11440,38400,300,23654400,0.197227683999,0,1,0.529495164315,2048,50,0.00382952499785,26739608.7132
development,aligned,20802,4,1,hypernet_rank2,0.003,2918,1692,11440,38400,300,23654400,0.197227683999,0.000470447121188,0.97021484375,0.497842263663,2048,50,0.00382952499785,26739608.7132
development,aligned,20802,4,2,hypernet_rank2,0.003,2918,1692,11440,38400,300,23654400,0.197227683999,0.000535903847776,0.95947265625,0.484306369952,2048,50,0.00382952499785,26739608.7132
development,aligned,20802,4,3,hypernet_rank2,0.003,2918,1692,11440,38400,300,23654400,0.197227683999,0.00015127788356,0.9794921875,0.509537001053,2048,50,0.00382952499785,26739608.7132
development,aligned,20802,4,4,hypernet_rank2,0.003,2918,1692,11440,38400,300,23654400,0.197227683999,5.55440124117e-07,0.99951171875,0.527508479892,2048,50,0.00382952499785,26739608.7132
development,aligned,20802,4,0,independent_full,0.003,7212,5984,14104,0,0,0,0,0,1,0.529495164315,2048,50,0.00197658400066,51806551.083
development,aligned,20802,4,1,independent_full,0.003,7212,5984,14104,0,0,0,0,0,1,0.527386632777,2048,50,0.00197658400066,51806551.083
development,aligned,20802,4,2,independent_full,0.003,7212,5984,14104,0,0,0,0,4.12835071684e-10,1,0.522825575114,2048,50,0.00197658400066,51806551.083
development,aligned,20802,4,3,independent_full,0.003,7212,5984,14104,0,0,0,0,6.77834038898e-11,1,0.532172571809,2048,50,0.00197658400066,51806551.083
development,aligned,20802,4,4,independent_full,0.003,7212,5984,14104,0,0,0,0,4.08069134039e-10,1,0.528045208164,2048,50,0.00197658400066,51806551.083
development,aligned,20802,0,0,hard_tie,0.01,1220,0,3545,0,0,0,0,0,1,0.525221558317,0,0,0,0
development,aligned,20802,0,0,sequential_shared,0.01,1549,320,6524,38400,300,9830400,0.105570035001,1.89636112369e-10,1,0.525221626536,0,0,0,0
development,aligned,20802,0,0,mirror_view,0.01,1242,19,4873,38400,300,10598400,0.147585773,3.99319577404e-10,1,0.525221558317,0,0,0,0
development,aligned,20802,0,0,multihead,0.01,1531,310,6524,38400,300,12441600,0.107879787003,1.89636112369e-10,1,0.525221626536,0,0,0,0
development,aligned,20802,0,0,lora_rank2,0.01,1422,200,6140,38400,300,11366400,0.113547376,0,1,0.525221558317,0,0,0,0
development,aligned,20802,0,0,hypernet_rank2,0.01,2914,1688,6221,0,0,0,0,0,1,0.525221558317,0,0,0,0
development,aligned,20802,0,0,independent_full,0.01,2424,1196,5513,0,0,0,0,0,1,0.525221558317,0,0,0,0
development,aligned,20802,1,0,hard_tie,0.01,1221,1,3545,0,0,0,0,0,1,0.524643963523,0,0,0,0
development,aligned,20802,1,1,hard_tie,0.01,1221,1,3545,0,0,0,0,0.000445267156465,0.96728515625,0.499751051539,0,0,0,0
development,aligned,20802,1,0,sequential_shared,0.01,1550,321,6524,38400,300,9830400,0.109174269001,0.00044880688074,0.9736328125,0.497474669508,0,0,0,0
development,aligned,20802,1,1,sequential_shared,0.01,1550,321,6524,38400,300,9830400,0.109174269001,1.46533130074e-09,1,0.53136477893,0,0,0,0
development,aligned,20802,1,0,mirror_view,0.01,1262,39,5884,38400,300,10598400,0.152521876,4.51955584069e-10,1,0.524643963523,0,0,0,0
development,aligned,20802,1,1,mirror_view,0.01,1262,39,5884,38400,300,10598400,0.152521876,0,1,0.531364759838,0,0,0,0
development,aligned,20802,1,0,multihead,0.01,1842,621,9380,38400,300,12441600,0.109288234002,0,1,0.52464400648,0,0,0,0
development,aligned,20802,1,1,multihead,0.01,1842,621,9380,38400,300,12441600,0.109288234002,1.44026557347e-09,1,0.531364787748,0,0,0,0
development,aligned,20802,1,0,lora_rank2,0.01,1623,401,8612,38400,300,11366400,0.103008468002,0,1,0.524643963523,0,0,0,0
development,aligned,20802,1,1,lora_rank2,0.01,1623,401,8612,38400,300,11366400,0.103008468002,3.9149056219e-10,1,0.531364759576,0,0,0,0
development,aligned,20802,1,0,hypernet_rank2,0.01,2915,1689,11440,38400,300,23654400,0.192320552,0,1,0.524643963523,0,0,0,0
development,aligned,20802,1,1,hypernet_rank2,0.01,2915,1689,11440,38400,300,23654400,0.192320552,0,1,0.531364748575,0,0,0,0
development,aligned,20802,1,0,independent_full,0.01,3621,2393,7676,0,0,0,0,0,1,0.524643963523,0,0,0,0
development,aligned,20802,1,1,independent_full,0.01,3621,2393,7676,0,0,0,0,0,1,0.53136474319,0,0,0,0
development,aligned,20802,2,0,hard_tie,0.01,1222,2,3545,0,0,0,0,0,1,0.525054087077,0,0,0,0
development,aligned,20802,2,1,hard_tie,0.01,1222,2,3545,0,0,0,0,0.000489055528305,0.97509765625,0.504769110761,0,0,0,0
development,aligned,20802,2,2,hard_tie,0.01,1222,2,3545,0,0,0,0,0.000507138611283,0.97802734375,0.498134239548,0,0,0,0
development,aligned,20802,2,0,sequential_shared,0.01,1551,322,6524,38400,300,9830400,0.110668662001,0.000463937816676,0.97509765625,0.499640822061,0,0,0,0
development,aligned,20802,2,1,sequential_shared,0.01,1551,322,6524,38400,300,9830400,0.110668662001,3.91426169699e-07,0.998046875,0.527377410908,0,0,0,0
development,aligned,20802,2,2,sequential_shared,0.01,1551,322,6524,38400,300,9830400,0.110668662001,0,1,0.51913349083,0,0,0,0
development,aligned,20802,2,0,mirror_view,0.01,1282,59,6960,38400,300,10598400,0.151794705998,0,1,0.525054087077,0,0,0,0
development,aligned,20802,2,1,mirror_view,0.01,1282,59,6960,38400,300,10598400,0.151794705998,0,1,0.529303268297,0,0,0,0
development,aligned,20802,2,2,mirror_view,0.01,1282,59,6960,38400,300,10598400,0.151794705998,0,1,0.51913345544,0,0,0,0
development,aligned,20802,2,0,multihead,0.01,2153,932,12236,38400,300,12441600,0.127617760001,1.24288002112e-09,1,0.525054125726,0,0,0,0
development,aligned,20802,2,1,multihead,0.01,2153,932,12236,38400,300,12441600,0.127617760001,0,1,0.529303294083,0,0,0,0
development,aligned,20802,2,2,multihead,0.01,2153,932,12236,38400,300,12441600,0.127617760001,0,1,0.519133496826,0,0,0,0
development,aligned,20802,2,0,lora_rank2,0.01,1824,602,11084,38400,300,11366400,0.210220436998,2.00178831844e-11,1,0.525054076425,0,0,0,0
development,aligned,20802,2,1,lora_rank2,0.01,1824,602,11084,38400,300,11366400,0.210220436998,0,1,0.529303268297,0,0,0,0
development,aligned,20802,2,2,lora_rank2,0.01,1824,602,11084,38400,300,11366400,0.210220436998,0,1,0.519133447669,0,0,0,0
development,aligned,20802,2,0,hypernet_rank2,0.01,2916,1690,11440,38400,300,23654400,0.261418483002,0,1,0.525054087077,0,0,0,0
development,aligned,20802,2,1,hypernet_rank2,0.01,2916,1690,11440,38400,300,23654400,0.261418483002,4.59350558231e-05,0.98876953125,0.517929798574,0,0,0,0
development,aligned,20802,2,2,hypernet_rank2,0.01,2916,1690,11440,38400,300,23654400,0.261418483002,0,1,0.519133465627,0,0,0,0
development,aligned,20802,2,0,independent_full,0.01,4818,3590,9776,0,0,0,0,0,1,0.525054087077,0,0,0,0
development,aligned,20802,2,1,independent_full,0.01,4818,3590,9776,0,0,0,0,0,1,0.529303268297,0,0,0,0
development,aligned,20802,2,2,independent_full,0.01,4818,3590,9776,0,0,0,0,1.14426274012e-10,1,0.519133457477,0,0,0,0
development,aligned,20802,3,0,hard_tie,0.01,1223,3,3545,0,0,0,0,0,1,0.532173353655,0,0,0,0
development,aligned,20802,3,1,hard_tie,0.01,1223,3,3545,0,0,0,0,0.000459583214251,0.97705078125,0.50295547492,0,0,0,0
development,aligned,20802,3,2,hard_tie,0.01,1223,3,3545,0,0,0,0,0.000509680481628,0.96923828125,0.4993654032,0,0,0,0
development,aligned,20802,3,3,hard_tie,0.01,1223,3,3545,0,0,0,0,0.000793260405771,0.96435546875,0.48853038525,0,0,0,0
development,aligned,20802,3,0,sequential_shared,0.01,1552,323,6524,38400,300,9830400,0.092123866998,0.000783057359513,0.95068359375,0.485728776461,0,0,0,0
development,aligned,20802,3,1,sequential_shared,0.01,1552,323,6524,38400,300,9830400,0.092123866998,0.00220011826605,0.9453125,0.474155082105,0,0,0,0
development,aligned,20802,3,2,sequential_shared,0.01,1552,323,6524,38400,300,9830400,0.092123866998,0.00236327806488,0.93408203125,0.468137593445,0,0,0,0
development,aligned,20802,3,3,sequential_shared,0.01,1552,323,6524,38400,300,9830400,0.092123866998,2.97516122849e-10,1,0.526903170656,0,0,0,0
development,aligned,20802,3,0,mirror_view,0.01,1302,79,8036,38400,300,10598400,0.149331968001,7.88619308745e-11,1,0.532173353655,0,0,0,0
development,aligned,20802,3,1,mirror_view,0.01,1302,79,8036,38400,300,10598400,0.149331968001,1.25802923634e-09,1,0.525392226293,0,0,0,0
development,aligned,20802,3,2,mirror_view,0.01,1302,79,8036,38400,300,10598400,0.149331968001,0,1,0.529033301864,0,0,0,0
development,aligned,20802,3,3,mirror_view,0.01,1302,79,8036,38400,300,10598400,0.149331968001,0,1,0.526903040096,0,0,0,0
development,aligned,20802,3,0,multihead,0.01,2464,1243,15284,38400,300,12441600,0.133163482002,0,1,0.532173396525,0,0,0,0
development,aligned,20802,3,1,multihead,0.01,2464,1243,15284,38400,300,12441600,0.133163482002,0,1,0.525392254494,0,0,0,0
development,aligned,20802,3,2,multihead,0.01,2464,1243,15284,38400,300,12441600,0.133163482002,1.60404356464e-10,1,0.529033355153,0,0,0,0
development,aligned,20802,3,3,multihead,0.01,2464,1243,15284,38400,300,12441600,0.133163482002,0,1,0.526903173799,0,0,0,0
development,aligned,20802,3,0,lora_rank2,0.01,2025,803,13812,38400,300,11366400,0.109131499998,4.47703263351e-10,1,0.532173347456,0,0,0,0
development,aligned,20802,3,1,lora_rank2,0.01,2025,803,13812,38400,300,11366400,0.109131499998,0,1,0.52539224361,0,0,0,0
development,aligned,20802,3,2,lora_rank2,0.01,2025,803,13812,38400,300,11366400,0.109131499998,0,1,0.529033276136,0,0,0,0
development,aligned,20802,3,3,lora_rank2,0.01,2025,803,13812,38400,300,11366400,0.109131499998,0,1,0.526903084537,0,0,0,0
development,aligned,20802,3,0,hypernet_rank2,0.01,2917,1691,11440,38400,300,23654400,0.211757828001,0,1,0.532173353655,0,0,0,0
development,aligned,20802,3,1,hypernet_rank2,0.01,2917,1691,11440,38400,300,23654400,0.211757828001,0.00232563074678,0.92431640625,0.450676441629,0,0,0,0
development,aligned,20802,3,2,hypernet_rank2,0.01,2917,1691,11440,38400,300,23654400,0.211757828001,0.00249984301627,0.9189453125,0.452866258944,0,0,0,0
development,aligned,20802,3,3,hypernet_rank2,0.01,2917,1691,11440,38400,300,23654400,0.211757828001,0,1,0.526903070393,0,0,0,0
development,aligned,20802,3,0,independent_full,0.01,6015,4787,11940,0,0,0,0,0,1,0.532173353655,0,0,0,0
development,aligned,20802,3,1,independent_full,0.01,6015,4787,11940,0,0,0,0,0,1,0.525392242067,0,0,0,0
development,aligned,20802,3,2,independent_full,0.01,6015,4787,11940,0,0,0,0,1.09552970862e-10,1,0.529033317871,0,0,0,0
development,aligned,20802,3,3,independent_full,0.01,6015,4787,11940,0,0,0,0,2.11989051313e-10,1,0.526903073915,0,0,0,0
development,aligned,20802,4,0,hard_tie,0.01,1224,4,3545,0,0,0,0,0,1,0.529495164315,2048,50,0.00210960600089,48539869.5098
development,aligned,20802,4,1,hard_tie,0.01,1224,4,3545,0,0,0,0,0.000460071692942,0.9765625,0.504760175711,2048,50,0.00210960600089,48539869.5098
development,aligned,20802,4,2,hard_tie,0.01,1224,4,3545,0,0,0,0,0.000518761924468,0.97216796875,0.496372932335,2048,50,0.00210960600089,48539869.5098
development,aligned,20802,4,3,hard_tie,0.01,1224,4,3545,0,0,0,0,0.000785044801887,0.958984375,0.488086739613,2048,50,0.00210960600089,48539869.5098
development,aligned,20802,4,4,hard_tie,0.01,1224,4,3545,0,0,0,0,2.32911388593e-05,0.99462890625,0.522150545061,2048,50,0.00210960600089,48539869.5098
development,aligned,20802,4,0,sequential_shared,0.01,1553,324,6524,38400,300,9830400,0.11434299,2.50417779171e-05,0.99267578125,0.522680066089,2048,50,0.0023483699988,43604713.0786
development,aligned,20802,4,1,sequential_shared,0.01,1553,324,6524,38400,300,9830400,0.11434299,0.000686792773195,0.97216796875,0.500869951822,2048,50,0.0023483699988,43604713.0786
development,aligned,20802,4,2,sequential_shared,0.01,1553,324,6524,38400,300,9830400,0.11434299,0.000768871279433,0.96484375,0.489689563343,2048,50,0.0023483699988,43604713.0786
development,aligned,20802,4,3,sequential_shared,0.01,1553,324,6524,38400,300,9830400,0.11434299,0.000536912062671,0.9658203125,0.49540497968,2048,50,0.0023483699988,43604713.0786
development,aligned,20802,4,4,sequential_shared,0.01,1553,324,6524,38400,300,9830400,0.11434299,0,1,0.528045277635,2048,50,0.0023483699988,43604713.0786
development,aligned,20802,4,0,mirror_view,0.01,1322,99,9112,38400,300,10598400,0.135950189,9.21705156642e-10,1,0.529495164315,2048,50,0.00476625699957,21484363.9378
development,aligned,20802,4,1,mirror_view,0.01,1322,99,9112,38400,300,10598400,0.135950189,0,1,0.527386666887,2048,50,0.00476625699957,21484363.9378
development,aligned,20802,4,2,mirror_view,0.01,1322,99,9112,38400,300,10598400,0.135950189,0,1,0.522825583146,2048,50,0.00476625699957,21484363.9378
development,aligned,20802,4,3,mirror_view,0.01,1322,99,9112,38400,300,10598400,0.135950189,0,1,0.532172526,2048,50,0.00476625699957,21484363.9378
development,aligned,20802,4,4,mirror_view,0.01,1322,99,9112,38400,300,10598400,0.135950189,2.43325526395e-10,1,0.528045208164,2048,50,0.00476625699957,21484363.9378
development,aligned,20802,4,0,multihead,0.01,2775,1554,18332,38400,300,12441600,0.110715542,6.45897890728e-10,1,0.529495224706,2048,50,0.00270885600185,37801935.5515
development,aligned,20802,4,1,multihead,0.01,2775,1554,18332,38400,300,12441600,0.110715542,0,1,0.527386704664,2048,50,0.00270885600185,37801935.5515
development,aligned,20802,4,2,multihead,0.01,2775,1554,18332,38400,300,12441600,0.110715542,8.87263151839e-10,1,0.522825668682,2048,50,0.00270885600185,37801935.5515
development,aligned,20802,4,3,multihead,0.01,2775,1554,18332,38400,300,12441600,0.110715542,0,1,0.532172720035,2048,50,0.00270885600185,37801935.5515
development,aligned,20802,4,4,multihead,0.01,2775,1554,18332,38400,300,12441600,0.110715542,0,1,0.528045327665,2048,50,0.00270885600185,37801935.5515
development,aligned,20802,4,0,lora_rank2,0.01,2226,1004,16476,38400,300,11366400,0.111371442999,8.79947642529e-11,1,0.529495164315,2048,50,0.00387283700184,26440565.3921
development,aligned,20802,4,1,lora_rank2,0.01,2226,1004,16476,38400,300,11366400,0.111371442999,0,1,0.527386632777,2048,50,0.00387283700184,26440565.3921
development,aligned,20802,4,2,lora_rank2,0.01,2226,1004,16476,38400,300,11366400,0.111371442999,1.00273056525e-09,1,0.522825582681,2048,50,0.00387283700184,26440565.3921
development,aligned,20802,4,3,lora_rank2,0.01,2226,1004,16476,38400,300,11366400,0.111371442999,0,1,0.532172604377,2048,50,0.00387283700184,26440565.3921
development,aligned,20802,4,4,lora_rank2,0.01,2226,1004,16476,38400,300,11366400,0.111371442999,5.23938836761e-10,1,0.528045325278,2048,50,0.00387283700184,26440565.3921
development,aligned,20802,4,0,hypernet_rank2,0.01,2918,1692,11440,38400,300,23654400,0.204038987999,0,1,0.529495164315,2048,50,0.0073058779999,14016111.4108
development,aligned,20802,4,1,hypernet_rank2,0.01,2918,1692,11440,38400,300,23654400,0.204038987999,0.000536048377398,0.95556640625,0.477824720641,2048,50,0.0073058779999,14016111.4108
development,aligned,20802,4,2,hypernet_rank2,0.01,2918,1692,11440,38400,300,23654400,0.204038987999,0.000565852154978,0.9580078125,0.480412106379,2048,50,0.0073058779999,14016111.4108
development,aligned,20802,4,3,hypernet_rank2,0.01,2918,1692,11440,38400,300,23654400,0.204038987999,0.000420539930928,0.95947265625,0.489311664365,2048,50,0.0073058779999,14016111.4108
development,aligned,20802,4,4,hypernet_rank2,0.01,2918,1692,11440,38400,300,23654400,0.204038987999,1.03445370325e-10,1,0.528047746804,2048,50,0.0073058779999,14016111.4108
development,aligned,20802,4,0,independent_full,0.01,7212,5984,14104,0,0,0,0,0,1,0.529495164315,2048,50,0.00245841300057,41652887.4426
development,aligned,20802,4,1,independent_full,0.01,7212,5984,14104,0,0,0,0,0,1,0.527386632777,2048,50,0.00245841300057,41652887.4426
development,aligned,20802,4,2,independent_full,0.01,7212,5984,14104,0,0,0,0,4.12835071684e-10,1,0.522825575114,2048,50,0.00245841300057,41652887.4426
development,aligned,20802,4,3,independent_full,0.01,7212,5984,14104,0,0,0,0,6.77834038898e-11,1,0.532172571809,2048,50,0.00245841300057,41652887.4426
development,aligned,20802,4,4,independent_full,0.01,7212,5984,14104,0,0,0,0,4.08069134039e-10,1,0.528045208164,2048,50,0.00245841300057,41652887.4426
development,independent,20801,0,0,hard_tie,0.003,1220,0,3545,0,0,0,0,0,1,0.556384584605,0,0,0,0
development,independent,20801,0,0,sequential_shared,0.003,1549,320,6524,38400,300,9830400,0.130088710001,0,1,0.556384611205,0,0,0,0
development,independent,20801,0,0,mirror_view,0.003,1242,19,4873,38400,300,10598400,0.143936743003,0,1,0.556384584605,0,0,0,0
development,independent,20801,0,0,multihead,0.003,1531,310,6524,38400,300,12441600,0.107586148999,0,1,0.556384611205,0,0,0,0
development,independent,20801,0,0,lora_rank2,0.003,1422,200,6140,38400,300,11366400,0.110973456001,4.74724426436e-11,1,0.556384584605,0,0,0,0
development,independent,20801,0,0,hypernet_rank2,0.003,2914,1688,6221,0,0,0,0,0,1,0.556384584605,0,0,0,0
development,independent,20801,0,0,independent_full,0.003,2424,1196,5513,0,0,0,0,0,1,0.556384584605,0,0,0,0
development,independent,20801,1,0,hard_tie,0.003,1221,1,3545,0,0,0,0,0,1,0.549819687905,0,0,0,0
development,independent,20801,1,1,hard_tie,0.003,1221,1,3545,0,0,0,0,0.135651886463,0.27685546875,0.165349554707,0,0,0,0
development,independent,20801,1,0,sequential_shared,0.003,1550,321,6524,38400,300,9830400,0.132841876002,0.102316454053,0.2529296875,0.207037343163,0,0,0,0
development,independent,20801,1,1,sequential_shared,0.003,1550,321,6524,38400,300,9830400,0.132841876002,0.0259579308331,0.693359375,0.232351199753,0,0,0,0
development,independent,20801,1,0,mirror_view,0.003,1262,39,5884,38400,300,10598400,0.172435076001,0,1,0.549819687905,0,0,0,0
development,independent,20801,1,1,mirror_view,0.003,1262,39,5884,38400,300,10598400,0.172435076001,0.111173823476,0.322265625,0.109748329574,0,0,0,0
development,independent,20801,1,0,multihead,0.003,1842,621,9380,38400,300,12441600,0.110663508,0,1,0.549819714855,0,0,0,0
development,independent,20801,1,1,multihead,0.003,1842,621,9380,38400,300,12441600,0.110663508,0.0280234925449,0.701171875,0.262124664019,0,0,0,0
development,independent,20801,1,0,lora_rank2,0.003,1623,401,8612,38400,300,11366400,0.11133666,0,1,0.549819688342,0,0,0,0
development,independent,20801,1,1,lora_rank2,0.003,1623,401,8612,38400,300,11366400,0.11133666,0.0399679243565,0.6181640625,0.180901246218,0,0,0,0
development,independent,20801,1,0,hypernet_rank2,0.003,2915,1689,11440,38400,300,23654400,0.188443637999,0,1,0.549819687905,0,0,0,0
development,independent,20801,1,1,hypernet_rank2,0.003,2915,1689,11440,38400,300,23654400,0.188443637999,0.036971129477,0.6416015625,0.199806454664,0,0,0,0
development,independent,20801,1,0,independent_full,0.003,3621,2393,7676,0,0,0,0,0,1,0.549819687905,0,0,0,0
development,independent,20801,1,1,independent_full,0.003,3621,2393,7676,0,0,0,0,0,1,0.523984499625,0,0,0,0
development,independent,20801,2,0,hard_tie,0.003,1222,2,3545,0,0,0,0,0,1,0.556415615953,0,0,0,0
development,independent,20801,2,1,hard_tie,0.003,1222,2,3545,0,0,0,0,0.130516976118,0.29150390625,0.148985065651,0,0,0,0
development,independent,20801,2,2,hard_tie,0.003,1222,2,3545,0,0,0,0,0.105062499642,0.203125,0.242244976493,0,0,0,0
development,independent,20801,2,0,sequential_shared,0.003,1551,322,6524,38400,300,9830400,0.112316654002,0.0904718488455,0.18896484375,0.19362327909,0,0,0,0
development,independent,20801,2,1,sequential_shared,0.003,1551,322,6524,38400,300,9830400,0.112316654002,0.0927269011736,0.22900390625,0.151509252406,0,0,0,0
development,independent,20801,2,2,sequential_shared,0.003,1551,322,6524,38400,300,9830400,0.112316654002,0.018920339644,0.599609375,0.219542112536,0,0,0,0
development,independent,20801,2,0,mirror_view,0.003,1282,59,6960,38400,300,10598400,0.145722036999,5.48896705865e-10,1,0.556415615953,0,0,0,0
development,independent,20801,2,1,mirror_view,0.003,1282,59,6960,38400,300,10598400,0.145722036999,0.106218792498,0.31689453125,0.111509942741,0,0,0,0
development,independent,20801,2,2,mirror_view,0.003,1282,59,6960,38400,300,10598400,0.145722036999,0.0941805168986,0.18701171875,0.245720961117,0,0,0,0
development,independent,20801,2,0,multihead,0.003,2153,932,12236,38400,300,12441600,0.135831956002,0,1,0.556415626343,0,0,0,0
development,independent,20801,2,1,multihead,0.003,2153,932,12236,38400,300,12441600,0.135831956002,0.0278183668852,0.66015625,0.222186436993,0,0,0,0
development,independent,20801,2,2,multihead,0.003,2153,932,12236,38400,300,12441600,0.135831956002,0.0195619650185,0.583984375,0.21194893519,0,0,0,0
development,independent,20801,2,0,lora_rank2,0.003,1824,602,11084,38400,300,11366400,0.112266013002,0,1,0.556415616302,0,0,0,0
development,independent,20801,2,1,lora_rank2,0.003,1824,602,11084,38400,300,11366400,0.112266013002,0.0392697192729,0.60498046875,0.169722852879,0,0,0,0
development,independent,20801,2,2,lora_rank2,0.003,1824,602,11084,38400,300,11366400,0.112266013002,0.0364390984178,0.435546875,0.0526170922385,0,0,0,0
development,independent,20801,2,0,hypernet_rank2,0.003,2916,1690,11440,38400,300,23654400,0.193089657001,0,1,0.556415615953,0,0,0,0
development,independent,20801,2,1,hypernet_rank2,0.003,2916,1690,11440,38400,300,23654400,0.193089657001,0.0858438387513,0.3447265625,0.0901993192383,0,0,0,0
development,independent,20801,2,2,hypernet_rank2,0.003,2916,1690,11440,38400,300,23654400,0.193089657001,0.0371159911156,0.435546875,0.0321554293041,0,0,0,0
development,independent,20801,2,0,independent_full,0.003,4818,3590,9776,0,0,0,0,0,1,0.556415615953,0,0,0,0
development,independent,20801,2,1,independent_full,0.003,4818,3590,9776,0,0,0,0,0,1,0.530025552929,0,0,0,0
development,independent,20801,2,2,independent_full,0.003,4818,3590,9776,0,0,0,0,0,1,0.585294661956,0,0,0,0
development,independent,20801,3,0,hard_tie,0.003,1223,3,3545,0,0,0,0,0,1,0.555568607961,0,0,0,0
development,independent,20801,3,1,hard_tie,0.003,1223,3,3545,0,0,0,0,0.139476358891,0.27099609375,0.173606993842,0,0,0,0
development,independent,20801,3,2,hard_tie,0.003,1223,3,3545,0,0,0,0,0.102020144463,0.2197265625,0.222674060373,0,0,0,0
development,independent,20801,3,3,hard_tie,0.003,1223,3,3545,0,0,0,0,0.0964904874563,0.2470703125,0.201978340643,0,0,0,0
development,independent,20801,3,0,sequential_shared,0.003,1552,323,6524,38400,300,9830400,0.122180999999,0.080427326262,0.2109375,0.166611878703,0,0,0,0
development,independent,20801,3,1,sequential_shared,0.003,1552,323,6524,38400,300,9830400,0.122180999999,0.0650460422039,0.3291015625,0.087133284047,0,0,0,0
development,independent,20801,3,2,sequential_shared,0.003,1552,323,6524,38400,300,9830400,0.122180999999,0.0673488676548,0.23583984375,0.144380031285,0,0,0,0
development,independent,20801,3,3,sequential_shared,0.003,1552,323,6524,38400,300,9830400,0.122180999999,0.0196151100099,0.5830078125,0.203951171381,0,0,0,0
development,independent,20801,3,0,mirror_view,0.003,1302,79,8036,38400,300,10598400,0.157245476999,3.2944724726e-10,1,0.555568609649,0,0,0,0
development,independent,20801,3,1,mirror_view,0.003,1302,79,8036,38400,300,10598400,0.157245476999,0.11339430511,0.310546875,0.121766054624,0,0,0,0
development,independent,20801,3,2,mirror_view,0.003,1302,79,8036,38400,300,10598400,0.157245476999,0.0914946720004,0.2099609375,0.220434308329,0,0,0,0
development,independent,20801,3,3,mirror_view,0.003,1302,79,8036,38400,300,10598400,0.157245476999,0.0802202001214,0.2626953125,0.16734901171,0,0,0,0
development,independent,20801,3,0,multihead,0.003,2464,1243,15284,38400,300,12441600,0.124534233,0,1,0.555568650103,0,0,0,0
development,independent,20801,3,1,multihead,0.003,2464,1243,15284,38400,300,12441600,0.124534233,0.0263539478183,0.68798828125,0.24987391234,0,0,0,0
development,independent,20801,3,2,multihead,0.003,2464,1243,15284,38400,300,12441600,0.124534233,0.0197416469455,0.55712890625,0.185984648808,0,0,0,0
development,independent,20801,3,3,multihead,0.003,2464,1243,15284,38400,300,12441600,0.124534233,0.0200198646635,0.5732421875,0.188468958804,0,0,0,0
development,independent,20801,3,0,lora_rank2,0.003,2025,803,13812,38400,300,11366400,0.142056953999,2.54240739572e-10,1,0.555568609649,0,0,0,0
development,independent,20801,3,1,lora_rank2,0.003,2025,803,13812,38400,300,11366400,0.142056953999,0.0378224402666,0.6328125,0.196643476491,0,0,0,0
development,independent,20801,3,2,lora_rank2,0.003,2025,803,13812,38400,300,11366400,0.142056953999,0.0362941995263,0.4482421875,0.0687418888119,0,0,0,0
development,independent,20801,3,3,lora_rank2,0.003,2025,803,13812,38400,300,11366400,0.142056953999,0.0302712228149,0.47900390625,0.0957876845496,0,0,0,0
development,independent,20801,3,0,hypernet_rank2,0.003,2917,1691,11440,38400,300,23654400,0.233179158,0,1,0.555568607961,0,0,0,0
development,independent,20801,3,1,hypernet_rank2,0.003,2917,1691,11440,38400,300,23654400,0.233179158,0.096959322691,0.35400390625,0.109537502671,0,0,0,0
development,independent,20801,3,2,hypernet_rank2,0.003,2917,1691,11440,38400,300,23654400,0.233179158,0.0754642635584,0.2939453125,0.151855211232,0,0,0,0
development,independent,20801,3,3,hypernet_rank2,0.003,2917,1691,11440,38400,300,23654400,0.233179158,0.0264275576919,0.56396484375,0.189978593713,0,0,0,0
development,independent,20801,3,0,independent_full,0.003,6015,4787,11940,0,0,0,0,0,1,0.555568607961,0,0,0,0
development,independent,20801,3,1,independent_full,0.003,6015,4787,11940,0,0,0,0,0,1,0.524519809347,0,0,0,0
development,independent,20801,3,2,independent_full,0.003,6015,4787,11940,0,0,0,0,0,1,0.579255941877,0,0,0,0
development,independent,20801,3,3,independent_full,0.003,6015,4787,11940,0,0,0,0,0,1,0.568782672752,0,0,0,0
development,independent,20801,4,0,hard_tie,0.003,1224,4,3545,0,0,0,0,0,1,0.558332661516,2048,50,0.00214556600258,47726334.1593
development,independent,20801,4,1,hard_tie,0.003,1224,4,3545,0,0,0,0,0.133809611201,0.26806640625,0.171948732794,2048,50,0.00214556600258,47726334.1593
development,independent,20801,4,2,hard_tie,0.003,1224,4,3545,0,0,0,0,0.0995216369629,0.2216796875,0.220959982362,2048,50,0.00214556600258,47726334.1593
development,independent,20801,4,3,hard_tie,0.003,1224,4,3545,0,0,0,0,0.0960892289877,0.24755859375,0.198396600696,2048,50,0.00214556600258,47726334.1593
development,independent,20801,4,4,hard_tie,0.003,1224,4,3545,0,0,0,0,0.115859732032,0.1552734375,0.295633030481,2048,50,0.00214556600258,47726334.1593
development,independent,20801,4,0,sequential_shared,0.003,1553,324,6524,38400,300,9830400,0.103825734001,0.0994354709983,0.11572265625,0.376813219074,2048,50,0.00339415000053,30169556.438
development,independent,20801,4,1,sequential_shared,0.003,1553,324,6524,38400,300,9830400,0.103825734001,0.166064918041,0.06494140625,0.43295721848,2048,50,0.00339415000053,30169556.438
development,independent,20801,4,2,sequential_shared,0.003,1553,324,6524,38400,300,9830400,0.103825734001,0.0956721231341,0.21044921875,0.284224820643,2048,50,0.00339415000053,30169556.438
development,independent,20801,4,3,sequential_shared,0.003,1553,324,6524,38400,300,9830400,0.103825734001,0.1327290833,0.06982421875,0.422004854554,2048,50,0.00339415000053,30169556.438
development,independent,20801,4,4,sequential_shared,0.003,1553,324,6524,38400,300,9830400,0.103825734001,0.0259342361242,0.705078125,0.210630895846,2048,50,0.00339415000053,30169556.438
development,independent,20801,4,0,mirror_view,0.003,1322,99,9112,38400,300,10598400,0.160252556001,0,1,0.558332661516,2048,50,0.00475223800095,21547742.3436
development,independent,20801,4,1,mirror_view,0.003,1322,99,9112,38400,300,10598400,0.160252556001,0.110128864646,0.31298828125,0.119152147206,2048,50,0.00475223800095,21547742.3436
development,independent,20801,4,2,mirror_view,0.003,1322,99,9112,38400,300,10598400,0.160252556001,0.0897106081247,0.2080078125,0.226091533739,2048,50,0.00475223800095,21547742.3436
development,independent,20801,4,3,mirror_view,0.003,1322,99,9112,38400,300,10598400,0.160252556001,0.0795063376427,0.27587890625,0.155418222203,2048,50,0.00475223800095,21547742.3436
development,independent,20801,4,4,mirror_view,0.003,1322,99,9112,38400,300,10598400,0.160252556001,0.113464072347,0.1650390625,0.28069654201,2048,50,0.00475223800095,21547742.3436
development,independent,20801,4,0,multihead,0.003,2775,1554,18332,38400,300,12441600,0.102300229999,0,1,0.558332689689,2048,50,0.00352098299845,29082787.4048
development,independent,20801,4,1,multihead,0.003,2775,1554,18332,38400,300,12441600,0.102300229999,0.02766674757,0.68408203125,0.249009993393,2048,50,0.00352098299845,29082787.4048
development,independent,20801,4,2,multihead,0.003,2775,1554,18332,38400,300,12441600,0.102300229999,0.0195305086672,0.5517578125,0.180669907277,2048,50,0.00352098299845,29082787.4048
development,independent,20801,4,3,multihead,0.003,2775,1554,18332,38400,300,12441600,0.102300229999,0.019289702177,0.57763671875,0.192770453679,2048,50,0.00352098299845,29082787.4048
development,independent,20801,4,4,multihead,0.003,2775,1554,18332,38400,300,12441600,0.102300229999,0.0255945380777,0.69775390625,0.227006814574,2048,50,0.00352098299845,29082787.4048
development,independent,20801,4,0,lora_rank2,0.003,2226,1004,16476,38400,300,11366400,0.116188479999,0,1,0.558332663029,2048,50,0.00295558200014,34646306.5464
development,independent,20801,4,1,lora_rank2,0.003,2226,1004,16476,38400,300,11366400,0.116188479999,0.0394873209298,0.61328125,0.179723484078,2048,50,0.00295558200014,34646306.5464
development,independent,20801,4,2,lora_rank2,0.003,2226,1004,16476,38400,300,11366400,0.116188479999,0.0362627990544,0.43359375,0.0498812149017,2048,50,0.00295558200014,34646306.5464
development,independent,20801,4,3,lora_rank2,0.003,2226,1004,16476,38400,300,11366400,0.116188479999,0.0293947383761,0.48046875,0.096968046535,2048,50,0.00295558200014,34646306.5464
development,independent,20801,4,4,lora_rank2,0.003,2226,1004,16476,38400,300,11366400,0.116188479999,0.0526365824044,0.57275390625,0.0940083188034,2048,50,0.00295558200014,34646306.5464
development,independent,20801,4,0,hypernet_rank2,0.003,2918,1692,11440,38400,300,23654400,0.201175224,0,1,0.558332661516,2048,50,0.00487239200083,21016371.4214
development,independent,20801,4,1,hypernet_rank2,0.003,2918,1692,11440,38400,300,23654400,0.201175224,0.22226691246,0.16552734375,0.367687657395,2048,50,0.00487239200083,21016371.4214
development,independent,20801,4,2,hypernet_rank2,0.003,2918,1692,11440,38400,300,23654400,0.201175224,0.0591510906816,0.35791015625,0.0915952940995,2048,50,0.00487239200083,21016371.4214
development,independent,20801,4,3,hypernet_rank2,0.003,2918,1692,11440,38400,300,23654400,0.201175224,0.0829278901219,0.166015625,0.243095679652,2048,50,0.00487239200083,21016371.4214
development,independent,20801,4,4,hypernet_rank2,0.003,2918,1692,11440,38400,300,23654400,0.201175224,0.0536075606942,0.59619140625,0.127028593153,2048,50,0.00487239200083,21016371.4214
development,independent,20801,4,0,independent_full,0.003,7212,5984,14104,0,0,0,0,0,1,0.558332661516,2048,50,0.00327071899665,31308100.7892
development,independent,20801,4,1,independent_full,0.003,7212,5984,14104,0,0,0,0,0,1,0.523631638731,2048,50,0.00327071899665,31308100.7892
development,independent,20801,4,2,independent_full,0.003,7212,5984,14104,0,0,0,0,0,1,0.58367992827,2048,50,0.00327071899665,31308100.7892
development,independent,20801,4,3,independent_full,0.003,7212,5984,14104,0,0,0,0,0,1,0.567184948508,2048,50,0.00327071899665,31308100.7892
development,independent,20801,4,4,independent_full,0.003,7212,5984,14104,0,0,0,0,0,1,0.530478936475,2048,50,0.00327071899665,31308100.7892
development,independent,20801,0,0,hard_tie,0.01,1220,0,3545,0,0,0,0,0,1,0.556384584605,0,0,0,0
development,independent,20801,0,0,sequential_shared,0.01,1549,320,6524,38400,300,9830400,0.112907854,0,1,0.556384704832,0,0,0,0
development,independent,20801,0,0,mirror_view,0.01,1242,19,4873,38400,300,10598400,0.151881046,0,1,0.556384584605,0,0,0,0
development,independent,20801,0,0,multihead,0.01,1531,310,6524,38400,300,12441600,0.118092770997,0,1,0.556384704832,0,0,0,0
development,independent,20801,0,0,lora_rank2,0.01,1422,200,6140,38400,300,11366400,0.109771341002,5.64241819934e-10,1,0.556384584605,0,0,0,0
development,independent,20801,0,0,hypernet_rank2,0.01,2914,1688,6221,0,0,0,0,0,1,0.556384584605,0,0,0,0
development,independent,20801,0,0,independent_full,0.01,2424,1196,5513,0,0,0,0,0,1,0.556384584605,0,0,0,0
development,independent,20801,1,0,hard_tie,0.01,1221,1,3545,0,0,0,0,0,1,0.549819687905,0,0,0,0
development,independent,20801,1,1,hard_tie,0.01,1221,1,3545,0,0,0,0,0.135651886463,0.27685546875,0.165349554707,0,0,0,0
development,independent,20801,1,0,sequential_shared,0.01,1550,321,6524,38400,300,9830400,0.0999864840014,0.105732679367,0.2529296875,0.221018309647,0,0,0,0
development,independent,20801,1,1,sequential_shared,0.01,1550,321,6524,38400,300,9830400,0.0999864840014,0.0264609586447,0.68994140625,0.217671956576,0,0,0,0
development,independent,20801,1,0,mirror_view,0.01,1262,39,5884,38400,300,10598400,0.144783680003,0,1,0.549819687905,0,0,0,0
development,independent,20801,1,1,mirror_view,0.01,1262,39,5884,38400,300,10598400,0.144783680003,0.0950537770987,0.345703125,0.0862769684027,0,0,0,0
development,independent,20801,1,0,multihead,0.01,1842,621,9380,38400,300,12441600,0.106943903997,7.68594410339e-10,1,0.54981977187,0,0,0,0
development,independent,20801,1,1,multihead,0.01,1842,621,9380,38400,300,12441600,0.106943903997,0.0262875687331,0.69384765625,0.223098500312,0,0,0,0
development,independent,20801,1,0,lora_rank2,0.01,1623,401,8612,38400,300,11366400,0.114191021999,0,1,0.549819688342,0,0,0,0
development,independent,20801,1,1,lora_rank2,0.01,1623,401,8612,38400,300,11366400,0.114191021999,0.0370018221438,0.6396484375,0.197733293811,0,0,0,0
development,independent,20801,1,0,hypernet_rank2,0.01,2915,1689,11440,38400,300,23654400,0.210798690998,0,1,0.549819687905,0,0,0,0
development,independent,20801,1,1,hypernet_rank2,0.01,2915,1689,11440,38400,300,23654400,0.210798690998,0.0369772613049,0.64208984375,0.200234701231,0,0,0,0
development,independent,20801,1,0,independent_full,0.01,3621,2393,7676,0,0,0,0,0,1,0.549819687905,0,0,0,0
development,independent,20801,1,1,independent_full,0.01,3621,2393,7676,0,0,0,0,0,1,0.523984499625,0,0,0,0
development,independent,20801,2,0,hard_tie,0.01,1222,2,3545,0,0,0,0,0,1,0.556415615953,0,0,0,0
development,independent,20801,2,1,hard_tie,0.01,1222,2,3545,0,0,0,0,0.130516976118,0.29150390625,0.148985065651,0,0,0,0
development,independent,20801,2,2,hard_tie,0.01,1222,2,3545,0,0,0,0,0.105062499642,0.203125,0.242244976493,0,0,0,0
development,independent,20801,2,0,sequential_shared,0.01,1551,322,6524,38400,300,9830400,0.107871618999,0.095722079277,0.17626953125,0.207451785805,0,0,0,0
development,independent,20801,2,1,sequential_shared,0.01,1551,322,6524,38400,300,9830400,0.107871618999,0.0956848412752,0.20703125,0.179450088683,0,0,0,0
development,independent,20801,2,2,sequential_shared,0.01,1551,322,6524,38400,300,9830400,0.107871618999,0.0191754922271,0.5888671875,0.202280410071,0,0,0,0
development,independent,20801,2,0,mirror_view,0.01,1282,59,6960,38400,300,10598400,0.146580918001,0,1,0.556415615953,0,0,0,0
development,independent,20801,2,1,mirror_view,0.01,1282,59,6960,38400,300,10598400,0.146580918001,0.0909204855561,0.33349609375,0.0941702054552,0,0,0,0
development,independent,20801,2,2,mirror_view,0.01,1282,59,6960,38400,300,10598400,0.146580918001,0.0867883712053,0.197265625,0.232824808183,0,0,0,0
development,independent,20801,2,0,multihead,0.01,2153,932,12236,38400,300,12441600,0.0969873700014,0,1,0.556415702304,0,0,0,0
development,independent,20801,2,1,multihead,0.01,2153,932,12236,38400,300,12441600,0.0969873700014,0.0261199809611,0.67041015625,0.202440790847,0,0,0,0
development,independent,20801,2,2,multihead,0.01,2153,932,12236,38400,300,12441600,0.0969873700014,0.019121542573,0.59130859375,0.20514457894,0,0,0,0
development,independent,20801,2,0,lora_rank2,0.01,1824,602,11084,38400,300,11366400,0.118315249001,1.00083596966e-09,1,0.556415615953,0,0,0,0
development,independent,20801,2,1,lora_rank2,0.01,1824,602,11084,38400,300,11366400,0.118315249001,0.0364325642586,0.61865234375,0.177677379004,0,0,0,0
development,independent,20801,2,2,lora_rank2,0.01,1824,602,11084,38400,300,11366400,0.118315249001,0.0371012315154,0.4365234375,0.0326733602997,0,0,0,0
development,independent,20801,2,0,hypernet_rank2,0.01,2916,1690,11440,38400,300,23654400,0.174662633999,0,1,0.556415615953,0,0,0,0
development,independent,20801,2,1,hypernet_rank2,0.01,2916,1690,11440,38400,300,23654400,0.174662633999,0.11901576817,0.2373046875,0.228647187556,0,0,0,0
development,independent,20801,2,2,hypernet_rank2,0.01,2916,1690,11440,38400,300,23654400,0.174662633999,0.0370959863067,0.4375,0.0336522794241,0,0,0,0
development,independent,20801,2,0,independent_full,0.01,4818,3590,9776,0,0,0,0,0,1,0.556415615953,0,0,0,0
development,independent,20801,2,1,independent_full,0.01,4818,3590,9776,0,0,0,0,0,1,0.530025552929,0,0,0,0
development,independent,20801,2,2,independent_full,0.01,4818,3590,9776,0,0,0,0,0,1,0.585294661956,0,0,0,0
development,independent,20801,3,0,hard_tie,0.01,1223,3,3545,0,0,0,0,0,1,0.555568607961,0,0,0,0
development,independent,20801,3,1,hard_tie,0.01,1223,3,3545,0,0,0,0,0.139476358891,0.27099609375,0.173606993842,0,0,0,0
development,independent,20801,3,2,hard_tie,0.01,1223,3,3545,0,0,0,0,0.102020144463,0.2197265625,0.222674060373,0,0,0,0
development,independent,20801,3,3,hard_tie,0.01,1223,3,3545,0,0,0,0,0.0964904874563,0.2470703125,0.201978340643,0,0,0,0
development,independent,20801,3,0,sequential_shared,0.01,1552,323,6524,38400,300,9830400,0.104737094,0.0798211693764,0.228515625,0.148835939079,0,0,0,0
development,independent,20801,3,1,sequential_shared,0.01,1552,323,6524,38400,300,9830400,0.104737094,0.0648203492165,0.32177734375,0.0707603853516,0,0,0,0
development,independent,20801,3,2,sequential_shared,0.01,1552,323,6524,38400,300,9830400,0.104737094,0.0686166137457,0.2216796875,0.156475772368,0,0,0,0
development,independent,20801,3,3,sequential_shared,0.01,1552,323,6524,38400,300,9830400,0.104737094,0.0188706833869,0.58642578125,0.207440298385,0,0,0,0
development,independent,20801,3,0,mirror_view,0.01,1302,79,8036,38400,300,10598400,0.156432780001,0,1,0.555568609649,0,0,0,0
development,independent,20801,3,1,mirror_view,0.01,1302,79,8036,38400,300,10598400,0.156432780001,0.0954097658396,0.3359375,0.0936503861885,0,0,0,0
development,independent,20801,3,2,mirror_view,0.01,1302,79,8036,38400,300,10598400,0.156432780001,0.0852187424898,0.19580078125,0.232155855869,0,0,0,0
development,independent,20801,3,3,mirror_view,0.01,1302,79,8036,38400,300,10598400,0.156432780001,0.0706487596035,0.31201171875,0.117998788279,0,0,0,0
development,independent,20801,3,0,multihead,0.01,2464,1243,15284,38400,300,12441600,0.101615489999,1.84982096307e-09,1,0.555568691838,0,0,0,0
development,independent,20801,3,1,multihead,0.01,2464,1243,15284,38400,300,12441600,0.101615489999,0.0245329476893,0.67919921875,0.209533189889,0,0,0,0
development,independent,20801,3,2,multihead,0.01,2464,1243,15284,38400,300,12441600,0.101615489999,0.0194679610431,0.5830078125,0.197255599604,0,0,0,0
development,independent,20801,3,3,multihead,0.01,2464,1243,15284,38400,300,12441600,0.101615489999,0.0188289321959,0.58447265625,0.205142382445,0,0,0,0
development,independent,20801,3,0,lora_rank2,0.01,2025,803,13812,38400,300,11366400,0.109894444999,5.19391307741e-10,1,0.555568607961,0,0,0,0
development,independent,20801,3,1,lora_rank2,0.01,2025,803,13812,38400,300,11366400,0.109894444999,0.0350408367813,0.6474609375,0.205585264994,0,0,0,0
development,independent,20801,3,2,lora_rank2,0.01,2025,803,13812,38400,300,11366400,0.109894444999,0.0369229130447,0.4375,0.0342274661234,0,0,0,0
development,independent,20801,3,3,lora_rank2,0.01,2025,803,13812,38400,300,11366400,0.109894444999,0.0264035947621,0.5634765625,0.189542640437,0,0,0,0
development,independent,20801,3,0,hypernet_rank2,0.01,2917,1691,11440,38400,300,23654400,0.188435583997,0,1,0.555568607961,0,0,0,0
development,independent,20801,3,1,hypernet_rank2,0.01,2917,1691,11440,38400,300,23654400,0.188435583997,0.109086431563,0.30029296875,0.170624477105,0,0,0,0
development,independent,20801,3,2,hypernet_rank2,0.01,2917,1691,11440,38400,300,23654400,0.188435583997,0.181881055236,0.27001953125,0.266779346086,0,0,0,0
development,independent,20801,3,3,hypernet_rank2,0.01,2917,1691,11440,38400,300,23654400,0.188435583997,0.0264252386987,0.56640625,0.19234948777,0,0,0,0
development,independent,20801,3,0,independent_full,0.01,6015,4787,11940,0,0,0,0,0,1,0.555568607961,0,0,0,0
development,independent,20801,3,1,independent_full,0.01,6015,4787,11940,0,0,0,0,0,1,0.524519809347,0,0,0,0
development,independent,20801,3,2,independent_full,0.01,6015,4787,11940,0,0,0,0,0,1,0.579255941877,0,0,0,0
development,independent,20801,3,3,independent_full,0.01,6015,4787,11940,0,0,0,0,0,1,0.568782672752,0,0,0,0
development,independent,20801,4,0,hard_tie,0.01,1224,4,3545,0,0,0,0,0,1,0.558332661516,2048,50,0.00249803300176,40992252.6756
development,independent,20801,4,1,hard_tie,0.01,1224,4,3545,0,0,0,0,0.133809611201,0.26806640625,0.171948732794,2048,50,0.00249803300176,40992252.6756
development,independent,20801,4,2,hard_tie,0.01,1224,4,3545,0,0,0,0,0.0995216369629,0.2216796875,0.220959982362,2048,50,0.00249803300176,40992252.6756
development,independent,20801,4,3,hard_tie,0.01,1224,4,3545,0,0,0,0,0.0960892289877,0.24755859375,0.198396600696,2048,50,0.00249803300176,40992252.6756
development,independent,20801,4,4,hard_tie,0.01,1224,4,3545,0,0,0,0,0.115859732032,0.1552734375,0.295633030481,2048,50,0.00249803300176,40992252.6756
development,independent,20801,4,0,sequential_shared,0.01,1553,324,6524,38400,300,9830400,0.100897138,0.101153202355,0.11328125,0.3891056008,2048,50,0.00244889399983,41814794.7634
development,independent,20801,4,1,sequential_shared,0.01,1553,324,6524,38400,300,9830400,0.100897138,0.174872994423,0.05908203125,0.445606300869,2048,50,0.00244889399983,41814794.7634
development,independent,20801,4,2,sequential_shared,0.01,1553,324,6524,38400,300,9830400,0.100897138,0.100276768208,0.2109375,0.292258726215,2048,50,0.00244889399983,41814794.7634
development,independent,20801,4,3,sequential_shared,0.01,1553,324,6524,38400,300,9830400,0.100897138,0.137003898621,0.068359375,0.431496038058,2048,50,0.00244889399983,41814794.7634
development,independent,20801,4,4,sequential_shared,0.01,1553,324,6524,38400,300,9830400,0.100897138,0.0253093615174,0.7060546875,0.202831846298,2048,50,0.00244889399983,41814794.7634
development,independent,20801,4,0,mirror_view,0.01,1322,99,9112,38400,300,10598400,0.152149078,0,1,0.558332661516,2048,50,0.00517874399884,19773134.1852
development,independent,20801,4,1,mirror_view,0.01,1322,99,9112,38400,300,10598400,0.152149078,0.0919881537557,0.34912109375,0.0792910276214,2048,50,0.00517874399884,19773134.1852
development,independent,20801,4,2,mirror_view,0.01,1322,99,9112,38400,300,10598400,0.152149078,0.0822071731091,0.203125,0.2230539476,2048,50,0.00517874399884,19773134.1852
development,independent,20801,4,3,mirror_view,0.01,1322,99,9112,38400,300,10598400,0.152149078,0.0689869150519,0.33935546875,0.0916629427811,2048,50,0.00517874399884,19773134.1852
development,independent,20801,4,4,mirror_view,0.01,1322,99,9112,38400,300,10598400,0.152149078,0.113289453089,0.171875,0.270776038342,2048,50,0.00517874399884,19773134.1852
development,independent,20801,4,0,multihead,0.01,2775,1554,18332,38400,300,12441600,0.106382564001,0,1,0.558332759334,2048,50,0.00245112599805,41776718.162
development,independent,20801,4,1,multihead,0.01,2775,1554,18332,38400,300,12441600,0.106382564001,0.0259727612138,0.68701171875,0.217016288618,2048,50,0.00245112599805,41776718.162
development,independent,20801,4,2,multihead,0.01,2775,1554,18332,38400,300,12441600,0.106382564001,0.0189118720591,0.57666015625,0.192343446179,2048,50,0.00245112599805,41776718.162
development,independent,20801,4,3,multihead,0.01,2775,1554,18332,38400,300,12441600,0.106382564001,0.0184108354151,0.58984375,0.211325987795,2048,50,0.00245112599805,41776718.162
development,independent,20801,4,4,multihead,0.01,2775,1554,18332,38400,300,12441600,0.106382564001,0.0252039544284,0.70556640625,0.203084214532,2048,50,0.00245112599805,41776718.162
development,independent,20801,4,0,lora_rank2,0.01,2226,1004,16476,38400,300,11366400,0.118310903999,0,1,0.558332661516,2048,50,0.00454173099934,22546469.6203
development,independent,20801,4,1,lora_rank2,0.01,2226,1004,16476,38400,300,11366400,0.118310903999,0.0363376289606,0.65087890625,0.214920177154,2048,50,0.00454173099934,22546469.6203
development,independent,20801,4,2,lora_rank2,0.01,2226,1004,16476,38400,300,11366400,0.118310903999,0.0362496413291,0.45458984375,0.053914955206,2048,50,0.00454173099934,22546469.6203
development,independent,20801,4,3,lora_rank2,0.01,2226,1004,16476,38400,300,11366400,0.118310903999,0.0257334616035,0.5615234375,0.18777188017,2048,50,0.00454173099934,22546469.6203
development,independent,20801,4,4,lora_rank2,0.01,2226,1004,16476,38400,300,11366400,0.118310903999,0.0452076531947,0.6259765625,0.139292833526,2048,50,0.00454173099934,22546469.6203
development,independent,20801,4,0,hypernet_rank2,0.01,2918,1692,11440,38400,300,23654400,0.186731428999,0,1,0.558332661516,2048,50,0.00394870800301,25932532.8492
development,independent,20801,4,1,hypernet_rank2,0.01,2918,1692,11440,38400,300,23654400,0.186731428999,0.364347219467,0.1083984375,0.469276403368,2048,50,0.00394870800301,25932532.8492
development,independent,20801,4,2,hypernet_rank2,0.01,2918,1692,11440,38400,300,23654400,0.186731428999,0.126546517015,0.29296875,0.228378212516,2048,50,0.00394870800301,25932532.8492
development,independent,20801,4,3,hypernet_rank2,0.01,2918,1692,11440,38400,300,23654400,0.186731428999,0.12720939517,0.2119140625,0.220677835016,2048,50,0.00394870800301,25932532.8492
development,independent,20801,4,4,hypernet_rank2,0.01,2918,1692,11440,38400,300,23654400,0.186731428999,0.0535843037069,0.59716796875,0.128056456539,2048,50,0.00394870800301,25932532.8492
development,independent,20801,4,0,independent_full,0.01,7212,5984,14104,0,0,0,0,0,1,0.558332661516,2048,50,0.00223399999959,45837063.5715
development,independent,20801,4,1,independent_full,0.01,7212,5984,14104,0,0,0,0,0,1,0.523631638731,2048,50,0.00223399999959,45837063.5715
development,independent,20801,4,2,independent_full,0.01,7212,5984,14104,0,0,0,0,0,1,0.58367992827,2048,50,0.00223399999959,45837063.5715
development,independent,20801,4,3,independent_full,0.01,7212,5984,14104,0,0,0,0,0,1,0.567184948508,2048,50,0.00223399999959,45837063.5715
development,independent,20801,4,4,independent_full,0.01,7212,5984,14104,0,0,0,0,0,1,0.530478936475,2048,50,0.00223399999959,45837063.5715
development,independent,20802,0,0,hard_tie,0.003,1220,0,3545,0,0,0,0,0,1,0.525221558317,0,0,0,0
development,independent,20802,0,0,sequential_shared,0.003,1549,320,6524,38400,300,9830400,0.0928152689994,0,1,0.525221566146,0,0,0,0
development,independent,20802,0,0,mirror_view,0.003,1242,19,4873,38400,300,10598400,0.145373579002,7.56273044189e-10,1,0.525221558317,0,0,0,0
development,independent,20802,0,0,multihead,0.003,1531,310,6524,38400,300,12441600,0.0995506630024,0,1,0.525221566146,0,0,0,0
development,independent,20802,0,0,lora_rank2,0.003,1422,200,6140,38400,300,11366400,0.107349254999,7.02507607642e-10,1,0.525221558317,0,0,0,0
development,independent,20802,0,0,hypernet_rank2,0.003,2914,1688,6221,0,0,0,0,0,1,0.525221558317,0,0,0,0
development,independent,20802,0,0,independent_full,0.003,2424,1196,5513,0,0,0,0,0,1,0.525221558317,0,0,0,0
development,independent,20802,1,0,hard_tie,0.003,1221,1,3545,0,0,0,0,0,1,0.524643963523,0,0,0,0
development,independent,20802,1,1,hard_tie,0.003,1221,1,3545,0,0,0,0,0.0834694653749,0.20068359375,0.26685048185,0,0,0,0
development,independent,20802,1,0,sequential_shared,0.003,1550,321,6524,38400,300,9830400,0.106776772001,0.0674713104963,0.17822265625,0.223527568669,0,0,0,0
development,independent,20802,1,1,sequential_shared,0.003,1550,321,6524,38400,300,9830400,0.106776772001,0.0171514973044,0.66162109375,0.259600205929,0,0,0,0
development,independent,20802,1,0,mirror_view,0.003,1262,39,5884,38400,300,10598400,0.148269394002,7.24423854237e-10,1,0.524643957033,0,0,0,0
development,independent,20802,1,1,mirror_view,0.003,1262,39,5884,38400,300,10598400,0.148269394002,0.0799570381641,0.22314453125,0.23961750757,0,0,0,0
development,independent,20802,1,0,multihead,0.003,1842,621,9380,38400,300,12441600,0.106823590999,2.492521467e-10,1,0.524643965153,0,0,0,0
development,independent,20802,1,1,multihead,0.003,1842,621,9380,38400,300,12441600,0.106823590999,0.0167274028063,0.66162109375,0.261324104911,0,0,0,0
development,independent,20802,1,0,lora_rank2,0.003,1623,401,8612,38400,300,11366400,0.111527344001,3.35842464949e-11,1,0.524643963523,0,0,0,0
development,independent,20802,1,1,lora_rank2,0.003,1623,401,8612,38400,300,11366400,0.111527344001,0.0264716278762,0.54296875,0.160937932669,0,0,0,0
development,independent,20802,1,0,hypernet_rank2,0.003,2915,1689,11440,38400,300,23654400,0.217103301999,0,1,0.524643963523,0,0,0,0
development,independent,20802,1,1,hypernet_rank2,0.003,2915,1689,11440,38400,300,23654400,0.217103301999,0.026004485786,0.560546875,0.172821563305,0,0,0,0
development,independent,20802,1,0,independent_full,0.003,3621,2393,7676,0,0,0,0,0,1,0.524643963523,0,0,0,0
development,independent,20802,1,1,independent_full,0.003,3621,2393,7676,0,0,0,0,0,1,0.570059312566,0,0,0,0
development,independent,20802,2,0,hard_tie,0.003,1222,2,3545,0,0,0,0,0,1,0.525054087077,0,0,0,0
development,independent,20802,2,1,hard_tie,0.003,1222,2,3545,0,0,0,0,0.0851121619344,0.20068359375,0.269644974498,0,0,0,0
development,independent,20802,2,2,hard_tie,0.003,1222,2,3545,0,0,0,0,0.132789984345,0.197265625,0.282627466171,0,0,0,0
development,independent,20802,2,0,sequential_shared,0.003,1551,322,6524,38400,300,9830400,0.106049989998,0.114021897316,0.21484375,0.18745061208,0,0,0,0
development,independent,20802,2,1,sequential_shared,0.003,1551,322,6524,38400,300,9830400,0.106049989998,0.063016846776,0.2392578125,0.16248696571,0,0,0,0
development,independent,20802,2,2,sequential_shared,0.003,1551,322,6524,38400,300,9830400,0.106049989998,0.0216812044382,0.58984375,0.188532249755,0,0,0,0
development,independent,20802,2,0,mirror_view,0.003,1282,59,6960,38400,300,10598400,0.154322622002,9.78786052208e-10,1,0.525054086902,0,0,0,0
development,independent,20802,2,1,mirror_view,0.003,1282,59,6960,38400,300,10598400,0.154322622002,0.0810713768005,0.21630859375,0.249039063696,0,0,0,0
development,independent,20802,2,2,mirror_view,0.003,1282,59,6960,38400,300,10598400,0.154322622002,0.129405111074,0.205078125,0.273803783479,0,0,0,0
development,independent,20802,2,0,multihead,0.003,2153,932,12236,38400,300,12441600,0.0975827600014,1.49736112398e-10,1,0.52505405806,0,0,0,0
development,independent,20802,2,1,multihead,0.003,2153,932,12236,38400,300,12441600,0.0975827600014,0.0175262354314,0.67138671875,0.271804286254,0,0,0,0
development,independent,20802,2,2,multihead,0.003,2153,932,12236,38400,300,12441600,0.0975827600014,0.0234520547092,0.5751953125,0.184621738328,0,0,0,0
development,independent,20802,2,0,lora_rank2,0.003,1824,602,11084,38400,300,11366400,0.116514284,0,1,0.525054087077,0,0,0,0
development,independent,20802,2,1,lora_rank2,0.003,1824,602,11084,38400,300,11366400,0.116514284,0.0275200940669,0.57421875,0.190294752319,0,0,0,0
development,independent,20802,2,2,lora_rank2,0.003,1824,602,11084,38400,300,11366400,0.116514284,0.0305360928178,0.51904296875,0.145713047197,0,0,0,0
development,independent,20802,2,0,hypernet_rank2,0.003,2916,1690,11440,38400,300,23654400,0.193804379,0,1,0.525054087077,0,0,0,0
development,independent,20802,2,1,hypernet_rank2,0.003,2916,1690,11440,38400,300,23654400,0.193804379,0.0721852630377,0.25341796875,0.151484960254,0,0,0,0
development,independent,20802,2,2,hypernet_rank2,0.003,2916,1690,11440,38400,300,23654400,0.193804379,0.0283489469439,0.52490234375,0.14790517716,0,0,0,0
development,independent,20802,2,0,independent_full,0.003,4818,3590,9776,0,0,0,0,0,1,0.525054087077,0,0,0,0
development,independent,20802,2,1,independent_full,0.003,4818,3590,9776,0,0,0,0,0,1,0.568351835274,0,0,0,0
development,independent,20802,2,2,independent_full,0.003,4818,3590,9776,0,0,0,0,0,1,0.583881032711,0,0,0,0
development,independent,20802,3,0,hard_tie,0.003,1223,3,3545,0,0,0,0,0,1,0.532173353655,0,0,0,0
development,independent,20802,3,1,hard_tie,0.003,1223,3,3545,0,0,0,0,0.0869207158685,0.20703125,0.267064056097,0,0,0,0
development,independent,20802,3,2,hard_tie,0.003,1223,3,3545,0,0,0,0,0.124493531883,0.22705078125,0.242822090149,0,0,0,0
development,independent,20802,3,3,hard_tie,0.003,1223,3,3545,0,0,0,0,0.157634973526,0.1064453125,0.3693797612,0,0,0,0
development,independent,20802,3,0,sequential_shared,0.003,1552,323,6524,38400,300,9830400,0.104647620003,0.156624883413,0.076171875,0.335683639983,0,0,0,0
development,independent,20802,3,1,sequential_shared,0.003,1552,323,6524,38400,300,9830400,0.104647620003,0.0974041745067,0.2060546875,0.204688583101,0,0,0,0
development,independent,20802,3,2,sequential_shared,0.003,1552,323,6524,38400,300,9830400,0.104647620003,0.0727423280478,0.2666015625,0.141927642471,0,0,0,0
development,independent,20802,3,3,sequential_shared,0.003,1552,323,6524,38400,300,9830400,0.104647620003,0.0160135813057,0.62158203125,0.211073846367,0,0,0,0
development,independent,20802,3,0,mirror_view,0.003,1302,79,8036,38400,300,10598400,0.153329911001,1.29164109963e-10,1,0.532173347456,0,0,0,0
development,independent,20802,3,1,mirror_view,0.003,1302,79,8036,38400,300,10598400,0.153329911001,0.0826591551304,0.2216796875,0.24799799022,0,0,0,0
development,independent,20802,3,2,mirror_view,0.003,1302,79,8036,38400,300,10598400,0.153329911001,0.121727362275,0.23046875,0.238595876159,0,0,0,0
development,independent,20802,3,3,mirror_view,0.003,1302,79,8036,38400,300,10598400,0.153329911001,0.153492152691,0.1142578125,0.359684546391,0,0,0,0
development,independent,20802,3,0,multihead,0.003,2464,1243,15284,38400,300,12441600,0.0991211820001,0,1,0.532173356565,0,0,0,0
development,independent,20802,3,1,multihead,0.003,2464,1243,15284,38400,300,12441600,0.0991211820001,0.0186472926289,0.6669921875,0.266215623706,0,0,0,0
development,independent,20802,3,2,multihead,0.003,2464,1243,15284,38400,300,12441600,0.0991211820001,0.0234071686864,0.576171875,0.188236579357,0,0,0,0
development,independent,20802,3,3,multihead,0.003,2464,1243,15284,38400,300,12441600,0.0991211820001,0.0159713253379,0.6396484375,0.237601776884,0,0,0,0
development,independent,20802,3,0,lora_rank2,0.003,2025,803,13812,38400,300,11366400,0.106297518003,0,1,0.532173353655,0,0,0,0
development,independent,20802,3,1,lora_rank2,0.003,2025,803,13812,38400,300,11366400,0.106297518003,0.0284718982875,0.556640625,0.172828788753,0,0,0,0
development,independent,20802,3,2,lora_rank2,0.003,2025,803,13812,38400,300,11366400,0.106297518003,0.030253443867,0.50439453125,0.135577303503,0,0,0,0
development,independent,20802,3,3,lora_rank2,0.003,2025,803,13812,38400,300,11366400,0.106297518003,0.0245629381388,0.515625,0.10282308422,0,0,0,0
development,independent,20802,3,0,hypernet_rank2,0.003,2917,1691,11440,38400,300,23654400,0.194880211999,0,1,0.532173353655,0,0,0,0
development,independent,20802,3,1,hypernet_rank2,0.003,2917,1691,11440,38400,300,23654400,0.194880211999,0.137326419353,0.20947265625,0.288996854797,0,0,0,0
development,independent,20802,3,2,hypernet_rank2,0.003,2917,1691,11440,38400,300,23654400,0.194880211999,0.0594100654125,0.37451171875,0.0728550342028,0,0,0,0
development,independent,20802,3,3,hypernet_rank2,0.003,2917,1691,11440,38400,300,23654400,0.194880211999,0.024223703891,0.5185546875,0.0944296850794,0,0,0,0
development,independent,20802,3,0,independent_full,0.003,6015,4787,11940,0,0,0,0,0,1,0.532173353655,0,0,0,0
development,independent,20802,3,1,independent_full,0.003,6015,4787,11940,0,0,0,0,0,1,0.564104082499,0,0,0,0
development,independent,20802,3,2,independent_full,0.003,6015,4787,11940,0,0,0,0,0,1,0.585268688388,0,0,0,0
development,independent,20802,3,3,independent_full,0.003,6015,4787,11940,0,0,0,0,0,1,0.571763070126,0,0,0,0
development,independent,20802,4,0,hard_tie,0.003,1224,4,3545,0,0,0,0,0,1,0.529495164315,2048,50,0.00276446399948,37041538.6198
development,independent,20802,4,1,hard_tie,0.003,1224,4,3545,0,0,0,0,0.0905215740204,0.201171875,0.270630439874,2048,50,0.00276446399948,37041538.6198
development,independent,20802,4,2,hard_tie,0.003,1224,4,3545,0,0,0,0,0.126883134246,0.21826171875,0.257533329634,2048,50,0.00276446399948,37041538.6198
development,independent,20802,4,3,hard_tie,0.003,1224,4,3545,0,0,0,0,0.154710993171,0.09912109375,0.371776561195,2048,50,0.00276446399948,37041538.6198
development,independent,20802,4,4,hard_tie,0.003,1224,4,3545,0,0,0,0,0.0893259271979,0.21826171875,0.254216647714,2048,50,0.00276446399948,37041538.6198
development,independent,20802,4,0,sequential_shared,0.003,1553,324,6524,38400,300,9830400,0.0982851589979,0.0771271660924,0.17529296875,0.189161479779,2048,50,0.00214756100104,47681998.2997
development,independent,20802,4,1,sequential_shared,0.003,1553,324,6524,38400,300,9830400,0.0982851589979,0.0717640668154,0.22412109375,0.139868280203,2048,50,0.00214756100104,47681998.2997
development,independent,20802,4,2,sequential_shared,0.003,1553,324,6524,38400,300,9830400,0.0982851589979,0.0622931011021,0.17626953125,0.188642782508,2048,50,0.00214756100104,47681998.2997
development,independent,20802,4,3,sequential_shared,0.003,1553,324,6524,38400,300,9830400,0.0982851589979,0.070375226438,0.255859375,0.113151598431,2048,50,0.00214756100104,47681998.2997
development,independent,20802,4,4,sequential_shared,0.003,1553,324,6524,38400,300,9830400,0.0982851589979,0.0123516740277,0.62548828125,0.264018992631,2048,50,0.00214756100104,47681998.2997
development,independent,20802,4,0,mirror_view,0.003,1322,99,9112,38400,300,10598400,0.157135496,6.8828870381e-10,1,0.529495164315,2048,50,0.0051876289981,19739268.1777
development,independent,20802,4,1,mirror_view,0.003,1322,99,9112,38400,300,10598400,0.157135496,0.0870560631156,0.20947265625,0.257351597895,2048,50,0.0051876289981,19739268.1777
development,independent,20802,4,2,mirror_view,0.003,1322,99,9112,38400,300,10598400,0.157135496,0.123777404428,0.21826171875,0.256877597058,2048,50,0.0051876289981,19739268.1777
development,independent,20802,4,3,mirror_view,0.003,1322,99,9112,38400,300,10598400,0.157135496,0.150406673551,0.10302734375,0.366741259691,2048,50,0.0051876289981,19739268.1777
development,independent,20802,4,4,mirror_view,0.003,1322,99,9112,38400,300,10598400,0.157135496,0.0873605534434,0.24169921875,0.223088893559,2048,50,0.0051876289981,19739268.1777
development,independent,20802,4,0,multihead,0.003,2775,1554,18332,38400,300,12441600,0.0896475739974,9.27644350224e-10,1,0.529495209368,2048,50,0.00250789100028,40831120.6463
development,independent,20802,4,1,multihead,0.003,2775,1554,18332,38400,300,12441600,0.0896475739974,0.0172958076,0.68212890625,0.281980046639,2048,50,0.00250789100028,40831120.6463
development,independent,20802,4,2,multihead,0.003,2775,1554,18332,38400,300,12441600,0.0896475739974,0.0242799278349,0.59033203125,0.198884468846,2048,50,0.00250789100028,40831120.6463
development,independent,20802,4,3,multihead,0.003,2775,1554,18332,38400,300,12441600,0.0896475739974,0.0148211363703,0.63818359375,0.236381876952,2048,50,0.00250789100028,40831120.6463
development,independent,20802,4,4,multihead,0.003,2775,1554,18332,38400,300,12441600,0.0896475739974,0.0127446716651,0.5986328125,0.248778505469,2048,50,0.00250789100028,40831120.6463
development,independent,20802,4,0,lora_rank2,0.003,2226,1004,16476,38400,300,11366400,0.116118948001,1.25169374865e-09,1,0.529495164315,2048,50,0.00364171199908,28118643.1068
development,independent,20802,4,1,lora_rank2,0.003,2226,1004,16476,38400,300,11366400,0.116118948001,0.027878805995,0.5576171875,0.171960699096,2048,50,0.00364171199908,28118643.1068
development,independent,20802,4,2,lora_rank2,0.003,2226,1004,16476,38400,300,11366400,0.116118948001,0.0324039794505,0.51123046875,0.139062071539,2048,50,0.00364171199908,28118643.1068
development,independent,20802,4,3,lora_rank2,0.003,2226,1004,16476,38400,300,11366400,0.116118948001,0.0232741907239,0.5166015625,0.101110489137,2048,50,0.00364171199908,28118643.1068
development,independent,20802,4,4,lora_rank2,0.003,2226,1004,16476,38400,300,11366400,0.116118948001,0.0204065255821,0.5126953125,0.172673376946,2048,50,0.00364171199908,28118643.1068
development,independent,20802,4,0,hypernet_rank2,0.003,2918,1692,11440,38400,300,23654400,0.194616949,0,1,0.529495164315,2048,50,0.00721100599912,14200515.1587
development,independent,20802,4,1,hypernet_rank2,0.003,2918,1692,11440,38400,300,23654400,0.194616949,0.15528614819,0.14208984375,0.404551683729,2048,50,0.00721100599912,14200515.1587
development,independent,20802,4,2,hypernet_rank2,0.003,2918,1692,11440,38400,300,23654400,0.194616949,0.0685320198536,0.2900390625,0.157404350954,2048,50,0.00721100599912,14200515.1587
development,independent,20802,4,3,hypernet_rank2,0.003,2918,1692,11440,38400,300,23654400,0.194616949,0.0283053833991,0.46240234375,0.0477974515234,2048,50,0.00721100599912,14200515.1587
development,independent,20802,4,4,hypernet_rank2,0.003,2918,1692,11440,38400,300,23654400,0.194616949,0.0181821417063,0.56787109375,0.211625157855,2048,50,0.00721100599912,14200515.1587
development,independent,20802,4,0,independent_full,0.003,7212,5984,14104,0,0,0,0,0,1,0.529495164315,2048,50,0.0021766059981,47045721.6829
development,independent,20802,4,1,independent_full,0.003,7212,5984,14104,0,0,0,0,0,1,0.565369544056,2048,50,0.0021766059981,47045721.6829
development,independent,20802,4,2,independent_full,0.003,7212,5984,14104,0,0,0,0,0,1,0.579429568694,2048,50,0.0021766059981,47045721.6829
development,independent,20802,4,3,independent_full,0.003,7212,5984,14104,0,0,0,0,0,1,0.571453934099,2048,50,0.0021766059981,47045721.6829
development,independent,20802,4,4,independent_full,0.003,7212,5984,14104,0,0,0,0,0,1,0.626541756559,2048,50,0.0021766059981,47045721.6829
development,independent,20802,0,0,hard_tie,0.01,1220,0,3545,0,0,0,0,0,1,0.525221558317,0,0,0,0
development,independent,20802,0,0,sequential_shared,0.01,1549,320,6524,38400,300,9830400,0.119935912,1.89636112369e-10,1,0.525221626536,0,0,0,0
development,independent,20802,0,0,mirror_view,0.01,1242,19,4873,38400,300,10598400,0.152007358,3.99319577404e-10,1,0.525221558317,0,0,0,0
development,independent,20802,0,0,multihead,0.01,1531,310,6524,38400,300,12441600,0.107301715001,1.89636112369e-10,1,0.525221626536,0,0,0,0
development,independent,20802,0,0,lora_rank2,0.01,1422,200,6140,38400,300,11366400,0.111294531998,0,1,0.525221558317,0,0,0,0
development,independent,20802,0,0,hypernet_rank2,0.01,2914,1688,6221,0,0,0,0,0,1,0.525221558317,0,0,0,0
development,independent,20802,0,0,independent_full,0.01,2424,1196,5513,0,0,0,0,0,1,0.525221558317,0,0,0,0
development,independent,20802,1,0,hard_tie,0.01,1221,1,3545,0,0,0,0,0,1,0.524643963523,0,0,0,0
development,independent,20802,1,1,hard_tie,0.01,1221,1,3545,0,0,0,0,0.0834694653749,0.20068359375,0.26685048185,0,0,0,0
development,independent,20802,1,0,sequential_shared,0.01,1550,321,6524,38400,300,9830400,0.107224195999,0.0679626688361,0.17626953125,0.225230182448,0,0,0,0
development,independent,20802,1,1,sequential_shared,0.01,1550,321,6524,38400,300,9830400,0.107224195999,0.0175125412643,0.6630859375,0.261477933236,0,0,0,0
development,independent,20802,1,0,mirror_view,0.01,1262,39,5884,38400,300,10598400,0.170958128001,4.51955584069e-10,1,0.524643963523,0,0,0,0
development,independent,20802,1,1,mirror_view,0.01,1262,39,5884,38400,300,10598400,0.170958128001,0.0794532299042,0.236328125,0.225491992613,0,0,0,0
development,independent,20802,1,0,multihead,0.01,1842,621,9380,38400,300,12441600,0.103469962,0,1,0.52464400648,0,0,0,0
development,independent,20802,1,1,multihead,0.01,1842,621,9380,38400,300,12441600,0.103469962,0.017486969009,0.6630859375,0.261307586901,0,0,0,0
development,independent,20802,1,0,lora_rank2,0.01,1623,401,8612,38400,300,11366400,0.107520895999,0,1,0.524643963523,0,0,0,0
development,independent,20802,1,1,lora_rank2,0.01,1623,401,8612,38400,300,11366400,0.107520895999,0.0260145328939,0.560546875,0.172185364325,0,0,0,0
development,independent,20802,1,0,hypernet_rank2,0.01,2915,1689,11440,38400,300,23654400,0.203373886001,0,1,0.524643963523,0,0,0,0
development,independent,20802,1,1,hypernet_rank2,0.01,2915,1689,11440,38400,300,23654400,0.203373886001,0.0260539781302,0.56005859375,0.171996642312,0,0,0,0
development,independent,20802,1,0,independent_full,0.01,3621,2393,7676,0,0,0,0,0,1,0.524643963523,0,0,0,0
development,independent,20802,1,1,independent_full,0.01,3621,2393,7676,0,0,0,0,0,1,0.570059312566,0,0,0,0
development,independent,20802,2,0,hard_tie,0.01,1222,2,3545,0,0,0,0,0,1,0.525054087077,0,0,0,0
development,independent,20802,2,1,hard_tie,0.01,1222,2,3545,0,0,0,0,0.0851121619344,0.20068359375,0.269644974498,0,0,0,0
development,independent,20802,2,2,hard_tie,0.01,1222,2,3545,0,0,0,0,0.132789984345,0.197265625,0.282627466171,0,0,0,0
development,independent,20802,2,0,sequential_shared,0.01,1551,322,6524,38400,300,9830400,0.0990592330018,0.114031970501,0.21142578125,0.192067091702,0,0,0,0
development,independent,20802,2,1,sequential_shared,0.01,1551,322,6524,38400,300,9830400,0.0990592330018,0.0633521005511,0.23681640625,0.166356425019,0,0,0,0
development,independent,20802,2,2,sequential_shared,0.01,1551,322,6524,38400,300,9830400,0.0990592330018,0.0217008218169,0.58544921875,0.182929072223,0,0,0,0
development,independent,20802,2,0,mirror_view,0.01,1282,59,6960,38400,300,10598400,0.149090690997,0,1,0.525054087077,0,0,0,0
development,independent,20802,2,1,mirror_view,0.01,1282,59,6960,38400,300,10598400,0.149090690997,0.0801777243614,0.22900390625,0.23348940396,0,0,0,0
development,independent,20802,2,2,mirror_view,0.01,1282,59,6960,38400,300,10598400,0.149090690997,0.126002147794,0.21142578125,0.261481128429,0,0,0,0
development,independent,20802,2,0,multihead,0.01,2153,932,12236,38400,300,12441600,0.0915116210017,1.24288002112e-09,1,0.525054125726,0,0,0,0
development,independent,20802,2,1,multihead,0.01,2153,932,12236,38400,300,12441600,0.0915116210017,0.0181366782635,0.6650390625,0.263649827786,0,0,0,0
development,independent,20802,2,2,multihead,0.01,2153,932,12236,38400,300,12441600,0.0915116210017,0.0216761343181,0.58935546875,0.187099421557,0,0,0,0
development,independent,20802,2,0,lora_rank2,0.01,1824,602,11084,38400,300,11366400,0.120385801001,2.00178831844e-11,1,0.525054076425,0,0,0,0
development,independent,20802,2,1,lora_rank2,0.01,1824,602,11084,38400,300,11366400,0.120385801001,0.0269890818745,0.5869140625,0.196244465405,0,0,0,0
development,independent,20802,2,2,lora_rank2,0.01,1824,602,11084,38400,300,11366400,0.120385801001,0.0283097121865,0.52734375,0.150161991332,0,0,0,0
development,independent,20802,2,0,hypernet_rank2,0.01,2916,1690,11440,38400,300,23654400,0.209576989,0,1,0.525054087077,0,0,0,0
development,independent,20802,2,1,hypernet_rank2,0.01,2916,1690,11440,38400,300,23654400,0.209576989,0.0727986767888,0.21826171875,0.190729801339,0,0,0,0
development,independent,20802,2,2,hypernet_rank2,0.01,2916,1690,11440,38400,300,23654400,0.209576989,0.028347266838,0.52587890625,0.148865116178,0,0,0,0
development,independent,20802,2,0,independent_full,0.01,4818,3590,9776,0,0,0,0,0,1,0.525054087077,0,0,0,0
development,independent,20802,2,1,independent_full,0.01,4818,3590,9776,0,0,0,0,0,1,0.568351835274,0,0,0,0
development,independent,20802,2,2,independent_full,0.01,4818,3590,9776,0,0,0,0,0,1,0.583881032711,0,0,0,0
development,independent,20802,3,0,hard_tie,0.01,1223,3,3545,0,0,0,0,0,1,0.532173353655,0,0,0,0
development,independent,20802,3,1,hard_tie,0.01,1223,3,3545,0,0,0,0,0.0869207158685,0.20703125,0.267064056097,0,0,0,0
development,independent,20802,3,2,hard_tie,0.01,1223,3,3545,0,0,0,0,0.124493531883,0.22705078125,0.242822090149,0,0,0,0
development,independent,20802,3,3,hard_tie,0.01,1223,3,3545,0,0,0,0,0.157634973526,0.1064453125,0.3693797612,0,0,0,0
development,independent,20802,3,0,sequential_shared,0.01,1552,323,6524,38400,300,9830400,0.111308546002,0.156349852681,0.07763671875,0.334409098752,0,0,0,0
development,independent,20802,3,1,sequential_shared,0.01,1552,323,6524,38400,300,9830400,0.111308546002,0.0980125963688,0.205078125,0.206205155511,0,0,0,0
development,independent,20802,3,2,sequential_shared,0.01,1552,323,6524,38400,300,9830400,0.111308546002,0.0737094730139,0.263671875,0.147115085972,0,0,0,0
development,independent,20802,3,3,sequential_shared,0.01,1552,323,6524,38400,300,9830400,0.111308546002,0.0161798112094,0.6240234375,0.213859247553,0,0,0,0
development,independent,20802,3,0,mirror_view,0.01,1302,79,8036,38400,300,10598400,0.168558145,7.88619308745e-11,1,0.532173353655,0,0,0,0
development,independent,20802,3,1,mirror_view,0.01,1302,79,8036,38400,300,10598400,0.168558145,0.0817520394921,0.22412109375,0.243615193445,0,0,0,0
development,independent,20802,3,2,mirror_view,0.01,1302,79,8036,38400,300,10598400,0.168558145,0.118565276265,0.2431640625,0.22023102954,0,0,0,0
development,independent,20802,3,3,mirror_view,0.01,1302,79,8036,38400,300,10598400,0.168558145,0.150746881962,0.12841796875,0.339029239854,0,0,0,0
development,independent,20802,3,0,multihead,0.01,2464,1243,15284,38400,300,12441600,0.104654659001,0,1,0.532173396525,0,0,0,0
development,independent,20802,3,1,multihead,0.01,2464,1243,15284,38400,300,12441600,0.104654659001,0.0192517172545,0.6728515625,0.269557614985,0,0,0,0
development,independent,20802,3,2,multihead,0.01,2464,1243,15284,38400,300,12441600,0.104654659001,0.0216231681406,0.60205078125,0.202894356844,0,0,0,0
development,independent,20802,3,3,multihead,0.01,2464,1243,15284,38400,300,12441600,0.104654659001,0.015946932137,0.62744140625,0.217558158271,0,0,0,0
development,independent,20802,3,0,lora_rank2,0.01,2025,803,13812,38400,300,11366400,0.125401601999,4.47703263351e-10,1,0.532173347456,0,0,0,0
development,independent,20802,3,1,lora_rank2,0.01,2025,803,13812,38400,300,11366400,0.125401601999,0.027448117733,0.58740234375,0.197109666202,0,0,0,0
development,independent,20802,3,2,lora_rank2,0.01,2025,803,13812,38400,300,11366400,0.125401601999,0.0278006251901,0.525390625,0.153309733476,0,0,0,0
development,independent,20802,3,3,lora_rank2,0.01,2025,803,13812,38400,300,11366400,0.125401601999,0.024194162339,0.52001953125,0.0966984615516,0,0,0,0
development,independent,20802,3,0,hypernet_rank2,0.01,2917,1691,11440,38400,300,23654400,0.178342752999,0,1,0.532173353655,0,0,0,0
development,independent,20802,3,1,hypernet_rank2,0.01,2917,1691,11440,38400,300,23654400,0.178342752999,0.156429424882,0.22412109375,0.305113559749,0,0,0,0
development,independent,20802,3,2,hypernet_rank2,0.01,2917,1691,11440,38400,300,23654400,0.178342752999,0.0694631785154,0.35791015625,0.103767398396,0,0,0,0
development,independent,20802,3,3,hypernet_rank2,0.01,2917,1691,11440,38400,300,23654400,0.178342752999,0.0242542624474,0.517578125,0.0935326311883,0,0,0,0
development,independent,20802,3,0,independent_full,0.01,6015,4787,11940,0,0,0,0,0,1,0.532173353655,0,0,0,0
development,independent,20802,3,1,independent_full,0.01,6015,4787,11940,0,0,0,0,0,1,0.564104082499,0,0,0,0
development,independent,20802,3,2,independent_full,0.01,6015,4787,11940,0,0,0,0,0,1,0.585268688388,0,0,0,0
development,independent,20802,3,3,independent_full,0.01,6015,4787,11940,0,0,0,0,0,1,0.571763070126,0,0,0,0
development,independent,20802,4,0,hard_tie,0.01,1224,4,3545,0,0,0,0,0,1,0.529495164315,2048,50,0.00230141900101,44494288.0696
development,independent,20802,4,1,hard_tie,0.01,1224,4,3545,0,0,0,0,0.0905215740204,0.201171875,0.270630439874,2048,50,0.00230141900101,44494288.0696
development,independent,20802,4,2,hard_tie,0.01,1224,4,3545,0,0,0,0,0.126883134246,0.21826171875,0.257533329634,2048,50,0.00230141900101,44494288.0696
development,independent,20802,4,3,hard_tie,0.01,1224,4,3545,0,0,0,0,0.154710993171,0.09912109375,0.371776561195,2048,50,0.00230141900101,44494288.0696
development,independent,20802,4,4,hard_tie,0.01,1224,4,3545,0,0,0,0,0.0893259271979,0.21826171875,0.254216647714,2048,50,0.00230141900101,44494288.0696
development,independent,20802,4,0,sequential_shared,0.01,1553,324,6524,38400,300,9830400,0.102207353,0.0792845338583,0.1845703125,0.180902439271,2048,50,0.0023873459977,42892819.0964
development,independent,20802,4,1,sequential_shared,0.01,1553,324,6524,38400,300,9830400,0.102207353,0.0736381039023,0.22119140625,0.143791298171,2048,50,0.0023873459977,42892819.0964
development,independent,20802,4,2,sequential_shared,0.01,1553,324,6524,38400,300,9830400,0.102207353,0.0633729025722,0.17431640625,0.191852963901,2048,50,0.0023873459977,42892819.0964
development,independent,20802,4,3,sequential_shared,0.01,1553,324,6524,38400,300,9830400,0.102207353,0.0712437331676,0.24169921875,0.12322403086,2048,50,0.0023873459977,42892819.0964
development,independent,20802,4,4,sequential_shared,0.01,1553,324,6524,38400,300,9830400,0.102207353,0.0126196146011,0.62451171875,0.261841868443,2048,50,0.0023873459977,42892819.0964
development,independent,20802,4,0,mirror_view,0.01,1322,99,9112,38400,300,10598400,0.157434305002,9.21705156642e-10,1,0.529495164315,2048,50,0.00519906499903,19695849.1612
development,independent,20802,4,1,mirror_view,0.01,1322,99,9112,38400,300,10598400,0.157434305002,0.0864475518465,0.2255859375,0.240037610951,2048,50,0.00519906499903,19695849.1612
development,independent,20802,4,2,mirror_view,0.01,1322,99,9112,38400,300,10598400,0.157434305002,0.120314620435,0.2275390625,0.240811452852,2048,50,0.00519906499903,19695849.1612
development,independent,20802,4,3,mirror_view,0.01,1322,99,9112,38400,300,10598400,0.157434305002,0.147699326277,0.12646484375,0.338470233786,2048,50,0.00519906499903,19695849.1612
development,independent,20802,4,4,mirror_view,0.01,1322,99,9112,38400,300,10598400,0.157434305002,0.0859133377671,0.27294921875,0.191597801953,2048,50,0.00519906499903,19695849.1612
development,independent,20802,4,0,multihead,0.01,2775,1554,18332,38400,300,12441600,0.100625516003,6.45897890728e-10,1,0.529495224706,2048,50,0.00216365600136,47327301.5377
development,independent,20802,4,1,multihead,0.01,2775,1554,18332,38400,300,12441600,0.100625516003,0.0179811753333,0.69189453125,0.288585229617,2048,50,0.00216365600136,47327301.5377
development,independent,20802,4,2,multihead,0.01,2775,1554,18332,38400,300,12441600,0.100625516003,0.0224931184202,0.61328125,0.210186580502,2048,50,0.00216365600136,47327301.5377
development,independent,20802,4,3,multihead,0.01,2775,1554,18332,38400,300,12441600,0.100625516003,0.0146150263026,0.6240234375,0.214833883874,2048,50,0.00216365600136,47327301.5377
development,independent,20802,4,4,multihead,0.01,2775,1554,18332,38400,300,12441600,0.100625516003,0.0125029310584,0.6240234375,0.262053216778,2048,50,0.00216365600136,47327301.5377
development,independent,20802,4,0,lora_rank2,0.01,2226,1004,16476,38400,300,11366400,0.116327333999,8.79947642529e-11,1,0.529495164315,2048,50,0.00337784699877,30315168.2232
development,independent,20802,4,1,lora_rank2,0.01,2226,1004,16476,38400,300,11366400,0.116327333999,0.0270202811807,0.58984375,0.197627577232,2048,50,0.00337784699877,30315168.2232
development,independent,20802,4,2,lora_rank2,0.01,2226,1004,16476,38400,300,11366400,0.116327333999,0.0301375724375,0.53271484375,0.156174830583,2048,50,0.00337784699877,30315168.2232
development,independent,20802,4,3,lora_rank2,0.01,2226,1004,16476,38400,300,11366400,0.116327333999,0.0225440319628,0.5166015625,0.0911472041917,2048,50,0.00337784699877,30315168.2232
development,independent,20802,4,4,lora_rank2,0.01,2226,1004,16476,38400,300,11366400,0.116327333999,0.0180984139442,0.56494140625,0.20910978959,2048,50,0.00337784699877,30315168.2232
development,independent,20802,4,0,hypernet_rank2,0.01,2918,1692,11440,38400,300,23654400,0.215437184001,0,1,0.529495164315,2048,50,0.00466133400187,21967960.2361
development,independent,20802,4,1,hypernet_rank2,0.01,2918,1692,11440,38400,300,23654400,0.215437184001,0.121314063668,0.19775390625,0.28276812721,2048,50,0.00466133400187,21967960.2361
development,independent,20802,4,2,hypernet_rank2,0.01,2918,1692,11440,38400,300,23654400,0.215437184001,0.0753114297986,0.20166015625,0.200322801626,2048,50,0.00466133400187,21967960.2361
development,independent,20802,4,3,hypernet_rank2,0.01,2918,1692,11440,38400,300,23654400,0.215437184001,0.0510189160705,0.3779296875,0.0114300396381,2048,50,0.00466133400187,21967960.2361
development,independent,20802,4,4,hypernet_rank2,0.01,2918,1692,11440,38400,300,23654400,0.215437184001,0.0181947946548,0.568359375,0.21216869913,2048,50,0.00466133400187,21967960.2361
development,independent,20802,4,0,independent_full,0.01,7212,5984,14104,0,0,0,0,0,1,0.529495164315,2048,50,0.00241154600008,42462387.1976
development,independent,20802,4,1,independent_full,0.01,7212,5984,14104,0,0,0,0,0,1,0.565369544056,2048,50,0.00241154600008,42462387.1976
development,independent,20802,4,2,independent_full,0.01,7212,5984,14104,0,0,0,0,0,1,0.579429568694,2048,50,0.00241154600008,42462387.1976
development,independent,20802,4,3,independent_full,0.01,7212,5984,14104,0,0,0,0,0,1,0.571453934099,2048,50,0.00241154600008,42462387.1976
development,independent,20802,4,4,independent_full,0.01,7212,5984,14104,0,0,0,0,0,1,0.626541756559,2048,50,0.00241154600008,42462387.1976
exploratory_fresh_opened_after_development_gate_failure,aligned,20811,0,0,hard_tie,0.003,1220,0,3545,0,0,0,0,0,1,0.556109567638,0,0,0,0
exploratory_fresh_opened_after_development_gate_failure,aligned,20811,0,0,sequential_shared,0.003,1549,320,6524,38400,300,9830400,0.173820737,0,1,0.556109585799,0,0,0,0
exploratory_fresh_opened_after_development_gate_failure,aligned,20811,0,0,mirror_view,0.003,1242,19,4873,38400,300,10598400,0.230398731997,0,1,0.556109567638,0,0,0,0
exploratory_fresh_opened_after_development_gate_failure,aligned,20811,0,0,multihead,0.003,1531,310,6524,38400,300,12441600,0.158757363999,0,1,0.556109585799,0,0,0,0
exploratory_fresh_opened_after_development_gate_failure,aligned,20811,0,0,lora_rank2,0.003,1422,200,6140,38400,300,11366400,0.152281576,7.22124082753e-10,1,0.556109569705,0,0,0,0
exploratory_fresh_opened_after_development_gate_failure,aligned,20811,0,0,hypernet_rank2,0.003,2914,1688,6221,0,0,0,0,0,1,0.556109567638,0,0,0,0
exploratory_fresh_opened_after_development_gate_failure,aligned,20811,0,0,independent_full,0.003,2424,1196,5513,0,0,0,0,0,1,0.556109567638,0,0,0,0
exploratory_fresh_opened_after_development_gate_failure,aligned,20811,1,0,hard_tie,0.003,1221,1,3545,0,0,0,0,0,1,0.561327275878,0,0,0,0
exploratory_fresh_opened_after_development_gate_failure,aligned,20811,1,1,hard_tie,0.003,1221,1,3545,0,0,0,0,0.00137052312493,0.93505859375,0.497139742103,0,0,0,0
exploratory_fresh_opened_after_development_gate_failure,aligned,20811,1,0,sequential_shared,0.003,1550,321,6524,38400,300,9830400,0.155927380001,0.00137206551153,0.93505859375,0.494804936228,0,0,0,0
exploratory_fresh_opened_after_development_gate_failure,aligned,20811,1,1,sequential_shared,0.003,1550,321,6524,38400,300,9830400,0.155927380001,0,1,0.560125537857,0,0,0,0
exploratory_fresh_opened_after_development_gate_failure,aligned,20811,1,0,mirror_view,0.003,1262,39,5884,38400,300,10598400,0.226473884999,0,1,0.561327275878,0,0,0,0
exploratory_fresh_opened_after_development_gate_failure,aligned,20811,1,1,mirror_view,0.003,1262,39,5884,38400,300,10598400,0.226473884999,3.95007009502e-06,0.99609375,0.556258791912,0,0,0,0
exploratory_fresh_opened_after_development_gate_failure,aligned,20811,1,0,multihead,0.003,1842,621,9380,38400,300,12441600,0.147530519,0,1,0.561327255302,0,0,0,0
exploratory_fresh_opened_after_development_gate_failure,aligned,20811,1,1,multihead,0.003,1842,621,9380,38400,300,12441600,0.147530519,1.0837806208e-08,1,0.560124241223,0,0,0,0
exploratory_fresh_opened_after_development_gate_failure,aligned,20811,1,0,lora_rank2,0.003,1623,401,8612,38400,300,11366400,0.176449192,6.53538667628e-10,1,0.561327275878,0,0,0,0
exploratory_fresh_opened_after_development_gate_failure,aligned,20811,1,1,lora_rank2,0.003,1623,401,8612,38400,300,11366400,0.176449192,2.63505025941e-05,0.98828125,0.548111957469,0,0,0,0
exploratory_fresh_opened_after_development_gate_failure,aligned,20811,1,0,hypernet_rank2,0.003,2915,1689,11440,38400,300,23654400,0.293198594001,0,1,0.561327275878,0,0,0,0
exploratory_fresh_opened_after_development_gate_failure,aligned,20811,1,1,hypernet_rank2,0.003,2915,1689,11440,38400,300,23654400,0.293198594001,0,1,0.560125558462,0,0,0,0
exploratory_fresh_opened_after_development_gate_failure,aligned,20811,1,0,independent_full,0.003,3621,2393,7676,0,0,0,0,0,1,0.561327275878,0,0,0,0
exploratory_fresh_opened_after_development_gate_failure,aligned,20811,1,1,independent_full,0.003,3621,2393,7676,0,0,0,0,4.38640679334e-10,1,0.560125463206,0,0,0,0
exploratory_fresh_opened_after_development_gate_failure,aligned,20811,2,0,hard_tie,0.003,1222,2,3545,0,0,0,0,0,1,0.558009409433,0,0,0,0
exploratory_fresh_opened_after_development_gate_failure,aligned,20811,2,1,hard_tie,0.003,1222,2,3545,0,0,0,0,0.00125293899328,0.92919921875,0.486534572818,0,0,0,0
exploratory_fresh_opened_after_development_gate_failure,aligned,20811,2,2,hard_tie,0.003,1222,2,3545,0,0,0,0,0.000690647982992,0.95849609375,0.514280982083,0,0,0,0
exploratory_fresh_opened_after_development_gate_failure,aligned,20811,2,0,sequential_shared,0.003,1551,322,6524,38400,300,9830400,0.172938999,0.000770106969867,0.94921875,0.505805671011,0,0,0,0
exploratory_fresh_opened_after_development_gate_failure,aligned,20811,2,1,sequential_shared,0.003,1551,322,6524,38400,300,9830400,0.172938999,9.7443604318e-05,0.97900390625,0.53574517573,0,0,0,0
exploratory_fresh_opened_after_development_gate_failure,aligned,20811,2,2,sequential_shared,0.003,1551,322,6524,38400,300,9830400,0.172938999,6.89816592736e-10,1,0.554814525269,0,0,0,0
exploratory_fresh_opened_after_development_gate_failure,aligned,20811,2,0,mirror_view,0.003,1282,59,6960,38400,300,10598400,0.264478163001,4.43468872735e-10,1,0.558009361586,0,0,0,0
exploratory_fresh_opened_after_development_gate_failure,aligned,20811,2,1,mirror_view,0.003,1282,59,6960,38400,300,10598400,0.264478163001,3.62646460417e-06,0.9951171875,0.551760778471,0,0,0,0
exploratory_fresh_opened_after_development_gate_failure,aligned,20811,2,2,mirror_view,0.003,1282,59,6960,38400,300,10598400,0.264478163001,2.49146943077e-08,1,0.5548173071,0,0,0,0
exploratory_fresh_opened_after_development_gate_failure,aligned,20811,2,0,multihead,0.003,2153,932,12236,38400,300,12441600,0.165587036001,0,1,0.558009416709,0,0,0,0
exploratory_fresh_opened_after_development_gate_failure,aligned,20811,2,1,multihead,0.003,2153,932,12236,38400,300,12441600,0.165587036001,1.39521940667e-08,0.9990234375,0.555641376122,0,0,0,0
exploratory_fresh_opened_after_development_gate_failure,aligned,20811,2,2,multihead,0.003,2153,932,12236,38400,300,12441600,0.165587036001,5.08439423896e-09,1,0.554814529023,0,0,0,0
exploratory_fresh_opened_after_development_gate_failure,aligned,20811,2,0,lora_rank2,0.003,1824,602,11084,38400,300,11366400,0.132651141001,4.84119744293e-10,1,0.558009410335,0,0,0,0
exploratory_fresh_opened_after_development_gate_failure,aligned,20811,2,1,lora_rank2,0.003,1824,602,11084,38400,300,11366400,0.132651141001,2.53467351286e-05,0.98486328125,0.541169155302,0,0,0,0
exploratory_fresh_opened_after_development_gate_failure,aligned,20811,2,2,lora_rank2,0.003,1824,602,11084,38400,300,11366400,0.132651141001,2.12875129364e-05,0.99267578125,0.548419080093,0,0,0,0
exploratory_fresh_opened_after_development_gate_failure,aligned,20811,2,0,hypernet_rank2,0.003,2916,1690,11440,38400,300,23654400,0.274880198001,0,1,0.558009409433,0,0,0,0
exploratory_fresh_opened_after_development_gate_failure,aligned,20811,2,1,hypernet_rank2,0.003,2916,1690,11440,38400,300,23654400,0.274880198001,6.99048678143e-06,0.99169921875,0.54809344621,0,0,0,0
exploratory_fresh_opened_after_development_gate_failure,aligned,20811,2,2,hypernet_rank2,0.003,2916,1690,11440,38400,300,23654400,0.274880198001,3.71756581075e-09,1,0.554814521805,0,0,0,0
exploratory_fresh_opened_after_development_gate_failure,aligned,20811,2,0,independent_full,0.003,4818,3590,9776,0,0,0,0,0,1,0.558009409433,0,0,0,0
exploratory_fresh_opened_after_development_gate_failure,aligned,20811,2,1,independent_full,0.003,4818,3590,9776,0,0,0,0,0,1,0.556621951051,0,0,0,0
exploratory_fresh_opened_after_development_gate_failure,aligned,20811,2,2,independent_full,0.003,4818,3590,9776,0,0,0,0,6.27289942212e-10,1,0.554814522911,0,0,0,0
exploratory_fresh_opened_after_development_gate_failure,aligned,20811,3,0,hard_tie,0.003,1223,3,3545,0,0,0,0,0,1,0.555513500323,0,0,0,0
exploratory_fresh_opened_after_development_gate_failure,aligned,20811,3,1,hard_tie,0.003,1223,3,3545,0,0,0,0,0.00132786063477,0.9287109375,0.489913037629,0,0,0,0
exploratory_fresh_opened_after_development_gate_failure,aligned,20811,3,2,hard_tie,0.003,1223,3,3545,0,0,0,0,0.000687295745593,0.9501953125,0.511424840457,0,0,0,0
exploratory_fresh_opened_after_development_gate_failure,aligned,20811,3,3,hard_tie,0.003,1223,3,3545,0,0,0,0,0.00130241853185,0.92919921875,0.487871478515,0,0,0,0
exploratory_fresh_opened_after_development_gate_failure,aligned,20811,3,0,sequential_shared,0.003,1552,323,6524,38400,300,9830400,0.203605011997,0.00125901331194,0.94091796875,0.495345574134,0,0,0,0
exploratory_fresh_opened_after_development_gate_failure,aligned,20811,3,1,sequential_shared,0.003,1552,323,6524,38400,300,9830400,0.203605011997,5.63688217881e-07,0.998046875,0.557822840783,0,0,0,0
exploratory_fresh_opened_after_development_gate_failure,aligned,20811,3,2,sequential_shared,0.003,1552,323,6524,38400,300,9830400,0.203605011997,8.66682457854e-05,0.97802734375,0.537730539916,0,0,0,0
exploratory_fresh_opened_after_development_gate_failure,aligned,20811,3,3,sequential_shared,0.003,1552,323,6524,38400,300,9830400,0.203605011997,7.56583573569e-10,1,0.55832337949,0,0,0,0
exploratory_fresh_opened_after_development_gate_failure,aligned,20811,3,0,mirror_view,0.003,1302,79,8036,38400,300,10598400,0.191176437002,7.6490330736e-10,1,0.555513485277,0,0,0,0
exploratory_fresh_opened_after_development_gate_failure,aligned,20811,3,1,mirror_view,0.003,1302,79,8036,38400,300,10598400,0.191176437002,3.85099428968e-06,0.99658203125,0.556380290596,0,0,0,0
exploratory_fresh_opened_after_development_gate_failure,aligned,20811,3,2,mirror_view,0.003,1302,79,8036,38400,300,10598400,0.191176437002,2.26669563119e-08,1,0.560127860808,0,0,0,0
exploratory_fresh_opened_after_development_gate_failure,aligned,20811,3,3,mirror_view,0.003,1302,79,8036,38400,300,10598400,0.191176437002,3.07410164169e-06,0.99609375,0.554395201936,0,0,0,0
exploratory_fresh_opened_after_development_gate_failure,aligned,20811,3,0,multihead,0.003,2464,1243,15284,38400,300,12441600,0.126432948,6.12384032372e-10,1,0.555513525527,0,0,0,0
exploratory_fresh_opened_after_development_gate_failure,aligned,20811,3,1,multihead,0.003,2464,1243,15284,38400,300,12441600,0.126432948,1.06800044364e-08,1,0.559758500254,0,0,0,0
exploratory_fresh_opened_after_development_gate_failure,aligned,20811,3,2,multihead,0.003,2464,1243,15284,38400,300,12441600,0.126432948,8.80629846822e-10,1,0.560120988899,0,0,0,0
exploratory_fresh_opened_after_development_gate_failure,aligned,20811,3,3,multihead,0.003,2464,1243,15284,38400,300,12441600,0.126432948,5.1130111256e-10,1,0.55832726002,0,0,0,0
exploratory_fresh_opened_after_development_gate_failure,aligned,20811,3,0,lora_rank2,0.003,2025,803,13812,38400,300,11366400,0.149470982,4.98891372658e-10,1,0.555513500323,0,0,0,0
exploratory_fresh_opened_after_development_gate_failure,aligned,20811,3,1,lora_rank2,0.003,2025,803,13812,38400,300,11366400,0.149470982,2.56484690908e-05,0.9873046875,0.546687915717,0,0,0,0
exploratory_fresh_opened_after_development_gate_failure,aligned,20811,3,2,lora_rank2,0.003,2025,803,13812,38400,300,11366400,0.149470982,1.89915826923e-05,0.9921875,0.553416133567,0,0,0,0
exploratory_fresh_opened_after_development_gate_failure,aligned,20811,3,3,lora_rank2,0.003,2025,803,13812,38400,300,11366400,0.149470982,9.01157000044e-06,0.990234375,0.548848350125,0,0,0,0
exploratory_fresh_opened_after_development_gate_failure,aligned,20811,3,0,hypernet_rank2,0.003,2917,1691,11440,38400,300,23654400,0.260995420002,0,1,0.555513500323,0,0,0,0
exploratory_fresh_opened_after_development_gate_failure,aligned,20811,3,1,hypernet_rank2,0.003,2917,1691,11440,38400,300,23654400,0.260995420002,6.9709662057e-05,0.9775390625,0.536946282315,0,0,0,0
exploratory_fresh_opened_after_development_gate_failure,aligned,20811,3,2,hypernet_rank2,0.003,2917,1691,11440,38400,300,23654400,0.260995420002,7.75773442001e-05,0.97802734375,0.537841442914,0,0,0,0
exploratory_fresh_opened_after_development_gate_failure,aligned,20811,3,3,hypernet_rank2,0.003,2917,1691,11440,38400,300,23654400,0.260995420002,0,1,0.558323366247,0,0,0,0
exploratory_fresh_opened_after_development_gate_failure,aligned,20811,3,0,independent_full,0.003,6015,4787,11940,0,0,0,0,0,1,0.555513500323,0,0,0,0
exploratory_fresh_opened_after_development_gate_failure,aligned,20811,3,1,independent_full,0.003,6015,4787,11940,0,0,0,0,4.18942269764e-10,1,0.559763583675,0,0,0,0
exploratory_fresh_opened_after_development_gate_failure,aligned,20811,3,2,independent_full,0.003,6015,4787,11940,0,0,0,0,2.10621409202e-10,1,0.560120932292,0,0,0,0
exploratory_fresh_opened_after_development_gate_failure,aligned,20811,3,3,independent_full,0.003,6015,4787,11940,0,0,0,0,7.99645905047e-10,1,0.558323366247,0,0,0,0
exploratory_fresh_opened_after_development_gate_failure,aligned,20811,4,0,hard_tie,0.003,1224,4,3545,0,0,0,0,0,1,0.552843004931,2048,50,0.00235292100115,43520373.166
exploratory_fresh_opened_after_development_gate_failure,aligned,20811,4,1,hard_tie,0.003,1224,4,3545,0,0,0,0,0.00131331011653,0.9404296875,0.493618442502,2048,50,0.00235292100115,43520373.166
exploratory_fresh_opened_after_development_gate_failure,aligned,20811,4,2,hard_tie,0.003,1224,4,3545,0,0,0,0,0.000673148490023,0.95751953125,0.513532270474,2048,50,0.00235292100115,43520373.166
exploratory_fresh_opened_after_development_gate_failure,aligned,20811,4,3,hard_tie,0.003,1224,4,3545,0,0,0,0,0.00132631103043,0.93115234375,0.489367878443,2048,50,0.00235292100115,43520373.166
exploratory_fresh_opened_after_development_gate_failure,aligned,20811,4,4,hard_tie,0.003,1224,4,3545,0,0,0,0,0.00073694618186,0.947265625,0.509541423671,2048,50,0.00235292100115,43520373.166
exploratory_fresh_opened_after_development_gate_failure,aligned,20811,4,0,sequential_shared,0.003,1553,324,6524,38400,300,9830400,0.137846031997,0.000869107490871,0.95703125,0.50906771404,2048,50,0.00396169899977,25847496.2398
exploratory_fresh_opened_after_development_gate_failure,aligned,20811,4,1,sequential_shared,0.003,1553,324,6524,38400,300,9830400,0.137846031997,7.6466203609e-05,0.9814453125,0.533675448911,2048,50,0.00396169899977,25847496.2398
exploratory_fresh_opened_after_development_gate_failure,aligned,20811,4,2,sequential_shared,0.003,1553,324,6524,38400,300,9830400,0.137846031997,1.70990085735e-06,0.99755859375,0.553116824361,2048,50,0.00396169899977,25847496.2398
exploratory_fresh_opened_after_development_gate_failure,aligned,20811,4,3,sequential_shared,0.003,1553,324,6524,38400,300,9830400,0.137846031997,6.79178338032e-05,0.98583984375,0.543282522296,2048,50,0.00396169899977,25847496.2398
exploratory_fresh_opened_after_development_gate_failure,aligned,20811,4,4,sequential_shared,0.003,1553,324,6524,38400,300,9830400,0.137846031997,0,1,0.561605571653,2048,50,0.00396169899977,25847496.2398
exploratory_fresh_opened_after_development_gate_failure,aligned,20811,4,0,mirror_view,0.003,1322,99,9112,38400,300,10598400,0.193528247,0,1,0.552843000245,2048,50,0.00645699400047,15858772.6723
exploratory_fresh_opened_after_development_gate_failure,aligned,20811,4,1,mirror_view,0.003,1322,99,9112,38400,300,10598400,0.193528247,3.75418562726e-06,0.9951171875,0.547393848421,2048,50,0.00645699400047,15858772.6723
exploratory_fresh_opened_after_development_gate_failure,aligned,20811,4,2,mirror_view,0.003,1322,99,9112,38400,300,10598400,0.193528247,2.07601900115e-08,1,0.555562203604,2048,50,0.00645699400047,15858772.6723
exploratory_fresh_opened_after_development_gate_failure,aligned,20811,4,3,mirror_view,0.003,1322,99,9112,38400,300,10598400,0.193528247,3.10016503136e-06,0.9970703125,0.554503152642,2048,50,0.00645699400047,15858772.6723
exploratory_fresh_opened_after_development_gate_failure,aligned,20811,4,4,mirror_view,0.003,1322,99,9112,38400,300,10598400,0.193528247,3.69461048422e-08,1,0.561609611381,2048,50,0.00645699400047,15858772.6723
exploratory_fresh_opened_after_development_gate_failure,aligned,20811,4,0,multihead,0.003,2775,1554,18332,38400,300,12441600,0.122369813998,0,1,0.552842997102,2048,50,0.0019882489978,51502603.604
exploratory_fresh_opened_after_development_gate_failure,aligned,20811,4,1,multihead,0.003,2775,1554,18332,38400,300,12441600,0.122369813998,1.29528947568e-08,0.99951171875,0.551807704236,2048,50,0.0019882489978,51502603.604
exploratory_fresh_opened_after_development_gate_failure,aligned,20811,4,2,multihead,0.003,2775,1554,18332,38400,300,12441600,0.122369813998,1.28454713533e-09,1,0.555561645597,2048,50,0.0019882489978,51502603.604
exploratory_fresh_opened_after_development_gate_failure,aligned,20811,4,3,multihead,0.003,2775,1554,18332,38400,300,12441600,0.122369813998,1.19607390658e-09,1,0.557452275971,2048,50,0.0019882489978,51502603.604
exploratory_fresh_opened_after_development_gate_failure,aligned,20811,4,4,multihead,0.003,2775,1554,18332,38400,300,12441600,0.122369813998,0,1,0.561605582305,2048,50,0.0019882489978,51502603.604
exploratory_fresh_opened_after_development_gate_failure,aligned,20811,4,0,lora_rank2,0.003,2226,1004,16476,38400,300,11366400,0.158725175002,0,1,0.552843005018,2048,50,0.00355045099786,28841406.3626
exploratory_fresh_opened_after_development_gate_failure,aligned,20811,4,1,lora_rank2,0.003,2226,1004,16476,38400,300,11366400,0.158725175002,2.65007420239e-05,0.98876953125,0.540725849074,2048,50,0.00355045099786,28841406.3626
exploratory_fresh_opened_after_development_gate_failure,aligned,20811,4,2,lora_rank2,0.003,2226,1004,16476,38400,300,11366400,0.158725175002,2.14343817788e-05,0.99072265625,0.547320369078,2048,50,0.00355045099786,28841406.3626
exploratory_fresh_opened_after_development_gate_failure,aligned,20811,4,3,lora_rank2,0.003,2226,1004,16476,38400,300,11366400,0.158725175002,8.76841841091e-06,0.99267578125,0.550394187914,2048,50,0.00355045099786,28841406.3626
exploratory_fresh_opened_after_development_gate_failure,aligned,20811,4,4,lora_rank2,0.003,2226,1004,16476,38400,300,11366400,0.158725175002,1.32753712023e-05,0.99169921875,0.553138138086,2048,50,0.00355045099786,28841406.3626
exploratory_fresh_opened_after_development_gate_failure,aligned,20811,4,0,hypernet_rank2,0.003,2918,1692,11440,38400,300,23654400,0.249945504998,0,1,0.552843004931,2048,50,0.00521205600307,19646757.4292
exploratory_fresh_opened_after_development_gate_failure,aligned,20811,4,1,hypernet_rank2,0.003,2918,1692,11440,38400,300,23654400,0.249945504998,7.12411056156e-05,0.98193359375,0.535486889421,2048,50,0.00521205600307,19646757.4292
exploratory_fresh_opened_after_development_gate_failure,aligned,20811,4,2,hypernet_rank2,0.003,2918,1692,11440,38400,300,23654400,0.249945504998,0.000120718708786,0.97998046875,0.535929522186,2048,50,0.00521205600307,19646757.4292
exploratory_fresh_opened_after_development_gate_failure,aligned,20811,4,3,hypernet_rank2,0.003,2918,1692,11440,38400,300,23654400,0.249945504998,1.70056337083e-05,0.994140625,0.551781898277,2048,50,0.00521205600307,19646757.4292
exploratory_fresh_opened_after_development_gate_failure,aligned,20811,4,4,hypernet_rank2,0.003,2918,1692,11440,38400,300,23654400,0.249945504998,1.47750603419e-10,1,0.561605504947,2048,50,0.00521205600307,19646757.4292
exploratory_fresh_opened_after_development_gate_failure,aligned,20811,4,0,independent_full,0.003,7212,5984,14104,0,0,0,0,0,1,0.552843004931,2048,50,0.00220519700088,46435760.5961
exploratory_fresh_opened_after_development_gate_failure,aligned,20811,4,1,independent_full,0.003,7212,5984,14104,0,0,0,0,2.04470759768e-10,1,0.552301618416,2048,50,0.00220519700088,46435760.5961
exploratory_fresh_opened_after_development_gate_failure,aligned,20811,4,2,independent_full,0.003,7212,5984,14104,0,0,0,0,0,1,0.55556163899,2048,50,0.00220519700088,46435760.5961
exploratory_fresh_opened_after_development_gate_failure,aligned,20811,4,3,independent_full,0.003,7212,5984,14104,0,0,0,0,0,1,0.557447982166,2048,50,0.00220519700088,46435760.5961
exploratory_fresh_opened_after_development_gate_failure,aligned,20811,4,4,independent_full,0.003,7212,5984,14104,0,0,0,0,4.98012964201e-10,1,0.561605512718,2048,50,0.00220519700088,46435760.5961
exploratory_fresh_opened_after_development_gate_failure,aligned,20812,0,0,hard_tie,0.003,1220,0,3545,0,0,0,0,0,1,0.60356454624,0,0,0,0
exploratory_fresh_opened_after_development_gate_failure,aligned,20812,0,0,sequential_shared,0.003,1549,320,6524,38400,300,9830400,0.142313023,0,1,0.603564560908,0,0,0,0
exploratory_fresh_opened_after_development_gate_failure,aligned,20812,0,0,mirror_view,0.003,1242,19,4873,38400,300,10598400,0.190168393001,0,1,0.603564544843,0,0,0,0
exploratory_fresh_opened_after_development_gate_failure,aligned,20812,0,0,multihead,0.003,1531,310,6524,38400,300,12441600,0.135179495999,0,1,0.603564560908,0,0,0,0
exploratory_fresh_opened_after_development_gate_failure,aligned,20812,0,0,lora_rank2,0.003,1422,200,6140,38400,300,11366400,0.158045221,0,1,0.603564544843,0,0,0,0
exploratory_fresh_opened_after_development_gate_failure,aligned,20812,0,0,hypernet_rank2,0.003,2914,1688,6221,0,0,0,0,0,1,0.60356454624,0,0,0,0
exploratory_fresh_opened_after_development_gate_failure,aligned,20812,0,0,independent_full,0.003,2424,1196,5513,0,0,0,0,0,1,0.60356454624,0,0,0,0
exploratory_fresh_opened_after_development_gate_failure,aligned,20812,1,0,hard_tie,0.003,1221,1,3545,0,0,0,0,0,1,0.605075937812,0,0,0,0
exploratory_fresh_opened_after_development_gate_failure,aligned,20812,1,1,hard_tie,0.003,1221,1,3545,0,0,0,0,0.000291783479042,0.95166015625,0.554836566269,0,0,0,0
exploratory_fresh_opened_after_development_gate_failure,aligned,20812,1,0,sequential_shared,0.003,1550,321,6524,38400,300,9830400,0.172887093999,0.00028123537777,0.95458984375,0.559616902523,0,0,0,0
exploratory_fresh_opened_after_development_gate_failure,aligned,20812,1,1,sequential_shared,0.003,1550,321,6524,38400,300,9830400,0.172887093999,0,1,0.602799007611,0,0,0,0
exploratory_fresh_opened_after_development_gate_failure,aligned,20812,1,0,mirror_view,0.003,1262,39,5884,38400,300,10598400,0.198541254998,1.32748659287e-10,1,0.605075937812,0,0,0,0
exploratory_fresh_opened_after_development_gate_failure,aligned,20812,1,1,mirror_view,0.003,1262,39,5884,38400,300,10598400,0.198541254998,0,1,0.602798975247,0,0,0,0
exploratory_fresh_opened_after_development_gate_failure,aligned,20812,1,0,multihead,0.003,1842,621,9380,38400,300,12441600,0.140977888001,0,1,0.605075968284,0,0,0,0
exploratory_fresh_opened_after_development_gate_failure,aligned,20812,1,1,multihead,0.003,1842,621,9380,38400,300,12441600,0.140977888001,0,1,0.60279900959,0,0,0,0
exploratory_fresh_opened_after_development_gate_failure,aligned,20812,1,0,lora_rank2,0.003,1623,401,8612,38400,300,11366400,0.169091674001,0,1,0.605075937812,0,0,0,0
exploratory_fresh_opened_after_development_gate_failure,aligned,20812,1,1,lora_rank2,0.003,1623,401,8612,38400,300,11366400,0.169091674001,4.19286834585e-06,0.9912109375,0.59413587884,0,0,0,0
exploratory_fresh_opened_after_development_gate_failure,aligned,20812,1,0,hypernet_rank2,0.003,2915,1689,11440,38400,300,23654400,0.255649473998,0,1,0.605075937812,0,0,0,0
exploratory_fresh_opened_after_development_gate_failure,aligned,20812,1,1,hypernet_rank2,0.003,2915,1689,11440,38400,300,23654400,0.255649473998,1.48726684301e-08,0.9990234375,0.601824310375,0,0,0,0
exploratory_fresh_opened_after_development_gate_failure,aligned,20812,1,0,independent_full,0.003,3621,2393,7676,0,0,0,0,0,1,0.605075937812,0,0,0,0
exploratory_fresh_opened_after_development_gate_failure,aligned,20812,1,1,independent_full,0.003,3621,2393,7676,0,0,0,0,0,1,0.60279896931,0,0,0,0
exploratory_fresh_opened_after_development_gate_failure,aligned,20812,2,0,hard_tie,0.003,1222,2,3545,0,0,0,0,0,1,0.606350580405,0,0,0,0
exploratory_fresh_opened_after_development_gate_failure,aligned,20812,2,1,hard_tie,0.003,1222,2,3545,0,0,0,0,0.000283245753963,0.95751953125,0.563013632025,0,0,0,0
exploratory_fresh_opened_after_development_gate_failure,aligned,20812,2,2,hard_tie,0.003,1222,2,3545,0,0,0,0,0.00055607559625,0.95361328125,0.554186874419,0,0,0,0
exploratory_fresh_opened_after_development_gate_failure,aligned,20812,2,0,sequential_shared,0.003,1551,322,6524,38400,300,9830400,0.227219723998,0.000552531215362,0.9462890625,0.551374646719,0,0,0,0
exploratory_fresh_opened_after_development_gate_failure,aligned,20812,2,1,sequential_shared,0.003,1551,322,6524,38400,300,9830400,0.227219723998,4.70727172797e-05,0.98193359375,0.586465390516,0,0,0,0
exploratory_fresh_opened_after_development_gate_failure,aligned,20812,2,2,sequential_shared,0.003,1551,322,6524,38400,300,9830400,0.227219723998,6.52763287867e-10,1,0.599052210047,0,0,0,0
exploratory_fresh_opened_after_development_gate_failure,aligned,20812,2,0,mirror_view,0.003,1282,59,6960,38400,300,10598400,0.191886191998,0,1,0.606350580405,0,0,0,0
exploratory_fresh_opened_after_development_gate_failure,aligned,20812,2,1,mirror_view,0.003,1282,59,6960,38400,300,10598400,0.191886191998,2.62361377068e-09,1,0.604934694216,0,0,0,0
exploratory_fresh_opened_after_development_gate_failure,aligned,20812,2,2,mirror_view,0.003,1282,59,6960,38400,300,10598400,0.191886191998,0,1,0.599052378268,0,0,0,0
exploratory_fresh_opened_after_development_gate_failure,aligned,20812,2,0,multihead,0.003,2153,932,12236,38400,300,12441600,0.133503588,0,1,0.606350611401,0,0,0,0
exploratory_fresh_opened_after_development_gate_failure,aligned,20812,2,1,multihead,0.003,2153,932,12236,38400,300,12441600,0.133503588,8.11253231259e-10,1,0.604934761592,0,0,0,0
exploratory_fresh_opened_after_development_gate_failure,aligned,20812,2,2,multihead,0.003,2153,932,12236,38400,300,12441600,0.133503588,1.28687716039e-09,1,0.599052204401,0,0,0,0
exploratory_fresh_opened_after_development_gate_failure,aligned,20812,2,0,lora_rank2,0.003,1824,602,11084,38400,300,11366400,0.177548298001,0,1,0.606350580405,0,0,0,0
exploratory_fresh_opened_after_development_gate_failure,aligned,20812,2,1,lora_rank2,0.003,1824,602,11084,38400,300,11366400,0.177548298001,4.5478273023e-06,0.9912109375,0.596366740152,0,0,0,0
exploratory_fresh_opened_after_development_gate_failure,aligned,20812,2,2,lora_rank2,0.003,1824,602,11084,38400,300,11366400,0.177548298001,9.57425982051e-06,0.98974609375,0.58895299185,0,0,0,0
exploratory_fresh_opened_after_development_gate_failure,aligned,20812,2,0,hypernet_rank2,0.003,2916,1690,11440,38400,300,23654400,0.317951589997,0,1,0.606350580405,0,0,0,0
exploratory_fresh_opened_after_development_gate_failure,aligned,20812,2,1,hypernet_rank2,0.003,2916,1690,11440,38400,300,23654400,0.317951589997,4.22384364356e-05,0.97998046875,0.58437916066,0,0,0,0
exploratory_fresh_opened_after_development_gate_failure,aligned,20812,2,2,hypernet_rank2,0.003,2916,1690,11440,38400,300,23654400,0.317951589997,3.22754001303e-09,1,0.599052186561,0,0,0,0
exploratory_fresh_opened_after_development_gate_failure,aligned,20812,2,0,independent_full,0.003,4818,3590,9776,0,0,0,0,0,1,0.606350580405,0,0,0,0
exploratory_fresh_opened_after_development_gate_failure,aligned,20812,2,1,independent_full,0.003,4818,3590,9776,0,0,0,0,2.07457079293e-10,1,0.604934706527,0,0,0,0
exploratory_fresh_opened_after_development_gate_failure,aligned,20812,2,2,independent_full,0.003,4818,3590,9776,0,0,0,0,5.58590618205e-10,1,0.599052192731,0,0,0,0
exploratory_fresh_opened_after_development_gate_failure,aligned,20812,3,0,hard_tie,0.003,1223,3,3545,0,0,0,0,0,1,0.602887106652,0,0,0,0
exploratory_fresh_opened_after_development_gate_failure,aligned,20812,3,1,hard_tie,0.003,1223,3,3545,0,0,0,0,0.000259952968918,0.9580078125,0.563310132391,0,0,0,0
exploratory_fresh_opened_after_development_gate_failure,aligned,20812,3,2,hard_tie,0.003,1223,3,3545,0,0,0,0,0.000526218616869,0.94384765625,0.548359585111,0,0,0,0
exploratory_fresh_opened_after_development_gate_failure,aligned,20812,3,3,hard_tie,0.003,1223,3,3545,0,0,0,0,0.000177132955287,0.97021484375,0.571853170637,0,0,0,0
exploratory_fresh_opened_after_development_gate_failure,aligned,20812,3,0,sequential_shared,0.003,1552,323,6524,38400,300,9830400,0.227160876999,0.000154324065079,0.9658203125,0.568489751051,0,0,0,0
exploratory_fresh_opened_after_development_gate_failure,aligned,20812,3,1,sequential_shared,0.003,1552,323,6524,38400,300,9830400,0.227160876999,1.43549514178e-05,0.98876953125,0.594057935465,0,0,0,0
exploratory_fresh_opened_after_development_gate_failure,aligned,20812,3,2,sequential_shared,0.003,1552,323,6524,38400,300,9830400,0.227160876999,0.000110053144453,0.9755859375,0.579762858863,0,0,0,0
exploratory_fresh_opened_after_development_gate_failure,aligned,20812,3,3,sequential_shared,0.003,1552,323,6524,38400,300,9830400,0.227160876999,0,1,0.601559631818,0,0,0,0
exploratory_fresh_opened_after_development_gate_failure,aligned,20812,3,0,mirror_view,0.003,1302,79,8036,38400,300,10598400,0.222137445999,0,1,0.602887106652,0,0,0,0
exploratory_fresh_opened_after_development_gate_failure,aligned,20812,3,1,mirror_view,0.003,1302,79,8036,38400,300,10598400,0.222137445999,2.25251439723e-09,1,0.605210611335,0,0,0,0
exploratory_fresh_opened_after_development_gate_failure,aligned,20812,3,2,mirror_view,0.003,1302,79,8036,38400,300,10598400,0.222137445999,0,1,0.60353241628,0,0,0,0
exploratory_fresh_opened_after_development_gate_failure,aligned,20812,3,3,mirror_view,0.003,1302,79,8036,38400,300,10598400,0.222137445999,0,1,0.601559594448,0,0,0,0
exploratory_fresh_opened_after_development_gate_failure,aligned,20812,3,0,multihead,0.003,2464,1243,15284,38400,300,12441600,0.221548152,0,1,0.602887155081,0,0,0,0
exploratory_fresh_opened_after_development_gate_failure,aligned,20812,3,1,multihead,0.003,2464,1243,15284,38400,300,12441600,0.221548152,8.65912563874e-10,1,0.605210633046,0,0,0,0
exploratory_fresh_opened_after_development_gate_failure,aligned,20812,3,2,multihead,0.003,2464,1243,15284,38400,300,12441600,0.221548152,0,1,0.603532295558,0,0,0,0
exploratory_fresh_opened_after_development_gate_failure,aligned,20812,3,3,multihead,0.003,2464,1243,15284,38400,300,12441600,0.221548152,1.02853947581e-10,1,0.601559616625,0,0,0,0
exploratory_fresh_opened_after_development_gate_failure,aligned,20812,3,0,lora_rank2,0.003,2025,803,13812,38400,300,11366400,0.19348994,0,1,0.602887100715,0,0,0,0
exploratory_fresh_opened_after_development_gate_failure,aligned,20812,3,1,lora_rank2,0.003,2025,803,13812,38400,300,11366400,0.19348994,4.24321933679e-06,0.990234375,0.595662186475,0,0,0,0
exploratory_fresh_opened_after_development_gate_failure,aligned,20812,3,2,lora_rank2,0.003,2025,803,13812,38400,300,11366400,0.19348994,9.63786897046e-06,0.98876953125,0.592503419524,0,0,0,0
exploratory_fresh_opened_after_development_gate_failure,aligned,20812,3,3,lora_rank2,0.003,2025,803,13812,38400,300,11366400,0.19348994,2.39388805312e-06,0.99658203125,0.598284960928,0,0,0,0
exploratory_fresh_opened_after_development_gate_failure,aligned,20812,3,0,hypernet_rank2,0.003,2917,1691,11440,38400,300,23654400,0.365906496001,0,1,0.602887106652,0,0,0,0
exploratory_fresh_opened_after_development_gate_failure,aligned,20812,3,1,hypernet_rank2,0.003,2917,1691,11440,38400,300,23654400,0.365906496001,2.60812175839e-05,0.984375,0.589359453879,0,0,0,0
exploratory_fresh_opened_after_development_gate_failure,aligned,20812,3,2,hypernet_rank2,0.003,2917,1691,11440,38400,300,23654400,0.365906496001,6.87361171003e-06,0.994140625,0.597719951184,0,0,0,0
exploratory_fresh_opened_after_development_gate_failure,aligned,20812,3,3,hypernet_rank2,0.003,2917,1691,11440,38400,300,23654400,0.365906496001,0,1,0.601560189854,0,0,0,0
exploratory_fresh_opened_after_development_gate_failure,aligned,20812,3,0,independent_full,0.003,6015,4787,11940,0,0,0,0,0,1,0.602887106652,0,0,0,0
exploratory_fresh_opened_after_development_gate_failure,aligned,20812,3,1,independent_full,0.003,6015,4787,11940,0,0,0,0,9.26998200423e-11,1,0.605210604408,0,0,0,0
exploratory_fresh_opened_after_development_gate_failure,aligned,20812,3,2,independent_full,0.003,6015,4787,11940,0,0,0,0,0,1,0.603532273788,0,0,0,0
exploratory_fresh_opened_after_development_gate_failure,aligned,20812,3,3,independent_full,0.003,6015,4787,11940,0,0,0,0,0,1,0.601559592702,0,0,0,0
exploratory_fresh_opened_after_development_gate_failure,aligned,20812,4,0,hard_tie,0.003,1224,4,3545,0,0,0,0,0,1,0.604406259401,2048,50,0.0027902619986,36699062.6871
exploratory_fresh_opened_after_development_gate_failure,aligned,20812,4,1,hard_tie,0.003,1224,4,3545,0,0,0,0,0.000292206474114,0.95703125,0.55961973613,2048,50,0.0027902619986,36699062.6871
exploratory_fresh_opened_after_development_gate_failure,aligned,20812,4,2,hard_tie,0.003,1224,4,3545,0,0,0,0,0.000529723358341,0.947265625,0.550033061358,2048,50,0.0027902619986,36699062.6871
exploratory_fresh_opened_after_development_gate_failure,aligned,20812,4,3,hard_tie,0.003,1224,4,3545,0,0,0,0,0.000169497812749,0.96630859375,0.570438106515,2048,50,0.0027902619986,36699062.6871
exploratory_fresh_opened_after_development_gate_failure,aligned,20812,4,4,hard_tie,0.003,1224,4,3545,0,0,0,0,0.000442240649136,0.94287109375,0.546483240847,2048,50,0.0027902619986,36699062.6871
exploratory_fresh_opened_after_development_gate_failure,aligned,20812,4,0,sequential_shared,0.003,1553,324,6524,38400,300,9830400,0.100338952001,0.00042866813601,0.94921875,0.553282022418,2048,50,0.00217938200149,46985796.859
exploratory_fresh_opened_after_development_gate_failure,aligned,20812,4,1,sequential_shared,0.003,1553,324,6524,38400,300,9830400,0.100338952001,1.99455971597e-05,0.98681640625,0.5882184566,2048,50,0.00217938200149,46985796.859
exploratory_fresh_opened_after_development_gate_failure,aligned,20812,4,2,sequential_shared,0.003,1553,324,6524,38400,300,9830400,0.100338952001,5.61361821383e-06,0.99462890625,0.596711843711,2048,50,0.00217938200149,46985796.859
exploratory_fresh_opened_after_development_gate_failure,aligned,20812,4,3,sequential_shared,0.003,1553,324,6524,38400,300,9830400,0.100338952001,7.1198643127e-05,0.982421875,0.586014987435,2048,50,0.00217938200149,46985796.859
exploratory_fresh_opened_after_development_gate_failure,aligned,20812,4,4,sequential_shared,0.003,1553,324,6524,38400,300,9830400,0.100338952001,2.06478700804e-09,1,0.602527491981,2048,50,0.00217938200149,46985796.859
exploratory_fresh_opened_after_development_gate_failure,aligned,20812,4,0,mirror_view,0.003,1322,99,9112,38400,300,10598400,0.153450343001,0,1,0.604406259401,2048,50,0.00474051099809,21601046.8157
exploratory_fresh_opened_after_development_gate_failure,aligned,20812,4,1,mirror_view,0.003,1322,99,9112,38400,300,10598400,0.153450343001,0,1,0.601720957173,2048,50,0.00474051099809,21601046.8157
exploratory_fresh_opened_after_development_gate_failure,aligned,20812,4,2,mirror_view,0.003,1322,99,9112,38400,300,10598400,0.153450343001,5.00300134654e-10,1,0.601961399225,2048,50,0.00474051099809,21601046.8157
exploratory_fresh_opened_after_development_gate_failure,aligned,20812,4,3,mirror_view,0.003,1322,99,9112,38400,300,10598400,0.153450343001,1.16201204214e-09,1,0.603880736395,2048,50,0.00474051099809,21601046.8157
exploratory_fresh_opened_after_development_gate_failure,aligned,20812,4,4,mirror_view,0.003,1322,99,9112,38400,300,10598400,0.153450343001,2.49202369851e-09,1,0.602527458046,2048,50,0.00474051099809,21601046.8157
exploratory_fresh_opened_after_development_gate_failure,aligned,20812,4,0,multihead,0.003,2775,1554,18332,38400,300,12441600,0.100012441999,5.522958757e-10,1,0.6044062867,2048,50,0.00228789600078,44757279.1618
exploratory_fresh_opened_after_development_gate_failure,aligned,20812,4,1,multihead,0.003,2775,1554,18332,38400,300,12441600,0.100012441999,7.00761115802e-11,1,0.601720992388,2048,50,0.00228789600078,44757279.1618
exploratory_fresh_opened_after_development_gate_failure,aligned,20812,4,2,multihead,0.003,2775,1554,18332,38400,300,12441600,0.100012441999,0,1,0.601961356384,2048,50,0.00228789600078,44757279.1618
exploratory_fresh_opened_after_development_gate_failure,aligned,20812,4,3,multihead,0.003,2775,1554,18332,38400,300,12441600,0.100012441999,1.32091171334e-10,1,0.603880745883,2048,50,0.00228789600078,44757279.1618
exploratory_fresh_opened_after_development_gate_failure,aligned,20812,4,4,multihead,0.003,2775,1554,18332,38400,300,12441600,0.100012441999,0,1,0.602527518728,2048,50,0.00228789600078,44757279.1618
exploratory_fresh_opened_after_development_gate_failure,aligned,20812,4,0,lora_rank2,0.003,2226,1004,16476,38400,300,11366400,0.110829133999,4.67494654099e-10,1,0.604406259401,2048,50,0.00369380200209,27722113.9471
exploratory_fresh_opened_after_development_gate_failure,aligned,20812,4,1,lora_rank2,0.003,2226,1004,16476,38400,300,11366400,0.110829133999,4.36089658251e-06,0.98974609375,0.591699521814,2048,50,0.00369380200209,27722113.9471
exploratory_fresh_opened_after_development_gate_failure,aligned,20812,4,2,lora_rank2,0.003,2226,1004,16476,38400,300,11366400,0.110829133999,9.5775230875e-06,0.98974609375,0.591811915976,2048,50,0.00369380200209,27722113.9471
exploratory_fresh_opened_after_development_gate_failure,aligned,20812,4,3,lora_rank2,0.003,2226,1004,16476,38400,300,11366400,0.110829133999,2.28707244787e-06,0.994140625,0.598130885366,2048,50,0.00369380200209,27722113.9471
exploratory_fresh_opened_after_development_gate_failure,aligned,20812,4,4,lora_rank2,0.003,2226,1004,16476,38400,300,11366400,0.110829133999,6.17581281404e-06,0.9892578125,0.59192887682,2048,50,0.00369380200209,27722113.9471
exploratory_fresh_opened_after_development_gate_failure,aligned,20812,4,0,hypernet_rank2,0.003,2918,1692,11440,38400,300,23654400,0.194194233001,0,1,0.604406259401,2048,50,0.00585144700017,17499944.8849
exploratory_fresh_opened_after_development_gate_failure,aligned,20812,4,1,hypernet_rank2,0.003,2918,1692,11440,38400,300,23654400,0.194194233001,3.69741828763e-05,0.98193359375,0.583034792071,2048,50,0.00585144700017,17499944.8849
exploratory_fresh_opened_after_development_gate_failure,aligned,20812,4,2,hypernet_rank2,0.003,2918,1692,11440,38400,300,23654400,0.194194233001,1.68791643773e-06,0.9951171875,0.596972169966,2048,50,0.00585144700017,17499944.8849
exploratory_fresh_opened_after_development_gate_failure,aligned,20812,4,3,hypernet_rank2,0.003,2918,1692,11440,38400,300,23654400,0.194194233001,9.23790794332e-05,0.97802734375,0.581742671318,2048,50,0.00585144700017,17499944.8849
exploratory_fresh_opened_after_development_gate_failure,aligned,20812,4,4,hypernet_rank2,0.003,2918,1692,11440,38400,300,23654400,0.194194233001,2.66947552952e-09,1,0.60252699937,2048,50,0.00585144700017,17499944.8849
exploratory_fresh_opened_after_development_gate_failure,aligned,20812,4,0,independent_full,0.003,7212,5984,14104,0,0,0,0,0,1,0.604406259401,2048,50,0.00281637599983,36358781.6422
exploratory_fresh_opened_after_development_gate_failure,aligned,20812,4,1,independent_full,0.003,7212,5984,14104,0,0,0,0,8.02555688573e-10,1,0.601720956241,2048,50,0.00281637599983,36358781.6422
exploratory_fresh_opened_after_development_gate_failure,aligned,20812,4,2,independent_full,0.003,7212,5984,14104,0,0,0,0,0,1,0.601961298089,2048,50,0.00281637599983,36358781.6422
exploratory_fresh_opened_after_development_gate_failure,aligned,20812,4,3,independent_full,0.003,7212,5984,14104,0,0,0,0,2.04221917155e-11,1,0.603880721523,2048,50,0.00281637599983,36358781.6422
exploratory_fresh_opened_after_development_gate_failure,aligned,20812,4,4,independent_full,0.003,7212,5984,14104,0,0,0,0,0,1,0.602527468203,2048,50,0.00281637599983,36358781.6422
exploratory_fresh_opened_after_development_gate_failure,aligned,20813,0,0,hard_tie,0.003,1220,0,3545,0,0,0,0,0,1,0.581108150596,0,0,0,0
exploratory_fresh_opened_after_development_gate_failure,aligned,20813,0,0,sequential_shared,0.003,1549,320,6524,38400,300,9830400,0.0978337729975,2.09527062367e-09,1,0.581105540768,0,0,0,0
exploratory_fresh_opened_after_development_gate_failure,aligned,20813,0,0,mirror_view,0.003,1242,19,4873,38400,300,10598400,0.164852754999,0,1,0.581108150596,0,0,0,0
exploratory_fresh_opened_after_development_gate_failure,aligned,20813,0,0,multihead,0.003,1531,310,6524,38400,300,12441600,0.0952474980004,2.09527062367e-09,1,0.581105540768,0,0,0,0
exploratory_fresh_opened_after_development_gate_failure,aligned,20813,0,0,lora_rank2,0.003,1422,200,6140,38400,300,11366400,0.114273261999,4.52196308176e-10,1,0.58110814332,0,0,0,0
exploratory_fresh_opened_after_development_gate_failure,aligned,20813,0,0,hypernet_rank2,0.003,2914,1688,6221,0,0,0,0,0,1,0.581108150596,0,0,0,0
exploratory_fresh_opened_after_development_gate_failure,aligned,20813,0,0,independent_full,0.003,2424,1196,5513,0,0,0,0,0,1,0.581108150596,0,0,0,0
exploratory_fresh_opened_after_development_gate_failure,aligned,20813,1,0,hard_tie,0.003,1221,1,3545,0,0,0,0,0,1,0.578620251123,0,0,0,0
exploratory_fresh_opened_after_development_gate_failure,aligned,20813,1,1,hard_tie,0.003,1221,1,3545,0,0,0,0,0.00133013282903,0.90576171875,0.483804706906,0,0,0,0
exploratory_fresh_opened_after_development_gate_failure,aligned,20813,1,0,sequential_shared,0.003,1550,321,6524,38400,300,9830400,0.0977450690007,0.00137441349216,0.89990234375,0.480473708871,0,0,0,0
exploratory_fresh_opened_after_development_gate_failure,aligned,20813,1,1,sequential_shared,0.003,1550,321,6524,38400,300,9830400,0.0977450690007,2.95634738912e-10,1,0.579567421722,0,0,0,0
exploratory_fresh_opened_after_development_gate_failure,aligned,20813,1,0,mirror_view,0.003,1262,39,5884,38400,300,10598400,0.146038855,5.9185975565e-11,1,0.578620251123,0,0,0,0
exploratory_fresh_opened_after_development_gate_failure,aligned,20813,1,1,mirror_view,0.003,1262,39,5884,38400,300,10598400,0.146038855,1.29526071646e-07,0.9990234375,0.578619784297,0,0,0,0
exploratory_fresh_opened_after_development_gate_failure,aligned,20813,1,0,multihead,0.003,1842,621,9380,38400,300,12441600,0.0944534849987,2.81031919958e-10,1,0.57861771874,0,0,0,0
exploratory_fresh_opened_after_development_gate_failure,aligned,20813,1,1,multihead,0.003,1842,621,9380,38400,300,12441600,0.0944534849987,0,1,0.579567589331,0,0,0,0
exploratory_fresh_opened_after_development_gate_failure,aligned,20813,1,0,lora_rank2,0.003,1623,401,8612,38400,300,11366400,0.126480696999,0,1,0.578620251123,0,0,0,0
exploratory_fresh_opened_after_development_gate_failure,aligned,20813,1,1,lora_rank2,0.003,1623,401,8612,38400,300,11366400,0.126480696999,1.36423341246e-05,0.98876953125,0.567699611856,0,0,0,0
exploratory_fresh_opened_after_development_gate_failure,aligned,20813,1,0,hypernet_rank2,0.003,2915,1689,11440,38400,300,23654400,0.18907688,0,1,0.578620251123,0,0,0,0
exploratory_fresh_opened_after_development_gate_failure,aligned,20813,1,1,hypernet_rank2,0.003,2915,1689,11440,38400,300,23654400,0.18907688,0,1,0.579567259963,0,0,0,0
exploratory_fresh_opened_after_development_gate_failure,aligned,20813,1,0,independent_full,0.003,3621,2393,7676,0,0,0,0,0,1,0.578620251123,0,0,0,0
exploratory_fresh_opened_after_development_gate_failure,aligned,20813,1,1,independent_full,0.003,3621,2393,7676,0,0,0,0,1.15787789079e-10,1,0.579567335168,0,0,0,0
exploratory_fresh_opened_after_development_gate_failure,aligned,20813,2,0,hard_tie,0.003,1222,2,3545,0,0,0,0,0,1,0.579081014119,0,0,0,0
exploratory_fresh_opened_after_development_gate_failure,aligned,20813,2,1,hard_tie,0.003,1222,2,3545,0,0,0,0,0.00128688279074,0.91162109375,0.494614053969,0,0,0,0
exploratory_fresh_opened_after_development_gate_failure,aligned,20813,2,2,hard_tie,0.003,1222,2,3545,0,0,0,0,0.000822020054329,0.93603515625,0.514942266396,0,0,0,0
exploratory_fresh_opened_after_development_gate_failure,aligned,20813,2,0,sequential_shared,0.003,1551,322,6524,38400,300,9830400,0.113354525001,0.000809276883956,0.94189453125,0.514175546472,0,0,0,0
exploratory_fresh_opened_after_development_gate_failure,aligned,20813,2,1,sequential_shared,0.003,1551,322,6524,38400,300,9830400,0.113354525001,0.00397041626275,0.853515625,0.428437998766,0,0,0,0
exploratory_fresh_opened_after_development_gate_failure,aligned,20813,2,2,sequential_shared,0.003,1551,322,6524,38400,300,9830400,0.113354525001,3.07890557494e-09,1,0.571768698632,0,0,0,0
exploratory_fresh_opened_after_development_gate_failure,aligned,20813,2,0,mirror_view,0.003,1282,59,6960,38400,300,10598400,0.148491797001,6.6224664641e-11,1,0.579081014119,0,0,0,0
exploratory_fresh_opened_after_development_gate_failure,aligned,20813,2,1,mirror_view,0.003,1282,59,6960,38400,300,10598400,0.148491797001,1.24309636362e-07,0.99853515625,0.584224982333,0,0,0,0
exploratory_fresh_opened_after_development_gate_failure,aligned,20813,2,2,mirror_view,0.003,1282,59,6960,38400,300,10598400,0.148491797001,1.34653177497e-10,0.99951171875,0.571286818944,0,0,0,0
exploratory_fresh_opened_after_development_gate_failure,aligned,20813,2,0,multihead,0.003,2153,932,12236,38400,300,12441600,0.103149769999,0,1,0.579078266077,0,0,0,0
exploratory_fresh_opened_after_development_gate_failure,aligned,20813,2,1,multihead,0.003,2153,932,12236,38400,300,12441600,0.103149769999,2.63615107521e-09,0.9990234375,0.584698929539,0,0,0,0
exploratory_fresh_opened_after_development_gate_failure,aligned,20813,2,2,multihead,0.003,2153,932,12236,38400,300,12441600,0.103149769999,2.28895236098e-09,1,0.571766550362,0,0,0,0
exploratory_fresh_opened_after_development_gate_failure,aligned,20813,2,0,lora_rank2,0.003,1824,602,11084,38400,300,11366400,0.106213642997,7.33451965829e-10,1,0.579081021366,0,0,0,0
exploratory_fresh_opened_after_development_gate_failure,aligned,20813,2,1,lora_rank2,0.003,1824,602,11084,38400,300,11366400,0.106213642997,1.27177136164e-05,0.9892578125,0.574204355245,0,0,0,0
exploratory_fresh_opened_after_development_gate_failure,aligned,20813,2,2,lora_rank2,0.003,1824,602,11084,38400,300,11366400,0.106213642997,1.90779301192e-05,0.98828125,0.56022748095,0,0,0,0
exploratory_fresh_opened_after_development_gate_failure,aligned,20813,2,0,hypernet_rank2,0.003,2916,1690,11440,38400,300,23654400,0.186897432999,0,1,0.579081014119,0,0,0,0
exploratory_fresh_opened_after_development_gate_failure,aligned,20813,2,1,hypernet_rank2,0.003,2916,1690,11440,38400,300,23654400,0.186897432999,0.00131013174541,0.89892578125,0.480567968043,0,0,0,0
exploratory_fresh_opened_after_development_gate_failure,aligned,20813,2,2,hypernet_rank2,0.003,2916,1690,11440,38400,300,23654400,0.186897432999,8.44365821706e-09,0.99951171875,0.571274208312,0,0,0,0
exploratory_fresh_opened_after_development_gate_failure,aligned,20813,2,0,independent_full,0.003,4818,3590,9776,0,0,0,0,0,1,0.579081014119,0,0,0,0
exploratory_fresh_opened_after_development_gate_failure,aligned,20813,2,1,independent_full,0.003,4818,3590,9776,0,0,0,0,0,1,0.585675443144,0,0,0,0
exploratory_fresh_opened_after_development_gate_failure,aligned,20813,2,2,independent_full,0.003,4818,3590,9776,0,0,0,0,0,1,0.571766381006,0,0,0,0
exploratory_fresh_opened_after_development_gate_failure,aligned,20813,3,0,hard_tie,0.003,1223,3,3545,0,0,0,0,0,1,0.580046112853,0,0,0,0
exploratory_fresh_opened_after_development_gate_failure,aligned,20813,3,1,hard_tie,0.003,1223,3,3545,0,0,0,0,0.00136026472319,0.8984375,0.48206255406,0,0,0,0
exploratory_fresh_opened_after_development_gate_failure,aligned,20813,3,2,hard_tie,0.003,1223,3,3545,0,0,0,0,0.000786841555964,0.9287109375,0.50670986675,0,0,0,0
exploratory_fresh_opened_after_development_gate_failure,aligned,20813,3,3,hard_tie,0.003,1223,3,3545,0,0,0,0,0.00118745455984,0.91455078125,0.492394876725,0,0,0,0
exploratory_fresh_opened_after_development_gate_failure,aligned,20813,3,0,sequential_shared,0.003,1552,323,6524,38400,300,9830400,0.120575841,0.00115212134551,0.9228515625,0.504767685081,0,0,0,0
exploratory_fresh_opened_after_development_gate_failure,aligned,20813,3,1,sequential_shared,0.003,1552,323,6524,38400,300,9830400,0.120575841,1.06159423012e-05,0.990234375,0.575875563256,0,0,0,0
exploratory_fresh_opened_after_development_gate_failure,aligned,20813,3,2,sequential_shared,0.003,1552,323,6524,38400,300,9830400,0.120575841,0.00363949174061,0.853515625,0.433590618646,0,0,0,0
exploratory_fresh_opened_after_development_gate_failure,aligned,20813,3,3,sequential_shared,0.003,1552,323,6524,38400,300,9830400,0.120575841,0,0.99951171875,0.579595320334,0,0,0,0
exploratory_fresh_opened_after_development_gate_failure,aligned,20813,3,0,mirror_view,0.003,1302,79,8036,38400,300,10598400,0.147010060999,1.02810739089e-10,1,0.580046112853,0,0,0,0
exploratory_fresh_opened_after_development_gate_failure,aligned,20813,3,1,mirror_view,0.003,1302,79,8036,38400,300,10598400,0.147010060999,1.33878302222e-07,0.99951171875,0.584923713002,0,0,0,0
exploratory_fresh_opened_after_development_gate_failure,aligned,20813,3,2,mirror_view,0.003,1302,79,8036,38400,300,10598400,0.147010060999,7.75220332372e-10,1,0.570570099197,0,0,0,0
exploratory_fresh_opened_after_development_gate_failure,aligned,20813,3,3,mirror_view,0.003,1302,79,8036,38400,300,10598400,0.147010060999,2.51452032529e-08,0.9990234375,0.579111959581,0,0,0,0
exploratory_fresh_opened_after_development_gate_failure,aligned,20813,3,0,multihead,0.003,2464,1243,15284,38400,300,12441600,0.105533749,5.43091460692e-10,1,0.58004351519,0,0,0,0
exploratory_fresh_opened_after_development_gate_failure,aligned,20813,3,1,multihead,0.003,2464,1243,15284,38400,300,12441600,0.105533749,0,1,0.585379503667,0,0,0,0
exploratory_fresh_opened_after_development_gate_failure,aligned,20813,3,2,multihead,0.003,2464,1243,15284,38400,300,12441600,0.105533749,6.29235108462e-10,1,0.570560866647,0,0,0,0
exploratory_fresh_opened_after_development_gate_failure,aligned,20813,3,3,multihead,0.003,2464,1243,15284,38400,300,12441600,0.105533749,8.82468154106e-10,0.99951171875,0.57959468686,0,0,0,0
exploratory_fresh_opened_after_development_gate_failure,aligned,20813,3,0,lora_rank2,0.003,2025,803,13812,38400,300,11366400,0.104026879999,0,1,0.580046105082,0,0,0,0
exploratory_fresh_opened_after_development_gate_failure,aligned,20813,3,1,lora_rank2,0.003,2025,803,13812,38400,300,11366400,0.104026879999,1.3118107745e-05,0.98486328125,0.569600405986,0,0,0,0
exploratory_fresh_opened_after_development_gate_failure,aligned,20813,3,2,lora_rank2,0.003,2025,803,13812,38400,300,11366400,0.104026879999,1.8654835003e-05,0.99169921875,0.562434866675,0,0,0,0
exploratory_fresh_opened_after_development_gate_failure,aligned,20813,3,3,lora_rank2,0.003,2025,803,13812,38400,300,11366400,0.104026879999,8.23594928079e-06,0.98974609375,0.569839060307,0,0,0,0
exploratory_fresh_opened_after_development_gate_failure,aligned,20813,3,0,hypernet_rank2,0.003,2917,1691,11440,38400,300,23654400,0.197397979002,0,1,0.580046112853,0,0,0,0
exploratory_fresh_opened_after_development_gate_failure,aligned,20813,3,1,hypernet_rank2,0.003,2917,1691,11440,38400,300,23654400,0.197397979002,0.000905003165826,0.9013671875,0.480888877544,0,0,0,0
exploratory_fresh_opened_after_development_gate_failure,aligned,20813,3,2,hypernet_rank2,0.003,2917,1691,11440,38400,300,23654400,0.197397979002,0.00181817426346,0.87158203125,0.453467648433,0,0,0,0
exploratory_fresh_opened_after_development_gate_failure,aligned,20813,3,3,hypernet_rank2,0.003,2917,1691,11440,38400,300,23654400,0.197397979002,8.50298165211e-11,1,0.580082857574,0,0,0,0
exploratory_fresh_opened_after_development_gate_failure,aligned,20813,3,0,independent_full,0.003,6015,4787,11940,0,0,0,0,0,1,0.580046112853,0,0,0,0
exploratory_fresh_opened_after_development_gate_failure,aligned,20813,3,1,independent_full,0.003,6015,4787,11940,0,0,0,0,0,1,0.585379502329,0,0,0,0
exploratory_fresh_opened_after_development_gate_failure,aligned,20813,3,2,independent_full,0.003,6015,4787,11940,0,0,0,0,0,1,0.570560764521,0,0,0,0
exploratory_fresh_opened_after_development_gate_failure,aligned,20813,3,3,independent_full,0.003,6015,4787,11940,0,0,0,0,4.24691504186e-10,1,0.58008283918,0,0,0,0
exploratory_fresh_opened_after_development_gate_failure,aligned,20813,4,0,hard_tie,0.003,1224,4,3545,0,0,0,0,0,1,0.579713850195,2048,50,0.00315151299947,32492329.8801
exploratory_fresh_opened_after_development_gate_failure,aligned,20813,4,1,hard_tie,0.003,1224,4,3545,0,0,0,0,0.00138474896085,0.91552734375,0.495241461264,2048,50,0.00315151299947,32492329.8801
exploratory_fresh_opened_after_development_gate_failure,aligned,20813,4,2,hard_tie,0.003,1224,4,3545,0,0,0,0,0.000809161458164,0.94482421875,0.521888262927,2048,50,0.00315151299947,32492329.8801
exploratory_fresh_opened_after_development_gate_failure,aligned,20813,4,3,hard_tie,0.003,1224,4,3545,0,0,0,0,0.00113382784184,0.921875,0.496608131667,2048,50,0.00315151299947,32492329.8801
exploratory_fresh_opened_after_development_gate_failure,aligned,20813,4,4,hard_tie,0.003,1224,4,3545,0,0,0,0,9.44813436945e-05,0.978515625,0.557009456563,2048,50,0.00315151299947,32492329.8801
exploratory_fresh_opened_after_development_gate_failure,aligned,20813,4,0,sequential_shared,0.003,1553,324,6524,38400,300,9830400,0.111584595998,9.08660076675e-05,0.97216796875,0.550064800249,2048,50,0.0021122290018,48479591.897
exploratory_fresh_opened_after_development_gate_failure,aligned,20813,4,1,sequential_shared,0.003,1553,324,6524,38400,300,9830400,0.111584595998,0.00218724552542,0.8955078125,0.473310591478,2048,50,0.0021122290018,48479591.897
exploratory_fresh_opened_after_development_gate_failure,aligned,20813,4,2,sequential_shared,0.003,1553,324,6524,38400,300,9830400,0.111584595998,0.000358215125743,0.962890625,0.537706301286,2048,50,0.0021122290018,48479591.897
exploratory_fresh_opened_after_development_gate_failure,aligned,20813,4,3,sequential_shared,0.003,1553,324,6524,38400,300,9830400,0.111584595998,0.00186142744496,0.9033203125,0.47587572757,2048,50,0.0021122290018,48479591.897
exploratory_fresh_opened_after_development_gate_failure,aligned,20813,4,4,sequential_shared,0.003,1553,324,6524,38400,300,9830400,0.111584595998,6.68836408479e-09,1,0.576399209996,2048,50,0.0021122290018,48479591.897
exploratory_fresh_opened_after_development_gate_failure,aligned,20813,4,0,mirror_view,0.003,1322,99,9112,38400,300,10598400,0.135636950003,1.58833224351e-11,1,0.579713850195,2048,50,0.00544311700287,18812750.111
exploratory_fresh_opened_after_development_gate_failure,aligned,20813,4,1,mirror_view,0.003,1322,99,9112,38400,300,10598400,0.135636950003,1.36456236532e-07,1,0.581141261966,2048,50,0.00544311700287,18812750.111
exploratory_fresh_opened_after_development_gate_failure,aligned,20813,4,2,mirror_view,0.003,1322,99,9112,38400,300,10598400,0.135636950003,1.22374432809e-09,1,0.569127050723,2048,50,0.00544311700287,18812750.111
exploratory_fresh_opened_after_development_gate_failure,aligned,20813,4,3,mirror_view,0.003,1322,99,9112,38400,300,10598400,0.135636950003,2.67415334321e-08,0.99951171875,0.577287432796,2048,50,0.00544311700287,18812750.111
exploratory_fresh_opened_after_development_gate_failure,aligned,20813,4,4,mirror_view,0.003,1322,99,9112,38400,300,10598400,0.135636950003,0,1,0.576395613403,2048,50,0.00544311700287,18812750.111
exploratory_fresh_opened_after_development_gate_failure,aligned,20813,4,0,multihead,0.003,2775,1554,18332,38400,300,12441600,0.116792208999,0,1,0.57971121819,2048,50,0.00279408300048,36648875.4924
exploratory_fresh_opened_after_development_gate_failure,aligned,20813,4,1,multihead,0.003,2775,1554,18332,38400,300,12441600,0.116792208999,1.04466413298e-09,1,0.581121275347,2048,50,0.00279408300048,36648875.4924
exploratory_fresh_opened_after_development_gate_failure,aligned,20813,4,2,multihead,0.003,2775,1554,18332,38400,300,12441600,0.116792208999,0,1,0.569117804727,2048,50,0.00279408300048,36648875.4924
exploratory_fresh_opened_after_development_gate_failure,aligned,20813,4,3,multihead,0.003,2775,1554,18332,38400,300,12441600,0.116792208999,8.98549901152e-10,1,0.577775553887,2048,50,0.00279408300048,36648875.4924
exploratory_fresh_opened_after_development_gate_failure,aligned,20813,4,4,multihead,0.003,2775,1554,18332,38400,300,12441600,0.116792208999,9.41397237941e-11,1,0.576395626005,2048,50,0.00279408300048,36648875.4924
exploratory_fresh_opened_after_development_gate_failure,aligned,20813,4,0,lora_rank2,0.003,2226,1004,16476,38400,300,11366400,0.124146694998,0,1,0.57971385261,2048,50,0.00354343700019,28898496.0067
exploratory_fresh_opened_after_development_gate_failure,aligned,20813,4,1,lora_rank2,0.003,2226,1004,16476,38400,300,11366400,0.124146694998,1.34137571877e-05,0.9892578125,0.569620035385,2048,50,0.00354343700019,28898496.0067
exploratory_fresh_opened_after_development_gate_failure,aligned,20813,4,2,lora_rank2,0.003,2226,1004,16476,38400,300,11366400,0.124146694998,1.80841143447e-05,0.990234375,0.559613073536,2048,50,0.00354343700019,28898496.0067
exploratory_fresh_opened_after_development_gate_failure,aligned,20813,4,3,lora_rank2,0.003,2226,1004,16476,38400,300,11366400,0.124146694998,7.81373273639e-06,0.9921875,0.569900790142,2048,50,0.00354343700019,28898496.0067
exploratory_fresh_opened_after_development_gate_failure,aligned,20813,4,4,lora_rank2,0.003,2226,1004,16476,38400,300,11366400,0.124146694998,6.40725090761e-07,0.99951171875,0.576050281263,2048,50,0.00354343700019,28898496.0067
exploratory_fresh_opened_after_development_gate_failure,aligned,20813,4,0,hypernet_rank2,0.003,2918,1692,11440,38400,300,23654400,0.186049995002,0,1,0.579713850195,2048,50,0.0050287769991,20362803.922
exploratory_fresh_opened_after_development_gate_failure,aligned,20813,4,1,hypernet_rank2,0.003,2918,1692,11440,38400,300,23654400,0.186049995002,0.00098815606907,0.8994140625,0.474339693494,2048,50,0.0050287769991,20362803.922
exploratory_fresh_opened_after_development_gate_failure,aligned,20813,4,2,hypernet_rank2,0.003,2918,1692,11440,38400,300,23654400,0.186049995002,0.000781801587436,0.93505859375,0.513728189646,2048,50,0.0050287769991,20362803.922
exploratory_fresh_opened_after_development_gate_failure,aligned,20813,4,3,hypernet_rank2,0.003,2918,1692,11440,38400,300,23654400,0.186049995002,4.94939013151e-05,0.98681640625,0.562385370227,2048,50,0.0050287769991,20362803.922
exploratory_fresh_opened_after_development_gate_failure,aligned,20813,4,4,hypernet_rank2,0.003,2918,1692,11440,38400,300,23654400,0.186049995002,1.31334969566e-08,1,0.576425102074,2048,50,0.0050287769991,20362803.922
exploratory_fresh_opened_after_development_gate_failure,aligned,20813,4,0,independent_full,0.003,7212,5984,14104,0,0,0,0,0,1,0.579713850195,2048,50,0.00202555099895,50554145.5402
exploratory_fresh_opened_after_development_gate_failure,aligned,20813,4,1,independent_full,0.003,7212,5984,14104,0,0,0,0,0,1,0.581120485702,2048,50,0.00202555099895,50554145.5402
exploratory_fresh_opened_after_development_gate_failure,aligned,20813,4,2,independent_full,0.003,7212,5984,14104,0,0,0,0,0,1,0.569117625535,2048,50,0.00202555099895,50554145.5402
exploratory_fresh_opened_after_development_gate_failure,aligned,20813,4,3,independent_full,0.003,7212,5984,14104,0,0,0,0,6.37689290262e-10,1,0.577775448299,2048,50,0.00202555099895,50554145.5402
exploratory_fresh_opened_after_development_gate_failure,aligned,20813,4,4,independent_full,0.003,7212,5984,14104,0,0,0,0,1.87516641104e-10,1,0.576395613287,2048,50,0.00202555099895,50554145.5402
exploratory_fresh_opened_after_development_gate_failure,independent,20811,0,0,hard_tie,0.003,1220,0,3545,0,0,0,0,0,1,0.556109567638,0,0,0,0
exploratory_fresh_opened_after_development_gate_failure,independent,20811,0,0,sequential_shared,0.003,1549,320,6524,38400,300,9830400,0.111252711999,0,1,0.556109585799,0,0,0,0
exploratory_fresh_opened_after_development_gate_failure,independent,20811,0,0,mirror_view,0.003,1242,19,4873,38400,300,10598400,0.146031618999,0,1,0.556109567638,0,0,0,0
exploratory_fresh_opened_after_development_gate_failure,independent,20811,0,0,multihead,0.003,1531,310,6524,38400,300,12441600,0.0985765440018,0,1,0.556109585799,0,0,0,0
exploratory_fresh_opened_after_development_gate_failure,independent,20811,0,0,lora_rank2,0.003,1422,200,6140,38400,300,11366400,0.111164935002,7.22124082753e-10,1,0.556109569705,0,0,0,0
exploratory_fresh_opened_after_development_gate_failure,independent,20811,0,0,hypernet_rank2,0.003,2914,1688,6221,0,0,0,0,0,1,0.556109567638,0,0,0,0
exploratory_fresh_opened_after_development_gate_failure,independent,20811,0,0,independent_full,0.003,2424,1196,5513,0,0,0,0,0,1,0.556109567638,0,0,0,0
exploratory_fresh_opened_after_development_gate_failure,independent,20811,1,0,hard_tie,0.003,1221,1,3545,0,0,0,0,0,1,0.561327275878,0,0,0,0
exploratory_fresh_opened_after_development_gate_failure,independent,20811,1,1,hard_tie,0.003,1221,1,3545,0,0,0,0,0.0603618472815,0.19384765625,0.248214664025,0,0,0,0
exploratory_fresh_opened_after_development_gate_failure,independent,20811,1,0,sequential_shared,0.003,1550,321,6524,38400,300,9830400,0.113190183001,0.0510114617646,0.1513671875,0.206953697794,0,0,0,0
exploratory_fresh_opened_after_development_gate_failure,independent,20811,1,1,sequential_shared,0.003,1550,321,6524,38400,300,9830400,0.113190183001,0.0103931259364,0.66455078125,0.304364990923,0,0,0,0
exploratory_fresh_opened_after_development_gate_failure,independent,20811,1,0,mirror_view,0.003,1262,39,5884,38400,300,10598400,0.166294519,0,1,0.561327275878,0,0,0,0
exploratory_fresh_opened_after_development_gate_failure,independent,20811,1,1,mirror_view,0.003,1262,39,5884,38400,300,10598400,0.166294519,0.0557921826839,0.22900390625,0.212555329315,0,0,0,0
exploratory_fresh_opened_after_development_gate_failure,independent,20811,1,0,multihead,0.003,1842,621,9380,38400,300,12441600,0.103514905,0,1,0.561327255302,0,0,0,0
exploratory_fresh_opened_after_development_gate_failure,independent,20811,1,1,multihead,0.003,1842,621,9380,38400,300,12441600,0.103514905,0.0105834482238,0.68115234375,0.322908828603,0,0,0,0
exploratory_fresh_opened_after_development_gate_failure,independent,20811,1,0,lora_rank2,0.003,1623,401,8612,38400,300,11366400,0.111327772,6.53538667628e-10,1,0.561327275878,0,0,0,0
exploratory_fresh_opened_after_development_gate_failure,independent,20811,1,1,lora_rank2,0.003,1623,401,8612,38400,300,11366400,0.111327772,0.0142359733582,0.65673828125,0.29572898784,0,0,0,0
exploratory_fresh_opened_after_development_gate_failure,independent,20811,1,0,hypernet_rank2,0.003,2915,1689,11440,38400,300,23654400,0.200030305998,0,1,0.561327275878,0,0,0,0
exploratory_fresh_opened_after_development_gate_failure,independent,20811,1,1,hypernet_rank2,0.003,2915,1689,11440,38400,300,23654400,0.200030305998,0.0136505588889,0.65576171875,0.296119649676,0,0,0,0
exploratory_fresh_opened_after_development_gate_failure,independent,20811,1,0,independent_full,0.003,3621,2393,7676,0,0,0,0,0,1,0.561327275878,0,0,0,0
exploratory_fresh_opened_after_development_gate_failure,independent,20811,1,1,independent_full,0.003,3621,2393,7676,0,0,0,0,0,1,0.608350319497,0,0,0,0
exploratory_fresh_opened_after_development_gate_failure,independent,20811,2,0,hard_tie,0.003,1222,2,3545,0,0,0,0,0,1,0.558009409433,0,0,0,0
exploratory_fresh_opened_after_development_gate_failure,independent,20811,2,1,hard_tie,0.003,1222,2,3545,0,0,0,0,0.0605238899589,0.19140625,0.254496850568,0,0,0,0
exploratory_fresh_opened_after_development_gate_failure,independent,20811,2,2,hard_tie,0.003,1222,2,3545,0,0,0,0,0.0453309416771,0.35205078125,0.0952114024549,0,0,0,0
exploratory_fresh_opened_after_development_gate_failure,independent,20811,2,0,sequential_shared,0.003,1551,322,6524,38400,300,9830400,0.111169087999,0.0394520200789,0.390625,0.0477063784201,0,0,0,0
exploratory_fresh_opened_after_development_gate_failure,independent,20811,2,1,sequential_shared,0.003,1551,322,6524,38400,300,9830400,0.111169087999,0.0348434261978,0.30126953125,0.0420817724807,0,0,0,0
exploratory_fresh_opened_after_development_gate_failure,independent,20811,2,2,sequential_shared,0.003,1551,322,6524,38400,300,9830400,0.111169087999,0.00967462919652,0.5771484375,0.233140508135,0,0,0,0
exploratory_fresh_opened_after_development_gate_failure,independent,20811,2,0,mirror_view,0.003,1282,59,6960,38400,300,10598400,0.145740884,4.43468872735e-10,1,0.558009361586,0,0,0,0
exploratory_fresh_opened_after_development_gate_failure,independent,20811,2,1,mirror_view,0.003,1282,59,6960,38400,300,10598400,0.145740884,0.0568509101868,0.216796875,0.222748272019,0,0,0,0
exploratory_fresh_opened_after_development_gate_failure,independent,20811,2,2,mirror_view,0.003,1282,59,6960,38400,300,10598400,0.145740884,0.0421006344259,0.341796875,0.0987765697355,0,0,0,0
exploratory_fresh_opened_after_development_gate_failure,independent,20811,2,0,multihead,0.003,2153,932,12236,38400,300,12441600,0.114797370999,0,1,0.558009416709,0,0,0,0
exploratory_fresh_opened_after_development_gate_failure,independent,20811,2,1,multihead,0.003,2153,932,12236,38400,300,12441600,0.114797370999,0.0105551704764,0.697265625,0.339027281821,0,0,0,0
exploratory_fresh_opened_after_development_gate_failure,independent,20811,2,2,multihead,0.003,2153,932,12236,38400,300,12441600,0.114797370999,0.00992739386857,0.57568359375,0.231479566573,0,0,0,0
exploratory_fresh_opened_after_development_gate_failure,independent,20811,2,0,lora_rank2,0.003,1824,602,11084,38400,300,11366400,0.109233858002,4.84119744293e-10,1,0.558009410335,0,0,0,0
exploratory_fresh_opened_after_development_gate_failure,independent,20811,2,1,lora_rank2,0.003,1824,602,11084,38400,300,11366400,0.109233858002,0.0137891843915,0.67236328125,0.309872695274,0,0,0,0
exploratory_fresh_opened_after_development_gate_failure,independent,20811,2,2,lora_rank2,0.003,1824,602,11084,38400,300,11366400,0.109233858002,0.0143551770598,0.50244140625,0.145593078254,0,0,0,0
exploratory_fresh_opened_after_development_gate_failure,independent,20811,2,0,hypernet_rank2,0.003,2916,1690,11440,38400,300,23654400,0.199606849001,0,1,0.558009409433,0,0,0,0
exploratory_fresh_opened_after_development_gate_failure,independent,20811,2,1,hypernet_rank2,0.003,2916,1690,11440,38400,300,23654400,0.199606849001,0.0273375399411,0.50390625,0.139596852765,0,0,0,0
exploratory_fresh_opened_after_development_gate_failure,independent,20811,2,2,hypernet_rank2,0.003,2916,1690,11440,38400,300,23654400,0.199606849001,0.0139994323254,0.52001953125,0.161357722434,0,0,0,0
exploratory_fresh_opened_after_development_gate_failure,independent,20811,2,0,independent_full,0.003,4818,3590,9776,0,0,0,0,0,1,0.558009409433,0,0,0,0
exploratory_fresh_opened_after_development_gate_failure,independent,20811,2,1,independent_full,0.003,4818,3590,9776,0,0,0,0,0,1,0.605292416789,0,0,0,0
exploratory_fresh_opened_after_development_gate_failure,independent,20811,2,2,independent_full,0.003,4818,3590,9776,0,0,0,0,0,1,0.633975315432,0,0,0,0
exploratory_fresh_opened_after_development_gate_failure,independent,20811,3,0,hard_tie,0.003,1223,3,3545,0,0,0,0,0,1,0.555513500323,0,0,0,0
exploratory_fresh_opened_after_development_gate_failure,independent,20811,3,1,hard_tie,0.003,1223,3,3545,0,0,0,0,0.0626822710037,0.1728515625,0.265946341184,0,0,0,0
exploratory_fresh_opened_after_development_gate_failure,independent,20811,3,2,hard_tie,0.003,1223,3,3545,0,0,0,0,0.0449276566505,0.34130859375,0.104837328763,0,0,0,0
exploratory_fresh_opened_after_development_gate_failure,independent,20811,3,3,hard_tie,0.003,1223,3,3545,0,0,0,0,0.0568276830018,0.3486328125,0.0926949491404,0,0,0,0
exploratory_fresh_opened_after_development_gate_failure,independent,20811,3,0,sequential_shared,0.003,1552,323,6524,38400,300,9830400,0.112226175002,0.0457499623299,0.3857421875,0.0882514827972,0,0,0,0
exploratory_fresh_opened_after_development_gate_failure,independent,20811,3,1,sequential_shared,0.003,1552,323,6524,38400,300,9830400,0.112226175002,0.0656833127141,0.15087890625,0.227735099521,0,0,0,0
exploratory_fresh_opened_after_development_gate_failure,independent,20811,3,2,sequential_shared,0.003,1552,323,6524,38400,300,9830400,0.112226175002,0.0434000045061,0.29443359375,0.0844120017282,0,0,0,0
exploratory_fresh_opened_after_development_gate_failure,independent,20811,3,3,sequential_shared,0.003,1552,323,6524,38400,300,9830400,0.112226175002,0.0148005336523,0.58544921875,0.203680073057,0,0,0,0
exploratory_fresh_opened_after_development_gate_failure,independent,20811,3,0,mirror_view,0.003,1302,79,8036,38400,300,10598400,0.150073171,7.6490330736e-10,1,0.555513485277,0,0,0,0
exploratory_fresh_opened_after_development_gate_failure,independent,20811,3,1,mirror_view,0.003,1302,79,8036,38400,300,10598400,0.150073171,0.0594155415893,0.2060546875,0.228651167417,0,0,0,0
exploratory_fresh_opened_after_development_gate_failure,independent,20811,3,2,mirror_view,0.003,1302,79,8036,38400,300,10598400,0.150073171,0.0417349971831,0.33935546875,0.102098717805,0,0,0,0
exploratory_fresh_opened_after_development_gate_failure,independent,20811,3,3,mirror_view,0.003,1302,79,8036,38400,300,10598400,0.150073171,0.0544436015189,0.35107421875,0.0861644623219,0,0,0,0
exploratory_fresh_opened_after_development_gate_failure,independent,20811,3,0,multihead,0.003,2464,1243,15284,38400,300,12441600,0.0998178059999,6.12384032372e-10,1,0.555513525527,0,0,0,0
exploratory_fresh_opened_after_development_gate_failure,independent,20811,3,1,multihead,0.003,2464,1243,15284,38400,300,12441600,0.0998178059999,0.0110568339005,0.69873046875,0.338116623665,0,0,0,0
exploratory_fresh_opened_after_development_gate_failure,independent,20811,3,2,multihead,0.003,2464,1243,15284,38400,300,12441600,0.0998178059999,0.00952055957168,0.58349609375,0.241509482104,0,0,0,0
exploratory_fresh_opened_after_development_gate_failure,independent,20811,3,3,multihead,0.003,2464,1243,15284,38400,300,12441600,0.0998178059999,0.0147382933646,0.59814453125,0.219080577968,0,0,0,0
exploratory_fresh_opened_after_development_gate_failure,independent,20811,3,0,lora_rank2,0.003,2025,803,13812,38400,300,11366400,0.104570672,4.98891372658e-10,1,0.555513500323,0,0,0,0
exploratory_fresh_opened_after_development_gate_failure,independent,20811,3,1,lora_rank2,0.003,2025,803,13812,38400,300,11366400,0.104570672,0.014695065096,0.6689453125,0.306162149151,0,0,0,0
exploratory_fresh_opened_after_development_gate_failure,independent,20811,3,2,lora_rank2,0.003,2025,803,13812,38400,300,11366400,0.104570672,0.013945302926,0.51171875,0.156324626383,0,0,0,0
exploratory_fresh_opened_after_development_gate_failure,independent,20811,3,3,lora_rank2,0.003,2025,803,13812,38400,300,11366400,0.104570672,0.022739533335,0.5107421875,0.142840117594,0,0,0,0
exploratory_fresh_opened_after_development_gate_failure,independent,20811,3,0,hypernet_rank2,0.003,2917,1691,11440,38400,300,23654400,0.204167254,0,1,0.555513500323,0,0,0,0
exploratory_fresh_opened_after_development_gate_failure,independent,20811,3,1,hypernet_rank2,0.003,2917,1691,11440,38400,300,23654400,0.204167254,0.0453024059534,0.3134765625,0.0822718866111,0,0,0,0
exploratory_fresh_opened_after_development_gate_failure,independent,20811,3,2,hypernet_rank2,0.003,2917,1691,11440,38400,300,23654400,0.204167254,0.0310740116984,0.36865234375,0.0121706869832,0,0,0,0
exploratory_fresh_opened_after_development_gate_failure,independent,20811,3,3,hypernet_rank2,0.003,2917,1691,11440,38400,300,23654400,0.204167254,0.0228983648121,0.51171875,0.141708931696,0,0,0,0
exploratory_fresh_opened_after_development_gate_failure,independent,20811,3,0,independent_full,0.003,6015,4787,11940,0,0,0,0,0,1,0.555513500323,0,0,0,0
exploratory_fresh_opened_after_development_gate_failure,independent,20811,3,1,independent_full,0.003,6015,4787,11940,0,0,0,0,0,1,0.601429705392,0,0,0,0
exploratory_fresh_opened_after_development_gate_failure,independent,20811,3,2,independent_full,0.003,6015,4787,11940,0,0,0,0,0,1,0.632875089854,0,0,0,0
exploratory_fresh_opened_after_development_gate_failure,independent,20811,3,3,independent_full,0.003,6015,4787,11940,0,0,0,0,0,1,0.587008945062,0,0,0,0
exploratory_fresh_opened_after_development_gate_failure,independent,20811,4,0,hard_tie,0.003,1224,4,3545,0,0,0,0,0,1,0.552843004931,2048,50,0.00219912600005,46563953.133
exploratory_fresh_opened_after_development_gate_failure,independent,20811,4,1,hard_tie,0.003,1224,4,3545,0,0,0,0,0.0642982646823,0.16357421875,0.2844287685,2048,50,0.00219912600005,46563953.133
exploratory_fresh_opened_after_development_gate_failure,independent,20811,4,2,hard_tie,0.003,1224,4,3545,0,0,0,0,0.0456674173474,0.3359375,0.108184155557,2048,50,0.00219912600005,46563953.133
exploratory_fresh_opened_after_development_gate_failure,independent,20811,4,3,hard_tie,0.003,1224,4,3545,0,0,0,0,0.0600611530244,0.3330078125,0.108776655208,2048,50,0.00219912600005,46563953.133
exploratory_fresh_opened_after_development_gate_failure,independent,20811,4,4,hard_tie,0.003,1224,4,3545,0,0,0,0,0.110473774374,0.10400390625,0.333720271607,2048,50,0.00219912600005,46563953.133
exploratory_fresh_opened_after_development_gate_failure,independent,20811,4,0,sequential_shared,0.003,1553,324,6524,38400,300,9830400,0.121810444001,0.121651113033,0.078125,0.378353346518,2048,50,0.00224818100105,45547934.0641
exploratory_fresh_opened_after_development_gate_failure,independent,20811,4,1,sequential_shared,0.003,1553,324,6524,38400,300,9830400,0.121810444001,0.0617895647883,0.46240234375,0.030174610918,2048,50,0.00224818100105,45547934.0641
exploratory_fresh_opened_after_development_gate_failure,independent,20811,4,2,sequential_shared,0.003,1553,324,6524,38400,300,9830400,0.121810444001,0.0648097172379,0.23779296875,0.21659826707,2048,50,0.00224818100105,45547934.0641
exploratory_fresh_opened_after_development_gate_failure,independent,20811,4,3,sequential_shared,0.003,1553,324,6524,38400,300,9830400,0.121810444001,0.109521739185,0.18994140625,0.268257006137,2048,50,0.00224818100105,45547934.0641
exploratory_fresh_opened_after_development_gate_failure,independent,20811,4,4,sequential_shared,0.003,1553,324,6524,38400,300,9830400,0.121810444001,0.0176520943642,0.6865234375,0.237280826826,2048,50,0.00224818100105,45547934.0641
exploratory_fresh_opened_after_development_gate_failure,independent,20811,4,0,mirror_view,0.003,1322,99,9112,38400,300,10598400,0.142026551999,0,1,0.552843000245,2048,50,0.00754692700139,13568436.528
exploratory_fresh_opened_after_development_gate_failure,independent,20811,4,1,mirror_view,0.003,1322,99,9112,38400,300,10598400,0.142026551999,0.0608271174133,0.1982421875,0.251303298064,2048,50,0.00754692700139,13568436.528
exploratory_fresh_opened_after_development_gate_failure,independent,20811,4,2,mirror_view,0.003,1322,99,9112,38400,300,10598400,0.142026551999,0.0424049720168,0.32568359375,0.114570792721,2048,50,0.00754692700139,13568436.528
exploratory_fresh_opened_after_development_gate_failure,independent,20811,4,3,mirror_view,0.003,1322,99,9112,38400,300,10598400,0.142026551999,0.057663038373,0.3369140625,0.100108260885,2048,50,0.00754692700139,13568436.528
exploratory_fresh_opened_after_development_gate_failure,independent,20811,4,4,mirror_view,0.003,1322,99,9112,38400,300,10598400,0.142026551999,0.0978446379304,0.14501953125,0.288537343949,2048,50,0.00754692700139,13568436.528
exploratory_fresh_opened_after_development_gate_failure,independent,20811,4,0,multihead,0.003,2775,1554,18332,38400,300,12441600,0.105215108,0,1,0.552842997102,2048,50,0.00237181500052,43173687.6518
exploratory_fresh_opened_after_development_gate_failure,independent,20811,4,1,multihead,0.003,2775,1554,18332,38400,300,12441600,0.105215108,0.0109434872866,0.69287109375,0.335182492272,2048,50,0.00237181500052,43173687.6518
exploratory_fresh_opened_after_development_gate_failure,independent,20811,4,2,multihead,0.003,2775,1554,18332,38400,300,12441600,0.105215108,0.00945649109781,0.58544921875,0.242385935213,2048,50,0.00237181500052,43173687.6518
exploratory_fresh_opened_after_development_gate_failure,independent,20811,4,3,multihead,0.003,2775,1554,18332,38400,300,12441600,0.105215108,0.0147132333368,0.638671875,0.258992828545,2048,50,0.00237181500052,43173687.6518
exploratory_fresh_opened_after_development_gate_failure,independent,20811,4,4,multihead,0.003,2775,1554,18332,38400,300,12441600,0.105215108,0.0182422399521,0.6865234375,0.244505286973,2048,50,0.00237181500052,43173687.6518
exploratory_fresh_opened_after_development_gate_failure,independent,20811,4,0,lora_rank2,0.003,2226,1004,16476,38400,300,11366400,0.111464296002,0,1,0.552843005018,2048,50,0.00330742000006,30960688.391
exploratory_fresh_opened_after_development_gate_failure,independent,20811,4,1,lora_rank2,0.003,2226,1004,16476,38400,300,11366400,0.111464296002,0.0145156998187,0.66650390625,0.305665440581,2048,50,0.00330742000006,30960688.391
exploratory_fresh_opened_after_development_gate_failure,independent,20811,4,2,lora_rank2,0.003,2226,1004,16476,38400,300,11366400,0.111464296002,0.0140101602301,0.50830078125,0.15149790424,2048,50,0.00330742000006,30960688.391
exploratory_fresh_opened_after_development_gate_failure,independent,20811,4,3,lora_rank2,0.003,2226,1004,16476,38400,300,11366400,0.111464296002,0.0224780645221,0.54345703125,0.175869799568,2048,50,0.00330742000006,30960688.391
exploratory_fresh_opened_after_development_gate_failure,independent,20811,4,4,lora_rank2,0.003,2226,1004,16476,38400,300,11366400,0.111464296002,0.0320342630148,0.5654296875,0.131460181146,2048,50,0.00330742000006,30960688.391
exploratory_fresh_opened_after_development_gate_failure,independent,20811,4,0,hypernet_rank2,0.003,2918,1692,11440,38400,300,23654400,0.195354806001,0,1,0.552843004931,2048,50,0.0049497229993,20688026.3834
exploratory_fresh_opened_after_development_gate_failure,independent,20811,4,1,hypernet_rank2,0.003,2918,1692,11440,38400,300,23654400,0.195354806001,0.0975934937596,0.52783203125,0.0705529601692,2048,50,0.0049497229993,20688026.3834
exploratory_fresh_opened_after_development_gate_failure,independent,20811,4,2,hypernet_rank2,0.003,2918,1692,11440,38400,300,23654400,0.195354806001,0.043025650084,0.27099609375,0.129041651293,2048,50,0.0049497229993,20688026.3834
exploratory_fresh_opened_after_development_gate_failure,independent,20811,4,3,hypernet_rank2,0.003,2918,1692,11440,38400,300,23654400,0.195354806001,0.141900911927,0.2607421875,0.200604179088,2048,50,0.0049497229993,20688026.3834
exploratory_fresh_opened_after_development_gate_failure,independent,20811,4,4,hypernet_rank2,0.003,2918,1692,11440,38400,300,23654400,0.195354806001,0.0307409726083,0.607421875,0.164471547803,2048,50,0.0049497229993,20688026.3834
exploratory_fresh_opened_after_development_gate_failure,independent,20811,4,0,independent_full,0.003,7212,5984,14104,0,0,0,0,0,1,0.552843004931,2048,50,0.00315747100103,32431018.3582
exploratory_fresh_opened_after_development_gate_failure,independent,20811,4,1,independent_full,0.003,7212,5984,14104,0,0,0,0,0,1,0.608216387191,2048,50,0.00315747100103,32431018.3582
exploratory_fresh_opened_after_development_gate_failure,independent,20811,4,2,independent_full,0.003,7212,5984,14104,0,0,0,0,0,1,0.633767887542,2048,50,0.00315747100103,32431018.3582
exploratory_fresh_opened_after_development_gate_failure,independent,20811,4,3,independent_full,0.003,7212,5984,14104,0,0,0,0,0,1,0.584017259564,2048,50,0.00315747100103,32431018.3582
exploratory_fresh_opened_after_development_gate_failure,independent,20811,4,4,independent_full,0.003,7212,5984,14104,0,0,0,0,0,1,0.542280691414,2048,50,0.00315747100103,32431018.3582
exploratory_fresh_opened_after_development_gate_failure,independent,20812,0,0,hard_tie,0.003,1220,0,3545,0,0,0,0,0,1,0.60356454624,0,0,0,0
exploratory_fresh_opened_after_development_gate_failure,independent,20812,0,0,sequential_shared,0.003,1549,320,6524,38400,300,9830400,0.106139866999,0,1,0.603564560908,0,0,0,0
exploratory_fresh_opened_after_development_gate_failure,independent,20812,0,0,mirror_view,0.003,1242,19,4873,38400,300,10598400,0.153697797999,0,1,0.603564544843,0,0,0,0
exploratory_fresh_opened_after_development_gate_failure,independent,20812,0,0,multihead,0.003,1531,310,6524,38400,300,12441600,0.0958163180003,0,1,0.603564560908,0,0,0,0
exploratory_fresh_opened_after_development_gate_failure,independent,20812,0,0,lora_rank2,0.003,1422,200,6140,38400,300,11366400,0.106942304003,0,1,0.603564544843,0,0,0,0
exploratory_fresh_opened_after_development_gate_failure,independent,20812,0,0,hypernet_rank2,0.003,2914,1688,6221,0,0,0,0,0,1,0.60356454624,0,0,0,0
exploratory_fresh_opened_after_development_gate_failure,independent,20812,0,0,independent_full,0.003,2424,1196,5513,0,0,0,0,0,1,0.60356454624,0,0,0,0
exploratory_fresh_opened_after_development_gate_failure,independent,20812,1,0,hard_tie,0.003,1221,1,3545,0,0,0,0,0,1,0.605075937812,0,0,0,0
exploratory_fresh_opened_after_development_gate_failure,independent,20812,1,1,hard_tie,0.003,1221,1,3545,0,0,0,0,0.0668337717652,0.27001953125,0.132659002571,0,0,0,0
exploratory_fresh_opened_after_development_gate_failure,independent,20812,1,0,sequential_shared,0.003,1550,321,6524,38400,300,9830400,0.106738042999,0.0575753562152,0.29345703125,0.116495388764,0,0,0,0
exploratory_fresh_opened_after_development_gate_failure,independent,20812,1,1,sequential_shared,0.003,1550,321,6524,38400,300,9830400,0.106738042999,0.0118143279105,0.67919921875,0.28747654274,0,0,0,0
exploratory_fresh_opened_after_development_gate_failure,independent,20812,1,0,mirror_view,0.003,1262,39,5884,38400,300,10598400,0.152781448,1.32748659287e-10,1,0.605075937812,0,0,0,0
exploratory_fresh_opened_after_development_gate_failure,independent,20812,1,1,mirror_view,0.003,1262,39,5884,38400,300,10598400,0.152781448,0.0604775324464,0.2958984375,0.114939846011,0,0,0,0
exploratory_fresh_opened_after_development_gate_failure,independent,20812,1,0,multihead,0.003,1842,621,9380,38400,300,12441600,0.0924819350003,0,1,0.605075968284,0,0,0,0
exploratory_fresh_opened_after_development_gate_failure,independent,20812,1,1,multihead,0.003,1842,621,9380,38400,300,12441600,0.0924819350003,0.0115425763652,0.68603515625,0.296643253547,0,0,0,0
exploratory_fresh_opened_after_development_gate_failure,independent,20812,1,0,lora_rank2,0.003,1623,401,8612,38400,300,11366400,0.110669873,0,1,0.605075937812,0,0,0,0
exploratory_fresh_opened_after_development_gate_failure,independent,20812,1,1,lora_rank2,0.003,1623,401,8612,38400,300,11366400,0.110669873,0.0187020543963,0.6357421875,0.267030928691,0,0,0,0
exploratory_fresh_opened_after_development_gate_failure,independent,20812,1,0,hypernet_rank2,0.003,2915,1689,11440,38400,300,23654400,0.203477714,0,1,0.605075937812,0,0,0,0
exploratory_fresh_opened_after_development_gate_failure,independent,20812,1,1,hypernet_rank2,0.003,2915,1689,11440,38400,300,23654400,0.203477714,0.0189777147025,0.6298828125,0.259863338186,0,0,0,0
exploratory_fresh_opened_after_development_gate_failure,independent,20812,1,0,independent_full,0.003,3621,2393,7676,0,0,0,0,0,1,0.605075937812,0,0,0,0
exploratory_fresh_opened_after_development_gate_failure,independent,20812,1,1,independent_full,0.003,3621,2393,7676,0,0,0,0,0,1,0.591040940315,0,0,0,0
exploratory_fresh_opened_after_development_gate_failure,independent,20812,2,0,hard_tie,0.003,1222,2,3545,0,0,0,0,0,1,0.606350580405,0,0,0,0
exploratory_fresh_opened_after_development_gate_failure,independent,20812,2,1,hard_tie,0.003,1222,2,3545,0,0,0,0,0.0648688077927,0.2802734375,0.115829376446,0,0,0,0
exploratory_fresh_opened_after_development_gate_failure,independent,20812,2,2,hard_tie,0.003,1222,2,3545,0,0,0,0,0.0802658498287,0.26416015625,0.135266239529,0,0,0,0
exploratory_fresh_opened_after_development_gate_failure,independent,20812,2,0,sequential_shared,0.003,1551,322,6524,38400,300,9830400,0.110960549999,0.0567557513714,0.26318359375,0.204387920581,0,0,0,0
exploratory_fresh_opened_after_development_gate_failure,independent,20812,2,1,sequential_shared,0.003,1551,322,6524,38400,300,9830400,0.110960549999,0.0836237370968,0.08935546875,0.378641348638,0,0,0,0
exploratory_fresh_opened_after_development_gate_failure,independent,20812,2,2,sequential_shared,0.003,1551,322,6524,38400,300,9830400,0.110960549999,0.0188472904265,0.7705078125,0.305213279571,0,0,0,0
exploratory_fresh_opened_after_development_gate_failure,independent,20812,2,0,mirror_view,0.003,1282,59,6960,38400,300,10598400,0.133301891001,0,1,0.606350580405,0,0,0,0
exploratory_fresh_opened_after_development_gate_failure,independent,20812,2,1,mirror_view,0.003,1282,59,6960,38400,300,10598400,0.133301891001,0.0596971362829,0.31005859375,0.0895942016214,0,0,0,0
exploratory_fresh_opened_after_development_gate_failure,independent,20812,2,2,mirror_view,0.003,1282,59,6960,38400,300,10598400,0.133301891001,0.0756881386042,0.306640625,0.0988325312646,0,0,0,0
exploratory_fresh_opened_after_development_gate_failure,independent,20812,2,0,multihead,0.003,2153,932,12236,38400,300,12441600,0.117372175999,0,1,0.606350611401,0,0,0,0
exploratory_fresh_opened_after_development_gate_failure,independent,20812,2,1,multihead,0.003,2153,932,12236,38400,300,12441600,0.117372175999,0.0110042560846,0.68603515625,0.298462407183,0,0,0,0
exploratory_fresh_opened_after_development_gate_failure,independent,20812,2,2,multihead,0.003,2153,932,12236,38400,300,12441600,0.117372175999,0.0191749911755,0.77294921875,0.311927614923,0,0,0,0
exploratory_fresh_opened_after_development_gate_failure,independent,20812,2,0,lora_rank2,0.003,1824,602,11084,38400,300,11366400,0.112359407998,0,1,0.606350580405,0,0,0,0
exploratory_fresh_opened_after_development_gate_failure,independent,20812,2,1,lora_rank2,0.003,1824,602,11084,38400,300,11366400,0.112359407998,0.0170908048749,0.646484375,0.279732543408,0,0,0,0
exploratory_fresh_opened_after_development_gate_failure,independent,20812,2,2,lora_rank2,0.003,1824,602,11084,38400,300,11366400,0.112359407998,0.0275396332145,0.72119140625,0.260376280319,0,0,0,0
exploratory_fresh_opened_after_development_gate_failure,independent,20812,2,0,hypernet_rank2,0.003,2916,1690,11440,38400,300,23654400,0.182206427002,0,1,0.606350580405,0,0,0,0
exploratory_fresh_opened_after_development_gate_failure,independent,20812,2,1,hypernet_rank2,0.003,2916,1690,11440,38400,300,23654400,0.182206427002,0.0769503489137,0.16552734375,0.271196079753,0,0,0,0
exploratory_fresh_opened_after_development_gate_failure,independent,20812,2,2,hypernet_rank2,0.003,2916,1690,11440,38400,300,23654400,0.182206427002,0.0270741116256,0.70068359375,0.226736999262,0,0,0,0
exploratory_fresh_opened_after_development_gate_failure,independent,20812,2,0,independent_full,0.003,4818,3590,9776,0,0,0,0,0,1,0.606350580405,0,0,0,0
exploratory_fresh_opened_after_development_gate_failure,independent,20812,2,1,independent_full,0.003,4818,3590,9776,0,0,0,0,0,1,0.596039701748,0,0,0,0
exploratory_fresh_opened_after_development_gate_failure,independent,20812,2,2,independent_full,0.003,4818,3590,9776,0,0,0,0,0,1,0.511242699838,0,0,0,0
exploratory_fresh_opened_after_development_gate_failure,independent,20812,3,0,hard_tie,0.003,1223,3,3545,0,0,0,0,0,1,0.602887106652,0,0,0,0
exploratory_fresh_opened_after_development_gate_failure,independent,20812,3,1,hard_tie,0.003,1223,3,3545,0,0,0,0,0.0633858144283,0.29248046875,0.109591725908,0,0,0,0
exploratory_fresh_opened_after_development_gate_failure,independent,20812,3,2,hard_tie,0.003,1223,3,3545,0,0,0,0,0.0774033218622,0.25146484375,0.144023235545,0,0,0,0
exploratory_fresh_opened_after_development_gate_failure,independent,20812,3,3,hard_tie,0.003,1223,3,3545,0,0,0,0,0.0932588651776,0.21337890625,0.184982758277,0,0,0,0
exploratory_fresh_opened_after_development_gate_failure,independent,20812,3,0,sequential_shared,0.003,1552,323,6524,38400,300,9830400,0.123709631,0.0854151323438,0.1904296875,0.228254383233,0,0,0,0
exploratory_fresh_opened_after_development_gate_failure,independent,20812,3,1,sequential_shared,0.003,1552,323,6524,38400,300,9830400,0.123709631,0.0530599690974,0.27783203125,0.143490858187,0,0,0,0
exploratory_fresh_opened_after_development_gate_failure,independent,20812,3,2,sequential_shared,0.003,1552,323,6524,38400,300,9830400,0.123709631,0.123175375164,0.05810546875,0.366321631693,0,0,0,0
exploratory_fresh_opened_after_development_gate_failure,independent,20812,3,3,sequential_shared,0.003,1552,323,6524,38400,300,9830400,0.123709631,0.0130206346512,0.71630859375,0.29340880971,0,0,0,0
exploratory_fresh_opened_after_development_gate_failure,independent,20812,3,0,mirror_view,0.003,1302,79,8036,38400,300,10598400,0.153608506,0,1,0.602887106652,0,0,0,0
exploratory_fresh_opened_after_development_gate_failure,independent,20812,3,1,mirror_view,0.003,1302,79,8036,38400,300,10598400,0.153608506,0.0584598593414,0.3095703125,0.0878955543158,0,0,0,0
exploratory_fresh_opened_after_development_gate_failure,independent,20812,3,2,mirror_view,0.003,1302,79,8036,38400,300,10598400,0.153608506,0.0727541893721,0.2939453125,0.106604880042,0,0,0,0
exploratory_fresh_opened_after_development_gate_failure,independent,20812,3,3,mirror_view,0.003,1302,79,8036,38400,300,10598400,0.153608506,0.0803870260715,0.265625,0.135785037004,0,0,0,0
exploratory_fresh_opened_after_development_gate_failure,independent,20812,3,0,multihead,0.003,2464,1243,15284,38400,300,12441600,0.119019071997,0,1,0.602887155081,0,0,0,0
exploratory_fresh_opened_after_development_gate_failure,independent,20812,3,1,multihead,0.003,2464,1243,15284,38400,300,12441600,0.119019071997,0.0108626680449,0.68994140625,0.303010337258,0,0,0,0
exploratory_fresh_opened_after_development_gate_failure,independent,20812,3,2,multihead,0.003,2464,1243,15284,38400,300,12441600,0.119019071997,0.0194905288517,0.77392578125,0.309721783357,0,0,0,0
exploratory_fresh_opened_after_development_gate_failure,independent,20812,3,3,multihead,0.003,2464,1243,15284,38400,300,12441600,0.119019071997,0.0137541163713,0.70947265625,0.291144968083,0,0,0,0
exploratory_fresh_opened_after_development_gate_failure,independent,20812,3,0,lora_rank2,0.003,2025,803,13812,38400,300,11366400,0.104642039001,0,1,0.602887100715,0,0,0,0
exploratory_fresh_opened_after_development_gate_failure,independent,20812,3,1,lora_rank2,0.003,2025,803,13812,38400,300,11366400,0.104642039001,0.0176118090749,0.62841796875,0.261486469419,0,0,0,0
exploratory_fresh_opened_after_development_gate_failure,independent,20812,3,2,lora_rank2,0.003,2025,803,13812,38400,300,11366400,0.104642039001,0.0278531629592,0.71826171875,0.255094150998,0,0,0,0
exploratory_fresh_opened_after_development_gate_failure,independent,20812,3,3,lora_rank2,0.003,2025,803,13812,38400,300,11366400,0.104642039001,0.0211524218321,0.65283203125,0.243930694618,0,0,0,0
exploratory_fresh_opened_after_development_gate_failure,independent,20812,3,0,hypernet_rank2,0.003,2917,1691,11440,38400,300,23654400,0.200042359,0,1,0.602887106652,0,0,0,0
exploratory_fresh_opened_after_development_gate_failure,independent,20812,3,1,hypernet_rank2,0.003,2917,1691,11440,38400,300,23654400,0.200042359,0.0942680090666,0.24560546875,0.238514024575,0,0,0,0
exploratory_fresh_opened_after_development_gate_failure,independent,20812,3,2,hypernet_rank2,0.003,2917,1691,11440,38400,300,23654400,0.200042359,0.11611558497,0.1552734375,0.282200547859,0,0,0,0
exploratory_fresh_opened_after_development_gate_failure,independent,20812,3,3,hypernet_rank2,0.003,2917,1691,11440,38400,300,23654400,0.200042359,0.0201927591115,0.666015625,0.248317797057,0,0,0,0
exploratory_fresh_opened_after_development_gate_failure,independent,20812,3,0,independent_full,0.003,6015,4787,11940,0,0,0,0,0,1,0.602887106652,0,0,0,0
exploratory_fresh_opened_after_development_gate_failure,independent,20812,3,1,independent_full,0.003,6015,4787,11940,0,0,0,0,0,1,0.59378644987,0,0,0,0
exploratory_fresh_opened_after_development_gate_failure,independent,20812,3,2,independent_full,0.003,6015,4787,11940,0,0,0,0,0,1,0.515269253403,0,0,0,0
exploratory_fresh_opened_after_development_gate_failure,independent,20812,3,3,independent_full,0.003,6015,4787,11940,0,0,0,0,0,1,0.555716870876,0,0,0,0
exploratory_fresh_opened_after_development_gate_failure,independent,20812,4,0,hard_tie,0.003,1224,4,3545,0,0,0,0,0,1,0.604406259401,2048,50,0.00221460300236,46238535.7064
exploratory_fresh_opened_after_development_gate_failure,independent,20812,4,1,hard_tie,0.003,1224,4,3545,0,0,0,0,0.0678260847926,0.26806640625,0.138270983967,2048,50,0.00221460300236,46238535.7064
exploratory_fresh_opened_after_development_gate_failure,independent,20812,4,2,hard_tie,0.003,1224,4,3545,0,0,0,0,0.0804702341557,0.2587890625,0.138443518561,2048,50,0.00221460300236,46238535.7064
exploratory_fresh_opened_after_development_gate_failure,independent,20812,4,3,hard_tie,0.003,1224,4,3545,0,0,0,0,0.0913246870041,0.22216796875,0.173702494212,2048,50,0.00221460300236,46238535.7064
exploratory_fresh_opened_after_development_gate_failure,independent,20812,4,4,hard_tie,0.003,1224,4,3545,0,0,0,0,0.0857698321342,0.296875,0.0996004113549,2048,50,0.00221460300236,46238535.7064
exploratory_fresh_opened_after_development_gate_failure,independent,20812,4,0,sequential_shared,0.003,1553,324,6524,38400,300,9830400,0.105377439999,0.0631785094738,0.31103515625,0.0980924395699,2048,50,0.00217422299829,47097284.9061
exploratory_fresh_opened_after_development_gate_failure,independent,20812,4,1,sequential_shared,0.003,1553,324,6524,38400,300,9830400,0.105377439999,0.0622639171779,0.33642578125,0.0786064643326,2048,50,0.00217422299829,47097284.9061
exploratory_fresh_opened_after_development_gate_failure,independent,20812,4,2,sequential_shared,0.003,1553,324,6524,38400,300,9830400,0.105377439999,0.143225342035,0.11181640625,0.297788363685,2048,50,0.00217422299829,47097284.9061
exploratory_fresh_opened_after_development_gate_failure,independent,20812,4,3,sequential_shared,0.003,1553,324,6524,38400,300,9830400,0.105377439999,0.0781831070781,0.22314453125,0.191819007377,2048,50,0.00217422299829,47097284.9061
exploratory_fresh_opened_after_development_gate_failure,independent,20812,4,4,sequential_shared,0.003,1553,324,6524,38400,300,9830400,0.105377439999,0.0232577882707,0.6298828125,0.219203952467,2048,50,0.00217422299829,47097284.9061
exploratory_fresh_opened_after_development_gate_failure,independent,20812,4,0,mirror_view,0.003,1322,99,9112,38400,300,10598400,0.142551053999,0,1,0.604406259401,2048,50,0.00580256399917,17647371.0613
exploratory_fresh_opened_after_development_gate_failure,independent,20812,4,1,mirror_view,0.003,1322,99,9112,38400,300,10598400,0.142551053999,0.062212638557,0.29443359375,0.111697431828,2048,50,0.00580256399917,17647371.0613
exploratory_fresh_opened_after_development_gate_failure,independent,20812,4,2,mirror_view,0.003,1322,99,9112,38400,300,10598400,0.142551053999,0.0762796029449,0.3056640625,0.0954793807687,2048,50,0.00580256399917,17647371.0613
exploratory_fresh_opened_after_development_gate_failure,independent,20812,4,3,mirror_view,0.003,1322,99,9112,38400,300,10598400,0.142551053999,0.0780977830291,0.279296875,0.120111135562,2048,50,0.00580256399917,17647371.0613
exploratory_fresh_opened_after_development_gate_failure,independent,20812,4,4,mirror_view,0.003,1322,99,9112,38400,300,10598400,0.142551053999,0.0838178098202,0.29541015625,0.102470139645,2048,50,0.00580256399917,17647371.0613
exploratory_fresh_opened_after_development_gate_failure,independent,20812,4,0,multihead,0.003,2775,1554,18332,38400,300,12441600,0.111673128002,5.522958757e-10,1,0.6044062867,2048,50,0.00233389200002,43875209.3066
exploratory_fresh_opened_after_development_gate_failure,independent,20812,4,1,multihead,0.003,2775,1554,18332,38400,300,12441600,0.111673128002,0.0111285923049,0.7041015625,0.313097923674,2048,50,0.00233389200002,43875209.3066
exploratory_fresh_opened_after_development_gate_failure,independent,20812,4,2,multihead,0.003,2775,1554,18332,38400,300,12441600,0.111673128002,0.0184374526143,0.77978515625,0.313914635306,2048,50,0.00233389200002,43875209.3066
exploratory_fresh_opened_after_development_gate_failure,independent,20812,4,3,multihead,0.003,2775,1554,18332,38400,300,12441600,0.111673128002,0.0138274813071,0.6865234375,0.271732337569,2048,50,0.00233389200002,43875209.3066
exploratory_fresh_opened_after_development_gate_failure,independent,20812,4,4,multihead,0.003,2775,1554,18332,38400,300,12441600,0.111673128002,0.0225782804191,0.630859375,0.226457780489,2048,50,0.00233389200002,43875209.3066
exploratory_fresh_opened_after_development_gate_failure,independent,20812,4,0,lora_rank2,0.003,2226,1004,16476,38400,300,11366400,0.120968421998,4.67494654099e-10,1,0.604406259401,2048,50,0.00283226399915,36154821.7365
exploratory_fresh_opened_after_development_gate_failure,independent,20812,4,1,lora_rank2,0.003,2226,1004,16476,38400,300,11366400,0.120968421998,0.0176839288324,0.64306640625,0.272205185844,2048,50,0.00283226399915,36154821.7365
exploratory_fresh_opened_after_development_gate_failure,independent,20812,4,2,lora_rank2,0.003,2226,1004,16476,38400,300,11366400,0.120968421998,0.0271691307425,0.7275390625,0.263395373593,2048,50,0.00283226399915,36154821.7365
exploratory_fresh_opened_after_development_gate_failure,independent,20812,4,3,lora_rank2,0.003,2226,1004,16476,38400,300,11366400,0.120968421998,0.0211147852242,0.61376953125,0.207395147241,2048,50,0.00283226399915,36154821.7365
exploratory_fresh_opened_after_development_gate_failure,independent,20812,4,4,lora_rank2,0.003,2226,1004,16476,38400,300,11366400,0.120968421998,0.0309377480298,0.5595703125,0.181532304443,2048,50,0.00283226399915,36154821.7365
exploratory_fresh_opened_after_development_gate_failure,independent,20812,4,0,hypernet_rank2,0.003,2918,1692,11440,38400,300,23654400,0.185673995999,0,1,0.604406259401,2048,50,0.00443186700068,23105386.5074
exploratory_fresh_opened_after_development_gate_failure,independent,20812,4,1,hypernet_rank2,0.003,2918,1692,11440,38400,300,23654400,0.185673995999,0.104859471321,0.28125,0.245832009336,2048,50,0.00443186700068,23105386.5074
exploratory_fresh_opened_after_development_gate_failure,independent,20812,4,2,hypernet_rank2,0.003,2918,1692,11440,38400,300,23654400,0.185673995999,0.115906953812,0.16943359375,0.286050367729,2048,50,0.00443186700068,23105386.5074
exploratory_fresh_opened_after_development_gate_failure,independent,20812,4,3,hypernet_rank2,0.003,2918,1692,11440,38400,300,23654400,0.185673995999,0.0486812405288,0.5693359375,0.10862811617,2048,50,0.00443186700068,23105386.5074
exploratory_fresh_opened_after_development_gate_failure,independent,20812,4,4,hypernet_rank2,0.003,2918,1692,11440,38400,300,23654400,0.185673995999,0.0307644084096,0.5595703125,0.181364058692,2048,50,0.00443186700068,23105386.5074
exploratory_fresh_opened_after_development_gate_failure,independent,20812,4,0,independent_full,0.003,7212,5984,14104,0,0,0,0,0,1,0.604406259401,2048,50,0.00247451399991,41381863.2683
exploratory_fresh_opened_after_development_gate_failure,independent,20812,4,1,independent_full,0.003,7212,5984,14104,0,0,0,0,0,1,0.589220843423,2048,50,0.00247451399991,41381863.2683
exploratory_fresh_opened_after_development_gate_failure,independent,20812,4,2,independent_full,0.003,7212,5984,14104,0,0,0,0,0,1,0.510596424196,2048,50,0.00247451399991,41381863.2683
exploratory_fresh_opened_after_development_gate_failure,independent,20812,4,3,independent_full,0.003,7212,5984,14104,0,0,0,0,0,1,0.555134591559,2048,50,0.00247451399991,41381863.2683
exploratory_fresh_opened_after_development_gate_failure,independent,20812,4,4,independent_full,0.003,7212,5984,14104,0,0,0,0,0,1,0.553523476934,2048,50,0.00247451399991,41381863.2683
exploratory_fresh_opened_after_development_gate_failure,independent,20813,0,0,hard_tie,0.003,1220,0,3545,0,0,0,0,0,1,0.581108150596,0,0,0,0
exploratory_fresh_opened_after_development_gate_failure,independent,20813,0,0,sequential_shared,0.003,1549,320,6524,38400,300,9830400,0.103947375002,2.09527062367e-09,1,0.581105540768,0,0,0,0
exploratory_fresh_opened_after_development_gate_failure,independent,20813,0,0,mirror_view,0.003,1242,19,4873,38400,300,10598400,0.153449883001,0,1,0.581108150596,0,0,0,0
exploratory_fresh_opened_after_development_gate_failure,independent,20813,0,0,multihead,0.003,1531,310,6524,38400,300,12441600,0.102458726,2.09527062367e-09,1,0.581105540768,0,0,0,0
exploratory_fresh_opened_after_development_gate_failure,independent,20813,0,0,lora_rank2,0.003,1422,200,6140,38400,300,11366400,0.104975769998,4.52196308176e-10,1,0.58110814332,0,0,0,0
exploratory_fresh_opened_after_development_gate_failure,independent,20813,0,0,hypernet_rank2,0.003,2914,1688,6221,0,0,0,0,0,1,0.581108150596,0,0,0,0
exploratory_fresh_opened_after_development_gate_failure,independent,20813,0,0,independent_full,0.003,2424,1196,5513,0,0,0,0,0,1,0.581108150596,0,0,0,0
exploratory_fresh_opened_after_development_gate_failure,independent,20813,1,0,hard_tie,0.003,1221,1,3545,0,0,0,0,0,1,0.578620251123,0,0,0,0
exploratory_fresh_opened_after_development_gate_failure,independent,20813,1,1,hard_tie,0.003,1221,1,3545,0,0,0,0,0.090968824923,0.15380859375,0.268148410061,0,0,0,0
exploratory_fresh_opened_after_development_gate_failure,independent,20813,1,0,sequential_shared,0.003,1550,321,6524,38400,300,9830400,0.113352863002,0.0858372226357,0.11767578125,0.269018851192,0,0,0,0
exploratory_fresh_opened_after_development_gate_failure,independent,20813,1,1,sequential_shared,0.003,1550,321,6524,38400,300,9830400,0.113352863002,0.0183677021414,0.578125,0.190828382067,0,0,0,0
exploratory_fresh_opened_after_development_gate_failure,independent,20813,1,0,mirror_view,0.003,1262,39,5884,38400,300,10598400,0.158312778,5.9185975565e-11,1,0.578620251123,0,0,0,0
exploratory_fresh_opened_after_development_gate_failure,independent,20813,1,1,mirror_view,0.003,1262,39,5884,38400,300,10598400,0.158312778,0.0908787325025,0.15380859375,0.267277517894,0,0,0,0
exploratory_fresh_opened_after_development_gate_failure,independent,20813,1,0,multihead,0.003,1842,621,9380,38400,300,12441600,0.102269423001,2.81031919958e-10,1,0.57861771874,0,0,0,0
exploratory_fresh_opened_after_development_gate_failure,independent,20813,1,1,multihead,0.003,1842,621,9380,38400,300,12441600,0.102269423001,0.0208496619016,0.548828125,0.165634515855,0,0,0,0
exploratory_fresh_opened_after_development_gate_failure,independent,20813,1,0,lora_rank2,0.003,1623,401,8612,38400,300,11366400,0.100837148999,0,1,0.578620251123,0,0,0,0
exploratory_fresh_opened_after_development_gate_failure,independent,20813,1,1,lora_rank2,0.003,1623,401,8612,38400,300,11366400,0.100837148999,0.0258966851979,0.49072265625,0.105197512079,0,0,0,0
exploratory_fresh_opened_after_development_gate_failure,independent,20813,1,0,hypernet_rank2,0.003,2915,1689,11440,38400,300,23654400,0.194494842002,0,1,0.578620251123,0,0,0,0
exploratory_fresh_opened_after_development_gate_failure,independent,20813,1,1,hypernet_rank2,0.003,2915,1689,11440,38400,300,23654400,0.194494842002,0.0222850628197,0.5263671875,0.1401381623,0,0,0,0
exploratory_fresh_opened_after_development_gate_failure,independent,20813,1,0,independent_full,0.003,3621,2393,7676,0,0,0,0,0,1,0.578620251123,0,0,0,0
exploratory_fresh_opened_after_development_gate_failure,independent,20813,1,1,independent_full,0.003,3621,2393,7676,0,0,0,0,0,1,0.585668376181,0,0,0,0
exploratory_fresh_opened_after_development_gate_failure,independent,20813,2,0,hard_tie,0.003,1222,2,3545,0,0,0,0,0,1,0.579081014119,0,0,0,0
exploratory_fresh_opened_after_development_gate_failure,independent,20813,2,1,hard_tie,0.003,1222,2,3545,0,0,0,0,0.0886532440782,0.17333984375,0.243667185656,0,0,0,0
exploratory_fresh_opened_after_development_gate_failure,independent,20813,2,2,hard_tie,0.003,1222,2,3545,0,0,0,0,0.0972302556038,0.171875,0.249217883,0,0,0,0
exploratory_fresh_opened_after_development_gate_failure,independent,20813,2,0,sequential_shared,0.003,1551,322,6524,38400,300,9830400,0.143998816002,0.0852967500687,0.16064453125,0.242331702684,0,0,0,0
exploratory_fresh_opened_after_development_gate_failure,independent,20813,2,1,sequential_shared,0.003,1551,322,6524,38400,300,9830400,0.143998816002,0.0527142509818,0.2705078125,0.130236998375,0,0,0,0
exploratory_fresh_opened_after_development_gate_failure,independent,20813,2,2,sequential_shared,0.003,1551,322,6524,38400,300,9830400,0.143998816002,0.013432062231,0.6396484375,0.234286119856,0,0,0,0
exploratory_fresh_opened_after_development_gate_failure,independent,20813,2,0,mirror_view,0.003,1282,59,6960,38400,300,10598400,0.147433434002,6.6224664641e-11,1,0.579081014119,0,0,0,0
exploratory_fresh_opened_after_development_gate_failure,independent,20813,2,1,mirror_view,0.003,1282,59,6960,38400,300,10598400,0.147433434002,0.0885278210044,0.173828125,0.24300771585,0,0,0,0
exploratory_fresh_opened_after_development_gate_failure,independent,20813,2,2,mirror_view,0.003,1282,59,6960,38400,300,10598400,0.147433434002,0.0963287055492,0.1796875,0.247738415492,0,0,0,0
exploratory_fresh_opened_after_development_gate_failure,independent,20813,2,0,multihead,0.003,2153,932,12236,38400,300,12441600,0.110357239999,0,1,0.579078266077,0,0,0,0
exploratory_fresh_opened_after_development_gate_failure,independent,20813,2,1,multihead,0.003,2153,932,12236,38400,300,12441600,0.110357239999,0.0193532314152,0.55615234375,0.178420532218,0,0,0,0
exploratory_fresh_opened_after_development_gate_failure,independent,20813,2,2,multihead,0.003,2153,932,12236,38400,300,12441600,0.110357239999,0.015641335398,0.6298828125,0.222485547725,0,0,0,0
exploratory_fresh_opened_after_development_gate_failure,independent,20813,2,0,lora_rank2,0.003,1824,602,11084,38400,300,11366400,0.119377288,7.33451965829e-10,1,0.579081021366,0,0,0,0
exploratory_fresh_opened_after_development_gate_failure,independent,20813,2,1,lora_rank2,0.003,1824,602,11084,38400,300,11366400,0.119377288,0.0244693867862,0.49267578125,0.109525974884,0,0,0,0
exploratory_fresh_opened_after_development_gate_failure,independent,20813,2,2,lora_rank2,0.003,1824,602,11084,38400,300,11366400,0.119377288,0.0312152206898,0.53125,0.129680552287,0,0,0,0
exploratory_fresh_opened_after_development_gate_failure,independent,20813,2,0,hypernet_rank2,0.003,2916,1690,11440,38400,300,23654400,0.199495273999,0,1,0.579081014119,0,0,0,0
exploratory_fresh_opened_after_development_gate_failure,independent,20813,2,1,hypernet_rank2,0.003,2916,1690,11440,38400,300,23654400,0.199495273999,0.087343685329,0.3212890625,0.162035167552,0,0,0,0
exploratory_fresh_opened_after_development_gate_failure,independent,20813,2,2,hypernet_rank2,0.003,2916,1690,11440,38400,300,23654400,0.199495273999,0.0294729564339,0.54150390625,0.143534981151,0,0,0,0
exploratory_fresh_opened_after_development_gate_failure,independent,20813,2,0,independent_full,0.003,4818,3590,9776,0,0,0,0,0,1,0.579081014119,0,0,0,0
exploratory_fresh_opened_after_development_gate_failure,independent,20813,2,1,independent_full,0.003,4818,3590,9776,0,0,0,0,0,1,0.586932980659,0,0,0,0
exploratory_fresh_opened_after_development_gate_failure,independent,20813,2,2,independent_full,0.003,4818,3590,9776,0,0,0,0,0,1,0.568398572039,0,0,0,0
exploratory_fresh_opened_after_development_gate_failure,independent,20813,3,0,hard_tie,0.003,1223,3,3545,0,0,0,0,0,1,0.580046112853,0,0,0,0
exploratory_fresh_opened_after_development_gate_failure,independent,20813,3,1,hard_tie,0.003,1223,3,3545,0,0,0,0,0.0898730009794,0.14794921875,0.268425722599,0,0,0,0
exploratory_fresh_opened_after_development_gate_failure,independent,20813,3,2,hard_tie,0.003,1223,3,3545,0,0,0,0,0.100649349391,0.1572265625,0.267938295823,0,0,0,0
exploratory_fresh_opened_after_development_gate_failure,independent,20813,3,3,hard_tie,0.003,1223,3,3545,0,0,0,0,0.0882330387831,0.263671875,0.160894074885,0,0,0,0
exploratory_fresh_opened_after_development_gate_failure,independent,20813,3,0,sequential_shared,0.003,1552,323,6524,38400,300,9830400,0.135799264001,0.0832885056734,0.314453125,0.126056109293,0,0,0,0
exploratory_fresh_opened_after_development_gate_failure,independent,20813,3,1,sequential_shared,0.003,1552,323,6524,38400,300,9830400,0.135799264001,0.052932061255,0.32421875,0.114180318051,0,0,0,0
exploratory_fresh_opened_after_development_gate_failure,independent,20813,3,2,sequential_shared,0.003,1552,323,6524,38400,300,9830400,0.135799264001,0.0532310195267,0.265625,0.168017722841,0,0,0,0
exploratory_fresh_opened_after_development_gate_failure,independent,20813,3,3,sequential_shared,0.003,1552,323,6524,38400,300,9830400,0.135799264001,0.0155496494845,0.69677734375,0.262427142996,0,0,0,0
exploratory_fresh_opened_after_development_gate_failure,independent,20813,3,0,mirror_view,0.003,1302,79,8036,38400,300,10598400,0.155085017002,1.02810739089e-10,1,0.580046112853,0,0,0,0
exploratory_fresh_opened_after_development_gate_failure,independent,20813,3,1,mirror_view,0.003,1302,79,8036,38400,300,10598400,0.155085017002,0.0897969678044,0.14697265625,0.268460227599,0,0,0,0
exploratory_fresh_opened_after_development_gate_failure,independent,20813,3,2,mirror_view,0.003,1302,79,8036,38400,300,10598400,0.155085017002,0.0996912121773,0.15869140625,0.264561400894,0,0,0,0
exploratory_fresh_opened_after_development_gate_failure,independent,20813,3,3,mirror_view,0.003,1302,79,8036,38400,300,10598400,0.155085017002,0.0874679386616,0.267578125,0.15973453167,0,0,0,0
exploratory_fresh_opened_after_development_gate_failure,independent,20813,3,0,multihead,0.003,2464,1243,15284,38400,300,12441600,0.0966285449977,5.43091460692e-10,1,0.58004351519,0,0,0,0
exploratory_fresh_opened_after_development_gate_failure,independent,20813,3,1,multihead,0.003,2464,1243,15284,38400,300,12441600,0.0966285449977,0.0199582800269,0.5341796875,0.15314618207,0,0,0,0
exploratory_fresh_opened_after_development_gate_failure,independent,20813,3,2,multihead,0.003,2464,1243,15284,38400,300,12441600,0.0966285449977,0.0156504269689,0.630859375,0.229021300664,0,0,0,0
exploratory_fresh_opened_after_development_gate_failure,independent,20813,3,3,multihead,0.003,2464,1243,15284,38400,300,12441600,0.0966285449977,0.0155815333128,0.69384765625,0.26571530175,0,0,0,0
exploratory_fresh_opened_after_development_gate_failure,independent,20813,3,0,lora_rank2,0.003,2025,803,13812,38400,300,11366400,0.110949791,0,1,0.580046105082,0,0,0,0
exploratory_fresh_opened_after_development_gate_failure,independent,20813,3,1,lora_rank2,0.003,2025,803,13812,38400,300,11366400,0.110949791,0.0246277377009,0.47265625,0.0906719703635,0,0,0,0
exploratory_fresh_opened_after_development_gate_failure,independent,20813,3,2,lora_rank2,0.003,2025,803,13812,38400,300,11366400,0.110949791,0.0328200161457,0.5166015625,0.119107125458,0,0,0,0
exploratory_fresh_opened_after_development_gate_failure,independent,20813,3,3,lora_rank2,0.003,2025,803,13812,38400,300,11366400,0.110949791,0.0195387154818,0.67724609375,0.254333052217,0,0,0,0
exploratory_fresh_opened_after_development_gate_failure,independent,20813,3,0,hypernet_rank2,0.003,2917,1691,11440,38400,300,23654400,0.210507395001,0,1,0.580046112853,0,0,0,0
exploratory_fresh_opened_after_development_gate_failure,independent,20813,3,1,hypernet_rank2,0.003,2917,1691,11440,38400,300,23654400,0.210507395001,0.0958438888192,0.37255859375,0.152106947091,0,0,0,0
exploratory_fresh_opened_after_development_gate_failure,independent,20813,3,2,hypernet_rank2,0.003,2917,1691,11440,38400,300,23654400,0.210507395001,0.0513261109591,0.2861328125,0.105651772596,0,0,0,0
exploratory_fresh_opened_after_development_gate_failure,independent,20813,3,3,hypernet_rank2,0.003,2917,1691,11440,38400,300,23654400,0.210507395001,0.0192245151848,0.68212890625,0.257379724993,0,0,0,0
exploratory_fresh_opened_after_development_gate_failure,independent,20813,3,0,independent_full,0.003,6015,4787,11940,0,0,0,0,0,1,0.580046112853,0,0,0,0
exploratory_fresh_opened_after_development_gate_failure,independent,20813,3,1,independent_full,0.003,6015,4787,11940,0,0,0,0,0,1,0.587123997917,0,0,0,0
exploratory_fresh_opened_after_development_gate_failure,independent,20813,3,2,independent_full,0.003,6015,4787,11940,0,0,0,0,0,1,0.570013715507,0,0,0,0
exploratory_fresh_opened_after_development_gate_failure,independent,20813,3,3,independent_full,0.003,6015,4787,11940,0,0,0,0,0,1,0.569961628964,0,0,0,0
exploratory_fresh_opened_after_development_gate_failure,independent,20813,4,0,hard_tie,0.003,1224,4,3545,0,0,0,0,0,1,0.579713850195,2048,50,0.002125797997,48170146.0556
exploratory_fresh_opened_after_development_gate_failure,independent,20813,4,1,hard_tie,0.003,1224,4,3545,0,0,0,0,0.0917183682323,0.15380859375,0.266477290796,2048,50,0.002125797997,48170146.0556
exploratory_fresh_opened_after_development_gate_failure,independent,20813,4,2,hard_tie,0.003,1224,4,3545,0,0,0,0,0.0981818214059,0.15576171875,0.267174238994,2048,50,0.002125797997,48170146.0556
exploratory_fresh_opened_after_development_gate_failure,independent,20813,4,3,hard_tie,0.003,1224,4,3545,0,0,0,0,0.0879382267594,0.25732421875,0.167942645137,2048,50,0.002125797997,48170146.0556
exploratory_fresh_opened_after_development_gate_failure,independent,20813,4,4,hard_tie,0.003,1224,4,3545,0,0,0,0,0.0714128911495,0.2470703125,0.17443585553,2048,50,0.002125797997,48170146.0556
exploratory_fresh_opened_after_development_gate_failure,independent,20813,4,0,sequential_shared,0.003,1553,324,6524,38400,300,9830400,0.117265306999,0.0582448616624,0.30078125,0.0598089280975,2048,50,0.00207101700289,49444306.7619
exploratory_fresh_opened_after_development_gate_failure,independent,20813,4,1,sequential_shared,0.003,1553,324,6524,38400,300,9830400,0.117265306999,0.0484067611396,0.20751953125,0.152264410543,2048,50,0.00207101700289,49444306.7619
exploratory_fresh_opened_after_development_gate_failure,independent,20813,4,2,sequential_shared,0.003,1553,324,6524,38400,300,9830400,0.117265306999,0.0595521181822,0.22900390625,0.131664213273,2048,50,0.00207101700289,49444306.7619
exploratory_fresh_opened_after_development_gate_failure,independent,20813,4,3,sequential_shared,0.003,1553,324,6524,38400,300,9830400,0.117265306999,0.04922118783,0.318359375,0.0445160199888,2048,50,0.00207101700289,49444306.7619
exploratory_fresh_opened_after_development_gate_failure,independent,20813,4,4,sequential_shared,0.003,1553,324,6524,38400,300,9830400,0.117265306999,0.0133344121277,0.5771484375,0.214908572729,2048,50,0.00207101700289,49444306.7619
exploratory_fresh_opened_after_development_gate_failure,independent,20813,4,0,mirror_view,0.003,1322,99,9112,38400,300,10598400,0.148805289002,1.58833224351e-11,1,0.579713850195,2048,50,0.00619477099826,16530070.2849
exploratory_fresh_opened_after_development_gate_failure,independent,20813,4,1,mirror_view,0.003,1322,99,9112,38400,300,10598400,0.148805289002,0.0915968120098,0.15234375,0.26709362465,2048,50,0.00619477099826,16530070.2849
exploratory_fresh_opened_after_development_gate_failure,independent,20813,4,2,mirror_view,0.003,1322,99,9112,38400,300,10598400,0.148805289002,0.0972354263067,0.15673828125,0.264202965765,2048,50,0.00619477099826,16530070.2849
exploratory_fresh_opened_after_development_gate_failure,independent,20813,4,3,mirror_view,0.003,1322,99,9112,38400,300,10598400,0.148805289002,0.0864175260067,0.2685546875,0.154075631959,2048,50,0.00619477099826,16530070.2849
exploratory_fresh_opened_after_development_gate_failure,independent,20813,4,4,mirror_view,0.003,1322,99,9112,38400,300,10598400,0.148805289002,0.0706197842956,0.26708984375,0.151959695533,2048,50,0.00619477099826,16530070.2849
exploratory_fresh_opened_after_development_gate_failure,independent,20813,4,0,multihead,0.003,2775,1554,18332,38400,300,12441600,0.10989444,0,1,0.57971121819,2048,50,0.00207910700192,49251914.3582
exploratory_fresh_opened_after_development_gate_failure,independent,20813,4,1,multihead,0.003,2775,1554,18332,38400,300,12441600,0.10989444,0.0192322004586,0.5556640625,0.173012583618,2048,50,0.00207910700192,49251914.3582
exploratory_fresh_opened_after_development_gate_failure,independent,20813,4,2,multihead,0.003,2775,1554,18332,38400,300,12441600,0.10989444,0.0158968865871,0.59521484375,0.194824847844,2048,50,0.00207910700192,49251914.3582
exploratory_fresh_opened_after_development_gate_failure,independent,20813,4,3,multihead,0.003,2775,1554,18332,38400,300,12441600,0.10989444,0.0149346198887,0.68212890625,0.253783964101,2048,50,0.00207910700192,49251914.3582
exploratory_fresh_opened_after_development_gate_failure,independent,20813,4,4,multihead,0.003,2775,1554,18332,38400,300,12441600,0.10989444,0.014013055712,0.5654296875,0.209197885983,2048,50,0.00207910700192,49251914.3582
exploratory_fresh_opened_after_development_gate_failure,independent,20813,4,0,lora_rank2,0.003,2226,1004,16476,38400,300,11366400,0.116611245998,0,1,0.57971385261,2048,50,0.00363546600056,28166953.008
exploratory_fresh_opened_after_development_gate_failure,independent,20813,4,1,lora_rank2,0.003,2226,1004,16476,38400,300,11366400,0.116611245998,0.0242596305907,0.515625,0.128701525842,2048,50,0.00363546600056,28166953.008
exploratory_fresh_opened_after_development_gate_failure,independent,20813,4,2,lora_rank2,0.003,2226,1004,16476,38400,300,11366400,0.116611245998,0.032021433115,0.498046875,0.101634635808,2048,50,0.00363546600056,28166953.008
exploratory_fresh_opened_after_development_gate_failure,independent,20813,4,3,lora_rank2,0.003,2226,1004,16476,38400,300,11366400,0.116611245998,0.0189209654927,0.66748046875,0.240324435988,2048,50,0.00363546600056,28166953.008
exploratory_fresh_opened_after_development_gate_failure,independent,20813,4,4,lora_rank2,0.003,2226,1004,16476,38400,300,11366400,0.116611245998,0.0249760746956,0.45751953125,0.0805315493781,2048,50,0.00363546600056,28166953.008
exploratory_fresh_opened_after_development_gate_failure,independent,20813,4,0,hypernet_rank2,0.003,2918,1692,11440,38400,300,23654400,0.215507551999,0,1,0.579713850195,2048,50,0.00579002800077,17685579.4111
exploratory_fresh_opened_after_development_gate_failure,independent,20813,4,1,hypernet_rank2,0.003,2918,1692,11440,38400,300,23654400,0.215507551999,0.101804979146,0.35107421875,0.161145217426,2048,50,0.00579002800077,17685579.4111
exploratory_fresh_opened_after_development_gate_failure,independent,20813,4,2,hypernet_rank2,0.003,2918,1692,11440,38400,300,23654400,0.215507551999,0.0571861900389,0.2548828125,0.14340550801,2048,50,0.00579002800077,17685579.4111
exploratory_fresh_opened_after_development_gate_failure,independent,20813,4,3,hypernet_rank2,0.003,2918,1692,11440,38400,300,23654400,0.215507551999,0.0233141612262,0.65283203125,0.204571641661,2048,50,0.00579002800077,17685579.4111
exploratory_fresh_opened_after_development_gate_failure,independent,20813,4,4,hypernet_rank2,0.003,2918,1692,11440,38400,300,23654400,0.215507551999,0.0244969502091,0.45068359375,0.0682522561547,2048,50,0.00579002800077,17685579.4111
exploratory_fresh_opened_after_development_gate_failure,independent,20813,4,0,independent_full,0.003,7212,5984,14104,0,0,0,0,0,1,0.579713850195,2048,50,0.002158315001,47444418.4249
exploratory_fresh_opened_after_development_gate_failure,independent,20813,4,1,independent_full,0.003,7212,5984,14104,0,0,0,0,0,1,0.585012778814,2048,50,0.002158315001,47444418.4249
exploratory_fresh_opened_after_development_gate_failure,independent,20813,4,2,independent_full,0.003,7212,5984,14104,0,0,0,0,0,1,0.575056020927,2048,50,0.002158315001,47444418.4249
exploratory_fresh_opened_after_development_gate_failure,independent,20813,4,3,independent_full,0.003,7212,5984,14104,0,0,0,0,0,1,0.5677430699,2048,50,0.002158315001,47444418.4249
exploratory_fresh_opened_after_development_gate_failure,independent,20813,4,4,independent_full,0.003,7212,5984,14104,0,0,0,0,0,1,0.602248937561,2048,50,0.002158315001,47444418.4249
