world,seed,method,K,stages,normalized_rmse,stage_ablation_rmse,used_codes_per_stage,payload_bytes,bytes_per_function,assignment_MAC_per_function,decode_MAC_per_function,encode_seconds_per_function,decode_seconds_per_function,hash,path
48210,0,dense,4,1,0.0,[],[],9833,76.8203125,0,0,7.080000159476185e-07,1.4007810023031197e-08,60a9ac90f4a51d95666090b6f5e166d465b978da62c4310bcd3b466eb85e373c,experiments/mirror_applications/ma-482-residual-vq-mirror/artifacts/payloads/48210_0_dense_K4_R1.pt
48210,0,native_rvq,4,1,0.6396279335021973,[1.0],[4],2277,17.7890625,64,32,2.470992171765829e-06,1.135273350882926e-07,88add553062b3c4ebd308effb60056d0381167fe946aa1602d0ac4b0caac142a,experiments/mirror_applications/ma-482-residual-vq-mirror/artifacts/payloads/48210_0_native_rvq_K4_R1.pt
48210,0,generic_coeff_rvq,4,1,0.6243525743484497,[1.0],[4],2969,23.1953125,0,32,2.0629687469408964e-06,2.11644476166839e-07,bf0ee967e6619d21700dba8ea0e2bb52b14fc817b28154be4d4a7cf1c186a95a,experiments/mirror_applications/ma-482-residual-vq-mirror/artifacts/payloads/48210_0_generic_coeff_rvq_K4_R1.pt
48210,0,mirror_rvq,4,1,0.6243525743484497,[1.0],[4],2653,20.7265625,0,32,1.6818594303913414e-06,1.6039450656535337e-07,a1493aeee56971624b4107fb74d1d68ccb51bc8ca96c8921265f07dc779d86c1,experiments/mirror_applications/ma-482-residual-vq-mirror/artifacts/payloads/48210_0_mirror_rvq_K4_R1.pt
48210,0,dense,4,2,0.0,[],[],9833,76.8203125,0,0,8.302108653879259e-07,1.43554643727839e-08,60a9ac90f4a51d95666090b6f5e166d465b978da62c4310bcd3b466eb85e373c,experiments/mirror_applications/ma-482-residual-vq-mirror/artifacts/payloads/48210_0_dense_K4_R2.pt
48210,0,native_rvq,4,2,0.5089836716651917,"[0.9161918759346008, 0.639166533946991]","[4, 4]",2661,20.7890625,128,64,2.5747420977495494e-06,2.0960550273230183e-07,8a42bddb41a58ac9f8d0b01d9ebcdf77594d0a6a2aeae10e59aaf97ea3b95cd6,experiments/mirror_applications/ma-482-residual-vq-mirror/artifacts/payloads/48210_0_native_rvq_K4_R2.pt
48210,0,generic_coeff_rvq,4,2,0.4906952679157257,"[0.9224780797958374, 0.6243525743484497]","[4, 4]",3097,24.1953125,0,64,2.192461010963598e-06,3.7195314916971256e-07,0ed5399f376f5a1d762ae7f251e61227da7ad2f252ffca331364730844cd2b7d,experiments/mirror_applications/ma-482-residual-vq-mirror/artifacts/payloads/48210_0_generic_coeff_rvq_K4_R2.pt
48210,0,mirror_rvq,4,2,0.4906952679157257,"[0.9224780797958374, 0.6243525743484497]","[4, 4]",2781,21.7265625,0,64,1.5746719554954325e-06,2.7935936941503314e-07,f8140890d16b19b50b67b87713989cb1844be51973f8d408d18e1e6e570f6eff,experiments/mirror_applications/ma-482-residual-vq-mirror/artifacts/payloads/48210_0_mirror_rvq_K4_R2.pt
48210,0,dense,4,4,0.0,[],[],9833,76.8203125,0,0,4.372030844024266e-07,1.4359386568685295e-08,60a9ac90f4a51d95666090b6f5e166d465b978da62c4310bcd3b466eb85e373c,experiments/mirror_applications/ma-482-residual-vq-mirror/artifacts/payloads/48210_0_dense_K4_R4.pt
48210,0,native_rvq,4,4,0.32526344060897827,"[0.8263567090034485, 0.502288818359375, 0.45041900873184204, 0.3842953145503998]","[4, 4, 4, 4]",3429,26.7890625,256,128,3.1952735071172356e-06,3.9679690644334187e-07,a5de63ffa2f8404d5910cfc9a17badfd72e8144820442461b17527bf669b6fba,experiments/mirror_applications/ma-482-residual-vq-mirror/artifacts/payloads/48210_0_native_rvq_K4_R4.pt
48210,0,generic_coeff_rvq,4,4,0.43958672881126404,"[0.8963372707366943, 0.5850390791893005, 0.4810123145580292, 0.4501616358757019]","[4, 4, 4, 4]",3353,26.1953125,0,128,2.2191328525877907e-06,4.844258114644617e-07,7d231fd6f213e7736800a45461cb6a774b04f39f6e23ca7236070d1089a1f4b5,experiments/mirror_applications/ma-482-residual-vq-mirror/artifacts/payloads/48210_0_generic_coeff_rvq_K4_R4.pt
48210,0,mirror_rvq,4,4,0.43958672881126404,"[0.8963372707366943, 0.5850390791893005, 0.4810123145580292, 0.4501616358757019]","[4, 4, 4, 4]",3037,23.7265625,0,128,1.7964061953534838e-06,5.113007546242443e-07,d4b9bcb0f3ee54c099d6a9f011c3c8141353b1c1e89a9c0b5d3500fccc67d5c5,experiments/mirror_applications/ma-482-residual-vq-mirror/artifacts/payloads/48210_0_mirror_rvq_K4_R4.pt
48210,0,dense,8,1,0.0,[],[],9833,76.8203125,0,0,4.640468205252546e-07,1.4078182175580878e-08,60a9ac90f4a51d95666090b6f5e166d465b978da62c4310bcd3b466eb85e373c,experiments/mirror_applications/ma-482-residual-vq-mirror/artifacts/payloads/48210_0_dense_K8_R1.pt
48210,0,native_rvq,8,1,0.5256679654121399,[1.0],[8],2533,19.7890625,128,32,2.0995859131289762e-06,1.2041402897011722e-07,932b50c2e59cd0f485758a898937152e843255e5bd775bc01a0c6c77bd7d903f,experiments/mirror_applications/ma-482-residual-vq-mirror/artifacts/payloads/48210_0_native_rvq_K8_R1.pt
48210,0,generic_coeff_rvq,8,1,0.5385144948959351,[1.0],[8],2969,23.1953125,0,32,2.0573359051923035e-06,2.1250394866001443e-07,ca2584fece2efef26f3b390883c008b08f9d69b02a57b07b988f56b04b177258,experiments/mirror_applications/ma-482-residual-vq-mirror/artifacts/payloads/48210_0_generic_coeff_rvq_K8_R1.pt
48210,0,mirror_rvq,8,1,0.5385144948959351,[1.0],[8],2653,20.7265625,0,32,1.36381254378648e-06,1.6351953036064515e-07,4b5bcab97371c5a731110f53bfb626f2136cdb32f8bb9307f6c999075ba56776,experiments/mirror_applications/ma-482-residual-vq-mirror/artifacts/payloads/48210_0_mirror_rvq_K8_R1.pt
48210,0,dense,8,2,0.0,[],[],9833,76.8203125,0,0,4.282890131435124e-07,1.4046861451788573e-08,60a9ac90f4a51d95666090b6f5e166d465b978da62c4310bcd3b466eb85e373c,experiments/mirror_applications/ma-482-residual-vq-mirror/artifacts/payloads/48210_0_dense_K8_R2.pt
48210,0,native_rvq,8,2,0.3659394085407257,"[0.9199095964431763, 0.5267336368560791]","[8, 8]",3173,24.7890625,256,64,2.5862422035061172e-06,2.1609764644381357e-07,94fa31efa248e1ad3f079f42dfd7e7ed6c4fb19650ac9a9300da98c8d9f08ab0,experiments/mirror_applications/ma-482-residual-vq-mirror/artifacts/payloads/48210_0_native_rvq_K8_R2.pt
48210,0,generic_coeff_rvq,8,2,0.3350732922554016,"[0.9067944884300232, 0.5385144948959351]","[8, 8]",3097,24.1953125,0,64,2.1250937152217375e-06,2.6981251721736044e-07,78d836831342fbc75c261049b9be989a548403fc9228eba4f7a0fa07294d5827,experiments/mirror_applications/ma-482-residual-vq-mirror/artifacts/payloads/48210_0_generic_coeff_rvq_K8_R2.pt
48210,0,mirror_rvq,8,2,0.3350732922554016,"[0.9067944884300232, 0.5385144948959351]","[8, 8]",2781,21.7265625,0,64,1.3753124221693724e-06,2.7658199996949406e-07,a7f49319bd92d1d584d45188658e28b7c9b3aeccade168e4481361444ec33a9c,experiments/mirror_applications/ma-482-residual-vq-mirror/artifacts/payloads/48210_0_mirror_rvq_K8_R2.pt
48210,0,dense,8,4,0.0,[],[],9833,76.8203125,0,0,4.792968866240699e-07,1.4238253243092913e-08,60a9ac90f4a51d95666090b6f5e166d465b978da62c4310bcd3b466eb85e373c,experiments/mirror_applications/ma-482-residual-vq-mirror/artifacts/payloads/48210_0_dense_K8_R4.pt
48210,0,native_rvq,8,4,0.2326042652130127,"[0.8727250099182129, 0.43904346227645874, 0.3354372978210449, 0.28998813033103943]","[8, 8, 8, 8]",4453,34.7890625,512,128,3.512374973979604e-06,3.986367005381908e-07,3dc9b84aa85ea9b77856cc97292719c10aa18ab8013b37f026c6a5ed3288d1c5,experiments/mirror_applications/ma-482-residual-vq-mirror/artifacts/payloads/48210_0_native_rvq_K8_R4.pt
48210,0,generic_coeff_rvq,8,4,0.23798339068889618,"[0.8755788207054138, 0.48410728573799133, 0.3180123269557953, 0.2603428065776825]","[8, 8, 8, 8]",3353,26.1953125,0,128,2.231578150713176e-06,4.987031729797309e-07,a31ee10273183fbdc9eba1df2f8a4ccaa5f92c009c4b3fdb8e9e309474d1a749,experiments/mirror_applications/ma-482-residual-vq-mirror/artifacts/payloads/48210_0_generic_coeff_rvq_K8_R4.pt
48210,0,mirror_rvq,8,4,0.23798339068889618,"[0.8755788207054138, 0.48410728573799133, 0.3180123269557953, 0.2603428065776825]","[8, 8, 8, 8]",3037,23.7265625,0,128,1.4090312561165774e-06,4.99960947308864e-07,d65b92c498866ec984488105cad03c45b9afc17aa0a3532d47ead5607382809b,experiments/mirror_applications/ma-482-residual-vq-mirror/artifacts/payloads/48210_0_mirror_rvq_K8_R4.pt
48210,0,dense,16,1,0.0,[],[],9833,76.8203125,0,0,4.311015118219075e-07,1.4085912880545948e-08,60a9ac90f4a51d95666090b6f5e166d465b978da62c4310bcd3b466eb85e373c,experiments/mirror_applications/ma-482-residual-vq-mirror/artifacts/payloads/48210_0_dense_K16_R1.pt
48210,0,native_rvq,16,1,0.4507807493209839,[1.0],[16],3045,23.7890625,256,32,1.904062401081319e-06,1.1262500265729614e-07,88d573335325881e4df6fa499f203149aaf1e2a709a4b0a3d172667497aea640,experiments/mirror_applications/ma-482-residual-vq-mirror/artifacts/payloads/48210_0_native_rvq_K16_R1.pt
48210,0,generic_coeff_rvq,16,1,0.5063585042953491,[1.0],[16],3033,23.6953125,0,32,2.1409687178675085e-06,2.139140633516945e-07,d80e948edf93135d293758b4bec061823038716415e86709f16147fdf3e641ab,experiments/mirror_applications/ma-482-residual-vq-mirror/artifacts/payloads/48210_0_generic_coeff_rvq_K16_R1.pt
48210,0,mirror_rvq,16,1,0.5063585042953491,[1.0],[16],2653,20.7265625,0,32,1.3477734910338768e-06,1.630898509574763e-07,7d6eb508e64d354b00fbd3f09187880a2c5eaf35e2d94f2b034cbcff4df0a690,experiments/mirror_applications/ma-482-residual-vq-mirror/artifacts/payloads/48210_0_mirror_rvq_K16_R1.pt
48210,0,dense,16,2,0.0,[],[],9833,76.8203125,0,0,4.214844011585228e-07,1.4085912880545948e-08,60a9ac90f4a51d95666090b6f5e166d465b978da62c4310bcd3b466eb85e373c,experiments/mirror_applications/ma-482-residual-vq-mirror/artifacts/payloads/48210_0_dense_K16_R2.pt
48210,0,native_rvq,16,2,0.3081097900867462,"[0.955126941204071, 0.44528886675834656]","[16, 16]",4197,32.7890625,512,64,2.4501796360709704e-06,2.0741407524837996e-07,250cb9f230d2c7654b3e67f8bbb710db269fd7d88eff6604a70c69d0c584948e,experiments/mirror_applications/ma-482-residual-vq-mirror/artifacts/payloads/48210_0_native_rvq_K16_R2.pt
48210,0,generic_coeff_rvq,16,2,0.2656375765800476,"[0.9023106098175049, 0.5063585042953491]","[16, 16]",3161,24.6953125,0,64,2.0787734911209554e-06,3.7931255292278365e-07,b17653454a9155e7f43d6bbc90ea1419c1040e3e13bf56a70cd76abd637fab8e,experiments/mirror_applications/ma-482-residual-vq-mirror/artifacts/payloads/48210_0_generic_coeff_rvq_K16_R2.pt
48210,0,mirror_rvq,16,2,0.2656375765800476,"[0.9023106098175049, 0.5063585042953491]","[16, 16]",2781,21.7265625,0,64,1.5182578181338613e-06,2.840937440851121e-07,b1e1108cdd7c969d12ed2783e7f071d21316f3f3aa43f5d5983946a963d1b1c5,experiments/mirror_applications/ma-482-residual-vq-mirror/artifacts/payloads/48210_0_mirror_rvq_K16_R2.pt
48210,0,dense,16,4,0.0,[],[],9833,76.8203125,0,0,5.048827915743459e-07,1.4007810023031197e-08,60a9ac90f4a51d95666090b6f5e166d465b978da62c4310bcd3b466eb85e373c,experiments/mirror_applications/ma-482-residual-vq-mirror/artifacts/payloads/48210_0_dense_K16_R4.pt
48210,0,native_rvq,16,4,0.1844799518585205,"[0.918303906917572, 0.36921387910842896, 0.2803042232990265, 0.235012948513031]","[16, 16, 16, 16]",6501,50.7890625,1024,128,3.0534140478266636e-06,2.761874497991812e-07,bba7d6d96417f20250e7a3af0c7f38b22c0d5e12ebd587f47006e65aa463c90a,experiments/mirror_applications/ma-482-residual-vq-mirror/artifacts/payloads/48210_0_native_rvq_K16_R4.pt
48210,0,generic_coeff_rvq,16,4,0.11180799454450607,"[0.869541347026825, 0.4453499913215637, 0.24281777441501617, 0.15525422990322113]","[16, 16, 16, 16]",3417,26.6953125,0,128,2.145359417227155e-06,4.916640818919404e-07,7e9aae8895f63fbede67d9a6e472cf0bca1855eeb62ec28e4807ead65a47231f,experiments/mirror_applications/ma-482-residual-vq-mirror/artifacts/payloads/48210_0_generic_coeff_rvq_K16_R4.pt
48210,0,mirror_rvq,16,4,0.11180799454450607,"[0.869541347026825, 0.4453499913215637, 0.24281777441501617, 0.15525422990322113]","[16, 16, 16, 16]",3037,23.7265625,0,128,1.6015859500839724e-06,5.085234420221241e-07,dc4f82586dade35bc9e239009cbef8c0496c8325f6de3d33c476bc7df6d78309,experiments/mirror_applications/ma-482-residual-vq-mirror/artifacts/payloads/48210_0_mirror_rvq_K16_R4.pt
48210,0,dense,32,1,0.0,[],[],9833,76.8203125,0,0,5.011249868402956e-07,1.4042939255887177e-08,60a9ac90f4a51d95666090b6f5e166d465b978da62c4310bcd3b466eb85e373c,experiments/mirror_applications/ma-482-residual-vq-mirror/artifacts/payloads/48210_0_dense_K32_R1.pt
48210,0,native_rvq,32,1,0.37962377071380615,[1.0],[30],4069,31.7890625,512,32,1.8974844806507463e-06,1.1196095783816418e-07,3da79a3687d9dbc8c512d57a0e196b89fa85bb667ef1085e5c645a3bc52e0d88,experiments/mirror_applications/ma-482-residual-vq-mirror/artifacts/payloads/48210_0_native_rvq_K32_R1.pt
48210,0,generic_coeff_rvq,32,1,0.4996790587902069,[1.0],[31],3161,24.6953125,0,32,2.114453195645183e-06,2.1257812932162778e-07,429f675ca009cc86d2898ca721e1c14d21d6a04d52d099a8f2acff62ebaf22c0,experiments/mirror_applications/ma-482-residual-vq-mirror/artifacts/payloads/48210_0_generic_coeff_rvq_K32_R1.pt
48210,0,mirror_rvq,32,1,0.4996790587902069,[1.0],[31],2653,20.7265625,0,32,1.5339062429120531e-06,1.6270308833554736e-07,6ceb88e85cb805fb8351df18dbe31b5c1c2689ed47d6d42af8bb6da94eff2c7c,experiments/mirror_applications/ma-482-residual-vq-mirror/artifacts/payloads/48210_0_mirror_rvq_K32_R1.pt
48210,0,dense,32,2,0.0,[],[],9833,76.8203125,0,0,4.30875047641166e-07,1.4164015738060698e-08,60a9ac90f4a51d95666090b6f5e166d465b978da62c4310bcd3b466eb85e373c,experiments/mirror_applications/ma-482-residual-vq-mirror/artifacts/payloads/48210_0_dense_K32_R2.pt
48210,0,native_rvq,32,2,0.24157966673374176,"[0.968371570110321, 0.36788907647132874]","[31, 31]",6245,48.7890625,1024,64,2.630218773447268e-06,2.121875013472163e-07,fc9fd317157d395cefdde00b9c29f49dfc322e7a1c73cc6ee61ff928b501d4e6,experiments/mirror_applications/ma-482-residual-vq-mirror/artifacts/payloads/48210_0_native_rvq_K32_R2.pt
48210,0,generic_coeff_rvq,32,2,0.24893823266029358,"[0.9012719392776489, 0.4996790587902069]","[31, 31]",3289,25.6953125,0,64,2.1083516230646637e-06,3.7805858710271423e-07,92dfaca7bb60b2ce5a77c4c1db46b3e887f187d3b1e5ad86758ff719f65d84d5,experiments/mirror_applications/ma-482-residual-vq-mirror/artifacts/payloads/48210_0_generic_coeff_rvq_K32_R2.pt
48210,0,mirror_rvq,32,2,0.24893823266029358,"[0.9012719392776489, 0.4996790587902069]","[31, 31]",2781,21.7265625,0,64,1.3562969343183795e-06,2.759570065791195e-07,d32fbd6ee598f3f19d1258cd60f440d2a084226a42471079b4a75bdf1f2710d4,experiments/mirror_applications/ma-482-residual-vq-mirror/artifacts/payloads/48210_0_mirror_rvq_K32_R2.pt
48210,0,dense,32,4,0.0,[],[],9833,76.8203125,0,0,4.412812586451764e-07,1.4081990684644552e-08,60a9ac90f4a51d95666090b6f5e166d465b978da62c4310bcd3b466eb85e373c,experiments/mirror_applications/ma-482-residual-vq-mirror/artifacts/payloads/48210_0_dense_K32_R4.pt
48210,0,native_rvq,32,4,0.12545140087604523,"[0.9465523958206177, 0.3018968105316162, 0.20813758671283722, 0.17290173470973969]","[31, 31, 31, 32]",10597,82.7890625,2048,128,4.05207811127184e-06,3.9930074535732274e-07,d6a6e1f1c5f9bc390af10905bd37839fce3f15f3e13cdc86b3fd26ec2633fb17,experiments/mirror_applications/ma-482-residual-vq-mirror/artifacts/payloads/48210_0_native_rvq_K32_R4.pt
48210,0,generic_coeff_rvq,32,4,0.05776479095220566,"[0.8681346774101257, 0.4370877146720886, 0.22415494918823242, 0.12272558361291885]","[31, 31, 32, 31]",3545,27.6953125,0,128,2.197078174503986e-06,4.958516228725784e-07,4e48430306b418c96110df90efb6c34a9cc7e31a7de6d8ec22967a6062de752a,experiments/mirror_applications/ma-482-residual-vq-mirror/artifacts/payloads/48210_0_generic_coeff_rvq_K32_R4.pt
48210,0,mirror_rvq,32,4,0.05776479095220566,"[0.8681346774101257, 0.4370877146720886, 0.22415494918823242, 0.12272558361291885]","[31, 31, 32, 31]",3037,23.7265625,0,128,1.5361796386059723e-06,5.121210620018246e-07,3ba2ad6f3184cc1bdf37ea8c2fc1b78822b104c2423bd700cca9ddcab3b6e106,experiments/mirror_applications/ma-482-residual-vq-mirror/artifacts/payloads/48210_0_mirror_rvq_K32_R4.pt
48210,1,dense,4,1,0.0,[],[],9833,76.8203125,0,0,5.16382783644076e-07,1.4710963114339393e-08,5424adbcc7b482bdbc3887a5f2d9e482daa524f5e6a5d53a65bada4417880839,experiments/mirror_applications/ma-482-residual-vq-mirror/artifacts/payloads/48210_1_dense_K4_R1.pt
48210,1,native_rvq,4,1,0.631442129611969,[1.0],[4],2277,17.7890625,64,32,1.6320936992997304e-06,7.921875067040673e-08,39d736c6a5a18e3a987cb0df9e02db33caf69c688fe98de23706010c285a0106,experiments/mirror_applications/ma-482-residual-vq-mirror/artifacts/payloads/48210_1_native_rvq_K4_R1.pt
48210,1,generic_coeff_rvq,4,1,0.6228746175765991,[1.0],[4],2969,23.1953125,0,32,2.25998439873365e-06,1.5526944707744406e-07,9ca27ca7a4f884e626d59312aaffa4cf85294131f92b2107baf96d5ed7ee776d,experiments/mirror_applications/ma-482-residual-vq-mirror/artifacts/payloads/48210_1_generic_coeff_rvq_K4_R1.pt
48210,1,mirror_rvq,4,1,0.6228746175765991,[1.0],[4],2653,20.7265625,0,32,1.4595781294701737e-06,1.627421966077236e-07,3664ca2db099387cc575cdfae8597e3d27ccea20ede49ecbae00d15b2021290e,experiments/mirror_applications/ma-482-residual-vq-mirror/artifacts/payloads/48210_1_mirror_rvq_K4_R1.pt
48210,1,dense,4,2,0.0,[],[],9833,76.8203125,0,0,4.529375701167737e-07,1.4085912880545948e-08,5424adbcc7b482bdbc3887a5f2d9e482daa524f5e6a5d53a65bada4417880839,experiments/mirror_applications/ma-482-residual-vq-mirror/artifacts/payloads/48210_1_dense_K4_R2.pt
48210,1,native_rvq,4,2,0.4921214282512665,"[0.9221917390823364, 0.6306513547897339]","[4, 4]",2661,20.7890625,128,64,2.6533672325967927e-06,1.4509765833281563e-07,1f9b5891aae984abeef9eb00e224977693fa0a1d1f9cc553a4c8e602089a53e5,experiments/mirror_applications/ma-482-residual-vq-mirror/artifacts/payloads/48210_1_native_rvq_K4_R2.pt
48210,1,generic_coeff_rvq,4,2,0.48672786355018616,"[0.9213746190071106, 0.6228746175765991]","[4, 4]",3097,24.1953125,0,64,1.8164296307077166e-06,2.633593680911872e-07,dd5ecfe143de42b5e7395528e409383393c8b2515719d5967a75ed6bef992853,experiments/mirror_applications/ma-482-residual-vq-mirror/artifacts/payloads/48210_1_generic_coeff_rvq_K4_R2.pt
48210,1,mirror_rvq,4,2,0.48672786355018616,"[0.9213746190071106, 0.6228746175765991]","[4, 4]",2781,21.7265625,0,64,1.3374453828873811e-06,2.788124788821733e-07,a5602492d0d96f87535305ff123bb4c2077a75cd961fa92e9259a1048747e4f3,experiments/mirror_applications/ma-482-residual-vq-mirror/artifacts/payloads/48210_1_mirror_rvq_K4_R2.pt
48210,1,dense,4,4,0.0,[],[],9833,76.8203125,0,0,4.311016255087452e-07,1.3968758594273822e-08,5424adbcc7b482bdbc3887a5f2d9e482daa524f5e6a5d53a65bada4417880839,experiments/mirror_applications/ma-482-residual-vq-mirror/artifacts/payloads/48210_1_dense_K4_R4.pt
48210,1,native_rvq,4,4,0.3172217607498169,"[0.8257144689559937, 0.5037755370140076, 0.43431758880615234, 0.36973437666893005]","[4, 4, 4, 4]",3429,26.7890625,256,128,3.171476578245347e-06,2.7364848165234434e-07,ce663bf7270789c79ab7408f6891b25a52a639d038a0e907a6f11d87a13d315e,experiments/mirror_applications/ma-482-residual-vq-mirror/artifacts/payloads/48210_1_native_rvq_K4_R4.pt
48210,1,generic_coeff_rvq,4,4,0.43552255630493164,"[0.895380973815918, 0.5837368369102478, 0.476890504360199, 0.44627270102500916]","[4, 4, 4, 4]",3353,26.1953125,0,128,1.7144062667284743e-06,4.809452889276145e-07,3a2a6087ed5797a1d91c19173605c7366db42b3258f7ada4f971fe2ab225da00,experiments/mirror_applications/ma-482-residual-vq-mirror/artifacts/payloads/48210_1_generic_coeff_rvq_K4_R4.pt
48210,1,mirror_rvq,4,4,0.43552255630493164,"[0.895380973815918, 0.5837368369102478, 0.476890504360199, 0.44627270102500916]","[4, 4, 4, 4]",3037,23.7265625,0,128,1.6327264802384889e-06,5.051250013821118e-07,686a9a0b199b5c9099501c65a1a073f3042a781dcf0aef540e9d028df7348c06,experiments/mirror_applications/ma-482-residual-vq-mirror/artifacts/payloads/48210_1_mirror_rvq_K4_R4.pt
48210,1,dense,8,1,0.0,[],[],9833,76.8203125,0,0,5.123202981849317e-07,1.416412942489842e-08,5424adbcc7b482bdbc3887a5f2d9e482daa524f5e6a5d53a65bada4417880839,experiments/mirror_applications/ma-482-residual-vq-mirror/artifacts/payloads/48210_1_dense_K8_R1.pt
48210,1,native_rvq,8,1,0.543487012386322,[1.0],[8],2533,19.7890625,128,32,1.8437422113493085e-06,7.83202835918928e-08,a173f8bff5994133dace2d0835ac919b9b328a7e8ce9adee539080d677052301,experiments/mirror_applications/ma-482-residual-vq-mirror/artifacts/payloads/48210_1_native_rvq_K8_R1.pt
48210,1,generic_coeff_rvq,8,1,0.5355656743049622,[1.0],[8],2969,23.1953125,0,32,1.8307500795344822e-06,1.5741795778012602e-07,b53216408661eb4d1ccfe28a83d6e29face3d01b5e25a7c72941706f5b3d1b6d,experiments/mirror_applications/ma-482-residual-vq-mirror/artifacts/payloads/48210_1_generic_coeff_rvq_K8_R1.pt
48210,1,mirror_rvq,8,1,0.5355656743049622,[1.0],[8],2653,20.7265625,0,32,1.356148459308315e-06,1.6399218338847277e-07,8e9406b2bec82f5d935565a4cf720578f10d51c57779555208dc653d63cd17e3,experiments/mirror_applications/ma-482-residual-vq-mirror/artifacts/payloads/48210_1_mirror_rvq_K8_R1.pt
48210,1,dense,8,2,0.0,[],[],9833,76.8203125,0,0,4.2484373352635885e-07,1.4164015738060698e-08,5424adbcc7b482bdbc3887a5f2d9e482daa524f5e6a5d53a65bada4417880839,experiments/mirror_applications/ma-482-residual-vq-mirror/artifacts/payloads/48210_1_dense_K8_R2.pt
48210,1,native_rvq,8,2,0.37634703516960144,"[0.9360264539718628, 0.5443867444992065]","[8, 8]",3173,24.7890625,256,64,2.187140580645064e-06,1.462343561797752e-07,92d5b2c459e2233a5da0307c1e2f33acf6b982587a23042356929dccd3f74d25,experiments/mirror_applications/ma-482-residual-vq-mirror/artifacts/payloads/48210_1_native_rvq_K8_R2.pt
48210,1,generic_coeff_rvq,8,2,0.32794812321662903,"[0.9059357047080994, 0.5355656743049622]","[8, 8]",3097,24.1953125,0,64,1.7192578525282443e-06,2.621484327391954e-07,f1c11d708128264c147e31cde8b533506222247848d5ea56672062a0c288b05b,experiments/mirror_applications/ma-482-residual-vq-mirror/artifacts/payloads/48210_1_generic_coeff_rvq_K8_R2.pt
48210,1,mirror_rvq,8,2,0.32794812321662903,"[0.9059357047080994, 0.5355656743049622]","[8, 8]",2781,21.7265625,0,64,1.4929140661479323e-06,2.752500449787476e-07,c50e480b35cec31b79abcdb95634a688e8c07bda5db132f53f2cdd6a90069b89,experiments/mirror_applications/ma-482-residual-vq-mirror/artifacts/payloads/48210_1_mirror_rvq_K8_R2.pt
48210,1,dense,8,4,0.0,[],[],9833,76.8203125,0,0,4.264843482815195e-07,1.3999965631228406e-08,5424adbcc7b482bdbc3887a5f2d9e482daa524f5e6a5d53a65bada4417880839,experiments/mirror_applications/ma-482-residual-vq-mirror/artifacts/payloads/48210_1_dense_K8_R4.pt
48210,1,native_rvq,8,4,0.22901651263237,"[0.8617681264877319, 0.43645966053009033, 0.3260907530784607, 0.28230348229408264]","[8, 8, 8, 8]",4453,34.7890625,512,128,3.5666719213622855e-06,2.733671635724022e-07,e1bb8672f5bc498d633ff14dcb9f7395c1ee3e5ce4970e829a54d71b1b1ef791,experiments/mirror_applications/ma-482-residual-vq-mirror/artifacts/payloads/48210_1_native_rvq_K8_R4.pt
48210,1,generic_coeff_rvq,8,4,0.22754380106925964,"[0.8746117949485779, 0.48068365454673767, 0.31043940782546997, 0.25090542435646057]","[8, 8, 8, 8]",3353,26.1953125,0,128,1.9304296756672557e-06,4.945585487803328e-07,e976d64a10edcfddfc793183d1b16806355080b9663bb8d2d1af68143b1940d4,experiments/mirror_applications/ma-482-residual-vq-mirror/artifacts/payloads/48210_1_generic_coeff_rvq_K8_R4.pt
48210,1,mirror_rvq,8,4,0.22754380106925964,"[0.8746117949485779, 0.48068365454673767, 0.31043940782546997, 0.25090542435646057]","[8, 8, 8, 8]",3037,23.7265625,0,128,1.9793280898738885e-06,5.005078378417238e-07,b8b7cd00dfd4cc5a9250c922c1717ec5b343e83caea07454b952b9d940b6991d,experiments/mirror_applications/ma-482-residual-vq-mirror/artifacts/payloads/48210_1_mirror_rvq_K8_R4.pt
48210,1,dense,16,1,0.0,[],[],9833,76.8203125,0,0,4.415078365127556e-07,1.424223228241317e-08,5424adbcc7b482bdbc3887a5f2d9e482daa524f5e6a5d53a65bada4417880839,experiments/mirror_applications/ma-482-residual-vq-mirror/artifacts/payloads/48210_1_dense_K16_R1.pt
48210,1,native_rvq,16,1,0.4478532373905182,[1.0],[16],3045,23.7890625,256,32,1.6572108734180802e-06,7.976564120326657e-08,39c9bc663810b5bd5188d9b0134338f12c4546bf87dc4db2b0f5517ca8870bd6,experiments/mirror_applications/ma-482-residual-vq-mirror/artifacts/payloads/48210_1_native_rvq_K16_R1.pt
48210,1,generic_coeff_rvq,16,1,0.5056607723236084,[1.0],[16],3033,23.6953125,0,32,1.6266249076579697e-06,1.515546728114714e-07,a2111a58a7a1a3b1ad13a2d3f523f8757cb9fc413090d1e6cd73ef2d850a7540,experiments/mirror_applications/ma-482-residual-vq-mirror/artifacts/payloads/48210_1_generic_coeff_rvq_K16_R1.pt
48210,1,mirror_rvq,16,1,0.5056607723236084,[1.0],[16],2653,20.7265625,0,32,1.5803827864147024e-06,1.6164057115020114e-07,645a08578d1c73004338ec78ab1545cf93863e9b1f2c929497733df6b0d858f1,experiments/mirror_applications/ma-482-residual-vq-mirror/artifacts/payloads/48210_1_mirror_rvq_K16_R1.pt
48210,1,dense,16,2,0.0,[],[],9833,76.8203125,0,0,5.236640845396323e-07,1.4160150385578163e-08,5424adbcc7b482bdbc3887a5f2d9e482daa524f5e6a5d53a65bada4417880839,experiments/mirror_applications/ma-482-residual-vq-mirror/artifacts/payloads/48210_1_dense_K16_R2.pt
48210,1,native_rvq,16,2,0.32196348905563354,"[0.9687312245368958, 0.4508049786090851]","[16, 16]",4197,32.7890625,512,64,2.266624960611807e-06,1.4720706076332135e-07,be9dbb9dc0440ce25ba4f035349cab61d603b1ca4d0a24a76300c88b1711d2db,experiments/mirror_applications/ma-482-residual-vq-mirror/artifacts/payloads/48210_1_native_rvq_K16_R2.pt
48210,1,generic_coeff_rvq,16,2,0.26396644115448,"[0.9022114872932434, 0.5056607723236084]","[16, 16]",3161,24.6953125,0,64,1.873781343419978e-06,2.6371088779342244e-07,cab88bd9230af63c893e0274e2dd4b8e5624520bdbc39bcfa2c188dc59a09190,experiments/mirror_applications/ma-482-residual-vq-mirror/artifacts/payloads/48210_1_generic_coeff_rvq_K16_R2.pt
48210,1,mirror_rvq,16,2,0.26396644115448,"[0.9022114872932434, 0.5056607723236084]","[16, 16]",2781,21.7265625,0,64,1.3585703300122987e-06,2.7489841158967465e-07,4cecd50df4b0627d149f2ccbffb972fb3acc1ab95d9db3565e9c15ae418baeab,experiments/mirror_applications/ma-482-residual-vq-mirror/artifacts/payloads/48210_1_mirror_rvq_K16_R2.pt
48210,1,dense,16,4,0.0,[],[],9833,76.8203125,0,0,4.3071099753433373e-07,1.4081990684644552e-08,5424adbcc7b482bdbc3887a5f2d9e482daa524f5e6a5d53a65bada4417880839,experiments/mirror_applications/ma-482-residual-vq-mirror/artifacts/payloads/48210_1_dense_K16_R4.pt
48210,1,native_rvq,16,4,0.18113166093826294,"[0.9234123229980469, 0.3615284562110901, 0.2735314965248108, 0.23668770492076874]","[16, 16, 16, 16]",6501,50.7890625,1024,128,3.250664121878799e-06,2.737265845098591e-07,1064b557bf9ac8502e0e55df62c2ee162f9efdd8587919635395f02997f56f16,experiments/mirror_applications/ma-482-residual-vq-mirror/artifacts/payloads/48210_1_native_rvq_K16_R4.pt
48210,1,generic_coeff_rvq,16,4,0.10768971592187881,"[0.8694275617599487, 0.4445352852344513, 0.24095582962036133, 0.15236683189868927]","[16, 16, 16, 16]",3417,26.6953125,0,128,1.7277811821259093e-06,4.966718734067399e-07,eee990f14cec08b61c251251f46b169ac458d2b6f5bf95e9838837aeed9bf69b,experiments/mirror_applications/ma-482-residual-vq-mirror/artifacts/payloads/48210_1_generic_coeff_rvq_K16_R4.pt
48210,1,mirror_rvq,16,4,0.10768971592187881,"[0.8694275617599487, 0.4445352852344513, 0.24095582962036133, 0.15236683189868927]","[16, 16, 16, 16]",3037,23.7265625,0,128,1.582023401169863e-06,5.085273642180255e-07,bfde2c3076bd661cfdcf79f4429b0f6ab8698c97a5652e2ddb9fc2309039045f,experiments/mirror_applications/ma-482-residual-vq-mirror/artifacts/payloads/48210_1_mirror_rvq_K16_R4.pt
48210,1,dense,32,1,0.0,[],[],9833,76.8203125,0,0,4.2210933770547854e-07,1.432033513992792e-08,5424adbcc7b482bdbc3887a5f2d9e482daa524f5e6a5d53a65bada4417880839,experiments/mirror_applications/ma-482-residual-vq-mirror/artifacts/payloads/48210_1_dense_K32_R1.pt
48210,1,native_rvq,32,1,0.3712988793849945,[1.0],[31],4069,31.7890625,512,32,1.8383359474682948e-06,7.957424941196223e-08,bb060b413ca02530ca8005c267694134505329271e3ff1cc209d44f95b1a294d,experiments/mirror_applications/ma-482-residual-vq-mirror/artifacts/payloads/48210_1_native_rvq_K32_R1.pt
48210,1,generic_coeff_rvq,32,1,0.49953898787498474,[1.0],[30],3161,24.6953125,0,32,1.7776327467800002e-06,1.5491411886614515e-07,3ecfe8516a63aebc6c8241f9434923b8abb20ca78b015bfeef30d79e2f42f4e0,experiments/mirror_applications/ma-482-residual-vq-mirror/artifacts/payloads/48210_1_generic_coeff_rvq_K32_R1.pt
48210,1,mirror_rvq,32,1,0.49953898787498474,[1.0],[30],2653,20.7265625,0,32,1.6159765436896123e-06,1.6520704093636596e-07,25f082cfb803e711763b0d003f0cefd0c8aecc88e44500ac4ce51aa55a96b986,experiments/mirror_applications/ma-482-residual-vq-mirror/artifacts/payloads/48210_1_mirror_rvq_K32_R1.pt
48210,1,dense,32,2,0.0,[],[],9833,76.8203125,0,0,4.585702981785289e-07,1.4234331047191517e-08,5424adbcc7b482bdbc3887a5f2d9e482daa524f5e6a5d53a65bada4417880839,experiments/mirror_applications/ma-482-residual-vq-mirror/artifacts/payloads/48210_1_dense_K32_R2.pt
48210,1,native_rvq,32,2,0.2421775907278061,"[0.9667331576347351, 0.3684978783130646]","[32, 31]",6245,48.7890625,1024,64,2.5390625069121597e-06,1.446289275008894e-07,71d48294100f10b551822845487ce9cc0e417f8659064828f6f19e23cc3082ff,experiments/mirror_applications/ma-482-residual-vq-mirror/artifacts/payloads/48210_1_native_rvq_K32_R2.pt
48210,1,generic_coeff_rvq,32,2,0.24861665070056915,"[0.9012608528137207, 0.49953898787498474]","[30, 32]",3289,25.6953125,0,64,1.8373281136518926e-06,2.6554693022262654e-07,bf7d096989014cb50218bdc611d6793ed4869653819165616b92ca720defc03f,experiments/mirror_applications/ma-482-residual-vq-mirror/artifacts/payloads/48210_1_generic_coeff_rvq_K32_R2.pt
48210,1,mirror_rvq,32,2,0.24861665070056915,"[0.9012608528137207, 0.49953898787498474]","[30, 32]",2781,21.7265625,0,64,1.6586952824582113e-06,2.795507612063375e-07,235fd55f97bfad76e6e3ad1ba00ab7bfa9e3b77a0c0ee106686b66a24dd03d61,experiments/mirror_applications/ma-482-residual-vq-mirror/artifacts/payloads/48210_1_mirror_rvq_K32_R2.pt
48210,1,dense,32,4,0.0,[],[],9833,76.8203125,0,0,4.3846091557497857e-07,1.4082047528063413e-08,5424adbcc7b482bdbc3887a5f2d9e482daa524f5e6a5d53a65bada4417880839,experiments/mirror_applications/ma-482-residual-vq-mirror/artifacts/payloads/48210_1_dense_K32_R4.pt
48210,1,native_rvq,32,4,0.1311430186033249,"[0.9461727142333984, 0.30402934551239014, 0.21591685712337494, 0.1767018884420395]","[30, 30, 31, 32]",10597,82.7890625,2048,128,3.6909218579239678e-06,2.7564448146222276e-07,f50df839e0f36ab7bae042a7e3bd9aa8de5e4f4b00cb379f65c41868b7652455,experiments/mirror_applications/ma-482-residual-vq-mirror/artifacts/payloads/48210_1_native_rvq_K32_R4.pt
48210,1,generic_coeff_rvq,32,4,0.056341271847486496,"[0.8681216239929199, 0.4369248151779175, 0.22380410134792328, 0.12205040454864502]","[30, 32, 32, 32]",3545,27.6953125,0,128,1.759554606906022e-06,4.846250476475689e-07,19cc59293efb93a33790b5d9b24b1fb3fe8aa93c46c52c0c5a487b333d96a83e,experiments/mirror_applications/ma-482-residual-vq-mirror/artifacts/payloads/48210_1_generic_coeff_rvq_K32_R4.pt
48210,1,mirror_rvq,32,4,0.056341271847486496,"[0.8681216239929199, 0.4369248151779175, 0.22380410134792328, 0.12205040454864502]","[30, 32, 32, 32]",3037,23.7265625,0,128,1.4192812614055583e-06,5.038710924054612e-07,facd7f566967d03451b81cc3edbd76cd86ba74a1b98e890f5e0969c29b40c4ff,experiments/mirror_applications/ma-482-residual-vq-mirror/artifacts/payloads/48210_1_mirror_rvq_K32_R4.pt
48210,2,dense,4,1,0.0,[],[],9833,76.8203125,0,0,4.638906148102251e-07,1.4277361515269149e-08,be6e625b7410615b9ad973f4bf58a5c97a1b1b8a958dbbffc74b81135c138105,experiments/mirror_applications/ma-482-residual-vq-mirror/artifacts/payloads/48210_2_dense_K4_R1.pt
48210,2,native_rvq,4,1,0.621163547039032,[1.0],[4],2277,17.7890625,64,32,1.7004063010972459e-06,7.937495638543623e-08,cb25a11133de2770f6cd5b2960c1120695071c6e0804b3f6712bb2e0659a20b2,experiments/mirror_applications/ma-482-residual-vq-mirror/artifacts/payloads/48210_2_native_rvq_K4_R1.pt
48210,2,generic_coeff_rvq,4,1,0.6358166933059692,[1.0],[4],2969,23.1953125,0,32,1.7092422694986453e-06,1.560898681418621e-07,bf70e90b7d339fc1c657fc3ac87dc8e6f4b54db7079524b9368d17546b0025cd,experiments/mirror_applications/ma-482-residual-vq-mirror/artifacts/payloads/48210_2_generic_coeff_rvq_K4_R1.pt
48210,2,mirror_rvq,4,1,0.6358166933059692,[1.0],[4],2653,20.7265625,0,32,1.328843723058526e-06,1.6203517816393287e-07,e1bd3cf62c68f1d022667ecb1c53f352f530bf62e58a75b954c6c8018c329c32,experiments/mirror_applications/ma-482-residual-vq-mirror/artifacts/payloads/48210_2_mirror_rvq_K4_R1.pt
48210,2,dense,4,2,0.0,[],[],9833,76.8203125,0,0,4.1256248550780583e-07,1.4164015738060698e-08,be6e625b7410615b9ad973f4bf58a5c97a1b1b8a958dbbffc74b81135c138105,experiments/mirror_applications/ma-482-residual-vq-mirror/artifacts/payloads/48210_2_dense_K4_R2.pt
48210,2,native_rvq,4,2,0.4937329590320587,"[0.9265949726104736, 0.621760368347168]","[4, 4]",2661,20.7890625,128,64,2.098648451465124e-06,1.4494531797026866e-07,fcae2e8152e1199a4792cd728870d782dae6fa7debf136377bcac24130e4e4be,experiments/mirror_applications/ma-482-residual-vq-mirror/artifacts/payloads/48210_2_native_rvq_K4_R2.pt
48210,2,generic_coeff_rvq,4,2,0.5027799010276794,"[0.9211540222167969, 0.6358166933059692]","[4, 4]",3097,24.1953125,0,64,1.661757892179594e-06,2.6738672431747545e-07,5d2ac15c28c41a209042287cc81f5e8114b1167cf156e084492ad5ca8854c89e,experiments/mirror_applications/ma-482-residual-vq-mirror/artifacts/payloads/48210_2_generic_coeff_rvq_K4_R2.pt
48210,2,mirror_rvq,4,2,0.5027799010276794,"[0.9211540222167969, 0.6358166933059692]","[4, 4]",2781,21.7265625,0,64,1.460523435525829e-06,2.7763280741055496e-07,bf1b70c35d23a2f799792e0a5d884e042f34ab78cedc4f0c3ffd0b69d4823424,experiments/mirror_applications/ma-482-residual-vq-mirror/artifacts/payloads/48210_2_mirror_rvq_K4_R2.pt
48210,2,dense,4,4,0.0,[],[],9833,76.8203125,0,0,4.3510158320714254e-07,1.4124964309303323e-08,be6e625b7410615b9ad973f4bf58a5c97a1b1b8a958dbbffc74b81135c138105,experiments/mirror_applications/ma-482-residual-vq-mirror/artifacts/payloads/48210_2_dense_K4_R4.pt
48210,2,native_rvq,4,4,0.325597882270813,"[0.8237131834030151, 0.5073443651199341, 0.4582652449607849, 0.379919171333313]","[4, 4, 4, 4]",3429,26.7890625,256,128,2.951234364445554e-06,2.7380076517147245e-07,57f2e58d30efdaf06e6f61f8b39fca4522b5d2acca5553ca36b7dbd331c21fa0,experiments/mirror_applications/ma-482-residual-vq-mirror/artifacts/payloads/48210_2_native_rvq_K4_R4.pt
48210,2,generic_coeff_rvq,4,4,0.4534687101840973,"[0.8951932787895203, 0.5975860357284546, 0.49331963062286377, 0.4637426733970642]","[4, 4, 4, 4]",3353,26.1953125,0,128,1.7513359580334509e-06,4.848203047913557e-07,83b3042258864017290590c25159ea77d0089d0aa5be0f45e543324e1efbb328,experiments/mirror_applications/ma-482-residual-vq-mirror/artifacts/payloads/48210_2_generic_coeff_rvq_K4_R4.pt
48210,2,mirror_rvq,4,4,0.4534687101840973,"[0.8951932787895203, 0.5975860357284546, 0.49331963062286377, 0.4637426733970642]","[4, 4, 4, 4]",3037,23.7265625,0,128,1.5662187706766417e-06,5.043398800808063e-07,6ce93e1972ace6943e9952bcccfe533e362d59e80f472df871ad84ca3268f31f,experiments/mirror_applications/ma-482-residual-vq-mirror/artifacts/payloads/48210_2_mirror_rvq_K4_R4.pt
48210,2,dense,8,1,0.0,[],[],9833,76.8203125,0,0,4.1710154619067907e-07,1.4242118595575448e-08,be6e625b7410615b9ad973f4bf58a5c97a1b1b8a958dbbffc74b81135c138105,experiments/mirror_applications/ma-482-residual-vq-mirror/artifacts/payloads/48210_2_dense_K8_R1.pt
48210,2,native_rvq,8,1,0.540998101234436,[1.0],[8],2533,19.7890625,128,32,1.6875702613106114e-06,7.875001983848051e-08,0984249f0b72932fbe6dc0deacf812f2450a00d5e29f0f002663a9262659af03,experiments/mirror_applications/ma-482-residual-vq-mirror/artifacts/payloads/48210_2_native_rvq_K8_R1.pt
48210,2,generic_coeff_rvq,8,1,0.5300256609916687,[1.0],[8],2969,23.1953125,0,32,1.6622266230115201e-06,1.5311718470911728e-07,415da46fef4b8bf1979b10de2a265adec4c7072b36472b93f040ec9979fe9efb,experiments/mirror_applications/ma-482-residual-vq-mirror/artifacts/payloads/48210_2_generic_coeff_rvq_K8_R1.pt
48210,2,mirror_rvq,8,1,0.5300256609916687,[1.0],[8],2653,20.7265625,0,32,1.4483905488305027e-06,1.6266017155430745e-07,62a2f80a98e87dc263cdd04a9e5a51b716ea728b4d9e135bfc92e03b4490dc95,experiments/mirror_applications/ma-482-residual-vq-mirror/artifacts/payloads/48210_2_mirror_rvq_K8_R1.pt
48210,2,dense,8,2,0.0,[],[],9833,76.8203125,0,0,4.1662497096695006e-07,1.3929707165516447e-08,be6e625b7410615b9ad973f4bf58a5c97a1b1b8a958dbbffc74b81135c138105,experiments/mirror_applications/ma-482-residual-vq-mirror/artifacts/payloads/48210_2_dense_K8_R2.pt
48210,2,native_rvq,8,2,0.366618275642395,"[0.9314067959785461, 0.5326815843582153]","[8, 8]",3173,24.7890625,256,64,2.2276718709690613e-06,1.4685548421766725e-07,531f5c17aff362031e1aea8616c4bb9eee51f7af002beddea94d14b21466c5ad,experiments/mirror_applications/ma-482-residual-vq-mirror/artifacts/payloads/48210_2_native_rvq_K8_R2.pt
48210,2,generic_coeff_rvq,8,2,0.32018807530403137,"[0.9064177870750427, 0.5300256609916687]","[8, 8]",3097,24.1953125,0,64,1.7931953379957122e-06,2.6277342612957e-07,c19c774d1ca4978f598310bc306d53a85657d1d3c27ec9946306790f01ea8150,experiments/mirror_applications/ma-482-residual-vq-mirror/artifacts/payloads/48210_2_generic_coeff_rvq_K8_R2.pt
48210,2,mirror_rvq,8,2,0.32018807530403137,"[0.9064177870750427, 0.5300256609916687]","[8, 8]",2781,21.7265625,0,64,1.3781327652395703e-06,2.748593601609173e-07,cd5dda8add2f4bec5097a9c8f90b3b27b80b4463e06afc7e646230a6acc8ff8b,experiments/mirror_applications/ma-482-residual-vq-mirror/artifacts/payloads/48210_2_mirror_rvq_K8_R2.pt
48210,2,dense,8,4,0.0,[],[],9833,76.8203125,0,0,4.818828074348858e-07,1.3808630683342926e-08,be6e625b7410615b9ad973f4bf58a5c97a1b1b8a958dbbffc74b81135c138105,experiments/mirror_applications/ma-482-residual-vq-mirror/artifacts/payloads/48210_2_dense_K8_R4.pt
48210,2,native_rvq,8,4,0.24022839963436127,"[0.8792796730995178, 0.4435677230358124, 0.33941417932510376, 0.29926395416259766]","[8, 8, 8, 8]",4453,34.7890625,512,128,3.1224219583236845e-06,2.707109274524555e-07,6f858a2ac84edc3f8d18d5dd0adc542baa4f93b5597f77380d3fa5187f58946e,experiments/mirror_applications/ma-482-residual-vq-mirror/artifacts/payloads/48210_2_native_rvq_K8_R4.pt
48210,2,generic_coeff_rvq,8,4,0.2164878249168396,"[0.8751798868179321, 0.4746301472187042, 0.30236729979515076, 0.2407517433166504]","[8, 8, 8, 8]",3353,26.1953125,0,128,1.7174609183712164e-06,4.824686925530841e-07,e7f685a392c1a47eda395da4446644bc704ce71e7972f0de0e3861461b52503a,experiments/mirror_applications/ma-482-residual-vq-mirror/artifacts/payloads/48210_2_generic_coeff_rvq_K8_R4.pt
48210,2,mirror_rvq,8,4,0.2164878249168396,"[0.8751798868179321, 0.4746301472187042, 0.30236729979515076, 0.2407517433166504]","[8, 8, 8, 8]",3037,23.7265625,0,128,1.4310234064396354e-06,5.12906240146549e-07,f7713174b5b2aad0892aa02fa60cc94b076508cb5ca137dfbda23dc9afee5c2e,experiments/mirror_applications/ma-482-residual-vq-mirror/artifacts/payloads/48210_2_mirror_rvq_K8_R4.pt
48210,2,dense,16,1,0.0,[],[],9833,76.8203125,0,0,4.253984116076026e-07,1.4085969723964809e-08,be6e625b7410615b9ad973f4bf58a5c97a1b1b8a958dbbffc74b81135c138105,experiments/mirror_applications/ma-482-residual-vq-mirror/artifacts/payloads/48210_2_dense_K16_R1.pt
48210,2,native_rvq,16,1,0.4514140486717224,[1.0],[16],3045,23.7890625,256,32,1.7680781638773624e-06,7.941406465761247e-08,320161ab67795120e1c477f57b5fcf00238da7569cc1cecf2991944feb90b46a,experiments/mirror_applications/ma-482-residual-vq-mirror/artifacts/payloads/48210_2_native_rvq_K16_R1.pt
48210,2,generic_coeff_rvq,16,1,0.5071647763252258,[1.0],[16],3033,23.6953125,0,32,1.7492264987595263e-06,1.574218799760274e-07,796eab833bd5aed06c5e023f9b2bd65038a44a768e811619ad7ba2b4c61c149c,experiments/mirror_applications/ma-482-residual-vq-mirror/artifacts/payloads/48210_2_generic_coeff_rvq_K16_R1.pt
48210,2,mirror_rvq,16,1,0.5071647763252258,[1.0],[16],2653,20.7265625,0,32,1.3567656651503057e-06,1.608632373972796e-07,9c7ecd66a8bd8f8fd84be48125520a4d30c1a23d9f9367b7cf8c93bd69754c57,experiments/mirror_applications/ma-482-residual-vq-mirror/artifacts/payloads/48210_2_mirror_rvq_K16_R1.pt
48210,2,dense,16,2,0.0,[],[],9833,76.8203125,0,0,4.952655672241235e-07,1.4394572644960135e-08,be6e625b7410615b9ad973f4bf58a5c97a1b1b8a958dbbffc74b81135c138105,experiments/mirror_applications/ma-482-residual-vq-mirror/artifacts/payloads/48210_2_dense_K16_R2.pt
48210,2,native_rvq,16,2,0.31422579288482666,"[0.9562050700187683, 0.4586065411567688]","[16, 16]",4197,32.7890625,512,64,2.2320468815451022e-06,1.4548834315064596e-07,501b358118e8e660c0ad575c9be92a274e47e006d01d5b1a441ff44f65ec4c75,experiments/mirror_applications/ma-482-residual-vq-mirror/artifacts/payloads/48210_2_native_rvq_K16_R2.pt
48210,2,generic_coeff_rvq,16,2,0.26681050658226013,"[0.9022037982940674, 0.5071647763252258]","[16, 16]",3161,24.6953125,0,64,1.6753672298364108e-06,2.623046384542249e-07,f635a028eb92c984df700150bfc6d388669941a3fc6d1490dbecc9e3fcc9cb02,experiments/mirror_applications/ma-482-residual-vq-mirror/artifacts/payloads/48210_2_generic_coeff_rvq_K16_R2.pt
48210,2,mirror_rvq,16,2,0.26681050658226013,"[0.9022037982940674, 0.5071647763252258]","[16, 16]",2781,21.7265625,0,64,1.4195156836649403e-06,2.775937559817976e-07,83a1f921789aa42e69f4b9891c406c8ec4d68a6af013662ec281a4c58a17a335,experiments/mirror_applications/ma-482-residual-vq-mirror/artifacts/payloads/48210_2_mirror_rvq_K16_R2.pt
48210,2,dense,16,4,0.0,[],[],9833,76.8203125,0,0,4.55984377367713e-07,1.4359386568685295e-08,be6e625b7410615b9ad973f4bf58a5c97a1b1b8a958dbbffc74b81135c138105,experiments/mirror_applications/ma-482-residual-vq-mirror/artifacts/payloads/48210_2_dense_K16_R4.pt
48210,2,native_rvq,16,4,0.19185952842235565,"[0.9235792756080627, 0.3663884401321411, 0.28372934460639954, 0.24811825156211853]","[16, 16, 16, 16]",6501,50.7890625,1024,128,2.9492812245734967e-06,2.737617137427151e-07,4fe0cf91fc6aadcb230fec157ce93e37a0505097c68297336e77127793d82f2f,experiments/mirror_applications/ma-482-residual-vq-mirror/artifacts/payloads/48210_2_native_rvq_K16_R4.pt
48210,2,generic_coeff_rvq,16,4,0.11429030448198318,"[0.8693941235542297, 0.4461956024169922, 0.2440679669380188, 0.15710172057151794]","[16, 16, 16, 16]",3417,26.6953125,0,128,1.7135467942352989e-06,4.840390488425328e-07,c3b66006b733213ef9250cbe0f8f27b5326500e67e6e90367f12b1ebba015469,experiments/mirror_applications/ma-482-residual-vq-mirror/artifacts/payloads/48210_2_generic_coeff_rvq_K16_R4.pt
48210,2,mirror_rvq,16,4,0.11429030448198318,"[0.8693941235542297, 0.4461956024169922, 0.2440679669380188, 0.15710172057151794]","[16, 16, 16, 16]",3037,23.7265625,0,128,1.5353202797996346e-06,5.056679697190702e-07,42b47b877c6c3ed07ab1aa38664f8a5f004d88c5818f4a2f4eef0d7a6549a6be,experiments/mirror_applications/ma-482-residual-vq-mirror/artifacts/payloads/48210_2_mirror_rvq_K16_R4.pt
48210,2,dense,32,1,0.0,[],[],9833,76.8203125,0,0,4.2617182316462277e-07,1.4085912880545948e-08,be6e625b7410615b9ad973f4bf58a5c97a1b1b8a958dbbffc74b81135c138105,experiments/mirror_applications/ma-482-residual-vq-mirror/artifacts/payloads/48210_2_dense_K32_R1.pt
48210,2,native_rvq,32,1,0.3770750164985657,[1.0],[30],4069,31.7890625,512,32,1.8046172272079275e-06,8.27733970254485e-08,d25513d968f11c05196dfb31543f05a18ae1bf0ff6e669c3b47cc10c3beb9e9c,experiments/mirror_applications/ma-482-residual-vq-mirror/artifacts/payloads/48210_2_native_rvq_K32_R1.pt
48210,2,generic_coeff_rvq,32,1,0.4995273947715759,[1.0],[32],3161,24.6953125,0,32,1.7242656440430437e-06,1.5307807643694105e-07,c0971234b14da2f7d70f6edc6f743a859e0489e34372b4f5300e05a4f1424783,experiments/mirror_applications/ma-482-residual-vq-mirror/artifacts/payloads/48210_2_generic_coeff_rvq_K32_R1.pt
48210,2,mirror_rvq,32,1,0.4995273947715759,[1.0],[32],2653,20.7265625,0,32,1.4199844144968665e-06,1.596483798493864e-07,22a29482a466a5788298b7de91424b6046e28e0894dce38b1aa19eb8d23957f0,experiments/mirror_applications/ma-482-residual-vq-mirror/artifacts/payloads/48210_2_mirror_rvq_K32_R1.pt
48210,2,dense,32,2,0.0,[],[],9833,76.8203125,0,0,4.246094249538146e-07,1.4203124010236934e-08,be6e625b7410615b9ad973f4bf58a5c97a1b1b8a958dbbffc74b81135c138105,experiments/mirror_applications/ma-482-residual-vq-mirror/artifacts/payloads/48210_2_dense_K32_R2.pt
48210,2,native_rvq,32,2,0.2382247895002365,"[0.9641693234443665, 0.377590149641037]","[30, 31]",6245,48.7890625,1024,64,2.451203158670978e-06,1.440390633433708e-07,d568bc70ede090357f23ebdfebe42113eb411924b4768011988575df19744ea6,experiments/mirror_applications/ma-482-residual-vq-mirror/artifacts/payloads/48210_2_native_rvq_K32_R2.pt
48210,2,generic_coeff_rvq,32,2,0.24886925518512726,"[0.9013369679450989, 0.4995273947715759]","[32, 32]",3289,25.6953125,0,64,1.6732577705624863e-06,2.657851609910722e-07,fc62e4eb0435eaa0fccf3c3e8723713f343c9c17b791601fd757698efa6b8de9,experiments/mirror_applications/ma-482-residual-vq-mirror/artifacts/payloads/48210_2_generic_coeff_rvq_K32_R2.pt
48210,2,mirror_rvq,32,2,0.24886925518512726,"[0.9013369679450989, 0.4995273947715759]","[32, 32]",2781,21.7265625,0,64,1.493062427471159e-06,2.7869134555658093e-07,03651e5c6e5fa7f8254caa6e3e2db4cd045258703afe54a7e3cac86c729353d5,experiments/mirror_applications/ma-482-residual-vq-mirror/artifacts/payloads/48210_2_mirror_rvq_K32_R2.pt
48210,2,dense,32,4,0.0,[],[],9833,76.8203125,0,0,5.138828100825776e-07,1.4124964309303323e-08,be6e625b7410615b9ad973f4bf58a5c97a1b1b8a958dbbffc74b81135c138105,experiments/mirror_applications/ma-482-residual-vq-mirror/artifacts/payloads/48210_2_dense_K32_R4.pt
48210,2,native_rvq,32,4,0.13025566935539246,"[0.9539545774459839, 0.3097112774848938, 0.20790064334869385, 0.1795487403869629]","[31, 32, 32, 32]",10597,82.7890625,2048,128,3.883554768435715e-06,2.7392184165364597e-07,fe9f42e20fcc3eb631db81e400fa5320a765c42199a87763a657f1bf525bf3e3,experiments/mirror_applications/ma-482-residual-vq-mirror/artifacts/payloads/48210_2_native_rvq_K32_R4.pt
48210,2,generic_coeff_rvq,32,4,0.057433925569057465,"[0.8681998252868652, 0.4369100034236908, 0.22407494485378265, 0.12257644534111023]","[32, 32, 32, 32]",3545,27.6953125,0,128,1.7194140582432738e-06,4.804726358997868e-07,c8a93987f991b1e215f03af43445a898780d8a006eb8c110dd3bbb58527c40d7,experiments/mirror_applications/ma-482-residual-vq-mirror/artifacts/payloads/48210_2_generic_coeff_rvq_K32_R4.pt
48210,2,mirror_rvq,32,4,0.057433925569057465,"[0.8681998252868652, 0.4369100034236908, 0.22407494485378265, 0.12257644534111023]","[32, 32, 32, 32]",3037,23.7265625,0,128,1.3926093060945277e-06,5.070781412541692e-07,a87d0fe666ae527ab408da72079b880c169dfab93eae83a0b0a8456b695d4869,experiments/mirror_applications/ma-482-residual-vq-mirror/artifacts/payloads/48210_2_mirror_rvq_K32_R4.pt
48211,0,dense,4,1,0.0,[],[],9833,76.8203125,0,0,4.597421821017633e-07,1.4085969723964809e-08,bc5d7efc972dfd21460a488126f9be205fbcc12fc4fceedd3938fba74131cc8d,experiments/mirror_applications/ma-482-residual-vq-mirror/artifacts/payloads/48211_0_dense_K4_R1.pt
48211,0,native_rvq,4,1,0.6256303787231445,[1.0],[4],2277,17.7890625,64,32,1.9933360135837574e-06,1.12937470930774e-07,399487226dd2de6c7afd2ecec0855910559d654e88e30b7662808824c688e5f0,experiments/mirror_applications/ma-482-residual-vq-mirror/artifacts/payloads/48211_0_native_rvq_K4_R1.pt
48211,0,generic_coeff_rvq,4,1,0.6255021691322327,[1.0],[4],2969,23.1953125,0,32,2.1245468815322965e-06,2.1954303974780487e-07,1018e1756028db7d71074461b7ed33a27521e140102ebebd59c1ea0f0dcf84bb,experiments/mirror_applications/ma-482-residual-vq-mirror/artifacts/payloads/48211_0_generic_coeff_rvq_K4_R1.pt
48211,0,mirror_rvq,4,1,0.6255021691322327,[1.0],[4],2653,20.7265625,0,32,1.378914134875231e-06,1.5871091818553396e-07,ef170b841e35c642b5b09387843d4ba94ba8913bf189bbc8dd77b951815b0f5a,experiments/mirror_applications/ma-482-residual-vq-mirror/artifacts/payloads/48211_0_mirror_rvq_K4_R1.pt
48211,0,dense,4,2,0.0,[],[],9833,76.8203125,0,0,4.4127341425337363e-07,1.3886733540857676e-08,bc5d7efc972dfd21460a488126f9be205fbcc12fc4fceedd3938fba74131cc8d,experiments/mirror_applications/ma-482-residual-vq-mirror/artifacts/payloads/48211_0_dense_K4_R2.pt
48211,0,native_rvq,4,2,0.49615100026130676,"[0.9224346280097961, 0.6255376935005188]","[4, 4]",2661,20.7890625,128,64,1.9696250319611863e-06,1.4756255950487684e-07,eabdfcc5373b5ab8d475d65f3e722989f3cc990853c240f83ca644dad1b0a698,experiments/mirror_applications/ma-482-residual-vq-mirror/artifacts/payloads/48211_0_native_rvq_K4_R2.pt
48211,0,generic_coeff_rvq,4,2,0.4875063896179199,"[0.9200052618980408, 0.6255021691322327]","[4, 4]",3097,24.1953125,0,64,1.9490469185257098e-06,2.827578100550454e-07,d8cb904f8cf8f3ef63c2d5ba3697cb0cd2064a055d7bc9baf84a9db2d2e4dbad,experiments/mirror_applications/ma-482-residual-vq-mirror/artifacts/payloads/48211_0_generic_coeff_rvq_K4_R2.pt
48211,0,mirror_rvq,4,2,0.4875063896179199,"[0.9200052618980408, 0.6255021691322327]","[4, 4]",2781,21.7265625,0,64,1.8226171505375532e-06,2.845586095645558e-07,8fe72d6bcdffb481cf6dc273cbf0fa007eea133f2f8a3d8fd0c3b94f84a1ae49,experiments/mirror_applications/ma-482-residual-vq-mirror/artifacts/payloads/48211_0_mirror_rvq_K4_R2.pt
48211,0,dense,4,4,0.0,[],[],9833,76.8203125,0,0,5.665391427100985e-07,1.4007810023031197e-08,bc5d7efc972dfd21460a488126f9be205fbcc12fc4fceedd3938fba74131cc8d,experiments/mirror_applications/ma-482-residual-vq-mirror/artifacts/payloads/48211_0_dense_K4_R4.pt
48211,0,native_rvq,4,4,0.32782575488090515,"[0.8374581336975098, 0.4969518482685089, 0.45231664180755615, 0.38016369938850403]","[4, 4, 4, 4]",3429,26.7890625,256,128,5.571281235461356e-06,3.9707032328806235e-07,732004f7e19b2ee43b9e0fb22d5c7c07e93872a3aa26b574246134be788160a0,experiments/mirror_applications/ma-482-residual-vq-mirror/artifacts/payloads/48211_0_native_rvq_K4_R4.pt
48211,0,generic_coeff_rvq,4,4,0.43502363562583923,"[0.8933044075965881, 0.5855219960212708, 0.47770339250564575, 0.44576624035835266]","[4, 4, 4, 4]",3353,26.1953125,0,128,2.3828202984077507e-06,5.022304208068817e-07,e03a079f1ae65ed570ebdf7c931a970a7871686b41542c97c5de52b86da74856,experiments/mirror_applications/ma-482-residual-vq-mirror/artifacts/payloads/48211_0_generic_coeff_rvq_K4_R4.pt
48211,0,mirror_rvq,4,4,0.43502363562583923,"[0.8933044075965881, 0.5855219960212708, 0.47770339250564575, 0.44576624035835266]","[4, 4, 4, 4]",3037,23.7265625,0,128,1.5954062746459385e-06,5.103672151562932e-07,236ca4233bffa957b27d19d935688dde226647e39adcced4f5c6d43053d80e80,experiments/mirror_applications/ma-482-residual-vq-mirror/artifacts/payloads/48211_0_mirror_rvq_K4_R4.pt
48211,0,dense,8,1,0.0,[],[],9833,76.8203125,0,0,4.517578418017365e-07,1.3886733540857676e-08,bc5d7efc972dfd21460a488126f9be205fbcc12fc4fceedd3938fba74131cc8d,experiments/mirror_applications/ma-482-residual-vq-mirror/artifacts/payloads/48211_0_dense_K8_R1.pt
48211,0,native_rvq,8,1,0.5515018701553345,[1.0],[8],2533,19.7890625,128,32,1.8755079054244561e-06,1.1360543794580735e-07,10e6f0682c9ec49835a3432ae9436142414cb2535408f0bfcf236f90a35dc556,experiments/mirror_applications/ma-482-residual-vq-mirror/artifacts/payloads/48211_0_native_rvq_K8_R1.pt
48211,0,generic_coeff_rvq,8,1,0.5347203612327576,[1.0],[8],2969,23.1953125,0,32,2.054289097941364e-06,2.156641016881622e-07,87903f830cbadc0545effca1049bcbfb500987c9ff39c847472c8606359ee6e5,experiments/mirror_applications/ma-482-residual-vq-mirror/artifacts/payloads/48211_0_generic_coeff_rvq_K8_R1.pt
48211,0,mirror_rvq,8,1,0.5347203612327576,[1.0],[8],2653,20.7265625,0,32,1.6061250107668457e-06,1.6297258298436645e-07,673bed8e0527bb84cc101c6761da2f6086b2e83a84e3cb5375b368c3cc5f67e1,experiments/mirror_applications/ma-482-residual-vq-mirror/artifacts/payloads/48211_0_mirror_rvq_K8_R1.pt
48211,0,dense,8,2,0.0,[],[],9833,76.8203125,0,0,4.517656861935393e-07,1.4316356100607663e-08,bc5d7efc972dfd21460a488126f9be205fbcc12fc4fceedd3938fba74131cc8d,experiments/mirror_applications/ma-482-residual-vq-mirror/artifacts/payloads/48211_0_dense_K8_R2.pt
48211,0,native_rvq,8,2,0.37599101662635803,"[0.9181074500083923, 0.5406385660171509]","[8, 8]",3173,24.7890625,256,64,2.4081640503936796e-06,2.0835159375565127e-07,58d67900c05ba556e4abe85b47a5f89f65b202e69ad8252f7e90cc6ebe0dc6ac,experiments/mirror_applications/ma-482-residual-vq-mirror/artifacts/payloads/48211_0_native_rvq_K8_R2.pt
48211,0,generic_coeff_rvq,8,2,0.32782310247421265,"[0.9063896536827087, 0.5347203612327576]","[8, 8]",3097,24.1953125,0,64,2.0680546413132106e-06,3.730156095116399e-07,8c98cefcbcb00e9b41e8ed85e95f6a33597abc6f48132f2aac978a917aa86643,experiments/mirror_applications/ma-482-residual-vq-mirror/artifacts/payloads/48211_0_generic_coeff_rvq_K8_R2.pt
48211,0,mirror_rvq,8,2,0.32782310247421265,"[0.9063896536827087, 0.5347203612327576]","[8, 8]",2781,21.7265625,0,64,1.3629531849801424e-06,2.793944986478891e-07,1abf1845c4f45ff756b17e8c9aedefe0fec7186ab959643c82cbf1bc37edc985,experiments/mirror_applications/ma-482-residual-vq-mirror/artifacts/payloads/48211_0_mirror_rvq_K8_R2.pt
48211,0,dense,8,4,0.0,[],[],9833,76.8203125,0,0,4.3407806060713483e-07,1.4242175438994309e-08,bc5d7efc972dfd21460a488126f9be205fbcc12fc4fceedd3938fba74131cc8d,experiments/mirror_applications/ma-482-residual-vq-mirror/artifacts/payloads/48211_0_dense_K8_R4.pt
48211,0,native_rvq,8,4,0.2352152317762375,"[0.8917986750602722, 0.440083384513855, 0.3247321546077728, 0.29688286781311035]","[8, 8, 8, 8]",4453,34.7890625,512,128,3.3371171639373642e-06,3.9765626524967956e-07,297b73b12a1a5244bc2083b1993ffc15fa27e7de4a1f1a478824c811787a3761,experiments/mirror_applications/ma-482-residual-vq-mirror/artifacts/payloads/48211_0_native_rvq_K8_R4.pt
48211,0,generic_coeff_rvq,8,4,0.22800233960151672,"[0.8752481341362, 0.48004475235939026, 0.3102661371231079, 0.25137215852737427]","[8, 8, 8, 8]",3353,26.1953125,0,128,2.1606874724966474e-06,4.852109896091861e-07,47e0535c674306e950839decee78bf9e3a92f28ba36f3c76a8f488f135449751,experiments/mirror_applications/ma-482-residual-vq-mirror/artifacts/payloads/48211_0_generic_coeff_rvq_K8_R4.pt
48211,0,mirror_rvq,8,4,0.22800233960151672,"[0.8752481341362, 0.48004475235939026, 0.3102661371231079, 0.25137215852737427]","[8, 8, 8, 8]",3037,23.7265625,0,128,1.3924531003794982e-06,5.078203457742347e-07,d12171d4a449973828b411828e14f329b2fbd28bec4121ca44104c3f162b0737,experiments/mirror_applications/ma-482-residual-vq-mirror/artifacts/payloads/48211_0_mirror_rvq_K8_R4.pt
48211,0,dense,16,1,0.0,[],[],9833,76.8203125,0,0,4.60601540908101e-07,1.4359386568685295e-08,bc5d7efc972dfd21460a488126f9be205fbcc12fc4fceedd3938fba74131cc8d,experiments/mirror_applications/ma-482-residual-vq-mirror/artifacts/payloads/48211_0_dense_K16_R1.pt
48211,0,native_rvq,16,1,0.4479985535144806,[1.0],[16],3045,23.7890625,256,32,1.9936484250138164e-06,1.117304577746836e-07,05ea0ce8744d1309a6cb384bea887f1945aac1f80a5c03fae7fd1796e916fd04,experiments/mirror_applications/ma-482-residual-vq-mirror/artifacts/payloads/48211_0_native_rvq_K16_R1.pt
48211,0,generic_coeff_rvq,16,1,0.5070194602012634,[1.0],[16],3033,23.6953125,0,32,2.023687443397648e-06,2.1394919258455047e-07,bc143552d9667863b58c46eea8a2bb0f795c27ee26bf3f7a8d2dde4e209498d2,experiments/mirror_applications/ma-482-residual-vq-mirror/artifacts/payloads/48211_0_generic_coeff_rvq_K16_R1.pt
48211,0,mirror_rvq,16,1,0.5070194602012634,[1.0],[16],2653,20.7265625,0,32,1.4300078419182682e-06,1.6238283251368557e-07,5717304f698ef7ef9184d3d5668d38b47915f817edee89aa230c4cea9d69f970,experiments/mirror_applications/ma-482-residual-vq-mirror/artifacts/payloads/48211_0_mirror_rvq_K16_R1.pt
48211,0,dense,16,2,0.0,[],[],9833,76.8203125,0,0,4.796172561327694e-07,1.3925784969615052e-08,bc5d7efc972dfd21460a488126f9be205fbcc12fc4fceedd3938fba74131cc8d,experiments/mirror_applications/ma-482-residual-vq-mirror/artifacts/payloads/48211_0_dense_K16_R2.pt
48211,0,native_rvq,16,2,0.3121229112148285,"[0.959205150604248, 0.45614275336265564]","[16, 16]",4197,32.7890625,512,64,2.3562188289361075e-06,2.1097264379932312e-07,4701760c8d1a937f04f6a0fd0e921bf96e0917059868ab542288afa28bbf2b67,experiments/mirror_applications/ma-482-residual-vq-mirror/artifacts/payloads/48211_0_native_rvq_K16_R2.pt
48211,0,generic_coeff_rvq,16,2,0.26730793714523315,"[0.9024327993392944, 0.5070194602012634]","[16, 16]",3161,24.6953125,0,64,1.9992812667624094e-06,3.7054689983051503e-07,e670b120ddc0105d3110a5328d1f9efe526921d4236af382d658ee52674c516d,experiments/mirror_applications/ma-482-residual-vq-mirror/artifacts/payloads/48211_0_generic_coeff_rvq_K16_R2.pt
48211,0,mirror_rvq,16,2,0.26730793714523315,"[0.9024327993392944, 0.5070194602012634]","[16, 16]",2781,21.7265625,0,64,1.369992219224514e-06,2.7931639579037437e-07,c4352df14cbcb36a272dc37bcfb9ba07026b176b679efc57eecc2e74683d9630,experiments/mirror_applications/ma-482-residual-vq-mirror/artifacts/payloads/48211_0_mirror_rvq_K16_R2.pt
48211,0,dense,16,4,0.0,[],[],9833,76.8203125,0,0,4.376015567686409e-07,1.4003887827129802e-08,bc5d7efc972dfd21460a488126f9be205fbcc12fc4fceedd3938fba74131cc8d,experiments/mirror_applications/ma-482-residual-vq-mirror/artifacts/payloads/48211_0_dense_K16_R4.pt
48211,0,native_rvq,16,4,0.18063662946224213,"[0.9205865263938904, 0.3707975149154663, 0.2738822102546692, 0.23319335281848907]","[16, 16, 16, 16]",6501,50.7890625,1024,128,3.878468760376563e-06,4.0422651181870606e-07,76a5d7f689ed38f989b804e1128f1e345ecc2f36fb1520acab6f2df4f25ca9d2,experiments/mirror_applications/ma-482-residual-vq-mirror/artifacts/payloads/48211_0_native_rvq_K16_R4.pt
48211,0,generic_coeff_rvq,16,4,0.1153496578335762,"[0.869618833065033, 0.446005254983902, 0.24461856484413147, 0.1578633338212967]","[16, 16, 16, 16]",3417,26.6953125,0,128,2.077125031973992e-06,4.7977340500438e-07,09bc855fdad49e9277f129ca15be0f8c72d32cbd06ef09466dec1ef9e030ac8d,experiments/mirror_applications/ma-482-residual-vq-mirror/artifacts/payloads/48211_0_generic_coeff_rvq_K16_R4.pt
48211,0,mirror_rvq,16,4,0.1153496578335762,"[0.869618833065033, 0.446005254983902, 0.24461856484413147, 0.1578633338212967]","[16, 16, 16, 16]",3037,23.7265625,0,128,1.3432343166641658e-06,5.048085540693137e-07,847320230791650b6b47bdf9aed919a9ec61f38ee79d556fd23e909ad80f5d07,experiments/mirror_applications/ma-482-residual-vq-mirror/artifacts/payloads/48211_0_mirror_rvq_K16_R4.pt
48211,0,dense,32,1,0.0,[],[],9833,76.8203125,0,0,4.264921926733223e-07,1.4007810023031197e-08,bc5d7efc972dfd21460a488126f9be205fbcc12fc4fceedd3938fba74131cc8d,experiments/mirror_applications/ma-482-residual-vq-mirror/artifacts/payloads/48211_0_dense_K32_R1.pt
48211,0,native_rvq,32,1,0.3758283257484436,[1.0],[32],4069,31.7890625,512,32,1.8859921055991435e-06,1.1254689979978139e-07,8c15d6bcb662522a4157c2f77d5d231b14e5fd8baf09e42386e53b33ab1c24b2,experiments/mirror_applications/ma-482-residual-vq-mirror/artifacts/payloads/48211_0_native_rvq_K32_R1.pt
48211,0,generic_coeff_rvq,32,1,0.49952200055122375,[1.0],[30],3161,24.6953125,0,32,2.0925391481796396e-06,2.1375387859734474e-07,527fc2e20a39c8188b72b5ded3b24c773b60316e5ed30d50748c8777ea2fda82,experiments/mirror_applications/ma-482-residual-vq-mirror/artifacts/payloads/48211_0_generic_coeff_rvq_K32_R1.pt
48211,0,mirror_rvq,32,1,0.49952200055122375,[1.0],[30],2653,20.7265625,0,32,1.5044062138258596e-06,1.5898433503025444e-07,b3b040f7afab07d462acd78a410d34c8761756ea393de6d67dc41aebfef65bbe,experiments/mirror_applications/ma-482-residual-vq-mirror/artifacts/payloads/48211_0_mirror_rvq_K32_R1.pt
48211,0,dense,32,2,0.0,[],[],9833,76.8203125,0,0,4.5270314785739174e-07,1.3964836398372427e-08,bc5d7efc972dfd21460a488126f9be205fbcc12fc4fceedd3938fba74131cc8d,experiments/mirror_applications/ma-482-residual-vq-mirror/artifacts/payloads/48211_0_dense_K32_R2.pt
48211,0,native_rvq,32,2,0.2513123154640198,"[0.9626695513725281, 0.38112136721611023]","[30, 31]",6245,48.7890625,1024,64,2.659476535882277e-06,2.065156650132849e-07,a56624599ebb5267273a0f48e62e7a7158513d66e2982ee295fe0ef55ee9acc8,experiments/mirror_applications/ma-482-residual-vq-mirror/artifacts/payloads/48211_0_native_rvq_K32_R2.pt
48211,0,generic_coeff_rvq,32,2,0.2486756443977356,"[0.9012864828109741, 0.49952200055122375]","[30, 32]",3289,25.6953125,0,64,2.092390673169575e-06,3.6788281931876554e-07,1dcd8532d3337727e3e92c2caf5b7ceb809053f1ab6930115586f9c7d4fb956d,experiments/mirror_applications/ma-482-residual-vq-mirror/artifacts/payloads/48211_0_generic_coeff_rvq_K32_R2.pt
48211,0,mirror_rvq,32,2,0.2486756443977356,"[0.9012864828109741, 0.49952200055122375]","[30, 32]",2781,21.7265625,0,64,1.3443359421216883e-06,2.7791014645117684e-07,cc6b67a49095a9ff5cc4d89402fe015c9c33feb6fed37925bbbd2c861290027a,experiments/mirror_applications/ma-482-residual-vq-mirror/artifacts/payloads/48211_0_mirror_rvq_K32_R2.pt
48211,0,dense,32,4,0.0,[],[],9833,76.8203125,0,0,4.205390951028676e-07,1.4007810023031197e-08,bc5d7efc972dfd21460a488126f9be205fbcc12fc4fceedd3938fba74131cc8d,experiments/mirror_applications/ma-482-residual-vq-mirror/artifacts/payloads/48211_0_dense_K32_R4.pt
48211,0,native_rvq,32,4,0.1267869919538498,"[0.9393938183784485, 0.3020351827144623, 0.2130240499973297, 0.17573697865009308]","[30, 31, 31, 31]",10597,82.7890625,2048,128,7.498890681745252e-06,2.8006252250634134e-07,d82fcf78764dcd3d889f0d6b9bb762da71aaa71a8dfc7513f54bf36293dc2223,experiments/mirror_applications/ma-482-residual-vq-mirror/artifacts/payloads/48211_0_native_rvq_K32_R4.pt
48211,0,generic_coeff_rvq,32,4,0.05653809383511543,"[0.868144154548645, 0.4368972182273865, 0.22384707629680634, 0.12218274921178818]","[30, 32, 32, 32]",3545,27.6953125,0,128,2.3573124963149894e-06,4.97535154408979e-07,a079cba894ce5ef294d36239db25b00edae31fb61e7c7aaaf0a155567f49da30,experiments/mirror_applications/ma-482-residual-vq-mirror/artifacts/payloads/48211_0_generic_coeff_rvq_K32_R4.pt
48211,0,mirror_rvq,32,4,0.05653809383511543,"[0.868144154548645, 0.4368972182273865, 0.22384707629680634, 0.12218274921178818]","[30, 32, 32, 32]",3037,23.7265625,0,128,1.9024922721655457e-06,5.091093839837413e-07,aa55ad5ca4e006f13ef84f37ae1d96cb475eaa99913073d10ca61812e793b230,experiments/mirror_applications/ma-482-residual-vq-mirror/artifacts/payloads/48211_0_mirror_rvq_K32_R4.pt
48211,1,dense,4,1,0.0,[],[],9833,76.8203125,0,0,4.300859473005403e-07,1.4007810023031197e-08,64568e31c300ba10ee3300393fe5b0578d5086ebd206b1e0d3f3ab185db7d08c,experiments/mirror_applications/ma-482-residual-vq-mirror/artifacts/payloads/48211_1_dense_K4_R1.pt
48211,1,native_rvq,4,1,0.6225876808166504,[1.0],[4],2277,17.7890625,64,32,1.74210936165764e-06,7.976564120326657e-08,293d35c4db6999f2b35f4d140ce5812db82dccebe345f4128c537cbd8fa199b7,experiments/mirror_applications/ma-482-residual-vq-mirror/artifacts/payloads/48211_1_native_rvq_K4_R1.pt
48211,1,generic_coeff_rvq,4,1,0.6187127232551575,[1.0],[4],2969,23.1953125,0,32,1.8394297285340144e-06,1.5460153690582956e-07,c7db922dbfe763c5c4d568624f7e6b13506f5d6d0285809c3c45c00e5c284722,experiments/mirror_applications/ma-482-residual-vq-mirror/artifacts/payloads/48211_1_generic_coeff_rvq_K4_R1.pt
48211,1,mirror_rvq,4,1,0.6187127232551575,[1.0],[4],2653,20.7265625,0,32,1.7627577335588285e-06,1.6332415953002055e-07,54db772ad54043b79a50a3e0d4ce6d53819cf16d42afeda6ef776cfddb19df26,experiments/mirror_applications/ma-482-residual-vq-mirror/artifacts/payloads/48211_1_mirror_rvq_K4_R1.pt
48211,1,dense,4,2,0.0,[],[],9833,76.8203125,0,0,4.670937414630316e-07,1.4039017059985781e-08,64568e31c300ba10ee3300393fe5b0578d5086ebd206b1e0d3f3ab185db7d08c,experiments/mirror_applications/ma-482-residual-vq-mirror/artifacts/payloads/48211_1_dense_K4_R2.pt
48211,1,native_rvq,4,2,0.4842224419116974,"[0.9235378503799438, 0.6226115822792053]","[4, 4]",2661,20.7890625,128,64,2.278210899930855e-06,1.468593495701498e-07,8ffca822d162bfa0c4b3c5cd2f626469d3398be22f658d62ef7236b73778fd6a,experiments/mirror_applications/ma-482-residual-vq-mirror/artifacts/payloads/48211_1_native_rvq_K4_R2.pt
48211,1,generic_coeff_rvq,4,2,0.4830905497074127,"[0.9222641587257385, 0.6187127232551575]","[4, 4]",3097,24.1953125,0,64,1.9956796677433886e-06,2.651601676006976e-07,788db4d2a0b9f5d054ac0ac2410f135f37887d9ed4ae00cdee4db0825c156f3f,experiments/mirror_applications/ma-482-residual-vq-mirror/artifacts/payloads/48211_1_generic_coeff_rvq_K4_R2.pt
48211,1,mirror_rvq,4,2,0.4830905497074127,"[0.9222641587257385, 0.6187127232551575]","[4, 4]",2781,21.7265625,0,64,1.5932889709802112e-06,2.802578364935471e-07,52675493a6fff379ad22b04e37fdb207d3287b2d1753bbaa2608f5fdb06e285c,experiments/mirror_applications/ma-482-residual-vq-mirror/artifacts/payloads/48211_1_mirror_rvq_K4_R2.pt
48211,1,dense,4,4,0.0,[],[],9833,76.8203125,0,0,4.243828470862354e-07,1.4042996099306038e-08,64568e31c300ba10ee3300393fe5b0578d5086ebd206b1e0d3f3ab185db7d08c,experiments/mirror_applications/ma-482-residual-vq-mirror/artifacts/payloads/48211_1_dense_K4_R4.pt
48211,1,native_rvq,4,4,0.33601808547973633,"[0.8357597589492798, 0.49810752272605896, 0.4585580825805664, 0.3894267976284027]","[4, 4, 4, 4]",3429,26.7890625,256,128,2.7997656388834002e-06,2.7876950525751454e-07,b806515e161c54ac2a14445d673622f617df40735bf4b85895ad8aab1f513c46,experiments/mirror_applications/ma-482-residual-vq-mirror/artifacts/payloads/48211_1_native_rvq_K4_R4.pt
48211,1,generic_coeff_rvq,4,4,0.43206650018692017,"[0.8965913653373718, 0.5797502994537354, 0.47346359491348267, 0.44259488582611084]","[4, 4, 4, 4]",3353,26.1953125,0,128,2.3715468842055998e-06,5.330546741788567e-07,8f3900438b71b0869bc0084ada060d3db841b6fe13c512b39dd64a802b186a29,experiments/mirror_applications/ma-482-residual-vq-mirror/artifacts/payloads/48211_1_generic_coeff_rvq_K4_R4.pt
48211,1,mirror_rvq,4,4,0.43206650018692017,"[0.8965913653373718, 0.5797502994537354, 0.47346359491348267, 0.44259488582611084]","[4, 4, 4, 4]",3037,23.7265625,0,128,1.7136328551714541e-06,5.071952955404413e-07,5633aca7b73e85aaf7c9355c8c5d54248bb79079f111ba7403a4f4eae1918fb1,experiments/mirror_applications/ma-482-residual-vq-mirror/artifacts/payloads/48211_1_mirror_rvq_K4_R4.pt
48211,1,dense,8,1,0.0,[],[],9833,76.8203125,0,0,4.385390184324933e-07,1.4316412944026524e-08,64568e31c300ba10ee3300393fe5b0578d5086ebd206b1e0d3f3ab185db7d08c,experiments/mirror_applications/ma-482-residual-vq-mirror/artifacts/payloads/48211_1_dense_K8_R1.pt
48211,1,native_rvq,8,1,0.5241684913635254,[1.0],[8],2533,19.7890625,128,32,2.0470937442951254e-06,1.1231253438381827e-07,4f4a410261ea23590178d3f9cc2ca258d3c7f90415124a800f3df0693c352a7a,experiments/mirror_applications/ma-482-residual-vq-mirror/artifacts/payloads/48211_1_native_rvq_K8_R1.pt
48211,1,generic_coeff_rvq,8,1,0.5321460962295532,[1.0],[8],2969,23.1953125,0,32,2.1240780370135326e-06,2.162187229259871e-07,6257f0eef9d517aae78d645ff58bdd127bf75bfccc9a02f95b802430f2af07fd,experiments/mirror_applications/ma-482-residual-vq-mirror/artifacts/payloads/48211_1_generic_coeff_rvq_K8_R1.pt
48211,1,mirror_rvq,8,1,0.5321460962295532,[1.0],[8],2653,20.7265625,0,32,1.4250000504034688e-06,1.6340624142685556e-07,b888fc883616873c7e7cbef8bd121c383b93fc86ca841a2db8c7aee884ce0dea,experiments/mirror_applications/ma-482-residual-vq-mirror/artifacts/payloads/48211_1_mirror_rvq_K8_R1.pt
48211,1,dense,8,2,0.0,[],[],9833,76.8203125,0,0,5.400937652666471e-07,1.4000079318066128e-08,64568e31c300ba10ee3300393fe5b0578d5086ebd206b1e0d3f3ab185db7d08c,experiments/mirror_applications/ma-482-residual-vq-mirror/artifacts/payloads/48211_1_dense_K8_R2.pt
48211,1,native_rvq,8,2,0.36771148443222046,"[0.9207326769828796, 0.5237863659858704]","[8, 8]",3173,24.7890625,256,64,2.4583983986303792e-06,2.0729686411868897e-07,79229e6514f82865a8acb49303099d3798232bbc8316e9019dff3f3ae215302d,experiments/mirror_applications/ma-482-residual-vq-mirror/artifacts/payloads/48211_1_native_rvq_K8_R2.pt
48211,1,generic_coeff_rvq,8,2,0.32232344150543213,"[0.9059320688247681, 0.5321460962295532]","[8, 8]",3097,24.1953125,0,64,2.0859765754721593e-06,3.73285104160459e-07,d3a441b53a8593ec8ccceffdcc1ab566f72bde7ad76679701cb04b2b67980656,experiments/mirror_applications/ma-482-residual-vq-mirror/artifacts/payloads/48211_1_generic_coeff_rvq_K8_R2.pt
48211,1,mirror_rvq,8,2,0.32232344150543213,"[0.9059320688247681, 0.5321460962295532]","[8, 8]",2781,21.7265625,0,64,1.7165156123155612e-06,2.87882755856117e-07,98fbeab8cbfde900c4b7cc543dede6b397035242cdbb6fcb5d1767cae89aa6dc,experiments/mirror_applications/ma-482-residual-vq-mirror/artifacts/payloads/48211_1_mirror_rvq_K8_R2.pt
48211,1,dense,8,4,0.0,[],[],9833,76.8203125,0,0,4.818828074348858e-07,1.4046861451788573e-08,64568e31c300ba10ee3300393fe5b0578d5086ebd206b1e0d3f3ab185db7d08c,experiments/mirror_applications/ma-482-residual-vq-mirror/artifacts/payloads/48211_1_dense_K8_R4.pt
48211,1,native_rvq,8,4,0.23682966828346252,"[0.8844895362854004, 0.4458181858062744, 0.32869502902030945, 0.2946459949016571]","[8, 8, 8, 8]",4453,34.7890625,512,128,3.6487500665316475e-06,3.9769923887433833e-07,f97079e232eca80eed7a0a740930b569bb7f7a4680020012f254c9f5e5316b77,experiments/mirror_applications/ma-482-residual-vq-mirror/artifacts/payloads/48211_1_native_rvq_K8_R4.pt
48211,1,generic_coeff_rvq,8,4,0.2192254513502121,"[0.8745743036270142, 0.4768090844154358, 0.30455276370048523, 0.2433101087808609]","[8, 8, 8, 8]",3353,26.1953125,0,128,2.2626406916970154e-06,4.861054776483797e-07,532a427ac798e6444259ba570eb9b80fbd8653053ed26d180a8e5690a0b8bb0b,experiments/mirror_applications/ma-482-residual-vq-mirror/artifacts/payloads/48211_1_generic_coeff_rvq_K8_R4.pt
48211,1,mirror_rvq,8,4,0.2192254513502121,"[0.8745743036270142, 0.4768090844154358, 0.30455276370048523, 0.2433101087808609]","[8, 8, 8, 8]",3037,23.7265625,0,128,1.7992265384236816e-06,5.019101649850199e-07,b06ce190a91960aaf6b4ac9017f6654a5e257f3b21d30b370b4e999def117316,experiments/mirror_applications/ma-482-residual-vq-mirror/artifacts/payloads/48211_1_mirror_rvq_K8_R4.pt
48211,1,dense,16,1,0.0,[],[],9833,76.8203125,0,0,5.195937546886853e-07,1.3921862773713656e-08,64568e31c300ba10ee3300393fe5b0578d5086ebd206b1e0d3f3ab185db7d08c,experiments/mirror_applications/ma-482-residual-vq-mirror/artifacts/payloads/48211_1_dense_K16_R1.pt
48211,1,native_rvq,16,1,0.44846975803375244,[1.0],[16],3045,23.7890625,256,32,2.1637499685311923e-06,1.1255076515226392e-07,5ca0d44fdb7912f02e615e334b0b715d955a4ee86f3a9f475bb9a24886ed27c2,experiments/mirror_applications/ma-482-residual-vq-mirror/artifacts/payloads/48211_1_native_rvq_K16_R1.pt
48211,1,generic_coeff_rvq,16,1,0.5083023309707642,[1.0],[16],3033,23.6953125,0,32,2.1088202402097522e-06,2.139101411557931e-07,67f40be74fc3883391eaaf186bd172b0349ff362aacc6c9a2e5ce79f9bf77ce8,experiments/mirror_applications/ma-482-residual-vq-mirror/artifacts/payloads/48211_1_generic_coeff_rvq_K16_R1.pt
48211,1,mirror_rvq,16,1,0.5083023309707642,[1.0],[16],2653,20.7265625,0,32,1.430156203241495e-06,1.605898205525591e-07,2722ed8631d0e8d9bdea81b2f9790c8034320afd893f0218dec9c30e6e14cf72,experiments/mirror_applications/ma-482-residual-vq-mirror/artifacts/payloads/48211_1_mirror_rvq_K16_R1.pt
48211,1,dense,16,2,0.0,[],[],9833,76.8203125,0,0,4.6827346977806883e-07,1.4121042113401927e-08,64568e31c300ba10ee3300393fe5b0578d5086ebd206b1e0d3f3ab185db7d08c,experiments/mirror_applications/ma-482-residual-vq-mirror/artifacts/payloads/48211_1_dense_K16_R2.pt
48211,1,native_rvq,16,2,0.31939440965652466,"[0.9615914225578308, 0.4519798159599304]","[16, 16]",4197,32.7890625,512,64,2.473031145200366e-06,2.2099214902482345e-07,a34f090ce759ebefff7cc4940c7a88fd40794f6891815f0902b7c1c8cd49769d,experiments/mirror_applications/ma-482-residual-vq-mirror/artifacts/payloads/48211_1_native_rvq_K16_R2.pt
48211,1,generic_coeff_rvq,16,2,0.26976796984672546,"[0.9024431109428406, 0.5083023309707642]","[16, 16]",3161,24.6953125,0,64,2.0568671743603772e-06,3.7195314916971256e-07,905dc0fd7f0d2db73f1fcef7b4a0c8160ed4e2f1d615d02a4aaddbdb2801eb33,experiments/mirror_applications/ma-482-residual-vq-mirror/artifacts/payloads/48211_1_generic_coeff_rvq_K16_R2.pt
48211,1,mirror_rvq,16,2,0.26976796984672546,"[0.9024431109428406, 0.5083023309707642]","[16, 16]",2781,21.7265625,0,64,1.4895468893882935e-06,2.765390263448353e-07,5afdf8637ae8ee58aee49c4935f053fe0ed566764eb2077422e9618a72f299f6,experiments/mirror_applications/ma-482-residual-vq-mirror/artifacts/payloads/48211_1_mirror_rvq_K16_R2.pt
48211,1,dense,16,4,0.0,[],[],9833,76.8203125,0,0,4.2993747229047585e-07,1.4003887827129802e-08,64568e31c300ba10ee3300393fe5b0578d5086ebd206b1e0d3f3ab185db7d08c,experiments/mirror_applications/ma-482-residual-vq-mirror/artifacts/payloads/48211_1_dense_K16_R4.pt
48211,1,native_rvq,16,4,0.18000172078609467,"[0.9138562083244324, 0.364492803812027, 0.2750491201877594, 0.233875572681427]","[16, 16, 16, 16]",6501,50.7890625,1024,128,3.338140686537372e-06,3.97390635953343e-07,459d3304712b71550e1684b066a5a1c2d97bf06f1e0ff768196c8dc8a0f6e89e,experiments/mirror_applications/ma-482-residual-vq-mirror/artifacts/payloads/48211_1_native_rvq_K16_R4.pt
48211,1,generic_coeff_rvq,16,4,0.12134798616170883,"[0.8696862459182739, 0.44757330417633057, 0.24730123579502106, 0.16230273246765137]","[16, 16, 16, 16]",3417,26.6953125,0,128,2.1440233695102506e-06,4.909218773718749e-07,e39962f2cc6bef69923b9bd29479e43dbb8a549282c5456ea98e226938ede163,experiments/mirror_applications/ma-482-residual-vq-mirror/artifacts/payloads/48211_1_generic_coeff_rvq_K16_R4.pt
48211,1,mirror_rvq,16,4,0.12134798616170883,"[0.8696862459182739, 0.44757330417633057, 0.24730123579502106, 0.16230273246765137]","[16, 16, 16, 16]",3037,23.7265625,0,128,1.3877499895897927e-06,5.040624841967656e-07,1bde3453cafedcbfdf36b4862bdba52429039d38959a300a018804846aae9a89,experiments/mirror_applications/ma-482-residual-vq-mirror/artifacts/payloads/48211_1_mirror_rvq_K16_R4.pt
48211,1,dense,32,1,0.0,[],[],9833,76.8203125,0,0,4.2571093672449933e-07,1.4085912880545948e-08,64568e31c300ba10ee3300393fe5b0578d5086ebd206b1e0d3f3ab185db7d08c,experiments/mirror_applications/ma-482-residual-vq-mirror/artifacts/payloads/48211_1_dense_K32_R1.pt
48211,1,native_rvq,32,1,0.38057941198349,[1.0],[31],4069,31.7890625,512,32,2.080499939438596e-06,1.117265355787822e-07,ff432d7951be24ca26adbe34baef10f667eb86b32ed2cc4662383c6ef4cb2833,experiments/mirror_applications/ma-482-residual-vq-mirror/artifacts/payloads/48211_1_native_rvq_K32_R1.pt
48211,1,generic_coeff_rvq,32,1,0.49951282143592834,[1.0],[32],3161,24.6953125,0,32,2.0450469264687854e-06,2.140663468708226e-07,1c4213da1a308ddbe5599f71b9c0ec3ecd6b5ccfd14aa648f5b3c620a2346f1a,experiments/mirror_applications/ma-482-residual-vq-mirror/artifacts/payloads/48211_1_generic_coeff_rvq_K32_R1.pt
48211,1,mirror_rvq,32,1,0.49951282143592834,[1.0],[32],2653,20.7265625,0,32,1.6524375041626627e-06,1.6352345255654654e-07,9f1d767e883eab43dcfd800acd133a4cf4c856d99a082c9daa946f6ba2c08654,experiments/mirror_applications/ma-482-residual-vq-mirror/artifacts/payloads/48211_1_mirror_rvq_K32_R1.pt
48211,1,dense,32,2,0.0,[],[],9833,76.8203125,0,0,4.880703272647224e-07,1.3773501450486947e-08,64568e31c300ba10ee3300393fe5b0578d5086ebd206b1e0d3f3ab185db7d08c,experiments/mirror_applications/ma-482-residual-vq-mirror/artifacts/payloads/48211_1_dense_K32_R2.pt
48211,1,native_rvq,32,2,0.237799271941185,"[0.9652225971221924, 0.36932072043418884]","[32, 27]",6245,48.7890625,1024,64,2.576312567725836e-06,2.2044139313948108e-07,b0339f69f752fa1f5d5146788b291411b302d84c5350a04ef6c94789d08943ad,experiments/mirror_applications/ma-482-residual-vq-mirror/artifacts/payloads/48211_1_native_rvq_K32_R2.pt
48211,1,generic_coeff_rvq,32,2,0.2486344426870346,"[0.9012802243232727, 0.49951282143592834]","[32, 31]",3289,25.6953125,0,64,2.0787733774341177e-06,3.6863281138721504e-07,50cd80194fd5aa9088ce0ed51b4d26a87f1a7660fd6f3fa6b7b140e014cc0157,experiments/mirror_applications/ma-482-residual-vq-mirror/artifacts/payloads/48211_1_generic_coeff_rvq_K32_R2.pt
48211,1,mirror_rvq,32,2,0.2486344426870346,"[0.9012802243232727, 0.49951282143592834]","[32, 31]",2781,21.7265625,0,64,1.4033984143679845e-06,2.7591408979787957e-07,b227bce9426f1e40bfd2550dba9052fe8382981f97e10507a79afeae0d557e30,experiments/mirror_applications/ma-482-residual-vq-mirror/artifacts/payloads/48211_1_mirror_rvq_K32_R2.pt
48211,1,dense,32,4,0.0,[],[],9833,76.8203125,0,0,4.6256252517196117e-07,1.4124964309303323e-08,64568e31c300ba10ee3300393fe5b0578d5086ebd206b1e0d3f3ab185db7d08c,experiments/mirror_applications/ma-482-residual-vq-mirror/artifacts/payloads/48211_1_dense_K32_R4.pt
48211,1,native_rvq,32,4,0.13369643688201904,"[0.9474627375602722, 0.31040477752685547, 0.2148023247718811, 0.18068654835224152]","[32, 29, 31, 30]",10597,82.7890625,2048,128,4.126718749830616e-06,3.963280619245779e-07,210e5f600ec5fd446b1f7e550b9cc681593ff614e2443955db3d17ce60907d3b,experiments/mirror_applications/ma-482-residual-vq-mirror/artifacts/payloads/48211_1_native_rvq_K32_R4.pt
48211,1,generic_coeff_rvq,32,4,0.05658761039376259,"[0.8681526780128479, 0.43691667914390564, 0.2238101214170456, 0.12218951433897018]","[32, 31, 32, 32]",3545,27.6953125,0,128,2.054125047834532e-06,4.855194788433437e-07,1c93b074abe0fe9bbf5f90a79debe2eac6fdd5ed08dea6ba08f3582c6f14805f,experiments/mirror_applications/ma-482-residual-vq-mirror/artifacts/payloads/48211_1_generic_coeff_rvq_K32_R4.pt
48211,1,mirror_rvq,32,4,0.05658761039376259,"[0.8681526780128479, 0.43691667914390564, 0.2238101214170456, 0.12218951433897018]","[32, 31, 32, 32]",3037,23.7265625,0,128,1.4578592981706606e-06,5.045351940680121e-07,5640cadbc6daef830f7992abf8cc65f6dd57f14c4dcddfb0e41500ef375f02e5,experiments/mirror_applications/ma-482-residual-vq-mirror/artifacts/payloads/48211_1_mirror_rvq_K32_R4.pt
48211,2,dense,4,1,0.0,[],[],9833,76.8203125,0,0,4.348594302427955e-07,1.4273496162786614e-08,0dbf84e61391c9ce4a2f82719b8822ca0d044309cfdfbf91e93bc4a52ccfb510,experiments/mirror_applications/ma-482-residual-vq-mirror/artifacts/payloads/48211_2_dense_K4_R1.pt
48211,2,native_rvq,4,1,0.6319559812545776,[1.0],[4],2277,17.7890625,64,32,1.8981172615895048e-06,1.1204292604816146e-07,7cb4f2c439776067848202cfb95f7c571f1462a8f70a554205d8db092dcee143,experiments/mirror_applications/ma-482-residual-vq-mirror/artifacts/payloads/48211_2_native_rvq_K4_R1.pt
48211,2,generic_coeff_rvq,4,1,0.6360286474227905,[1.0],[4],2969,23.1953125,0,32,1.993960950130713e-06,2.1410147610367858e-07,34198f1ee95f76cb87d4d821741cf536179694554bb3c7fcf85587e138a9d2ad,experiments/mirror_applications/ma-482-residual-vq-mirror/artifacts/payloads/48211_2_generic_coeff_rvq_K4_R1.pt
48211,2,mirror_rvq,4,1,0.6360286474227905,[1.0],[4],2653,20.7265625,0,32,1.519117176940199e-06,1.6751562270655995e-07,364515a62e8b89eb7e6e57379cd21aebd05ceb0bcd6d195d3cb35a1ed5db0dd3,experiments/mirror_applications/ma-482-residual-vq-mirror/artifacts/payloads/48211_2_mirror_rvq_K4_R1.pt
48211,2,dense,4,2,0.0,[],[],9833,76.8203125,0,0,4.232031187711982e-07,1.439843799744267e-08,0dbf84e61391c9ce4a2f82719b8822ca0d044309cfdfbf91e93bc4a52ccfb510,experiments/mirror_applications/ma-482-residual-vq-mirror/artifacts/payloads/48211_2_dense_K4_R2.pt
48211,2,native_rvq,4,2,0.49818184971809387,"[0.9209790229797363, 0.6320722103118896]","[4, 4]",2661,20.7890625,128,64,2.643828111104085e-06,2.0722262661365676e-07,8f642fc2adc62ef67e0f0365c987645d82a75285ba3a72e4597764802c35d95e,experiments/mirror_applications/ma-482-residual-vq-mirror/artifacts/payloads/48211_2_native_rvq_K4_R2.pt
48211,2,generic_coeff_rvq,4,2,0.5067517161369324,"[0.9231820106506348, 0.6360286474227905]","[4, 4]",3097,24.1953125,0,64,2.12321094750223e-06,3.753593205146899e-07,8b4f43d223a733a029874a47fa8fe58f99fb30f306ba0453ef046d71eea290da,experiments/mirror_applications/ma-482-residual-vq-mirror/artifacts/payloads/48211_2_generic_coeff_rvq_K4_R2.pt
48211,2,mirror_rvq,4,2,0.5067517161369324,"[0.9231820106506348, 0.6360286474227905]","[4, 4]",2781,21.7265625,0,64,1.3455078260449227e-06,2.7580085770750884e-07,2adcd95b13af7be25e68ed5807bfc36229fed40f8c0f5b36d17e1c3b4d5c405c,experiments/mirror_applications/ma-482-residual-vq-mirror/artifacts/payloads/48211_2_mirror_rvq_K4_R2.pt
48211,2,dense,4,4,0.0,[],[],9833,76.8203125,0,0,4.293827942092321e-07,1.432033513992792e-08,0dbf84e61391c9ce4a2f82719b8822ca0d044309cfdfbf91e93bc4a52ccfb510,experiments/mirror_applications/ma-482-residual-vq-mirror/artifacts/payloads/48211_2_dense_K4_R4.pt
48211,2,native_rvq,4,4,0.32045111060142517,"[0.8341976404190063, 0.4960515797138214, 0.4433140158653259, 0.37813037633895874]","[4, 4, 4, 4]",3429,26.7890625,256,128,3.5067422459178488e-06,3.9445308175345417e-07,812327ddd51c4fa804d585b3f9ba2a1a77308607b7abc5ad3183e7516cc26057,experiments/mirror_applications/ma-482-residual-vq-mirror/artifacts/payloads/48211_2_native_rvq_K4_R4.pt
48211,2,generic_coeff_rvq,4,4,0.45836248993873596,"[0.8975321054458618, 0.5981900095939636, 0.497250497341156, 0.46865278482437134]","[4, 4, 4, 4]",3353,26.1953125,0,128,2.128773417098273e-06,4.868906557931041e-07,87a33b3e86f6abdab74926ff28b446592c74b904824b50f2ecb5a03b6b321085,experiments/mirror_applications/ma-482-residual-vq-mirror/artifacts/payloads/48211_2_generic_coeff_rvq_K4_R4.pt
48211,2,mirror_rvq,4,4,0.45836248993873596,"[0.8975321054458618, 0.5981900095939636, 0.497250497341156, 0.46865278482437134]","[4, 4, 4, 4]",3037,23.7265625,0,128,1.7536875702717225e-06,5.150586162017134e-07,2781c6a0561ab445323f819d6bbf83f71a598c61338dcc53f41ac09ae5de63d3,experiments/mirror_applications/ma-482-residual-vq-mirror/artifacts/payloads/48211_2_mirror_rvq_K4_R4.pt
48211,2,dense,8,1,0.0,[],[],9833,76.8203125,0,0,4.539531346381409e-07,1.4199201814335538e-08,0dbf84e61391c9ce4a2f82719b8822ca0d044309cfdfbf91e93bc4a52ccfb510,experiments/mirror_applications/ma-482-residual-vq-mirror/artifacts/payloads/48211_2_dense_K8_R1.pt
48211,2,native_rvq,8,1,0.5546558499336243,[1.0],[8],2533,19.7890625,128,32,1.9626718312792946e-06,1.1215627182536991e-07,6c62dc60c68f47b6104baacaa2002ec945c6d7b9bd8eda675075a59cff8d2770,experiments/mirror_applications/ma-482-residual-vq-mirror/artifacts/payloads/48211_2_native_rvq_K8_R1.pt
48211,2,generic_coeff_rvq,8,1,0.5336772203445435,[1.0],[8],2969,23.1953125,0,32,2.081039042423072e-06,2.135938075298327e-07,48a571404510afe0ee0309b30fef9b64c3a2d68caf13147387354c6d7e12207a,experiments/mirror_applications/ma-482-residual-vq-mirror/artifacts/payloads/48211_2_generic_coeff_rvq_K8_R1.pt
48211,2,mirror_rvq,8,1,0.5336772203445435,[1.0],[8],2653,20.7265625,0,32,1.350820298284816e-06,1.625078311917605e-07,6137513fe2b84ef73f60a02fd6510225460db7e8e8b73edfbaf9261b021c1723,experiments/mirror_applications/ma-482-residual-vq-mirror/artifacts/payloads/48211_2_mirror_rvq_K8_R1.pt
48211,2,dense,8,2,0.0,[],[],9833,76.8203125,0,0,4.346250079834135e-07,1.4515592283714795e-08,0dbf84e61391c9ce4a2f82719b8822ca0d044309cfdfbf91e93bc4a52ccfb510,experiments/mirror_applications/ma-482-residual-vq-mirror/artifacts/payloads/48211_2_dense_K8_R2.pt
48211,2,native_rvq,8,2,0.37259775400161743,"[0.9244308471679688, 0.5335091948509216]","[8, 8]",3173,24.7890625,256,64,2.480460921105987e-06,2.0694534441645374e-07,7ba4b2f125d3ccf11a7d6feac7ed03cee1753050535fe33f69e7180413d39bf7,experiments/mirror_applications/ma-482-residual-vq-mirror/artifacts/payloads/48211_2_native_rvq_K8_R2.pt
48211,2,generic_coeff_rvq,8,2,0.32540106773376465,"[0.9061316847801208, 0.5336772203445435]","[8, 8]",3097,24.1953125,0,64,2.103187512147997e-06,3.683985028146708e-07,de3d04dc74e7a1717d183a41da448d62f597d2fce600cd8a9dec87d0b4484a9a,experiments/mirror_applications/ma-482-residual-vq-mirror/artifacts/payloads/48211_2_generic_coeff_rvq_K8_R2.pt
48211,2,mirror_rvq,8,2,0.32540106773376465,"[0.9061316847801208, 0.5336772203445435]","[8, 8]",2781,21.7265625,0,64,1.3668671954292222e-06,2.7258590762357926e-07,a5d036b7a3839ddfb2c261ff819d97941ea7a62f86fa2dfdb68b77194337ac03,experiments/mirror_applications/ma-482-residual-vq-mirror/artifacts/payloads/48211_2_mirror_rvq_K8_R2.pt
48211,2,dense,8,4,0.0,[],[],9833,76.8203125,0,0,5.837578100909013e-07,1.4316412944026524e-08,0dbf84e61391c9ce4a2f82719b8822ca0d044309cfdfbf91e93bc4a52ccfb510,experiments/mirror_applications/ma-482-residual-vq-mirror/artifacts/payloads/48211_2_dense_K8_R4.pt
48211,2,native_rvq,8,4,0.24163272976875305,"[0.8770736455917358, 0.4411933124065399, 0.33282947540283203, 0.30645960569381714]","[8, 8, 8, 8]",4453,34.7890625,512,128,3.4232656389576732e-06,4.063047072122572e-07,16ef172fb6f63263a49816a6cf64cf2d304f51ac22577fbac43a958b580fec44,experiments/mirror_applications/ma-482-residual-vq-mirror/artifacts/payloads/48211_2_native_rvq_K8_R4.pt
48211,2,generic_coeff_rvq,8,4,0.2234431356191635,"[0.874708890914917, 0.47838515043258667, 0.30772632360458374, 0.24721898138523102]","[8, 8, 8, 8]",3353,26.1953125,0,128,2.046695385615749e-06,4.832890567740833e-07,c043b0e66299a9836debb3b93fb185c301be88b0edf6833d09cd53b56556ee16,experiments/mirror_applications/ma-482-residual-vq-mirror/artifacts/payloads/48211_2_generic_coeff_rvq_K8_R4.pt
48211,2,mirror_rvq,8,4,0.2234431356191635,"[0.874708890914917, 0.47838515043258667, 0.30772632360458374, 0.24721898138523102]","[8, 8, 8, 8]",3037,23.7265625,0,128,1.5055859421408968e-06,5.006249921279959e-07,fd9631737723752bc7ea42014f89b73ef533e85d8dde4dd57e0d77aee23bb9ac,experiments/mirror_applications/ma-482-residual-vq-mirror/artifacts/payloads/48211_2_mirror_rvq_K8_R4.pt
48211,2,dense,16,1,0.0,[],[],9833,76.8203125,0,0,4.56218799627095e-07,1.4160150385578163e-08,0dbf84e61391c9ce4a2f82719b8822ca0d044309cfdfbf91e93bc4a52ccfb510,experiments/mirror_applications/ma-482-residual-vq-mirror/artifacts/payloads/48211_2_dense_K16_R1.pt
48211,2,native_rvq,16,1,0.4461149275302887,[1.0],[16],3045,23.7890625,256,32,1.938492232511635e-06,1.1427346180425957e-07,51daa3917832699a9c851418db413394e891e8e11b2be32c5766ffd82dfdc914,experiments/mirror_applications/ma-482-residual-vq-mirror/artifacts/payloads/48211_2_native_rvq_K16_R1.pt
48211,2,generic_coeff_rvq,16,1,0.5060799717903137,[1.0],[16],3033,23.6953125,0,32,2.037695367107517e-06,2.1711719000450103e-07,ce13e312de8b303e9fc87835b71e3a9a48259ef5a599bea5260ab049c964616d,experiments/mirror_applications/ma-482-residual-vq-mirror/artifacts/payloads/48211_2_generic_coeff_rvq_K16_R1.pt
48211,2,mirror_rvq,16,1,0.5060799717903137,[1.0],[16],2653,20.7265625,0,32,1.3862656942364993e-06,1.6610937336736242e-07,9ba822992091f4a262aec28183f0ec406655f489b8b12bc03bcc935d8d8f9d2b,experiments/mirror_applications/ma-482-residual-vq-mirror/artifacts/payloads/48211_2_mirror_rvq_K16_R1.pt
48211,2,dense,16,2,0.0,[],[],9833,76.8203125,0,0,4.4417186018108623e-07,1.4472675502474885e-08,0dbf84e61391c9ce4a2f82719b8822ca0d044309cfdfbf91e93bc4a52ccfb510,experiments/mirror_applications/ma-482-residual-vq-mirror/artifacts/payloads/48211_2_dense_K16_R2.pt
48211,2,native_rvq,16,2,0.3044898509979248,"[0.9538164138793945, 0.433758944272995]","[16, 16]",4197,32.7890625,512,64,2.558390633566887e-06,2.089024064844125e-07,9d802a0473189c1044a16478ef04d088912f91fdd05585a404b2a2f836640592,experiments/mirror_applications/ma-482-residual-vq-mirror/artifacts/payloads/48211_2_native_rvq_K16_R2.pt
48211,2,generic_coeff_rvq,16,2,0.2653536796569824,"[0.9023833870887756, 0.5060799717903137]","[16, 16]",3161,24.6953125,0,64,2.02501564672275e-06,3.667499868242885e-07,5ff52b799dae38289baa54bdcb33a31d5289770d07a2b730c1d4128ff174bcc3,experiments/mirror_applications/ma-482-residual-vq-mirror/artifacts/payloads/48211_2_generic_coeff_rvq_K16_R2.pt
48211,2,mirror_rvq,16,2,0.2653536796569824,"[0.9023833870887756, 0.5060799717903137]","[16, 16]",2781,21.7265625,0,64,1.3753125358562102e-06,2.7337114261172246e-07,2348109879140fe110f2943d330011b6d08f5b0205a5f204bf17cf2592cd5d0c,experiments/mirror_applications/ma-482-residual-vq-mirror/artifacts/payloads/48211_2_mirror_rvq_K16_R2.pt
48211,2,dense,16,4,0.0,[],[],9833,76.8203125,0,0,4.281328074284829e-07,1.4394572644960135e-08,0dbf84e61391c9ce4a2f82719b8822ca0d044309cfdfbf91e93bc4a52ccfb510,experiments/mirror_applications/ma-482-residual-vq-mirror/artifacts/payloads/48211_2_dense_K16_R4.pt
48211,2,native_rvq,16,4,0.18398818373680115,"[0.9264852404594421, 0.3647712171077728, 0.2773240804672241, 0.23537124693393707]","[16, 16, 16, 16]",6501,50.7890625,1024,128,3.518242237987579e-06,3.9895309100757004e-07,b42e8869e2da65c3436baf59e5f754b70c9979446f15e5df34df9cbe481bd5ed,experiments/mirror_applications/ma-482-residual-vq-mirror/artifacts/payloads/48211_2_native_rvq_K16_R4.pt
48211,2,generic_coeff_rvq,16,4,0.11089586466550827,"[0.8695867657661438, 0.444974422454834, 0.24245470762252808, 0.15468089282512665]","[16, 16, 16, 16]",3417,26.6953125,0,128,2.0396562376845395e-06,4.803554247700959e-07,0100caf21fd457f540e3bc4a1ec3b25e15f54097f7d71ef82f6a6fd5459fe23c,experiments/mirror_applications/ma-482-residual-vq-mirror/artifacts/payloads/48211_2_generic_coeff_rvq_K16_R4.pt
48211,2,mirror_rvq,16,4,0.11089586466550827,"[0.8695867657661438, 0.444974422454834, 0.24245470762252808, 0.15468089282512665]","[16, 16, 16, 16]",3037,23.7265625,0,128,1.4879843774906476e-06,5.040234896114271e-07,3c526d0a81fcfd56e37202efb0bb0e9e5be9931ce04ff31c03df8f85e7c10889,experiments/mirror_applications/ma-482-residual-vq-mirror/artifacts/payloads/48211_2_mirror_rvq_K16_R4.pt
48211,2,dense,32,1,0.0,[],[],9833,76.8203125,0,0,4.1225007407774683e-07,1.4242175438994309e-08,0dbf84e61391c9ce4a2f82719b8822ca0d044309cfdfbf91e93bc4a52ccfb510,experiments/mirror_applications/ma-482-residual-vq-mirror/artifacts/payloads/48211_2_dense_K32_R1.pt
48211,2,native_rvq,32,1,0.3755802512168884,[1.0],[30],4069,31.7890625,512,32,1.963835984497564e-06,1.1458200788183603e-07,0c7040cd183e6eb3168f19266bbda3b85a1ae771d29c0b3054a9c086638fc2e8,experiments/mirror_applications/ma-482-residual-vq-mirror/artifacts/payloads/48211_2_native_rvq_K32_R1.pt
48211,2,generic_coeff_rvq,32,1,0.49930331110954285,[1.0],[32],3161,24.6953125,0,32,2.120632757396379e-06,2.1653119119946496e-07,f3cbcc11b57efd599eebbd027ef116363aae069fd4b330aa0fcb3338a542bc99,experiments/mirror_applications/ma-482-residual-vq-mirror/artifacts/payloads/48211_2_generic_coeff_rvq_K32_R1.pt
48211,2,mirror_rvq,32,1,0.49930331110954285,[1.0],[32],2653,20.7265625,0,32,1.4465156255027978e-06,1.59843750680011e-07,2cd523bf6f2aa9caed6a9ee89f4d720b795bcfccda47f8f14f23d6ab6df7c24b,experiments/mirror_applications/ma-482-residual-vq-mirror/artifacts/payloads/48211_2_mirror_rvq_K32_R1.pt
48211,2,dense,32,2,0.0,[],[],9833,76.8203125,0,0,4.3150009787495947e-07,1.424223228241317e-08,0dbf84e61391c9ce4a2f82719b8822ca0d044309cfdfbf91e93bc4a52ccfb510,experiments/mirror_applications/ma-482-residual-vq-mirror/artifacts/payloads/48211_2_dense_K32_R2.pt
48211,2,native_rvq,32,2,0.24889573454856873,"[0.9651669263839722, 0.3818299472332001]","[31, 32]",6245,48.7890625,1024,64,2.4851561875038897e-06,2.0686718471552012e-07,dad520b2e34cf41d45cebe54a43769707299427f1a46f2d94de5f38b32471a5e,experiments/mirror_applications/ma-482-residual-vq-mirror/artifacts/payloads/48211_2_native_rvq_K32_R2.pt
48211,2,generic_coeff_rvq,32,2,0.24860823154449463,"[0.9013891220092773, 0.49930331110954285]","[32, 31]",3289,25.6953125,0,64,2.0767422483913833e-06,3.74031230876426e-07,e9307ce57b935634d6e6f13385966d172cdf87845db9d9c9d8ad2dcd90f115ad,experiments/mirror_applications/ma-482-residual-vq-mirror/artifacts/payloads/48211_2_generic_coeff_rvq_K32_R2.pt
48211,2,mirror_rvq,32,2,0.24860823154449463,"[0.9013891220092773, 0.49930331110954285]","[32, 31]",2781,21.7265625,0,64,1.3838358654538752e-06,2.7669921109918505e-07,69507078e04d4971eeab5ceaacaf86e0c5fd055df849d343921d4ad4a631cf98,experiments/mirror_applications/ma-482-residual-vq-mirror/artifacts/payloads/48211_2_mirror_rvq_K32_R2.pt
48211,2,dense,32,4,0.0,[],[],9833,76.8203125,0,0,4.541875568975229e-07,1.4085912880545948e-08,0dbf84e61391c9ce4a2f82719b8822ca0d044309cfdfbf91e93bc4a52ccfb510,experiments/mirror_applications/ma-482-residual-vq-mirror/artifacts/payloads/48211_2_dense_K32_R4.pt
48211,2,native_rvq,32,4,0.1353013515472412,"[0.9500465393066406, 0.3037049174308777, 0.21155396103858948, 0.18071216344833374]","[31, 31, 31, 31]",10597,82.7890625,2048,128,3.82870314297179e-06,3.9769531667843694e-07,3c9f459194d128ea44b1b436801764ecf42b309ec1b45291574c473c5cf65a63,experiments/mirror_applications/ma-482-residual-vq-mirror/artifacts/payloads/48211_2_native_rvq_K32_R4.pt
48211,2,generic_coeff_rvq,32,4,0.056212905794382095,"[0.8682489395141602, 0.4366436004638672, 0.2237788587808609, 0.12202033400535583]","[32, 31, 31, 32]",3545,27.6953125,0,128,2.031289113801904e-06,4.819297032554459e-07,fd7fa443f9915ce34d93a9b3f230546530744d38d7f075e5326a5301ff58a8fe,experiments/mirror_applications/ma-482-residual-vq-mirror/artifacts/payloads/48211_2_generic_coeff_rvq_K32_R4.pt
48211,2,mirror_rvq,32,4,0.056212905794382095,"[0.8682489395141602, 0.4366436004638672, 0.2237788587808609, 0.12202033400535583]","[32, 31, 31, 32]",3037,23.7265625,0,128,1.454101607123448e-06,4.998008193979331e-07,f27a3d2599d36fb44da3cea7dae64aef0f1eaba3b797b11aef4940bcaedfc4ab,experiments/mirror_applications/ma-482-residual-vq-mirror/artifacts/payloads/48211_2_mirror_rvq_K32_R4.pt
48212,0,dense,4,1,0.0,[],[],9833,76.8203125,0,0,4.6005470721866004e-07,1.4160150385578163e-08,5b545972d1439d4df211244c71b83fd63e7c0bae8761ed96a273c4e25643136a,experiments/mirror_applications/ma-482-residual-vq-mirror/artifacts/payloads/48212_0_dense_K4_R1.pt
48212,0,native_rvq,4,1,0.6441388130187988,[1.0],[4],2277,17.7890625,64,32,1.847726593950938e-06,1.1908207397937076e-07,381a11f513e458f847bfe979465dfeae9c404fb367efca2e5f31eb58fac21bcb,experiments/mirror_applications/ma-482-residual-vq-mirror/artifacts/payloads/48212_0_native_rvq_K4_R1.pt
48212,0,generic_coeff_rvq,4,1,0.6258942484855652,[1.0],[4],2969,23.1953125,0,32,2.0355781771286274e-06,2.116015593855991e-07,f21a882087ef64fdf8578a6f5a348d912f0f5f02ff3614eb0a3703161464b158,experiments/mirror_applications/ma-482-residual-vq-mirror/artifacts/payloads/48212_0_generic_coeff_rvq_K4_R1.pt
48212,0,mirror_rvq,4,1,0.6258942484855652,[1.0],[4],2653,20.7265625,0,32,1.389632870996138e-06,1.604296926416282e-07,2a0e0d91214285ea10d9eb67b2673f8de8944c00d0b494cc26251928ae4faace,experiments/mirror_applications/ma-482-residual-vq-mirror/artifacts/payloads/48212_0_mirror_rvq_K4_R1.pt
48212,0,dense,4,2,0.0,[],[],9833,76.8203125,0,0,4.2265628508175723e-07,1.3851604308001697e-08,5b545972d1439d4df211244c71b83fd63e7c0bae8761ed96a273c4e25643136a,experiments/mirror_applications/ma-482-residual-vq-mirror/artifacts/payloads/48212_0_dense_K4_R2.pt
48212,0,native_rvq,4,2,0.5173882842063904,"[0.9205982685089111, 0.6439706683158875]","[4, 4]",2661,20.7890625,128,64,2.28963278914307e-06,2.0913671505695675e-07,ae6941b5caf2f2c54f1bb944b744415bb884700c31424a7ccaa6f11a60895718,experiments/mirror_applications/ma-482-residual-vq-mirror/artifacts/payloads/48212_0_native_rvq_K4_R2.pt
48212,0,generic_coeff_rvq,4,2,0.4883204400539398,"[0.9201701879501343, 0.6258942484855652]","[4, 4]",3097,24.1953125,0,64,2.106234433085774e-06,3.6980469531044946e-07,de6567ffc2963b15c71b215ab316ef74a493f6787c71156d07bc01e1dc9b5fef,experiments/mirror_applications/ma-482-residual-vq-mirror/artifacts/payloads/48212_0_generic_coeff_rvq_K4_R2.pt
48212,0,mirror_rvq,4,2,0.4883204400539398,"[0.9201701879501343, 0.6258942484855652]","[4, 4]",2781,21.7265625,0,64,1.4008984408064862e-06,2.747812573034025e-07,a565155d0b79df4183e1dccfc254f1f5f4f906615368609ecac5bfe1d0a50729,experiments/mirror_applications/ma-482-residual-vq-mirror/artifacts/payloads/48212_0_mirror_rvq_K4_R2.pt
48212,0,dense,4,4,0.0,[],[],9833,76.8203125,0,0,4.2946101075358456e-07,1.3960914202471031e-08,5b545972d1439d4df211244c71b83fd63e7c0bae8761ed96a273c4e25643136a,experiments/mirror_applications/ma-482-residual-vq-mirror/artifacts/payloads/48212_0_dense_K4_R4.pt
48212,0,native_rvq,4,4,0.3293890357017517,"[0.8277828097343445, 0.5053256154060364, 0.4501606523990631, 0.3774498999118805]","[4, 4, 4, 4]",3429,26.7890625,256,128,3.342046852594649e-06,3.9707424548396375e-07,061c13433c7d765f01330324a0f5e9cb1b80d0b155eb4bb9c06118cde553d7cc,experiments/mirror_applications/ma-482-residual-vq-mirror/artifacts/payloads/48212_0_native_rvq_K4_R4.pt
48212,0,generic_coeff_rvq,4,4,0.4376834034919739,"[0.8943283557891846, 0.5872423052787781, 0.4781503677368164, 0.44877147674560547]","[4, 4, 4, 4]",3353,26.1953125,0,128,2.0733750716317445e-06,4.84507779674459e-07,89807383cecfffaab76e037ba4909cfc5bb2582453e944faa35b98683f420ec6,experiments/mirror_applications/ma-482-residual-vq-mirror/artifacts/payloads/48212_0_generic_coeff_rvq_K4_R4.pt
48212,0,mirror_rvq,4,4,0.4376834034919739,"[0.8943283557891846, 0.5872423052787781, 0.4781503677368164, 0.44877147674560547]","[4, 4, 4, 4]",3037,23.7265625,0,128,1.3660782087754342e-06,5.041835606789391e-07,b4e7c2e11189006dabe02b332d179861a80b5573bb4944ceaa0a641d92b22e55,experiments/mirror_applications/ma-482-residual-vq-mirror/artifacts/payloads/48212_0_mirror_rvq_K4_R4.pt
48212,0,dense,8,1,0.0,[],[],9833,76.8203125,0,0,5.651328365274821e-07,1.4203067166818073e-08,5b545972d1439d4df211244c71b83fd63e7c0bae8761ed96a273c4e25643136a,experiments/mirror_applications/ma-482-residual-vq-mirror/artifacts/payloads/48212_0_dense_K8_R1.pt
48212,0,native_rvq,8,1,0.539417564868927,[1.0],[8],2533,19.7890625,128,32,1.820812599362398e-06,1.1149222700623795e-07,67e109a331102c86a7041a623d75bcf46dfed952d404110dad97052cd8b2fb2c,experiments/mirror_applications/ma-482-residual-vq-mirror/artifacts/payloads/48212_0_native_rvq_K8_R1.pt
48212,0,generic_coeff_rvq,8,1,0.5391989946365356,[1.0],[8],2969,23.1953125,0,32,2.0811249896723893e-06,2.1406646055766032e-07,aa8a49faffbe5b7fea67c60132f10cc9ccb3bf2e8ae713b3aba18d4d0b87d235,experiments/mirror_applications/ma-482-residual-vq-mirror/artifacts/payloads/48212_0_generic_coeff_rvq_K8_R1.pt
48212,0,mirror_rvq,8,1,0.5391989946365356,[1.0],[8],2653,20.7265625,0,32,1.381492211294244e-06,1.6203517816393287e-07,e8e6ac11e511864fe4bd196c5be3a12c1cdb7669c8e7b0f2b055d2f2f16cbbcf,experiments/mirror_applications/ma-482-residual-vq-mirror/artifacts/payloads/48212_0_mirror_rvq_K8_R1.pt
48212,0,dense,8,2,0.0,[],[],9833,76.8203125,0,0,4.6052343805058626e-07,1.4003887827129802e-08,5b545972d1439d4df211244c71b83fd63e7c0bae8761ed96a273c4e25643136a,experiments/mirror_applications/ma-482-residual-vq-mirror/artifacts/payloads/48212_0_dense_K8_R2.pt
48212,0,native_rvq,8,2,0.3713265061378479,"[0.9243002533912659, 0.5402027368545532]","[8, 8]",3173,24.7890625,256,64,2.388140615039447e-06,2.198163997491065e-07,5bccacb145bbf9f5b405d51174a91e1e9aabe8186b2638fd46653b9f5221b092,experiments/mirror_applications/ma-482-residual-vq-mirror/artifacts/payloads/48212_0_native_rvq_K8_R2.pt
48212,0,generic_coeff_rvq,8,2,0.33445602655410767,"[0.9061596393585205, 0.5391989946365356]","[8, 8]",3097,24.1953125,0,64,2.045679707407544e-06,3.693750159072806e-07,c495384e7d3be677b85149582ad8f17130154fd45fb57245eba8cd318cae9dff,experiments/mirror_applications/ma-482-residual-vq-mirror/artifacts/payloads/48212_0_generic_coeff_rvq_K8_R2.pt
48212,0,mirror_rvq,8,2,0.33445602655410767,"[0.9061596393585205, 0.5391989946365356]","[8, 8]",2781,21.7265625,0,64,1.4253905646910425e-06,2.7560156468098285e-07,dab886b2444370be1319e590e8da8e175cbdc961f98fa53af4cbd09c1a4b767a,experiments/mirror_applications/ma-482-residual-vq-mirror/artifacts/payloads/48212_0_mirror_rvq_K8_R2.pt
48212,0,dense,8,4,0.0,[],[],9833,76.8203125,0,0,4.081797442267998e-07,1.3921919617132517e-08,5b545972d1439d4df211244c71b83fd63e7c0bae8761ed96a273c4e25643136a,experiments/mirror_applications/ma-482-residual-vq-mirror/artifacts/payloads/48212_0_dense_K8_R4.pt
48212,0,native_rvq,8,4,0.2433479279279709,"[0.8801652789115906, 0.4412188231945038, 0.33828917145729065, 0.2983594834804535]","[8, 8, 8, 8]",4453,34.7890625,512,128,3.4609765862114727e-06,2.7392184165364597e-07,ead23834da61320cd5360b889e186ebd3a573998fccdf96fdbe46d33f786c3ec,experiments/mirror_applications/ma-482-residual-vq-mirror/artifacts/payloads/48212_0_native_rvq_K8_R4.pt
48212,0,generic_coeff_rvq,8,4,0.23718658089637756,"[0.8749411106109619, 0.48490431904792786, 0.3174065947532654, 0.2595599591732025]","[8, 8, 8, 8]",3353,26.1953125,0,128,1.991296812775545e-06,4.95378913001332e-07,520824e372293e3b611062ff99decc9412ee84984c27f8a6ab09fef8daaa09be,experiments/mirror_applications/ma-482-residual-vq-mirror/artifacts/payloads/48212_0_generic_coeff_rvq_K8_R4.pt
48212,0,mirror_rvq,8,4,0.23718658089637756,"[0.8749411106109619, 0.48490431904792786, 0.3174065947532654, 0.2595599591732025]","[8, 8, 8, 8]",3037,23.7265625,0,128,1.5734921134935576e-06,5.031288878853957e-07,9f9f3863cd7cdd9d2a695fce26791d14352e11e630994fe2c7d1445cc6c8f2aa,experiments/mirror_applications/ma-482-residual-vq-mirror/artifacts/payloads/48212_0_mirror_rvq_K8_R4.pt
48212,0,dense,16,1,0.0,[],[],9833,76.8203125,0,0,4.409608891364769e-07,1.4085912880545948e-08,5b545972d1439d4df211244c71b83fd63e7c0bae8761ed96a273c4e25643136a,experiments/mirror_applications/ma-482-residual-vq-mirror/artifacts/payloads/48212_0_dense_K16_R1.pt
48212,0,native_rvq,16,1,0.45863375067710876,[1.0],[16],3045,23.7890625,256,32,1.946468728419859e-06,1.1904296570719453e-07,7e0fe0e1b37675cb2b4b0e3d186f48b6e5f8c87d5c91ca0d7d46bb7f50b8e81e,experiments/mirror_applications/ma-482-residual-vq-mirror/artifacts/payloads/48212_0_native_rvq_K16_R1.pt
48212,0,generic_coeff_rvq,16,1,0.5079321265220642,[1.0],[16],3033,23.6953125,0,32,2.097320248140022e-06,2.1164061081435648e-07,2954a396057a3cef185b4039271dd9aa4e092f97029eea80e757bcd7e7a3870b,experiments/mirror_applications/ma-482-residual-vq-mirror/artifacts/payloads/48212_0_generic_coeff_rvq_K16_R1.pt
48212,0,mirror_rvq,16,1,0.5079321265220642,[1.0],[16],2653,20.7265625,0,32,1.3575546518040937e-06,1.6074221775852493e-07,0196a5ed48633e0cffd27ed669b7d0bc9babe7c8341e9c756c6736bf9e68d705,experiments/mirror_applications/ma-482-residual-vq-mirror/artifacts/payloads/48212_0_mirror_rvq_K16_R1.pt
48212,0,dense,16,2,0.0,[],[],9833,76.8203125,0,0,4.534844038062147e-07,1.4085969723964809e-08,5b545972d1439d4df211244c71b83fd63e7c0bae8761ed96a273c4e25643136a,experiments/mirror_applications/ma-482-residual-vq-mirror/artifacts/payloads/48212_0_dense_K16_R2.pt
48212,0,native_rvq,16,2,0.3246243894100189,"[0.9586066603660583, 0.4605644643306732]","[16, 16]",4197,32.7890625,512,64,2.3682656546952785e-06,2.073359723908652e-07,69a566adc459d3bfab9d6cc1031f0b2b40da3fd8d2c61811332ea686349a5a73,experiments/mirror_applications/ma-482-residual-vq-mirror/artifacts/payloads/48212_0_native_rvq_K16_R2.pt
48212,0,generic_coeff_rvq,16,2,0.2685476839542389,"[0.9022875428199768, 0.5079321265220642]","[16, 16]",3161,24.6953125,0,64,2.103492192873091e-06,3.715234697665437e-07,01b2a8d7798fe36465062aeedf0a6c418f1e81cce5c22441f96933991e9e9f9d,experiments/mirror_applications/ma-482-residual-vq-mirror/artifacts/payloads/48212_0_generic_coeff_rvq_K16_R2.pt
48212,0,mirror_rvq,16,2,0.2685476839542389,"[0.9022875428199768, 0.5079321265220642]","[16, 16]",2781,21.7265625,0,64,1.3307891322256182e-06,2.792031068565848e-07,45c56f83e5c62a2a796a44b7463df639a5770efd8e78e0483927b21ad7f6c58c,experiments/mirror_applications/ma-482-residual-vq-mirror/artifacts/payloads/48212_0_mirror_rvq_K16_R2.pt
48212,0,dense,16,4,0.0,[],[],9833,76.8203125,0,0,4.4378123220667476e-07,1.4515705970552517e-08,5b545972d1439d4df211244c71b83fd63e7c0bae8761ed96a273c4e25643136a,experiments/mirror_applications/ma-482-residual-vq-mirror/artifacts/payloads/48212_0_dense_K16_R4.pt
48212,0,native_rvq,16,4,0.19050392508506775,"[0.9195128083229065, 0.3716071546077728, 0.28206977248191833, 0.24366311728954315]","[16, 16, 16, 16]",6501,50.7890625,1024,128,3.4605000109877437e-06,3.970702664446435e-07,5d9fa1d1c74e4a6f52978ef5aa2cd3f49dc14065758f30d3a6e8bdcd7b2cf922,experiments/mirror_applications/ma-482-residual-vq-mirror/artifacts/payloads/48212_0_native_rvq_K16_R4.pt
48212,0,generic_coeff_rvq,16,4,0.11850791424512863,"[0.8695108294487, 0.447125643491745, 0.24598835408687592, 0.16016149520874023]","[16, 16, 16, 16]",3417,26.6953125,0,128,2.1010703221691074e-06,4.88183616198512e-07,dab6165c4828a45df6cb4f1c702ff95bccac9628fcb429a5069b0e437edd50ed,experiments/mirror_applications/ma-482-residual-vq-mirror/artifacts/payloads/48212_0_generic_coeff_rvq_K16_R4.pt
48212,0,mirror_rvq,16,4,0.11850791424512863,"[0.8695108294487, 0.447125643491745, 0.24598835408687592, 0.16016149520874023]","[16, 16, 16, 16]",3037,23.7265625,0,128,1.6230937944783363e-06,6.008867217133229e-07,19c2372960f9e2f78a4f83017fc33110d5342627739991f48797a9b5e68c147e,experiments/mirror_applications/ma-482-residual-vq-mirror/artifacts/payloads/48212_0_mirror_rvq_K16_R4.pt
48212,0,dense,32,1,0.0,[],[],9833,76.8203125,0,0,4.677968945543398e-07,1.4125021152722184e-08,5b545972d1439d4df211244c71b83fd63e7c0bae8761ed96a273c4e25643136a,experiments/mirror_applications/ma-482-residual-vq-mirror/artifacts/payloads/48212_0_dense_K32_R1.pt
48212,0,native_rvq,32,1,0.38366883993148804,[1.0],[32],4069,31.7890625,512,32,2.107562522724038e-06,1.1395314913897892e-07,0d04cf151828dcf894c7f38f1931e96954414423fcbbdc9f4507ce68f00cdccc,experiments/mirror_applications/ma-482-residual-vq-mirror/artifacts/payloads/48212_0_native_rvq_K32_R1.pt
48212,0,generic_coeff_rvq,32,1,0.4991316795349121,[1.0],[31],3161,24.6953125,0,32,2.0440390926523833e-06,2.160585950150562e-07,f12f56fb9f08e6e9ef325db70e873609911c87055cf5b857152caf9efe01281d,experiments/mirror_applications/ma-482-residual-vq-mirror/artifacts/payloads/48212_0_generic_coeff_rvq_K32_R1.pt
48212,0,mirror_rvq,32,1,0.4991316795349121,[1.0],[31],2653,20.7265625,0,32,1.4535469290422043e-06,1.646952796363621e-07,9a8c9fda7b83cbefbead60cb3e582be61512e15b98f950ce7b273b5a48b7b6b8,experiments/mirror_applications/ma-482-residual-vq-mirror/artifacts/payloads/48212_0_mirror_rvq_K32_R1.pt
48212,0,dense,32,2,0.0,[],[],9833,76.8203125,0,0,4.3751560951932333e-07,1.4667989489680622e-08,5b545972d1439d4df211244c71b83fd63e7c0bae8761ed96a273c4e25643136a,experiments/mirror_applications/ma-482-residual-vq-mirror/artifacts/payloads/48212_0_dense_K32_R2.pt
48212,0,native_rvq,32,2,0.24527858197689056,"[0.9614455103874207, 0.38136425614356995]","[32, 31]",6245,48.7890625,1024,64,2.674734446372895e-06,2.0753901708303601e-07,08377fe9d1a36b7bb91b8c78bd3373b793d63a22925513e87b4aece176a57e25,experiments/mirror_applications/ma-482-residual-vq-mirror/artifacts/payloads/48212_0_native_rvq_K32_R2.pt
48212,0,generic_coeff_rvq,32,2,0.24800947308540344,"[0.9013192057609558, 0.4991316795349121]","[31, 32]",3289,25.6953125,0,64,2.0315155779826455e-06,3.7187891166468034e-07,67640bcd64314176406ba65add025d6342940c06a96d8bd83d5b7345595662ec,experiments/mirror_applications/ma-482-residual-vq-mirror/artifacts/payloads/48212_0_generic_coeff_rvq_K32_R2.pt
48212,0,mirror_rvq,32,2,0.24800947308540344,"[0.9013192057609558, 0.4991316795349121]","[31, 32]",2781,21.7265625,0,64,1.4501093801300158e-06,2.7173047101314296e-07,2d828ad43079f8a1e4ff9974e513f8296e76f32c20eea26c7713cd39a386f7af,experiments/mirror_applications/ma-482-residual-vq-mirror/artifacts/payloads/48212_0_mirror_rvq_K32_R2.pt
48212,0,dense,32,4,0.0,[],[],9833,76.8203125,0,0,4.6858599489496555e-07,1.4277361515269149e-08,5b545972d1439d4df211244c71b83fd63e7c0bae8761ed96a273c4e25643136a,experiments/mirror_applications/ma-482-residual-vq-mirror/artifacts/payloads/48212_0_dense_K32_R4.pt
48212,0,native_rvq,32,4,0.1334429681301117,"[0.9456086158752441, 0.30473655462265015, 0.21890950202941895, 0.17715568840503693]","[32, 29, 31, 31]",10597,82.7890625,2048,128,3.8318360111588845e-06,4.0035547499428503e-07,d33b1d28c181b9ff663c0049efb7903ccc6df96338912fc99611ea02f3215bb8,experiments/mirror_applications/ma-482-residual-vq-mirror/artifacts/payloads/48212_0_native_rvq_K32_R4.pt
48212,0,generic_coeff_rvq,32,4,0.053484126925468445,"[0.868175208568573, 0.43644508719444275, 0.22311601042747498, 0.12078287452459335]","[31, 32, 31, 31]",3545,27.6953125,0,128,2.043640620286169e-06,4.866171821049647e-07,e5e5367c200cf665d93dcecba915cf88abb1b9df40bd355c907a34bbac58fa8b,experiments/mirror_applications/ma-482-residual-vq-mirror/artifacts/payloads/48212_0_generic_coeff_rvq_K32_R4.pt
48212,0,mirror_rvq,32,4,0.053484126925468445,"[0.868175208568573, 0.43644508719444275, 0.22311601042747498, 0.12078287452459335]","[31, 32, 31, 31]",3037,23.7265625,0,128,1.4466718312178273e-06,5.095038773106353e-07,e98b804de62f2f6c6490a7fdeed4d7efd811db1c5944386daef2949decb54aae,experiments/mirror_applications/ma-482-residual-vq-mirror/artifacts/payloads/48212_0_mirror_rvq_K32_R4.pt
48212,1,dense,4,1,0.0,[],[],9833,76.8203125,0,0,4.2828912683035014e-07,1.4164072581479559e-08,cd582104a02c76da770de19a3b43a1c0ff8a77757e9be1ad1ee8ad3dbaac98bb,experiments/mirror_applications/ma-482-residual-vq-mirror/artifacts/payloads/48212_1_dense_K4_R1.pt
48212,1,native_rvq,4,1,0.6255107522010803,[1.0],[4],2277,17.7890625,64,32,1.9022655806111288e-06,1.125117705669254e-07,7eaac66cc5958d7c3a5c2e70edd86d92d8b211c69fa026895d7aa10b9ac38eaf,experiments/mirror_applications/ma-482-residual-vq-mirror/artifacts/payloads/48212_1_native_rvq_K4_R1.pt
48212,1,generic_coeff_rvq,4,1,0.6337547302246094,[1.0],[4],2969,23.1953125,0,32,2.231343728453794e-06,2.1519917936529964e-07,a8adf18557cc3e87edffd1f52d6d5d7f5adbfaf0eab7bbcb42fcc073b15fb740,experiments/mirror_applications/ma-482-residual-vq-mirror/artifacts/payloads/48212_1_generic_coeff_rvq_K4_R1.pt
48212,1,mirror_rvq,4,1,0.6337547302246094,[1.0],[4],2653,20.7265625,0,32,1.646960981815937e-06,1.6235151178989327e-07,fc2eb0a9a13e3dee02c7297807a5ebfe010b0bf1025704596096e7ca580e1c56,experiments/mirror_applications/ma-482-residual-vq-mirror/artifacts/payloads/48212_1_mirror_rvq_K4_R1.pt
48212,1,dense,4,2,0.0,[],[],9833,76.8203125,0,0,4.3078898670501076e-07,1.4085912880545948e-08,cd582104a02c76da770de19a3b43a1c0ff8a77757e9be1ad1ee8ad3dbaac98bb,experiments/mirror_applications/ma-482-residual-vq-mirror/artifacts/payloads/48212_1_dense_K4_R2.pt
48212,1,native_rvq,4,2,0.49000313878059387,"[0.9239880442619324, 0.6255674362182617]","[4, 4]",2661,20.7890625,128,64,2.3985389816516545e-06,2.079296450574475e-07,84c87a33e91936cee1661af32d5a72a5712a3ec9d52c4b3238e825fa95df5724,experiments/mirror_applications/ma-482-residual-vq-mirror/artifacts/payloads/48212_1_native_rvq_K4_R2.pt
48212,1,generic_coeff_rvq,4,2,0.5001814961433411,"[0.9211604595184326, 0.6337547302246094]","[4, 4]",3097,24.1953125,0,64,2.0394219291119953e-06,3.7180461731622927e-07,74a1120869b25a6582194631f28c8fa4db06cbecbf0a56b8ed455573a9ed14d3,experiments/mirror_applications/ma-482-residual-vq-mirror/artifacts/payloads/48212_1_generic_coeff_rvq_K4_R2.pt
48212,1,mirror_rvq,4,2,0.5001814961433411,"[0.9211604595184326, 0.6337547302246094]","[4, 4]",2781,21.7265625,0,64,1.5534609474343597e-06,2.759570065791195e-07,57e0d63c34e539a1f11869fd6cdd0a06e0236ead586feba4ba7d503f4fd4c78d,experiments/mirror_applications/ma-482-residual-vq-mirror/artifacts/payloads/48212_1_mirror_rvq_K4_R2.pt
48212,1,dense,4,4,0.0,[],[],9833,76.8203125,0,0,4.275000264897244e-07,1.439843799744267e-08,cd582104a02c76da770de19a3b43a1c0ff8a77757e9be1ad1ee8ad3dbaac98bb,experiments/mirror_applications/ma-482-residual-vq-mirror/artifacts/payloads/48212_1_dense_K4_R4.pt
48212,1,native_rvq,4,4,0.32498377561569214,"[0.8170450329780579, 0.5032350420951843, 0.44860127568244934, 0.3757178783416748]","[4, 4, 4, 4]",3429,26.7890625,256,128,3.308242185084964e-06,3.9574223364979844e-07,9ea86d7ecc9d6967963e745f6a54645151013a3a8ed2736b76864eea040bfb0a,experiments/mirror_applications/ma-482-residual-vq-mirror/artifacts/payloads/48212_1_native_rvq_K4_R4.pt
48212,1,generic_coeff_rvq,4,4,0.4497470557689667,"[0.8947778940200806, 0.5947570204734802, 0.4906608462333679, 0.4601150453090668]","[4, 4, 4, 4]",3353,26.1953125,0,128,2.134163992195681e-06,4.864219249611779e-07,83cdd70d2b71d7e4ec8ef8ecbbd80b3bfd20e214d13e2b24c1f06cdc19fd72d7,experiments/mirror_applications/ma-482-residual-vq-mirror/artifacts/payloads/48212_1_generic_coeff_rvq_K4_R4.pt
48212,1,mirror_rvq,4,4,0.4497470557689667,"[0.8947778940200806, 0.5947570204734802, 0.4906608462333679, 0.4601150453090668]","[4, 4, 4, 4]",3037,23.7265625,0,128,1.4639609844380175e-06,5.034805212744686e-07,14865d2123e68ec798c78119ad070aaf11addc64dac618867caa0c1662746fbf,experiments/mirror_applications/ma-482-residual-vq-mirror/artifacts/payloads/48212_1_mirror_rvq_K4_R4.pt
48212,1,dense,8,1,0.0,[],[],9833,76.8203125,0,0,4.454219606486731e-07,1.4121042113401927e-08,cd582104a02c76da770de19a3b43a1c0ff8a77757e9be1ad1ee8ad3dbaac98bb,experiments/mirror_applications/ma-482-residual-vq-mirror/artifacts/payloads/48212_1_dense_K8_R1.pt
48212,1,native_rvq,8,1,0.5425174832344055,[1.0],[8],2533,19.7890625,128,32,2.1053749605925987e-06,1.1458593007773743e-07,d71786c2fafc5662a67559c88cda021018921aab9ce6cbba05a942b2063db8dc,experiments/mirror_applications/ma-482-residual-vq-mirror/artifacts/payloads/48212_1_native_rvq_K8_R1.pt
48212,1,generic_coeff_rvq,8,1,0.5367248058319092,[1.0],[8],2969,23.1953125,0,32,2.0818985149162472e-06,2.162187229259871e-07,ec554eaf3636150562e91a4d07a0b0c4444e913a58b9908f81f54b59bffd9e2e,experiments/mirror_applications/ma-482-residual-vq-mirror/artifacts/payloads/48212_1_generic_coeff_rvq_K8_R1.pt
48212,1,mirror_rvq,8,1,0.5367248058319092,[1.0],[8],2653,20.7265625,0,32,1.39455471526162e-06,1.5988280210876837e-07,9849270aac216fdbfefc67f5215a08c1d79fe58bfbc62ad2c44a97a358157358,experiments/mirror_applications/ma-482-residual-vq-mirror/artifacts/payloads/48212_1_mirror_rvq_K8_R1.pt
48212,1,dense,8,2,0.0,[],[],9833,76.8203125,0,0,4.382266070024343e-07,1.4437489426200045e-08,cd582104a02c76da770de19a3b43a1c0ff8a77757e9be1ad1ee8ad3dbaac98bb,experiments/mirror_applications/ma-482-residual-vq-mirror/artifacts/payloads/48212_1_dense_K8_R2.pt
48212,1,native_rvq,8,2,0.37056922912597656,"[0.9263139367103577, 0.5456913113594055]","[8, 8]",3173,24.7890625,256,64,2.469195351295639e-06,2.079999603665783e-07,2246a8055392304977ef7dfd8a73637081ebbb972a941f08932a77f932b19bc2,experiments/mirror_applications/ma-482-residual-vq-mirror/artifacts/payloads/48212_1_native_rvq_K8_R2.pt
48212,1,generic_coeff_rvq,8,2,0.3297063410282135,"[0.9058878421783447, 0.5367248058319092]","[8, 8]",3097,24.1953125,0,64,2.0214999949530466e-06,3.699218495967216e-07,1193bfd61beb7400dbba2f00b01b6a0459c235c00530d11d6631db55653ce40a,experiments/mirror_applications/ma-482-residual-vq-mirror/artifacts/payloads/48212_1_generic_coeff_rvq_K8_R2.pt
48212,1,mirror_rvq,8,2,0.3297063410282135,"[0.9058878421783447, 0.5367248058319092]","[8, 8]",2781,21.7265625,0,64,1.5959531083353795e-06,2.7012504233425716e-07,27d558f2fc366fbe23e22cbe4439b23a973880d127db3398ccd936f66a9429e9,experiments/mirror_applications/ma-482-residual-vq-mirror/artifacts/payloads/48212_1_mirror_rvq_K8_R2.pt
48212,1,dense,8,4,0.0,[],[],9833,76.8203125,0,0,4.137421001360053e-07,1.4242118595575448e-08,cd582104a02c76da770de19a3b43a1c0ff8a77757e9be1ad1ee8ad3dbaac98bb,experiments/mirror_applications/ma-482-residual-vq-mirror/artifacts/payloads/48212_1_dense_K8_R4.pt
48212,1,native_rvq,8,4,0.23984834551811218,"[0.8729697465896606, 0.4416044056415558, 0.32683712244033813, 0.2924104332923889]","[8, 8, 8, 8]",4453,34.7890625,512,128,3.3380624699930195e-06,3.9386327443935443e-07,6b850d322cfa586175fb9fa53618e565bed113241da4246b0b67db82df2c1471,experiments/mirror_applications/ma-482-residual-vq-mirror/artifacts/payloads/48212_1_native_rvq_K8_R4.pt
48212,1,generic_coeff_rvq,8,4,0.23002345860004425,"[0.8745498061180115, 0.4819523096084595, 0.31231847405433655, 0.25312891602516174]","[8, 8, 8, 8]",3353,26.1953125,0,128,2.107101522597077e-06,4.849335368817265e-07,7e5116f6e3882dba36b56da78a9926ab2f72589ec4e33aa7a1bf37e454f8bd5e,experiments/mirror_applications/ma-482-residual-vq-mirror/artifacts/payloads/48212_1_generic_coeff_rvq_K8_R4.pt
48212,1,mirror_rvq,8,4,0.23002345860004425,"[0.8745498061180115, 0.4819523096084595, 0.31231847405433655, 0.25312891602516174]","[8, 8, 8, 8]",3037,23.7265625,0,128,1.3898671795686823e-06,5.093046411275282e-07,cce8d420cd6e71580c4bcfc2219671d6eadff041046936d6ae5dbbf9d004a70f,experiments/mirror_applications/ma-482-residual-vq-mirror/artifacts/payloads/48212_1_mirror_rvq_K8_R4.pt
48212,1,dense,16,1,0.0,[],[],9833,76.8203125,0,0,4.575547336571617e-07,1.435552121620276e-08,cd582104a02c76da770de19a3b43a1c0ff8a77757e9be1ad1ee8ad3dbaac98bb,experiments/mirror_applications/ma-482-residual-vq-mirror/artifacts/payloads/48212_1_dense_K16_R1.pt
48212,1,native_rvq,16,1,0.4418327808380127,[1.0],[16],3045,23.7890625,256,32,1.8327109501115046e-06,1.136835408033221e-07,2d66642fe9cbbaab6b52531323cb6d088e5ff5edb7c4a2a4da94aa0574f4acd7,experiments/mirror_applications/ma-482-residual-vq-mirror/artifacts/payloads/48212_1_native_rvq_K16_R1.pt
48212,1,generic_coeff_rvq,16,1,0.5070430040359497,[1.0],[16],3033,23.6953125,0,32,2.1104609686517506e-06,2.1371482716858736e-07,d576bb49001b5d50eb191ee55e33152382b51fc146494464b7c77bd47008a05e,experiments/mirror_applications/ma-482-residual-vq-mirror/artifacts/payloads/48212_1_generic_coeff_rvq_K16_R1.pt
48212,1,mirror_rvq,16,1,0.5070430040359497,[1.0],[16],2653,20.7265625,0,32,1.3563749234890565e-06,1.6621879694866948e-07,fe90c0960731c60a7aa3cac860c0f2b664fc39651dc8749a8b527afb0bfba928,experiments/mirror_applications/ma-482-residual-vq-mirror/artifacts/payloads/48212_1_mirror_rvq_K16_R1.pt
48212,1,dense,16,2,0.0,[],[],9833,76.8203125,0,0,6.581562956853304e-07,1.4082047528063413e-08,cd582104a02c76da770de19a3b43a1c0ff8a77757e9be1ad1ee8ad3dbaac98bb,experiments/mirror_applications/ma-482-residual-vq-mirror/artifacts/payloads/48212_1_dense_K16_R2.pt
48212,1,native_rvq,16,2,0.30826228857040405,"[0.9631778001785278, 0.4331147074699402]","[16, 15]",4197,32.7890625,512,64,2.4094999844237464e-06,2.2114846842669067e-07,c527a2f9a302f7af19e0604b367e3b75a7a51846507fc463f5f398b8bb5b5a7b,experiments/mirror_applications/ma-482-residual-vq-mirror/artifacts/payloads/48212_1_native_rvq_K16_R2.pt
48212,1,generic_coeff_rvq,16,2,0.26706305146217346,"[0.9023469686508179, 0.5070430040359497]","[16, 16]",3161,24.6953125,0,64,2.0664921294155647e-06,3.7101955285834265e-07,bf9170ad22d2b25a9c3c21c00eaf79a74d9fca3c2c5faa24a36c0b01a38c38cc,experiments/mirror_applications/ma-482-residual-vq-mirror/artifacts/payloads/48212_1_generic_coeff_rvq_K16_R2.pt
48212,1,mirror_rvq,16,2,0.26706305146217346,"[0.9023469686508179, 0.5070430040359497]","[16, 16]",2781,21.7265625,0,64,1.3841485042576096e-06,2.79242215128761e-07,24e7cf0c9d1f5c0c6577db6a77d724fa1e917857500c6f867bfd1646c224d859,experiments/mirror_applications/ma-482-residual-vq-mirror/artifacts/payloads/48212_1_mirror_rvq_K16_R2.pt
48212,1,dense,16,4,0.0,[],[],9833,76.8203125,0,0,5.023046014684951e-07,1.447654085495742e-08,cd582104a02c76da770de19a3b43a1c0ff8a77757e9be1ad1ee8ad3dbaac98bb,experiments/mirror_applications/ma-482-residual-vq-mirror/artifacts/payloads/48212_1_dense_K16_R4.pt
48212,1,native_rvq,16,4,0.18282538652420044,"[0.9195107817649841, 0.3640999495983124, 0.27594250440597534, 0.23373499512672424]","[16, 16, 16, 16]",6501,50.7890625,1024,128,3.2597343988527427e-06,4.0035934034676757e-07,e0e5890afa38555db3e045e952b63be22a1079569b7f67a565da328b31a8de9c,experiments/mirror_applications/ma-482-residual-vq-mirror/artifacts/payloads/48212_1_native_rvq_K16_R4.pt
48212,1,generic_coeff_rvq,16,4,0.11506165564060211,"[0.869566798210144, 0.44610440731048584, 0.2443273365497589, 0.15768960118293762]","[16, 16, 16, 16]",3417,26.6953125,0,128,2.3210078552438063e-06,4.874765977547213e-07,40aa7485bc9803d8e5e04029dae12475a24a63d0079e5edc70b64f989941a62a,experiments/mirror_applications/ma-482-residual-vq-mirror/artifacts/payloads/48212_1_generic_coeff_rvq_K16_R4.pt
48212,1,mirror_rvq,16,4,0.11506165564060211,"[0.869566798210144, 0.44610440731048584, 0.2443273365497589, 0.15768960118293762]","[16, 16, 16, 16]",3037,23.7265625,0,128,1.5373515225292067e-06,5.119648562867951e-07,5fed620cc7abf49aa24db5c72f7dc9e568ec44b8b80e03a744f22e464298ed45,experiments/mirror_applications/ma-482-residual-vq-mirror/artifacts/payloads/48212_1_mirror_rvq_K16_R4.pt
48212,1,dense,32,1,0.0,[],[],9833,76.8203125,0,0,5.03007868246641e-07,1.4085912880545948e-08,cd582104a02c76da770de19a3b43a1c0ff8a77757e9be1ad1ee8ad3dbaac98bb,experiments/mirror_applications/ma-482-residual-vq-mirror/artifacts/payloads/48212_1_dense_K32_R1.pt
48212,1,native_rvq,32,1,0.38061320781707764,[1.0],[30],4069,31.7890625,512,32,1.9053906044064206e-06,1.2044529285049066e-07,70ff2712ccc994c2d757495fe485460ef75dba3e2e672ba21001e6876a3c1151,experiments/mirror_applications/ma-482-residual-vq-mirror/artifacts/payloads/48212_1_native_rvq_K32_R1.pt
48212,1,generic_coeff_rvq,32,1,0.4996018409729004,[1.0],[32],3161,24.6953125,0,32,2.1843984541192185e-06,2.126562890225614e-07,8bdeb48402078e1d3128d37f0e0cc18b8a0b9f2b4594fb0ef7e7982a63bb4279,experiments/mirror_applications/ma-482-residual-vq-mirror/artifacts/payloads/48212_1_generic_coeff_rvq_K32_R1.pt
48212,1,mirror_rvq,32,1,0.4996018409729004,[1.0],[32],2653,20.7265625,0,32,1.441351514586131e-06,1.5914457662802306e-07,7e86179872e7c3545df13b38e2b9a22e2744cca1ea85eb8488d0f70ebd74c731,experiments/mirror_applications/ma-482-residual-vq-mirror/artifacts/payloads/48212_1_mirror_rvq_K32_R1.pt
48212,1,dense,32,2,0.0,[],[],9833,76.8203125,0,0,4.3525790260900976e-07,1.4390593605639879e-08,cd582104a02c76da770de19a3b43a1c0ff8a77757e9be1ad1ee8ad3dbaac98bb,experiments/mirror_applications/ma-482-residual-vq-mirror/artifacts/payloads/48212_1_dense_K32_R2.pt
48212,1,native_rvq,32,2,0.24436210095882416,"[0.962671160697937, 0.3748331367969513]","[31, 32]",6245,48.7890625,1024,64,2.4836718921505962e-06,2.200507651650696e-07,a8ecd26a594ec1bfae9c5f6babfdf96efa8942e98d1c795fb41ac0ceafd19267,experiments/mirror_applications/ma-482-residual-vq-mirror/artifacts/payloads/48212_1_native_rvq_K32_R2.pt
48212,1,generic_coeff_rvq,32,2,0.24906504154205322,"[0.9013497829437256, 0.4996018409729004]","[32, 31]",3289,25.6953125,0,64,2.120398335136997e-06,3.710976557158574e-07,79b3cef816c461eeac234a1cbe09df35bc3e4224238be3f8e14cd7457c14f0b1,experiments/mirror_applications/ma-482-residual-vq-mirror/artifacts/payloads/48212_1_generic_coeff_rvq_K32_R2.pt
48212,1,mirror_rvq,32,2,0.24906504154205322,"[0.9013497829437256, 0.4996018409729004]","[32, 31]",2781,21.7265625,0,64,1.488914108449535e-06,2.750937255768804e-07,43bb2d775531389806606bf261cf3e17154f0b95c873e3a15cdb1db03c8761c1,experiments/mirror_applications/ma-482-residual-vq-mirror/artifacts/payloads/48212_1_mirror_rvq_K32_R2.pt
48212,1,dense,32,4,0.0,[],[],9833,76.8203125,0,0,5.100467888041749e-07,1.3925784969615052e-08,cd582104a02c76da770de19a3b43a1c0ff8a77757e9be1ad1ee8ad3dbaac98bb,experiments/mirror_applications/ma-482-residual-vq-mirror/artifacts/payloads/48212_1_dense_K32_R4.pt
48212,1,native_rvq,32,4,0.12774404883384705,"[0.9457707405090332, 0.30474430322647095, 0.21083080768585205, 0.172942116856575]","[31, 31, 31, 31]",10597,82.7890625,2048,128,3.6586875467037316e-06,3.9475781932196696e-07,68e387ae70de40db7c382bc8c530cb4e982812ee784be8dcb59a171d48759e79,experiments/mirror_applications/ma-482-residual-vq-mirror/artifacts/payloads/48212_1_native_rvq_K32_R4.pt
48212,1,generic_coeff_rvq,32,4,0.058267850428819656,"[0.8682126402854919, 0.4369939863681793, 0.22427622973918915, 0.12299881875514984]","[32, 31, 31, 31]",3545,27.6953125,0,128,2.1283827891238616e-06,4.888086664323055e-07,f0204d8e3e77cb4975e21c4b39da5f8ee2b3b7f480b8e282cafa4632285ddaad,experiments/mirror_applications/ma-482-residual-vq-mirror/artifacts/payloads/48212_1_generic_coeff_rvq_K32_R4.pt
48212,1,mirror_rvq,32,4,0.058267850428819656,"[0.8682126402854919, 0.4369939863681793, 0.22427622973918915, 0.12299881875514984]","[32, 31, 31, 31]",3037,23.7265625,0,128,1.3930703062214889e-06,5.106757043904508e-07,edfd3cf46fcf0d4bfd124c3a58324e476c005cd22b4f2aa9052ec3326d09b67a,experiments/mirror_applications/ma-482-residual-vq-mirror/artifacts/payloads/48212_1_mirror_rvq_K32_R4.pt
48212,2,dense,4,1,0.0,[],[],9833,76.8203125,0,0,4.882265329797519e-07,1.4203067166818073e-08,51f44eb707686d160be46a2c44a5f8f784507319b5de76d4e4108f03d08bb9b6,experiments/mirror_applications/ma-482-residual-vq-mirror/artifacts/payloads/48212_2_dense_K4_R1.pt
48212,2,native_rvq,4,1,0.6168006062507629,[1.0],[4],2277,17.7890625,64,32,1.820343754843634e-06,1.1520705811562948e-07,7bfbe846efaa7f2ef80469db83a7d7b013a4737963be9af6541e4822319324db,experiments/mirror_applications/ma-482-residual-vq-mirror/artifacts/payloads/48212_2_native_rvq_K4_R1.pt
48212,2,generic_coeff_rvq,4,1,0.6188509464263916,[1.0],[4],2969,23.1953125,0,32,2.135187514795689e-06,2.1363666746765375e-07,acd408c90f16403af74fefd72b2194fffeb99c9000368ff49b92bcf0a99b74e9,experiments/mirror_applications/ma-482-residual-vq-mirror/artifacts/payloads/48212_2_generic_coeff_rvq_K4_R1.pt
48212,2,mirror_rvq,4,1,0.6188509464263916,[1.0],[4],2653,20.7265625,0,32,1.3214843193054548e-06,1.6864839835761813e-07,9df8c0bbabae835c7bdffb82323fe2ef61d5e6171db70a0ffbe29347937f1a2c,experiments/mirror_applications/ma-482-residual-vq-mirror/artifacts/payloads/48212_2_mirror_rvq_K4_R1.pt
48212,2,dense,4,2,0.0,[],[],9833,76.8203125,0,0,4.263359869582928e-07,1.4082047528063413e-08,51f44eb707686d160be46a2c44a5f8f784507319b5de76d4e4108f03d08bb9b6,experiments/mirror_applications/ma-482-residual-vq-mirror/artifacts/payloads/48212_2_dense_K4_R2.pt
48212,2,native_rvq,4,2,0.49165353178977966,"[0.9223004579544067, 0.6162576675415039]","[4, 4]",2661,20.7890625,128,64,2.3317264776778757e-06,2.1301167407727917e-07,965766a44f47e4035e4125e3def229298fca07d0479f143b8ff3fe00d48bbab1,experiments/mirror_applications/ma-482-residual-vq-mirror/artifacts/payloads/48212_2_native_rvq_K4_R2.pt
48212,2,generic_coeff_rvq,4,2,0.48527511954307556,"[0.9233176708221436, 0.6188509464263916]","[4, 4]",3097,24.1953125,0,64,2.1447266362883965e-06,3.779804842451995e-07,e2437c2e72b7dea58aa3569da9a62ec49a6e9462bbfbec91487e129b87f154a2,experiments/mirror_applications/ma-482-residual-vq-mirror/artifacts/payloads/48212_2_generic_coeff_rvq_K4_R2.pt
48212,2,mirror_rvq,4,2,0.48527511954307556,"[0.9233176708221436, 0.6188509464263916]","[4, 4]",2781,21.7265625,0,64,3.3475234886282124e-06,2.7587890372160473e-07,64102f822a503d27b5b4331a56db1e817598777c9f307a2bdcb9a2d370f41353,experiments/mirror_applications/ma-482-residual-vq-mirror/artifacts/payloads/48212_2_mirror_rvq_K4_R2.pt
48212,2,dense,4,4,0.0,[],[],9833,76.8203125,0,0,1.648296802159166e-06,1.4238196399674052e-08,51f44eb707686d160be46a2c44a5f8f784507319b5de76d4e4108f03d08bb9b6,experiments/mirror_applications/ma-482-residual-vq-mirror/artifacts/payloads/48212_2_dense_K4_R4.pt
48212,2,native_rvq,4,4,0.3401596248149872,"[0.8343591690063477, 0.5034385323524475, 0.4769924581050873, 0.39164164662361145]","[4, 4, 4, 4]",3429,26.7890625,256,128,3.4311641456952202e-06,4.0841405279934406e-07,f13a3205d996f4f3cc5996a7f0c15508e9c919b66aabde92e8c2bcf379bd4a35,experiments/mirror_applications/ma-482-residual-vq-mirror/artifacts/payloads/48212_2_native_rvq_K4_R4.pt
48212,2,generic_coeff_rvq,4,4,0.4352896213531494,"[0.8980538845062256, 0.5804838538169861, 0.4754876494407654, 0.4459601938724518]","[4, 4, 4, 4]",3353,26.1953125,0,128,2.1485702745849267e-06,4.880624828729196e-07,83950eb6c12e7d35b6d0922eaa6d2d6215e5074f3a6780c99bf60b5edb78e194,experiments/mirror_applications/ma-482-residual-vq-mirror/artifacts/payloads/48212_2_generic_coeff_rvq_K4_R4.pt
48212,2,mirror_rvq,4,4,0.4352896213531494,"[0.8980538845062256, 0.5804838538169861, 0.4754876494407654, 0.4459601938724518]","[4, 4, 4, 4]",3037,23.7265625,0,128,1.4427578207687475e-06,5.085234420221241e-07,84775e6f70d9647c69a80d6bc4ee4084821ec414eb5ed1c0185b9632bc89f6cf,experiments/mirror_applications/ma-482-residual-vq-mirror/artifacts/payloads/48212_2_mirror_rvq_K4_R4.pt
48212,2,dense,8,1,0.0,[],[],9833,76.8203125,0,0,4.6498439587594476e-07,1.4320221453090198e-08,51f44eb707686d160be46a2c44a5f8f784507319b5de76d4e4108f03d08bb9b6,experiments/mirror_applications/ma-482-residual-vq-mirror/artifacts/payloads/48212_2_dense_K8_R1.pt
48212,2,native_rvq,8,1,0.5442813038825989,[1.0],[8],2533,19.7890625,128,32,1.999437472477439e-06,1.1235152896915679e-07,5b692d929ecefd795a6b173b244bb5e9d36c4ca375037f97981038da969fe306,experiments/mirror_applications/ma-482-residual-vq-mirror/artifacts/payloads/48212_2_native_rvq_K8_R1.pt
48212,2,generic_coeff_rvq,8,1,0.5321820378303528,[1.0],[8],2969,23.1953125,0,32,2.0787812218259205e-06,2.1402735228548408e-07,08655fea129559e25f59355120b02430fd39401bff46142d8a4f90afd68a4afb,experiments/mirror_applications/ma-482-residual-vq-mirror/artifacts/payloads/48212_2_generic_coeff_rvq_K8_R1.pt
48212,2,mirror_rvq,8,1,0.5321820378303528,[1.0],[8],2653,20.7265625,0,32,1.4358749922394054e-06,1.6332427321685827e-07,667fa8192a7b12795060fd4c34af97fab38d6f2cf99c7850216a806c4fcadea6,experiments/mirror_applications/ma-482-residual-vq-mirror/artifacts/payloads/48212_2_mirror_rvq_K8_R1.pt
48212,2,dense,8,2,0.0,[],[],9833,76.8203125,0,0,4.6381251195271034e-07,1.4160150385578163e-08,51f44eb707686d160be46a2c44a5f8f784507319b5de76d4e4108f03d08bb9b6,experiments/mirror_applications/ma-482-residual-vq-mirror/artifacts/payloads/48212_2_dense_K8_R2.pt
48212,2,native_rvq,8,2,0.3693493902683258,"[0.9242334961891174, 0.5230907797813416]","[8, 8]",3173,24.7890625,256,64,2.5278749262724887e-06,2.1301173092069803e-07,f417d7c37a8c2fc5abeee4c0fc1fa0ab96d641bb4eed081b878eee65ef44d43f,experiments/mirror_applications/ma-482-residual-vq-mirror/artifacts/payloads/48212_2_native_rvq_K8_R2.pt
48212,2,generic_coeff_rvq,8,2,0.3244726359844208,"[0.9066779017448425, 0.5321820378303528]","[8, 8]",3097,24.1953125,0,64,2.1255624460536637e-06,3.711327849487134e-07,c3556f0d31bde5d14f35a16dbe2fef978832cf4795292d3ace29eee2414632d6,experiments/mirror_applications/ma-482-residual-vq-mirror/artifacts/payloads/48212_2_generic_coeff_rvq_K8_R2.pt
48212,2,mirror_rvq,8,2,0.3244726359844208,"[0.9066779017448425, 0.5321820378303528]","[8, 8]",2781,21.7265625,0,64,1.345265559393738e-06,2.789648192447203e-07,99c23826d91159901227a6db40ecc86987d4ef9f582f5fdbdd684b6eed56a093,experiments/mirror_applications/ma-482-residual-vq-mirror/artifacts/payloads/48212_2_mirror_rvq_K8_R2.pt
48212,2,dense,8,4,0.0,[],[],9833,76.8203125,0,0,4.1052339838643093e-07,1.4164072581479559e-08,51f44eb707686d160be46a2c44a5f8f784507319b5de76d4e4108f03d08bb9b6,experiments/mirror_applications/ma-482-residual-vq-mirror/artifacts/payloads/48212_2_dense_K8_R4.pt
48212,2,native_rvq,8,4,0.23853743076324463,"[0.8815630674362183, 0.44475579261779785, 0.32988741993904114, 0.30031058192253113]","[8, 8, 8, 8]",4453,34.7890625,512,128,3.23289839343488e-06,3.94488267829729e-07,935dc5d06c3d9f788120404b5a5a1b65c751da3c2f3b0221ed9956e90e65b3fb,experiments/mirror_applications/ma-482-residual-vq-mirror/artifacts/payloads/48212_2_native_rvq_K8_R4.pt
48212,2,generic_coeff_rvq,8,4,0.22253304719924927,"[0.8753875494003296, 0.47692370414733887, 0.30681559443473816, 0.24630805850028992]","[8, 8, 8, 8]",3353,26.1953125,0,128,2.091453097818885e-06,4.860312401433475e-07,a8b4ac8017779c3d61bee85090506ef4dfa46a26e37b8de5abb7ff09c6b40ac4,experiments/mirror_applications/ma-482-residual-vq-mirror/artifacts/payloads/48212_2_generic_coeff_rvq_K8_R4.pt
48212,2,mirror_rvq,8,4,0.22253304719924927,"[0.8753875494003296, 0.47692370414733887, 0.30681559443473816, 0.24630805850028992]","[8, 8, 8, 8]",3037,23.7265625,0,128,1.4243750001696753e-06,5.006992296330282e-07,d960978d7b223b6935e059612f83ea1f774d7473d5a090232fabff67a3caa5c2,experiments/mirror_applications/ma-482-residual-vq-mirror/artifacts/payloads/48212_2_mirror_rvq_K8_R4.pt
48212,2,dense,16,1,0.0,[],[],9833,76.8203125,0,0,4.2688282064773375e-07,1.4164015738060698e-08,51f44eb707686d160be46a2c44a5f8f784507319b5de76d4e4108f03d08bb9b6,experiments/mirror_applications/ma-482-residual-vq-mirror/artifacts/payloads/48212_2_dense_K16_R1.pt
48212,2,native_rvq,16,1,0.4516960084438324,[1.0],[16],3045,23.7890625,256,32,1.8466328128852183e-06,1.1392182841518661e-07,618e2bcf46abc201364c2963d7c7743400547bfa01078aeef2c8877400ffedff,experiments/mirror_applications/ma-482-residual-vq-mirror/artifacts/payloads/48212_2_native_rvq_K16_R1.pt
48212,2,generic_coeff_rvq,16,1,0.5057451128959656,[1.0],[16],3033,23.6953125,0,32,2.2247656943363836e-06,2.150859472749289e-07,d52efd5546e22a4c627a03c8e67363fa8cf43d71a97a7395ac4273e3c1eba1e5,experiments/mirror_applications/ma-482-residual-vq-mirror/artifacts/payloads/48212_2_generic_coeff_rvq_K16_R1.pt
48212,2,mirror_rvq,16,1,0.5057451128959656,[1.0],[16],2653,20.7265625,0,32,1.5452500292667537e-06,1.6266409375020885e-07,b5427fd48ab19ef9de387c52aa64b26dfad89a0863acbb8688207662a22ee339,experiments/mirror_applications/ma-482-residual-vq-mirror/artifacts/payloads/48212_2_mirror_rvq_K16_R1.pt
48212,2,dense,16,2,0.0,[],[],9833,76.8203125,0,0,5.55984343009186e-07,1.424223228241317e-08,51f44eb707686d160be46a2c44a5f8f784507319b5de76d4e4108f03d08bb9b6,experiments/mirror_applications/ma-482-residual-vq-mirror/artifacts/payloads/48212_2_dense_K16_R2.pt
48212,2,native_rvq,16,2,0.31445810198783875,"[0.9614986777305603, 0.4524939954280853]","[16, 16]",4197,32.7890625,512,64,2.613554784147709e-06,2.0694528757303488e-07,3d3739887a84d9fc93c9e340ac89752d3a28de67896b85d7fc626e5dd1f5d5f6,experiments/mirror_applications/ma-482-residual-vq-mirror/artifacts/payloads/48212_2_native_rvq_K16_R2.pt
48212,2,generic_coeff_rvq,16,2,0.26416128873825073,"[0.902221143245697, 0.5057451128959656]","[16, 16]",3161,24.6953125,0,64,2.0826093987125205e-06,3.762187930078653e-07,36d81a11f3b70327630f10921e03df0ac5261585e7afd3c02c38e73cb6e15476,experiments/mirror_applications/ma-482-residual-vq-mirror/artifacts/payloads/48212_2_generic_coeff_rvq_K16_R2.pt
48212,2,mirror_rvq,16,2,0.26416128873825073,"[0.902221143245697, 0.5057451128959656]","[16, 16]",2781,21.7265625,0,64,1.3742968576480052e-06,2.7908595257031266e-07,c693c55cb07e544aedcf20e5aae343c680e3a186ad5fe1a63908f803274de3a9,experiments/mirror_applications/ma-482-residual-vq-mirror/artifacts/payloads/48212_2_mirror_rvq_K16_R2.pt
48212,2,dense,16,4,0.0,[],[],9833,76.8203125,0,0,4.372813009467791e-07,1.4046918295207433e-08,51f44eb707686d160be46a2c44a5f8f784507319b5de76d4e4108f03d08bb9b6,experiments/mirror_applications/ma-482-residual-vq-mirror/artifacts/payloads/48212_2_dense_K16_R4.pt
48212,2,native_rvq,16,4,0.18650734424591064,"[0.9215596318244934, 0.36255377531051636, 0.277001291513443, 0.23739567399024963]","[16, 16, 16, 16]",6501,50.7890625,1024,128,3.643273430498084e-06,4.033320237795124e-07,446292dde892fe4e3c3e961a7c4995a58b11ab643af2e91768faef888f468f0a,experiments/mirror_applications/ma-482-residual-vq-mirror/artifacts/payloads/48212_2_native_rvq_K16_R4.pt
48212,2,generic_coeff_rvq,16,4,0.10844282805919647,"[0.869472086429596, 0.4446985423564911, 0.24116960167884827, 0.15289948880672455]","[16, 16, 16, 16]",3417,26.6953125,0,128,2.0996641296733287e-06,5.118867534292804e-07,b6ee8ed500e394aea18dc8099f4fe44dcb0a57bc0af144b86b8c8f0e6898724a,experiments/mirror_applications/ma-482-residual-vq-mirror/artifacts/payloads/48212_2_generic_coeff_rvq_K16_R4.pt
48212,2,mirror_rvq,16,4,0.10844282805919647,"[0.869472086429596, 0.4446985423564911, 0.24116960167884827, 0.15289948880672455]","[16, 16, 16, 16]",3037,23.7265625,0,128,1.680210971244378e-06,5.016015620640246e-07,9f528a7bf363b17f5e41bbf786ccec002b48857414a49415c58d25c5266b69ba,experiments/mirror_applications/ma-482-residual-vq-mirror/artifacts/payloads/48212_2_mirror_rvq_K16_R4.pt
48212,2,dense,32,1,0.0,[],[],9833,76.8203125,0,0,4.2789849885593867e-07,1.4316412944026524e-08,51f44eb707686d160be46a2c44a5f8f784507319b5de76d4e4108f03d08bb9b6,experiments/mirror_applications/ma-482-residual-vq-mirror/artifacts/payloads/48212_2_dense_K32_R1.pt
48212,2,native_rvq,32,1,0.3723115622997284,[1.0],[31],4069,31.7890625,512,32,2.0441952983674128e-06,1.1165235491716885e-07,f2fa0906ddc9593d12d36951b96d7b266fcefd1b5718054eef2b1b04c033d552,experiments/mirror_applications/ma-482-residual-vq-mirror/artifacts/payloads/48212_2_native_rvq_K32_R1.pt
48212,2,generic_coeff_rvq,32,1,0.4995916485786438,[1.0],[32],3161,24.6953125,0,32,2.012898448811029e-06,2.1324615318008e-07,2f2c3bda5587b89535db145cfff360de5379a74766989661d4d74c1634b737ad,experiments/mirror_applications/ma-482-residual-vq-mirror/artifacts/payloads/48212_2_generic_coeff_rvq_K32_R1.pt
48212,2,mirror_rvq,32,1,0.4995916485786438,[1.0],[32],2653,20.7265625,0,32,1.3555937812270713e-06,1.6317187601089245e-07,809f69b494ff5b97c948d7b8247f89731e427d1311839cd3fc518f79c5247a93,experiments/mirror_applications/ma-482-residual-vq-mirror/artifacts/payloads/48212_2_mirror_rvq_K32_R1.pt
48212,2,dense,32,2,0.0,[],[],9833,76.8203125,0,0,4.120937546758796e-07,1.4203124010236934e-08,51f44eb707686d160be46a2c44a5f8f784507319b5de76d4e4108f03d08bb9b6,experiments/mirror_applications/ma-482-residual-vq-mirror/artifacts/payloads/48212_2_dense_K32_R2.pt
48212,2,native_rvq,32,2,0.24553517997264862,"[0.9612846970558167, 0.3779945373535156]","[31, 31]",6245,48.7890625,1024,64,2.589843802525138e-06,2.0710155013148324e-07,fe96c74bd582ba6e322b0de3758cef2e13ecd54a17fd589e20b14f0cdd0e334b,experiments/mirror_applications/ma-482-residual-vq-mirror/artifacts/payloads/48212_2_native_rvq_K32_R2.pt
48212,2,generic_coeff_rvq,32,2,0.24887128174304962,"[0.901301920413971, 0.4995916485786438]","[32, 32]",3289,25.6953125,0,64,2.1052186411907314e-06,3.684726266328653e-07,6b20a86dea41ddbde22d3a384c7bfd170401b121c6a37e525a745acc62a4539f,experiments/mirror_applications/ma-482-residual-vq-mirror/artifacts/payloads/48212_2_generic_coeff_rvq_K32_R2.pt
48212,2,mirror_rvq,32,2,0.24887128174304962,"[0.901301920413971, 0.4995916485786438]","[32, 32]",2781,21.7265625,0,64,1.3480859024639358e-06,2.738437387961312e-07,35d746858ee65567c64f41ab7a5854e235be5382cacb2b0595b6153e7eab060f,experiments/mirror_applications/ma-482-residual-vq-mirror/artifacts/payloads/48212_2_mirror_rvq_K32_R2.pt
48212,2,dense,32,4,0.0,[],[],9833,76.8203125,0,0,4.1694534047564957e-07,1.4234331047191517e-08,51f44eb707686d160be46a2c44a5f8f784507319b5de76d4e4108f03d08bb9b6,experiments/mirror_applications/ma-482-residual-vq-mirror/artifacts/payloads/48212_2_dense_K32_R4.pt
48212,2,native_rvq,32,4,0.13558466732501984,"[0.9413611888885498, 0.3029051423072815, 0.2199418544769287, 0.18533176183700562]","[31, 31, 32, 31]",10597,82.7890625,2048,128,3.7216718737909105e-06,3.9996876921577496e-07,69b39d8383fa0fdf249bb417844146b6fdcd50990f058ad2e642794b56d60142,experiments/mirror_applications/ma-482-residual-vq-mirror/artifacts/payloads/48212_2_native_rvq_K32_R4.pt
48212,2,generic_coeff_rvq,32,4,0.05751117691397667,"[0.8681679964065552, 0.43699249625205994, 0.22408248484134674, 0.1226029321551323]","[32, 32, 32, 32]",3545,27.6953125,0,128,2.080492208733631e-06,4.881796940026106e-07,5645c6b2277b7c26a05d2bcdf02f046ee22bdd39eb30122d15363f0e4527539d,experiments/mirror_applications/ma-482-residual-vq-mirror/artifacts/payloads/48212_2_generic_coeff_rvq_K32_R4.pt
48212,2,mirror_rvq,32,4,0.05751117691397667,"[0.8681679964065552, 0.43699249625205994, 0.22408248484134674, 0.1226029321551323]","[32, 32, 32, 32]",3037,23.7265625,0,128,1.4230469105314114e-06,5.129452915753063e-07,7528efdd335df1dd2a2310d97ffef10295551dfe61c97c3f1a4f29d5b79ef2fa,experiments/mirror_applications/ma-482-residual-vq-mirror/artifacts/payloads/48212_2_mirror_rvq_K32_R4.pt
