phase,world,seed,stratum,method,step,nrmse,payload_bytes,active_macs,train_seconds,sha256,path
fresh,27620,0,aligned_rotations,tied,0,0.18832245469093323,1088,131072,0.260640277992934,5c580018dd621166834a20f53db8f47b32e4243d92ad081124a531d86581c0bf,experiments/mirror_applications/ma-276-boft-depth-views/artifacts/payloads/27620_0_aligned_rotations_tied.bin
fresh,27620,0,aligned_rotations,tied,1,0.07044987380504608,1088,131072,0.260640277992934,5c580018dd621166834a20f53db8f47b32e4243d92ad081124a531d86581c0bf,experiments/mirror_applications/ma-276-boft-depth-views/artifacts/payloads/27620_0_aligned_rotations_tied.bin
fresh,27620,0,aligned_rotations,tied,2,0.07044989615678787,1088,131072,0.260640277992934,5c580018dd621166834a20f53db8f47b32e4243d92ad081124a531d86581c0bf,experiments/mirror_applications/ma-276-boft-depth-views/artifacts/payloads/27620_0_aligned_rotations_tied.bin
fresh,27620,0,aligned_rotations,tied,3,0.1883225291967392,1088,131072,0.260640277992934,5c580018dd621166834a20f53db8f47b32e4243d92ad081124a531d86581c0bf,experiments/mirror_applications/ma-276-boft-depth-views/artifacts/payloads/27620_0_aligned_rotations_tied.bin
fresh,27620,0,aligned_rotations,rank1,0,0.12209959328174591,1410,131072,0.35114434400747996,c0f63e3e8f4f3b3f4daa3ff2f460ce874c38a750fbda59a8e32220510884ba74,experiments/mirror_applications/ma-276-boft-depth-views/artifacts/payloads/27620_0_aligned_rotations_rank1.bin
fresh,27620,0,aligned_rotations,rank1,1,0.04550776258111,1410,131072,0.35114434400747996,c0f63e3e8f4f3b3f4daa3ff2f460ce874c38a750fbda59a8e32220510884ba74,experiments/mirror_applications/ma-276-boft-depth-views/artifacts/payloads/27620_0_aligned_rotations_rank1.bin
fresh,27620,0,aligned_rotations,rank1,2,0.04729779064655304,1410,131072,0.35114434400747996,c0f63e3e8f4f3b3f4daa3ff2f460ce874c38a750fbda59a8e32220510884ba74,experiments/mirror_applications/ma-276-boft-depth-views/artifacts/payloads/27620_0_aligned_rotations_rank1.bin
fresh,27620,0,aligned_rotations,rank1,3,0.12015054374933243,1410,131072,0.35114434400747996,c0f63e3e8f4f3b3f4daa3ff2f460ce874c38a750fbda59a8e32220510884ba74,experiments/mirror_applications/ma-276-boft-depth-views/artifacts/payloads/27620_0_aligned_rotations_rank1.bin
fresh,27620,0,aligned_rotations,lora,0,8.796748443273827e-05,2114,131072,0.3588362239970593,ae6f0cfb705c1ac96bd496ab73aeb293c1bacab41a607bf30849750aee55f452,experiments/mirror_applications/ma-276-boft-depth-views/artifacts/payloads/27620_0_aligned_rotations_lora.bin
fresh,27620,0,aligned_rotations,lora,1,2.6192412406089716e-05,2114,131072,0.3588362239970593,ae6f0cfb705c1ac96bd496ab73aeb293c1bacab41a607bf30849750aee55f452,experiments/mirror_applications/ma-276-boft-depth-views/artifacts/payloads/27620_0_aligned_rotations_lora.bin
fresh,27620,0,aligned_rotations,lora,2,2.8182541427668184e-05,2114,131072,0.3588362239970593,ae6f0cfb705c1ac96bd496ab73aeb293c1bacab41a607bf30849750aee55f452,experiments/mirror_applications/ma-276-boft-depth-views/artifacts/payloads/27620_0_aligned_rotations_lora.bin
fresh,27620,0,aligned_rotations,lora,3,1.746971065585967e-05,2114,131072,0.3588362239970593,ae6f0cfb705c1ac96bd496ab73aeb293c1bacab41a607bf30849750aee55f452,experiments/mirror_applications/ma-276-boft-depth-views/artifacts/payloads/27620_0_aligned_rotations_lora.bin
fresh,27620,0,aligned_rotations,mirror,0,3.664688108528935e-08,1106,131072,0.5751383979950333,614c01e74386fd74eb617e747630c7541aab4228ca6dd15f8d37033439d42297,experiments/mirror_applications/ma-276-boft-depth-views/artifacts/payloads/27620_0_aligned_rotations_mirror.bin
fresh,27620,0,aligned_rotations,mirror,1,3.400776904527447e-08,1106,131072,0.5751383979950333,614c01e74386fd74eb617e747630c7541aab4228ca6dd15f8d37033439d42297,experiments/mirror_applications/ma-276-boft-depth-views/artifacts/payloads/27620_0_aligned_rotations_mirror.bin
fresh,27620,0,aligned_rotations,mirror,2,3.2145390349569425e-08,1106,131072,0.5751383979950333,614c01e74386fd74eb617e747630c7541aab4228ca6dd15f8d37033439d42297,experiments/mirror_applications/ma-276-boft-depth-views/artifacts/payloads/27620_0_aligned_rotations_mirror.bin
fresh,27620,0,aligned_rotations,mirror,3,3.2091897139707726e-08,1106,131072,0.5751383979950333,614c01e74386fd74eb617e747630c7541aab4228ca6dd15f8d37033439d42297,experiments/mirror_applications/ma-276-boft-depth-views/artifacts/payloads/27620_0_aligned_rotations_mirror.bin
fresh,27620,0,aligned_rotations,generic_plane,0,3.664688108528935e-08,1113,131072,0.5709749670058955,e4f7dae4eca76ecff51bee2f6cfbda3611f6089694ddebf76c7c2edce437e2fa,experiments/mirror_applications/ma-276-boft-depth-views/artifacts/payloads/27620_0_aligned_rotations_generic_plane.bin
fresh,27620,0,aligned_rotations,generic_plane,1,3.400776904527447e-08,1113,131072,0.5709749670058955,e4f7dae4eca76ecff51bee2f6cfbda3611f6089694ddebf76c7c2edce437e2fa,experiments/mirror_applications/ma-276-boft-depth-views/artifacts/payloads/27620_0_aligned_rotations_generic_plane.bin
fresh,27620,0,aligned_rotations,generic_plane,2,3.2145390349569425e-08,1113,131072,0.5709749670058955,e4f7dae4eca76ecff51bee2f6cfbda3611f6089694ddebf76c7c2edce437e2fa,experiments/mirror_applications/ma-276-boft-depth-views/artifacts/payloads/27620_0_aligned_rotations_generic_plane.bin
fresh,27620,0,aligned_rotations,generic_plane,3,3.2091897139707726e-08,1113,131072,0.5709749670058955,e4f7dae4eca76ecff51bee2f6cfbda3611f6089694ddebf76c7c2edce437e2fa,experiments/mirror_applications/ma-276-boft-depth-views/artifacts/payloads/27620_0_aligned_rotations_generic_plane.bin
fresh,27620,0,aligned_rotations,untied,0,0.0,4165,131072,0.37661141900753137,93d03d3f3f20435ce705d4b7ac28866429af05167a9eb86b423f7ff9d33915fa,experiments/mirror_applications/ma-276-boft-depth-views/artifacts/payloads/27620_0_aligned_rotations_untied.bin
fresh,27620,0,aligned_rotations,untied,1,0.0,4165,131072,0.37661141900753137,93d03d3f3f20435ce705d4b7ac28866429af05167a9eb86b423f7ff9d33915fa,experiments/mirror_applications/ma-276-boft-depth-views/artifacts/payloads/27620_0_aligned_rotations_untied.bin
fresh,27620,0,aligned_rotations,untied,2,0.0,4165,131072,0.37661141900753137,93d03d3f3f20435ce705d4b7ac28866429af05167a9eb86b423f7ff9d33915fa,experiments/mirror_applications/ma-276-boft-depth-views/artifacts/payloads/27620_0_aligned_rotations_untied.bin
fresh,27620,0,aligned_rotations,untied,3,0.0,4165,131072,0.37661141900753137,93d03d3f3f20435ce705d4b7ac28866429af05167a9eb86b423f7ff9d33915fa,experiments/mirror_applications/ma-276-boft-depth-views/artifacts/payloads/27620_0_aligned_rotations_untied.bin
fresh,27620,0,independent,tied,0,0.8766379952430725,1088,131072,0.26483586100221146,22bbcd10c4c287fec3dc766a751c9fea9d57fe7550c16300080097bb1c3ece8d,experiments/mirror_applications/ma-276-boft-depth-views/artifacts/payloads/27620_0_independent_tied.bin
fresh,27620,0,independent,tied,1,0.8533552289009094,1088,131072,0.26483586100221146,22bbcd10c4c287fec3dc766a751c9fea9d57fe7550c16300080097bb1c3ece8d,experiments/mirror_applications/ma-276-boft-depth-views/artifacts/payloads/27620_0_independent_tied.bin
fresh,27620,0,independent,tied,2,0.9116312861442566,1088,131072,0.26483586100221146,22bbcd10c4c287fec3dc766a751c9fea9d57fe7550c16300080097bb1c3ece8d,experiments/mirror_applications/ma-276-boft-depth-views/artifacts/payloads/27620_0_independent_tied.bin
fresh,27620,0,independent,tied,3,0.8993632197380066,1088,131072,0.26483586100221146,22bbcd10c4c287fec3dc766a751c9fea9d57fe7550c16300080097bb1c3ece8d,experiments/mirror_applications/ma-276-boft-depth-views/artifacts/payloads/27620_0_independent_tied.bin
fresh,27620,0,independent,rank1,0,0.7995213270187378,1410,131072,0.34993759098870214,1b938b15f41b0adc3b9e1ef603c2bc49b63361801eb1fddfd6af007654b0bbe1,experiments/mirror_applications/ma-276-boft-depth-views/artifacts/payloads/27620_0_independent_rank1.bin
fresh,27620,0,independent,rank1,1,0.7721739411354065,1410,131072,0.34993759098870214,1b938b15f41b0adc3b9e1ef603c2bc49b63361801eb1fddfd6af007654b0bbe1,experiments/mirror_applications/ma-276-boft-depth-views/artifacts/payloads/27620_0_independent_rank1.bin
fresh,27620,0,independent,rank1,2,0.8430207371711731,1410,131072,0.34993759098870214,1b938b15f41b0adc3b9e1ef603c2bc49b63361801eb1fddfd6af007654b0bbe1,experiments/mirror_applications/ma-276-boft-depth-views/artifacts/payloads/27620_0_independent_rank1.bin
fresh,27620,0,independent,rank1,3,0.8343738317489624,1410,131072,0.34993759098870214,1b938b15f41b0adc3b9e1ef603c2bc49b63361801eb1fddfd6af007654b0bbe1,experiments/mirror_applications/ma-276-boft-depth-views/artifacts/payloads/27620_0_independent_rank1.bin
fresh,27620,0,independent,lora,0,0.5997799038887024,2114,131072,0.3568830949952826,b251e7b8687df207971c47fdc04eaa8cc8b8a89a61b63735943882d3fde9a2ce,experiments/mirror_applications/ma-276-boft-depth-views/artifacts/payloads/27620_0_independent_lora.bin
fresh,27620,0,independent,lora,1,0.597963273525238,2114,131072,0.3568830949952826,b251e7b8687df207971c47fdc04eaa8cc8b8a89a61b63735943882d3fde9a2ce,experiments/mirror_applications/ma-276-boft-depth-views/artifacts/payloads/27620_0_independent_lora.bin
fresh,27620,0,independent,lora,2,0.6262252330780029,2114,131072,0.3568830949952826,b251e7b8687df207971c47fdc04eaa8cc8b8a89a61b63735943882d3fde9a2ce,experiments/mirror_applications/ma-276-boft-depth-views/artifacts/payloads/27620_0_independent_lora.bin
fresh,27620,0,independent,lora,3,0.6205092668533325,2114,131072,0.3568830949952826,b251e7b8687df207971c47fdc04eaa8cc8b8a89a61b63735943882d3fde9a2ce,experiments/mirror_applications/ma-276-boft-depth-views/artifacts/payloads/27620_0_independent_lora.bin
fresh,27620,0,independent,mirror,0,0.8611097931861877,1106,131072,0.4568540589971235,bff53ee02e101eaa9eda7da20c8a68d669af0abd4103be74a0d4e339124f6188,experiments/mirror_applications/ma-276-boft-depth-views/artifacts/payloads/27620_0_independent_mirror.bin
fresh,27620,0,independent,mirror,1,0.8482547402381897,1106,131072,0.4568540589971235,bff53ee02e101eaa9eda7da20c8a68d669af0abd4103be74a0d4e339124f6188,experiments/mirror_applications/ma-276-boft-depth-views/artifacts/payloads/27620_0_independent_mirror.bin
fresh,27620,0,independent,mirror,2,0.9090973138809204,1106,131072,0.4568540589971235,bff53ee02e101eaa9eda7da20c8a68d669af0abd4103be74a0d4e339124f6188,experiments/mirror_applications/ma-276-boft-depth-views/artifacts/payloads/27620_0_independent_mirror.bin
fresh,27620,0,independent,mirror,3,0.8536726236343384,1106,131072,0.4568540589971235,bff53ee02e101eaa9eda7da20c8a68d669af0abd4103be74a0d4e339124f6188,experiments/mirror_applications/ma-276-boft-depth-views/artifacts/payloads/27620_0_independent_mirror.bin
fresh,27620,0,independent,generic_plane,0,0.8611097931861877,1113,131072,0.46563558299385477,511f3040321854b7c3972e0d14c7ddf7b5b775e83fd39a7144343fccffa3cb56,experiments/mirror_applications/ma-276-boft-depth-views/artifacts/payloads/27620_0_independent_generic_plane.bin
fresh,27620,0,independent,generic_plane,1,0.8482547402381897,1113,131072,0.46563558299385477,511f3040321854b7c3972e0d14c7ddf7b5b775e83fd39a7144343fccffa3cb56,experiments/mirror_applications/ma-276-boft-depth-views/artifacts/payloads/27620_0_independent_generic_plane.bin
fresh,27620,0,independent,generic_plane,2,0.9090973138809204,1113,131072,0.46563558299385477,511f3040321854b7c3972e0d14c7ddf7b5b775e83fd39a7144343fccffa3cb56,experiments/mirror_applications/ma-276-boft-depth-views/artifacts/payloads/27620_0_independent_generic_plane.bin
fresh,27620,0,independent,generic_plane,3,0.8536726236343384,1113,131072,0.46563558299385477,511f3040321854b7c3972e0d14c7ddf7b5b775e83fd39a7144343fccffa3cb56,experiments/mirror_applications/ma-276-boft-depth-views/artifacts/payloads/27620_0_independent_generic_plane.bin
fresh,27620,0,independent,untied,0,0.0,4165,131072,0.2756988460023422,be208cc63e2db25876fa9d94a669d9f117cea875c1ab989a138187dd59074a93,experiments/mirror_applications/ma-276-boft-depth-views/artifacts/payloads/27620_0_independent_untied.bin
fresh,27620,0,independent,untied,1,0.0,4165,131072,0.2756988460023422,be208cc63e2db25876fa9d94a669d9f117cea875c1ab989a138187dd59074a93,experiments/mirror_applications/ma-276-boft-depth-views/artifacts/payloads/27620_0_independent_untied.bin
fresh,27620,0,independent,untied,2,0.0,4165,131072,0.2756988460023422,be208cc63e2db25876fa9d94a669d9f117cea875c1ab989a138187dd59074a93,experiments/mirror_applications/ma-276-boft-depth-views/artifacts/payloads/27620_0_independent_untied.bin
fresh,27620,0,independent,untied,3,0.0,4165,131072,0.2756988460023422,be208cc63e2db25876fa9d94a669d9f117cea875c1ab989a138187dd59074a93,experiments/mirror_applications/ma-276-boft-depth-views/artifacts/payloads/27620_0_independent_untied.bin
fresh,27620,1,aligned_rotations,tied,0,0.21531392633914948,1088,131072,0.3698851019871654,3805484efc7ba396828cb5d6c19b2d30d4468353224a75de569739a4fb61d19b,experiments/mirror_applications/ma-276-boft-depth-views/artifacts/payloads/27620_1_aligned_rotations_tied.bin
fresh,27620,1,aligned_rotations,tied,1,0.08054715394973755,1088,131072,0.3698851019871654,3805484efc7ba396828cb5d6c19b2d30d4468353224a75de569739a4fb61d19b,experiments/mirror_applications/ma-276-boft-depth-views/artifacts/payloads/27620_1_aligned_rotations_tied.bin
fresh,27620,1,aligned_rotations,tied,2,0.08054713904857635,1088,131072,0.3698851019871654,3805484efc7ba396828cb5d6c19b2d30d4468353224a75de569739a4fb61d19b,experiments/mirror_applications/ma-276-boft-depth-views/artifacts/payloads/27620_1_aligned_rotations_tied.bin
fresh,27620,1,aligned_rotations,tied,3,0.21531394124031067,1088,131072,0.3698851019871654,3805484efc7ba396828cb5d6c19b2d30d4468353224a75de569739a4fb61d19b,experiments/mirror_applications/ma-276-boft-depth-views/artifacts/payloads/27620_1_aligned_rotations_tied.bin
fresh,27620,1,aligned_rotations,rank1,0,0.1421610414981842,1410,131072,0.3385023529990576,cbcbc1931e781b907fc4517c8fbb9521d950a2db28543dd7bfa4de94433042ba,experiments/mirror_applications/ma-276-boft-depth-views/artifacts/payloads/27620_1_aligned_rotations_rank1.bin
fresh,27620,1,aligned_rotations,rank1,1,0.05438883230090141,1410,131072,0.3385023529990576,cbcbc1931e781b907fc4517c8fbb9521d950a2db28543dd7bfa4de94433042ba,experiments/mirror_applications/ma-276-boft-depth-views/artifacts/payloads/27620_1_aligned_rotations_rank1.bin
fresh,27620,1,aligned_rotations,rank1,2,0.053934115916490555,1410,131072,0.3385023529990576,cbcbc1931e781b907fc4517c8fbb9521d950a2db28543dd7bfa4de94433042ba,experiments/mirror_applications/ma-276-boft-depth-views/artifacts/payloads/27620_1_aligned_rotations_rank1.bin
fresh,27620,1,aligned_rotations,rank1,3,0.1426525115966797,1410,131072,0.3385023529990576,cbcbc1931e781b907fc4517c8fbb9521d950a2db28543dd7bfa4de94433042ba,experiments/mirror_applications/ma-276-boft-depth-views/artifacts/payloads/27620_1_aligned_rotations_rank1.bin
fresh,27620,1,aligned_rotations,lora,0,4.066707148808746e-08,2114,131072,0.3256906660099048,0280b95d67329823185ee41ca70e0939ee3919978ab2989e44d81bbb82cc8aa6,experiments/mirror_applications/ma-276-boft-depth-views/artifacts/payloads/27620_1_aligned_rotations_lora.bin
fresh,27620,1,aligned_rotations,lora,1,4.5258545355864044e-08,2114,131072,0.3256906660099048,0280b95d67329823185ee41ca70e0939ee3919978ab2989e44d81bbb82cc8aa6,experiments/mirror_applications/ma-276-boft-depth-views/artifacts/payloads/27620_1_aligned_rotations_lora.bin
fresh,27620,1,aligned_rotations,lora,2,5.6175256446522326e-08,2114,131072,0.3256906660099048,0280b95d67329823185ee41ca70e0939ee3919978ab2989e44d81bbb82cc8aa6,experiments/mirror_applications/ma-276-boft-depth-views/artifacts/payloads/27620_1_aligned_rotations_lora.bin
fresh,27620,1,aligned_rotations,lora,3,4.040104428781888e-08,2114,131072,0.3256906660099048,0280b95d67329823185ee41ca70e0939ee3919978ab2989e44d81bbb82cc8aa6,experiments/mirror_applications/ma-276-boft-depth-views/artifacts/payloads/27620_1_aligned_rotations_lora.bin
fresh,27620,1,aligned_rotations,mirror,0,3.667387460382088e-08,1106,131072,0.4720978999976069,c2881cdcd92b246da25f4bab3e7a55857039b556e2529a63cccb4bde101701f2,experiments/mirror_applications/ma-276-boft-depth-views/artifacts/payloads/27620_1_aligned_rotations_mirror.bin
fresh,27620,1,aligned_rotations,mirror,1,3.375430068786045e-08,1106,131072,0.4720978999976069,c2881cdcd92b246da25f4bab3e7a55857039b556e2529a63cccb4bde101701f2,experiments/mirror_applications/ma-276-boft-depth-views/artifacts/payloads/27620_1_aligned_rotations_mirror.bin
fresh,27620,1,aligned_rotations,mirror,2,3.544329274518532e-08,1106,131072,0.4720978999976069,c2881cdcd92b246da25f4bab3e7a55857039b556e2529a63cccb4bde101701f2,experiments/mirror_applications/ma-276-boft-depth-views/artifacts/payloads/27620_1_aligned_rotations_mirror.bin
fresh,27620,1,aligned_rotations,mirror,3,3.580466056973819e-08,1106,131072,0.4720978999976069,c2881cdcd92b246da25f4bab3e7a55857039b556e2529a63cccb4bde101701f2,experiments/mirror_applications/ma-276-boft-depth-views/artifacts/payloads/27620_1_aligned_rotations_mirror.bin
fresh,27620,1,aligned_rotations,generic_plane,0,3.667387460382088e-08,1113,131072,0.5634886550105875,bdb2be89a610da97133fe59f16df41be545d4295fcc4baafea3e3d8e2d33e423,experiments/mirror_applications/ma-276-boft-depth-views/artifacts/payloads/27620_1_aligned_rotations_generic_plane.bin
fresh,27620,1,aligned_rotations,generic_plane,1,3.375430068786045e-08,1113,131072,0.5634886550105875,bdb2be89a610da97133fe59f16df41be545d4295fcc4baafea3e3d8e2d33e423,experiments/mirror_applications/ma-276-boft-depth-views/artifacts/payloads/27620_1_aligned_rotations_generic_plane.bin
fresh,27620,1,aligned_rotations,generic_plane,2,3.544329274518532e-08,1113,131072,0.5634886550105875,bdb2be89a610da97133fe59f16df41be545d4295fcc4baafea3e3d8e2d33e423,experiments/mirror_applications/ma-276-boft-depth-views/artifacts/payloads/27620_1_aligned_rotations_generic_plane.bin
fresh,27620,1,aligned_rotations,generic_plane,3,3.580466056973819e-08,1113,131072,0.5634886550105875,bdb2be89a610da97133fe59f16df41be545d4295fcc4baafea3e3d8e2d33e423,experiments/mirror_applications/ma-276-boft-depth-views/artifacts/payloads/27620_1_aligned_rotations_generic_plane.bin
fresh,27620,1,aligned_rotations,untied,0,0.0,4165,131072,0.3503599609975936,7a7a3511a585ae93e9894852cf96e736b0775145d6883e5d6e3749b580cd036b,experiments/mirror_applications/ma-276-boft-depth-views/artifacts/payloads/27620_1_aligned_rotations_untied.bin
fresh,27620,1,aligned_rotations,untied,1,0.0,4165,131072,0.3503599609975936,7a7a3511a585ae93e9894852cf96e736b0775145d6883e5d6e3749b580cd036b,experiments/mirror_applications/ma-276-boft-depth-views/artifacts/payloads/27620_1_aligned_rotations_untied.bin
fresh,27620,1,aligned_rotations,untied,2,0.0,4165,131072,0.3503599609975936,7a7a3511a585ae93e9894852cf96e736b0775145d6883e5d6e3749b580cd036b,experiments/mirror_applications/ma-276-boft-depth-views/artifacts/payloads/27620_1_aligned_rotations_untied.bin
fresh,27620,1,aligned_rotations,untied,3,0.0,4165,131072,0.3503599609975936,7a7a3511a585ae93e9894852cf96e736b0775145d6883e5d6e3749b580cd036b,experiments/mirror_applications/ma-276-boft-depth-views/artifacts/payloads/27620_1_aligned_rotations_untied.bin
fresh,27620,1,independent,tied,0,0.8895683884620667,1088,131072,0.30858361900027376,32a13d4829cb8ead0dc4385df0efe5ba8814856c73d8c65da5cfd97929467604,experiments/mirror_applications/ma-276-boft-depth-views/artifacts/payloads/27620_1_independent_tied.bin
fresh,27620,1,independent,tied,1,0.8978021740913391,1088,131072,0.30858361900027376,32a13d4829cb8ead0dc4385df0efe5ba8814856c73d8c65da5cfd97929467604,experiments/mirror_applications/ma-276-boft-depth-views/artifacts/payloads/27620_1_independent_tied.bin
fresh,27620,1,independent,tied,2,0.8672617077827454,1088,131072,0.30858361900027376,32a13d4829cb8ead0dc4385df0efe5ba8814856c73d8c65da5cfd97929467604,experiments/mirror_applications/ma-276-boft-depth-views/artifacts/payloads/27620_1_independent_tied.bin
fresh,27620,1,independent,tied,3,0.8561816215515137,1088,131072,0.30858361900027376,32a13d4829cb8ead0dc4385df0efe5ba8814856c73d8c65da5cfd97929467604,experiments/mirror_applications/ma-276-boft-depth-views/artifacts/payloads/27620_1_independent_tied.bin
fresh,27620,1,independent,rank1,0,0.8281368613243103,1410,131072,0.47159330699651036,bce978999dfe10755c97a406bd4818ac87135963e2ab7874b03ca5b5d457e432,experiments/mirror_applications/ma-276-boft-depth-views/artifacts/payloads/27620_1_independent_rank1.bin
fresh,27620,1,independent,rank1,1,0.8429492712020874,1410,131072,0.47159330699651036,bce978999dfe10755c97a406bd4818ac87135963e2ab7874b03ca5b5d457e432,experiments/mirror_applications/ma-276-boft-depth-views/artifacts/payloads/27620_1_independent_rank1.bin
fresh,27620,1,independent,rank1,2,0.7778463363647461,1410,131072,0.47159330699651036,bce978999dfe10755c97a406bd4818ac87135963e2ab7874b03ca5b5d457e432,experiments/mirror_applications/ma-276-boft-depth-views/artifacts/payloads/27620_1_independent_rank1.bin
fresh,27620,1,independent,rank1,3,0.8040311336517334,1410,131072,0.47159330699651036,bce978999dfe10755c97a406bd4818ac87135963e2ab7874b03ca5b5d457e432,experiments/mirror_applications/ma-276-boft-depth-views/artifacts/payloads/27620_1_independent_rank1.bin
fresh,27620,1,independent,lora,0,0.6052311658859253,2114,131072,0.46181506299762987,8f5679dc66918ecee836f1c450b8f429acb7a221c8199e719c818c234bf1c8cc,experiments/mirror_applications/ma-276-boft-depth-views/artifacts/payloads/27620_1_independent_lora.bin
fresh,27620,1,independent,lora,1,0.6543818116188049,2114,131072,0.46181506299762987,8f5679dc66918ecee836f1c450b8f429acb7a221c8199e719c818c234bf1c8cc,experiments/mirror_applications/ma-276-boft-depth-views/artifacts/payloads/27620_1_independent_lora.bin
fresh,27620,1,independent,lora,2,0.6124992966651917,2114,131072,0.46181506299762987,8f5679dc66918ecee836f1c450b8f429acb7a221c8199e719c818c234bf1c8cc,experiments/mirror_applications/ma-276-boft-depth-views/artifacts/payloads/27620_1_independent_lora.bin
fresh,27620,1,independent,lora,3,0.6246159672737122,2114,131072,0.46181506299762987,8f5679dc66918ecee836f1c450b8f429acb7a221c8199e719c818c234bf1c8cc,experiments/mirror_applications/ma-276-boft-depth-views/artifacts/payloads/27620_1_independent_lora.bin
fresh,27620,1,independent,mirror,0,0.8811286687850952,1106,131072,0.5459751910093473,97821e83a12933cd5ea9f47e709722185f145c956727f69d417560b7217802ff,experiments/mirror_applications/ma-276-boft-depth-views/artifacts/payloads/27620_1_independent_mirror.bin
fresh,27620,1,independent,mirror,1,0.8923726081848145,1106,131072,0.5459751910093473,97821e83a12933cd5ea9f47e709722185f145c956727f69d417560b7217802ff,experiments/mirror_applications/ma-276-boft-depth-views/artifacts/payloads/27620_1_independent_mirror.bin
fresh,27620,1,independent,mirror,2,0.8508011698722839,1106,131072,0.5459751910093473,97821e83a12933cd5ea9f47e709722185f145c956727f69d417560b7217802ff,experiments/mirror_applications/ma-276-boft-depth-views/artifacts/payloads/27620_1_independent_mirror.bin
fresh,27620,1,independent,mirror,3,0.846867024898529,1106,131072,0.5459751910093473,97821e83a12933cd5ea9f47e709722185f145c956727f69d417560b7217802ff,experiments/mirror_applications/ma-276-boft-depth-views/artifacts/payloads/27620_1_independent_mirror.bin
fresh,27620,1,independent,generic_plane,0,0.8811286687850952,1113,131072,0.5339645860076416,4c4e395ed1335cfb4dd3aec616b909be82b977cc4026cd8dd059f90162ab7099,experiments/mirror_applications/ma-276-boft-depth-views/artifacts/payloads/27620_1_independent_generic_plane.bin
fresh,27620,1,independent,generic_plane,1,0.8923726081848145,1113,131072,0.5339645860076416,4c4e395ed1335cfb4dd3aec616b909be82b977cc4026cd8dd059f90162ab7099,experiments/mirror_applications/ma-276-boft-depth-views/artifacts/payloads/27620_1_independent_generic_plane.bin
fresh,27620,1,independent,generic_plane,2,0.8508011698722839,1113,131072,0.5339645860076416,4c4e395ed1335cfb4dd3aec616b909be82b977cc4026cd8dd059f90162ab7099,experiments/mirror_applications/ma-276-boft-depth-views/artifacts/payloads/27620_1_independent_generic_plane.bin
fresh,27620,1,independent,generic_plane,3,0.846867024898529,1113,131072,0.5339645860076416,4c4e395ed1335cfb4dd3aec616b909be82b977cc4026cd8dd059f90162ab7099,experiments/mirror_applications/ma-276-boft-depth-views/artifacts/payloads/27620_1_independent_generic_plane.bin
fresh,27620,1,independent,untied,0,0.0,4165,131072,0.3745981170068262,af34ab24733a76fee19aa30724cb6d72062f61685623b775cc5b2ea1a05530ba,experiments/mirror_applications/ma-276-boft-depth-views/artifacts/payloads/27620_1_independent_untied.bin
fresh,27620,1,independent,untied,1,0.0,4165,131072,0.3745981170068262,af34ab24733a76fee19aa30724cb6d72062f61685623b775cc5b2ea1a05530ba,experiments/mirror_applications/ma-276-boft-depth-views/artifacts/payloads/27620_1_independent_untied.bin
fresh,27620,1,independent,untied,2,0.0,4165,131072,0.3745981170068262,af34ab24733a76fee19aa30724cb6d72062f61685623b775cc5b2ea1a05530ba,experiments/mirror_applications/ma-276-boft-depth-views/artifacts/payloads/27620_1_independent_untied.bin
fresh,27620,1,independent,untied,3,0.0,4165,131072,0.3745981170068262,af34ab24733a76fee19aa30724cb6d72062f61685623b775cc5b2ea1a05530ba,experiments/mirror_applications/ma-276-boft-depth-views/artifacts/payloads/27620_1_independent_untied.bin
fresh,27620,2,aligned_rotations,tied,0,0.21761643886566162,1088,131072,0.38312576099997386,1e88e10e14a3d921d867d8d96aa80e95a555757865ccbd166ef75288db0477ce,experiments/mirror_applications/ma-276-boft-depth-views/artifacts/payloads/27620_2_aligned_rotations_tied.bin
fresh,27620,2,aligned_rotations,tied,1,0.08140850067138672,1088,131072,0.38312576099997386,1e88e10e14a3d921d867d8d96aa80e95a555757865ccbd166ef75288db0477ce,experiments/mirror_applications/ma-276-boft-depth-views/artifacts/payloads/27620_2_aligned_rotations_tied.bin
fresh,27620,2,aligned_rotations,tied,2,0.08140850812196732,1088,131072,0.38312576099997386,1e88e10e14a3d921d867d8d96aa80e95a555757865ccbd166ef75288db0477ce,experiments/mirror_applications/ma-276-boft-depth-views/artifacts/payloads/27620_2_aligned_rotations_tied.bin
fresh,27620,2,aligned_rotations,tied,3,0.21761640906333923,1088,131072,0.38312576099997386,1e88e10e14a3d921d867d8d96aa80e95a555757865ccbd166ef75288db0477ce,experiments/mirror_applications/ma-276-boft-depth-views/artifacts/payloads/27620_2_aligned_rotations_tied.bin
fresh,27620,2,aligned_rotations,rank1,0,0.14818739891052246,1410,131072,0.4558970679936465,0840cb9ff7911bf181ecbe588bf3c2d8223aa7f3d903b85163c8bb6fd53c2cc9,experiments/mirror_applications/ma-276-boft-depth-views/artifacts/payloads/27620_2_aligned_rotations_rank1.bin
fresh,27620,2,aligned_rotations,rank1,1,0.05738374963402748,1410,131072,0.4558970679936465,0840cb9ff7911bf181ecbe588bf3c2d8223aa7f3d903b85163c8bb6fd53c2cc9,experiments/mirror_applications/ma-276-boft-depth-views/artifacts/payloads/27620_2_aligned_rotations_rank1.bin
fresh,27620,2,aligned_rotations,rank1,2,0.05515988543629646,1410,131072,0.4558970679936465,0840cb9ff7911bf181ecbe588bf3c2d8223aa7f3d903b85163c8bb6fd53c2cc9,experiments/mirror_applications/ma-276-boft-depth-views/artifacts/payloads/27620_2_aligned_rotations_rank1.bin
fresh,27620,2,aligned_rotations,rank1,3,0.15056844055652618,1410,131072,0.4558970679936465,0840cb9ff7911bf181ecbe588bf3c2d8223aa7f3d903b85163c8bb6fd53c2cc9,experiments/mirror_applications/ma-276-boft-depth-views/artifacts/payloads/27620_2_aligned_rotations_rank1.bin
fresh,27620,2,aligned_rotations,lora,0,1.0980231309076771e-05,2114,131072,0.4672852130024694,b458fc69230c9d1958c38e02812a26ada3a3d3cb06e02ab395f4a636fce5226e,experiments/mirror_applications/ma-276-boft-depth-views/artifacts/payloads/27620_2_aligned_rotations_lora.bin
fresh,27620,2,aligned_rotations,lora,1,3.3347819226037245e-06,2114,131072,0.4672852130024694,b458fc69230c9d1958c38e02812a26ada3a3d3cb06e02ab395f4a636fce5226e,experiments/mirror_applications/ma-276-boft-depth-views/artifacts/payloads/27620_2_aligned_rotations_lora.bin
fresh,27620,2,aligned_rotations,lora,2,3.107710654148832e-06,2114,131072,0.4672852130024694,b458fc69230c9d1958c38e02812a26ada3a3d3cb06e02ab395f4a636fce5226e,experiments/mirror_applications/ma-276-boft-depth-views/artifacts/payloads/27620_2_aligned_rotations_lora.bin
fresh,27620,2,aligned_rotations,lora,3,8.65113270265283e-06,2114,131072,0.4672852130024694,b458fc69230c9d1958c38e02812a26ada3a3d3cb06e02ab395f4a636fce5226e,experiments/mirror_applications/ma-276-boft-depth-views/artifacts/payloads/27620_2_aligned_rotations_lora.bin
fresh,27620,2,aligned_rotations,mirror,0,3.786482594136942e-08,1106,131072,0.576672253999277,85df2bb52516a86691e62d77ea9c75dea1c881a0d292c03b9a0f2179b5829805,experiments/mirror_applications/ma-276-boft-depth-views/artifacts/payloads/27620_2_aligned_rotations_mirror.bin
fresh,27620,2,aligned_rotations,mirror,1,3.7367929195397664e-08,1106,131072,0.576672253999277,85df2bb52516a86691e62d77ea9c75dea1c881a0d292c03b9a0f2179b5829805,experiments/mirror_applications/ma-276-boft-depth-views/artifacts/payloads/27620_2_aligned_rotations_mirror.bin
fresh,27620,2,aligned_rotations,mirror,2,2.7901913668415546e-08,1106,131072,0.576672253999277,85df2bb52516a86691e62d77ea9c75dea1c881a0d292c03b9a0f2179b5829805,experiments/mirror_applications/ma-276-boft-depth-views/artifacts/payloads/27620_2_aligned_rotations_mirror.bin
fresh,27620,2,aligned_rotations,mirror,3,2.718066660634122e-08,1106,131072,0.576672253999277,85df2bb52516a86691e62d77ea9c75dea1c881a0d292c03b9a0f2179b5829805,experiments/mirror_applications/ma-276-boft-depth-views/artifacts/payloads/27620_2_aligned_rotations_mirror.bin
fresh,27620,2,aligned_rotations,generic_plane,0,3.786482594136942e-08,1113,131072,0.5774943819997134,db9aa9b404cb7ad3bdd8c2c72dae11a309f2c54d4eaf3ffc2ebba82a452ce35d,experiments/mirror_applications/ma-276-boft-depth-views/artifacts/payloads/27620_2_aligned_rotations_generic_plane.bin
fresh,27620,2,aligned_rotations,generic_plane,1,3.7367929195397664e-08,1113,131072,0.5774943819997134,db9aa9b404cb7ad3bdd8c2c72dae11a309f2c54d4eaf3ffc2ebba82a452ce35d,experiments/mirror_applications/ma-276-boft-depth-views/artifacts/payloads/27620_2_aligned_rotations_generic_plane.bin
fresh,27620,2,aligned_rotations,generic_plane,2,2.7901913668415546e-08,1113,131072,0.5774943819997134,db9aa9b404cb7ad3bdd8c2c72dae11a309f2c54d4eaf3ffc2ebba82a452ce35d,experiments/mirror_applications/ma-276-boft-depth-views/artifacts/payloads/27620_2_aligned_rotations_generic_plane.bin
fresh,27620,2,aligned_rotations,generic_plane,3,2.718066660634122e-08,1113,131072,0.5774943819997134,db9aa9b404cb7ad3bdd8c2c72dae11a309f2c54d4eaf3ffc2ebba82a452ce35d,experiments/mirror_applications/ma-276-boft-depth-views/artifacts/payloads/27620_2_aligned_rotations_generic_plane.bin
fresh,27620,2,aligned_rotations,untied,0,0.0,4165,131072,0.3924385709979106,e57569349667e5e3386dfbd54e4c3e1f0c0ce5a81bc4171163c343f4a8b6c09a,experiments/mirror_applications/ma-276-boft-depth-views/artifacts/payloads/27620_2_aligned_rotations_untied.bin
fresh,27620,2,aligned_rotations,untied,1,0.0,4165,131072,0.3924385709979106,e57569349667e5e3386dfbd54e4c3e1f0c0ce5a81bc4171163c343f4a8b6c09a,experiments/mirror_applications/ma-276-boft-depth-views/artifacts/payloads/27620_2_aligned_rotations_untied.bin
fresh,27620,2,aligned_rotations,untied,2,0.0,4165,131072,0.3924385709979106,e57569349667e5e3386dfbd54e4c3e1f0c0ce5a81bc4171163c343f4a8b6c09a,experiments/mirror_applications/ma-276-boft-depth-views/artifacts/payloads/27620_2_aligned_rotations_untied.bin
fresh,27620,2,aligned_rotations,untied,3,0.0,4165,131072,0.3924385709979106,e57569349667e5e3386dfbd54e4c3e1f0c0ce5a81bc4171163c343f4a8b6c09a,experiments/mirror_applications/ma-276-boft-depth-views/artifacts/payloads/27620_2_aligned_rotations_untied.bin
fresh,27620,2,independent,tied,0,0.9196392297744751,1088,131072,0.33954024700506125,471d06b87f128efb1f52fe07b5c09a597f3b356334dcbe7111a0c2ab3caf8047,experiments/mirror_applications/ma-276-boft-depth-views/artifacts/payloads/27620_2_independent_tied.bin
fresh,27620,2,independent,tied,1,0.863079845905304,1088,131072,0.33954024700506125,471d06b87f128efb1f52fe07b5c09a597f3b356334dcbe7111a0c2ab3caf8047,experiments/mirror_applications/ma-276-boft-depth-views/artifacts/payloads/27620_2_independent_tied.bin
fresh,27620,2,independent,tied,2,0.8784204721450806,1088,131072,0.33954024700506125,471d06b87f128efb1f52fe07b5c09a597f3b356334dcbe7111a0c2ab3caf8047,experiments/mirror_applications/ma-276-boft-depth-views/artifacts/payloads/27620_2_independent_tied.bin
fresh,27620,2,independent,tied,3,0.8470277190208435,1088,131072,0.33954024700506125,471d06b87f128efb1f52fe07b5c09a597f3b356334dcbe7111a0c2ab3caf8047,experiments/mirror_applications/ma-276-boft-depth-views/artifacts/payloads/27620_2_independent_tied.bin
fresh,27620,2,independent,rank1,0,0.852458119392395,1410,131072,0.46900632001052145,32f9f93be3c781eacc4ee417cfa75a3bb4e55d0f9080821e0fe1f84669325f42,experiments/mirror_applications/ma-276-boft-depth-views/artifacts/payloads/27620_2_independent_rank1.bin
fresh,27620,2,independent,rank1,1,0.8027672171592712,1410,131072,0.46900632001052145,32f9f93be3c781eacc4ee417cfa75a3bb4e55d0f9080821e0fe1f84669325f42,experiments/mirror_applications/ma-276-boft-depth-views/artifacts/payloads/27620_2_independent_rank1.bin
fresh,27620,2,independent,rank1,2,0.7936192750930786,1410,131072,0.46900632001052145,32f9f93be3c781eacc4ee417cfa75a3bb4e55d0f9080821e0fe1f84669325f42,experiments/mirror_applications/ma-276-boft-depth-views/artifacts/payloads/27620_2_independent_rank1.bin
fresh,27620,2,independent,rank1,3,0.7812759876251221,1410,131072,0.46900632001052145,32f9f93be3c781eacc4ee417cfa75a3bb4e55d0f9080821e0fe1f84669325f42,experiments/mirror_applications/ma-276-boft-depth-views/artifacts/payloads/27620_2_independent_rank1.bin
fresh,27620,2,independent,lora,0,0.642228364944458,2114,131072,0.36005700200621504,2300cb9336bb5f4abcd7c5f74ad7fc05a9a281d794d08a1bff39bb9a8ede31ab,experiments/mirror_applications/ma-276-boft-depth-views/artifacts/payloads/27620_2_independent_lora.bin
fresh,27620,2,independent,lora,1,0.6215917468070984,2114,131072,0.36005700200621504,2300cb9336bb5f4abcd7c5f74ad7fc05a9a281d794d08a1bff39bb9a8ede31ab,experiments/mirror_applications/ma-276-boft-depth-views/artifacts/payloads/27620_2_independent_lora.bin
fresh,27620,2,independent,lora,2,0.5871322751045227,2114,131072,0.36005700200621504,2300cb9336bb5f4abcd7c5f74ad7fc05a9a281d794d08a1bff39bb9a8ede31ab,experiments/mirror_applications/ma-276-boft-depth-views/artifacts/payloads/27620_2_independent_lora.bin
fresh,27620,2,independent,lora,3,0.5936312079429626,2114,131072,0.36005700200621504,2300cb9336bb5f4abcd7c5f74ad7fc05a9a281d794d08a1bff39bb9a8ede31ab,experiments/mirror_applications/ma-276-boft-depth-views/artifacts/payloads/27620_2_independent_lora.bin
fresh,27620,2,independent,mirror,0,0.8878328800201416,1106,131072,0.5168181719927816,0a71153e35be36d75a53ce966d1042ae25a84dd6f58b2aa2111c9770cd219719,experiments/mirror_applications/ma-276-boft-depth-views/artifacts/payloads/27620_2_independent_mirror.bin
fresh,27620,2,independent,mirror,1,0.8526517748832703,1106,131072,0.5168181719927816,0a71153e35be36d75a53ce966d1042ae25a84dd6f58b2aa2111c9770cd219719,experiments/mirror_applications/ma-276-boft-depth-views/artifacts/payloads/27620_2_independent_mirror.bin
fresh,27620,2,independent,mirror,2,0.8784309029579163,1106,131072,0.5168181719927816,0a71153e35be36d75a53ce966d1042ae25a84dd6f58b2aa2111c9770cd219719,experiments/mirror_applications/ma-276-boft-depth-views/artifacts/payloads/27620_2_independent_mirror.bin
fresh,27620,2,independent,mirror,3,0.8253188729286194,1106,131072,0.5168181719927816,0a71153e35be36d75a53ce966d1042ae25a84dd6f58b2aa2111c9770cd219719,experiments/mirror_applications/ma-276-boft-depth-views/artifacts/payloads/27620_2_independent_mirror.bin
fresh,27620,2,independent,generic_plane,0,0.8878328800201416,1113,131072,0.5083757550019072,2cd1990f55162b61d528ea941d37d49b5aca7314061631c1106598048369473c,experiments/mirror_applications/ma-276-boft-depth-views/artifacts/payloads/27620_2_independent_generic_plane.bin
fresh,27620,2,independent,generic_plane,1,0.8526517748832703,1113,131072,0.5083757550019072,2cd1990f55162b61d528ea941d37d49b5aca7314061631c1106598048369473c,experiments/mirror_applications/ma-276-boft-depth-views/artifacts/payloads/27620_2_independent_generic_plane.bin
fresh,27620,2,independent,generic_plane,2,0.8784309029579163,1113,131072,0.5083757550019072,2cd1990f55162b61d528ea941d37d49b5aca7314061631c1106598048369473c,experiments/mirror_applications/ma-276-boft-depth-views/artifacts/payloads/27620_2_independent_generic_plane.bin
fresh,27620,2,independent,generic_plane,3,0.8253188729286194,1113,131072,0.5083757550019072,2cd1990f55162b61d528ea941d37d49b5aca7314061631c1106598048369473c,experiments/mirror_applications/ma-276-boft-depth-views/artifacts/payloads/27620_2_independent_generic_plane.bin
fresh,27620,2,independent,untied,0,0.0,4165,131072,0.3971228830050677,281e5daae56e11754afcb3dc4385a4922fb103a76b231fe52810cf5f90fd4ab3,experiments/mirror_applications/ma-276-boft-depth-views/artifacts/payloads/27620_2_independent_untied.bin
fresh,27620,2,independent,untied,1,0.0,4165,131072,0.3971228830050677,281e5daae56e11754afcb3dc4385a4922fb103a76b231fe52810cf5f90fd4ab3,experiments/mirror_applications/ma-276-boft-depth-views/artifacts/payloads/27620_2_independent_untied.bin
fresh,27620,2,independent,untied,2,0.0,4165,131072,0.3971228830050677,281e5daae56e11754afcb3dc4385a4922fb103a76b231fe52810cf5f90fd4ab3,experiments/mirror_applications/ma-276-boft-depth-views/artifacts/payloads/27620_2_independent_untied.bin
fresh,27620,2,independent,untied,3,0.0,4165,131072,0.3971228830050677,281e5daae56e11754afcb3dc4385a4922fb103a76b231fe52810cf5f90fd4ab3,experiments/mirror_applications/ma-276-boft-depth-views/artifacts/payloads/27620_2_independent_untied.bin
fresh,27621,0,aligned_rotations,tied,0,0.1995438188314438,1088,131072,0.37351186299929395,7e0972f920aba971572d10d5a0116c0b7a8f752e5144a044ddb0c3ba690f94dd,experiments/mirror_applications/ma-276-boft-depth-views/artifacts/payloads/27621_0_aligned_rotations_tied.bin
fresh,27621,0,aligned_rotations,tied,1,0.07464767247438431,1088,131072,0.37351186299929395,7e0972f920aba971572d10d5a0116c0b7a8f752e5144a044ddb0c3ba690f94dd,experiments/mirror_applications/ma-276-boft-depth-views/artifacts/payloads/27621_0_aligned_rotations_tied.bin
fresh,27621,0,aligned_rotations,tied,2,0.0746476873755455,1088,131072,0.37351186299929395,7e0972f920aba971572d10d5a0116c0b7a8f752e5144a044ddb0c3ba690f94dd,experiments/mirror_applications/ma-276-boft-depth-views/artifacts/payloads/27621_0_aligned_rotations_tied.bin
fresh,27621,0,aligned_rotations,tied,3,0.19954387843608856,1088,131072,0.37351186299929395,7e0972f920aba971572d10d5a0116c0b7a8f752e5144a044ddb0c3ba690f94dd,experiments/mirror_applications/ma-276-boft-depth-views/artifacts/payloads/27621_0_aligned_rotations_tied.bin
fresh,27621,0,aligned_rotations,rank1,0,0.12552973628044128,1410,131072,0.47340307000558823,f9a6593015fd5b3dfc7e59a858cbf8632530a2df72a684c160789a627e2a013d,experiments/mirror_applications/ma-276-boft-depth-views/artifacts/payloads/27621_0_aligned_rotations_rank1.bin
fresh,27621,0,aligned_rotations,rank1,1,0.05033937841653824,1410,131072,0.47340307000558823,f9a6593015fd5b3dfc7e59a858cbf8632530a2df72a684c160789a627e2a013d,experiments/mirror_applications/ma-276-boft-depth-views/artifacts/payloads/27621_0_aligned_rotations_rank1.bin
fresh,27621,0,aligned_rotations,rank1,2,0.0473208911716938,1410,131072,0.47340307000558823,f9a6593015fd5b3dfc7e59a858cbf8632530a2df72a684c160789a627e2a013d,experiments/mirror_applications/ma-276-boft-depth-views/artifacts/payloads/27621_0_aligned_rotations_rank1.bin
fresh,27621,0,aligned_rotations,rank1,3,0.1288236528635025,1410,131072,0.47340307000558823,f9a6593015fd5b3dfc7e59a858cbf8632530a2df72a684c160789a627e2a013d,experiments/mirror_applications/ma-276-boft-depth-views/artifacts/payloads/27621_0_aligned_rotations_rank1.bin
fresh,27621,0,aligned_rotations,lora,0,2.29293764277827e-05,2114,131072,0.4492211830074666,f41082259ab0c7c8f2fb718190f5dcc6db263b340187da85b70df613eee91d07,experiments/mirror_applications/ma-276-boft-depth-views/artifacts/payloads/27621_0_aligned_rotations_lora.bin
fresh,27621,0,aligned_rotations,lora,1,7.097865454852581e-05,2114,131072,0.4492211830074666,f41082259ab0c7c8f2fb718190f5dcc6db263b340187da85b70df613eee91d07,experiments/mirror_applications/ma-276-boft-depth-views/artifacts/payloads/27621_0_aligned_rotations_lora.bin
fresh,27621,0,aligned_rotations,lora,2,3.351194754941389e-05,2114,131072,0.4492211830074666,f41082259ab0c7c8f2fb718190f5dcc6db263b340187da85b70df613eee91d07,experiments/mirror_applications/ma-276-boft-depth-views/artifacts/payloads/27621_0_aligned_rotations_lora.bin
fresh,27621,0,aligned_rotations,lora,3,0.00011449404701124877,2114,131072,0.4492211830074666,f41082259ab0c7c8f2fb718190f5dcc6db263b340187da85b70df613eee91d07,experiments/mirror_applications/ma-276-boft-depth-views/artifacts/payloads/27621_0_aligned_rotations_lora.bin
fresh,27621,0,aligned_rotations,mirror,0,2.7700927773821604e-08,1106,131072,0.5636134189990116,8067aa2223cf9e4f7ccd04a46fc1b0f38907fe983878e62ea66c295aa6984554,experiments/mirror_applications/ma-276-boft-depth-views/artifacts/payloads/27621_0_aligned_rotations_mirror.bin
fresh,27621,0,aligned_rotations,mirror,1,2.5035397754891164e-08,1106,131072,0.5636134189990116,8067aa2223cf9e4f7ccd04a46fc1b0f38907fe983878e62ea66c295aa6984554,experiments/mirror_applications/ma-276-boft-depth-views/artifacts/payloads/27621_0_aligned_rotations_mirror.bin
fresh,27621,0,aligned_rotations,mirror,2,3.422013605813845e-08,1106,131072,0.5636134189990116,8067aa2223cf9e4f7ccd04a46fc1b0f38907fe983878e62ea66c295aa6984554,experiments/mirror_applications/ma-276-boft-depth-views/artifacts/payloads/27621_0_aligned_rotations_mirror.bin
fresh,27621,0,aligned_rotations,mirror,3,2.730891068836172e-08,1106,131072,0.5636134189990116,8067aa2223cf9e4f7ccd04a46fc1b0f38907fe983878e62ea66c295aa6984554,experiments/mirror_applications/ma-276-boft-depth-views/artifacts/payloads/27621_0_aligned_rotations_mirror.bin
fresh,27621,0,aligned_rotations,generic_plane,0,2.7700927773821604e-08,1113,131072,0.5550736389996018,56fdc1d1e921577cd76a2a531433c2e55192611cc611b53a5292b5f84faa91d6,experiments/mirror_applications/ma-276-boft-depth-views/artifacts/payloads/27621_0_aligned_rotations_generic_plane.bin
fresh,27621,0,aligned_rotations,generic_plane,1,2.5035397754891164e-08,1113,131072,0.5550736389996018,56fdc1d1e921577cd76a2a531433c2e55192611cc611b53a5292b5f84faa91d6,experiments/mirror_applications/ma-276-boft-depth-views/artifacts/payloads/27621_0_aligned_rotations_generic_plane.bin
fresh,27621,0,aligned_rotations,generic_plane,2,3.422013605813845e-08,1113,131072,0.5550736389996018,56fdc1d1e921577cd76a2a531433c2e55192611cc611b53a5292b5f84faa91d6,experiments/mirror_applications/ma-276-boft-depth-views/artifacts/payloads/27621_0_aligned_rotations_generic_plane.bin
fresh,27621,0,aligned_rotations,generic_plane,3,2.730891068836172e-08,1113,131072,0.5550736389996018,56fdc1d1e921577cd76a2a531433c2e55192611cc611b53a5292b5f84faa91d6,experiments/mirror_applications/ma-276-boft-depth-views/artifacts/payloads/27621_0_aligned_rotations_generic_plane.bin
fresh,27621,0,aligned_rotations,untied,0,0.0,4165,131072,0.3680462729971623,2dd40555ed5c34ec6f79f7518903db1850caac9d9ed7a9e0723531916a95042a,experiments/mirror_applications/ma-276-boft-depth-views/artifacts/payloads/27621_0_aligned_rotations_untied.bin
fresh,27621,0,aligned_rotations,untied,1,0.0,4165,131072,0.3680462729971623,2dd40555ed5c34ec6f79f7518903db1850caac9d9ed7a9e0723531916a95042a,experiments/mirror_applications/ma-276-boft-depth-views/artifacts/payloads/27621_0_aligned_rotations_untied.bin
fresh,27621,0,aligned_rotations,untied,2,0.0,4165,131072,0.3680462729971623,2dd40555ed5c34ec6f79f7518903db1850caac9d9ed7a9e0723531916a95042a,experiments/mirror_applications/ma-276-boft-depth-views/artifacts/payloads/27621_0_aligned_rotations_untied.bin
fresh,27621,0,aligned_rotations,untied,3,0.0,4165,131072,0.3680462729971623,2dd40555ed5c34ec6f79f7518903db1850caac9d9ed7a9e0723531916a95042a,experiments/mirror_applications/ma-276-boft-depth-views/artifacts/payloads/27621_0_aligned_rotations_untied.bin
fresh,27621,0,independent,tied,0,0.8538571000099182,1088,131072,0.3706099339906359,2bfe5030f75c2c2d0bb80647f09f561cc73374ed1a758f78dc15f5e9c9d0c57b,experiments/mirror_applications/ma-276-boft-depth-views/artifacts/payloads/27621_0_independent_tied.bin
fresh,27621,0,independent,tied,1,0.8816115856170654,1088,131072,0.3706099339906359,2bfe5030f75c2c2d0bb80647f09f561cc73374ed1a758f78dc15f5e9c9d0c57b,experiments/mirror_applications/ma-276-boft-depth-views/artifacts/payloads/27621_0_independent_tied.bin
fresh,27621,0,independent,tied,2,0.818964421749115,1088,131072,0.3706099339906359,2bfe5030f75c2c2d0bb80647f09f561cc73374ed1a758f78dc15f5e9c9d0c57b,experiments/mirror_applications/ma-276-boft-depth-views/artifacts/payloads/27621_0_independent_tied.bin
fresh,27621,0,independent,tied,3,0.8444095253944397,1088,131072,0.3706099339906359,2bfe5030f75c2c2d0bb80647f09f561cc73374ed1a758f78dc15f5e9c9d0c57b,experiments/mirror_applications/ma-276-boft-depth-views/artifacts/payloads/27621_0_independent_tied.bin
fresh,27621,0,independent,rank1,0,0.7875529527664185,1410,131072,0.44691297599638347,5c97b80c0070999ce0b58519fe6193059b9849d35f404028250f54948626768a,experiments/mirror_applications/ma-276-boft-depth-views/artifacts/payloads/27621_0_independent_rank1.bin
fresh,27621,0,independent,rank1,1,0.8055364489555359,1410,131072,0.44691297599638347,5c97b80c0070999ce0b58519fe6193059b9849d35f404028250f54948626768a,experiments/mirror_applications/ma-276-boft-depth-views/artifacts/payloads/27621_0_independent_rank1.bin
fresh,27621,0,independent,rank1,2,0.7541441321372986,1410,131072,0.44691297599638347,5c97b80c0070999ce0b58519fe6193059b9849d35f404028250f54948626768a,experiments/mirror_applications/ma-276-boft-depth-views/artifacts/payloads/27621_0_independent_rank1.bin
fresh,27621,0,independent,rank1,3,0.8016711473464966,1410,131072,0.44691297599638347,5c97b80c0070999ce0b58519fe6193059b9849d35f404028250f54948626768a,experiments/mirror_applications/ma-276-boft-depth-views/artifacts/payloads/27621_0_independent_rank1.bin
fresh,27621,0,independent,lora,0,0.5970338582992554,2114,131072,0.3814514570112806,edb577def5e4f88a97b95c745b6191e93639a8c513dbd370225f71684d16fbb1,experiments/mirror_applications/ma-276-boft-depth-views/artifacts/payloads/27621_0_independent_lora.bin
fresh,27621,0,independent,lora,1,0.641120970249176,2114,131072,0.3814514570112806,edb577def5e4f88a97b95c745b6191e93639a8c513dbd370225f71684d16fbb1,experiments/mirror_applications/ma-276-boft-depth-views/artifacts/payloads/27621_0_independent_lora.bin
fresh,27621,0,independent,lora,2,0.5901473164558411,2114,131072,0.3814514570112806,edb577def5e4f88a97b95c745b6191e93639a8c513dbd370225f71684d16fbb1,experiments/mirror_applications/ma-276-boft-depth-views/artifacts/payloads/27621_0_independent_lora.bin
fresh,27621,0,independent,lora,3,0.564439594745636,2114,131072,0.3814514570112806,edb577def5e4f88a97b95c745b6191e93639a8c513dbd370225f71684d16fbb1,experiments/mirror_applications/ma-276-boft-depth-views/artifacts/payloads/27621_0_independent_lora.bin
fresh,27621,0,independent,mirror,0,0.8597075343132019,1106,131072,0.4692058370128507,3da71465e4d9bfa3b44492624a43aca51e18866562aca23a446693e2d983b291,experiments/mirror_applications/ma-276-boft-depth-views/artifacts/payloads/27621_0_independent_mirror.bin
fresh,27621,0,independent,mirror,1,0.8771108388900757,1106,131072,0.4692058370128507,3da71465e4d9bfa3b44492624a43aca51e18866562aca23a446693e2d983b291,experiments/mirror_applications/ma-276-boft-depth-views/artifacts/payloads/27621_0_independent_mirror.bin
fresh,27621,0,independent,mirror,2,0.8072265982627869,1106,131072,0.4692058370128507,3da71465e4d9bfa3b44492624a43aca51e18866562aca23a446693e2d983b291,experiments/mirror_applications/ma-276-boft-depth-views/artifacts/payloads/27621_0_independent_mirror.bin
fresh,27621,0,independent,mirror,3,0.8391823172569275,1106,131072,0.4692058370128507,3da71465e4d9bfa3b44492624a43aca51e18866562aca23a446693e2d983b291,experiments/mirror_applications/ma-276-boft-depth-views/artifacts/payloads/27621_0_independent_mirror.bin
fresh,27621,0,independent,generic_plane,0,0.8597075343132019,1113,131072,0.5063088729948504,9c853d2da6a8d9ddc0e2f2fb4dc562050b8caf7ef74fe461153d41b3057c5df3,experiments/mirror_applications/ma-276-boft-depth-views/artifacts/payloads/27621_0_independent_generic_plane.bin
fresh,27621,0,independent,generic_plane,1,0.8771108388900757,1113,131072,0.5063088729948504,9c853d2da6a8d9ddc0e2f2fb4dc562050b8caf7ef74fe461153d41b3057c5df3,experiments/mirror_applications/ma-276-boft-depth-views/artifacts/payloads/27621_0_independent_generic_plane.bin
fresh,27621,0,independent,generic_plane,2,0.8072265982627869,1113,131072,0.5063088729948504,9c853d2da6a8d9ddc0e2f2fb4dc562050b8caf7ef74fe461153d41b3057c5df3,experiments/mirror_applications/ma-276-boft-depth-views/artifacts/payloads/27621_0_independent_generic_plane.bin
fresh,27621,0,independent,generic_plane,3,0.8391823172569275,1113,131072,0.5063088729948504,9c853d2da6a8d9ddc0e2f2fb4dc562050b8caf7ef74fe461153d41b3057c5df3,experiments/mirror_applications/ma-276-boft-depth-views/artifacts/payloads/27621_0_independent_generic_plane.bin
fresh,27621,0,independent,untied,0,0.0,4165,131072,0.38770023999677505,75449a1dbed5b0beedcbbc64844423332c5cba5c4513ae9dd6b7a1ed21b9e74e,experiments/mirror_applications/ma-276-boft-depth-views/artifacts/payloads/27621_0_independent_untied.bin
fresh,27621,0,independent,untied,1,0.0,4165,131072,0.38770023999677505,75449a1dbed5b0beedcbbc64844423332c5cba5c4513ae9dd6b7a1ed21b9e74e,experiments/mirror_applications/ma-276-boft-depth-views/artifacts/payloads/27621_0_independent_untied.bin
fresh,27621,0,independent,untied,2,0.0,4165,131072,0.38770023999677505,75449a1dbed5b0beedcbbc64844423332c5cba5c4513ae9dd6b7a1ed21b9e74e,experiments/mirror_applications/ma-276-boft-depth-views/artifacts/payloads/27621_0_independent_untied.bin
fresh,27621,0,independent,untied,3,0.0,4165,131072,0.38770023999677505,75449a1dbed5b0beedcbbc64844423332c5cba5c4513ae9dd6b7a1ed21b9e74e,experiments/mirror_applications/ma-276-boft-depth-views/artifacts/payloads/27621_0_independent_untied.bin
fresh,27621,1,aligned_rotations,tied,0,0.18726763129234314,1088,131072,0.3630552139948122,85868e3db2ca71bfebe572a373c6502c513b6ed18e1e0c891aaf07c10ee67864,experiments/mirror_applications/ma-276-boft-depth-views/artifacts/payloads/27621_1_aligned_rotations_tied.bin
fresh,27621,1,aligned_rotations,tied,1,0.0700552836060524,1088,131072,0.3630552139948122,85868e3db2ca71bfebe572a373c6502c513b6ed18e1e0c891aaf07c10ee67864,experiments/mirror_applications/ma-276-boft-depth-views/artifacts/payloads/27621_1_aligned_rotations_tied.bin
fresh,27621,1,aligned_rotations,tied,2,0.07005526125431061,1088,131072,0.3630552139948122,85868e3db2ca71bfebe572a373c6502c513b6ed18e1e0c891aaf07c10ee67864,experiments/mirror_applications/ma-276-boft-depth-views/artifacts/payloads/27621_1_aligned_rotations_tied.bin
fresh,27621,1,aligned_rotations,tied,3,0.18726766109466553,1088,131072,0.3630552139948122,85868e3db2ca71bfebe572a373c6502c513b6ed18e1e0c891aaf07c10ee67864,experiments/mirror_applications/ma-276-boft-depth-views/artifacts/payloads/27621_1_aligned_rotations_tied.bin
fresh,27621,1,aligned_rotations,rank1,0,0.11715883016586304,1410,131072,0.4534030189970508,86027abbe107044eb0bbdb4b68e48ba8f15bf1e3e298a976824c5e9940d5f115,experiments/mirror_applications/ma-276-boft-depth-views/artifacts/payloads/27621_1_aligned_rotations_rank1.bin
fresh,27621,1,aligned_rotations,rank1,1,0.04647116735577583,1410,131072,0.4534030189970508,86027abbe107044eb0bbdb4b68e48ba8f15bf1e3e298a976824c5e9940d5f115,experiments/mirror_applications/ma-276-boft-depth-views/artifacts/payloads/27621_1_aligned_rotations_rank1.bin
fresh,27621,1,aligned_rotations,rank1,2,0.04456213116645813,1410,131072,0.4534030189970508,86027abbe107044eb0bbdb4b68e48ba8f15bf1e3e298a976824c5e9940d5f115,experiments/mirror_applications/ma-276-boft-depth-views/artifacts/payloads/27621_1_aligned_rotations_rank1.bin
fresh,27621,1,aligned_rotations,rank1,3,0.11924810707569122,1410,131072,0.4534030189970508,86027abbe107044eb0bbdb4b68e48ba8f15bf1e3e298a976824c5e9940d5f115,experiments/mirror_applications/ma-276-boft-depth-views/artifacts/payloads/27621_1_aligned_rotations_rank1.bin
fresh,27621,1,aligned_rotations,lora,0,5.567708427633988e-08,2114,131072,0.45248036399425473,8c5be471d7817d3d55fea916476b2602038ad5d771437111f3ab82c22cc073e0,experiments/mirror_applications/ma-276-boft-depth-views/artifacts/payloads/27621_1_aligned_rotations_lora.bin
fresh,27621,1,aligned_rotations,lora,1,4.634883765675113e-08,2114,131072,0.45248036399425473,8c5be471d7817d3d55fea916476b2602038ad5d771437111f3ab82c22cc073e0,experiments/mirror_applications/ma-276-boft-depth-views/artifacts/payloads/27621_1_aligned_rotations_lora.bin
fresh,27621,1,aligned_rotations,lora,2,4.6000749875929614e-08,2114,131072,0.45248036399425473,8c5be471d7817d3d55fea916476b2602038ad5d771437111f3ab82c22cc073e0,experiments/mirror_applications/ma-276-boft-depth-views/artifacts/payloads/27621_1_aligned_rotations_lora.bin
fresh,27621,1,aligned_rotations,lora,3,3.135054527092507e-08,2114,131072,0.45248036399425473,8c5be471d7817d3d55fea916476b2602038ad5d771437111f3ab82c22cc073e0,experiments/mirror_applications/ma-276-boft-depth-views/artifacts/payloads/27621_1_aligned_rotations_lora.bin
fresh,27621,1,aligned_rotations,mirror,0,3.405063608852288e-08,1106,131072,0.5775181349890772,d3b812b9ca9a95dc68f97d987bcb00facab1e1d71c57e4c1001ec4d6b679c116,experiments/mirror_applications/ma-276-boft-depth-views/artifacts/payloads/27621_1_aligned_rotations_mirror.bin
fresh,27621,1,aligned_rotations,mirror,1,3.086189082068813e-08,1106,131072,0.5775181349890772,d3b812b9ca9a95dc68f97d987bcb00facab1e1d71c57e4c1001ec4d6b679c116,experiments/mirror_applications/ma-276-boft-depth-views/artifacts/payloads/27621_1_aligned_rotations_mirror.bin
fresh,27621,1,aligned_rotations,mirror,2,2.144451727303931e-08,1106,131072,0.5775181349890772,d3b812b9ca9a95dc68f97d987bcb00facab1e1d71c57e4c1001ec4d6b679c116,experiments/mirror_applications/ma-276-boft-depth-views/artifacts/payloads/27621_1_aligned_rotations_mirror.bin
fresh,27621,1,aligned_rotations,mirror,3,2.5986970797475806e-08,1106,131072,0.5775181349890772,d3b812b9ca9a95dc68f97d987bcb00facab1e1d71c57e4c1001ec4d6b679c116,experiments/mirror_applications/ma-276-boft-depth-views/artifacts/payloads/27621_1_aligned_rotations_mirror.bin
fresh,27621,1,aligned_rotations,generic_plane,0,3.405063608852288e-08,1113,131072,0.472082092994242,98632c442b78690ab0a84950f425b3c90ac1c8a55a145c863ddf3d997d97fcbc,experiments/mirror_applications/ma-276-boft-depth-views/artifacts/payloads/27621_1_aligned_rotations_generic_plane.bin
fresh,27621,1,aligned_rotations,generic_plane,1,3.086189082068813e-08,1113,131072,0.472082092994242,98632c442b78690ab0a84950f425b3c90ac1c8a55a145c863ddf3d997d97fcbc,experiments/mirror_applications/ma-276-boft-depth-views/artifacts/payloads/27621_1_aligned_rotations_generic_plane.bin
fresh,27621,1,aligned_rotations,generic_plane,2,2.144451727303931e-08,1113,131072,0.472082092994242,98632c442b78690ab0a84950f425b3c90ac1c8a55a145c863ddf3d997d97fcbc,experiments/mirror_applications/ma-276-boft-depth-views/artifacts/payloads/27621_1_aligned_rotations_generic_plane.bin
fresh,27621,1,aligned_rotations,generic_plane,3,2.5986970797475806e-08,1113,131072,0.472082092994242,98632c442b78690ab0a84950f425b3c90ac1c8a55a145c863ddf3d997d97fcbc,experiments/mirror_applications/ma-276-boft-depth-views/artifacts/payloads/27621_1_aligned_rotations_generic_plane.bin
fresh,27621,1,aligned_rotations,untied,0,0.0,4165,131072,0.3185837359924335,bc3655fb96bc0c7b3c1cf10e8cd1c4077336a859a473ebc39b83039aa0145220,experiments/mirror_applications/ma-276-boft-depth-views/artifacts/payloads/27621_1_aligned_rotations_untied.bin
fresh,27621,1,aligned_rotations,untied,1,0.0,4165,131072,0.3185837359924335,bc3655fb96bc0c7b3c1cf10e8cd1c4077336a859a473ebc39b83039aa0145220,experiments/mirror_applications/ma-276-boft-depth-views/artifacts/payloads/27621_1_aligned_rotations_untied.bin
fresh,27621,1,aligned_rotations,untied,2,0.0,4165,131072,0.3185837359924335,bc3655fb96bc0c7b3c1cf10e8cd1c4077336a859a473ebc39b83039aa0145220,experiments/mirror_applications/ma-276-boft-depth-views/artifacts/payloads/27621_1_aligned_rotations_untied.bin
fresh,27621,1,aligned_rotations,untied,3,0.0,4165,131072,0.3185837359924335,bc3655fb96bc0c7b3c1cf10e8cd1c4077336a859a473ebc39b83039aa0145220,experiments/mirror_applications/ma-276-boft-depth-views/artifacts/payloads/27621_1_aligned_rotations_untied.bin
fresh,27621,1,independent,tied,0,0.8753613829612732,1088,131072,0.2860090470057912,59b426978305cb1c396d068dc538bf73a248445259c8c05571841521b029a3a2,experiments/mirror_applications/ma-276-boft-depth-views/artifacts/payloads/27621_1_independent_tied.bin
fresh,27621,1,independent,tied,1,0.8998960256576538,1088,131072,0.2860090470057912,59b426978305cb1c396d068dc538bf73a248445259c8c05571841521b029a3a2,experiments/mirror_applications/ma-276-boft-depth-views/artifacts/payloads/27621_1_independent_tied.bin
fresh,27621,1,independent,tied,2,0.8567218780517578,1088,131072,0.2860090470057912,59b426978305cb1c396d068dc538bf73a248445259c8c05571841521b029a3a2,experiments/mirror_applications/ma-276-boft-depth-views/artifacts/payloads/27621_1_independent_tied.bin
fresh,27621,1,independent,tied,3,0.909067690372467,1088,131072,0.2860090470057912,59b426978305cb1c396d068dc538bf73a248445259c8c05571841521b029a3a2,experiments/mirror_applications/ma-276-boft-depth-views/artifacts/payloads/27621_1_independent_tied.bin
fresh,27621,1,independent,rank1,0,0.8156880140304565,1410,131072,0.3646743599965703,80ec1179dff3b0d86273af0bc8ce13358e92473d0cd977279e4e3157dac591b1,experiments/mirror_applications/ma-276-boft-depth-views/artifacts/payloads/27621_1_independent_rank1.bin
fresh,27621,1,independent,rank1,1,0.8252794742584229,1410,131072,0.3646743599965703,80ec1179dff3b0d86273af0bc8ce13358e92473d0cd977279e4e3157dac591b1,experiments/mirror_applications/ma-276-boft-depth-views/artifacts/payloads/27621_1_independent_rank1.bin
fresh,27621,1,independent,rank1,2,0.8099072575569153,1410,131072,0.3646743599965703,80ec1179dff3b0d86273af0bc8ce13358e92473d0cd977279e4e3157dac591b1,experiments/mirror_applications/ma-276-boft-depth-views/artifacts/payloads/27621_1_independent_rank1.bin
fresh,27621,1,independent,rank1,3,0.8626709580421448,1410,131072,0.3646743599965703,80ec1179dff3b0d86273af0bc8ce13358e92473d0cd977279e4e3157dac591b1,experiments/mirror_applications/ma-276-boft-depth-views/artifacts/payloads/27621_1_independent_rank1.bin
fresh,27621,1,independent,lora,0,0.6508197784423828,2114,131072,0.3273027050017845,36164970162943a9d5667cab82926663edc73792bd6a6f27707e17b27fc2b143,experiments/mirror_applications/ma-276-boft-depth-views/artifacts/payloads/27621_1_independent_lora.bin
fresh,27621,1,independent,lora,1,0.6002470254898071,2114,131072,0.3273027050017845,36164970162943a9d5667cab82926663edc73792bd6a6f27707e17b27fc2b143,experiments/mirror_applications/ma-276-boft-depth-views/artifacts/payloads/27621_1_independent_lora.bin
fresh,27621,1,independent,lora,2,0.5937729477882385,2114,131072,0.3273027050017845,36164970162943a9d5667cab82926663edc73792bd6a6f27707e17b27fc2b143,experiments/mirror_applications/ma-276-boft-depth-views/artifacts/payloads/27621_1_independent_lora.bin
fresh,27621,1,independent,lora,3,0.6782334446907043,2114,131072,0.3273027050017845,36164970162943a9d5667cab82926663edc73792bd6a6f27707e17b27fc2b143,experiments/mirror_applications/ma-276-boft-depth-views/artifacts/payloads/27621_1_independent_lora.bin
fresh,27621,1,independent,mirror,0,0.865744948387146,1106,131072,0.4293706649914384,b2ca820709b3b673aa4416157a0da3447c1e6380feaa33cef199dddee21c1905,experiments/mirror_applications/ma-276-boft-depth-views/artifacts/payloads/27621_1_independent_mirror.bin
fresh,27621,1,independent,mirror,1,0.8714737296104431,1106,131072,0.4293706649914384,b2ca820709b3b673aa4416157a0da3447c1e6380feaa33cef199dddee21c1905,experiments/mirror_applications/ma-276-boft-depth-views/artifacts/payloads/27621_1_independent_mirror.bin
fresh,27621,1,independent,mirror,2,0.8383028507232666,1106,131072,0.4293706649914384,b2ca820709b3b673aa4416157a0da3447c1e6380feaa33cef199dddee21c1905,experiments/mirror_applications/ma-276-boft-depth-views/artifacts/payloads/27621_1_independent_mirror.bin
fresh,27621,1,independent,mirror,3,0.9024091362953186,1106,131072,0.4293706649914384,b2ca820709b3b673aa4416157a0da3447c1e6380feaa33cef199dddee21c1905,experiments/mirror_applications/ma-276-boft-depth-views/artifacts/payloads/27621_1_independent_mirror.bin
fresh,27621,1,independent,generic_plane,0,0.865744948387146,1113,131072,0.4298456490068929,ba9a3c0d19eb90caf23d9db5a08c13e14606ba316f124e7183079c0ff3fb04fc,experiments/mirror_applications/ma-276-boft-depth-views/artifacts/payloads/27621_1_independent_generic_plane.bin
fresh,27621,1,independent,generic_plane,1,0.8714737296104431,1113,131072,0.4298456490068929,ba9a3c0d19eb90caf23d9db5a08c13e14606ba316f124e7183079c0ff3fb04fc,experiments/mirror_applications/ma-276-boft-depth-views/artifacts/payloads/27621_1_independent_generic_plane.bin
fresh,27621,1,independent,generic_plane,2,0.8383028507232666,1113,131072,0.4298456490068929,ba9a3c0d19eb90caf23d9db5a08c13e14606ba316f124e7183079c0ff3fb04fc,experiments/mirror_applications/ma-276-boft-depth-views/artifacts/payloads/27621_1_independent_generic_plane.bin
fresh,27621,1,independent,generic_plane,3,0.9024091362953186,1113,131072,0.4298456490068929,ba9a3c0d19eb90caf23d9db5a08c13e14606ba316f124e7183079c0ff3fb04fc,experiments/mirror_applications/ma-276-boft-depth-views/artifacts/payloads/27621_1_independent_generic_plane.bin
fresh,27621,1,independent,untied,0,0.0,4165,131072,0.2578758409945294,0fba5c6f9397a55104adc8aafd558a073692134614985759cf4e1b50d1da5abf,experiments/mirror_applications/ma-276-boft-depth-views/artifacts/payloads/27621_1_independent_untied.bin
fresh,27621,1,independent,untied,1,0.0,4165,131072,0.2578758409945294,0fba5c6f9397a55104adc8aafd558a073692134614985759cf4e1b50d1da5abf,experiments/mirror_applications/ma-276-boft-depth-views/artifacts/payloads/27621_1_independent_untied.bin
fresh,27621,1,independent,untied,2,0.0,4165,131072,0.2578758409945294,0fba5c6f9397a55104adc8aafd558a073692134614985759cf4e1b50d1da5abf,experiments/mirror_applications/ma-276-boft-depth-views/artifacts/payloads/27621_1_independent_untied.bin
fresh,27621,1,independent,untied,3,0.0,4165,131072,0.2578758409945294,0fba5c6f9397a55104adc8aafd558a073692134614985759cf4e1b50d1da5abf,experiments/mirror_applications/ma-276-boft-depth-views/artifacts/payloads/27621_1_independent_untied.bin
fresh,27621,2,aligned_rotations,tied,0,0.19044874608516693,1088,131072,0.3134160229965346,c8495f4e0573d8a2b4dd804a7d03544e0c917595155e2b172fcbab71882e0327,experiments/mirror_applications/ma-276-boft-depth-views/artifacts/payloads/27621_2_aligned_rotations_tied.bin
fresh,27621,2,aligned_rotations,tied,1,0.07124528288841248,1088,131072,0.3134160229965346,c8495f4e0573d8a2b4dd804a7d03544e0c917595155e2b172fcbab71882e0327,experiments/mirror_applications/ma-276-boft-depth-views/artifacts/payloads/27621_2_aligned_rotations_tied.bin
fresh,27621,2,aligned_rotations,tied,2,0.07124529033899307,1088,131072,0.3134160229965346,c8495f4e0573d8a2b4dd804a7d03544e0c917595155e2b172fcbab71882e0327,experiments/mirror_applications/ma-276-boft-depth-views/artifacts/payloads/27621_2_aligned_rotations_tied.bin
fresh,27621,2,aligned_rotations,tied,3,0.19044871628284454,1088,131072,0.3134160229965346,c8495f4e0573d8a2b4dd804a7d03544e0c917595155e2b172fcbab71882e0327,experiments/mirror_applications/ma-276-boft-depth-views/artifacts/payloads/27621_2_aligned_rotations_tied.bin
fresh,27621,2,aligned_rotations,rank1,0,0.12201572209596634,1410,131072,0.3585678969975561,069564d3f1d89b47362e392e44a04124cbc0bb28a5e14e137aed58f7b8b07c40,experiments/mirror_applications/ma-276-boft-depth-views/artifacts/payloads/27621_2_aligned_rotations_rank1.bin
fresh,27621,2,aligned_rotations,rank1,1,0.047512613236904144,1410,131072,0.3585678969975561,069564d3f1d89b47362e392e44a04124cbc0bb28a5e14e137aed58f7b8b07c40,experiments/mirror_applications/ma-276-boft-depth-views/artifacts/payloads/27621_2_aligned_rotations_rank1.bin
fresh,27621,2,aligned_rotations,rank1,2,0.04641713201999664,1410,131072,0.3585678969975561,069564d3f1d89b47362e392e44a04124cbc0bb28a5e14e137aed58f7b8b07c40,experiments/mirror_applications/ma-276-boft-depth-views/artifacts/payloads/27621_2_aligned_rotations_rank1.bin
fresh,27621,2,aligned_rotations,rank1,3,0.12320827692747116,1410,131072,0.3585678969975561,069564d3f1d89b47362e392e44a04124cbc0bb28a5e14e137aed58f7b8b07c40,experiments/mirror_applications/ma-276-boft-depth-views/artifacts/payloads/27621_2_aligned_rotations_rank1.bin
fresh,27621,2,aligned_rotations,lora,0,2.8312928890272815e-08,2114,131072,0.3272753639903385,0c98259e4ab25c495d1f5c52e01317abf6e031ca6058b163368939f000a65a56,experiments/mirror_applications/ma-276-boft-depth-views/artifacts/payloads/27621_2_aligned_rotations_lora.bin
fresh,27621,2,aligned_rotations,lora,1,2.17866347185236e-08,2114,131072,0.3272753639903385,0c98259e4ab25c495d1f5c52e01317abf6e031ca6058b163368939f000a65a56,experiments/mirror_applications/ma-276-boft-depth-views/artifacts/payloads/27621_2_aligned_rotations_lora.bin
fresh,27621,2,aligned_rotations,lora,2,2.4251585628576322e-08,2114,131072,0.3272753639903385,0c98259e4ab25c495d1f5c52e01317abf6e031ca6058b163368939f000a65a56,experiments/mirror_applications/ma-276-boft-depth-views/artifacts/payloads/27621_2_aligned_rotations_lora.bin
fresh,27621,2,aligned_rotations,lora,3,2.5024089467251542e-08,2114,131072,0.3272753639903385,0c98259e4ab25c495d1f5c52e01317abf6e031ca6058b163368939f000a65a56,experiments/mirror_applications/ma-276-boft-depth-views/artifacts/payloads/27621_2_aligned_rotations_lora.bin
fresh,27621,2,aligned_rotations,mirror,0,3.9924969996718573e-08,1106,131072,0.484744300993043,c365a9862eb56b715384ed7842448cfeecc8a3a355cb664b608c7f268b05b69b,experiments/mirror_applications/ma-276-boft-depth-views/artifacts/payloads/27621_2_aligned_rotations_mirror.bin
fresh,27621,2,aligned_rotations,mirror,1,3.507874524188992e-08,1106,131072,0.484744300993043,c365a9862eb56b715384ed7842448cfeecc8a3a355cb664b608c7f268b05b69b,experiments/mirror_applications/ma-276-boft-depth-views/artifacts/payloads/27621_2_aligned_rotations_mirror.bin
fresh,27621,2,aligned_rotations,mirror,2,2.6875291325723083e-08,1106,131072,0.484744300993043,c365a9862eb56b715384ed7842448cfeecc8a3a355cb664b608c7f268b05b69b,experiments/mirror_applications/ma-276-boft-depth-views/artifacts/payloads/27621_2_aligned_rotations_mirror.bin
fresh,27621,2,aligned_rotations,mirror,3,3.890753674795633e-08,1106,131072,0.484744300993043,c365a9862eb56b715384ed7842448cfeecc8a3a355cb664b608c7f268b05b69b,experiments/mirror_applications/ma-276-boft-depth-views/artifacts/payloads/27621_2_aligned_rotations_mirror.bin
fresh,27621,2,aligned_rotations,generic_plane,0,3.9924969996718573e-08,1113,131072,0.5653641649987549,a3a8410dad73100966e19b5c96ccb1e2ce7905301caab47bcb4883be933a38e5,experiments/mirror_applications/ma-276-boft-depth-views/artifacts/payloads/27621_2_aligned_rotations_generic_plane.bin
fresh,27621,2,aligned_rotations,generic_plane,1,3.507874524188992e-08,1113,131072,0.5653641649987549,a3a8410dad73100966e19b5c96ccb1e2ce7905301caab47bcb4883be933a38e5,experiments/mirror_applications/ma-276-boft-depth-views/artifacts/payloads/27621_2_aligned_rotations_generic_plane.bin
fresh,27621,2,aligned_rotations,generic_plane,2,2.6875291325723083e-08,1113,131072,0.5653641649987549,a3a8410dad73100966e19b5c96ccb1e2ce7905301caab47bcb4883be933a38e5,experiments/mirror_applications/ma-276-boft-depth-views/artifacts/payloads/27621_2_aligned_rotations_generic_plane.bin
fresh,27621,2,aligned_rotations,generic_plane,3,3.890753674795633e-08,1113,131072,0.5653641649987549,a3a8410dad73100966e19b5c96ccb1e2ce7905301caab47bcb4883be933a38e5,experiments/mirror_applications/ma-276-boft-depth-views/artifacts/payloads/27621_2_aligned_rotations_generic_plane.bin
fresh,27621,2,aligned_rotations,untied,0,0.0,4165,131072,0.39354189499863423,0c78ea1860e39ab9a9cbb99110efd6506c3bba53de19b6077d8ab947f6c3b633,experiments/mirror_applications/ma-276-boft-depth-views/artifacts/payloads/27621_2_aligned_rotations_untied.bin
fresh,27621,2,aligned_rotations,untied,1,0.0,4165,131072,0.39354189499863423,0c78ea1860e39ab9a9cbb99110efd6506c3bba53de19b6077d8ab947f6c3b633,experiments/mirror_applications/ma-276-boft-depth-views/artifacts/payloads/27621_2_aligned_rotations_untied.bin
fresh,27621,2,aligned_rotations,untied,2,0.0,4165,131072,0.39354189499863423,0c78ea1860e39ab9a9cbb99110efd6506c3bba53de19b6077d8ab947f6c3b633,experiments/mirror_applications/ma-276-boft-depth-views/artifacts/payloads/27621_2_aligned_rotations_untied.bin
fresh,27621,2,aligned_rotations,untied,3,0.0,4165,131072,0.39354189499863423,0c78ea1860e39ab9a9cbb99110efd6506c3bba53de19b6077d8ab947f6c3b633,experiments/mirror_applications/ma-276-boft-depth-views/artifacts/payloads/27621_2_aligned_rotations_untied.bin
fresh,27621,2,independent,tied,0,0.8664894104003906,1088,131072,0.38043671200284734,6efb41a54ea62538db59ef908e48b62ea50a3c9144a699cf9c3668fc9bc16412,experiments/mirror_applications/ma-276-boft-depth-views/artifacts/payloads/27621_2_independent_tied.bin
fresh,27621,2,independent,tied,1,0.9006858468055725,1088,131072,0.38043671200284734,6efb41a54ea62538db59ef908e48b62ea50a3c9144a699cf9c3668fc9bc16412,experiments/mirror_applications/ma-276-boft-depth-views/artifacts/payloads/27621_2_independent_tied.bin
fresh,27621,2,independent,tied,2,0.8424723744392395,1088,131072,0.38043671200284734,6efb41a54ea62538db59ef908e48b62ea50a3c9144a699cf9c3668fc9bc16412,experiments/mirror_applications/ma-276-boft-depth-views/artifacts/payloads/27621_2_independent_tied.bin
fresh,27621,2,independent,tied,3,0.8564459681510925,1088,131072,0.38043671200284734,6efb41a54ea62538db59ef908e48b62ea50a3c9144a699cf9c3668fc9bc16412,experiments/mirror_applications/ma-276-boft-depth-views/artifacts/payloads/27621_2_independent_tied.bin
fresh,27621,2,independent,rank1,0,0.8209185004234314,1410,131072,0.457552122999914,9dd1c63533a33cdda0568b2b11d2ef78a415aa0517c173ab313a869eeea7f9ae,experiments/mirror_applications/ma-276-boft-depth-views/artifacts/payloads/27621_2_independent_rank1.bin
fresh,27621,2,independent,rank1,1,0.8267192244529724,1410,131072,0.457552122999914,9dd1c63533a33cdda0568b2b11d2ef78a415aa0517c173ab313a869eeea7f9ae,experiments/mirror_applications/ma-276-boft-depth-views/artifacts/payloads/27621_2_independent_rank1.bin
fresh,27621,2,independent,rank1,2,0.7748421430587769,1410,131072,0.457552122999914,9dd1c63533a33cdda0568b2b11d2ef78a415aa0517c173ab313a869eeea7f9ae,experiments/mirror_applications/ma-276-boft-depth-views/artifacts/payloads/27621_2_independent_rank1.bin
fresh,27621,2,independent,rank1,3,0.769736111164093,1410,131072,0.457552122999914,9dd1c63533a33cdda0568b2b11d2ef78a415aa0517c173ab313a869eeea7f9ae,experiments/mirror_applications/ma-276-boft-depth-views/artifacts/payloads/27621_2_independent_rank1.bin
fresh,27621,2,independent,lora,0,0.6283537745475769,2114,131072,0.46687406999990344,a49a07a02e4d0a9dc9ba90e3405923033ac493c07b15d9a231b442912c227a3e,experiments/mirror_applications/ma-276-boft-depth-views/artifacts/payloads/27621_2_independent_lora.bin
fresh,27621,2,independent,lora,1,0.6181425452232361,2114,131072,0.46687406999990344,a49a07a02e4d0a9dc9ba90e3405923033ac493c07b15d9a231b442912c227a3e,experiments/mirror_applications/ma-276-boft-depth-views/artifacts/payloads/27621_2_independent_lora.bin
fresh,27621,2,independent,lora,2,0.6241156458854675,2114,131072,0.46687406999990344,a49a07a02e4d0a9dc9ba90e3405923033ac493c07b15d9a231b442912c227a3e,experiments/mirror_applications/ma-276-boft-depth-views/artifacts/payloads/27621_2_independent_lora.bin
fresh,27621,2,independent,lora,3,0.5642433166503906,2114,131072,0.46687406999990344,a49a07a02e4d0a9dc9ba90e3405923033ac493c07b15d9a231b442912c227a3e,experiments/mirror_applications/ma-276-boft-depth-views/artifacts/payloads/27621_2_independent_lora.bin
fresh,27621,2,independent,mirror,0,0.8575327396392822,1106,131072,0.5642357169999741,91eda4d86475ee7e0b271303e26fb491fa27529940c75f7567fc2125c81af5fa,experiments/mirror_applications/ma-276-boft-depth-views/artifacts/payloads/27621_2_independent_mirror.bin
fresh,27621,2,independent,mirror,1,0.8853507041931152,1106,131072,0.5642357169999741,91eda4d86475ee7e0b271303e26fb491fa27529940c75f7567fc2125c81af5fa,experiments/mirror_applications/ma-276-boft-depth-views/artifacts/payloads/27621_2_independent_mirror.bin
fresh,27621,2,independent,mirror,2,0.8307621479034424,1106,131072,0.5642357169999741,91eda4d86475ee7e0b271303e26fb491fa27529940c75f7567fc2125c81af5fa,experiments/mirror_applications/ma-276-boft-depth-views/artifacts/payloads/27621_2_independent_mirror.bin
fresh,27621,2,independent,mirror,3,0.8374572992324829,1106,131072,0.5642357169999741,91eda4d86475ee7e0b271303e26fb491fa27529940c75f7567fc2125c81af5fa,experiments/mirror_applications/ma-276-boft-depth-views/artifacts/payloads/27621_2_independent_mirror.bin
fresh,27621,2,independent,generic_plane,0,0.8575327396392822,1113,131072,0.5531105820118682,0a9c36cb2fa1a98f5bccac76d77d034848074ab9a26e0e79579fc38ea41ada9d,experiments/mirror_applications/ma-276-boft-depth-views/artifacts/payloads/27621_2_independent_generic_plane.bin
fresh,27621,2,independent,generic_plane,1,0.8853507041931152,1113,131072,0.5531105820118682,0a9c36cb2fa1a98f5bccac76d77d034848074ab9a26e0e79579fc38ea41ada9d,experiments/mirror_applications/ma-276-boft-depth-views/artifacts/payloads/27621_2_independent_generic_plane.bin
fresh,27621,2,independent,generic_plane,2,0.8307621479034424,1113,131072,0.5531105820118682,0a9c36cb2fa1a98f5bccac76d77d034848074ab9a26e0e79579fc38ea41ada9d,experiments/mirror_applications/ma-276-boft-depth-views/artifacts/payloads/27621_2_independent_generic_plane.bin
fresh,27621,2,independent,generic_plane,3,0.8374572992324829,1113,131072,0.5531105820118682,0a9c36cb2fa1a98f5bccac76d77d034848074ab9a26e0e79579fc38ea41ada9d,experiments/mirror_applications/ma-276-boft-depth-views/artifacts/payloads/27621_2_independent_generic_plane.bin
fresh,27621,2,independent,untied,0,0.0,4165,131072,0.3836881940078456,38b2d80eff35317cce0f027d01b9b91a2cc3c167eae6959d4608993494378ff0,experiments/mirror_applications/ma-276-boft-depth-views/artifacts/payloads/27621_2_independent_untied.bin
fresh,27621,2,independent,untied,1,0.0,4165,131072,0.3836881940078456,38b2d80eff35317cce0f027d01b9b91a2cc3c167eae6959d4608993494378ff0,experiments/mirror_applications/ma-276-boft-depth-views/artifacts/payloads/27621_2_independent_untied.bin
fresh,27621,2,independent,untied,2,0.0,4165,131072,0.3836881940078456,38b2d80eff35317cce0f027d01b9b91a2cc3c167eae6959d4608993494378ff0,experiments/mirror_applications/ma-276-boft-depth-views/artifacts/payloads/27621_2_independent_untied.bin
fresh,27621,2,independent,untied,3,0.0,4165,131072,0.3836881940078456,38b2d80eff35317cce0f027d01b9b91a2cc3c167eae6959d4608993494378ff0,experiments/mirror_applications/ma-276-boft-depth-views/artifacts/payloads/27621_2_independent_untied.bin
fresh,27622,0,aligned_rotations,tied,0,0.21303027868270874,1088,131072,0.36903470699326135,faa4a735540b475423acfa064ca3126ce7abee82651b8d681d319cb8a116501b,experiments/mirror_applications/ma-276-boft-depth-views/artifacts/payloads/27622_0_aligned_rotations_tied.bin
fresh,27622,0,aligned_rotations,tied,1,0.07969284057617188,1088,131072,0.36903470699326135,faa4a735540b475423acfa064ca3126ce7abee82651b8d681d319cb8a116501b,experiments/mirror_applications/ma-276-boft-depth-views/artifacts/payloads/27622_0_aligned_rotations_tied.bin
fresh,27622,0,aligned_rotations,tied,2,0.07969282567501068,1088,131072,0.36903470699326135,faa4a735540b475423acfa064ca3126ce7abee82651b8d681d319cb8a116501b,experiments/mirror_applications/ma-276-boft-depth-views/artifacts/payloads/27622_0_aligned_rotations_tied.bin
fresh,27622,0,aligned_rotations,tied,3,0.21303026378154755,1088,131072,0.36903470699326135,faa4a735540b475423acfa064ca3126ce7abee82651b8d681d319cb8a116501b,experiments/mirror_applications/ma-276-boft-depth-views/artifacts/payloads/27622_0_aligned_rotations_tied.bin
fresh,27622,0,aligned_rotations,rank1,0,0.1444161981344223,1410,131072,0.4409399720025249,87e18a2cfd7cc6571524ebbfdf6c11460b5b1df5fe54726cb27cf1bb216015f0,experiments/mirror_applications/ma-276-boft-depth-views/artifacts/payloads/27622_0_aligned_rotations_rank1.bin
fresh,27622,0,aligned_rotations,rank1,1,0.054713454097509384,1410,131072,0.4409399720025249,87e18a2cfd7cc6571524ebbfdf6c11460b5b1df5fe54726cb27cf1bb216015f0,experiments/mirror_applications/ma-276-boft-depth-views/artifacts/payloads/27622_0_aligned_rotations_rank1.bin
fresh,27622,0,aligned_rotations,rank1,2,0.054510071873664856,1410,131072,0.4409399720025249,87e18a2cfd7cc6571524ebbfdf6c11460b5b1df5fe54726cb27cf1bb216015f0,experiments/mirror_applications/ma-276-boft-depth-views/artifacts/payloads/27622_0_aligned_rotations_rank1.bin
fresh,27622,0,aligned_rotations,rank1,3,0.14463463425636292,1410,131072,0.4409399720025249,87e18a2cfd7cc6571524ebbfdf6c11460b5b1df5fe54726cb27cf1bb216015f0,experiments/mirror_applications/ma-276-boft-depth-views/artifacts/payloads/27622_0_aligned_rotations_rank1.bin
fresh,27622,0,aligned_rotations,lora,0,3.353014932372389e-08,2114,131072,0.45740803598891944,cc235b7247ed1167320b290386da0bf3cfea1781d3ec3225d0af89b3cde43dc2,experiments/mirror_applications/ma-276-boft-depth-views/artifacts/payloads/27622_0_aligned_rotations_lora.bin
fresh,27622,0,aligned_rotations,lora,1,4.77230877038437e-08,2114,131072,0.45740803598891944,cc235b7247ed1167320b290386da0bf3cfea1781d3ec3225d0af89b3cde43dc2,experiments/mirror_applications/ma-276-boft-depth-views/artifacts/payloads/27622_0_aligned_rotations_lora.bin
fresh,27622,0,aligned_rotations,lora,2,4.989385260500967e-08,2114,131072,0.45740803598891944,cc235b7247ed1167320b290386da0bf3cfea1781d3ec3225d0af89b3cde43dc2,experiments/mirror_applications/ma-276-boft-depth-views/artifacts/payloads/27622_0_aligned_rotations_lora.bin
fresh,27622,0,aligned_rotations,lora,3,3.926307456936229e-08,2114,131072,0.45740803598891944,cc235b7247ed1167320b290386da0bf3cfea1781d3ec3225d0af89b3cde43dc2,experiments/mirror_applications/ma-276-boft-depth-views/artifacts/payloads/27622_0_aligned_rotations_lora.bin
fresh,27622,0,aligned_rotations,mirror,0,4.564099143067324e-08,1106,131072,0.5662903499905951,76629be12d609ffb0870ff5b6e050d16c74aeee720d0e8f3940b55d912ecdd61,experiments/mirror_applications/ma-276-boft-depth-views/artifacts/payloads/27622_0_aligned_rotations_mirror.bin
fresh,27622,0,aligned_rotations,mirror,1,5.3209809891541227e-08,1106,131072,0.5662903499905951,76629be12d609ffb0870ff5b6e050d16c74aeee720d0e8f3940b55d912ecdd61,experiments/mirror_applications/ma-276-boft-depth-views/artifacts/payloads/27622_0_aligned_rotations_mirror.bin
fresh,27622,0,aligned_rotations,mirror,2,4.431223032952403e-08,1106,131072,0.5662903499905951,76629be12d609ffb0870ff5b6e050d16c74aeee720d0e8f3940b55d912ecdd61,experiments/mirror_applications/ma-276-boft-depth-views/artifacts/payloads/27622_0_aligned_rotations_mirror.bin
fresh,27622,0,aligned_rotations,mirror,3,5.688530890779475e-08,1106,131072,0.5662903499905951,76629be12d609ffb0870ff5b6e050d16c74aeee720d0e8f3940b55d912ecdd61,experiments/mirror_applications/ma-276-boft-depth-views/artifacts/payloads/27622_0_aligned_rotations_mirror.bin
fresh,27622,0,aligned_rotations,generic_plane,0,4.564099143067324e-08,1113,131072,0.5628595430025598,09336bab5310f170e38302fa6ae8539a3a35c62b9dd1f9d86a529fa0c805c694,experiments/mirror_applications/ma-276-boft-depth-views/artifacts/payloads/27622_0_aligned_rotations_generic_plane.bin
fresh,27622,0,aligned_rotations,generic_plane,1,5.3209809891541227e-08,1113,131072,0.5628595430025598,09336bab5310f170e38302fa6ae8539a3a35c62b9dd1f9d86a529fa0c805c694,experiments/mirror_applications/ma-276-boft-depth-views/artifacts/payloads/27622_0_aligned_rotations_generic_plane.bin
fresh,27622,0,aligned_rotations,generic_plane,2,4.431223032952403e-08,1113,131072,0.5628595430025598,09336bab5310f170e38302fa6ae8539a3a35c62b9dd1f9d86a529fa0c805c694,experiments/mirror_applications/ma-276-boft-depth-views/artifacts/payloads/27622_0_aligned_rotations_generic_plane.bin
fresh,27622,0,aligned_rotations,generic_plane,3,5.688530890779475e-08,1113,131072,0.5628595430025598,09336bab5310f170e38302fa6ae8539a3a35c62b9dd1f9d86a529fa0c805c694,experiments/mirror_applications/ma-276-boft-depth-views/artifacts/payloads/27622_0_aligned_rotations_generic_plane.bin
fresh,27622,0,aligned_rotations,untied,0,0.0,4165,131072,0.39919537500827573,b4cabb3d5b4ae404d3bd2cdda1eefe9ea7636a03f3f162e02c726a4570153330,experiments/mirror_applications/ma-276-boft-depth-views/artifacts/payloads/27622_0_aligned_rotations_untied.bin
fresh,27622,0,aligned_rotations,untied,1,0.0,4165,131072,0.39919537500827573,b4cabb3d5b4ae404d3bd2cdda1eefe9ea7636a03f3f162e02c726a4570153330,experiments/mirror_applications/ma-276-boft-depth-views/artifacts/payloads/27622_0_aligned_rotations_untied.bin
fresh,27622,0,aligned_rotations,untied,2,0.0,4165,131072,0.39919537500827573,b4cabb3d5b4ae404d3bd2cdda1eefe9ea7636a03f3f162e02c726a4570153330,experiments/mirror_applications/ma-276-boft-depth-views/artifacts/payloads/27622_0_aligned_rotations_untied.bin
fresh,27622,0,aligned_rotations,untied,3,0.0,4165,131072,0.39919537500827573,b4cabb3d5b4ae404d3bd2cdda1eefe9ea7636a03f3f162e02c726a4570153330,experiments/mirror_applications/ma-276-boft-depth-views/artifacts/payloads/27622_0_aligned_rotations_untied.bin
fresh,27622,0,independent,tied,0,0.858247697353363,1088,131072,0.38860242300143,6911e5048a8db29082774a4749052930c8732174eabab196b50df04fa2aa701f,experiments/mirror_applications/ma-276-boft-depth-views/artifacts/payloads/27622_0_independent_tied.bin
fresh,27622,0,independent,tied,1,0.8942443132400513,1088,131072,0.38860242300143,6911e5048a8db29082774a4749052930c8732174eabab196b50df04fa2aa701f,experiments/mirror_applications/ma-276-boft-depth-views/artifacts/payloads/27622_0_independent_tied.bin
fresh,27622,0,independent,tied,2,0.8443990349769592,1088,131072,0.38860242300143,6911e5048a8db29082774a4749052930c8732174eabab196b50df04fa2aa701f,experiments/mirror_applications/ma-276-boft-depth-views/artifacts/payloads/27622_0_independent_tied.bin
fresh,27622,0,independent,tied,3,0.9008501768112183,1088,131072,0.38860242300143,6911e5048a8db29082774a4749052930c8732174eabab196b50df04fa2aa701f,experiments/mirror_applications/ma-276-boft-depth-views/artifacts/payloads/27622_0_independent_tied.bin
fresh,27622,0,independent,rank1,0,0.8262906670570374,1410,131072,0.4810509689996252,2bc01b263610ae214131b9d0309bb4d34e7ef1249bc553295cd668b207ade3db,experiments/mirror_applications/ma-276-boft-depth-views/artifacts/payloads/27622_0_independent_rank1.bin
fresh,27622,0,independent,rank1,1,0.8270654678344727,1410,131072,0.4810509689996252,2bc01b263610ae214131b9d0309bb4d34e7ef1249bc553295cd668b207ade3db,experiments/mirror_applications/ma-276-boft-depth-views/artifacts/payloads/27622_0_independent_rank1.bin
fresh,27622,0,independent,rank1,2,0.7653854489326477,1410,131072,0.4810509689996252,2bc01b263610ae214131b9d0309bb4d34e7ef1249bc553295cd668b207ade3db,experiments/mirror_applications/ma-276-boft-depth-views/artifacts/payloads/27622_0_independent_rank1.bin
fresh,27622,0,independent,rank1,3,0.8170446753501892,1410,131072,0.4810509689996252,2bc01b263610ae214131b9d0309bb4d34e7ef1249bc553295cd668b207ade3db,experiments/mirror_applications/ma-276-boft-depth-views/artifacts/payloads/27622_0_independent_rank1.bin
fresh,27622,0,independent,lora,0,0.6198248863220215,2114,131072,0.4642466460063588,2820778aadeecf588342f5162353848b3166df3e2278bda9e35faf90a1ec389f,experiments/mirror_applications/ma-276-boft-depth-views/artifacts/payloads/27622_0_independent_lora.bin
fresh,27622,0,independent,lora,1,0.6312893033027649,2114,131072,0.4642466460063588,2820778aadeecf588342f5162353848b3166df3e2278bda9e35faf90a1ec389f,experiments/mirror_applications/ma-276-boft-depth-views/artifacts/payloads/27622_0_independent_lora.bin
fresh,27622,0,independent,lora,2,0.6234066486358643,2114,131072,0.4642466460063588,2820778aadeecf588342f5162353848b3166df3e2278bda9e35faf90a1ec389f,experiments/mirror_applications/ma-276-boft-depth-views/artifacts/payloads/27622_0_independent_lora.bin
fresh,27622,0,independent,lora,3,0.610095739364624,2114,131072,0.4642466460063588,2820778aadeecf588342f5162353848b3166df3e2278bda9e35faf90a1ec389f,experiments/mirror_applications/ma-276-boft-depth-views/artifacts/payloads/27622_0_independent_lora.bin
fresh,27622,0,independent,mirror,0,0.8604052066802979,1106,131072,0.592647177996696,a14fb5aca75350bf905447650a7d968a02fce18420a13bc382656eba1d8151b3,experiments/mirror_applications/ma-276-boft-depth-views/artifacts/payloads/27622_0_independent_mirror.bin
fresh,27622,0,independent,mirror,1,0.8901576995849609,1106,131072,0.592647177996696,a14fb5aca75350bf905447650a7d968a02fce18420a13bc382656eba1d8151b3,experiments/mirror_applications/ma-276-boft-depth-views/artifacts/payloads/27622_0_independent_mirror.bin
fresh,27622,0,independent,mirror,2,0.8433904051780701,1106,131072,0.592647177996696,a14fb5aca75350bf905447650a7d968a02fce18420a13bc382656eba1d8151b3,experiments/mirror_applications/ma-276-boft-depth-views/artifacts/payloads/27622_0_independent_mirror.bin
fresh,27622,0,independent,mirror,3,0.8836267590522766,1106,131072,0.592647177996696,a14fb5aca75350bf905447650a7d968a02fce18420a13bc382656eba1d8151b3,experiments/mirror_applications/ma-276-boft-depth-views/artifacts/payloads/27622_0_independent_mirror.bin
fresh,27622,0,independent,generic_plane,0,0.8604052066802979,1113,131072,0.4851146790024359,cb2bc9a9a1d8683a481dbeb78d09ec8705e4f641362442b9c8783ced5541acbd,experiments/mirror_applications/ma-276-boft-depth-views/artifacts/payloads/27622_0_independent_generic_plane.bin
fresh,27622,0,independent,generic_plane,1,0.8901576995849609,1113,131072,0.4851146790024359,cb2bc9a9a1d8683a481dbeb78d09ec8705e4f641362442b9c8783ced5541acbd,experiments/mirror_applications/ma-276-boft-depth-views/artifacts/payloads/27622_0_independent_generic_plane.bin
fresh,27622,0,independent,generic_plane,2,0.8433904051780701,1113,131072,0.4851146790024359,cb2bc9a9a1d8683a481dbeb78d09ec8705e4f641362442b9c8783ced5541acbd,experiments/mirror_applications/ma-276-boft-depth-views/artifacts/payloads/27622_0_independent_generic_plane.bin
fresh,27622,0,independent,generic_plane,3,0.8836267590522766,1113,131072,0.4851146790024359,cb2bc9a9a1d8683a481dbeb78d09ec8705e4f641362442b9c8783ced5541acbd,experiments/mirror_applications/ma-276-boft-depth-views/artifacts/payloads/27622_0_independent_generic_plane.bin
fresh,27622,0,independent,untied,0,0.0,4165,131072,0.30486616599955596,81130ff805ebe1694581d9779dad5113166116b490bb29150e3e6b3b9dde76fa,experiments/mirror_applications/ma-276-boft-depth-views/artifacts/payloads/27622_0_independent_untied.bin
fresh,27622,0,independent,untied,1,0.0,4165,131072,0.30486616599955596,81130ff805ebe1694581d9779dad5113166116b490bb29150e3e6b3b9dde76fa,experiments/mirror_applications/ma-276-boft-depth-views/artifacts/payloads/27622_0_independent_untied.bin
fresh,27622,0,independent,untied,2,0.0,4165,131072,0.30486616599955596,81130ff805ebe1694581d9779dad5113166116b490bb29150e3e6b3b9dde76fa,experiments/mirror_applications/ma-276-boft-depth-views/artifacts/payloads/27622_0_independent_untied.bin
fresh,27622,0,independent,untied,3,0.0,4165,131072,0.30486616599955596,81130ff805ebe1694581d9779dad5113166116b490bb29150e3e6b3b9dde76fa,experiments/mirror_applications/ma-276-boft-depth-views/artifacts/payloads/27622_0_independent_untied.bin
fresh,27622,1,aligned_rotations,tied,0,0.19329102337360382,1088,131072,0.42925851899781264,a8ae2afddac2501cbe22bd5caa37483d3712af5425db189a5366a7b396c3ff40,experiments/mirror_applications/ma-276-boft-depth-views/artifacts/payloads/27622_1_aligned_rotations_tied.bin
fresh,27622,1,aligned_rotations,tied,1,0.07230855524539948,1088,131072,0.42925851899781264,a8ae2afddac2501cbe22bd5caa37483d3712af5425db189a5366a7b396c3ff40,experiments/mirror_applications/ma-276-boft-depth-views/artifacts/payloads/27622_1_aligned_rotations_tied.bin
fresh,27622,1,aligned_rotations,tied,2,0.07230856269598007,1088,131072,0.42925851899781264,a8ae2afddac2501cbe22bd5caa37483d3712af5425db189a5366a7b396c3ff40,experiments/mirror_applications/ma-276-boft-depth-views/artifacts/payloads/27622_1_aligned_rotations_tied.bin
fresh,27622,1,aligned_rotations,tied,3,0.19329102337360382,1088,131072,0.42925851899781264,a8ae2afddac2501cbe22bd5caa37483d3712af5425db189a5366a7b396c3ff40,experiments/mirror_applications/ma-276-boft-depth-views/artifacts/payloads/27622_1_aligned_rotations_tied.bin
fresh,27622,1,aligned_rotations,rank1,0,0.131280317902565,1410,131072,0.38949001299624797,e0e6256409fb1077832f3152d8443441ceb41a929e0700b93a8cd34f8217702d,experiments/mirror_applications/ma-276-boft-depth-views/artifacts/payloads/27622_1_aligned_rotations_rank1.bin
fresh,27622,1,aligned_rotations,rank1,1,0.04924888536334038,1410,131072,0.38949001299624797,e0e6256409fb1077832f3152d8443441ceb41a929e0700b93a8cd34f8217702d,experiments/mirror_applications/ma-276-boft-depth-views/artifacts/payloads/27622_1_aligned_rotations_rank1.bin
fresh,27622,1,aligned_rotations,rank1,2,0.049775734543800354,1410,131072,0.38949001299624797,e0e6256409fb1077832f3152d8443441ceb41a929e0700b93a8cd34f8217702d,experiments/mirror_applications/ma-276-boft-depth-views/artifacts/payloads/27622_1_aligned_rotations_rank1.bin
fresh,27622,1,aligned_rotations,rank1,3,0.13071437180042267,1410,131072,0.38949001299624797,e0e6256409fb1077832f3152d8443441ceb41a929e0700b93a8cd34f8217702d,experiments/mirror_applications/ma-276-boft-depth-views/artifacts/payloads/27622_1_aligned_rotations_rank1.bin
fresh,27622,1,aligned_rotations,lora,0,0.0006955669377930462,2114,131072,0.3245984840032179,e4809aa491014a817f451ed510589ad4d6ae983b20484c89a356504e89fe1d1a,experiments/mirror_applications/ma-276-boft-depth-views/artifacts/payloads/27622_1_aligned_rotations_lora.bin
fresh,27622,1,aligned_rotations,lora,1,0.00018235843162983656,2114,131072,0.3245984840032179,e4809aa491014a817f451ed510589ad4d6ae983b20484c89a356504e89fe1d1a,experiments/mirror_applications/ma-276-boft-depth-views/artifacts/payloads/27622_1_aligned_rotations_lora.bin
fresh,27622,1,aligned_rotations,lora,2,0.0001203538486151956,2114,131072,0.3245984840032179,e4809aa491014a817f451ed510589ad4d6ae983b20484c89a356504e89fe1d1a,experiments/mirror_applications/ma-276-boft-depth-views/artifacts/payloads/27622_1_aligned_rotations_lora.bin
fresh,27622,1,aligned_rotations,lora,3,0.0001008047183859162,2114,131072,0.3245984840032179,e4809aa491014a817f451ed510589ad4d6ae983b20484c89a356504e89fe1d1a,experiments/mirror_applications/ma-276-boft-depth-views/artifacts/payloads/27622_1_aligned_rotations_lora.bin
fresh,27622,1,aligned_rotations,mirror,0,3.4298583528880044e-08,1106,131072,0.44895598699804395,837238f465f3e6959edf0070b77a8ad3dbb0989bb6ae7bf81e44438ff8dfeb4f,experiments/mirror_applications/ma-276-boft-depth-views/artifacts/payloads/27622_1_aligned_rotations_mirror.bin
fresh,27622,1,aligned_rotations,mirror,1,5.021858129339307e-08,1106,131072,0.44895598699804395,837238f465f3e6959edf0070b77a8ad3dbb0989bb6ae7bf81e44438ff8dfeb4f,experiments/mirror_applications/ma-276-boft-depth-views/artifacts/payloads/27622_1_aligned_rotations_mirror.bin
fresh,27622,1,aligned_rotations,mirror,2,3.5920333374406255e-08,1106,131072,0.44895598699804395,837238f465f3e6959edf0070b77a8ad3dbb0989bb6ae7bf81e44438ff8dfeb4f,experiments/mirror_applications/ma-276-boft-depth-views/artifacts/payloads/27622_1_aligned_rotations_mirror.bin
fresh,27622,1,aligned_rotations,mirror,3,3.377012447458583e-08,1106,131072,0.44895598699804395,837238f465f3e6959edf0070b77a8ad3dbb0989bb6ae7bf81e44438ff8dfeb4f,experiments/mirror_applications/ma-276-boft-depth-views/artifacts/payloads/27622_1_aligned_rotations_mirror.bin
fresh,27622,1,aligned_rotations,generic_plane,0,3.4298583528880044e-08,1113,131072,0.45034017399302684,47d08cd30a5e9aacb83b1c16a0aee2d9382ed74f002438d2073920857e5d6f29,experiments/mirror_applications/ma-276-boft-depth-views/artifacts/payloads/27622_1_aligned_rotations_generic_plane.bin
fresh,27622,1,aligned_rotations,generic_plane,1,5.021858129339307e-08,1113,131072,0.45034017399302684,47d08cd30a5e9aacb83b1c16a0aee2d9382ed74f002438d2073920857e5d6f29,experiments/mirror_applications/ma-276-boft-depth-views/artifacts/payloads/27622_1_aligned_rotations_generic_plane.bin
fresh,27622,1,aligned_rotations,generic_plane,2,3.5920333374406255e-08,1113,131072,0.45034017399302684,47d08cd30a5e9aacb83b1c16a0aee2d9382ed74f002438d2073920857e5d6f29,experiments/mirror_applications/ma-276-boft-depth-views/artifacts/payloads/27622_1_aligned_rotations_generic_plane.bin
fresh,27622,1,aligned_rotations,generic_plane,3,3.377012447458583e-08,1113,131072,0.45034017399302684,47d08cd30a5e9aacb83b1c16a0aee2d9382ed74f002438d2073920857e5d6f29,experiments/mirror_applications/ma-276-boft-depth-views/artifacts/payloads/27622_1_aligned_rotations_generic_plane.bin
fresh,27622,1,aligned_rotations,untied,0,0.0,4165,131072,0.3735725389997242,b3ec36f83ef02d88fd495563f8f64e89e1ba27125191310b588f8f53821f592b,experiments/mirror_applications/ma-276-boft-depth-views/artifacts/payloads/27622_1_aligned_rotations_untied.bin
fresh,27622,1,aligned_rotations,untied,1,0.0,4165,131072,0.3735725389997242,b3ec36f83ef02d88fd495563f8f64e89e1ba27125191310b588f8f53821f592b,experiments/mirror_applications/ma-276-boft-depth-views/artifacts/payloads/27622_1_aligned_rotations_untied.bin
fresh,27622,1,aligned_rotations,untied,2,0.0,4165,131072,0.3735725389997242,b3ec36f83ef02d88fd495563f8f64e89e1ba27125191310b588f8f53821f592b,experiments/mirror_applications/ma-276-boft-depth-views/artifacts/payloads/27622_1_aligned_rotations_untied.bin
fresh,27622,1,aligned_rotations,untied,3,0.0,4165,131072,0.3735725389997242,b3ec36f83ef02d88fd495563f8f64e89e1ba27125191310b588f8f53821f592b,experiments/mirror_applications/ma-276-boft-depth-views/artifacts/payloads/27622_1_aligned_rotations_untied.bin
fresh,27622,1,independent,tied,0,0.898522138595581,1088,131072,0.37500491199898534,fb510ac203559364a18354f8271e38d24cdbd79ceb5cdb307ef154b52febac1e,experiments/mirror_applications/ma-276-boft-depth-views/artifacts/payloads/27622_1_independent_tied.bin
fresh,27622,1,independent,tied,1,0.853499710559845,1088,131072,0.37500491199898534,fb510ac203559364a18354f8271e38d24cdbd79ceb5cdb307ef154b52febac1e,experiments/mirror_applications/ma-276-boft-depth-views/artifacts/payloads/27622_1_independent_tied.bin
fresh,27622,1,independent,tied,2,0.8778454065322876,1088,131072,0.37500491199898534,fb510ac203559364a18354f8271e38d24cdbd79ceb5cdb307ef154b52febac1e,experiments/mirror_applications/ma-276-boft-depth-views/artifacts/payloads/27622_1_independent_tied.bin
fresh,27622,1,independent,tied,3,0.8733829259872437,1088,131072,0.37500491199898534,fb510ac203559364a18354f8271e38d24cdbd79ceb5cdb307ef154b52febac1e,experiments/mirror_applications/ma-276-boft-depth-views/artifacts/payloads/27622_1_independent_tied.bin
fresh,27622,1,independent,rank1,0,0.8407809138298035,1410,131072,0.4901497480022954,3e0545abae39b970bbc5da577b740158d7900e2efb400d3b6346343121dda93e,experiments/mirror_applications/ma-276-boft-depth-views/artifacts/payloads/27622_1_independent_rank1.bin
fresh,27622,1,independent,rank1,1,0.795974850654602,1410,131072,0.4901497480022954,3e0545abae39b970bbc5da577b740158d7900e2efb400d3b6346343121dda93e,experiments/mirror_applications/ma-276-boft-depth-views/artifacts/payloads/27622_1_independent_rank1.bin
fresh,27622,1,independent,rank1,2,0.809867262840271,1410,131072,0.4901497480022954,3e0545abae39b970bbc5da577b740158d7900e2efb400d3b6346343121dda93e,experiments/mirror_applications/ma-276-boft-depth-views/artifacts/payloads/27622_1_independent_rank1.bin
fresh,27622,1,independent,rank1,3,0.8125514388084412,1410,131072,0.4901497480022954,3e0545abae39b970bbc5da577b740158d7900e2efb400d3b6346343121dda93e,experiments/mirror_applications/ma-276-boft-depth-views/artifacts/payloads/27622_1_independent_rank1.bin
fresh,27622,1,independent,lora,0,0.6318731904029846,2114,131072,0.4419218100083526,226e8234c250c4b67a9813f51a4ad647901bf7650e7104fc5cb258d865d06d8b,experiments/mirror_applications/ma-276-boft-depth-views/artifacts/payloads/27622_1_independent_lora.bin
fresh,27622,1,independent,lora,1,0.6183947324752808,2114,131072,0.4419218100083526,226e8234c250c4b67a9813f51a4ad647901bf7650e7104fc5cb258d865d06d8b,experiments/mirror_applications/ma-276-boft-depth-views/artifacts/payloads/27622_1_independent_lora.bin
fresh,27622,1,independent,lora,2,0.608510434627533,2114,131072,0.4419218100083526,226e8234c250c4b67a9813f51a4ad647901bf7650e7104fc5cb258d865d06d8b,experiments/mirror_applications/ma-276-boft-depth-views/artifacts/payloads/27622_1_independent_lora.bin
fresh,27622,1,independent,lora,3,0.6222230195999146,2114,131072,0.4419218100083526,226e8234c250c4b67a9813f51a4ad647901bf7650e7104fc5cb258d865d06d8b,experiments/mirror_applications/ma-276-boft-depth-views/artifacts/payloads/27622_1_independent_lora.bin
fresh,27622,1,independent,mirror,0,0.8954189419746399,1106,131072,0.5505653339932906,17735484ed69e7ea85a29973ced7527dc981e229436a04a276d5e2a3f540b2ed,experiments/mirror_applications/ma-276-boft-depth-views/artifacts/payloads/27622_1_independent_mirror.bin
fresh,27622,1,independent,mirror,1,0.8571470379829407,1106,131072,0.5505653339932906,17735484ed69e7ea85a29973ced7527dc981e229436a04a276d5e2a3f540b2ed,experiments/mirror_applications/ma-276-boft-depth-views/artifacts/payloads/27622_1_independent_mirror.bin
fresh,27622,1,independent,mirror,2,0.8716739416122437,1106,131072,0.5505653339932906,17735484ed69e7ea85a29973ced7527dc981e229436a04a276d5e2a3f540b2ed,experiments/mirror_applications/ma-276-boft-depth-views/artifacts/payloads/27622_1_independent_mirror.bin
fresh,27622,1,independent,mirror,3,0.8574055433273315,1106,131072,0.5505653339932906,17735484ed69e7ea85a29973ced7527dc981e229436a04a276d5e2a3f540b2ed,experiments/mirror_applications/ma-276-boft-depth-views/artifacts/payloads/27622_1_independent_mirror.bin
fresh,27622,1,independent,generic_plane,0,0.8954189419746399,1113,131072,0.5148300160071813,1d5a301c88011cc16aa254bce104b0c09ebd89570bd45c2a43907bbc0f8080bd,experiments/mirror_applications/ma-276-boft-depth-views/artifacts/payloads/27622_1_independent_generic_plane.bin
fresh,27622,1,independent,generic_plane,1,0.8571470379829407,1113,131072,0.5148300160071813,1d5a301c88011cc16aa254bce104b0c09ebd89570bd45c2a43907bbc0f8080bd,experiments/mirror_applications/ma-276-boft-depth-views/artifacts/payloads/27622_1_independent_generic_plane.bin
fresh,27622,1,independent,generic_plane,2,0.8716739416122437,1113,131072,0.5148300160071813,1d5a301c88011cc16aa254bce104b0c09ebd89570bd45c2a43907bbc0f8080bd,experiments/mirror_applications/ma-276-boft-depth-views/artifacts/payloads/27622_1_independent_generic_plane.bin
fresh,27622,1,independent,generic_plane,3,0.8574055433273315,1113,131072,0.5148300160071813,1d5a301c88011cc16aa254bce104b0c09ebd89570bd45c2a43907bbc0f8080bd,experiments/mirror_applications/ma-276-boft-depth-views/artifacts/payloads/27622_1_independent_generic_plane.bin
fresh,27622,1,independent,untied,0,0.0,4165,131072,0.2603360810026061,3169e153f3a5ea6c1d64e44fb8c636557693b3bb0de0a24f5ce5c39184ad1c05,experiments/mirror_applications/ma-276-boft-depth-views/artifacts/payloads/27622_1_independent_untied.bin
fresh,27622,1,independent,untied,1,0.0,4165,131072,0.2603360810026061,3169e153f3a5ea6c1d64e44fb8c636557693b3bb0de0a24f5ce5c39184ad1c05,experiments/mirror_applications/ma-276-boft-depth-views/artifacts/payloads/27622_1_independent_untied.bin
fresh,27622,1,independent,untied,2,0.0,4165,131072,0.2603360810026061,3169e153f3a5ea6c1d64e44fb8c636557693b3bb0de0a24f5ce5c39184ad1c05,experiments/mirror_applications/ma-276-boft-depth-views/artifacts/payloads/27622_1_independent_untied.bin
fresh,27622,1,independent,untied,3,0.0,4165,131072,0.2603360810026061,3169e153f3a5ea6c1d64e44fb8c636557693b3bb0de0a24f5ce5c39184ad1c05,experiments/mirror_applications/ma-276-boft-depth-views/artifacts/payloads/27622_1_independent_untied.bin
fresh,27622,2,aligned_rotations,tied,0,0.1944732517004013,1088,131072,0.2501598929957254,a33c3a75f8ae4a3d77aff5d18f50e9efdd6719e0f0d91865f8a095d3259bba44,experiments/mirror_applications/ma-276-boft-depth-views/artifacts/payloads/27622_2_aligned_rotations_tied.bin
fresh,27622,2,aligned_rotations,tied,1,0.07275086641311646,1088,131072,0.2501598929957254,a33c3a75f8ae4a3d77aff5d18f50e9efdd6719e0f0d91865f8a095d3259bba44,experiments/mirror_applications/ma-276-boft-depth-views/artifacts/payloads/27622_2_aligned_rotations_tied.bin
fresh,27622,2,aligned_rotations,tied,2,0.07275085896253586,1088,131072,0.2501598929957254,a33c3a75f8ae4a3d77aff5d18f50e9efdd6719e0f0d91865f8a095d3259bba44,experiments/mirror_applications/ma-276-boft-depth-views/artifacts/payloads/27622_2_aligned_rotations_tied.bin
fresh,27622,2,aligned_rotations,tied,3,0.19447337090969086,1088,131072,0.2501598929957254,a33c3a75f8ae4a3d77aff5d18f50e9efdd6719e0f0d91865f8a095d3259bba44,experiments/mirror_applications/ma-276-boft-depth-views/artifacts/payloads/27622_2_aligned_rotations_tied.bin
fresh,27622,2,aligned_rotations,rank1,0,0.13753733038902283,1410,131072,0.33306836600240786,7d56378bc2a0a1e50b17784c162e894c36097ca7cc1b67042f770c88f53a0ca8,experiments/mirror_applications/ma-276-boft-depth-views/artifacts/payloads/27622_2_aligned_rotations_rank1.bin
fresh,27622,2,aligned_rotations,rank1,1,0.05170063301920891,1410,131072,0.33306836600240786,7d56378bc2a0a1e50b17784c162e894c36097ca7cc1b67042f770c88f53a0ca8,experiments/mirror_applications/ma-276-boft-depth-views/artifacts/payloads/27622_2_aligned_rotations_rank1.bin
fresh,27622,2,aligned_rotations,rank1,2,0.05131511762738228,1410,131072,0.33306836600240786,7d56378bc2a0a1e50b17784c162e894c36097ca7cc1b67042f770c88f53a0ca8,experiments/mirror_applications/ma-276-boft-depth-views/artifacts/payloads/27622_2_aligned_rotations_rank1.bin
fresh,27622,2,aligned_rotations,rank1,3,0.13794712722301483,1410,131072,0.33306836600240786,7d56378bc2a0a1e50b17784c162e894c36097ca7cc1b67042f770c88f53a0ca8,experiments/mirror_applications/ma-276-boft-depth-views/artifacts/payloads/27622_2_aligned_rotations_rank1.bin
fresh,27622,2,aligned_rotations,lora,0,2.818795508119365e-08,2114,131072,0.3284183049981948,94b066fe1a8a6032a7ed66055b604adc8b5f7b764f636db3501ecdfe3ef183b5,experiments/mirror_applications/ma-276-boft-depth-views/artifacts/payloads/27622_2_aligned_rotations_lora.bin
fresh,27622,2,aligned_rotations,lora,1,2.4480016236338997e-08,2114,131072,0.3284183049981948,94b066fe1a8a6032a7ed66055b604adc8b5f7b764f636db3501ecdfe3ef183b5,experiments/mirror_applications/ma-276-boft-depth-views/artifacts/payloads/27622_2_aligned_rotations_lora.bin
fresh,27622,2,aligned_rotations,lora,2,3.66153329878216e-08,2114,131072,0.3284183049981948,94b066fe1a8a6032a7ed66055b604adc8b5f7b764f636db3501ecdfe3ef183b5,experiments/mirror_applications/ma-276-boft-depth-views/artifacts/payloads/27622_2_aligned_rotations_lora.bin
fresh,27622,2,aligned_rotations,lora,3,2.850513958208012e-08,2114,131072,0.3284183049981948,94b066fe1a8a6032a7ed66055b604adc8b5f7b764f636db3501ecdfe3ef183b5,experiments/mirror_applications/ma-276-boft-depth-views/artifacts/payloads/27622_2_aligned_rotations_lora.bin
fresh,27622,2,aligned_rotations,mirror,0,3.409541804444416e-08,1106,131072,0.4584426890069153,bc86f1d00dba91af62d4dc77dfe30d2955f3fa13e0347d08cccbc6d8152189e9,experiments/mirror_applications/ma-276-boft-depth-views/artifacts/payloads/27622_2_aligned_rotations_mirror.bin
fresh,27622,2,aligned_rotations,mirror,1,3.1643125453229004e-08,1106,131072,0.4584426890069153,bc86f1d00dba91af62d4dc77dfe30d2955f3fa13e0347d08cccbc6d8152189e9,experiments/mirror_applications/ma-276-boft-depth-views/artifacts/payloads/27622_2_aligned_rotations_mirror.bin
fresh,27622,2,aligned_rotations,mirror,2,3.9907817495077325e-08,1106,131072,0.4584426890069153,bc86f1d00dba91af62d4dc77dfe30d2955f3fa13e0347d08cccbc6d8152189e9,experiments/mirror_applications/ma-276-boft-depth-views/artifacts/payloads/27622_2_aligned_rotations_mirror.bin
fresh,27622,2,aligned_rotations,mirror,3,2.581108837773627e-08,1106,131072,0.4584426890069153,bc86f1d00dba91af62d4dc77dfe30d2955f3fa13e0347d08cccbc6d8152189e9,experiments/mirror_applications/ma-276-boft-depth-views/artifacts/payloads/27622_2_aligned_rotations_mirror.bin
fresh,27622,2,aligned_rotations,generic_plane,0,3.409541804444416e-08,1113,131072,0.4622482170088915,4f412683aa16e3da97ab0a2317f2466607d01da9e40635620d485d0198e776f1,experiments/mirror_applications/ma-276-boft-depth-views/artifacts/payloads/27622_2_aligned_rotations_generic_plane.bin
fresh,27622,2,aligned_rotations,generic_plane,1,3.1643125453229004e-08,1113,131072,0.4622482170088915,4f412683aa16e3da97ab0a2317f2466607d01da9e40635620d485d0198e776f1,experiments/mirror_applications/ma-276-boft-depth-views/artifacts/payloads/27622_2_aligned_rotations_generic_plane.bin
fresh,27622,2,aligned_rotations,generic_plane,2,3.9907817495077325e-08,1113,131072,0.4622482170088915,4f412683aa16e3da97ab0a2317f2466607d01da9e40635620d485d0198e776f1,experiments/mirror_applications/ma-276-boft-depth-views/artifacts/payloads/27622_2_aligned_rotations_generic_plane.bin
fresh,27622,2,aligned_rotations,generic_plane,3,2.581108837773627e-08,1113,131072,0.4622482170088915,4f412683aa16e3da97ab0a2317f2466607d01da9e40635620d485d0198e776f1,experiments/mirror_applications/ma-276-boft-depth-views/artifacts/payloads/27622_2_aligned_rotations_generic_plane.bin
fresh,27622,2,aligned_rotations,untied,0,0.0,4165,131072,0.3025500930089038,454560da5a5f02b732dda5d01495a92fb80f6d336506a80bdc5f9c783971ea88,experiments/mirror_applications/ma-276-boft-depth-views/artifacts/payloads/27622_2_aligned_rotations_untied.bin
fresh,27622,2,aligned_rotations,untied,1,0.0,4165,131072,0.3025500930089038,454560da5a5f02b732dda5d01495a92fb80f6d336506a80bdc5f9c783971ea88,experiments/mirror_applications/ma-276-boft-depth-views/artifacts/payloads/27622_2_aligned_rotations_untied.bin
fresh,27622,2,aligned_rotations,untied,2,0.0,4165,131072,0.3025500930089038,454560da5a5f02b732dda5d01495a92fb80f6d336506a80bdc5f9c783971ea88,experiments/mirror_applications/ma-276-boft-depth-views/artifacts/payloads/27622_2_aligned_rotations_untied.bin
fresh,27622,2,aligned_rotations,untied,3,0.0,4165,131072,0.3025500930089038,454560da5a5f02b732dda5d01495a92fb80f6d336506a80bdc5f9c783971ea88,experiments/mirror_applications/ma-276-boft-depth-views/artifacts/payloads/27622_2_aligned_rotations_untied.bin
fresh,27622,2,independent,tied,0,0.8586911559104919,1088,131072,0.25060562300495803,13158604b14351e5d7710e080fbbcbe6c176d8fc9cd5636f600e92124ce411af,experiments/mirror_applications/ma-276-boft-depth-views/artifacts/payloads/27622_2_independent_tied.bin
fresh,27622,2,independent,tied,1,0.8450172543525696,1088,131072,0.25060562300495803,13158604b14351e5d7710e080fbbcbe6c176d8fc9cd5636f600e92124ce411af,experiments/mirror_applications/ma-276-boft-depth-views/artifacts/payloads/27622_2_independent_tied.bin
fresh,27622,2,independent,tied,2,0.9094963669776917,1088,131072,0.25060562300495803,13158604b14351e5d7710e080fbbcbe6c176d8fc9cd5636f600e92124ce411af,experiments/mirror_applications/ma-276-boft-depth-views/artifacts/payloads/27622_2_independent_tied.bin
fresh,27622,2,independent,tied,3,0.8531304597854614,1088,131072,0.25060562300495803,13158604b14351e5d7710e080fbbcbe6c176d8fc9cd5636f600e92124ce411af,experiments/mirror_applications/ma-276-boft-depth-views/artifacts/payloads/27622_2_independent_tied.bin
fresh,27622,2,independent,rank1,0,0.8023974299430847,1410,131072,0.3431916249974165,3a5e53345c9d43fc6c2ce964ad3f78075078c9ab3dcea1a668541bef0ddcf1c3,experiments/mirror_applications/ma-276-boft-depth-views/artifacts/payloads/27622_2_independent_rank1.bin
fresh,27622,2,independent,rank1,1,0.8052293658256531,1410,131072,0.3431916249974165,3a5e53345c9d43fc6c2ce964ad3f78075078c9ab3dcea1a668541bef0ddcf1c3,experiments/mirror_applications/ma-276-boft-depth-views/artifacts/payloads/27622_2_independent_rank1.bin
fresh,27622,2,independent,rank1,2,0.8312076330184937,1410,131072,0.3431916249974165,3a5e53345c9d43fc6c2ce964ad3f78075078c9ab3dcea1a668541bef0ddcf1c3,experiments/mirror_applications/ma-276-boft-depth-views/artifacts/payloads/27622_2_independent_rank1.bin
fresh,27622,2,independent,rank1,3,0.7963366508483887,1410,131072,0.3431916249974165,3a5e53345c9d43fc6c2ce964ad3f78075078c9ab3dcea1a668541bef0ddcf1c3,experiments/mirror_applications/ma-276-boft-depth-views/artifacts/payloads/27622_2_independent_rank1.bin
fresh,27622,2,independent,lora,0,0.6028687357902527,2114,131072,0.33204644099168945,72503439f9f04195a1f9a647473220b3a588a2164053fcd6789eccca6c93dff6,experiments/mirror_applications/ma-276-boft-depth-views/artifacts/payloads/27622_2_independent_lora.bin
fresh,27622,2,independent,lora,1,0.6199586987495422,2114,131072,0.33204644099168945,72503439f9f04195a1f9a647473220b3a588a2164053fcd6789eccca6c93dff6,experiments/mirror_applications/ma-276-boft-depth-views/artifacts/payloads/27622_2_independent_lora.bin
fresh,27622,2,independent,lora,2,0.6323099732398987,2114,131072,0.33204644099168945,72503439f9f04195a1f9a647473220b3a588a2164053fcd6789eccca6c93dff6,experiments/mirror_applications/ma-276-boft-depth-views/artifacts/payloads/27622_2_independent_lora.bin
fresh,27622,2,independent,lora,3,0.5998010635375977,2114,131072,0.33204644099168945,72503439f9f04195a1f9a647473220b3a588a2164053fcd6789eccca6c93dff6,experiments/mirror_applications/ma-276-boft-depth-views/artifacts/payloads/27622_2_independent_lora.bin
fresh,27622,2,independent,mirror,0,0.8562900424003601,1106,131072,0.463888908008812,b4e36b3eb60a0a527a79ce87c1db68d593906c99709fdd188f2ba383769a2af2,experiments/mirror_applications/ma-276-boft-depth-views/artifacts/payloads/27622_2_independent_mirror.bin
fresh,27622,2,independent,mirror,1,0.8410905599594116,1106,131072,0.463888908008812,b4e36b3eb60a0a527a79ce87c1db68d593906c99709fdd188f2ba383769a2af2,experiments/mirror_applications/ma-276-boft-depth-views/artifacts/payloads/27622_2_independent_mirror.bin
fresh,27622,2,independent,mirror,2,0.8859959840774536,1106,131072,0.463888908008812,b4e36b3eb60a0a527a79ce87c1db68d593906c99709fdd188f2ba383769a2af2,experiments/mirror_applications/ma-276-boft-depth-views/artifacts/payloads/27622_2_independent_mirror.bin
fresh,27622,2,independent,mirror,3,0.8446194529533386,1106,131072,0.463888908008812,b4e36b3eb60a0a527a79ce87c1db68d593906c99709fdd188f2ba383769a2af2,experiments/mirror_applications/ma-276-boft-depth-views/artifacts/payloads/27622_2_independent_mirror.bin
fresh,27622,2,independent,generic_plane,0,0.8562900424003601,1113,131072,0.43489776201022323,bab68480b68907a2c2d193830634f4de01aa96ff217e70e0b8218c7292f27170,experiments/mirror_applications/ma-276-boft-depth-views/artifacts/payloads/27622_2_independent_generic_plane.bin
fresh,27622,2,independent,generic_plane,1,0.8410905599594116,1113,131072,0.43489776201022323,bab68480b68907a2c2d193830634f4de01aa96ff217e70e0b8218c7292f27170,experiments/mirror_applications/ma-276-boft-depth-views/artifacts/payloads/27622_2_independent_generic_plane.bin
fresh,27622,2,independent,generic_plane,2,0.8859959840774536,1113,131072,0.43489776201022323,bab68480b68907a2c2d193830634f4de01aa96ff217e70e0b8218c7292f27170,experiments/mirror_applications/ma-276-boft-depth-views/artifacts/payloads/27622_2_independent_generic_plane.bin
fresh,27622,2,independent,generic_plane,3,0.8446194529533386,1113,131072,0.43489776201022323,bab68480b68907a2c2d193830634f4de01aa96ff217e70e0b8218c7292f27170,experiments/mirror_applications/ma-276-boft-depth-views/artifacts/payloads/27622_2_independent_generic_plane.bin
fresh,27622,2,independent,untied,0,0.0,4165,131072,0.26703298100619577,6e34a429df57d6b9ccb06e29718466f112841b3dcd522be0cd78de008107ec47,experiments/mirror_applications/ma-276-boft-depth-views/artifacts/payloads/27622_2_independent_untied.bin
fresh,27622,2,independent,untied,1,0.0,4165,131072,0.26703298100619577,6e34a429df57d6b9ccb06e29718466f112841b3dcd522be0cd78de008107ec47,experiments/mirror_applications/ma-276-boft-depth-views/artifacts/payloads/27622_2_independent_untied.bin
fresh,27622,2,independent,untied,2,0.0,4165,131072,0.26703298100619577,6e34a429df57d6b9ccb06e29718466f112841b3dcd522be0cd78de008107ec47,experiments/mirror_applications/ma-276-boft-depth-views/artifacts/payloads/27622_2_independent_untied.bin
fresh,27622,2,independent,untied,3,0.0,4165,131072,0.26703298100619577,6e34a429df57d6b9ccb06e29718466f112841b3dcd522be0cd78de008107ec47,experiments/mirror_applications/ma-276-boft-depth-views/artifacts/payloads/27622_2_independent_untied.bin
