phase,world,seed,stratum,task,method,nrmse,payload_bytes,apply_seconds,materialize_seconds,apply_macs,sha256,path
development,27300,0,aligned_shared_generator,0,oft_oracle,0.0,8821,3.359838325801927e-05,1.6985999536700547e-05,2097152,b4f9c0ee9d1c3062e23a68c25faaa5e6c995594707d43eeb07c7189b7c2c4e4a,experiments/mirror_applications/ma-273-boft-mirror-adapter-bank/artifacts/payloads/27300_0_aligned_shared_generator_0_oft_oracle.bin
development,27300,0,aligned_shared_generator,0,boft_independent,0.0,5021,3.8353416554552194e-05,1.3320008292794228e-05,2097152,e1b8998f2d10beb80e8b7e47e5c739dd5cea0394a9ad65c68b11ea2b602003fe,experiments/mirror_applications/ma-273-boft-mirror-adapter-bank/artifacts/payloads/27300_0_aligned_shared_generator_0_boft_independent.bin
development,27300,0,aligned_shared_generator,0,mirror_shared_boft,0.09884722530841827,4734,3.3484050072729586e-05,1.2497999705374241e-05,2097152,a7a4aa48b6487e93eabb29e9615fcf02e36183798531ea9bb8d8b72dffd20283,experiments/mirror_applications/ma-273-boft-mirror-adapter-bank/artifacts/payloads/27300_0_aligned_shared_generator_0_mirror_shared_boft.bin
development,27300,0,aligned_shared_generator,0,generic_scalar_boft,0.09884722530841827,4735,3.2052266518197334e-05,1.3711003703065217e-05,2097152,efc20d00779c688fe90a2fb11157884ac474f479b217dcb6bfd3d4d257fdd351,experiments/mirror_applications/ma-273-boft-mirror-adapter-bank/artifacts/payloads/27300_0_aligned_shared_generator_0_generic_scalar_boft.bin
development,27300,0,aligned_shared_generator,0,shared_identity,0.14752179384231567,4727,3.415003326760294e-05,1.3119002687744796e-05,2097152,758447c7eb7ef2b330dedacae4e13fdc1920de78df95e65e1f7586b594b7aa51,experiments/mirror_applications/ma-273-boft-mirror-adapter-bank/artifacts/payloads/27300_0_aligned_shared_generator_0_shared_identity.bin
development,27300,0,aligned_shared_generator,1,oft_oracle,0.0,8821,3.28519500423378e-05,1.7655998817645013e-05,2097152,6f874feb321193963b1b15abdd3c99229dff7a2d09388d9e1f85c16833961a4e,experiments/mirror_applications/ma-273-boft-mirror-adapter-bank/artifacts/payloads/27300_0_aligned_shared_generator_1_oft_oracle.bin
development,27300,0,aligned_shared_generator,1,boft_independent,0.0,5021,3.349589993983197e-05,1.2347998563200235e-05,2097152,d2000366c07da07ddbf5f2a42e68b04ac5e08a2febdf3cf3303fbeb41edc961c,experiments/mirror_applications/ma-273-boft-mirror-adapter-bank/artifacts/payloads/27300_0_aligned_shared_generator_1_boft_independent.bin
development,27300,0,aligned_shared_generator,1,mirror_shared_boft,0.05668922886252403,4734,3.437703344388865e-05,1.2307995348237455e-05,2097152,a7a4aa48b6487e93eabb29e9615fcf02e36183798531ea9bb8d8b72dffd20283,experiments/mirror_applications/ma-273-boft-mirror-adapter-bank/artifacts/payloads/27300_0_aligned_shared_generator_1_mirror_shared_boft.bin
development,27300,0,aligned_shared_generator,1,generic_scalar_boft,0.05668922886252403,4735,3.7252949793279794e-05,1.2137999874539673e-05,2097152,efc20d00779c688fe90a2fb11157884ac474f479b217dcb6bfd3d4d257fdd351,experiments/mirror_applications/ma-273-boft-mirror-adapter-bank/artifacts/payloads/27300_0_aligned_shared_generator_1_generic_scalar_boft.bin
development,27300,0,aligned_shared_generator,1,shared_identity,0.10550243407487869,4727,3.475608342948059e-05,1.3229000614956021e-05,2097152,758447c7eb7ef2b330dedacae4e13fdc1920de78df95e65e1f7586b594b7aa51,experiments/mirror_applications/ma-273-boft-mirror-adapter-bank/artifacts/payloads/27300_0_aligned_shared_generator_1_shared_identity.bin
development,27300,0,aligned_shared_generator,2,oft_oracle,0.0,8821,3.340443339160022e-05,3.5613004001788795e-05,2097152,7f7dd883d269ace9e8c374913f1620a08c597932b10c9dbf56b1a363afe7c653,experiments/mirror_applications/ma-273-boft-mirror-adapter-bank/artifacts/payloads/27300_0_aligned_shared_generator_2_oft_oracle.bin
development,27300,0,aligned_shared_generator,2,boft_independent,0.0,5021,3.7320716607306774e-05,1.2998993042856455e-05,2097152,75500d9a6d2e42c0d55c2d0c183b297129884b9e2849f648818851b6d5981b18,experiments/mirror_applications/ma-273-boft-mirror-adapter-bank/artifacts/payloads/27300_0_aligned_shared_generator_2_boft_independent.bin
development,27300,0,aligned_shared_generator,2,mirror_shared_boft,0.014459892176091671,4734,3.373725000225628e-05,1.1967000318691134e-05,2097152,a7a4aa48b6487e93eabb29e9615fcf02e36183798531ea9bb8d8b72dffd20283,experiments/mirror_applications/ma-273-boft-mirror-adapter-bank/artifacts/payloads/27300_0_aligned_shared_generator_2_mirror_shared_boft.bin
development,27300,0,aligned_shared_generator,2,generic_scalar_boft,0.014459892176091671,4735,3.193675001966767e-05,1.2168005923740566e-05,2097152,efc20d00779c688fe90a2fb11157884ac474f479b217dcb6bfd3d4d257fdd351,experiments/mirror_applications/ma-273-boft-mirror-adapter-bank/artifacts/payloads/27300_0_aligned_shared_generator_2_generic_scalar_boft.bin
development,27300,0,aligned_shared_generator,2,shared_identity,0.06335458159446716,4727,3.323970013298094e-05,1.2307995348237455e-05,2097152,758447c7eb7ef2b330dedacae4e13fdc1920de78df95e65e1f7586b594b7aa51,experiments/mirror_applications/ma-273-boft-mirror-adapter-bank/artifacts/payloads/27300_0_aligned_shared_generator_2_shared_identity.bin
development,27300,0,aligned_shared_generator,3,oft_oracle,0.0,8821,3.2901349914027375e-05,1.8236998585052788e-05,2097152,ee32413c26f59dc212341aa359dd50f4cb1167dca67e76e8ab98a7cd3f4ed592,experiments/mirror_applications/ma-273-boft-mirror-adapter-bank/artifacts/payloads/27300_0_aligned_shared_generator_3_oft_oracle.bin
development,27300,0,aligned_shared_generator,3,boft_independent,0.0,5021,3.1718099974871924e-05,1.1836993508040905e-05,2097152,69ce450c772087e39ae9a385411931d6f952de73e6e83f03348ccd3f0879fec9,experiments/mirror_applications/ma-273-boft-mirror-adapter-bank/artifacts/payloads/27300_0_aligned_shared_generator_3_boft_independent.bin
development,27300,0,aligned_shared_generator,3,mirror_shared_boft,3.288590960437432e-05,4734,3.492584995304545e-05,1.2859003618359566e-05,2097152,0514604f3f778eead1983d1c2ad950c19f81dc2c9d845a9f4ad50fe097c7745a,experiments/mirror_applications/ma-273-boft-mirror-adapter-bank/artifacts/payloads/27300_0_aligned_shared_generator_3_mirror_shared_boft.bin
development,27300,0,aligned_shared_generator,3,generic_scalar_boft,3.288590960437432e-05,4735,3.2269083264206225e-05,1.2268006685189903e-05,2097152,7335435201e3f4207fbf230f881500ffc78b0bf62e4179157be2fbb7fc3104e4,experiments/mirror_applications/ma-273-boft-mirror-adapter-bank/artifacts/payloads/27300_0_aligned_shared_generator_3_generic_scalar_boft.bin
development,27300,0,aligned_shared_generator,3,shared_identity,0.02112763561308384,4727,3.175983317002344e-05,1.2909003999084234e-05,2097152,758447c7eb7ef2b330dedacae4e13fdc1920de78df95e65e1f7586b594b7aa51,experiments/mirror_applications/ma-273-boft-mirror-adapter-bank/artifacts/payloads/27300_0_aligned_shared_generator_3_shared_identity.bin
development,27300,0,aligned_shared_generator,4,oft_oracle,0.0,8821,3.4402233480553454e-05,2.2262989659793675e-05,2097152,79cbe27cb1e732ce9cee99477f48b2e256c71ad1f562f0af40b4c5107514ffc0,experiments/mirror_applications/ma-273-boft-mirror-adapter-bank/artifacts/payloads/27300_0_aligned_shared_generator_4_oft_oracle.bin
development,27300,0,aligned_shared_generator,4,boft_independent,0.0,5021,3.472588335474332e-05,1.2989010429009795e-05,2097152,b7d8783fd8b28b2ee9f6ab7714ea1429ec99d1c6f67618c2913eec070861b45e,experiments/mirror_applications/ma-273-boft-mirror-adapter-bank/artifacts/payloads/27300_0_aligned_shared_generator_4_boft_independent.bin
development,27300,0,aligned_shared_generator,4,mirror_shared_boft,3.2889631256693974e-05,4734,3.113589991698973e-05,1.3891010894440114e-05,2097152,cf1ee3b3ca21d22453b203caefb3855e11ac76fd70dbcefc7db9c947c00e5a1a,experiments/mirror_applications/ma-273-boft-mirror-adapter-bank/artifacts/payloads/27300_0_aligned_shared_generator_4_mirror_shared_boft.bin
development,27300,0,aligned_shared_generator,4,generic_scalar_boft,3.2889631256693974e-05,4735,3.854036646468255e-05,1.3129989383742213e-05,2097152,a8d057fe16ea3fa67d417a87f946fd344f5c39ddff3854403a71a8892592f1c2,experiments/mirror_applications/ma-273-boft-mirror-adapter-bank/artifacts/payloads/27300_0_aligned_shared_generator_4_generic_scalar_boft.bin
development,27300,0,aligned_shared_generator,4,shared_identity,0.02112879976630211,4727,3.830801676182697e-05,1.2828997569158673e-05,2097152,758447c7eb7ef2b330dedacae4e13fdc1920de78df95e65e1f7586b594b7aa51,experiments/mirror_applications/ma-273-boft-mirror-adapter-bank/artifacts/payloads/27300_0_aligned_shared_generator_4_shared_identity.bin
development,27300,0,aligned_shared_generator,5,oft_oracle,0.0,8821,3.2375416534099104e-05,1.6985999536700547e-05,2097152,01c39fb2c4fdbf7c7b49f64ba7f90c7964ed1857eccb1c7236833153c5e37ec2,experiments/mirror_applications/ma-273-boft-mirror-adapter-bank/artifacts/payloads/27300_0_aligned_shared_generator_5_oft_oracle.bin
development,27300,0,aligned_shared_generator,5,boft_independent,0.0,5021,3.346118319313973e-05,1.3470009434968233e-05,2097152,6c20163b2f764109c25819b362a0df0b007e4c01e974ad6ff5bc1ea27771e87a,experiments/mirror_applications/ma-273-boft-mirror-adapter-bank/artifacts/payloads/27300_0_aligned_shared_generator_5_boft_independent.bin
development,27300,0,aligned_shared_generator,5,mirror_shared_boft,0.014464126899838448,4734,3.1619616493117064e-05,1.3509998098015785e-05,2097152,9400886a974eb4aaec1386f1a9d81ddce951bb461ef7fc324ba2464d92ca3dc3,experiments/mirror_applications/ma-273-boft-mirror-adapter-bank/artifacts/payloads/27300_0_aligned_shared_generator_5_mirror_shared_boft.bin
development,27300,0,aligned_shared_generator,5,generic_scalar_boft,0.014464126899838448,4735,3.19896666042041e-05,1.6223988495767117e-05,2097152,7aa2549b9dbc65aed13fe5948e4e63fe1caa0347310a09efe078d26d6a379213,experiments/mirror_applications/ma-273-boft-mirror-adapter-bank/artifacts/payloads/27300_0_aligned_shared_generator_5_generic_scalar_boft.bin
development,27300,0,aligned_shared_generator,5,shared_identity,0.06336504220962524,4727,3.435700006472568e-05,1.2439006241038442e-05,2097152,758447c7eb7ef2b330dedacae4e13fdc1920de78df95e65e1f7586b594b7aa51,experiments/mirror_applications/ma-273-boft-mirror-adapter-bank/artifacts/payloads/27300_0_aligned_shared_generator_5_shared_identity.bin
development,27300,0,aligned_shared_generator,6,oft_oracle,0.0,8821,3.263463319550889e-05,1.5753990737721324e-05,2097152,570f294b772a60d21516c3bf019502e8a8e5a7e8f2032c1b37d6070c8aa0363a,experiments/mirror_applications/ma-273-boft-mirror-adapter-bank/artifacts/payloads/27300_0_aligned_shared_generator_6_oft_oracle.bin
development,27300,0,aligned_shared_generator,6,boft_independent,0.0,5021,3.128428337125418e-05,1.1956988601014018e-05,2097152,658d7d58acbebf9879379e61cf319851bd5f1473a3f9fe68c0239d8be39de229,experiments/mirror_applications/ma-273-boft-mirror-adapter-bank/artifacts/payloads/27300_0_aligned_shared_generator_6_boft_independent.bin
development,27300,0,aligned_shared_generator,6,mirror_shared_boft,0.0567120797932148,4734,3.434848331380635e-05,1.3900993508286774e-05,2097152,9400886a974eb4aaec1386f1a9d81ddce951bb461ef7fc324ba2464d92ca3dc3,experiments/mirror_applications/ma-273-boft-mirror-adapter-bank/artifacts/payloads/27300_0_aligned_shared_generator_6_mirror_shared_boft.bin
development,27300,0,aligned_shared_generator,6,generic_scalar_boft,0.0567120797932148,4735,3.562155009907049e-05,1.1737996828742325e-05,2097152,7aa2549b9dbc65aed13fe5948e4e63fe1caa0347310a09efe078d26d6a379213,experiments/mirror_applications/ma-273-boft-mirror-adapter-bank/artifacts/payloads/27300_0_aligned_shared_generator_6_generic_scalar_boft.bin
development,27300,0,aligned_shared_generator,6,shared_identity,0.1055314764380455,4727,3.136308344740731e-05,1.3689990737475455e-05,2097152,758447c7eb7ef2b330dedacae4e13fdc1920de78df95e65e1f7586b594b7aa51,experiments/mirror_applications/ma-273-boft-mirror-adapter-bank/artifacts/payloads/27300_0_aligned_shared_generator_6_shared_identity.bin
development,27300,0,aligned_shared_generator,7,oft_oracle,0.0,8821,3.62089165719226e-05,1.7875994672067463e-05,2097152,6692bd2708b705ae1cd0b16fd59a4a6bea47bc35253dc34549d30a56403bcd61,experiments/mirror_applications/ma-273-boft-mirror-adapter-bank/artifacts/payloads/27300_0_aligned_shared_generator_7_oft_oracle.bin
development,27300,0,aligned_shared_generator,7,boft_independent,0.0,5021,3.348038323262396e-05,1.2919001164846122e-05,2097152,8099b631951b9ddba34562937c4cf9893f8b248b2c4ff3f54a5a3c1b0dac6d5a,experiments/mirror_applications/ma-273-boft-mirror-adapter-bank/artifacts/payloads/27300_0_aligned_shared_generator_7_boft_independent.bin
development,27300,0,aligned_shared_generator,7,mirror_shared_boft,0.09889779984951019,4734,4.737043345812708e-05,1.2228003470227122e-05,2097152,9400886a974eb4aaec1386f1a9d81ddce951bb461ef7fc324ba2464d92ca3dc3,experiments/mirror_applications/ma-273-boft-mirror-adapter-bank/artifacts/payloads/27300_0_aligned_shared_generator_7_mirror_shared_boft.bin
development,27300,0,aligned_shared_generator,7,generic_scalar_boft,0.09889779984951019,4735,3.366465001211812e-05,1.1797994375228882e-05,2097152,7aa2549b9dbc65aed13fe5948e4e63fe1caa0347310a09efe078d26d6a379213,experiments/mirror_applications/ma-273-boft-mirror-adapter-bank/artifacts/payloads/27300_0_aligned_shared_generator_7_generic_scalar_boft.bin
development,27300,0,aligned_shared_generator,7,shared_identity,0.14757871627807617,4727,3.835525009587097e-05,1.3700002455152571e-05,2097152,758447c7eb7ef2b330dedacae4e13fdc1920de78df95e65e1f7586b594b7aa51,experiments/mirror_applications/ma-273-boft-mirror-adapter-bank/artifacts/payloads/27300_0_aligned_shared_generator_7_shared_identity.bin
development,27300,0,independent_orthogonal,0,oft_oracle,0.0,8821,3.2597900038429846e-05,1.5502999303862453e-05,2097152,a5fb9407ba46a91b4ce46f00a72e72d871e130c49745584f1fec5a896865ac2d,experiments/mirror_applications/ma-273-boft-mirror-adapter-bank/artifacts/payloads/27300_0_independent_orthogonal_0_oft_oracle.bin
development,27300,0,independent_orthogonal,0,boft_independent,1.3721038103103638,5021,3.213621651714978e-05,1.2107993825338781e-05,2097152,f17927a9ef2d8b5814a5d39a488490cd06ea00c01a70e8c6e57a15cec638c49a,experiments/mirror_applications/ma-273-boft-mirror-adapter-bank/artifacts/payloads/27300_0_independent_orthogonal_0_boft_independent.bin
development,27300,0,independent_orthogonal,0,shared_identity,1.3937681913375854,4727,3.1745300172284864e-05,1.3249999028630555e-05,2097152,758447c7eb7ef2b330dedacae4e13fdc1920de78df95e65e1f7586b594b7aa51,experiments/mirror_applications/ma-273-boft-mirror-adapter-bank/artifacts/payloads/27300_0_independent_orthogonal_0_shared_identity.bin
development,27300,0,independent_orthogonal,1,oft_oracle,0.0,8821,3.2083966895394646e-05,1.4972989447414875e-05,2097152,c39890e4366ecceb78c8d3c8ee859563b64ea456437a38f05bc6f79d11b70d18,experiments/mirror_applications/ma-273-boft-mirror-adapter-bank/artifacts/payloads/27300_0_independent_orthogonal_1_oft_oracle.bin
development,27300,0,independent_orthogonal,1,boft_independent,1.4203555583953857,5021,3.1889516685623674e-05,1.2809003237634897e-05,2097152,e1a0171a7b41ad83d213ecc59bd0cad621eccd60ac74f4a04b3120e3f91fc416,experiments/mirror_applications/ma-273-boft-mirror-adapter-bank/artifacts/payloads/27300_0_independent_orthogonal_1_boft_independent.bin
development,27300,0,independent_orthogonal,1,shared_identity,1.4408190250396729,4727,3.60545168708389e-05,1.3060009223408997e-05,2097152,758447c7eb7ef2b330dedacae4e13fdc1920de78df95e65e1f7586b594b7aa51,experiments/mirror_applications/ma-273-boft-mirror-adapter-bank/artifacts/payloads/27300_0_independent_orthogonal_1_shared_identity.bin
development,27300,0,independent_orthogonal,2,oft_oracle,0.0,8821,3.211818329873495e-05,1.5402998542413116e-05,2097152,8562cefaedc35c401577aca4b68297896ed67271e68b924b8802e600c3c9917b,experiments/mirror_applications/ma-273-boft-mirror-adapter-bank/artifacts/payloads/27300_0_independent_orthogonal_2_oft_oracle.bin
development,27300,0,independent_orthogonal,2,boft_independent,1.3818696737289429,5021,3.7305866620348145e-05,1.3240001862868667e-05,2097152,4825879ac7d4d0280c684519ee9ae41f673218bd54700ac7d778e38e291cc11a,experiments/mirror_applications/ma-273-boft-mirror-adapter-bank/artifacts/payloads/27300_0_independent_orthogonal_2_boft_independent.bin
development,27300,0,independent_orthogonal,2,shared_identity,1.403383731842041,4727,5.315950014240419e-05,1.2488002539612353e-05,2097152,758447c7eb7ef2b330dedacae4e13fdc1920de78df95e65e1f7586b594b7aa51,experiments/mirror_applications/ma-273-boft-mirror-adapter-bank/artifacts/payloads/27300_0_independent_orthogonal_2_shared_identity.bin
development,27300,0,independent_orthogonal,3,oft_oracle,0.0,8821,4.782811665791087e-05,2.435599162708968e-05,2097152,3708dee7d2ef879c0db5df3e30eba04307a19a20611e6bdbffa73767cbabb79c,experiments/mirror_applications/ma-273-boft-mirror-adapter-bank/artifacts/payloads/27300_0_independent_orthogonal_3_oft_oracle.bin
development,27300,0,independent_orthogonal,3,boft_independent,1.3813154697418213,5021,4.490309996375193e-05,1.607400190550834e-05,2097152,0cc661de84bb542444a130f8e6c92671d7f6faa44a53fc8ea06661326ceda571,experiments/mirror_applications/ma-273-boft-mirror-adapter-bank/artifacts/payloads/27300_0_independent_orthogonal_3_boft_independent.bin
development,27300,0,independent_orthogonal,3,shared_identity,1.4030214548110962,4727,4.524545001913793e-05,1.5492987586185336e-05,2097152,758447c7eb7ef2b330dedacae4e13fdc1920de78df95e65e1f7586b594b7aa51,experiments/mirror_applications/ma-273-boft-mirror-adapter-bank/artifacts/payloads/27300_0_independent_orthogonal_3_shared_identity.bin
development,27300,0,independent_orthogonal,4,oft_oracle,0.0,8821,4.6328383420283595e-05,1.985901326406747e-05,2097152,1591dc31b128bd123799e113dca9b561c49f7522818e7dad3ab11b6062fcb401,experiments/mirror_applications/ma-273-boft-mirror-adapter-bank/artifacts/payloads/27300_0_independent_orthogonal_4_oft_oracle.bin
development,27300,0,independent_orthogonal,4,boft_independent,1.3834785223007202,5021,4.681594994811652e-05,1.4710996765643358e-05,2097152,3a169fdc0448bccd5761323bf4957a24f7e85fa4c40bea3007774188f1e5659a,experiments/mirror_applications/ma-273-boft-mirror-adapter-bank/artifacts/payloads/27300_0_independent_orthogonal_4_boft_independent.bin
development,27300,0,independent_orthogonal,4,shared_identity,1.4093462228775024,4727,4.798934993838581e-05,1.693500962574035e-05,2097152,758447c7eb7ef2b330dedacae4e13fdc1920de78df95e65e1f7586b594b7aa51,experiments/mirror_applications/ma-273-boft-mirror-adapter-bank/artifacts/payloads/27300_0_independent_orthogonal_4_shared_identity.bin
development,27300,0,independent_orthogonal,5,oft_oracle,0.0,8821,4.606850003862443e-05,1.795700518414378e-05,2097152,8425c48f38bd8d269f7d8881e8031d228a5a714c3ca5cd074327970c14151bef,experiments/mirror_applications/ma-273-boft-mirror-adapter-bank/artifacts/payloads/27300_0_independent_orthogonal_5_oft_oracle.bin
development,27300,0,independent_orthogonal,5,boft_independent,1.3770266771316528,5021,4.7941449884092437e-05,1.7946993466466665e-05,2097152,7f15b758ff64bd9ee71a78de7d60540036ae2388956c247b6a88681f505ea651,experiments/mirror_applications/ma-273-boft-mirror-adapter-bank/artifacts/payloads/27300_0_independent_orthogonal_5_boft_independent.bin
development,27300,0,independent_orthogonal,5,shared_identity,1.4087505340576172,4727,5.227650011268755e-05,1.6093996237032115e-05,2097152,758447c7eb7ef2b330dedacae4e13fdc1920de78df95e65e1f7586b594b7aa51,experiments/mirror_applications/ma-273-boft-mirror-adapter-bank/artifacts/payloads/27300_0_independent_orthogonal_5_shared_identity.bin
development,27300,0,independent_orthogonal,6,oft_oracle,0.0,8821,5.321073331288062e-05,1.8777995137497783e-05,2097152,8afc2078a3e8d4882faa9efab7393e542b2e15573dba771567473099fbdded9f,experiments/mirror_applications/ma-273-boft-mirror-adapter-bank/artifacts/payloads/27300_0_independent_orthogonal_6_oft_oracle.bin
development,27300,0,independent_orthogonal,6,boft_independent,1.3849601745605469,5021,5.0952233383820085e-05,1.5151992556639016e-05,2097152,c18b894609e612f7e678c580af2a2bc205fb31847bde06edf1dba8bbfc37324d,experiments/mirror_applications/ma-273-boft-mirror-adapter-bank/artifacts/payloads/27300_0_independent_orthogonal_6_boft_independent.bin
development,27300,0,independent_orthogonal,6,shared_identity,1.4035314321517944,4727,4.620836674196956e-05,1.569298910908401e-05,2097152,758447c7eb7ef2b330dedacae4e13fdc1920de78df95e65e1f7586b594b7aa51,experiments/mirror_applications/ma-273-boft-mirror-adapter-bank/artifacts/payloads/27300_0_independent_orthogonal_6_shared_identity.bin
development,27300,0,independent_orthogonal,7,oft_oracle,0.0,8821,4.7214516719880824e-05,1.8177001038566232e-05,2097152,c7a9d0433a4223a29fd33f80bbba1af07f8746cf02acd0d8c0f4eea56b625788,experiments/mirror_applications/ma-273-boft-mirror-adapter-bank/artifacts/payloads/27300_0_independent_orthogonal_7_oft_oracle.bin
development,27300,0,independent_orthogonal,7,boft_independent,1.397608995437622,5021,4.546394993667491e-05,1.5523008187301457e-05,2097152,1a0e25b5619e3d5c0f5b0a9b55086a2e6069bf353ecca90de5eee107eaed44a6,experiments/mirror_applications/ma-273-boft-mirror-adapter-bank/artifacts/payloads/27300_0_independent_orthogonal_7_boft_independent.bin
development,27300,0,independent_orthogonal,7,shared_identity,1.4208520650863647,4727,4.620603334236269e-05,1.633398642297834e-05,2097152,758447c7eb7ef2b330dedacae4e13fdc1920de78df95e65e1f7586b594b7aa51,experiments/mirror_applications/ma-273-boft-mirror-adapter-bank/artifacts/payloads/27300_0_independent_orthogonal_7_shared_identity.bin
development,27300,1,aligned_shared_generator,0,oft_oracle,0.0,8821,4.805943341731715e-05,1.8817008822225034e-05,2097152,b9390181c7385dafa928711629685d455e6ed838be20aaea6a9500ebb296fb37,experiments/mirror_applications/ma-273-boft-mirror-adapter-bank/artifacts/payloads/27300_1_aligned_shared_generator_0_oft_oracle.bin
development,27300,1,aligned_shared_generator,0,boft_independent,0.0,5021,4.6039800023815286e-05,1.7134996596723795e-05,2097152,3d6bd77bc7b82fb8f0d3e886d178976975ee5ac2aec087a5e69cc79d5e458f29,experiments/mirror_applications/ma-273-boft-mirror-adapter-bank/artifacts/payloads/27300_1_aligned_shared_generator_0_boft_independent.bin
development,27300,1,aligned_shared_generator,0,mirror_shared_boft,0.10114791244268417,4734,5.1895449966347464e-05,1.491200237069279e-05,2097152,257096146785dc634a4bfe13f3ed2507bfe926a45003ac11daa6b4ffe726edc8,experiments/mirror_applications/ma-273-boft-mirror-adapter-bank/artifacts/payloads/27300_1_aligned_shared_generator_0_mirror_shared_boft.bin
development,27300,1,aligned_shared_generator,0,generic_scalar_boft,0.10114791244268417,4735,4.488224997961273e-05,0.000193626998225227,2097152,eed145d76cb637836917b101d57893bad35ae9acedbcac88886068a2ed4b4351,experiments/mirror_applications/ma-273-boft-mirror-adapter-bank/artifacts/payloads/27300_1_aligned_shared_generator_0_generic_scalar_boft.bin
development,27300,1,aligned_shared_generator,0,shared_identity,0.1509537696838379,4727,5.384433340320053e-05,2.046998997684568e-05,2097152,10d78b28376434375237a9b6fcce6c6a275b7069020ae773edeacf3a51bb0894,experiments/mirror_applications/ma-273-boft-mirror-adapter-bank/artifacts/payloads/27300_1_aligned_shared_generator_0_shared_identity.bin
development,27300,1,aligned_shared_generator,1,oft_oracle,0.0,8821,4.934484992797176e-05,1.654498919378966e-05,2097152,47cf6811eb10e1f897832869849705d89295834556fa6dde05c0745b4c1bae75,experiments/mirror_applications/ma-273-boft-mirror-adapter-bank/artifacts/payloads/27300_1_aligned_shared_generator_1_oft_oracle.bin
development,27300,1,aligned_shared_generator,1,boft_independent,0.0,5021,4.6860850125085564e-05,3.418000414967537e-05,2097152,10a039993b79b9b9a63046a0bb72b8dafe5845ccb6b75b5778542765bdaec509,experiments/mirror_applications/ma-273-boft-mirror-adapter-bank/artifacts/payloads/27300_1_aligned_shared_generator_1_boft_independent.bin
development,27300,1,aligned_shared_generator,1,mirror_shared_boft,0.05800272151827812,4734,5.017406680660012e-05,1.4612000086344779e-05,2097152,257096146785dc634a4bfe13f3ed2507bfe926a45003ac11daa6b4ffe726edc8,experiments/mirror_applications/ma-273-boft-mirror-adapter-bank/artifacts/payloads/27300_1_aligned_shared_generator_1_mirror_shared_boft.bin
development,27300,1,aligned_shared_generator,1,generic_scalar_boft,0.05800272151827812,4735,5.609666671565113e-05,1.4592005754821002e-05,2097152,eed145d76cb637836917b101d57893bad35ae9acedbcac88886068a2ed4b4351,experiments/mirror_applications/ma-273-boft-mirror-adapter-bank/artifacts/payloads/27300_1_aligned_shared_generator_1_generic_scalar_boft.bin
development,27300,1,aligned_shared_generator,1,shared_identity,0.10794345289468765,4727,4.481563349448455e-05,1.4953009667806327e-05,2097152,10d78b28376434375237a9b6fcce6c6a275b7069020ae773edeacf3a51bb0894,experiments/mirror_applications/ma-273-boft-mirror-adapter-bank/artifacts/payloads/27300_1_aligned_shared_generator_1_shared_identity.bin
development,27300,1,aligned_shared_generator,2,oft_oracle,0.0,8821,4.5172000197150436e-05,2.0070001482963562e-05,2097152,9fa2df39054d00bb826412e02d26964d5adf2d1e1b3c59d8ee52025b38232e97,experiments/mirror_applications/ma-273-boft-mirror-adapter-bank/artifacts/payloads/27300_1_aligned_shared_generator_2_oft_oracle.bin
development,27300,1,aligned_shared_generator,2,boft_independent,0.0,5021,4.357063323065328e-05,5.1956987590529025e-05,2097152,53def4b8c858927856fbe846b1dbb9f513461e9a14d8803c01b0c686e396a19b,experiments/mirror_applications/ma-273-boft-mirror-adapter-bank/artifacts/payloads/27300_1_aligned_shared_generator_2_boft_independent.bin
development,27300,1,aligned_shared_generator,2,mirror_shared_boft,0.014793714508414268,4734,4.9301950154282775e-05,1.512299058958888e-05,2097152,257096146785dc634a4bfe13f3ed2507bfe926a45003ac11daa6b4ffe726edc8,experiments/mirror_applications/ma-273-boft-mirror-adapter-bank/artifacts/payloads/27300_1_aligned_shared_generator_2_mirror_shared_boft.bin
development,27300,1,aligned_shared_generator,2,generic_scalar_boft,0.014793714508414268,4735,4.613793328947698e-05,1.5583005733788013e-05,2097152,eed145d76cb637836917b101d57893bad35ae9acedbcac88886068a2ed4b4351,experiments/mirror_applications/ma-273-boft-mirror-adapter-bank/artifacts/payloads/27300_1_aligned_shared_generator_2_generic_scalar_boft.bin
development,27300,1,aligned_shared_generator,2,shared_identity,0.06481372565031052,4727,4.60417999420315e-05,1.6524005332030356e-05,2097152,10d78b28376434375237a9b6fcce6c6a275b7069020ae773edeacf3a51bb0894,experiments/mirror_applications/ma-273-boft-mirror-adapter-bank/artifacts/payloads/27300_1_aligned_shared_generator_2_shared_identity.bin
development,27300,1,aligned_shared_generator,3,oft_oracle,0.0,8821,4.628916673633891e-05,1.8808001186698675e-05,2097152,0ff551d33af0a1c2bf057733dbf401d586d0ceb1171dc7ee83c28520b1faf16e,experiments/mirror_applications/ma-273-boft-mirror-adapter-bank/artifacts/payloads/27300_1_aligned_shared_generator_3_oft_oracle.bin
development,27300,1,aligned_shared_generator,3,boft_independent,0.0,5021,4.8827583426221585e-05,1.5352998161688447e-05,2097152,9c7abeaa99c43cedfc2719c2de9a870f24e49cccac0a3fe8553edc43541dba1f,experiments/mirror_applications/ma-273-boft-mirror-adapter-bank/artifacts/payloads/27300_1_aligned_shared_generator_3_boft_independent.bin
development,27300,1,aligned_shared_generator,3,mirror_shared_boft,3.364219446666539e-05,4734,4.979334989911877e-05,1.547300780657679e-05,2097152,491bb805b76860adf5f81005389aef48f42f1e0112bf011a307f25eab0efa9fe,experiments/mirror_applications/ma-273-boft-mirror-adapter-bank/artifacts/payloads/27300_1_aligned_shared_generator_3_mirror_shared_boft.bin
development,27300,1,aligned_shared_generator,3,generic_scalar_boft,3.364219446666539e-05,4735,4.475990014422374e-05,1.577299553900957e-05,2097152,5b2bf66151a170295d880d09ec1347b03e9080252872870d68219e415a951ef0,experiments/mirror_applications/ma-273-boft-mirror-adapter-bank/artifacts/payloads/27300_1_aligned_shared_generator_3_generic_scalar_boft.bin
development,27300,1,aligned_shared_generator,3,shared_identity,0.021612441167235374,4727,4.62203832285013e-05,1.8516991985961795e-05,2097152,10d78b28376434375237a9b6fcce6c6a275b7069020ae773edeacf3a51bb0894,experiments/mirror_applications/ma-273-boft-mirror-adapter-bank/artifacts/payloads/27300_1_aligned_shared_generator_3_shared_identity.bin
development,27300,1,aligned_shared_generator,4,oft_oracle,0.0,8821,4.7340216648687296e-05,1.711500226520002e-05,2097152,d174797b2db5e9116128c39f6260f372a4ffcc710d1ebe6fd19622a0fd658293,experiments/mirror_applications/ma-273-boft-mirror-adapter-bank/artifacts/payloads/27300_1_aligned_shared_generator_4_oft_oracle.bin
development,27300,1,aligned_shared_generator,4,boft_independent,0.0,5021,4.719165008282289e-05,1.7705999198369682e-05,2097152,195ee804d3c545e1c716beab5fbbd84b584a34d38c7845cd80e7959658c29825,experiments/mirror_applications/ma-273-boft-mirror-adapter-bank/artifacts/payloads/27300_1_aligned_shared_generator_4_boft_independent.bin
development,27300,1,aligned_shared_generator,4,mirror_shared_boft,3.3641445043031126e-05,4734,4.8027899902081116e-05,1.5664001693949103e-05,2097152,1b68bf3b5d371b003ce0fd9991cad02bad46bdc6ad64067675f5aca348e9a952,experiments/mirror_applications/ma-273-boft-mirror-adapter-bank/artifacts/payloads/27300_1_aligned_shared_generator_4_mirror_shared_boft.bin
development,27300,1,aligned_shared_generator,4,generic_scalar_boft,3.3641445043031126e-05,4735,5.0527433389409754e-05,7.524198736064136e-05,2097152,bd4adf371a89b2a810b2b8f99afa6ad8272a4b2f5d5eb7e157711d5593910205,experiments/mirror_applications/ma-273-boft-mirror-adapter-bank/artifacts/payloads/27300_1_aligned_shared_generator_4_generic_scalar_boft.bin
development,27300,1,aligned_shared_generator,4,shared_identity,0.02161227911710739,4727,5.3248450179429103e-05,1.4731995179317892e-05,2097152,10d78b28376434375237a9b6fcce6c6a275b7069020ae773edeacf3a51bb0894,experiments/mirror_applications/ma-273-boft-mirror-adapter-bank/artifacts/payloads/27300_1_aligned_shared_generator_4_shared_identity.bin
development,27300,1,aligned_shared_generator,5,oft_oracle,0.0,8821,4.879018330636124e-05,1.6094010788947344e-05,2097152,e01485b2ce65c372e616c4ec1b77e291f8dacaa2676ce33524e8539d6837fe60,experiments/mirror_applications/ma-273-boft-mirror-adapter-bank/artifacts/payloads/27300_1_aligned_shared_generator_5_oft_oracle.bin
development,27300,1,aligned_shared_generator,5,boft_independent,0.0,5021,4.709851661270174e-05,2.0239996956661344e-05,2097152,81a2066e43e67ee07c7e0fbd881b11bb92055c1eb60007eba16bd86b6ce94eb8,experiments/mirror_applications/ma-273-boft-mirror-adapter-bank/artifacts/payloads/27300_1_aligned_shared_generator_5_boft_independent.bin
development,27300,1,aligned_shared_generator,5,mirror_shared_boft,0.014793157577514648,4734,4.4373499986249956e-05,1.538300421088934e-05,2097152,9f6a67b18c17e6ec990d68a10907b8cafc82a41b88bd57d71df8ae2feb036a18,experiments/mirror_applications/ma-273-boft-mirror-adapter-bank/artifacts/payloads/27300_1_aligned_shared_generator_5_mirror_shared_boft.bin
development,27300,1,aligned_shared_generator,5,generic_scalar_boft,0.014793157577514648,4735,4.5736683387076485e-05,1.5572994016110897e-05,2097152,d45a6523c3f5bc8fe724fe35f5e5584de8ebaa84d24f0a0125bc8fbcec36cbd6,experiments/mirror_applications/ma-273-boft-mirror-adapter-bank/artifacts/payloads/27300_1_aligned_shared_generator_5_generic_scalar_boft.bin
development,27300,1,aligned_shared_generator,5,shared_identity,0.0648123174905777,4727,4.838008341418269e-05,1.552299363538623e-05,2097152,10d78b28376434375237a9b6fcce6c6a275b7069020ae773edeacf3a51bb0894,experiments/mirror_applications/ma-273-boft-mirror-adapter-bank/artifacts/payloads/27300_1_aligned_shared_generator_5_shared_identity.bin
development,27300,1,aligned_shared_generator,6,oft_oracle,0.0,8821,6.550410010580284e-05,1.995000638999045e-05,2097152,63eb9fb34f6fc2558c5ae15f17fb3431ecbed91e039e762092131ee871988bc8,experiments/mirror_applications/ma-273-boft-mirror-adapter-bank/artifacts/payloads/27300_1_aligned_shared_generator_6_oft_oracle.bin
development,27300,1,aligned_shared_generator,6,boft_independent,0.0,5021,5.5304166501931225e-05,1.6435005818493664e-05,2097152,8616a4c2d0cfdbefc699239f5d3130980f03016df63fe04b81c5d00011c67955,experiments/mirror_applications/ma-273-boft-mirror-adapter-bank/artifacts/payloads/27300_1_aligned_shared_generator_6_boft_independent.bin
development,27300,1,aligned_shared_generator,6,mirror_shared_boft,0.05799974501132965,4734,4.824554998776876e-05,1.5563011402264237e-05,2097152,9f6a67b18c17e6ec990d68a10907b8cafc82a41b88bd57d71df8ae2feb036a18,experiments/mirror_applications/ma-273-boft-mirror-adapter-bank/artifacts/payloads/27300_1_aligned_shared_generator_6_mirror_shared_boft.bin
development,27300,1,aligned_shared_generator,6,generic_scalar_boft,0.05799974501132965,4735,5.242656673848008e-05,1.6354009858332574e-05,2097152,d45a6523c3f5bc8fe724fe35f5e5584de8ebaa84d24f0a0125bc8fbcec36cbd6,experiments/mirror_applications/ma-273-boft-mirror-adapter-bank/artifacts/payloads/27300_1_aligned_shared_generator_6_generic_scalar_boft.bin
development,27300,1,aligned_shared_generator,6,shared_identity,0.10793963074684143,4727,4.7061799947793284e-05,1.5744008123874664e-05,2097152,10d78b28376434375237a9b6fcce6c6a275b7069020ae773edeacf3a51bb0894,experiments/mirror_applications/ma-273-boft-mirror-adapter-bank/artifacts/payloads/27300_1_aligned_shared_generator_6_shared_identity.bin
development,27300,1,aligned_shared_generator,7,oft_oracle,0.0,8821,4.941161654035871e-05,0.0002102510043187067,2097152,a221d6bc3fe9d3c612db18a4c748262088ed90c5093bb9b13f152b6b4daaa123,experiments/mirror_applications/ma-273-boft-mirror-adapter-bank/artifacts/payloads/27300_1_aligned_shared_generator_7_oft_oracle.bin
development,27300,1,aligned_shared_generator,7,boft_independent,0.0,5021,4.9349183245794845e-05,1.594400964677334e-05,2097152,98e76f64d5d65af28976a53d704a94a78c5d59cce839dd35c2532975b3f1444a,experiments/mirror_applications/ma-273-boft-mirror-adapter-bank/artifacts/payloads/27300_1_aligned_shared_generator_7_boft_independent.bin
development,27300,1,aligned_shared_generator,7,mirror_shared_boft,0.10114128887653351,4734,4.899500005800898e-05,1.4081000699661672e-05,2097152,9f6a67b18c17e6ec990d68a10907b8cafc82a41b88bd57d71df8ae2feb036a18,experiments/mirror_applications/ma-273-boft-mirror-adapter-bank/artifacts/payloads/27300_1_aligned_shared_generator_7_mirror_shared_boft.bin
development,27300,1,aligned_shared_generator,7,generic_scalar_boft,0.10114128887653351,4735,4.954130005595895e-05,1.6413992852903903e-05,2097152,d45a6523c3f5bc8fe724fe35f5e5584de8ebaa84d24f0a0125bc8fbcec36cbd6,experiments/mirror_applications/ma-273-boft-mirror-adapter-bank/artifacts/payloads/27300_1_aligned_shared_generator_7_generic_scalar_boft.bin
development,27300,1,aligned_shared_generator,7,shared_identity,0.15094640851020813,4727,5.0198283376327404e-05,1.6183999832719564e-05,2097152,10d78b28376434375237a9b6fcce6c6a275b7069020ae773edeacf3a51bb0894,experiments/mirror_applications/ma-273-boft-mirror-adapter-bank/artifacts/payloads/27300_1_aligned_shared_generator_7_shared_identity.bin
development,27300,1,independent_orthogonal,0,oft_oracle,0.0,8821,4.8142566568761444e-05,2.0280000171624124e-05,2097152,778180b47c3f3b6e8834987f7bfc3f546b90a1e9f2ec6c5811d2df556026cee5,experiments/mirror_applications/ma-273-boft-mirror-adapter-bank/artifacts/payloads/27300_1_independent_orthogonal_0_oft_oracle.bin
development,27300,1,independent_orthogonal,0,boft_independent,1.368299126625061,5021,4.832566676971813e-05,1.555299968458712e-05,2097152,9147077a16852526e4d8943df8e52b280f33bb871a174d1adaf1674e1a0e426e,experiments/mirror_applications/ma-273-boft-mirror-adapter-bank/artifacts/payloads/27300_1_independent_orthogonal_0_boft_independent.bin
development,27300,1,independent_orthogonal,0,shared_identity,1.3868926763534546,4727,4.9128366663353516e-05,1.4871999155730009e-05,2097152,10d78b28376434375237a9b6fcce6c6a275b7069020ae773edeacf3a51bb0894,experiments/mirror_applications/ma-273-boft-mirror-adapter-bank/artifacts/payloads/27300_1_independent_orthogonal_0_shared_identity.bin
development,27300,1,independent_orthogonal,1,oft_oracle,0.0,8821,5.0517400086391714e-05,1.9068000256083906e-05,2097152,5c216f515500aea94484c1203b39a16a5ff77722347ba36b3a915ba0a3d9c932,experiments/mirror_applications/ma-273-boft-mirror-adapter-bank/artifacts/payloads/27300_1_independent_orthogonal_1_oft_oracle.bin
development,27300,1,independent_orthogonal,1,boft_independent,1.3871078491210938,5021,5.947231669172955e-05,5.013399641029537e-05,2097152,a8f2740c41bb13e0f3e81a0d001e9f777b80fee20bb3d9dcbe78f4402346db9b,experiments/mirror_applications/ma-273-boft-mirror-adapter-bank/artifacts/payloads/27300_1_independent_orthogonal_1_boft_independent.bin
development,27300,1,independent_orthogonal,1,shared_identity,1.406309962272644,4727,5.7155249911981325e-05,1.6234000213444233e-05,2097152,10d78b28376434375237a9b6fcce6c6a275b7069020ae773edeacf3a51bb0894,experiments/mirror_applications/ma-273-boft-mirror-adapter-bank/artifacts/payloads/27300_1_independent_orthogonal_1_shared_identity.bin
development,27300,1,independent_orthogonal,2,oft_oracle,0.0,8821,4.89063667676722e-05,1.9539002096280456e-05,2097152,1b06b533a23c3b0665687aeae7ced205f5981be6aa8ec579ef0c3b928cf6294b,experiments/mirror_applications/ma-273-boft-mirror-adapter-bank/artifacts/payloads/27300_1_independent_orthogonal_2_oft_oracle.bin
development,27300,1,independent_orthogonal,2,boft_independent,1.371455430984497,5021,4.652251664083451e-05,1.7185011529363692e-05,2097152,b1fedf0151e0320899c64b20045ca1d898a4446bd9729656ab282a417ad0a236,experiments/mirror_applications/ma-273-boft-mirror-adapter-bank/artifacts/payloads/27300_1_independent_orthogonal_2_boft_independent.bin
development,27300,1,independent_orthogonal,2,shared_identity,1.3925691843032837,4727,4.755186649466244e-05,1.749600050970912e-05,2097152,10d78b28376434375237a9b6fcce6c6a275b7069020ae773edeacf3a51bb0894,experiments/mirror_applications/ma-273-boft-mirror-adapter-bank/artifacts/payloads/27300_1_independent_orthogonal_2_shared_identity.bin
development,27300,1,independent_orthogonal,3,oft_oracle,0.0,8821,3.3724399933513875e-05,1.7906990251503885e-05,2097152,9ef37240f802dfeb9d5852296ec5300a03dea03a3a0d915381595f518e35251c,experiments/mirror_applications/ma-273-boft-mirror-adapter-bank/artifacts/payloads/27300_1_independent_orthogonal_3_oft_oracle.bin
development,27300,1,independent_orthogonal,3,boft_independent,1.3739359378814697,5021,3.2002683292375876e-05,1.292899833060801e-05,2097152,b43630d52d484e0d68209b564c24a8683546dc9581740ff5febd3bf2ca6f2d09,experiments/mirror_applications/ma-273-boft-mirror-adapter-bank/artifacts/payloads/27300_1_independent_orthogonal_3_boft_independent.bin
development,27300,1,independent_orthogonal,3,shared_identity,1.3996342420578003,4727,3.1838949992864704e-05,1.2289005098864436e-05,2097152,10d78b28376434375237a9b6fcce6c6a275b7069020ae773edeacf3a51bb0894,experiments/mirror_applications/ma-273-boft-mirror-adapter-bank/artifacts/payloads/27300_1_independent_orthogonal_3_shared_identity.bin
development,27300,1,independent_orthogonal,4,oft_oracle,0.0,8821,5.1484683353919536e-05,2.35740008065477e-05,2097152,3a96f913694f4dc3c9fbbfd7695605e5dd95271b28bb3d608b42e943bf4703aa,experiments/mirror_applications/ma-273-boft-mirror-adapter-bank/artifacts/payloads/27300_1_independent_orthogonal_4_oft_oracle.bin
development,27300,1,independent_orthogonal,4,boft_independent,1.4460915327072144,5021,5.2633366673641525e-05,1.9578990759328008e-05,2097152,78753bfce7f7003e11a1c9403800ca6dfeac9279da44c134f1a9d25b9521cd5f,experiments/mirror_applications/ma-273-boft-mirror-adapter-bank/artifacts/payloads/27300_1_independent_orthogonal_4_boft_independent.bin
development,27300,1,independent_orthogonal,4,shared_identity,1.4674208164215088,4727,4.9201116780750453e-05,1.6083999071270227e-05,2097152,10d78b28376434375237a9b6fcce6c6a275b7069020ae773edeacf3a51bb0894,experiments/mirror_applications/ma-273-boft-mirror-adapter-bank/artifacts/payloads/27300_1_independent_orthogonal_4_shared_identity.bin
development,27300,1,independent_orthogonal,5,oft_oracle,0.0,8821,3.4378533261284856e-05,1.6124002286233008e-05,2097152,6592817e39e316e8c29fc73db5db78c18b0e89016da12a3e68a66b7e86144858,experiments/mirror_applications/ma-273-boft-mirror-adapter-bank/artifacts/payloads/27300_1_independent_orthogonal_5_oft_oracle.bin
development,27300,1,independent_orthogonal,5,boft_independent,1.3840343952178955,5021,3.6674766791596386e-05,1.2288001016713679e-05,2097152,1a6cdc8a10286e3e073076c989865346441999d7ea26083ebf2b0cc7a1ca2b91,experiments/mirror_applications/ma-273-boft-mirror-adapter-bank/artifacts/payloads/27300_1_independent_orthogonal_5_boft_independent.bin
development,27300,1,independent_orthogonal,5,shared_identity,1.4113961458206177,4727,3.244666683409984e-05,1.3840995961800218e-05,2097152,10d78b28376434375237a9b6fcce6c6a275b7069020ae773edeacf3a51bb0894,experiments/mirror_applications/ma-273-boft-mirror-adapter-bank/artifacts/payloads/27300_1_independent_orthogonal_5_shared_identity.bin
development,27300,1,independent_orthogonal,6,oft_oracle,0.0,8821,3.38954834054069e-05,1.621399133000523e-05,2097152,f29f6c5465f5eec2955112d10acfa00ae5ea97202e3de6c13ac286ca49422101,experiments/mirror_applications/ma-273-boft-mirror-adapter-bank/artifacts/payloads/27300_1_independent_orthogonal_6_oft_oracle.bin
development,27300,1,independent_orthogonal,6,boft_independent,1.3942768573760986,5021,3.228393349369677e-05,1.8826991436071694e-05,2097152,c89cc27d32db769a3bcb137e1d4a99264eb3d8a347c1598580430b7debb284c8,experiments/mirror_applications/ma-273-boft-mirror-adapter-bank/artifacts/payloads/27300_1_independent_orthogonal_6_boft_independent.bin
development,27300,1,independent_orthogonal,6,shared_identity,1.4142959117889404,4727,3.3638433281642693e-05,1.2959004379808903e-05,2097152,10d78b28376434375237a9b6fcce6c6a275b7069020ae773edeacf3a51bb0894,experiments/mirror_applications/ma-273-boft-mirror-adapter-bank/artifacts/payloads/27300_1_independent_orthogonal_6_shared_identity.bin
development,27300,1,independent_orthogonal,7,oft_oracle,0.0,8821,3.287631649679194e-05,1.7896003555506468e-05,2097152,261a70e8c7d81a516ad9681a046f1f9e51685d1f01ec9eac0eb0404e678b5289,experiments/mirror_applications/ma-273-boft-mirror-adapter-bank/artifacts/payloads/27300_1_independent_orthogonal_7_oft_oracle.bin
development,27300,1,independent_orthogonal,7,boft_independent,1.351850986480713,5021,3.264063343522139e-05,3.007400664500892e-05,2097152,e21eb364516d33a78d8de27d98abc61ecae0200f258fa0909ad61df1e5b602a1,experiments/mirror_applications/ma-273-boft-mirror-adapter-bank/artifacts/payloads/27300_1_independent_orthogonal_7_boft_independent.bin
development,27300,1,independent_orthogonal,7,shared_identity,1.3722392320632935,4727,3.1350733236952996e-05,1.3040000339969993e-05,2097152,10d78b28376434375237a9b6fcce6c6a275b7069020ae773edeacf3a51bb0894,experiments/mirror_applications/ma-273-boft-mirror-adapter-bank/artifacts/payloads/27300_1_independent_orthogonal_7_shared_identity.bin
development,27300,2,aligned_shared_generator,0,oft_oracle,0.0,8821,3.2639799853010726e-05,1.4682009350508451e-05,2097152,e8f21313371a31cec97284af7fb86145cac0782ae125274b050e0761c481d8d5,experiments/mirror_applications/ma-273-boft-mirror-adapter-bank/artifacts/payloads/27300_2_aligned_shared_generator_0_oft_oracle.bin
development,27300,2,aligned_shared_generator,0,boft_independent,0.0,5021,3.178871678149638e-05,1.3919998309575021e-05,2097152,d31982c1eb8096964167b99765f3196747e612a62d67132e73d454e57de2ed18,experiments/mirror_applications/ma-273-boft-mirror-adapter-bank/artifacts/payloads/27300_2_aligned_shared_generator_0_boft_independent.bin
development,27300,2,aligned_shared_generator,0,mirror_shared_boft,0.09327757358551025,4734,3.175681680052852e-05,1.2299002264626324e-05,2097152,bc0cd6d787bf10d8eabc023001d123fc7d27b9767585a8fccf972fa98ec61482,experiments/mirror_applications/ma-273-boft-mirror-adapter-bank/artifacts/payloads/27300_2_aligned_shared_generator_0_mirror_shared_boft.bin
development,27300,2,aligned_shared_generator,0,generic_scalar_boft,0.09327757358551025,4735,3.7070183316245676e-05,1.2127988156862557e-05,2097152,6dc96c75d60404bca10ad0bac30b1f5ed23b0ed3489f36097cecb388f19f212c,experiments/mirror_applications/ma-273-boft-mirror-adapter-bank/artifacts/payloads/27300_2_aligned_shared_generator_0_generic_scalar_boft.bin
development,27300,2,aligned_shared_generator,0,shared_identity,0.1391698271036148,4727,3.302736683205391e-05,1.266899926122278e-05,2097152,07c834022067ba7a6188d894cd0ee3491355a4511ce95334d5e9a492b402bb4c,experiments/mirror_applications/ma-273-boft-mirror-adapter-bank/artifacts/payloads/27300_2_aligned_shared_generator_0_shared_identity.bin
development,27300,2,aligned_shared_generator,1,oft_oracle,0.0,8821,3.3784816817690926e-05,1.534300099592656e-05,2097152,2517a936b281e07fa2f14b3770b6a5358f25a28223ba650a845b1ab90225f8d3,experiments/mirror_applications/ma-273-boft-mirror-adapter-bank/artifacts/payloads/27300_2_aligned_shared_generator_1_oft_oracle.bin
development,27300,2,aligned_shared_generator,1,boft_independent,0.0,5021,3.3093133485332755e-05,1.3509998098015785e-05,2097152,4dd2c9a6c57b1acb756ec498501695025eb4ecfe40b8fd1b2f8a3229e74d7cc4,experiments/mirror_applications/ma-273-boft-mirror-adapter-bank/artifacts/payloads/27300_2_aligned_shared_generator_1_boft_independent.bin
development,27300,2,aligned_shared_generator,1,mirror_shared_boft,0.05349341407418251,4734,3.396910008935568e-05,1.1837997590191662e-05,2097152,bc0cd6d787bf10d8eabc023001d123fc7d27b9767585a8fccf972fa98ec61482,experiments/mirror_applications/ma-273-boft-mirror-adapter-bank/artifacts/payloads/27300_2_aligned_shared_generator_1_mirror_shared_boft.bin
development,27300,2,aligned_shared_generator,1,generic_scalar_boft,0.05349341407418251,4735,3.3055400126613674e-05,1.2467993656173348e-05,2097152,6dc96c75d60404bca10ad0bac30b1f5ed23b0ed3489f36097cecb388f19f212c,experiments/mirror_applications/ma-273-boft-mirror-adapter-bank/artifacts/payloads/27300_2_aligned_shared_generator_1_generic_scalar_boft.bin
development,27300,2,aligned_shared_generator,1,shared_identity,0.09953168034553528,4727,3.232950014838328e-05,1.2769000022672117e-05,2097152,07c834022067ba7a6188d894cd0ee3491355a4511ce95334d5e9a492b402bb4c,experiments/mirror_applications/ma-273-boft-mirror-adapter-bank/artifacts/payloads/27300_2_aligned_shared_generator_1_shared_identity.bin
development,27300,2,aligned_shared_generator,2,oft_oracle,0.0,8821,3.433846650295891e-05,1.5062003512866795e-05,2097152,cccbeb7c1a31cd26491327778f173f2dd149150841375c942f04cd10b4266eed,experiments/mirror_applications/ma-273-boft-mirror-adapter-bank/artifacts/payloads/27300_2_aligned_shared_generator_2_oft_oracle.bin
development,27300,2,aligned_shared_generator,2,boft_independent,0.0,5021,3.1941433311052e-05,1.2499003787524998e-05,2097152,5621d17860c0ca0ff6d3683bd6f8f354ebe1fb1baefc0b761cd1e93f9d38b27e,experiments/mirror_applications/ma-273-boft-mirror-adapter-bank/artifacts/payloads/27300_2_aligned_shared_generator_2_boft_independent.bin
development,27300,2,aligned_shared_generator,2,mirror_shared_boft,0.013643707148730755,4734,3.595436670972655e-05,1.198699465021491e-05,2097152,bc0cd6d787bf10d8eabc023001d123fc7d27b9767585a8fccf972fa98ec61482,experiments/mirror_applications/ma-273-boft-mirror-adapter-bank/artifacts/payloads/27300_2_aligned_shared_generator_2_mirror_shared_boft.bin
development,27300,2,aligned_shared_generator,2,generic_scalar_boft,0.013643707148730755,4735,3.390716665307991e-05,1.1868003639392555e-05,2097152,6dc96c75d60404bca10ad0bac30b1f5ed23b0ed3489f36097cecb388f19f212c,experiments/mirror_applications/ma-273-boft-mirror-adapter-bank/artifacts/payloads/27300_2_aligned_shared_generator_2_generic_scalar_boft.bin
development,27300,2,aligned_shared_generator,2,shared_identity,0.05976787582039833,4727,3.392636669256414e-05,1.2617994798347354e-05,2097152,07c834022067ba7a6188d894cd0ee3491355a4511ce95334d5e9a492b402bb4c,experiments/mirror_applications/ma-273-boft-mirror-adapter-bank/artifacts/payloads/27300_2_aligned_shared_generator_2_shared_identity.bin
development,27300,2,aligned_shared_generator,3,oft_oracle,0.0,8821,4.789888334926218e-05,1.9569008145481348e-05,2097152,7b7e06a2dbb5c047f16edca4fd7dfa42e8f8bf0c1637a2239cc11f9a99746423,experiments/mirror_applications/ma-273-boft-mirror-adapter-bank/artifacts/payloads/27300_2_aligned_shared_generator_3_oft_oracle.bin
development,27300,2,aligned_shared_generator,3,boft_independent,0.0,5021,4.478943349871163e-05,1.5482990420423448e-05,2097152,9a835c6b838088cadde4c608d9f83c8d2d999745da1032467ff0adcef81c05a3,experiments/mirror_applications/ma-273-boft-mirror-adapter-bank/artifacts/payloads/27300_2_aligned_shared_generator_3_boft_independent.bin
development,27300,2,aligned_shared_generator,3,mirror_shared_boft,3.102426853729412e-05,4734,4.6709283439364904e-05,1.4642006135545671e-05,2097152,7df26b796d2b6b276677f1fb4868c7d95522d85273e11459bf29f51496e2c666,experiments/mirror_applications/ma-273-boft-mirror-adapter-bank/artifacts/payloads/27300_2_aligned_shared_generator_3_mirror_shared_boft.bin
development,27300,2,aligned_shared_generator,3,generic_scalar_boft,3.102426853729412e-05,4735,4.557576661075776e-05,0.00016653600323479623,2097152,df79e4fb4442e9f253b47a257b87e6223c8e491aa7aa0aad692265b4fb007dbe,experiments/mirror_applications/ma-273-boft-mirror-adapter-bank/artifacts/payloads/27300_2_aligned_shared_generator_3_generic_scalar_boft.bin
development,27300,2,aligned_shared_generator,3,shared_identity,0.019930221140384674,4727,4.4589483150048184e-05,1.8045990145765245e-05,2097152,07c834022067ba7a6188d894cd0ee3491355a4511ce95334d5e9a492b402bb4c,experiments/mirror_applications/ma-273-boft-mirror-adapter-bank/artifacts/payloads/27300_2_aligned_shared_generator_3_shared_identity.bin
development,27300,2,aligned_shared_generator,4,oft_oracle,0.0,8821,4.73375500102217e-05,1.9078011973761022e-05,2097152,0a78537c2d547a7e1d1897595b5b068c057e022628c4443b1b2b7e27807e9d79,experiments/mirror_applications/ma-273-boft-mirror-adapter-bank/artifacts/payloads/27300_2_aligned_shared_generator_4_oft_oracle.bin
development,27300,2,aligned_shared_generator,4,boft_independent,0.0,5021,4.486455000005662e-05,1.564298872835934e-05,2097152,addb4b82e6a9fbcb7f9e81ce331a2a069c5fd150bfab8c272a233845b7076176,experiments/mirror_applications/ma-273-boft-mirror-adapter-bank/artifacts/payloads/27300_2_aligned_shared_generator_4_boft_independent.bin
development,27300,2,aligned_shared_generator,4,mirror_shared_boft,3.102013943134807e-05,4734,5.167313332397801e-05,1.6054007573984563e-05,2097152,88ece05aac7b5351235ae6922f9b91b362d95587fe49bdc3367b2cb802b57a03,experiments/mirror_applications/ma-273-boft-mirror-adapter-bank/artifacts/payloads/27300_2_aligned_shared_generator_4_mirror_shared_boft.bin
development,27300,2,aligned_shared_generator,4,generic_scalar_boft,3.102013943134807e-05,4735,4.957201648115491e-05,1.582299591973424e-05,2097152,5389ea81bb08ddf3d6c2ec94fe9d4e1aac85820847a7569722f35c2c0c6812eb,experiments/mirror_applications/ma-273-boft-mirror-adapter-bank/artifacts/payloads/27300_2_aligned_shared_generator_4_generic_scalar_boft.bin
development,27300,2,aligned_shared_generator,4,shared_identity,0.019929153844714165,4727,4.735056669839347e-05,1.7295998986810446e-05,2097152,07c834022067ba7a6188d894cd0ee3491355a4511ce95334d5e9a492b402bb4c,experiments/mirror_applications/ma-273-boft-mirror-adapter-bank/artifacts/payloads/27300_2_aligned_shared_generator_4_shared_identity.bin
development,27300,2,aligned_shared_generator,5,oft_oracle,0.0,8821,4.676570000204568e-05,1.771599636413157e-05,2097152,987b4524e501ff70a0d17db1344684c8e8c3a858666586f44a6443856a9eee48,experiments/mirror_applications/ma-273-boft-mirror-adapter-bank/artifacts/payloads/27300_2_aligned_shared_generator_5_oft_oracle.bin
development,27300,2,aligned_shared_generator,5,boft_independent,0.0,5021,4.619001653433467e-05,1.5753990737721324e-05,2097152,bf71c656c58daf32dd1d8ed2a246b0e10c5d0ad5b540b439dc08a58e768bd196,experiments/mirror_applications/ma-273-boft-mirror-adapter-bank/artifacts/payloads/27300_2_aligned_shared_generator_5_boft_independent.bin
development,27300,2,aligned_shared_generator,5,mirror_shared_boft,0.013639772310853004,4734,4.6595933478480824e-05,1.5031997463665903e-05,2097152,4340fd80c1887b610cd435d027b08a4f4a3daee43e01c5902709cba5d414212e,experiments/mirror_applications/ma-273-boft-mirror-adapter-bank/artifacts/payloads/27300_2_aligned_shared_generator_5_mirror_shared_boft.bin
development,27300,2,aligned_shared_generator,5,generic_scalar_boft,0.013639772310853004,4735,4.584984999382869e-05,1.6133999451994896e-05,2097152,0a4bf7487861a2dd46c9bfb9ae8b9386b7c992a3f33203a986c69274560eb5a4,experiments/mirror_applications/ma-273-boft-mirror-adapter-bank/artifacts/payloads/27300_2_aligned_shared_generator_5_generic_scalar_boft.bin
development,27300,2,aligned_shared_generator,5,shared_identity,0.05975814908742905,4727,4.616346680753243e-05,1.5573008568026125e-05,2097152,07c834022067ba7a6188d894cd0ee3491355a4511ce95334d5e9a492b402bb4c,experiments/mirror_applications/ma-273-boft-mirror-adapter-bank/artifacts/payloads/27300_2_aligned_shared_generator_5_shared_identity.bin
development,27300,2,aligned_shared_generator,6,oft_oracle,0.0,8821,5.346610002258482e-05,2.1211992134340107e-05,2097152,9759dd7f9ede5cbb04597fbf6bb908b5a21d16bb8ff7ea324d3b4e7a735af8a4,experiments/mirror_applications/ma-273-boft-mirror-adapter-bank/artifacts/payloads/27300_2_aligned_shared_generator_6_oft_oracle.bin
development,27300,2,aligned_shared_generator,6,boft_independent,0.0,5021,4.7920416545821357e-05,1.9359009456820786e-05,2097152,ed6c5116702ab358faa2ef2e2e2f9b91670d9a7ddaaac7b4cc3fb4341de572ce,experiments/mirror_applications/ma-273-boft-mirror-adapter-bank/artifacts/payloads/27300_2_aligned_shared_generator_6_boft_independent.bin
development,27300,2,aligned_shared_generator,6,mirror_shared_boft,0.05347225442528725,4734,5.223863336141221e-05,1.7306010704487562e-05,2097152,4340fd80c1887b610cd435d027b08a4f4a3daee43e01c5902709cba5d414212e,experiments/mirror_applications/ma-273-boft-mirror-adapter-bank/artifacts/payloads/27300_2_aligned_shared_generator_6_mirror_shared_boft.bin
development,27300,2,aligned_shared_generator,6,generic_scalar_boft,0.05347225442528725,4735,4.9438816495239736e-05,1.5052006347104907e-05,2097152,0a4bf7487861a2dd46c9bfb9ae8b9386b7c992a3f33203a986c69274560eb5a4,experiments/mirror_applications/ma-273-boft-mirror-adapter-bank/artifacts/payloads/27300_2_aligned_shared_generator_6_generic_scalar_boft.bin
development,27300,2,aligned_shared_generator,6,shared_identity,0.0995047315955162,4727,4.576805004035123e-05,1.5442987205460668e-05,2097152,07c834022067ba7a6188d894cd0ee3491355a4511ce95334d5e9a492b402bb4c,experiments/mirror_applications/ma-273-boft-mirror-adapter-bank/artifacts/payloads/27300_2_aligned_shared_generator_6_shared_identity.bin
development,27300,2,aligned_shared_generator,7,oft_oracle,0.0,8821,4.975694998089845e-05,2.2642998374067247e-05,2097152,a58e65ec507114fb3d345692c5995231b6b641b7620a9d6724036c793f2e56f2,experiments/mirror_applications/ma-273-boft-mirror-adapter-bank/artifacts/payloads/27300_2_aligned_shared_generator_7_oft_oracle.bin
development,27300,2,aligned_shared_generator,7,boft_independent,0.0,5021,4.9858283455250783e-05,1.723600144032389e-05,2097152,cde959bc3abf8fbe2cba0003c911ad5b6d1e286b46c97282429e7b6c2b3476a4,experiments/mirror_applications/ma-273-boft-mirror-adapter-bank/artifacts/payloads/27300_2_aligned_shared_generator_7_boft_independent.bin
development,27300,2,aligned_shared_generator,7,mirror_shared_boft,0.0932307168841362,4734,4.780923312258286e-05,1.543200050946325e-05,2097152,4340fd80c1887b610cd435d027b08a4f4a3daee43e01c5902709cba5d414212e,experiments/mirror_applications/ma-273-boft-mirror-adapter-bank/artifacts/payloads/27300_2_aligned_shared_generator_7_mirror_shared_boft.bin
development,27300,2,aligned_shared_generator,7,generic_scalar_boft,0.0932307168841362,4735,4.731651667195062e-05,1.5843994333408773e-05,2097152,0a4bf7487861a2dd46c9bfb9ae8b9386b7c992a3f33203a986c69274560eb5a4,experiments/mirror_applications/ma-273-boft-mirror-adapter-bank/artifacts/payloads/27300_2_aligned_shared_generator_7_generic_scalar_boft.bin
development,27300,2,aligned_shared_generator,7,shared_identity,0.1391172707080841,4727,4.5889566536061466e-05,1.513199822511524e-05,2097152,07c834022067ba7a6188d894cd0ee3491355a4511ce95334d5e9a492b402bb4c,experiments/mirror_applications/ma-273-boft-mirror-adapter-bank/artifacts/payloads/27300_2_aligned_shared_generator_7_shared_identity.bin
development,27300,2,independent_orthogonal,0,oft_oracle,0.0,8821,4.799134985660203e-05,1.875699672382325e-05,2097152,333576bf0fb44d604054be0452b8982d0b46f88d5a393d9e21c608fc83423ba9,experiments/mirror_applications/ma-273-boft-mirror-adapter-bank/artifacts/payloads/27300_2_independent_orthogonal_0_oft_oracle.bin
development,27300,2,independent_orthogonal,0,boft_independent,1.3960795402526855,5021,4.789670007691408e-05,1.6744990716688335e-05,2097152,eef450d4d9ca989f55f77cb3afa2d4c3cec2f737796246099bda2a4beea2268c,experiments/mirror_applications/ma-273-boft-mirror-adapter-bank/artifacts/payloads/27300_2_independent_orthogonal_0_boft_independent.bin
development,27300,2,independent_orthogonal,0,shared_identity,1.4199310541152954,4727,5.589236655699399e-05,1.6624995623715222e-05,2097152,07c834022067ba7a6188d894cd0ee3491355a4511ce95334d5e9a492b402bb4c,experiments/mirror_applications/ma-273-boft-mirror-adapter-bank/artifacts/payloads/27300_2_independent_orthogonal_0_shared_identity.bin
development,27300,2,independent_orthogonal,1,oft_oracle,0.0,8821,5.3482649915774044e-05,2.1041996660642326e-05,2097152,2a4c41e8fbdc55bf5936b42633c0419830eae86330e33f1b9ef1e992323f16c6,experiments/mirror_applications/ma-273-boft-mirror-adapter-bank/artifacts/payloads/27300_2_independent_orthogonal_1_oft_oracle.bin
development,27300,2,independent_orthogonal,1,boft_independent,1.4146531820297241,5021,4.464573333583151e-05,1.8037011614069343e-05,2097152,ec06d59e20d162b80c9337b5af2252757b3e48e09e230b16d889214c102b79d7,experiments/mirror_applications/ma-273-boft-mirror-adapter-bank/artifacts/payloads/27300_2_independent_orthogonal_1_boft_independent.bin
development,27300,2,independent_orthogonal,1,shared_identity,1.4372947216033936,4727,4.618216674619665e-05,1.68450060300529e-05,2097152,07c834022067ba7a6188d894cd0ee3491355a4511ce95334d5e9a492b402bb4c,experiments/mirror_applications/ma-273-boft-mirror-adapter-bank/artifacts/payloads/27300_2_independent_orthogonal_1_shared_identity.bin
development,27300,2,independent_orthogonal,2,oft_oracle,0.0,8821,4.7516633154979594e-05,1.925900869537145e-05,2097152,9e90a31984aee20db2ab9ca8e294fd12a0b331c4d2665d0277d76746d9d7d308,experiments/mirror_applications/ma-273-boft-mirror-adapter-bank/artifacts/payloads/27300_2_independent_orthogonal_2_oft_oracle.bin
development,27300,2,independent_orthogonal,2,boft_independent,1.376175880432129,5021,4.603395015389348e-05,1.5443001757375896e-05,2097152,f242dcf8adc40fe953a98b7220761a167ed04b91a87f9e9b1c649b5e4a0d34ed,experiments/mirror_applications/ma-273-boft-mirror-adapter-bank/artifacts/payloads/27300_2_independent_orthogonal_2_boft_independent.bin
development,27300,2,independent_orthogonal,2,shared_identity,1.40057373046875,4727,4.692576670398315e-05,1.6443998902104795e-05,2097152,07c834022067ba7a6188d894cd0ee3491355a4511ce95334d5e9a492b402bb4c,experiments/mirror_applications/ma-273-boft-mirror-adapter-bank/artifacts/payloads/27300_2_independent_orthogonal_2_shared_identity.bin
development,27300,2,independent_orthogonal,3,oft_oracle,0.0,8821,4.75059666011172e-05,1.848700048867613e-05,2097152,377d09e3b17cdb440e94f1cf1b28da5fb431c15880a9bd5b9b18a8d769e5b1cf,experiments/mirror_applications/ma-273-boft-mirror-adapter-bank/artifacts/payloads/27300_2_independent_orthogonal_3_oft_oracle.bin
development,27300,2,independent_orthogonal,3,boft_independent,1.4020569324493408,5021,4.5897916667551426e-05,1.5532990801148117e-05,2097152,d1ad267cd15c1cad79c8073746f895f9267b9cb048affcdbaf3330992b1fd458,experiments/mirror_applications/ma-273-boft-mirror-adapter-bank/artifacts/payloads/27300_2_independent_orthogonal_3_boft_independent.bin
development,27300,2,independent_orthogonal,3,shared_identity,1.4192612171173096,4727,4.537011651943127e-05,1.4901990653015673e-05,2097152,07c834022067ba7a6188d894cd0ee3491355a4511ce95334d5e9a492b402bb4c,experiments/mirror_applications/ma-273-boft-mirror-adapter-bank/artifacts/payloads/27300_2_independent_orthogonal_3_shared_identity.bin
development,27300,2,independent_orthogonal,4,oft_oracle,0.0,8821,4.948488325074625e-05,1.8107006326317787e-05,2097152,66db7ed3593cc91cab59b66a1eb9c86eaf9c061408367f4f16febd27d0f3ed1e,experiments/mirror_applications/ma-273-boft-mirror-adapter-bank/artifacts/payloads/27300_2_independent_orthogonal_4_oft_oracle.bin
development,27300,2,independent_orthogonal,4,boft_independent,1.4053555727005005,5021,4.700790013885125e-05,1.8156992155127227e-05,2097152,f381dbff4e637228c2a2275842747477dce514b2089c47d4ae39de31fe9d1e5e,experiments/mirror_applications/ma-273-boft-mirror-adapter-bank/artifacts/payloads/27300_2_independent_orthogonal_4_boft_independent.bin
development,27300,2,independent_orthogonal,4,shared_identity,1.4282190799713135,4727,0.00010314546670997515,1.6224003047682345e-05,2097152,07c834022067ba7a6188d894cd0ee3491355a4511ce95334d5e9a492b402bb4c,experiments/mirror_applications/ma-273-boft-mirror-adapter-bank/artifacts/payloads/27300_2_independent_orthogonal_4_shared_identity.bin
development,27300,2,independent_orthogonal,5,oft_oracle,0.0,8821,3.732806677968862e-05,1.6924997908063233e-05,2097152,abe2e6ed4d74a751c1b682af578bd2c93fdd441f6b21707b5e46a707a7a85053,experiments/mirror_applications/ma-273-boft-mirror-adapter-bank/artifacts/payloads/27300_2_independent_orthogonal_5_oft_oracle.bin
development,27300,2,independent_orthogonal,5,boft_independent,1.3684178590774536,5021,3.388181673168826e-05,1.2809003237634897e-05,2097152,dddfcd907885b0cacfebcc2cba0c7534c1f767db086a0a6e0c4a861b308626ce,experiments/mirror_applications/ma-273-boft-mirror-adapter-bank/artifacts/payloads/27300_2_independent_orthogonal_5_boft_independent.bin
development,27300,2,independent_orthogonal,5,shared_identity,1.390927791595459,4727,3.97538334558097e-05,1.2317992513999343e-05,2097152,07c834022067ba7a6188d894cd0ee3491355a4511ce95334d5e9a492b402bb4c,experiments/mirror_applications/ma-273-boft-mirror-adapter-bank/artifacts/payloads/27300_2_independent_orthogonal_5_shared_identity.bin
development,27300,2,independent_orthogonal,6,oft_oracle,0.0,8821,3.68849165776434e-05,1.845699443947524e-05,2097152,7cbc9ebb0bd9ce3d241e819eb3c5502125ede3d67198436a8982602068e9d46b,experiments/mirror_applications/ma-273-boft-mirror-adapter-bank/artifacts/payloads/27300_2_independent_orthogonal_6_oft_oracle.bin
development,27300,2,independent_orthogonal,6,boft_independent,1.3830668926239014,5021,3.128880004320915e-05,1.2769000022672117e-05,2097152,8c5ca0a56f8b15dbaa3f554f0e210f5ce3f98df7ce937ba8849b85a3f4bae08a,experiments/mirror_applications/ma-273-boft-mirror-adapter-bank/artifacts/payloads/27300_2_independent_orthogonal_6_boft_independent.bin
development,27300,2,independent_orthogonal,6,shared_identity,1.401774525642395,4727,3.492684991215356e-05,1.2919001164846122e-05,2097152,07c834022067ba7a6188d894cd0ee3491355a4511ce95334d5e9a492b402bb4c,experiments/mirror_applications/ma-273-boft-mirror-adapter-bank/artifacts/payloads/27300_2_independent_orthogonal_6_shared_identity.bin
development,27300,2,independent_orthogonal,7,oft_oracle,0.0,8821,3.5504033197260774e-05,1.6714009689167142e-05,2097152,2d0a415bfba197af02beec72094b9f3e5c0670238feed9cbefb5e1d10c69584c,experiments/mirror_applications/ma-273-boft-mirror-adapter-bank/artifacts/payloads/27300_2_independent_orthogonal_7_oft_oracle.bin
development,27300,2,independent_orthogonal,7,boft_independent,1.363803744316101,5021,3.191706661406594e-05,1.3089011190459132e-05,2097152,ac61fbb28582a42f584e11e9682cca9d2b20a66e8e18156b8fa7a27c36bac572,experiments/mirror_applications/ma-273-boft-mirror-adapter-bank/artifacts/payloads/27300_2_independent_orthogonal_7_boft_independent.bin
development,27300,2,independent_orthogonal,7,shared_identity,1.386297345161438,4727,3.671648349457731e-05,1.2427990441210568e-05,2097152,07c834022067ba7a6188d894cd0ee3491355a4511ce95334d5e9a492b402bb4c,experiments/mirror_applications/ma-273-boft-mirror-adapter-bank/artifacts/payloads/27300_2_independent_orthogonal_7_shared_identity.bin
development,27301,0,aligned_shared_generator,0,oft_oracle,0.0,8821,3.800289996434003e-05,1.9368992070667446e-05,2097152,8472ec3b2b6cd915851592d43015c05774f2e682c4beee07672da42cbc8069d4,experiments/mirror_applications/ma-273-boft-mirror-adapter-bank/artifacts/payloads/27301_0_aligned_shared_generator_0_oft_oracle.bin
development,27301,0,aligned_shared_generator,0,boft_independent,0.0,5021,3.537034984522809e-05,1.3380005839280784e-05,2097152,87fa7663965991fdf0afd622f950a092a15d876dcd3f5dec365e5acf55ce4ed0,experiments/mirror_applications/ma-273-boft-mirror-adapter-bank/artifacts/payloads/27301_0_aligned_shared_generator_0_boft_independent.bin
development,27301,0,aligned_shared_generator,0,mirror_shared_boft,0.09745682775974274,4734,3.289399998417745e-05,1.184799475595355e-05,2097152,d8370ec2aa674dfef8838570e8a2535696c3711c5442a7f6872e60b40a66ffae,experiments/mirror_applications/ma-273-boft-mirror-adapter-bank/artifacts/payloads/27301_0_aligned_shared_generator_0_mirror_shared_boft.bin
development,27301,0,aligned_shared_generator,0,generic_scalar_boft,0.09745682775974274,4735,3.2996149820974095e-05,1.4471996109932661e-05,2097152,9de72e3d4ce9cd6657d12a82f42e11141600773a5cd85e35e6a1002f9e6e0e15,experiments/mirror_applications/ma-273-boft-mirror-adapter-bank/artifacts/payloads/27301_0_aligned_shared_generator_0_generic_scalar_boft.bin
development,27301,0,aligned_shared_generator,0,shared_identity,0.14545215666294098,4727,3.6935983371222394e-05,1.3300013961270452e-05,2097152,9e239ae4c22d67dd8fb111721ae377d420edfc44cb3fd65f4f8b09954bc9bb64,experiments/mirror_applications/ma-273-boft-mirror-adapter-bank/artifacts/payloads/27301_0_aligned_shared_generator_0_shared_identity.bin
development,27301,0,aligned_shared_generator,1,oft_oracle,0.0,8821,5.417783346880848e-05,2.314400626346469e-05,2097152,1785b0c7f22fc85abb5f3d964759b4d0b3ccc6077a3c73c6b731b18cc1a63a77,experiments/mirror_applications/ma-273-boft-mirror-adapter-bank/artifacts/payloads/27301_0_aligned_shared_generator_1_oft_oracle.bin
development,27301,0,aligned_shared_generator,1,boft_independent,0.0,5021,5.321641680590498e-05,1.5933997929096222e-05,2097152,1ce00899f742c9f3e69113c5643689796e88ddb2ab6e2be8ce4a5c35b2c2a11f,experiments/mirror_applications/ma-273-boft-mirror-adapter-bank/artifacts/payloads/27301_0_aligned_shared_generator_1_boft_independent.bin
development,27301,0,aligned_shared_generator,1,mirror_shared_boft,0.055885087698698044,4734,5.194285016235275e-05,1.526200503576547e-05,2097152,d8370ec2aa674dfef8838570e8a2535696c3711c5442a7f6872e60b40a66ffae,experiments/mirror_applications/ma-273-boft-mirror-adapter-bank/artifacts/payloads/27301_0_aligned_shared_generator_1_mirror_shared_boft.bin
development,27301,0,aligned_shared_generator,1,generic_scalar_boft,0.055885087698698044,4735,4.9230500007979575e-05,2.318399492651224e-05,2097152,9de72e3d4ce9cd6657d12a82f42e11141600773a5cd85e35e6a1002f9e6e0e15,experiments/mirror_applications/ma-273-boft-mirror-adapter-bank/artifacts/payloads/27301_0_aligned_shared_generator_1_generic_scalar_boft.bin
development,27301,0,aligned_shared_generator,1,shared_identity,0.10400588810443878,4727,5.045716655634654e-05,2.2642998374067247e-05,2097152,9e239ae4c22d67dd8fb111721ae377d420edfc44cb3fd65f4f8b09954bc9bb64,experiments/mirror_applications/ma-273-boft-mirror-adapter-bank/artifacts/payloads/27301_0_aligned_shared_generator_1_shared_identity.bin
development,27301,0,aligned_shared_generator,2,oft_oracle,0.0,8821,5.149134982881757e-05,1.9489001715555787e-05,2097152,817a6fba38cc5907fa093703dd41f955eb38d7466658f56acb96cd3c7c67ed48,experiments/mirror_applications/ma-273-boft-mirror-adapter-bank/artifacts/payloads/27301_0_aligned_shared_generator_2_oft_oracle.bin
development,27301,0,aligned_shared_generator,2,boft_independent,0.0,5021,4.8791033380742493e-05,1.680500281509012e-05,2097152,76a8fbf66e7daccd83608f6420a360d28008fdb6afc0ad8b0395510266077295,experiments/mirror_applications/ma-273-boft-mirror-adapter-bank/artifacts/payloads/27301_0_aligned_shared_generator_2_boft_independent.bin
development,27301,0,aligned_shared_generator,2,mirror_shared_boft,0.014253507368266582,4734,4.72779499735528e-05,1.5694007743149996e-05,2097152,d8370ec2aa674dfef8838570e8a2535696c3711c5442a7f6872e60b40a66ffae,experiments/mirror_applications/ma-273-boft-mirror-adapter-bank/artifacts/payloads/27301_0_aligned_shared_generator_2_mirror_shared_boft.bin
development,27301,0,aligned_shared_generator,2,generic_scalar_boft,0.014253507368266582,4735,4.575336667282196e-05,1.4831995940767229e-05,2097152,9de72e3d4ce9cd6657d12a82f42e11141600773a5cd85e35e6a1002f9e6e0e15,experiments/mirror_applications/ma-273-boft-mirror-adapter-bank/artifacts/payloads/27301_0_aligned_shared_generator_2_generic_scalar_boft.bin
development,27301,0,aligned_shared_generator,2,shared_identity,0.06244795396924019,4727,5.2982399938628075e-05,1.641499693505466e-05,2097152,9e239ae4c22d67dd8fb111721ae377d420edfc44cb3fd65f4f8b09954bc9bb64,experiments/mirror_applications/ma-273-boft-mirror-adapter-bank/artifacts/payloads/27301_0_aligned_shared_generator_2_shared_identity.bin
development,27301,0,aligned_shared_generator,3,oft_oracle,0.0,8821,4.874363318473722e-05,1.8417005776427686e-05,2097152,3b564d0473e506ff99f1f2f4262328388a39099e887351de1492999fd645a18c,experiments/mirror_applications/ma-273-boft-mirror-adapter-bank/artifacts/payloads/27301_0_aligned_shared_generator_3_oft_oracle.bin
development,27301,0,aligned_shared_generator,3,boft_independent,0.0,5021,4.4936650131906695e-05,1.783699553925544e-05,2097152,561aa1b85f173ee23b92a765fa257382c615379db4752bb8171bd37c8b6c8962,experiments/mirror_applications/ma-273-boft-mirror-adapter-bank/artifacts/payloads/27301_0_aligned_shared_generator_3_boft_independent.bin
development,27301,0,aligned_shared_generator,3,mirror_shared_boft,3.2413787266705185e-05,4734,5.021363346410605e-05,1.5622994396835566e-05,2097152,dcff1c07721825b4265d7062b5043ee513bbaafcd4ce1af3a03fa76af4002765,experiments/mirror_applications/ma-273-boft-mirror-adapter-bank/artifacts/payloads/27301_0_aligned_shared_generator_3_mirror_shared_boft.bin
development,27301,0,aligned_shared_generator,3,generic_scalar_boft,3.2413787266705185e-05,4735,5.181316664675251e-05,1.7526006558910012e-05,2097152,032d2a029a1510350c1f8786cce9010ab8c3b338585b2f7634cd09221e0cbd95,experiments/mirror_applications/ma-273-boft-mirror-adapter-bank/artifacts/payloads/27301_0_aligned_shared_generator_3_generic_scalar_boft.bin
development,27301,0,aligned_shared_generator,3,shared_identity,0.020823324099183083,4727,4.6288666635518896e-05,1.5973986592143774e-05,2097152,9e239ae4c22d67dd8fb111721ae377d420edfc44cb3fd65f4f8b09954bc9bb64,experiments/mirror_applications/ma-273-boft-mirror-adapter-bank/artifacts/payloads/27301_0_aligned_shared_generator_3_shared_identity.bin
development,27301,0,aligned_shared_generator,4,oft_oracle,0.0,8821,4.7591749898856504e-05,1.8526989151723683e-05,2097152,f36180b3595888c651f80ac973707b22af2dad6d2d6d684ab8f73196477749c5,experiments/mirror_applications/ma-273-boft-mirror-adapter-bank/artifacts/payloads/27301_0_aligned_shared_generator_4_oft_oracle.bin
development,27301,0,aligned_shared_generator,4,boft_independent,0.0,5021,4.851913327001967e-05,1.5251993318088353e-05,2097152,552c1877b69759cda9d87b4993aeb5a7dbe1b228dba6f2b9d69612b1ddc83c93,experiments/mirror_applications/ma-273-boft-mirror-adapter-bank/artifacts/payloads/27301_0_aligned_shared_generator_4_boft_independent.bin
development,27301,0,aligned_shared_generator,4,mirror_shared_boft,3.241355807404034e-05,4734,5.3218749962979926e-05,6.0349004343152046e-05,2097152,32c371dd20f814fa57425630c684383f29570ab2f7cbdaea00a10c44a221ae19,experiments/mirror_applications/ma-273-boft-mirror-adapter-bank/artifacts/payloads/27301_0_aligned_shared_generator_4_mirror_shared_boft.bin
development,27301,0,aligned_shared_generator,4,generic_scalar_boft,3.241355807404034e-05,4735,5.28632333346953e-05,1.5492987586185336e-05,2097152,834b44876a4f8daa45b76df62781e45b366155c20cb74545deab174ab53f4b8b,experiments/mirror_applications/ma-273-boft-mirror-adapter-bank/artifacts/payloads/27301_0_aligned_shared_generator_4_generic_scalar_boft.bin
development,27301,0,aligned_shared_generator,4,shared_identity,0.020823171362280846,4727,5.2483166655292735e-05,1.573300687596202e-05,2097152,9e239ae4c22d67dd8fb111721ae377d420edfc44cb3fd65f4f8b09954bc9bb64,experiments/mirror_applications/ma-273-boft-mirror-adapter-bank/artifacts/payloads/27301_0_aligned_shared_generator_4_shared_identity.bin
development,27301,0,aligned_shared_generator,5,oft_oracle,0.0,8821,5.015520000597462e-05,1.7275000573135912e-05,2097152,97f6f387457cbc9da524fb334eb6f9e47030b418e10668d1029f4ed57b77b354,experiments/mirror_applications/ma-273-boft-mirror-adapter-bank/artifacts/payloads/27301_0_aligned_shared_generator_5_oft_oracle.bin
development,27301,0,aligned_shared_generator,5,boft_independent,0.0,5021,0.00013525146666021708,1.680500281509012e-05,2097152,a98e496f0da5983e35cc374ed225378ca5622c0cdf8a2f1d5a61b7e53cb9438b,experiments/mirror_applications/ma-273-boft-mirror-adapter-bank/artifacts/payloads/27301_0_aligned_shared_generator_5_boft_independent.bin
development,27301,0,aligned_shared_generator,5,mirror_shared_boft,0.014252964407205582,4734,0.00014970401656076623,1.7395010218024254e-05,2097152,e37c69181693de08f8994a1b655857676ac56545097d326ae20ed484064379ed,experiments/mirror_applications/ma-273-boft-mirror-adapter-bank/artifacts/payloads/27301_0_aligned_shared_generator_5_mirror_shared_boft.bin
development,27301,0,aligned_shared_generator,5,generic_scalar_boft,0.014252964407205582,4735,9.737459986354224e-05,1.6353995306417346e-05,2097152,694e986468410941486c402359e64f347d09338b12e8bd37128e76c79f890002,experiments/mirror_applications/ma-273-boft-mirror-adapter-bank/artifacts/payloads/27301_0_aligned_shared_generator_5_generic_scalar_boft.bin
development,27301,0,aligned_shared_generator,5,shared_identity,0.06244664639234543,4727,5.137416665093042e-05,2.3714994313195348e-05,2097152,9e239ae4c22d67dd8fb111721ae377d420edfc44cb3fd65f4f8b09954bc9bb64,experiments/mirror_applications/ma-273-boft-mirror-adapter-bank/artifacts/payloads/27301_0_aligned_shared_generator_5_shared_identity.bin
development,27301,0,aligned_shared_generator,6,oft_oracle,0.0,8821,4.88295833444378e-05,2.2182997781783342e-05,2097152,9b4c8a0784f8599ff4653b6d7fca9544d87c357f6304bf5ad425196bf946303a,experiments/mirror_applications/ma-273-boft-mirror-adapter-bank/artifacts/payloads/27301_0_aligned_shared_generator_6_oft_oracle.bin
development,27301,0,aligned_shared_generator,6,boft_independent,0.0,5021,5.0872116844402626e-05,1.5443001757375896e-05,2097152,8ba4b599fdb3e1371f4011698f2d7e0a01172e35a81839939ff978ef77c30deb,experiments/mirror_applications/ma-273-boft-mirror-adapter-bank/artifacts/payloads/27301_0_aligned_shared_generator_6_boft_independent.bin
development,27301,0,aligned_shared_generator,6,mirror_shared_boft,0.05588221549987793,4734,4.943231663977106e-05,1.5962999896146357e-05,2097152,e37c69181693de08f8994a1b655857676ac56545097d326ae20ed484064379ed,experiments/mirror_applications/ma-273-boft-mirror-adapter-bank/artifacts/payloads/27301_0_aligned_shared_generator_6_mirror_shared_boft.bin
development,27301,0,aligned_shared_generator,6,generic_scalar_boft,0.05588221549987793,4735,5.3679433282619966e-05,1.7696002032607794e-05,2097152,694e986468410941486c402359e64f347d09338b12e8bd37128e76c79f890002,experiments/mirror_applications/ma-273-boft-mirror-adapter-bank/artifacts/payloads/27301_0_aligned_shared_generator_6_generic_scalar_boft.bin
development,27301,0,aligned_shared_generator,6,shared_identity,0.10400218516588211,4727,4.7961133289694166e-05,1.865800004452467e-05,2097152,9e239ae4c22d67dd8fb111721ae377d420edfc44cb3fd65f4f8b09954bc9bb64,experiments/mirror_applications/ma-273-boft-mirror-adapter-bank/artifacts/payloads/27301_0_aligned_shared_generator_6_shared_identity.bin
development,27301,0,aligned_shared_generator,7,oft_oracle,0.0,8821,4.9514266720507294e-05,2.1532003302127123e-05,2097152,35790ee97ddca928b3b9844c7134be1f32d0b09cd9698d90b14ef926e977bcb6,experiments/mirror_applications/ma-273-boft-mirror-adapter-bank/artifacts/payloads/27301_0_aligned_shared_generator_7_oft_oracle.bin
development,27301,0,aligned_shared_generator,7,boft_independent,0.0,5021,5.025534992455505e-05,1.5682991943322122e-05,2097152,c0bdb06d97fec394dfbc5da4a750cbb29beac201b93219d86e28e1c9c773c6f8,experiments/mirror_applications/ma-273-boft-mirror-adapter-bank/artifacts/payloads/27301_0_aligned_shared_generator_7_boft_independent.bin
development,27301,0,aligned_shared_generator,7,mirror_shared_boft,0.09745043516159058,4734,5.22863665537443e-05,1.779600279405713e-05,2097152,e37c69181693de08f8994a1b655857676ac56545097d326ae20ed484064379ed,experiments/mirror_applications/ma-273-boft-mirror-adapter-bank/artifacts/payloads/27301_0_aligned_shared_generator_7_mirror_shared_boft.bin
development,27301,0,aligned_shared_generator,7,generic_scalar_boft,0.09745043516159058,4735,4.765384995456164e-05,1.6364007024094462e-05,2097152,694e986468410941486c402359e64f347d09338b12e8bd37128e76c79f890002,experiments/mirror_applications/ma-273-boft-mirror-adapter-bank/artifacts/payloads/27301_0_aligned_shared_generator_7_generic_scalar_boft.bin
development,27301,0,aligned_shared_generator,7,shared_identity,0.14544491469860077,4727,5.178546659105147e-05,1.9419007003307343e-05,2097152,9e239ae4c22d67dd8fb111721ae377d420edfc44cb3fd65f4f8b09954bc9bb64,experiments/mirror_applications/ma-273-boft-mirror-adapter-bank/artifacts/payloads/27301_0_aligned_shared_generator_7_shared_identity.bin
development,27301,0,independent_orthogonal,0,oft_oracle,0.0,8821,5.238918335332225e-05,1.769700611475855e-05,2097152,50af0cccadd8d2dd8087a9dd537195612b8ec4dfb4ed8fe8b4423a5d839a75e7,experiments/mirror_applications/ma-273-boft-mirror-adapter-bank/artifacts/payloads/27301_0_independent_orthogonal_0_oft_oracle.bin
development,27301,0,independent_orthogonal,0,boft_independent,1.3985283374786377,5021,5.166544991273743e-05,1.5183002687990665e-05,2097152,2e5d17c97d80b306928a6ac67cceea66441f91d3c13c938f645a9e797911ac67,experiments/mirror_applications/ma-273-boft-mirror-adapter-bank/artifacts/payloads/27301_0_independent_orthogonal_0_boft_independent.bin
development,27301,0,independent_orthogonal,0,shared_identity,1.4208742380142212,4727,4.8137566773220895e-05,1.7686004866845906e-05,2097152,9e239ae4c22d67dd8fb111721ae377d420edfc44cb3fd65f4f8b09954bc9bb64,experiments/mirror_applications/ma-273-boft-mirror-adapter-bank/artifacts/payloads/27301_0_independent_orthogonal_0_shared_identity.bin
development,27301,0,independent_orthogonal,1,oft_oracle,0.0,8821,4.945116670569405e-05,1.9598999642767012e-05,2097152,e603d46d6dd7a7398bfbadb591a53d76d3cc196e9160e55cfe2d3a064f2f1510,experiments/mirror_applications/ma-273-boft-mirror-adapter-bank/artifacts/payloads/27301_0_independent_orthogonal_1_oft_oracle.bin
development,27301,0,independent_orthogonal,1,boft_independent,1.3995857238769531,5021,4.8486399949373055e-05,1.6193996998481452e-05,2097152,567f091b5c1e808a9163186e1e9d9de034d070563052ff9e84a3a91240adcef3,experiments/mirror_applications/ma-273-boft-mirror-adapter-bank/artifacts/payloads/27301_0_independent_orthogonal_1_boft_independent.bin
development,27301,0,independent_orthogonal,1,shared_identity,1.4257479906082153,4727,4.689473328956713e-05,1.4831995940767229e-05,2097152,9e239ae4c22d67dd8fb111721ae377d420edfc44cb3fd65f4f8b09954bc9bb64,experiments/mirror_applications/ma-273-boft-mirror-adapter-bank/artifacts/payloads/27301_0_independent_orthogonal_1_shared_identity.bin
development,27301,0,independent_orthogonal,2,oft_oracle,0.0,8821,4.949156670287873e-05,2.1371000912040472e-05,2097152,8cb86e99b7dcd22e391fefee15b67ddb5d441a2c8acccb3c09a40823eae54b4d,experiments/mirror_applications/ma-273-boft-mirror-adapter-bank/artifacts/payloads/27301_0_independent_orthogonal_2_oft_oracle.bin
development,27301,0,independent_orthogonal,2,boft_independent,1.3956979513168335,5021,4.6594449910723296e-05,1.6183999832719564e-05,2097152,060f084a8a3a6d50fc322d36b58bf0bf038189013166e110ed0fc4ae8af6945a,experiments/mirror_applications/ma-273-boft-mirror-adapter-bank/artifacts/payloads/27301_0_independent_orthogonal_2_boft_independent.bin
development,27301,0,independent_orthogonal,2,shared_identity,1.4154646396636963,4727,4.642034982680343e-05,1.7476006178185344e-05,2097152,9e239ae4c22d67dd8fb111721ae377d420edfc44cb3fd65f4f8b09954bc9bb64,experiments/mirror_applications/ma-273-boft-mirror-adapter-bank/artifacts/payloads/27301_0_independent_orthogonal_2_shared_identity.bin
development,27301,0,independent_orthogonal,3,oft_oracle,0.0,8821,4.9562166532268746e-05,1.7856989870779216e-05,2097152,f75de1135cd6fb57807c44966a53bd6d10f2afc9b0ab57a08584a9698811874b,experiments/mirror_applications/ma-273-boft-mirror-adapter-bank/artifacts/payloads/27301_0_independent_orthogonal_3_oft_oracle.bin
development,27301,0,independent_orthogonal,3,boft_independent,1.411157250404358,5021,4.6730966520650936e-05,1.607400190550834e-05,2097152,e180f3ec71dcf2413a749c84a90e2840e243843541fe1f24257cd0e265cf4a9a,experiments/mirror_applications/ma-273-boft-mirror-adapter-bank/artifacts/payloads/27301_0_independent_orthogonal_3_boft_independent.bin
development,27301,0,independent_orthogonal,3,shared_identity,1.4389091730117798,4727,4.952996653931526e-05,1.5604004147462547e-05,2097152,9e239ae4c22d67dd8fb111721ae377d420edfc44cb3fd65f4f8b09954bc9bb64,experiments/mirror_applications/ma-273-boft-mirror-adapter-bank/artifacts/payloads/27301_0_independent_orthogonal_3_shared_identity.bin
development,27301,0,independent_orthogonal,4,oft_oracle,0.0,8821,4.6911416817844534e-05,2.0020001102238894e-05,2097152,709002b4a8c656325f0778ab755ba6f9afa416f279b637ddc9c5808785348741,experiments/mirror_applications/ma-273-boft-mirror-adapter-bank/artifacts/payloads/27301_0_independent_orthogonal_4_oft_oracle.bin
development,27301,0,independent_orthogonal,4,boft_independent,1.4058676958084106,5021,4.9723566674704975e-05,1.513199822511524e-05,2097152,969462e9341f9a8aea24aea9c807007f979467f2badd952acc100ab263754ca6,experiments/mirror_applications/ma-273-boft-mirror-adapter-bank/artifacts/payloads/27301_0_independent_orthogonal_4_boft_independent.bin
development,27301,0,independent_orthogonal,4,shared_identity,1.4220805168151855,4727,4.82303667619514e-05,1.733499811962247e-05,2097152,9e239ae4c22d67dd8fb111721ae377d420edfc44cb3fd65f4f8b09954bc9bb64,experiments/mirror_applications/ma-273-boft-mirror-adapter-bank/artifacts/payloads/27301_0_independent_orthogonal_4_shared_identity.bin
development,27301,0,independent_orthogonal,5,oft_oracle,0.0,8821,4.896111665099549e-05,2.2552994778379798e-05,2097152,d783847acc1a8edb7100d19d0d8e527e078fba35776717c2d6ee2eba43d3c8ee,experiments/mirror_applications/ma-273-boft-mirror-adapter-bank/artifacts/payloads/27301_0_independent_orthogonal_5_oft_oracle.bin
development,27301,0,independent_orthogonal,5,boft_independent,1.4111212491989136,5021,4.9999483114030836e-05,1.7555998056195676e-05,2097152,db6e598e7ef8a59eb100be39ea53c11f26719e504910868e688ebd8e7c8326c6,experiments/mirror_applications/ma-273-boft-mirror-adapter-bank/artifacts/payloads/27301_0_independent_orthogonal_5_boft_independent.bin
development,27301,0,independent_orthogonal,5,shared_identity,1.4242192506790161,4727,4.7036766773089767e-05,3.295899659860879e-05,2097152,9e239ae4c22d67dd8fb111721ae377d420edfc44cb3fd65f4f8b09954bc9bb64,experiments/mirror_applications/ma-273-boft-mirror-adapter-bank/artifacts/payloads/27301_0_independent_orthogonal_5_shared_identity.bin
development,27301,0,independent_orthogonal,6,oft_oracle,0.0,8821,4.84685500850901e-05,4.658900434151292e-05,2097152,62801ff98c1908b6c524487e62faa18408112540e365e3e13b6c211cdc48d96c,experiments/mirror_applications/ma-273-boft-mirror-adapter-bank/artifacts/payloads/27301_0_independent_orthogonal_6_oft_oracle.bin
development,27301,0,independent_orthogonal,6,boft_independent,1.3907400369644165,5021,5.0873449799837546e-05,1.8427002942189574e-05,2097152,60dc30bc801969aed8d29c515ac0caa864d163e9a60f2694e191dde74415cde0,experiments/mirror_applications/ma-273-boft-mirror-adapter-bank/artifacts/payloads/27301_0_independent_orthogonal_6_boft_independent.bin
development,27301,0,independent_orthogonal,6,shared_identity,1.4125491380691528,4727,4.682044988536897e-05,1.6564998077228665e-05,2097152,9e239ae4c22d67dd8fb111721ae377d420edfc44cb3fd65f4f8b09954bc9bb64,experiments/mirror_applications/ma-273-boft-mirror-adapter-bank/artifacts/payloads/27301_0_independent_orthogonal_6_shared_identity.bin
development,27301,0,independent_orthogonal,7,oft_oracle,0.0,8821,4.718081666699921e-05,2.0150007912889123e-05,2097152,a636679f9cbf09b4a47d2e4bd72640323c58eaa2c9907832294c67a5a2ceb91c,experiments/mirror_applications/ma-273-boft-mirror-adapter-bank/artifacts/payloads/27301_0_independent_orthogonal_7_oft_oracle.bin
development,27301,0,independent_orthogonal,7,boft_independent,1.4022787809371948,5021,4.6434366716615234e-05,1.4962992281652987e-05,2097152,3b9679e0942047f921f4cde8438d51d0f1d35ed7f35058264fd8c0be06b986ca,experiments/mirror_applications/ma-273-boft-mirror-adapter-bank/artifacts/payloads/27301_0_independent_orthogonal_7_boft_independent.bin
development,27301,0,independent_orthogonal,7,shared_identity,1.4255269765853882,4727,4.593631650398796e-05,1.5612997231073678e-05,2097152,9e239ae4c22d67dd8fb111721ae377d420edfc44cb3fd65f4f8b09954bc9bb64,experiments/mirror_applications/ma-273-boft-mirror-adapter-bank/artifacts/payloads/27301_0_independent_orthogonal_7_shared_identity.bin
development,27301,1,aligned_shared_generator,0,oft_oracle,0.0,8821,4.679356667717608e-05,2.2203006665222347e-05,2097152,79dc70cffcc72695b7ff301b8dd9dac5c6e9cb4ed3c2b0c15c80b9b0af69b962,experiments/mirror_applications/ma-273-boft-mirror-adapter-bank/artifacts/payloads/27301_1_aligned_shared_generator_0_oft_oracle.bin
development,27301,1,aligned_shared_generator,0,boft_independent,0.0,5021,4.74695834175994e-05,7.09950109012425e-05,2097152,26d6dab300dd2b7737d6420ee1e641c60fd446ad9130086f37526142668bc3d8,experiments/mirror_applications/ma-273-boft-mirror-adapter-bank/artifacts/payloads/27301_1_aligned_shared_generator_0_boft_independent.bin
development,27301,1,aligned_shared_generator,0,mirror_shared_boft,0.12243346869945526,4734,4.912368337196919e-05,1.6143996617756784e-05,2097152,730ffd618eb23aa11ed7e092e949e644957bf04592fe1bfbe7ab70b75c57650e,experiments/mirror_applications/ma-273-boft-mirror-adapter-bank/artifacts/payloads/27301_1_aligned_shared_generator_0_mirror_shared_boft.bin
development,27301,1,aligned_shared_generator,0,generic_scalar_boft,0.12243346869945526,4735,4.622206664256131e-05,1.4702003682032228e-05,2097152,4714ab8a01ec8d0efd1e1246e89720a5e1cb21aa31c1ca8b689b7e9e10cbe940,experiments/mirror_applications/ma-273-boft-mirror-adapter-bank/artifacts/payloads/27301_1_aligned_shared_generator_0_generic_scalar_boft.bin
development,27301,1,aligned_shared_generator,0,shared_identity,0.18249979615211487,4727,4.8948600063643726e-05,1.62840005941689e-05,2097152,3dcc1943fd58f4b1a54bb3220fe9c990206bf9759487ae15e64ced0901a0ccdb,experiments/mirror_applications/ma-273-boft-mirror-adapter-bank/artifacts/payloads/27301_1_aligned_shared_generator_0_shared_identity.bin
development,27301,1,aligned_shared_generator,1,oft_oracle,0.0,8821,4.832416670979001e-05,2.119199780281633e-05,2097152,48d401174cb35972f937679dfc9f1847adca2ee225de5de8d63b7154ec5281f2,experiments/mirror_applications/ma-273-boft-mirror-adapter-bank/artifacts/payloads/27301_1_aligned_shared_generator_1_oft_oracle.bin
development,27301,1,aligned_shared_generator,1,boft_independent,0.0,5021,4.636094987896892e-05,2.0580002455972135e-05,2097152,4a9eb9d7bd2a020aa9ac0f87ebdcfa2d3b62161e5179cf8986be4a8af29f9909,experiments/mirror_applications/ma-273-boft-mirror-adapter-bank/artifacts/payloads/27301_1_aligned_shared_generator_1_boft_independent.bin
development,27301,1,aligned_shared_generator,1,mirror_shared_boft,0.07025929540395737,4734,4.835304983619911e-05,1.619401155039668e-05,2097152,730ffd618eb23aa11ed7e092e949e644957bf04592fe1bfbe7ab70b75c57650e,experiments/mirror_applications/ma-273-boft-mirror-adapter-bank/artifacts/payloads/27301_1_aligned_shared_generator_1_mirror_shared_boft.bin
development,27301,1,aligned_shared_generator,1,generic_scalar_boft,0.07025929540395737,4735,5.136366647396547e-05,1.4271005056798458e-05,2097152,4714ab8a01ec8d0efd1e1246e89720a5e1cb21aa31c1ca8b689b7e9e10cbe940,experiments/mirror_applications/ma-273-boft-mirror-adapter-bank/artifacts/payloads/27301_1_aligned_shared_generator_1_generic_scalar_boft.bin
development,27301,1,aligned_shared_generator,1,shared_identity,0.13065066933631897,4727,5.065946679678745e-05,1.5924000763334334e-05,2097152,3dcc1943fd58f4b1a54bb3220fe9c990206bf9759487ae15e64ced0901a0ccdb,experiments/mirror_applications/ma-273-boft-mirror-adapter-bank/artifacts/payloads/27301_1_aligned_shared_generator_1_shared_identity.bin
development,27301,1,aligned_shared_generator,2,oft_oracle,0.0,8821,4.618768337725972e-05,2.1472005755640566e-05,2097152,03253fd51dbb08377cde20db5f27322a06870e203018689387e965af4a63d2a1,experiments/mirror_applications/ma-273-boft-mirror-adapter-bank/artifacts/payloads/27301_1_aligned_shared_generator_2_oft_oracle.bin
development,27301,1,aligned_shared_generator,2,boft_independent,0.0,5021,4.6903916518203916e-05,1.606400473974645e-05,2097152,c06040efe1e38ed009795a9ebafb6a7d246d176017d9a0da7b7632ddcc128438,experiments/mirror_applications/ma-273-boft-mirror-adapter-bank/artifacts/payloads/27301_1_aligned_shared_generator_2_boft_independent.bin
development,27301,1,aligned_shared_generator,2,mirror_shared_boft,0.017925996333360672,4734,4.740496660815552e-05,1.693499507382512e-05,2097152,730ffd618eb23aa11ed7e092e949e644957bf04592fe1bfbe7ab70b75c57650e,experiments/mirror_applications/ma-273-boft-mirror-adapter-bank/artifacts/payloads/27301_1_aligned_shared_generator_2_mirror_shared_boft.bin
development,27301,1,aligned_shared_generator,2,generic_scalar_boft,0.017925996333360672,4735,4.585100008019557e-05,1.4482007827609777e-05,2097152,4714ab8a01ec8d0efd1e1246e89720a5e1cb21aa31c1ca8b689b7e9e10cbe940,experiments/mirror_applications/ma-273-boft-mirror-adapter-bank/artifacts/payloads/27301_1_aligned_shared_generator_2_generic_scalar_boft.bin
development,27301,1,aligned_shared_generator,2,shared_identity,0.07850883156061172,4727,4.5742850003686425e-05,1.4701989130116999e-05,2097152,3dcc1943fd58f4b1a54bb3220fe9c990206bf9759487ae15e64ced0901a0ccdb,experiments/mirror_applications/ma-273-boft-mirror-adapter-bank/artifacts/payloads/27301_1_aligned_shared_generator_2_shared_identity.bin
development,27301,1,aligned_shared_generator,3,oft_oracle,0.0,8821,4.72774501152647e-05,2.0149993360973895e-05,2097152,5a2aa75ab5037b8fb211854c40ac78d70bd13439fc2771e47ac6bf2fe379c198,experiments/mirror_applications/ma-273-boft-mirror-adapter-bank/artifacts/payloads/27301_1_aligned_shared_generator_3_oft_oracle.bin
development,27301,1,aligned_shared_generator,3,boft_independent,0.0,5021,4.620568336880145e-05,1.5031997463665903e-05,2097152,b8b28a087c925dac9bf76fa6a9830d2032e9e9eef2f4ab7fa1aa48318731caa6,experiments/mirror_applications/ma-273-boft-mirror-adapter-bank/artifacts/payloads/27301_1_aligned_shared_generator_3_boft_independent.bin
development,27301,1,aligned_shared_generator,3,mirror_shared_boft,4.076903496752493e-05,4734,4.713273325857396e-05,1.5191995771601796e-05,2097152,26f28cd09691c8fc3850579c127afc48c589178424ed91ae5af55789b093c7e4,experiments/mirror_applications/ma-273-boft-mirror-adapter-bank/artifacts/payloads/27301_1_aligned_shared_generator_3_mirror_shared_boft.bin
development,27301,1,aligned_shared_generator,3,generic_scalar_boft,4.076903496752493e-05,4735,4.733470001762423e-05,1.5031997463665903e-05,2097152,a5697a98fe545844d77ef40a4b8ad63e68e00007836e8a893d187e438b2d24ee,experiments/mirror_applications/ma-273-boft-mirror-adapter-bank/artifacts/payloads/27301_1_aligned_shared_generator_3_generic_scalar_boft.bin
development,27301,1,aligned_shared_generator,3,shared_identity,0.026189683005213737,4727,4.5889566536061466e-05,1.55930028995499e-05,2097152,3dcc1943fd58f4b1a54bb3220fe9c990206bf9759487ae15e64ced0901a0ccdb,experiments/mirror_applications/ma-273-boft-mirror-adapter-bank/artifacts/payloads/27301_1_aligned_shared_generator_3_shared_identity.bin
development,27301,1,aligned_shared_generator,4,oft_oracle,0.0,8821,4.853931677644141e-05,2.0490988390520215e-05,2097152,9d25edb0fb44813ff0d710fde5564fd982938a26cc15c14a2afe2ae7ef31ee83,experiments/mirror_applications/ma-273-boft-mirror-adapter-bank/artifacts/payloads/27301_1_aligned_shared_generator_4_oft_oracle.bin
development,27301,1,aligned_shared_generator,4,boft_independent,0.0,5021,4.77576667132477e-05,1.5832993085496128e-05,2097152,ee9013afcd9be419e52448ee8bbd32ba245a5d52d2255a833b5dedf7922f4d02,experiments/mirror_applications/ma-273-boft-mirror-adapter-bank/artifacts/payloads/27301_1_aligned_shared_generator_4_boft_independent.bin
development,27301,1,aligned_shared_generator,4,mirror_shared_boft,4.077000266988762e-05,4734,4.815641659661196e-05,1.5502999303862453e-05,2097152,de3afcc6d502aebb69e7b0aebf9be0ead4c1144066843a4222661cdb88b0cd61,experiments/mirror_applications/ma-273-boft-mirror-adapter-bank/artifacts/payloads/27301_1_aligned_shared_generator_4_mirror_shared_boft.bin
development,27301,1,aligned_shared_generator,4,generic_scalar_boft,4.077000266988762e-05,4735,4.673431661406842e-05,1.4661985915154219e-05,2097152,341a5d3ed282439c51714d872878bd42cca9e2b2a2f10ee03c3836e942c1831a,experiments/mirror_applications/ma-273-boft-mirror-adapter-bank/artifacts/payloads/27301_1_aligned_shared_generator_4_generic_scalar_boft.bin
development,27301,1,aligned_shared_generator,4,shared_identity,0.026190344244241714,4727,4.6530516556231305e-05,1.5672994777560234e-05,2097152,3dcc1943fd58f4b1a54bb3220fe9c990206bf9759487ae15e64ced0901a0ccdb,experiments/mirror_applications/ma-273-boft-mirror-adapter-bank/artifacts/payloads/27301_1_aligned_shared_generator_4_shared_identity.bin
development,27301,1,aligned_shared_generator,5,oft_oracle,0.0,8821,5.0999133479005346e-05,1.8927996279671788e-05,2097152,ea0420226d7defe1ccb404ad209bbfb29a85109903cde52c22ea97b485fea67a,experiments/mirror_applications/ma-273-boft-mirror-adapter-bank/artifacts/payloads/27301_1_aligned_shared_generator_5_oft_oracle.bin
development,27301,1,aligned_shared_generator,5,boft_independent,0.0,5021,5.045264988439158e-05,1.5662997611798346e-05,2097152,305d0631b09d340c07f57969306e524c8d5e4e0d62d1b1e44a9acde5e6d801b6,experiments/mirror_applications/ma-273-boft-mirror-adapter-bank/artifacts/payloads/27301_1_aligned_shared_generator_5_boft_independent.bin
development,27301,1,aligned_shared_generator,5,mirror_shared_boft,0.017928360030055046,4734,4.7177649927713596e-05,1.7034995835274458e-05,2097152,9c9da09f02927d2f82b1277ce8d2f596e1f66da0481d2a64c3367fec2e014e4e,experiments/mirror_applications/ma-273-boft-mirror-adapter-bank/artifacts/payloads/27301_1_aligned_shared_generator_5_mirror_shared_boft.bin
development,27301,1,aligned_shared_generator,5,generic_scalar_boft,0.017928360030055046,4735,5.738991652227317e-05,1.573299232404679e-05,2097152,d828849f0ebf533c8a0ba49ada84ba0f1c72be3924092abb6123c8acb1a350a1,experiments/mirror_applications/ma-273-boft-mirror-adapter-bank/artifacts/payloads/27301_1_aligned_shared_generator_5_generic_scalar_boft.bin
development,27301,1,aligned_shared_generator,5,shared_identity,0.07851463556289673,4727,5.481544988773142e-05,1.6954989405348897e-05,2097152,3dcc1943fd58f4b1a54bb3220fe9c990206bf9759487ae15e64ced0901a0ccdb,experiments/mirror_applications/ma-273-boft-mirror-adapter-bank/artifacts/payloads/27301_1_aligned_shared_generator_5_shared_identity.bin
development,27301,1,aligned_shared_generator,6,oft_oracle,0.0,8821,5.022598318949652e-05,6.989399844314903e-05,2097152,7ea00dc0a70efd97189f5c6772eec569dfa2680590142c32aea910555e48c012,experiments/mirror_applications/ma-273-boft-mirror-adapter-bank/artifacts/payloads/27301_1_aligned_shared_generator_6_oft_oracle.bin
development,27301,1,aligned_shared_generator,6,boft_independent,0.0,5021,4.7941616746053724e-05,1.6093996237032115e-05,2097152,fc7a3c693bcd930a00a69c5b2292c59c3475f3393d0e75614ed9aa0c15d2d99f,experiments/mirror_applications/ma-273-boft-mirror-adapter-bank/artifacts/payloads/27301_1_aligned_shared_generator_6_boft_independent.bin
development,27301,1,aligned_shared_generator,6,mirror_shared_boft,0.07027201354503632,4734,4.885446663441447e-05,1.7936996300704777e-05,2097152,9c9da09f02927d2f82b1277ce8d2f596e1f66da0481d2a64c3367fec2e014e4e,experiments/mirror_applications/ma-273-boft-mirror-adapter-bank/artifacts/payloads/27301_1_aligned_shared_generator_6_mirror_shared_boft.bin
development,27301,1,aligned_shared_generator,6,generic_scalar_boft,0.07027201354503632,4735,5.179263340930144e-05,1.5573008568026125e-05,2097152,d828849f0ebf533c8a0ba49ada84ba0f1c72be3924092abb6123c8acb1a350a1,experiments/mirror_applications/ma-273-boft-mirror-adapter-bank/artifacts/payloads/27301_1_aligned_shared_generator_6_generic_scalar_boft.bin
development,27301,1,aligned_shared_generator,6,shared_identity,0.13066668808460236,4727,4.964078349682192e-05,1.6713995137251914e-05,2097152,3dcc1943fd58f4b1a54bb3220fe9c990206bf9759487ae15e64ced0901a0ccdb,experiments/mirror_applications/ma-273-boft-mirror-adapter-bank/artifacts/payloads/27301_1_aligned_shared_generator_6_shared_identity.bin
development,27301,1,aligned_shared_generator,7,oft_oracle,0.0,8821,5.295718340979268e-05,1.96089968085289e-05,2097152,a28b0e0fcb5a3f745c71f1318a085dd1ddac6b538168520d32e7967905640936,experiments/mirror_applications/ma-273-boft-mirror-adapter-bank/artifacts/payloads/27301_1_aligned_shared_generator_7_oft_oracle.bin
development,27301,1,aligned_shared_generator,7,boft_independent,0.0,5021,4.545658327212247e-05,1.7395999748259783e-05,2097152,3fb062b194b32f6991f7c4950b36be7e57ced4022476b047ae213abd4ea5ec97,experiments/mirror_applications/ma-273-boft-mirror-adapter-bank/artifacts/payloads/27301_1_aligned_shared_generator_7_boft_independent.bin
development,27301,1,aligned_shared_generator,7,mirror_shared_boft,0.12246166914701462,4734,4.899968310686139e-05,1.5413010260090232e-05,2097152,9c9da09f02927d2f82b1277ce8d2f596e1f66da0481d2a64c3367fec2e014e4e,experiments/mirror_applications/ma-273-boft-mirror-adapter-bank/artifacts/payloads/27301_1_aligned_shared_generator_7_mirror_shared_boft.bin
development,27301,1,aligned_shared_generator,7,generic_scalar_boft,0.12246166914701462,4735,4.539951672389482e-05,1.599299139343202e-05,2097152,d828849f0ebf533c8a0ba49ada84ba0f1c72be3924092abb6123c8acb1a350a1,experiments/mirror_applications/ma-273-boft-mirror-adapter-bank/artifacts/payloads/27301_1_aligned_shared_generator_7_generic_scalar_boft.bin
development,27301,1,aligned_shared_generator,7,shared_identity,0.18253087997436523,4727,4.619049990045217e-05,1.482199877500534e-05,2097152,3dcc1943fd58f4b1a54bb3220fe9c990206bf9759487ae15e64ced0901a0ccdb,experiments/mirror_applications/ma-273-boft-mirror-adapter-bank/artifacts/payloads/27301_1_aligned_shared_generator_7_shared_identity.bin
development,27301,1,independent_orthogonal,0,oft_oracle,0.0,8821,3.19506167822207e-05,1.629399775993079e-05,2097152,6f08629830d7b8a54ac7311856e467a1c8b459ef21779fabe7e5995e9c115086,experiments/mirror_applications/ma-273-boft-mirror-adapter-bank/artifacts/payloads/27301_1_independent_orthogonal_0_oft_oracle.bin
development,27301,1,independent_orthogonal,0,boft_independent,1.3429930210113525,5021,3.4597033421353746e-05,1.3840006431564689e-05,2097152,3a60ec4ef8222cce13c1a1f98678e7436a8b906c5c8e3fb490ded8d287644e96,experiments/mirror_applications/ma-273-boft-mirror-adapter-bank/artifacts/payloads/27301_1_independent_orthogonal_0_boft_independent.bin
development,27301,1,independent_orthogonal,0,shared_identity,1.3615689277648926,4727,3.556496667442843e-05,1.3088996638543904e-05,2097152,3dcc1943fd58f4b1a54bb3220fe9c990206bf9759487ae15e64ced0901a0ccdb,experiments/mirror_applications/ma-273-boft-mirror-adapter-bank/artifacts/payloads/27301_1_independent_orthogonal_0_shared_identity.bin
development,27301,1,independent_orthogonal,1,oft_oracle,0.0,8821,3.199435013812035e-05,1.702499866951257e-05,2097152,bbea562692083117339c4811c4a8b5a7d01172f049edf8b3732f577070a256ec,experiments/mirror_applications/ma-273-boft-mirror-adapter-bank/artifacts/payloads/27301_1_independent_orthogonal_1_oft_oracle.bin
development,27301,1,independent_orthogonal,1,boft_independent,1.3700932264328003,5021,3.45118833744588e-05,1.2859003618359566e-05,2097152,a6a9a4981a06ff72782c88f3c2a854d8e4675b359dd33089d064e59b60350a9a,experiments/mirror_applications/ma-273-boft-mirror-adapter-bank/artifacts/payloads/27301_1_independent_orthogonal_1_boft_independent.bin
development,27301,1,independent_orthogonal,1,shared_identity,1.398402452468872,4727,3.227910007505367e-05,3.784599539358169e-05,2097152,3dcc1943fd58f4b1a54bb3220fe9c990206bf9759487ae15e64ced0901a0ccdb,experiments/mirror_applications/ma-273-boft-mirror-adapter-bank/artifacts/payloads/27301_1_independent_orthogonal_1_shared_identity.bin
development,27301,1,independent_orthogonal,2,oft_oracle,0.0,8821,3.62234333200225e-05,1.7015001503750682e-05,2097152,c128aaa03a0af122c0400640301843b63be512fb3ad0e29aef48e7462eb3a6ce,experiments/mirror_applications/ma-273-boft-mirror-adapter-bank/artifacts/payloads/27301_1_independent_orthogonal_2_oft_oracle.bin
development,27301,1,independent_orthogonal,2,boft_independent,1.4054621458053589,5021,3.5845549912968026e-05,1.296900154557079e-05,2097152,a50036aafdb03a1e2428bcfa8d9d6f72564ca6bc5b00819f8c7f7fcfc9e3615b,experiments/mirror_applications/ma-273-boft-mirror-adapter-bank/artifacts/payloads/27301_1_independent_orthogonal_2_boft_independent.bin
development,27301,1,independent_orthogonal,2,shared_identity,1.4273004531860352,4727,3.342961669356252e-05,1.2469012290239334e-05,2097152,3dcc1943fd58f4b1a54bb3220fe9c990206bf9759487ae15e64ced0901a0ccdb,experiments/mirror_applications/ma-273-boft-mirror-adapter-bank/artifacts/payloads/27301_1_independent_orthogonal_2_shared_identity.bin
development,27301,1,independent_orthogonal,3,oft_oracle,0.0,8821,3.663736667173604e-05,1.7897007637657225e-05,2097152,c21f67d6801bb816fad06c4264d4d3dddc50dca686f3e2c1ef9122f13f3862b2,experiments/mirror_applications/ma-273-boft-mirror-adapter-bank/artifacts/payloads/27301_1_independent_orthogonal_3_oft_oracle.bin
development,27301,1,independent_orthogonal,3,boft_independent,1.4005510807037354,5021,3.38111999250638e-05,1.4791992725804448e-05,2097152,c55fea524c074558b2d255a3e05187b78c27002b9d193c25286b61ad03a4f6cf,experiments/mirror_applications/ma-273-boft-mirror-adapter-bank/artifacts/payloads/27301_1_independent_orthogonal_3_boft_independent.bin
development,27301,1,independent_orthogonal,3,shared_identity,1.425093173980713,4727,3.421163346501998e-05,1.288899511564523e-05,2097152,3dcc1943fd58f4b1a54bb3220fe9c990206bf9759487ae15e64ced0901a0ccdb,experiments/mirror_applications/ma-273-boft-mirror-adapter-bank/artifacts/payloads/27301_1_independent_orthogonal_3_shared_identity.bin
development,27301,1,independent_orthogonal,4,oft_oracle,0.0,8821,3.367114986758679e-05,1.75360037246719e-05,2097152,b3bf2e8de61425a94c681d0f41eec1f07ae8c5db91d530514be543d9c7b8efc9,experiments/mirror_applications/ma-273-boft-mirror-adapter-bank/artifacts/payloads/27301_1_independent_orthogonal_4_oft_oracle.bin
development,27301,1,independent_orthogonal,4,boft_independent,1.3698995113372803,5021,3.60329834317478e-05,1.3810000382363796e-05,2097152,b475b8440d291f23303768952c2951c27ce8846b0a02f559d6a51d066336a366,experiments/mirror_applications/ma-273-boft-mirror-adapter-bank/artifacts/payloads/27301_1_independent_orthogonal_4_boft_independent.bin
development,27301,1,independent_orthogonal,4,shared_identity,1.394153356552124,4727,3.448436667288964e-05,1.3991011655889452e-05,2097152,3dcc1943fd58f4b1a54bb3220fe9c990206bf9759487ae15e64ced0901a0ccdb,experiments/mirror_applications/ma-273-boft-mirror-adapter-bank/artifacts/payloads/27301_1_independent_orthogonal_4_shared_identity.bin
development,27301,1,independent_orthogonal,5,oft_oracle,0.0,8821,3.196546676917933e-05,1.9068000256083906e-05,2097152,856dc00a9ee6343604345234c32bd121f139479627029b76b0219b4b529bb100,experiments/mirror_applications/ma-273-boft-mirror-adapter-bank/artifacts/payloads/27301_1_independent_orthogonal_5_oft_oracle.bin
development,27301,1,independent_orthogonal,5,boft_independent,1.3942384719848633,5021,3.122803318547085e-05,1.370999962091446e-05,2097152,a61da1120a95a0e8160f02e719c3504e0f5222ac889c79ffe63935eab7c12fa1,experiments/mirror_applications/ma-273-boft-mirror-adapter-bank/artifacts/payloads/27301_1_independent_orthogonal_5_boft_independent.bin
development,27301,1,independent_orthogonal,5,shared_identity,1.4196813106536865,4727,3.342544999516879e-05,1.5101992175914347e-05,2097152,3dcc1943fd58f4b1a54bb3220fe9c990206bf9759487ae15e64ced0901a0ccdb,experiments/mirror_applications/ma-273-boft-mirror-adapter-bank/artifacts/payloads/27301_1_independent_orthogonal_5_shared_identity.bin
development,27301,1,independent_orthogonal,6,oft_oracle,0.0,8821,3.7157983509435626e-05,2.112099900841713e-05,2097152,f80eb07d69f1cd0a2f5d4b2dfd65f741e977de83ad37df1e0e3c787e7bc6b0e4,experiments/mirror_applications/ma-273-boft-mirror-adapter-bank/artifacts/payloads/27301_1_independent_orthogonal_6_oft_oracle.bin
development,27301,1,independent_orthogonal,6,boft_independent,1.423074722290039,5021,4.2363516695331785e-05,1.3330005458556116e-05,2097152,d7f46a1c7ffeaeeb2f6c760d3ecf75c21d436f578113ce5cc881714f80ffbeaa,experiments/mirror_applications/ma-273-boft-mirror-adapter-bank/artifacts/payloads/27301_1_independent_orthogonal_6_boft_independent.bin
development,27301,1,independent_orthogonal,6,shared_identity,1.448554515838623,4727,3.314838322694413e-05,1.4111006748862565e-05,2097152,3dcc1943fd58f4b1a54bb3220fe9c990206bf9759487ae15e64ced0901a0ccdb,experiments/mirror_applications/ma-273-boft-mirror-adapter-bank/artifacts/payloads/27301_1_independent_orthogonal_6_shared_identity.bin
development,27301,1,independent_orthogonal,7,oft_oracle,0.0,8821,3.2797533397873245e-05,1.5092999092303216e-05,2097152,1f922164163cc236dc14110631bd9511c09e565aeb612bf8b994d14f7fbdcdf3,experiments/mirror_applications/ma-273-boft-mirror-adapter-bank/artifacts/payloads/27301_1_independent_orthogonal_7_oft_oracle.bin
development,27301,1,independent_orthogonal,7,boft_independent,1.4113426208496094,5021,3.909384977305308e-05,1.232800423167646e-05,2097152,9da4dc61e6cfbda9d7648b514359d11809254cd6d465137f75339b6d10249d96,experiments/mirror_applications/ma-273-boft-mirror-adapter-bank/artifacts/payloads/27301_1_independent_orthogonal_7_boft_independent.bin
development,27301,1,independent_orthogonal,7,shared_identity,1.4401779174804688,4727,3.2453683525091036e-05,1.37009919853881e-05,2097152,3dcc1943fd58f4b1a54bb3220fe9c990206bf9759487ae15e64ced0901a0ccdb,experiments/mirror_applications/ma-273-boft-mirror-adapter-bank/artifacts/payloads/27301_1_independent_orthogonal_7_shared_identity.bin
development,27301,2,aligned_shared_generator,0,oft_oracle,0.0,8821,3.428489993287561e-05,1.7475991626270115e-05,2097152,aa9ed03a8af6772cb79e157f1eea87c7f6b74b15fd7a7b01c28fe558d15bc3b8,experiments/mirror_applications/ma-273-boft-mirror-adapter-bank/artifacts/payloads/27301_2_aligned_shared_generator_0_oft_oracle.bin
development,27301,2,aligned_shared_generator,0,boft_independent,0.0,5021,3.546196652071861e-05,1.2599004548974335e-05,2097152,1793d7dc1a60a75a9170af98d2ab00e71bdd64a7c6791848e74f3d9e56c3e429,experiments/mirror_applications/ma-273-boft-mirror-adapter-bank/artifacts/payloads/27301_2_aligned_shared_generator_0_boft_independent.bin
development,27301,2,aligned_shared_generator,0,mirror_shared_boft,0.09867936372756958,4734,3.7276150154260296e-05,1.3620010577142239e-05,2097152,965d4f1088bcbcf3db75c1c3d5e55e25fe918763e54df7d20e48489875a0313f,experiments/mirror_applications/ma-273-boft-mirror-adapter-bank/artifacts/payloads/27301_2_aligned_shared_generator_0_mirror_shared_boft.bin
development,27301,2,aligned_shared_generator,0,generic_scalar_boft,0.09867936372756958,4735,3.33663665514905e-05,1.4119999832473695e-05,2097152,44a5252d88f5e78ff766f76830ba1075b1810014ee3229143bcafffbe056b54a,experiments/mirror_applications/ma-273-boft-mirror-adapter-bank/artifacts/payloads/27301_2_aligned_shared_generator_0_generic_scalar_boft.bin
development,27301,2,aligned_shared_generator,0,shared_identity,0.1472061723470688,4727,3.205559987691231e-05,1.340000017080456e-05,2097152,10a289bfe568b39ebaaeda72f2f330e4be76e0eaa11db01352bc40bc40b8cef1,experiments/mirror_applications/ma-273-boft-mirror-adapter-bank/artifacts/payloads/27301_2_aligned_shared_generator_0_shared_identity.bin
development,27301,2,aligned_shared_generator,1,oft_oracle,0.0,8821,8.598990001094838e-05,1.917799818329513e-05,2097152,9e14c86b95ec7b75f66a389b6354c81c723425d0ae18a5d979b84ddefa7abb96,experiments/mirror_applications/ma-273-boft-mirror-adapter-bank/artifacts/payloads/27301_2_aligned_shared_generator_1_oft_oracle.bin
development,27301,2,aligned_shared_generator,1,boft_independent,0.0,5021,5.290794991500055e-05,1.606400473974645e-05,2097152,1e621fa0b1ce04a27c70f1aea9c447c3b40ea27422fa9a440fa3ee804826b7f9,experiments/mirror_applications/ma-273-boft-mirror-adapter-bank/artifacts/payloads/27301_2_aligned_shared_generator_1_boft_independent.bin
development,27301,2,aligned_shared_generator,1,mirror_shared_boft,0.056600421667099,4734,5.627326681860723e-05,1.6435005818493664e-05,2097152,965d4f1088bcbcf3db75c1c3d5e55e25fe918763e54df7d20e48489875a0313f,experiments/mirror_applications/ma-273-boft-mirror-adapter-bank/artifacts/payloads/27301_2_aligned_shared_generator_1_mirror_shared_boft.bin
development,27301,2,aligned_shared_generator,1,generic_scalar_boft,0.056600421667099,4735,5.2168366528349e-05,1.7306010704487562e-05,2097152,44a5252d88f5e78ff766f76830ba1075b1810014ee3229143bcafffbe056b54a,experiments/mirror_applications/ma-273-boft-mirror-adapter-bank/artifacts/payloads/27301_2_aligned_shared_generator_1_generic_scalar_boft.bin
development,27301,2,aligned_shared_generator,1,shared_identity,0.10530391335487366,4727,4.759626657081147e-05,1.787699875421822e-05,2097152,10a289bfe568b39ebaaeda72f2f330e4be76e0eaa11db01352bc40bc40b8cef1,experiments/mirror_applications/ma-273-boft-mirror-adapter-bank/artifacts/payloads/27301_2_aligned_shared_generator_1_shared_identity.bin
development,27301,2,aligned_shared_generator,2,oft_oracle,0.0,8821,5.350149998169703e-05,2.0220002625137568e-05,2097152,b3d5dfb8f82ee984a43199e4dd0b01c9aa20b955237c8ff36dba4e672fdd1bbe,experiments/mirror_applications/ma-273-boft-mirror-adapter-bank/artifacts/payloads/27301_2_aligned_shared_generator_2_oft_oracle.bin
development,27301,2,aligned_shared_generator,2,boft_independent,0.0,5021,5.613490017519022e-05,1.6605001292191446e-05,2097152,1ba824922dfefd8452fcaa82e7b51436ca79fd3d224bf7444353627fb9a35dda,experiments/mirror_applications/ma-273-boft-mirror-adapter-bank/artifacts/payloads/27301_2_aligned_shared_generator_2_boft_independent.bin
development,27301,2,aligned_shared_generator,2,mirror_shared_boft,0.014437608420848846,4734,4.864565004633429e-05,1.6713995137251914e-05,2097152,965d4f1088bcbcf3db75c1c3d5e55e25fe918763e54df7d20e48489875a0313f,experiments/mirror_applications/ma-273-boft-mirror-adapter-bank/artifacts/payloads/27301_2_aligned_shared_generator_2_mirror_shared_boft.bin
development,27301,2,aligned_shared_generator,2,generic_scalar_boft,0.014437608420848846,4735,6.723733337518448e-05,1.535199407953769e-05,2097152,44a5252d88f5e78ff766f76830ba1075b1810014ee3229143bcafffbe056b54a,experiments/mirror_applications/ma-273-boft-mirror-adapter-bank/artifacts/payloads/27301_2_aligned_shared_generator_2_generic_scalar_boft.bin
development,27301,2,aligned_shared_generator,2,shared_identity,0.0632450059056282,4727,6.944859997020103e-05,1.8207007087767124e-05,2097152,10a289bfe568b39ebaaeda72f2f330e4be76e0eaa11db01352bc40bc40b8cef1,experiments/mirror_applications/ma-273-boft-mirror-adapter-bank/artifacts/payloads/27301_2_aligned_shared_generator_2_shared_identity.bin
development,27301,2,aligned_shared_generator,3,oft_oracle,0.0,8821,4.796681678271852e-05,1.83569936780259e-05,2097152,27924fc8678026ada2d636b19e1c010b2a1cb4986ae21d36c6c144e86717d9f8,experiments/mirror_applications/ma-273-boft-mirror-adapter-bank/artifacts/payloads/27301_2_aligned_shared_generator_3_oft_oracle.bin
development,27301,2,aligned_shared_generator,3,boft_independent,0.0,5021,5.624371672941682e-05,1.538300421088934e-05,2097152,e4072996b01714a607f4980c93972d921ab4255f9ce2ba0114d3a1cf64b96ce6,experiments/mirror_applications/ma-273-boft-mirror-adapter-bank/artifacts/payloads/27301_2_aligned_shared_generator_3_boft_independent.bin
development,27301,2,aligned_shared_generator,3,mirror_shared_boft,3.283268597442657e-05,4734,4.984426656543898e-05,1.530299778096378e-05,2097152,92b5c3a3e85e3b069f6020a026084460395a5537610a797a16f51d1aae0e9603,experiments/mirror_applications/ma-273-boft-mirror-adapter-bank/artifacts/payloads/27301_2_aligned_shared_generator_3_mirror_shared_boft.bin
development,27301,2,aligned_shared_generator,3,generic_scalar_boft,3.283268597442657e-05,4735,4.5637199946213514e-05,1.551299646962434e-05,2097152,999f0a2b3d77f15c52ddcad4fa783e310d1fdf9220e191f59f035f1cf76f90f2,experiments/mirror_applications/ma-273-boft-mirror-adapter-bank/artifacts/payloads/27301_2_aligned_shared_generator_3_generic_scalar_boft.bin
development,27301,2,aligned_shared_generator,3,shared_identity,0.021092073991894722,4727,4.6476433393157395e-05,1.8297010683454573e-05,2097152,10a289bfe568b39ebaaeda72f2f330e4be76e0eaa11db01352bc40bc40b8cef1,experiments/mirror_applications/ma-273-boft-mirror-adapter-bank/artifacts/payloads/27301_2_aligned_shared_generator_3_shared_identity.bin
development,27301,2,aligned_shared_generator,4,oft_oracle,0.0,8821,4.894291681315129e-05,2.1271000150591135e-05,2097152,4f3c72bcfbffc2d7ec1066e371955aedc91f071c724f5411ad111518731209da,experiments/mirror_applications/ma-273-boft-mirror-adapter-bank/artifacts/payloads/27301_2_aligned_shared_generator_4_oft_oracle.bin
development,27301,2,aligned_shared_generator,4,boft_independent,0.0,5021,5.1326783432159576e-05,1.5443001757375896e-05,2097152,b1c777d90e66e5242be185dce2da54822c86059721b025a7930362c975751621,experiments/mirror_applications/ma-273-boft-mirror-adapter-bank/artifacts/payloads/27301_2_aligned_shared_generator_4_boft_independent.bin
development,27301,2,aligned_shared_generator,4,mirror_shared_boft,3.283238402218558e-05,4734,4.772145014915926e-05,1.6443998902104795e-05,2097152,1748ee618e6a766a14bb4f78a5b57cc0997161f00a194ff5f5ed1612503bbccd,experiments/mirror_applications/ma-273-boft-mirror-adapter-bank/artifacts/payloads/27301_2_aligned_shared_generator_4_mirror_shared_boft.bin
development,27301,2,aligned_shared_generator,4,generic_scalar_boft,3.283238402218558e-05,4735,4.7175299793404214e-05,1.4330988051369786e-05,2097152,06165353b633b243b1bff250d02434fb84ca908e4957a429ff928505abbd36da,experiments/mirror_applications/ma-273-boft-mirror-adapter-bank/artifacts/payloads/27301_2_aligned_shared_generator_4_generic_scalar_boft.bin
development,27301,2,aligned_shared_generator,4,shared_identity,0.021091975271701813,4727,4.748793338270237e-05,1.848700048867613e-05,2097152,10a289bfe568b39ebaaeda72f2f330e4be76e0eaa11db01352bc40bc40b8cef1,experiments/mirror_applications/ma-273-boft-mirror-adapter-bank/artifacts/payloads/27301_2_aligned_shared_generator_4_shared_identity.bin
development,27301,2,aligned_shared_generator,5,oft_oracle,0.0,8821,5.111696664243937e-05,1.7515994841232896e-05,2097152,b09e5485a81f7ae5362a9c31d5dc5204b3801e623b1e439b50eb99c3256d587e,experiments/mirror_applications/ma-273-boft-mirror-adapter-bank/artifacts/payloads/27301_2_aligned_shared_generator_5_oft_oracle.bin
development,27301,2,aligned_shared_generator,5,boft_independent,0.0,5021,5.105205006354178e-05,1.6234000213444233e-05,2097152,7d77f84cb7c61dc8f4a7bfa1e68d05a87f90c748a9b0b5b4df7cd06484be9369,experiments/mirror_applications/ma-273-boft-mirror-adapter-bank/artifacts/payloads/27301_2_aligned_shared_generator_5_boft_independent.bin
development,27301,2,aligned_shared_generator,5,mirror_shared_boft,0.014437246136367321,4734,5.239520008520534e-05,1.663400325924158e-05,2097152,50b2ca890c609c3ff2f82821f115f568aac61f1a9d2ddf97e04d6ea74bff0215,experiments/mirror_applications/ma-273-boft-mirror-adapter-bank/artifacts/payloads/27301_2_aligned_shared_generator_5_mirror_shared_boft.bin
development,27301,2,aligned_shared_generator,5,generic_scalar_boft,0.014437246136367321,4735,5.009628342425761e-05,1.8367994925938547e-05,2097152,9b7dce40280a84bb370c5adec47e0dd7a00fa34b1aa83048c6e265a8288e53ee,experiments/mirror_applications/ma-273-boft-mirror-adapter-bank/artifacts/payloads/27301_2_aligned_shared_generator_5_generic_scalar_boft.bin
development,27301,2,aligned_shared_generator,5,shared_identity,0.06324409693479538,4727,7.369806650482739e-05,4.091000300832093e-05,2097152,10a289bfe568b39ebaaeda72f2f330e4be76e0eaa11db01352bc40bc40b8cef1,experiments/mirror_applications/ma-273-boft-mirror-adapter-bank/artifacts/payloads/27301_2_aligned_shared_generator_5_shared_identity.bin
development,27301,2,aligned_shared_generator,6,oft_oracle,0.0,8821,4.790188322658651e-05,2.008001320064068e-05,2097152,8a19fc6f3585ed0d03d7dc4c4918efcc28c86ba38fb18912adb50c3bef9e4470,experiments/mirror_applications/ma-273-boft-mirror-adapter-bank/artifacts/payloads/27301_2_aligned_shared_generator_6_oft_oracle.bin
development,27301,2,aligned_shared_generator,6,boft_independent,0.0,5021,4.6196350012905896e-05,1.624399737920612e-05,2097152,570d4832239f0540b2e64490d5e54ed2332152bb61ba2254e164a14ba80ac38d,experiments/mirror_applications/ma-273-boft-mirror-adapter-bank/artifacts/payloads/27301_2_aligned_shared_generator_6_boft_independent.bin
development,27301,2,aligned_shared_generator,6,mirror_shared_boft,0.0565984882414341,4734,4.7258583314639206e-05,1.696600520517677e-05,2097152,50b2ca890c609c3ff2f82821f115f568aac61f1a9d2ddf97e04d6ea74bff0215,experiments/mirror_applications/ma-273-boft-mirror-adapter-bank/artifacts/payloads/27301_2_aligned_shared_generator_6_mirror_shared_boft.bin
development,27301,2,aligned_shared_generator,6,generic_scalar_boft,0.0565984882414341,4735,5.114049999974668e-05,1.4762001228518784e-05,2097152,9b7dce40280a84bb370c5adec47e0dd7a00fa34b1aa83048c6e265a8288e53ee,experiments/mirror_applications/ma-273-boft-mirror-adapter-bank/artifacts/payloads/27301_2_aligned_shared_generator_6_generic_scalar_boft.bin
development,27301,2,aligned_shared_generator,6,shared_identity,0.10530141741037369,4727,4.9183949886355546e-05,1.78460031747818e-05,2097152,10a289bfe568b39ebaaeda72f2f330e4be76e0eaa11db01352bc40bc40b8cef1,experiments/mirror_applications/ma-273-boft-mirror-adapter-bank/artifacts/payloads/27301_2_aligned_shared_generator_6_shared_identity.bin
development,27301,2,aligned_shared_generator,7,oft_oracle,0.0,8821,4.90682665258646e-05,1.9979997887276113e-05,2097152,9dbd6018b0b84b4bcc1739905c20a5a92140921d87418596b952b30e2ff611d8,experiments/mirror_applications/ma-273-boft-mirror-adapter-bank/artifacts/payloads/27301_2_aligned_shared_generator_7_oft_oracle.bin
development,27301,2,aligned_shared_generator,7,boft_independent,0.0,5021,5.115136664244346e-05,1.5031997463665903e-05,2097152,3a3a3cb1e473d710dfd12b8bc5777f693fe5a1c4fcc41b72934ac1df76037ca7,experiments/mirror_applications/ma-273-boft-mirror-adapter-bank/artifacts/payloads/27301_2_aligned_shared_generator_7_boft_independent.bin
development,27301,2,aligned_shared_generator,7,mirror_shared_boft,0.09867502748966217,4734,5.0188250073309365e-05,1.8045990145765245e-05,2097152,50b2ca890c609c3ff2f82821f115f568aac61f1a9d2ddf97e04d6ea74bff0215,experiments/mirror_applications/ma-273-boft-mirror-adapter-bank/artifacts/payloads/27301_2_aligned_shared_generator_7_mirror_shared_boft.bin
development,27301,2,aligned_shared_generator,7,generic_scalar_boft,0.09867502748966217,4735,4.922766650755269e-05,0.00019558999338187277,2097152,9b7dce40280a84bb370c5adec47e0dd7a00fa34b1aa83048c6e265a8288e53ee,experiments/mirror_applications/ma-273-boft-mirror-adapter-bank/artifacts/payloads/27301_2_aligned_shared_generator_7_generic_scalar_boft.bin
development,27301,2,aligned_shared_generator,7,shared_identity,0.14720121026039124,4727,5.2547266871746005e-05,1.667499600443989e-05,2097152,10a289bfe568b39ebaaeda72f2f330e4be76e0eaa11db01352bc40bc40b8cef1,experiments/mirror_applications/ma-273-boft-mirror-adapter-bank/artifacts/payloads/27301_2_aligned_shared_generator_7_shared_identity.bin
development,27301,2,independent_orthogonal,0,oft_oracle,0.0,8821,5.560778323949004e-05,1.844699727371335e-05,2097152,c3f68507441546074c5d491f3e321b61c6969463c65f1f19dfeff446a51410be,experiments/mirror_applications/ma-273-boft-mirror-adapter-bank/artifacts/payloads/27301_2_independent_orthogonal_0_oft_oracle.bin
development,27301,2,independent_orthogonal,0,boft_independent,1.4009937047958374,5021,4.838043338774393e-05,1.457099278923124e-05,2097152,337373d6c9b02f24cf3e7edfba9409e7ff755f64e1595962d190daa227909b30,experiments/mirror_applications/ma-273-boft-mirror-adapter-bank/artifacts/payloads/27301_2_independent_orthogonal_0_boft_independent.bin
development,27301,2,independent_orthogonal,0,shared_identity,1.4264265298843384,4727,4.872524999276114e-05,1.638400135561824e-05,2097152,10a289bfe568b39ebaaeda72f2f330e4be76e0eaa11db01352bc40bc40b8cef1,experiments/mirror_applications/ma-273-boft-mirror-adapter-bank/artifacts/payloads/27301_2_independent_orthogonal_0_shared_identity.bin
development,27301,2,independent_orthogonal,1,oft_oracle,0.0,8821,5.107674999938657e-05,0.00019504899682942778,2097152,140ae98f72a69d654fb2cf63ea0c802966d9fce4b1c862bf347d2fad63f9e8fa,experiments/mirror_applications/ma-273-boft-mirror-adapter-bank/artifacts/payloads/27301_2_independent_orthogonal_1_oft_oracle.bin
development,27301,2,independent_orthogonal,1,boft_independent,1.4199092388153076,5021,5.082353333515736e-05,2.198299625888467e-05,2097152,b405a8c0c494d2d3e0587b352d486e84a21faf846b8d5d2cce2c1300a226ae76,experiments/mirror_applications/ma-273-boft-mirror-adapter-bank/artifacts/payloads/27301_2_independent_orthogonal_1_boft_independent.bin
development,27301,2,independent_orthogonal,1,shared_identity,1.439698576927185,4727,4.665971646318212e-05,1.796700234990567e-05,2097152,10a289bfe568b39ebaaeda72f2f330e4be76e0eaa11db01352bc40bc40b8cef1,experiments/mirror_applications/ma-273-boft-mirror-adapter-bank/artifacts/payloads/27301_2_independent_orthogonal_1_shared_identity.bin
development,27301,2,independent_orthogonal,2,oft_oracle,0.0,8821,5.5774866632418706e-05,2.7481000870466232e-05,2097152,0ab5110d7724911438f0210d3d5d40736632ee45b0e5ca815f3d3eb7adf52c52,experiments/mirror_applications/ma-273-boft-mirror-adapter-bank/artifacts/payloads/27301_2_independent_orthogonal_2_oft_oracle.bin
development,27301,2,independent_orthogonal,2,boft_independent,1.3890515565872192,5021,4.73891333967913e-05,1.512299058958888e-05,2097152,43a65efb6c8afe8769cbc32619910bf472dbcce604b725edcb7507efa1c700f2,experiments/mirror_applications/ma-273-boft-mirror-adapter-bank/artifacts/payloads/27301_2_independent_orthogonal_2_boft_independent.bin
development,27301,2,independent_orthogonal,2,shared_identity,1.4143857955932617,4727,5.03012665528028e-05,1.5874000382609665e-05,2097152,10a289bfe568b39ebaaeda72f2f330e4be76e0eaa11db01352bc40bc40b8cef1,experiments/mirror_applications/ma-273-boft-mirror-adapter-bank/artifacts/payloads/27301_2_independent_orthogonal_2_shared_identity.bin
development,27301,2,independent_orthogonal,3,oft_oracle,0.0,8821,5.486368342341545e-05,2.2464009816758335e-05,2097152,3f2aa4f82b1ab8e3f09b19bda0a12746d2286ba3d33fef29f7fd3663d37aa758,experiments/mirror_applications/ma-273-boft-mirror-adapter-bank/artifacts/payloads/27301_2_independent_orthogonal_3_oft_oracle.bin
development,27301,2,independent_orthogonal,3,boft_independent,1.425943374633789,5021,5.18143334678219e-05,1.633398642297834e-05,2097152,df94a0e9ff02772ccb43a63285b4457d5ee5a1b138c77fdb2877974215a1f692,experiments/mirror_applications/ma-273-boft-mirror-adapter-bank/artifacts/payloads/27301_2_independent_orthogonal_3_boft_independent.bin
development,27301,2,independent_orthogonal,3,shared_identity,1.4470653533935547,4727,4.975378348414476e-05,1.7916012438945472e-05,2097152,10a289bfe568b39ebaaeda72f2f330e4be76e0eaa11db01352bc40bc40b8cef1,experiments/mirror_applications/ma-273-boft-mirror-adapter-bank/artifacts/payloads/27301_2_independent_orthogonal_3_shared_identity.bin
development,27301,2,independent_orthogonal,4,oft_oracle,0.0,8821,6.141236663097516e-05,2.0680003217421472e-05,2097152,6b485ce960ff8cad44563c8274bc8a2bb5c63ffd6364c4e7f0efda5407172a97,experiments/mirror_applications/ma-273-boft-mirror-adapter-bank/artifacts/payloads/27301_2_independent_orthogonal_4_oft_oracle.bin
development,27301,2,independent_orthogonal,4,boft_independent,1.4148333072662354,5021,5.660091652922953e-05,1.5233003068715334e-05,2097152,d26d03affaa0a4ee363177d0343e227930da073d5ac0f6c4337defb9e85c45e3,experiments/mirror_applications/ma-273-boft-mirror-adapter-bank/artifacts/payloads/27301_2_independent_orthogonal_4_boft_independent.bin
development,27301,2,independent_orthogonal,4,shared_identity,1.439003348350525,4727,5.582376664582019e-05,1.5832993085496128e-05,2097152,10a289bfe568b39ebaaeda72f2f330e4be76e0eaa11db01352bc40bc40b8cef1,experiments/mirror_applications/ma-273-boft-mirror-adapter-bank/artifacts/payloads/27301_2_independent_orthogonal_4_shared_identity.bin
development,27301,2,independent_orthogonal,5,oft_oracle,0.0,8821,4.7929249800896895e-05,2.2994005121290684e-05,2097152,f321c853cc7369bd222f1ca76e9c13816ba950697f25600b3ce7cb609a086df0,experiments/mirror_applications/ma-273-boft-mirror-adapter-bank/artifacts/payloads/27301_2_independent_orthogonal_5_oft_oracle.bin
development,27301,2,independent_orthogonal,5,boft_independent,1.374182105064392,5021,4.617749994698291e-05,1.8167003872804344e-05,2097152,2b1e591b4684616462cf558a999d9e9eb8afc2872b10542edcaa3945c1829b82,experiments/mirror_applications/ma-273-boft-mirror-adapter-bank/artifacts/payloads/27301_2_independent_orthogonal_5_boft_independent.bin
development,27301,2,independent_orthogonal,5,shared_identity,1.401633381843567,4727,4.847321664177192e-05,1.64640077855438e-05,2097152,10a289bfe568b39ebaaeda72f2f330e4be76e0eaa11db01352bc40bc40b8cef1,experiments/mirror_applications/ma-273-boft-mirror-adapter-bank/artifacts/payloads/27301_2_independent_orthogonal_5_shared_identity.bin
development,27301,2,independent_orthogonal,6,oft_oracle,0.0,8821,5.704824992183906e-05,2.073099312838167e-05,2097152,fc8d5b1ad37db50310fc5d326e27a15782cac1670499f095ce1c8fb4e0669d38,experiments/mirror_applications/ma-273-boft-mirror-adapter-bank/artifacts/payloads/27301_2_independent_orthogonal_6_oft_oracle.bin
development,27301,2,independent_orthogonal,6,boft_independent,1.3849588632583618,5021,5.1419416801460706e-05,1.7174999811686575e-05,2097152,2a354261a45eb1571e76b61df044a77af9a0b270830618be4bba9f8da8eaff22,experiments/mirror_applications/ma-273-boft-mirror-adapter-bank/artifacts/payloads/27301_2_independent_orthogonal_6_boft_independent.bin
development,27301,2,independent_orthogonal,6,shared_identity,1.408971905708313,4727,4.900485000689514e-05,1.9569008145481348e-05,2097152,10a289bfe568b39ebaaeda72f2f330e4be76e0eaa11db01352bc40bc40b8cef1,experiments/mirror_applications/ma-273-boft-mirror-adapter-bank/artifacts/payloads/27301_2_independent_orthogonal_6_shared_identity.bin
development,27301,2,independent_orthogonal,7,oft_oracle,0.0,8821,5.603574997318598e-05,1.9418992451392114e-05,2097152,65179fec884736f162d53cb1173e85b5d80220908c503e2b03fea2426a616864,experiments/mirror_applications/ma-273-boft-mirror-adapter-bank/artifacts/payloads/27301_2_independent_orthogonal_7_oft_oracle.bin
development,27301,2,independent_orthogonal,7,boft_independent,1.3851368427276611,5021,4.5909266676365707e-05,1.6314006643369794e-05,2097152,a2a0f8c19caf48e96d5a505bdf6b3beb98d51fe23ee0223cb1ad89c5b91c1ab5,experiments/mirror_applications/ma-273-boft-mirror-adapter-bank/artifacts/payloads/27301_2_independent_orthogonal_7_boft_independent.bin
development,27301,2,independent_orthogonal,7,shared_identity,1.4003713130950928,4727,7.374529983887139e-05,1.848700048867613e-05,2097152,10a289bfe568b39ebaaeda72f2f330e4be76e0eaa11db01352bc40bc40b8cef1,experiments/mirror_applications/ma-273-boft-mirror-adapter-bank/artifacts/payloads/27301_2_independent_orthogonal_7_shared_identity.bin
