phase,world,seed,stratum,task,method,nrmse,payload_bytes,apply_seconds,materialize_seconds,apply_macs,sha256
fresh,27310,0,aligned_shared_generator,0,oft_oracle,0.0,8821,3.702511676237918e-05,1.5273006283678114e-05,2097152,a1c6b7cb986c252e62885afc044ee95f0f70f367f42fe744843b18eba8d08e75
fresh,27310,0,aligned_shared_generator,0,boft_independent,0.0,5021,3.421780008162993e-05,8.091000199783593e-05,2097152,be222a04b43dec1d810e982e94d3ebd30c45bd762bc39ce8fb4cc27f3230c27e
fresh,27310,0,aligned_shared_generator,0,mirror_shared_boft,0.10859700292348862,4734,3.31458832079079e-05,2.030000905506313e-05,2097152,e861c80bd34d3166efcc207e7a1c8d81bc164b1a152797dc08018f0adf982eec
fresh,27310,0,aligned_shared_generator,0,generic_scalar_boft,0.10859700292348862,4735,3.833873342955485e-05,1.2568998499773443e-05,2097152,aad205018ef6409d7a370dddd7794a94e2902ef898ef9a50bb9c85596aff4146
fresh,27310,0,aligned_shared_generator,0,shared_identity,0.16199488937854767,4727,3.469483320562479e-05,1.2589007383212447e-05,2097152,2f2d686e0da23ae7b60d03c652f5b2442285823b7f162355dc3ca5e7239f074f
fresh,27310,0,aligned_shared_generator,1,oft_oracle,0.0,8821,4.228825006672802e-05,1.6054007573984563e-05,2097152,63b99822d03b134bf523da04a95ae4f01c94bc5a5e29142c7cf474b98171fbd8
fresh,27310,0,aligned_shared_generator,1,boft_independent,0.0,5021,3.54679832526017e-05,1.2649004929699004e-05,2097152,d64b1d683fb19fbd73aff958a38688db567eec22765bda72bd8c1d50c0730760
fresh,27310,0,aligned_shared_generator,1,mirror_shared_boft,0.062294185161590576,4734,3.872746674460359e-05,1.4762001228518784e-05,2097152,e861c80bd34d3166efcc207e7a1c8d81bc164b1a152797dc08018f0adf982eec
fresh,27310,0,aligned_shared_generator,1,generic_scalar_boft,0.062294185161590576,4735,3.358836668970374e-05,1.9989995053038e-05,2097152,aad205018ef6409d7a370dddd7794a94e2902ef898ef9a50bb9c85596aff4146
fresh,27310,0,aligned_shared_generator,1,shared_identity,0.11589508503675461,4727,3.3385400214077285e-05,1.2828997569158673e-05,2097152,2f2d686e0da23ae7b60d03c652f5b2442285823b7f162355dc3ca5e7239f074f
fresh,27310,0,aligned_shared_generator,2,oft_oracle,0.0,8821,3.6518016713671386e-05,1.538298965897411e-05,2097152,588b0bf123d72254489ce5742d07a7288d1f8d1ea6606d7fe2eb1d9efce2cfd5
fresh,27310,0,aligned_shared_generator,2,boft_independent,0.0,5021,3.867690005184462e-05,1.6635007341392338e-05,2097152,6ab2c69de6a46af4b1af5ad83734333429f7140bbbc28e9e8a759f7f068a727a
fresh,27310,0,aligned_shared_generator,2,mirror_shared_boft,0.01589081436395645,4734,3.4793000183223435e-05,1.2367992894724011e-05,2097152,e861c80bd34d3166efcc207e7a1c8d81bc164b1a152797dc08018f0adf982eec
fresh,27310,0,aligned_shared_generator,2,generic_scalar_boft,0.01589081436395645,4735,3.558131672131519e-05,1.1687006917782128e-05,2097152,aad205018ef6409d7a370dddd7794a94e2902ef898ef9a50bb9c85596aff4146
fresh,27310,0,aligned_shared_generator,2,shared_identity,0.06961122155189514,4727,3.236838335093732e-05,1.7646001651883125e-05,2097152,2f2d686e0da23ae7b60d03c652f5b2442285823b7f162355dc3ca5e7239f074f
fresh,27310,0,aligned_shared_generator,3,oft_oracle,0.0,8821,3.934621660543295e-05,1.6153993783518672e-05,2097152,2e33e3c80ee2083d3dd3d95d6a4aaee7063025ca8692afe85958a55da43edd74
fresh,27310,0,aligned_shared_generator,3,boft_independent,0.0,5021,3.628253349840331e-05,1.1997995898127556e-05,2097152,9d75fbb54e52d8b14f6c87f7016939508072d4b412e9e72f9b4b7c8f98bebaa4
fresh,27310,0,aligned_shared_generator,3,mirror_shared_boft,3.6138582800049335e-05,4734,3.268569998908788e-05,9.623996447771788e-06,2097152,da5d0e180ea02f749b5a4f1db89e54b9d6dc929efab4a5fc6c295f49e083a4ee
fresh,27310,0,aligned_shared_generator,3,generic_scalar_boft,3.6138582800049335e-05,4735,3.175550009473227e-05,9.723997209221125e-06,2097152,d3281deea5c18e56a4ed57405ce3dea791a60c19a7f68eb5b58362049c181c99
fresh,27310,0,aligned_shared_generator,3,shared_identity,0.02321624383330345,4727,3.0966150128127386e-05,9.884999599307775e-06,2097152,2f2d686e0da23ae7b60d03c652f5b2442285823b7f162355dc3ca5e7239f074f
fresh,27310,0,aligned_shared_generator,4,oft_oracle,0.0,8821,3.1301316630560906e-05,1.654498919378966e-05,2097152,86835006e9f0a92bab4851bc9e47e7a18364ef8542503f6d948be5fca50292e1
fresh,27310,0,aligned_shared_generator,4,boft_independent,0.0,5021,3.3754283261563005e-05,9.83399513643235e-06,2097152,81557569511d07d32718107855634568b91809afb475de13c032027cf8f09623
fresh,27310,0,aligned_shared_generator,4,mirror_shared_boft,3.6138459108769894e-05,4734,4.020231669225419e-05,1.0355011909268796e-05,2097152,0c4b1c07d40e626d48721e0b4eb4050f442b248f8aa9622d33d3d82171d2f261
fresh,27310,0,aligned_shared_generator,4,generic_scalar_boft,3.6138459108769894e-05,4735,3.330994998880973e-05,1.4281002222560346e-05,2097152,b05c11788dc73a3705f89de9496817f010d47089e786443bd4af9bc85f176d7a
fresh,27310,0,aligned_shared_generator,4,shared_identity,0.023216480389237404,4727,3.166016686009243e-05,1.2097996659576893e-05,2097152,2f2d686e0da23ae7b60d03c652f5b2442285823b7f162355dc3ca5e7239f074f
fresh,27310,0,aligned_shared_generator,5,oft_oracle,0.0,8821,9.611355004987368e-05,1.4581994037143886e-05,2097152,1caea141dc73c8d2ebd45db5e1fefabfa727ff0241c687870b545bdb7db7a696
fresh,27310,0,aligned_shared_generator,5,boft_independent,0.0,5021,3.2653483261431876e-05,2.189299266319722e-05,2097152,0b5a5b52decc4f56e7dbab8745e19fddc330475946d29555482c7e619cedb1cc
fresh,27310,0,aligned_shared_generator,5,mirror_shared_boft,0.01589166931807995,4734,3.125025007951384e-05,1.3800003216601908e-05,2097152,229d594c1488e58579ebea956ff1f1f713ca37b06fb5325a347d7a7b61fc43dc
fresh,27310,0,aligned_shared_generator,5,generic_scalar_boft,0.01589166931807995,4735,3.206978338615348e-05,1.4351011486724019e-05,2097152,e3beccc754c3c72ba81749de83f33de12a57380de09dd67acc34e174f9e1c4a0
fresh,27310,0,aligned_shared_generator,5,shared_identity,0.06961334496736526,4727,3.649799982667901e-05,7.071500294841826e-05,2097152,2f2d686e0da23ae7b60d03c652f5b2442285823b7f162355dc3ca5e7239f074f
fresh,27310,0,aligned_shared_generator,6,oft_oracle,0.0,8821,3.3514766740457466e-05,1.4792007277719676e-05,2097152,7f17296e53faeba75d414a3b0ae3e45cc2da1e2b908d7e7b16a004e88d61b828
fresh,27310,0,aligned_shared_generator,6,boft_independent,0.0,5021,3.128378327043417e-05,1.3038996257819235e-05,2097152,ff43f03ae2eaaac0a342dcfc5f0dc7291de9efa26c464a76215baed2270d3b78
fresh,27310,0,aligned_shared_generator,6,mirror_shared_boft,0.06229877099394798,4734,3.656594999483787e-05,1.1516996892169118e-05,2097152,229d594c1488e58579ebea956ff1f1f713ca37b06fb5325a347d7a7b61fc43dc
fresh,27310,0,aligned_shared_generator,6,generic_scalar_boft,0.06229877099394798,4735,4.280968350940384e-05,1.1878000805154443e-05,2097152,e3beccc754c3c72ba81749de83f33de12a57380de09dd67acc34e174f9e1c4a0
fresh,27310,0,aligned_shared_generator,6,shared_identity,0.11590085923671722,4727,3.24768834010077e-05,1.353000698145479e-05,2097152,2f2d686e0da23ae7b60d03c652f5b2442285823b7f162355dc3ca5e7239f074f
fresh,27310,0,aligned_shared_generator,7,oft_oracle,0.0,8821,3.3067433347847935e-05,1.5393001376651227e-05,2097152,0b9ecba1f71b703cbfd8db4a0ac9dc4bbe1784b7fe9eccff5955abc21bb63111
fresh,27310,0,aligned_shared_generator,7,boft_independent,0.0,5021,3.6624533337696144e-05,1.2378004612401128e-05,2097152,bb0f83860fca9933df8aad0be1f7b7726a6c3e7a03f4191e83a912e07dc9b1e5
fresh,27310,0,aligned_shared_generator,7,mirror_shared_boft,0.10860708355903625,4734,3.642689989646897e-05,1.3680008123628795e-05,2097152,229d594c1488e58579ebea956ff1f1f713ca37b06fb5325a347d7a7b61fc43dc
fresh,27310,0,aligned_shared_generator,7,generic_scalar_boft,0.10860708355903625,4735,3.664788334087158e-05,1.2509000953286886e-05,2097152,e3beccc754c3c72ba81749de83f33de12a57380de09dd67acc34e174f9e1c4a0
fresh,27310,0,aligned_shared_generator,7,shared_identity,0.1620061844587326,4727,3.779075001754488e-05,1.2168005923740566e-05,2097152,2f2d686e0da23ae7b60d03c652f5b2442285823b7f162355dc3ca5e7239f074f
fresh,27310,0,independent_orthogonal,0,oft_oracle,0.0,8821,5.4838133413189403e-05,1.981901004910469e-05,2097152,3d33926317d4575bdf7bed0608e8a51dc4a1ec5dba08b2a72487a1708006886b
fresh,27310,0,independent_orthogonal,0,boft_independent,1.39424467086792,5021,5.786045003333129e-05,1.3480006600730121e-05,2097152,3a6ab1b56e7182124d906a58ef631cad2a8a821d1f79b5ac9df0391a5e9f6db5
fresh,27310,0,independent_orthogonal,0,shared_identity,1.4144610166549683,4727,5.47349831322208e-05,1.5243000234477222e-05,2097152,2f2d686e0da23ae7b60d03c652f5b2442285823b7f162355dc3ca5e7239f074f
fresh,27310,0,independent_orthogonal,1,oft_oracle,0.0,8821,5.435074999695644e-05,1.813699782360345e-05,2097152,adfd12e805fda450d2fff2ebc859243aca6100618f4ccc4f31746cfe49131660
fresh,27310,0,independent_orthogonal,1,boft_independent,1.3960117101669312,5021,3.527220008739581e-05,2.3154003429226577e-05,2097152,89e57a0a4a1ffaf3ce789191f5c68b1bf0240b5262712c281405d13f7495efb0
fresh,27310,0,independent_orthogonal,1,shared_identity,1.424498438835144,4727,3.38572664380384e-05,1.0656003723852336e-05,2097152,2f2d686e0da23ae7b60d03c652f5b2442285823b7f162355dc3ca5e7239f074f
fresh,27310,0,independent_orthogonal,2,oft_oracle,0.0,8821,3.7460266563963764e-05,0.0014042669936316088,2097152,f824fe7e5046ed6de537f919551350a2243aba4169bb5324aef930b4f129258c
fresh,27310,0,independent_orthogonal,2,boft_independent,1.4012888669967651,5021,3.40505500692719e-05,1.3430006220005453e-05,2097152,59d28bd3fb37f616c2f2328bfad13a1fe6eddbfcb27ea0a5e04b0b8c1ead94b8
fresh,27310,0,independent_orthogonal,2,shared_identity,1.4160009622573853,4727,3.62105667591095e-05,1.1808006092905998e-05,2097152,2f2d686e0da23ae7b60d03c652f5b2442285823b7f162355dc3ca5e7239f074f
fresh,27310,0,independent_orthogonal,3,oft_oracle,0.0,8821,3.227408330227869e-05,1.6393998521380126e-05,2097152,7f141e1e350a4825c990d6a9b62dc7a0b58a77ef94a402bb2a64ecb3457f0d3c
fresh,27310,0,independent_orthogonal,3,boft_independent,1.406265377998352,5021,3.1617283336042114e-05,1.1156007531099021e-05,2097152,e3dafbdb5f347e0e79b43d93c162556dfe96a19899ea891380aed28e489bf808
fresh,27310,0,independent_orthogonal,3,shared_identity,1.4256819486618042,4727,3.412381677965944e-05,1.3930010027252138e-05,2097152,2f2d686e0da23ae7b60d03c652f5b2442285823b7f162355dc3ca5e7239f074f
fresh,27310,0,independent_orthogonal,4,oft_oracle,0.0,8821,5.1853216670375936e-05,2.1311992895789444e-05,2097152,9526b1dd70bdee03d6f820e4da27aeb3abe79b389c4deecd4941977866fd5af7
fresh,27310,0,independent_orthogonal,4,boft_independent,1.4205739498138428,5021,5.796210001183984e-05,1.776599674485624e-05,2097152,8ca70e669792ddeba8f6734a11155dee8bc965cc4ae85bc869e3fb74b82e97b9
fresh,27310,0,independent_orthogonal,4,shared_identity,1.4456937313079834,4727,5.237799996393733e-05,1.7915997887030244e-05,2097152,2f2d686e0da23ae7b60d03c652f5b2442285823b7f162355dc3ca5e7239f074f
fresh,27310,0,independent_orthogonal,5,oft_oracle,0.0,8821,5.9836866906456025e-05,1.9879997125826776e-05,2097152,d40ab127de499e9caf7b6029c2adc33a858946ed1e7678602cd0f35e3cc92d91
fresh,27310,0,independent_orthogonal,5,boft_independent,1.3917609453201294,5021,5.382698339720567e-05,1.7384998500347137e-05,2097152,8c8d56f53afd9b44bb9c36ca6b3faaa71dd291b8a6db1600edfaeae03f38a75e
fresh,27310,0,independent_orthogonal,5,shared_identity,1.417348861694336,4727,5.197608334128745e-05,2.697999298106879e-05,2097152,2f2d686e0da23ae7b60d03c652f5b2442285823b7f162355dc3ca5e7239f074f
fresh,27310,0,independent_orthogonal,6,oft_oracle,0.0,8821,5.931959991964201e-05,1.917898771353066e-05,2097152,5977c5bd1092ff132e05c7c2e32b215f8a9b57167d12bcf3e1294bf0cab4f664
fresh,27310,0,independent_orthogonal,6,boft_independent,1.388184666633606,5021,5.399223349134748e-05,1.7956001101993024e-05,2097152,7ced4ba1e597aa6a65663ac05b5e205c2b8ae9a09438e836b700bf38ac5e9ac4
fresh,27310,0,independent_orthogonal,6,shared_identity,1.4120092391967773,4727,4.659243325780456e-05,1.7546000890433788e-05,2097152,2f2d686e0da23ae7b60d03c652f5b2442285823b7f162355dc3ca5e7239f074f
fresh,27310,0,independent_orthogonal,7,oft_oracle,0.0,8821,5.5254766630241646e-05,2.0188992493785918e-05,2097152,c853c4cccfa106ca89689aa4773dc227cb96d9658bac1052d6ed1ed4277c1633
fresh,27310,0,independent_orthogonal,7,boft_independent,1.3965922594070435,5021,5.4422683509377144e-05,1.3048993423581123e-05,2097152,a75fa35cd17bc341c3ca808c27c8364a80e0b0a66f1eed2c01104210376534f5
fresh,27310,0,independent_orthogonal,7,shared_identity,1.423887014389038,4727,5.54906167963054e-05,1.6274003428407013e-05,2097152,2f2d686e0da23ae7b60d03c652f5b2442285823b7f162355dc3ca5e7239f074f
fresh,27310,1,aligned_shared_generator,0,oft_oracle,0.0,8821,5.527761653259707e-05,2.0439998479560018e-05,2097152,0d531a2751d04afc7d501af9f029b76437659a067b16fd4b6bbd2c098ab1e576
fresh,27310,1,aligned_shared_generator,0,boft_independent,0.0,5021,5.451716666963572e-05,1.6162986867129803e-05,2097152,b55d8c8f0a58560eb219d0ed511b5f0c3dbdc353f91d7809a0f75047412f49c5
fresh,27310,1,aligned_shared_generator,0,mirror_shared_boft,0.10332142561674118,4734,5.484415014507249e-05,1.797600998543203e-05,2097152,3c909ef9e25a2785103088e8dc31ed35774f0e8932f327ba583c81d03c54275a
fresh,27310,1,aligned_shared_generator,0,generic_scalar_boft,0.10332142561674118,4735,5.542316672896656e-05,1.638400135561824e-05,2097152,d256602c0d94cbe7cdb145ca20b23f2a7ec6f6495f400169d91fee352121214a
fresh,27310,1,aligned_shared_generator,0,shared_identity,0.15423840284347534,4727,5.4199700146758306e-05,1.4121003914624453e-05,2097152,b29f5e662f0fd573350b64571b01cc70a9a705fe9804b1c3d47f710d093e1f7c
fresh,27310,1,aligned_shared_generator,1,oft_oracle,0.0,8821,3.1112700041073066e-05,1.4561010175384581e-05,2097152,37d20824e2126055710a318cce0f5d5e68c299a6ebf27e195ec9d3143f0e8bf3
fresh,27310,1,aligned_shared_generator,1,boft_independent,0.0,5021,3.277816649642773e-05,1.1858006473630667e-05,2097152,a464904b9791498c38041dac4b875b4b1cf4e034c0fbd90110488c2f4c179334
fresh,27310,1,aligned_shared_generator,1,mirror_shared_boft,0.05925122648477554,4734,3.2152250059880314e-05,9.663999662734568e-06,2097152,3c909ef9e25a2785103088e8dc31ed35774f0e8932f327ba583c81d03c54275a
fresh,27310,1,aligned_shared_generator,1,generic_scalar_boft,0.05925122648477554,4735,3.506236656297309e-05,1.9709012121893466e-05,2097152,d256602c0d94cbe7cdb145ca20b23f2a7ec6f6495f400169d91fee352121214a
fresh,27310,1,aligned_shared_generator,1,shared_identity,0.11029111593961716,4727,3.305673332458051e-05,1.6605001292191446e-05,2097152,b29f5e662f0fd573350b64571b01cc70a9a705fe9804b1c3d47f710d093e1f7c
fresh,27310,1,aligned_shared_generator,2,oft_oracle,0.0,8821,3.528253340239947e-05,1.5273006283678114e-05,2097152,8c11557d23e3d8b1d107bb68e22422dbcc4b3a51eb6dc78d2e9517525a490d27
fresh,27310,1,aligned_shared_generator,2,boft_independent,0.0,5021,3.335853349805499e-05,1.0906005627475679e-05,2097152,a44b6eec08301870c45834e4fca5f0133a75e2a93d68a343cefd1552e8676761
fresh,27310,1,aligned_shared_generator,2,mirror_shared_boft,0.015113307163119316,4734,8.511561657845354e-05,1.4452001778408885e-05,2097152,3c909ef9e25a2785103088e8dc31ed35774f0e8932f327ba583c81d03c54275a
fresh,27310,1,aligned_shared_generator,2,generic_scalar_boft,0.015113307163119316,4735,3.184395003093717e-05,2.7731002774089575e-05,2097152,d256602c0d94cbe7cdb145ca20b23f2a7ec6f6495f400169d91fee352121214a
fresh,27310,1,aligned_shared_generator,2,shared_identity,0.06622541695833206,4727,3.6370316714358826e-05,1.2678996426984668e-05,2097152,b29f5e662f0fd573350b64571b01cc70a9a705fe9804b1c3d47f710d093e1f7c
fresh,27310,1,aligned_shared_generator,3,oft_oracle,0.0,8821,5.8610550089118384e-05,1.990899909287691e-05,2097152,b8c5d798e51d365772eaee0f8800fb6529d4d81819b74485b1e73687197b251b
fresh,27310,1,aligned_shared_generator,3,boft_independent,0.0,5021,5.5175466695800426e-05,1.495200558565557e-05,2097152,cec09fe09dadcd6f60ab294357b2ffe8fd802c13ba464b245d1f1ec5e817f6ae
fresh,27310,1,aligned_shared_generator,3,mirror_shared_boft,3.437402847339399e-05,4734,5.506581655936316e-05,1.448100374545902e-05,2097152,2fa23a80614123dd04479dc4a00f909ec57e0d49ebab0cb2158195f339e5618b
fresh,27310,1,aligned_shared_generator,3,generic_scalar_boft,3.437402847339399e-05,4735,5.6900033329535896e-05,1.8387989257462323e-05,2097152,8249f54a003c5127717ae37ecd9544f8c44295d5cdcce89c7cdc74c3ed965343
fresh,27310,1,aligned_shared_generator,3,shared_identity,0.02208479680120945,4727,5.633903322935415e-05,1.4492004993371665e-05,2097152,b29f5e662f0fd573350b64571b01cc70a9a705fe9804b1c3d47f710d093e1f7c
fresh,27310,1,aligned_shared_generator,4,oft_oracle,0.0,8821,3.467181668384001e-05,1.7075988580472767e-05,2097152,804fa45760977e1faee831d4029b238bb120e5b692937c5d064bb64eb1a417df
fresh,27310,1,aligned_shared_generator,4,boft_independent,0.0,5021,3.464325006158712e-05,1.0095012839883566e-05,2097152,5dad697f1df4458e5655e5d506b29e52d85b2ab46595aa40a958fd11369c8c3f
fresh,27310,1,aligned_shared_generator,4,mirror_shared_boft,3.438276326050982e-05,4734,3.417188345338218e-05,1.4320990885607898e-05,2097152,8c97e0ebd0ab6b91b8ec51d5c8a8e7ea3b3cfe3ad1d66bd5c3ea53d425447a2f
fresh,27310,1,aligned_shared_generator,4,generic_scalar_boft,3.438276326050982e-05,4735,3.406674998889988e-05,1.1776995961554348e-05,2097152,1455019202d7ad129741de243fa8a1f939595a5bdf2ac9ecc81fc322d78f1a88
fresh,27310,1,aligned_shared_generator,4,shared_identity,0.022087186574935913,4727,3.166801664823045e-05,1.2028001947328448e-05,2097152,b29f5e662f0fd573350b64571b01cc70a9a705fe9804b1c3d47f710d093e1f7c
fresh,27310,1,aligned_shared_generator,5,oft_oracle,0.0,8821,3.217891668706822e-05,1.3951008440926671e-05,2097152,9ed31511e42a517eaf60e052230200a085fc4e10f3143b610d24a87310ddb490
fresh,27310,1,aligned_shared_generator,5,boft_independent,0.0,5021,3.185896663732516e-05,1.3550001312978566e-05,2097152,967447c9f02bc8aef7f91408135633d9d7bdb436eb3efabca0da7386d7663f0f
fresh,27310,1,aligned_shared_generator,5,mirror_shared_boft,0.015121985226869583,4734,3.616231673125488e-05,1.0306001058779657e-05,2097152,bced158f443b81a6422f4582026c5b723f302c23e88dc95dc8922fd9eed0436c
fresh,27310,1,aligned_shared_generator,5,generic_scalar_boft,0.015121985226869583,4735,3.1534649800353994e-05,9.79399192146957e-06,2097152,f7ffc93d74e216a0d174e49e6e939a1eb423eccae0edab6761623978a3d43012
fresh,27310,1,aligned_shared_generator,5,shared_identity,0.066246896982193,4727,3.393553342903033e-05,1.2598989997059107e-05,2097152,b29f5e662f0fd573350b64571b01cc70a9a705fe9804b1c3d47f710d093e1f7c
fresh,27310,1,aligned_shared_generator,6,oft_oracle,0.0,8821,3.5489166718131554e-05,1.4610996004194021e-05,2097152,39f67d75d370201234b8ab223d4d86e05bd18da6f90097e8fb41ef6c948bbb60
fresh,27310,1,aligned_shared_generator,6,boft_independent,0.0,5021,3.420843325632935e-05,1.245799649041146e-05,2097152,ce838d201bff871b175eda07017732d4f761722603e6c4350ec3d9c870242279
fresh,27310,1,aligned_shared_generator,6,mirror_shared_boft,0.05929800495505333,4734,3.647678337680797e-05,1.3840995961800218e-05,2097152,bced158f443b81a6422f4582026c5b723f302c23e88dc95dc8922fd9eed0436c
fresh,27310,1,aligned_shared_generator,6,generic_scalar_boft,0.05929800495505333,4735,3.924971654972372e-05,1.1976997484453022e-05,2097152,f7ffc93d74e216a0d174e49e6e939a1eb423eccae0edab6761623978a3d43012
fresh,27310,1,aligned_shared_generator,6,shared_identity,0.11035066843032837,4727,3.2571500196354466e-05,1.235899981111288e-05,2097152,b29f5e662f0fd573350b64571b01cc70a9a705fe9804b1c3d47f710d093e1f7c
fresh,27310,1,aligned_shared_generator,7,oft_oracle,0.0,8821,4.7897183443031584e-05,1.6133999451994896e-05,2097152,cf5d16ccc3c67dcceafcf1fddd250e06399bc1ce82f1dff83cc83c9cb784cf6d
fresh,27310,1,aligned_shared_generator,7,boft_independent,0.0,5021,3.8448050084601466e-05,1.2849006452597678e-05,2097152,f8822d558a6c1482a65c2a2bfa8a068bc8a2f097fe75dd93cdc251333def99fc
fresh,27310,1,aligned_shared_generator,7,mirror_shared_boft,0.10342516750097275,4734,3.910835002898239e-05,1.2458011042326689e-05,2097152,bced158f443b81a6422f4582026c5b723f302c23e88dc95dc8922fd9eed0436c
fresh,27310,1,aligned_shared_generator,7,generic_scalar_boft,0.10342516750097275,4735,5.56434834531198e-05,1.8216989701613784e-05,2097152,f7ffc93d74e216a0d174e49e6e939a1eb423eccae0edab6761623978a3d43012
fresh,27310,1,aligned_shared_generator,7,shared_identity,0.15435479581356049,4727,6.837279991790031e-05,1.2297998182475567e-05,2097152,b29f5e662f0fd573350b64571b01cc70a9a705fe9804b1c3d47f710d093e1f7c
fresh,27310,1,independent_orthogonal,0,oft_oracle,0.0,8821,5.849035005667247e-05,1.4802004443481565e-05,2097152,f772402806e2e826604af422dab83a4d3aff3dd209ecb06f7f4876719e3716c3
fresh,27310,1,independent_orthogonal,0,boft_independent,1.3783174753189087,5021,3.185111660665522e-05,1.5452998923137784e-05,2097152,6cb402a10be1afa9c54a5a11925a61e349d38fab35e7c0fe8ae9a1417a40bf46
fresh,27310,1,independent_orthogonal,0,shared_identity,1.401206374168396,4727,3.12937833465791e-05,1.2517994036898017e-05,2097152,b29f5e662f0fd573350b64571b01cc70a9a705fe9804b1c3d47f710d093e1f7c
fresh,27310,1,independent_orthogonal,1,oft_oracle,0.0,8821,3.295675002542945e-05,1.8848004401661456e-05,2097152,1d7bf37ad8e0f6a16f2d309c8efeb99e9921c4829174b96036bd3a85f0efb2ef
fresh,27310,1,independent_orthogonal,1,boft_independent,1.4303765296936035,5021,3.2563500038425745e-05,1.2428004993125796e-05,2097152,7d19818123bbe7ba974da6c18c8f2db91c69dc4053e58a25d5e904953db5efc9
fresh,27310,1,independent_orthogonal,1,shared_identity,1.4532971382141113,4727,3.14772165438626e-05,1.5262994566000998e-05,2097152,b29f5e662f0fd573350b64571b01cc70a9a705fe9804b1c3d47f710d093e1f7c
fresh,27310,1,independent_orthogonal,2,oft_oracle,0.0,8821,3.313084986681739e-05,1.8838007235899568e-05,2097152,60b72835ad9b1caf22381e247b0fb10fabf7c8da488fb8ba087f3efaff40cf06
fresh,27310,1,independent_orthogonal,2,boft_independent,1.35863196849823,5021,3.4850550097568585e-05,1.3669996405951679e-05,2097152,3eac225f8e93ac3ad0b47ae4e86f1d86fedfb8dc17f85bfc5a4baa86d3a01d52
fresh,27310,1,independent_orthogonal,2,shared_identity,1.3879724740982056,4727,3.32376667453597e-05,1.2778997188434005e-05,2097152,b29f5e662f0fd573350b64571b01cc70a9a705fe9804b1c3d47f710d093e1f7c
fresh,27310,1,independent_orthogonal,3,oft_oracle,0.0,8821,3.1636966499111924e-05,1.573299232404679e-05,2097152,9d9ba5ebf71510f9b95a52367007490d1a32c8682fbe06186eddb0bca6ed984e
fresh,27310,1,independent_orthogonal,3,boft_independent,1.402488112449646,5021,3.1669850189549226e-05,1.2718999641947448e-05,2097152,41d9e0fa9442ee5ec702d62ccaee70d00d1e2ee0eb541cc6c59b375acc5c067a
fresh,27310,1,independent_orthogonal,3,shared_identity,1.4262268543243408,4727,4.218890001842131e-05,1.198699465021491e-05,2097152,b29f5e662f0fd573350b64571b01cc70a9a705fe9804b1c3d47f710d093e1f7c
fresh,27310,1,independent_orthogonal,4,oft_oracle,0.0,8821,3.489561665143507e-05,1.955899642780423e-05,2097152,0fcce66ff21336983f0573ed47367840d6d10cdafd48ea41a63a2b3593e09dc1
fresh,27310,1,independent_orthogonal,4,boft_independent,1.3732630014419556,5021,3.1313649863780786e-05,1.0795993148349226e-05,2097152,80af0d58120213733fa538a12e7c824cc0a41f94a5b87e172909a16a851c2430
fresh,27310,1,independent_orthogonal,4,shared_identity,1.4018712043762207,4727,3.194008337838265e-05,1.0956995538435876e-05,2097152,b29f5e662f0fd573350b64571b01cc70a9a705fe9804b1c3d47f710d093e1f7c
fresh,27310,1,independent_orthogonal,5,oft_oracle,0.0,8821,3.532208332520289e-05,1.4682009350508451e-05,2097152,1e7c8a22005cd37b2e6ffce0c940dce4298f4486424be01a99d3e17e024b6488
fresh,27310,1,independent_orthogonal,5,boft_independent,1.40524160861969,5021,3.3130166654397425e-05,1.188799797091633e-05,2097152,8f0b5c0af08fe79a1d60164853a243e29c9262930dcc236bf81c397460b39e83
fresh,27310,1,independent_orthogonal,5,shared_identity,1.4271743297576904,4727,3.1383916696844004e-05,1.0606003343127668e-05,2097152,b29f5e662f0fd573350b64571b01cc70a9a705fe9804b1c3d47f710d093e1f7c
fresh,27310,1,independent_orthogonal,6,oft_oracle,0.0,8821,3.2464849937241524e-05,0.00040593999437987804,2097152,dca2791a2a0dadf1c0f8b82e1323d9043a28c0f93d6531e2635b6ae54c5b10f9
fresh,27310,1,independent_orthogonal,6,boft_independent,1.3725574016571045,5021,3.359068335460809e-05,1.2809003237634897e-05,2097152,2aeab9aa0a4dc2a62b2d86984e1a1f3fd12a5d87cb00a4cc373c4dfbf81621ce
fresh,27310,1,independent_orthogonal,6,shared_identity,1.3948158025741577,4727,3.271688328823075e-05,1.0476011084392667e-05,2097152,b29f5e662f0fd573350b64571b01cc70a9a705fe9804b1c3d47f710d093e1f7c
fresh,27310,1,independent_orthogonal,7,oft_oracle,0.0,8821,3.41475165138642e-05,1.9077997421845794e-05,2097152,29bf12ff10e4f16428204823ae78357ea0bcbb64b6444e1811f83c0e151f60f2
fresh,27310,1,independent_orthogonal,7,boft_independent,1.3939077854156494,5021,3.170873339210327e-05,1.4311997801996768e-05,2097152,7a68c04b70f31764d12e1a160aef9b4d7c0727c4337198a27c139c43ffa90fa7
fresh,27310,1,independent_orthogonal,7,shared_identity,1.4150843620300293,4727,3.159656674445917e-05,1.1616997653618455e-05,2097152,b29f5e662f0fd573350b64571b01cc70a9a705fe9804b1c3d47f710d093e1f7c
fresh,27310,2,aligned_shared_generator,0,oft_oracle,0.0,8821,3.327771676898313e-05,1.5433004591614008e-05,2097152,fb2bae74160db98542ac5488e571e166d1e84c63018ddfa296d46597e4a61d26
fresh,27310,2,aligned_shared_generator,0,boft_independent,0.0,5021,3.4766933337474865e-05,9.975003194995224e-06,2097152,c0d139166e9fd9fedab2c72c68eafc570e4755717cc21f84dc7980adca4862e1
fresh,27310,2,aligned_shared_generator,0,mirror_shared_boft,0.09515976905822754,4734,3.168153343722224e-05,9.864001185633242e-06,2097152,c66584c59cf53673464e93fdc16a00a6153cf411fb374037453c204007830f5e
fresh,27310,2,aligned_shared_generator,0,generic_scalar_boft,0.09515976905822754,4735,3.367948350690616e-05,1.1336000170558691e-05,2097152,5582a3d837433e4ab50805aab652d1c6d989d0f67a7d76c0c2844f43e6f9b118
fresh,27310,2,aligned_shared_generator,0,shared_identity,0.14200937747955322,4727,3.260606657325601e-05,1.0094998287968338e-05,2097152,c5869f113375b4236170d76cc6a480addb77d9a3c5228f70c0c523e0554bdce7
fresh,27310,2,aligned_shared_generator,1,oft_oracle,0.0,8821,3.490094992836627e-05,1.9238999811932445e-05,2097152,ebefc6e7eba45b4d2d782595850484016a96104ec4ad359aaecc6a77f80db22f
fresh,27310,2,aligned_shared_generator,1,boft_independent,0.0,5021,3.8283133229318385e-05,1.7555998056195676e-05,2097152,55f418aa32735ef6fbed3c32df0b2f29749cdd278f2ca9a1556f1a5744e970fd
fresh,27310,2,aligned_shared_generator,1,mirror_shared_boft,0.05457280948758125,4734,3.644073343214889e-05,4.3123000068590045e-05,2097152,c66584c59cf53673464e93fdc16a00a6153cf411fb374037453c204007830f5e
fresh,27310,2,aligned_shared_generator,1,generic_scalar_boft,0.05457280948758125,4735,3.46180332902198e-05,1.7055004718713462e-05,2097152,5582a3d837433e4ab50805aab652d1c6d989d0f67a7d76c0c2844f43e6f9b118
fresh,27310,2,aligned_shared_generator,1,shared_identity,0.1015578880906105,4727,3.100501659597891e-05,1.0675998055376112e-05,2097152,c5869f113375b4236170d76cc6a480addb77d9a3c5228f70c0c523e0554bdce7
fresh,27310,2,aligned_shared_generator,2,oft_oracle,0.0,8821,3.1506283266935495e-05,1.4881996321491897e-05,2097152,754a8e0359dc84abe3f7c09ea1a085c057b0de7ac43df3345b46b669e70fccb4
fresh,27310,2,aligned_shared_generator,2,boft_independent,0.0,5021,3.2136700125799206e-05,1.2589007383212447e-05,2097152,27ea6f87e3a9e1ab9f772a710804eb0e7d87b07f2300306b747e7b6a8c33e52e
fresh,27310,2,aligned_shared_generator,2,mirror_shared_boft,0.013919577933847904,4734,3.607034983967121e-05,1.004400837700814e-05,2097152,c66584c59cf53673464e93fdc16a00a6153cf411fb374037453c204007830f5e
fresh,27310,2,aligned_shared_generator,2,generic_scalar_boft,0.013919577933847904,4735,3.2857600065957136e-05,9.444003808312118e-06,2097152,5582a3d837433e4ab50805aab652d1c6d989d0f67a7d76c0c2844f43e6f9b118
fresh,27310,2,aligned_shared_generator,2,shared_identity,0.06098439544439316,4727,3.202869993401691e-05,1.0364994523115456e-05,2097152,c5869f113375b4236170d76cc6a480addb77d9a3c5228f70c0c523e0554bdce7
fresh,27310,2,aligned_shared_generator,3,oft_oracle,0.0,8821,3.680393322914218e-05,1.4100995031185448e-05,2097152,77fb773fb525023070962b01d216415df83ed73750161c1e4b66600e42703e12
fresh,27310,2,aligned_shared_generator,3,boft_independent,0.0,5021,3.321963328441295e-05,1.0464995284564793e-05,2097152,65a8f11c387e58e8a01672e25b8ebc327a00744e06deec52d0e6baebb435abe0
fresh,27310,2,aligned_shared_generator,3,mirror_shared_boft,3.165504313074052e-05,4734,3.240476677698704e-05,9.77500167209655e-06,2097152,4f863d96899a2d66d040d8aaf2676bc0e4b94d3179c7ef3ad3bb48313e064d6d
fresh,27310,2,aligned_shared_generator,3,generic_scalar_boft,3.165504313074052e-05,4735,3.689506678104711e-05,1.4560995623469353e-05,2097152,eee574ad9ffbf43ec9b04a91fa34be8dc7668e25e7b720f351e6090027098dee
fresh,27310,2,aligned_shared_generator,3,shared_identity,0.020336652174592018,4727,3.4953033415755876e-05,1.2568998499773443e-05,2097152,c5869f113375b4236170d76cc6a480addb77d9a3c5228f70c0c523e0554bdce7
fresh,27310,2,aligned_shared_generator,4,oft_oracle,0.0,8821,3.222849991288967e-05,1.6003003111109138e-05,2097152,f2c05750ba72a16b876f3ef70a7ce9fcb78c1c8d91489e6aa292430705890245
fresh,27310,2,aligned_shared_generator,4,boft_independent,0.0,5021,3.732253317139112e-05,1.2868986232206225e-05,2097152,9f1aa5f455477f07f2d28cc8fa0ef832ef8adea051dc66252e03b7086e13cd0c
fresh,27310,2,aligned_shared_generator,4,mirror_shared_boft,3.165705129504204e-05,4734,3.2845749956322834e-05,1.184799475595355e-05,2097152,c23ddf627112bac83ff1d4327d28e063881c5cdf6b704cf2cfd8411acdcfe05a
fresh,27310,2,aligned_shared_generator,4,generic_scalar_boft,3.165705129504204e-05,4735,3.1798033402689424e-05,1.440099731553346e-05,2097152,fef859571488e0b54fb2bddb1f9cacec9997f3b488e69e4ac27a07faf605222e
fresh,27310,2,aligned_shared_generator,4,shared_identity,0.02033715881407261,4727,3.868304993375205e-05,1.3761004083789885e-05,2097152,c5869f113375b4236170d76cc6a480addb77d9a3c5228f70c0c523e0554bdce7
fresh,27310,2,aligned_shared_generator,5,oft_oracle,0.0,8821,3.359018325378808e-05,1.4671997632831335e-05,2097152,2d99cb84daf09bf9650a0719bc50d0ec2115a2d0cfdcbec85498c05e600f6d11
fresh,27310,2,aligned_shared_generator,5,boft_independent,0.0,5021,3.784248328884132e-05,1.1926997103728354e-05,2097152,39800dcf8ca42be1d2663fe4257268ca47cf1ba80398bcb532094b6295e2f528
fresh,27310,2,aligned_shared_generator,5,mirror_shared_boft,0.013921408914029598,4734,3.3299083346112944e-05,1.0586009011603892e-05,2097152,69b01e28f8cccf0c4be60130ac3bb200a6dd4f4f7b51dd4a817c20b4c2b2ae9f
fresh,27310,2,aligned_shared_generator,5,generic_scalar_boft,0.013921408914029598,4735,3.1629133203144497e-05,1.0215007932856679e-05,2097152,284500e3c4265ecd6e7fddb35c09eb891697c2fa0e2a32b3a4c2a27328e3f09b
fresh,27310,2,aligned_shared_generator,5,shared_identity,0.0609888955950737,4727,3.5885733329147724e-05,1.090599107556045e-05,2097152,c5869f113375b4236170d76cc6a480addb77d9a3c5228f70c0c523e0554bdce7
fresh,27310,2,aligned_shared_generator,6,oft_oracle,0.0,8821,3.6762049906731896e-05,1.7345999367535114e-05,2097152,d5aff8b0d76bc5bedb3ecdf6a16c6810255c1c7b186978226e3a522f6dbe9291
fresh,27310,2,aligned_shared_generator,6,boft_independent,0.0,5021,3.715028336349254e-05,3.580299380701035e-05,2097152,218ace7c6f3bed57f6bf901ac8cb9ab7c168c361d100fe21c7704446f0f0d77b
fresh,27310,2,aligned_shared_generator,6,mirror_shared_boft,0.05458269268274307,4734,3.5493999894242735e-05,1.0254996595904231e-05,2097152,69b01e28f8cccf0c4be60130ac3bb200a6dd4f4f7b51dd4a817c20b4c2b2ae9f
fresh,27310,2,aligned_shared_generator,6,generic_scalar_boft,0.05458269268274307,4735,3.402783331694081e-05,9.814000804908574e-06,2097152,284500e3c4265ecd6e7fddb35c09eb891697c2fa0e2a32b3a4c2a27328e3f09b
fresh,27310,2,aligned_shared_generator,6,shared_identity,0.10157047212123871,4727,3.3957216510316356e-05,1.1177005944773555e-05,2097152,c5869f113375b4236170d76cc6a480addb77d9a3c5228f70c0c523e0554bdce7
fresh,27310,2,aligned_shared_generator,7,oft_oracle,0.0,8821,5.4984499972003205e-05,1.4931996702216566e-05,2097152,63c7f18a8bd5d816c2f92ac5535b097ce83062e7f75a7bf300ec3af55bfb4216
fresh,27310,2,aligned_shared_generator,7,boft_independent,0.0,5021,5.4471733407505477e-05,1.1205993359908462e-05,2097152,09f1f78f39d2a3da0543e96bc934ea2df067f4864547a529687ef9a48a3a017d
fresh,27310,2,aligned_shared_generator,7,mirror_shared_boft,0.0951816514134407,4734,5.589801658061333e-05,1.1167008779011667e-05,2097152,69b01e28f8cccf0c4be60130ac3bb200a6dd4f4f7b51dd4a817c20b4c2b2ae9f
fresh,27310,2,aligned_shared_generator,7,generic_scalar_boft,0.0951816514134407,4735,5.489403338287957e-05,1.1117008398286998e-05,2097152,284500e3c4265ecd6e7fddb35c09eb891697c2fa0e2a32b3a4c2a27328e3f09b
fresh,27310,2,aligned_shared_generator,7,shared_identity,0.14203381538391113,4727,5.538108331772189e-05,1.2568998499773443e-05,2097152,c5869f113375b4236170d76cc6a480addb77d9a3c5228f70c0c523e0554bdce7
fresh,27310,2,independent_orthogonal,0,oft_oracle,0.0,8821,3.585003335804989e-05,1.3940996723249555e-05,2097152,9de33b552f2d251a15587d08f9fd094330c33e23aba4632be61afdaa5f32e238
fresh,27310,2,independent_orthogonal,0,boft_independent,1.3826065063476562,5021,3.196226656048869e-05,1.0695992386899889e-05,2097152,4faccf0fd2d7f8bdb686038cd177545d3e039d14953f0b46a6674d40827393ae
fresh,27310,2,independent_orthogonal,0,shared_identity,1.4062867164611816,4727,3.77808833339562e-05,1.3299999409355223e-05,2097152,c5869f113375b4236170d76cc6a480addb77d9a3c5228f70c0c523e0554bdce7
fresh,27310,2,independent_orthogonal,1,oft_oracle,0.0,8821,3.302301677952831e-05,1.5672994777560234e-05,2097152,87faeba804fd77b9234477cf0e60aef33682f869093e45922b5e71a5d7f8c4b1
fresh,27310,2,independent_orthogonal,1,boft_independent,1.3809003829956055,5021,3.3160049982446554e-05,1.2297998182475567e-05,2097152,1cd7c7e97cf3d76236af5c9e2da64303016c57bed45b89f1ac68b90a6c8c065f
fresh,27310,2,independent_orthogonal,1,shared_identity,1.4047033786773682,4727,3.8039933375936626e-05,1.4492004993371665e-05,2097152,c5869f113375b4236170d76cc6a480addb77d9a3c5228f70c0c523e0554bdce7
fresh,27310,2,independent_orthogonal,2,oft_oracle,0.0,8821,3.1256900062241284e-05,4.830199759453535e-05,2097152,e958904119fb19bc5080a4f256959eb429c2b0f63a961a0d826f4889bc6a8a6e
fresh,27310,2,independent_orthogonal,2,boft_independent,1.4273154735565186,5021,3.1747633329359815e-05,1.2959004379808903e-05,2097152,ec261a6d65de12a4cc9f4f837ddcc7721ea6185f2df9d562a1ba2b48a53153b7
fresh,27310,2,independent_orthogonal,2,shared_identity,1.4491459131240845,4727,3.5292216731856264e-05,1.2598989997059107e-05,2097152,c5869f113375b4236170d76cc6a480addb77d9a3c5228f70c0c523e0554bdce7
fresh,27310,2,independent_orthogonal,3,oft_oracle,0.0,8821,3.323933342471719e-05,1.6263991710729897e-05,2097152,46c09b20ca3d98ee5b4c8d6e64d66b9eeb720cc3a9c3345023f26d9d774c73c2
fresh,27310,2,independent_orthogonal,3,boft_independent,1.3711588382720947,5021,3.363525005018649e-05,1.3560988008975983e-05,2097152,623b0e9854c1e30d46ca81e0de15ec6d873811fc63a8953ca9bd9c8d487543fa
fresh,27310,2,independent_orthogonal,3,shared_identity,1.3911821842193604,4727,3.2366383432721095e-05,1.2728007277473807e-05,2097152,c5869f113375b4236170d76cc6a480addb77d9a3c5228f70c0c523e0554bdce7
fresh,27310,2,independent_orthogonal,4,oft_oracle,0.0,8821,3.153113333003906e-05,1.8816994270309806e-05,2097152,8e25ebc1d8cb223762dda0435c96fd53f764c4cd17c69be649a480f103759ddb
fresh,27310,2,independent_orthogonal,4,boft_independent,1.4120732545852661,5021,3.467394999461249e-05,1.3130003935657442e-05,2097152,e61fb1301c4d3ffd2db6ec075a2a1492cf1a715912b743a3b5023d3dc9425f2f
fresh,27310,2,independent_orthogonal,4,shared_identity,1.4349219799041748,4727,3.164379983597125e-05,1.2388001778163016e-05,2097152,c5869f113375b4236170d76cc6a480addb77d9a3c5228f70c0c523e0554bdce7
fresh,27310,2,independent_orthogonal,5,oft_oracle,0.0,8821,6.085249988245778e-05,1.801698817871511e-05,2097152,4f68240c78442640e41af2bf9df408112f451fee78ca426e2199f34bc9fee462
fresh,27310,2,independent_orthogonal,5,boft_independent,1.4236483573913574,5021,3.323948330944404e-05,1.87880068551749e-05,2097152,4275f0ca2afebd6c699370f93e55a200c6eec660b15b93f2fb8c0fe3883a13e6
fresh,27310,2,independent_orthogonal,5,shared_identity,1.4499551057815552,4727,3.172676685305002e-05,1.3070006389170885e-05,2097152,c5869f113375b4236170d76cc6a480addb77d9a3c5228f70c0c523e0554bdce7
fresh,27310,2,independent_orthogonal,6,oft_oracle,0.0,8821,3.2132033326585466e-05,1.5653000446036458e-05,2097152,90ecaa5575c5e965b1d02273fed18de6ae923f8a9d99b5fdee52ab27a329a55f
fresh,27310,2,independent_orthogonal,6,boft_independent,1.383487343788147,5021,3.259638324379921e-05,1.253899245057255e-05,2097152,ea3a7199b430800c0022e774440aaedf1bc1a153f698705650ab8d5f04e538a1
fresh,27310,2,independent_orthogonal,6,shared_identity,1.4098511934280396,4727,3.331193317232343e-05,1.2538002920337021e-05,2097152,c5869f113375b4236170d76cc6a480addb77d9a3c5228f70c0c523e0554bdce7
fresh,27310,2,independent_orthogonal,7,oft_oracle,0.0,8821,3.130913319182582e-05,1.6104007954709232e-05,2097152,039f62a642bbea31f21637f453871ccc4b3b62e8ad31c9deb67de93ce813cdcd
fresh,27310,2,independent_orthogonal,7,boft_independent,1.377213954925537,5021,3.4352799896926926e-05,1.586299913469702e-05,2097152,61d6ecfd5cec0a2b24b97a6af9f333b1bce56e5932e965abb27fc76b00487f76
fresh,27310,2,independent_orthogonal,7,shared_identity,1.4010779857635498,4727,3.13882667493696e-05,1.4501987607218325e-05,2097152,c5869f113375b4236170d76cc6a480addb77d9a3c5228f70c0c523e0554bdce7
fresh,27311,0,aligned_shared_generator,0,oft_oracle,0.0,8821,3.318624997821947e-05,1.731600787024945e-05,2097152,836af4a6b662f7eb046e4be9972d88193b14eed896f44efab1dc567c7ceb16c2
fresh,27311,0,aligned_shared_generator,0,boft_independent,0.0,5021,3.151059985005607e-05,1.1967000318691134e-05,2097152,9b9c1aa387ea2c952fe5d4414649b3f744aaeab8fc28f77b75d25b733e28a101
fresh,27311,0,aligned_shared_generator,0,mirror_shared_boft,0.12027285993099213,4734,3.1178299832390624e-05,1.422100467607379e-05,2097152,9250e6032fb035c079822b213697215d613671a8b42c6720f10d17626f0e2200
fresh,27311,0,aligned_shared_generator,0,generic_scalar_boft,0.12027285993099213,4735,3.1697216521327694e-05,1.2948992662131786e-05,2097152,401ea4eff4d1e89d3101f4e0cbdf2a18088e6848cd8534d83175d59b256b6d44
fresh,27311,0,aligned_shared_generator,0,shared_identity,0.17933380603790283,4727,3.5236449912190436e-05,1.2778997188434005e-05,2097152,29a8366a00f1bf56a96e24d0cec355acaba8dc87c200cbb95b90029b32d52278
fresh,27311,0,aligned_shared_generator,1,oft_oracle,0.0,8821,3.194624999499259e-05,1.564300328027457e-05,2097152,7d49e3a58a01f4eccf110ed1972f44c79237a4d8bbe44002761d78ec8f0d002a
fresh,27311,0,aligned_shared_generator,1,boft_independent,0.0,5021,3.1271933160799865e-05,1.2297998182475567e-05,2097152,40d9deaabaa9660de979399b1e97b3f9ee99a8229df94dc63716e51e68fff281
fresh,27311,0,aligned_shared_generator,1,mirror_shared_boft,0.06899809837341309,4734,3.510993337840773e-05,1.322999014519155e-05,2097152,9250e6032fb035c079822b213697215d613671a8b42c6720f10d17626f0e2200
fresh,27311,0,aligned_shared_generator,1,generic_scalar_boft,0.06899809837341309,4735,3.265980000530059e-05,1.2988995877094567e-05,2097152,401ea4eff4d1e89d3101f4e0cbdf2a18088e6848cd8534d83175d59b256b6d44
fresh,27311,0,aligned_shared_generator,1,shared_identity,0.1283271163702011,4727,3.1072283309185875e-05,1.274900569114834e-05,2097152,29a8366a00f1bf56a96e24d0cec355acaba8dc87c200cbb95b90029b32d52278
fresh,27311,0,aligned_shared_generator,2,oft_oracle,0.0,8821,3.3903166574115555e-05,1.8036997062154114e-05,2097152,79b0b91b0bd28563da7019e9f2f2acb8673cd1968e20c705574c7957855a8390
fresh,27311,0,aligned_shared_generator,2,boft_independent,0.0,5021,3.140914996038191e-05,9.929700172506273e-05,2097152,3dd89a2b808b824edbe2f7040118d73a1a2c18da54ad7e96f0201924d22ebca5
fresh,27311,0,aligned_shared_generator,2,mirror_shared_boft,0.01760092005133629,4734,3.179588335721443e-05,1.2407996109686792e-05,2097152,9250e6032fb035c079822b213697215d613671a8b42c6720f10d17626f0e2200
fresh,27311,0,aligned_shared_generator,2,generic_scalar_boft,0.01760092005133629,4735,3.0808249963835506e-05,1.2307995348237455e-05,2097152,401ea4eff4d1e89d3101f4e0cbdf2a18088e6848cd8534d83175d59b256b6d44
fresh,27311,0,aligned_shared_generator,2,shared_identity,0.07708760350942612,4727,3.1679866515332834e-05,1.2288001016713679e-05,2097152,29a8366a00f1bf56a96e24d0cec355acaba8dc87c200cbb95b90029b32d52278
fresh,27311,0,aligned_shared_generator,3,oft_oracle,0.0,8821,3.290568347438239e-05,1.4792007277719676e-05,2097152,d8ad5a68e665d4d17f555097dd0e12a32c8711ec13bce3a187440afcb5bab5d8
fresh,27311,0,aligned_shared_generator,3,boft_independent,0.0,5021,3.7379649923726296e-05,1.2497999705374241e-05,2097152,938147fccc0e4309138f429a27f618e2464bc4d9044344a824e19f87f6791925
fresh,27311,0,aligned_shared_generator,3,mirror_shared_boft,4.0022452594712377e-05,4734,3.244701656512916e-05,1.7515994841232896e-05,2097152,f4255184aa0d9b058fb8114b953b282d9c9aad5ed3d2568f0002e3f981d0ac61
fresh,27311,0,aligned_shared_generator,3,generic_scalar_boft,4.0022452594712377e-05,4735,3.951146669957477e-05,1.3811004464514554e-05,2097152,72a884edb1aa9ea8b55f8375c0dc3cb4efb92d0ca1bdae7538c6b45f91c12a5c
fresh,27311,0,aligned_shared_generator,3,shared_identity,0.02571042627096176,4727,3.3312966600836565e-05,1.2899006833322346e-05,2097152,29a8366a00f1bf56a96e24d0cec355acaba8dc87c200cbb95b90029b32d52278
fresh,27311,0,aligned_shared_generator,4,oft_oracle,0.0,8821,3.638133324178246e-05,1.438200706616044e-05,2097152,887309a80810eede7ed6a0fbafd5c29fa2ac7cc4c7b6850c00d6f8946b0a9b2f
fresh,27311,0,aligned_shared_generator,4,boft_independent,0.0,5021,3.1056616474719094e-05,1.2357995728962123e-05,2097152,0b38c0e6e0f3abd266cb2f891c73366735b1db22cabc5c68eda66b45edbb671b
fresh,27311,0,aligned_shared_generator,4,mirror_shared_boft,4.0017352148424834e-05,4734,3.520926669201193e-05,1.5112003893591464e-05,2097152,d0f4ebb9c08f4c7da53910daa43df81f6f4b4c3cfa9fa491819f1f8c2a76af69
fresh,27311,0,aligned_shared_generator,4,generic_scalar_boft,4.0017352148424834e-05,4735,3.354513319209218e-05,1.1647993233054876e-05,2097152,c416c678b517be4c27919da80872d4b0f0bca517668a2dd1a546104b2c9862f5
fresh,27311,0,aligned_shared_generator,4,shared_identity,0.025709064677357674,4727,3.5281050077173856e-05,1.3269003829918802e-05,2097152,29a8366a00f1bf56a96e24d0cec355acaba8dc87c200cbb95b90029b32d52278
fresh,27311,0,aligned_shared_generator,5,oft_oracle,0.0,8821,3.166818326765982e-05,1.5361991245299578e-05,2097152,2e5c4b07f6501e21cfd3c3dd05bf75d7e30f12653b518a14c3c91d5abe5f3d2c
fresh,27311,0,aligned_shared_generator,5,boft_independent,0.0,5021,3.1216683176656564e-05,1.292000524699688e-05,2097152,194f96c20a3a572329deaaaeae1a7d819628808566d75d0734356cb1a86b13bf
fresh,27311,0,aligned_shared_generator,5,mirror_shared_boft,0.017595935612916946,4734,3.2292283382654814e-05,1.2028001947328448e-05,2097152,6c3ab4ebc1134b4417bd2a4a003f51e8d277534c9c47ce47d2553ecf7b3f0a59
fresh,27311,0,aligned_shared_generator,5,generic_scalar_boft,0.017595935612916946,4735,3.289434995773869e-05,1.1797004844993353e-05,2097152,57ba932c2a0c185346c1be25a03fe332ba54c5d26c99dd02b6d6b3b684b09170
fresh,27311,0,aligned_shared_generator,5,shared_identity,0.07707524299621582,4727,3.448334997907902e-05,1.2648000847548246e-05,2097152,29a8366a00f1bf56a96e24d0cec355acaba8dc87c200cbb95b90029b32d52278
fresh,27311,0,aligned_shared_generator,6,oft_oracle,0.0,8821,3.474140006195133e-05,2.0741004846058786e-05,2097152,65587fd0fe3b6ac7cd6e1f937b7411b21aa9c3e26f9fdbfe6c30c6d2ad4bd5a4
fresh,27311,0,aligned_shared_generator,6,boft_independent,0.0,5021,3.482903339318e-05,1.2257994967512786e-05,2097152,d1a08166cbc8074f62ea1b7baae93d75d1c120fcb4152407c602d1e94c9faf98
fresh,27311,0,aligned_shared_generator,6,mirror_shared_boft,0.06897123903036118,4734,3.2063266553450374e-05,1.1868003639392555e-05,2097152,6c3ab4ebc1134b4417bd2a4a003f51e8d277534c9c47ce47d2553ecf7b3f0a59
fresh,27311,0,aligned_shared_generator,6,generic_scalar_boft,0.06897123903036118,4735,3.1466566482170796e-05,1.1916999937966466e-05,2097152,57ba932c2a0c185346c1be25a03fe332ba54c5d26c99dd02b6d6b3b684b09170
fresh,27311,0,aligned_shared_generator,6,shared_identity,0.12829284369945526,4727,3.111569991839739e-05,1.3319993740879e-05,2097152,29a8366a00f1bf56a96e24d0cec355acaba8dc87c200cbb95b90029b32d52278
fresh,27311,0,aligned_shared_generator,7,oft_oracle,0.0,8821,5.467106675496325e-05,1.827700180001557e-05,2097152,6d6537b30a2069d7675aea64a12eab7a19b09bd82c4869615c86351ac1583620
fresh,27311,0,aligned_shared_generator,7,boft_independent,0.0,5021,5.480943339838026e-05,1.2459000572562218e-05,2097152,9c651eb999a04ca00440870a9e1f06e9be7f862ff9fc06286d035bb62a9be89f
fresh,27311,0,aligned_shared_generator,7,mirror_shared_boft,0.12021338194608688,4734,5.459461657058758e-05,1.2829012121073902e-05,2097152,6c3ab4ebc1134b4417bd2a4a003f51e8d277534c9c47ce47d2553ecf7b3f0a59
fresh,27311,0,aligned_shared_generator,7,generic_scalar_boft,0.12021338194608688,4735,5.0805683228342485e-05,1.3229000614956021e-05,2097152,57ba932c2a0c185346c1be25a03fe332ba54c5d26c99dd02b6d6b3b684b09170
fresh,27311,0,aligned_shared_generator,7,shared_identity,0.1792667657136917,4727,3.156721674410316e-05,1.2538002920337021e-05,2097152,29a8366a00f1bf56a96e24d0cec355acaba8dc87c200cbb95b90029b32d52278
fresh,27311,0,independent_orthogonal,0,oft_oracle,0.0,8821,3.113356651738286e-05,1.7645987099967897e-05,2097152,b9c56b138f3ffaffd5da7677f3796f0ecf269f748490ab8865165a5113bb1dbf
fresh,27311,0,independent_orthogonal,0,boft_independent,1.3559211492538452,5021,3.20342332997825e-05,1.2057993444614112e-05,2097152,fc56680c2043fc6327412cb27591abfeec0c5196cc1d2f755124ff8c47c7644e
fresh,27311,0,independent_orthogonal,0,shared_identity,1.3855527639389038,4727,3.215841667649026e-05,1.599299139343202e-05,2097152,29a8366a00f1bf56a96e24d0cec355acaba8dc87c200cbb95b90029b32d52278
fresh,27311,0,independent_orthogonal,1,oft_oracle,0.0,8821,3.213538342000296e-05,1.6994992620311677e-05,2097152,ffbf02934abbd247b8033ddcf61c185896400d0e8deba69e0253b1f15180c35a
fresh,27311,0,independent_orthogonal,1,boft_independent,1.390453577041626,5021,3.1854966800892724e-05,1.2228003470227122e-05,2097152,4884ad63d2fb0d0ec25529dff4c8ef9ad50a417a787ce38d549bd9980c08c98c
fresh,27311,0,independent_orthogonal,1,shared_identity,1.412713885307312,4727,3.1222366669680926e-05,1.3329990906640887e-05,2097152,29a8366a00f1bf56a96e24d0cec355acaba8dc87c200cbb95b90029b32d52278
fresh,27311,0,independent_orthogonal,2,oft_oracle,0.0,8821,3.200820016597087e-05,1.8257007468491793e-05,2097152,22bebea7e6207563647a2e54d8a96edc266457afca23c693a0b12f22bd88ded5
fresh,27311,0,independent_orthogonal,2,boft_independent,1.352078914642334,5021,3.123070006646837e-05,1.2107993825338781e-05,2097152,4e89eb74ea751aef39a21a5afb49ac5e42ecfa4dd37258e71b68c1766a7b173a
fresh,27311,0,independent_orthogonal,2,shared_identity,1.3751786947250366,4727,3.151780013771107e-05,1.353998959530145e-05,2097152,29a8366a00f1bf56a96e24d0cec355acaba8dc87c200cbb95b90029b32d52278
fresh,27311,0,independent_orthogonal,3,oft_oracle,0.0,8821,0.00011201023323034557,1.7936996300704777e-05,2097152,860b8faa77675b82fde86aa534d9c529a95f29850b327b001d3fbcf1a99ddf85
fresh,27311,0,independent_orthogonal,3,boft_independent,1.3982971906661987,5021,3.795966646672847e-05,1.3230004697106779e-05,2097152,5f2f53525d5e8606b9af1daff30d8c3b54282a0a4aba3c5d1eaed33e32ae0aa2
fresh,27311,0,independent_orthogonal,3,shared_identity,1.422335147857666,4727,3.8609783223364504e-05,1.301900192629546e-05,2097152,29a8366a00f1bf56a96e24d0cec355acaba8dc87c200cbb95b90029b32d52278
fresh,27311,0,independent_orthogonal,4,oft_oracle,0.0,8821,3.6332416736210384e-05,1.5111989341676235e-05,2097152,a516a4a81f5332964ab484b149d4c9f1b12d3ce8c0d826d21e7680be980e5d43
fresh,27311,0,independent_orthogonal,4,boft_independent,1.3439728021621704,5021,3.244684994569979e-05,1.2899006833322346e-05,2097152,6eee043458246b624f1ef0ea5946317386b61d093dcbc8710316f309223c449f
fresh,27311,0,independent_orthogonal,4,shared_identity,1.372603178024292,4727,3.1439866628109785e-05,1.240900019183755e-05,2097152,29a8366a00f1bf56a96e24d0cec355acaba8dc87c200cbb95b90029b32d52278
fresh,27311,0,independent_orthogonal,5,oft_oracle,0.0,8821,3.331361658638343e-05,1.6093996237032115e-05,2097152,999a8b39bce54d8fd18ca6ae54559f4d01e1bf3af92deb404faeda0b81114393
fresh,27311,0,independent_orthogonal,5,boft_independent,1.4319103956222534,5021,3.371304992469959e-05,1.2828997569158673e-05,2097152,8a81919f3f3c50be5eefae163b5a99d659779f7f7975d8dd94141a2bd275a972
fresh,27311,0,independent_orthogonal,5,shared_identity,1.459326148033142,4727,3.454978335260724e-05,1.2739008525386453e-05,2097152,29a8366a00f1bf56a96e24d0cec355acaba8dc87c200cbb95b90029b32d52278
fresh,27311,0,independent_orthogonal,6,oft_oracle,0.0,8821,3.1229866726789625e-05,1.740599691402167e-05,2097152,4584726fb13773a6f7d853bce5b746bab4b4d85e4e7e547b01c06258a161beee
fresh,27311,0,independent_orthogonal,6,boft_independent,1.4045789241790771,5021,3.205610022026424e-05,1.2097996659576893e-05,2097152,edb5e8b5d7bd16fda6824deae339d995028832e812195fd0e3596ab1b6b5289b
fresh,27311,0,independent_orthogonal,6,shared_identity,1.4252012968063354,4727,3.322883324775224e-05,1.2307995348237455e-05,2097152,29a8366a00f1bf56a96e24d0cec355acaba8dc87c200cbb95b90029b32d52278
fresh,27311,0,independent_orthogonal,7,oft_oracle,0.0,8821,3.2661833392921837e-05,1.4721998013556004e-05,2097152,1d2753e486aea82e5b4b34758559b4829696bf28165a8ae2a26d1802c3264754
fresh,27311,0,independent_orthogonal,7,boft_independent,1.3744032382965088,5021,4.4964033198387675e-05,1.3169992598704994e-05,2097152,052a081b53ef48b063d17df04ccd7babadcae0055a85f0672a69d901247222ad
fresh,27311,0,independent_orthogonal,7,shared_identity,1.4022079706192017,4727,3.317458322271705e-05,1.3270007912069559e-05,2097152,29a8366a00f1bf56a96e24d0cec355acaba8dc87c200cbb95b90029b32d52278
fresh,27311,1,aligned_shared_generator,0,oft_oracle,0.0,8821,3.142666658580614e-05,1.4901990653015673e-05,2097152,94092e1aa1da5f811e03231c9889a78b2005b7723b92bda47b4c828f8c937f16
fresh,27311,1,aligned_shared_generator,0,boft_independent,0.0,5021,3.1276949933574845e-05,1.3670010957866907e-05,2097152,5c52c253697a07c68dc3fc807f7e6cd431103eb8dd54cba4bdeb64be22778fab
fresh,27311,1,aligned_shared_generator,0,mirror_shared_boft,0.10640152543783188,4734,3.305475014106681e-05,1.1837008059956133e-05,2097152,20ed54ef2500c22b48ac712959c9d355b1c7f1ca4302b94b0edae8e90047dff5
fresh,27311,1,aligned_shared_generator,0,generic_scalar_boft,0.10640152543783188,4735,3.879356663674116e-05,1.1916999937966466e-05,2097152,f54f0a2554a847093211b3f986ee680e22c0cfccaec145ed56ca5e440d2df1ec
fresh,27311,1,aligned_shared_generator,0,shared_identity,0.158721461892128,4727,3.390283333525683e-05,1.2358010280877352e-05,2097152,e5b219fef3e5ea176c0619eb7099eca13d24a0f4e08270d184df52b08e8f2179
fresh,27311,1,aligned_shared_generator,1,oft_oracle,0.0,8821,3.307928321495031e-05,3.0345006962306798e-05,2097152,985dbf79642f1c93ee77df5c86bf2591e3ff352f80d1c5827ce78ca509106e7e
fresh,27311,1,aligned_shared_generator,1,boft_independent,0.0,5021,3.108716676554953e-05,1.1807002010755241e-05,2097152,651a73096a1b758188187f0b2951b95756e1d7622a3a7acfbb409431bb325515
fresh,27311,1,aligned_shared_generator,1,mirror_shared_boft,0.061033766716718674,4734,3.230013317079283e-05,1.1847005225718021e-05,2097152,20ed54ef2500c22b48ac712959c9d355b1c7f1ca4302b94b0edae8e90047dff5
fresh,27311,1,aligned_shared_generator,1,generic_scalar_boft,0.061033766716718674,4735,3.3596050100944316e-05,1.1566997272893786e-05,2097152,f54f0a2554a847093211b3f986ee680e22c0cfccaec145ed56ca5e440d2df1ec
fresh,27311,1,aligned_shared_generator,1,shared_identity,0.11355124413967133,4727,3.2393266640913985e-05,1.3419994502328336e-05,2097152,e5b219fef3e5ea176c0619eb7099eca13d24a0f4e08270d184df52b08e8f2179
fresh,27311,1,aligned_shared_generator,2,oft_oracle,0.0,8821,3.258488335025807e-05,1.9858998712152243e-05,2097152,270895e8474ee227b536a81c1ba8e47ffb3f0f26887d8bdf71ca824a844b0d66
fresh,27311,1,aligned_shared_generator,2,boft_independent,0.0,5021,3.3078616737232855e-05,1.2900010915473104e-05,2097152,394d66f573446545cf308d4e9d6a752e0a220cd0f70dbfac06797a63257e2c46
fresh,27311,1,aligned_shared_generator,2,mirror_shared_boft,0.015569185838103294,4734,6.797908354201354e-05,1.214801159221679e-05,2097152,20ed54ef2500c22b48ac712959c9d355b1c7f1ca4302b94b0edae8e90047dff5
fresh,27311,1,aligned_shared_generator,2,generic_scalar_boft,0.015569185838103294,4735,3.291036652323479e-05,1.2399003026075661e-05,2097152,f54f0a2554a847093211b3f986ee680e22c0cfccaec145ed56ca5e440d2df1ec
fresh,27311,1,aligned_shared_generator,2,shared_identity,0.06820289045572281,4727,3.528438343588884e-05,1.2557997251860797e-05,2097152,e5b219fef3e5ea176c0619eb7099eca13d24a0f4e08270d184df52b08e8f2179
fresh,27311,1,aligned_shared_generator,3,oft_oracle,0.0,8821,3.484256667434238e-05,1.6425008652731776e-05,2097152,f12f79a0869af744d09651bdcf335c5f929f9cc8e4b9b4a678e9b5d9871515b4
fresh,27311,1,aligned_shared_generator,3,boft_independent,0.0,5021,3.6178033527297276e-05,1.2098011211492121e-05,2097152,2b24faaad48791c657694136571adb47c00d00ba2b38a4d39865f3ef3b98adaa
fresh,27311,1,aligned_shared_generator,3,mirror_shared_boft,3.540546458680183e-05,4734,3.576541663884806e-05,1.2087999493815005e-05,2097152,26a59cc72aa418bb075c2017dc372cd498611d161c5950d2e321788b16453c41
fresh,27311,1,aligned_shared_generator,3,generic_scalar_boft,3.540546458680183e-05,4735,3.312101665263374e-05,1.5543002518825233e-05,2097152,766b7e89b1e73cb1a02e61342ec07eae6ed8bb9ccad64be6f180e68d6337a47c
fresh,27311,1,aligned_shared_generator,3,shared_identity,0.02274657040834427,4727,3.484021678256492e-05,1.2339005479589105e-05,2097152,e5b219fef3e5ea176c0619eb7099eca13d24a0f4e08270d184df52b08e8f2179
fresh,27311,1,aligned_shared_generator,4,oft_oracle,0.0,8821,3.1071316576950873e-05,1.688500924501568e-05,2097152,e2fea5268c5ed4d95809d0dffdbe5b355b78f40182c9b817d5ca27fb67200bf0
fresh,27311,1,aligned_shared_generator,4,boft_independent,0.0,5021,3.379151676199399e-05,1.23189965961501e-05,2097152,40d08510ada3cd5dcb5917eb4859fbb61bec367bba7eab6c587418c47f02e346
fresh,27311,1,aligned_shared_generator,4,mirror_shared_boft,3.5408567782724276e-05,4734,3.261324988367657e-05,1.1447002179920673e-05,2097152,f867058b89025915576342a8d4ceeead7b1509dbb1e42003ba62d94061a11d3f
fresh,27311,1,aligned_shared_generator,4,generic_scalar_boft,3.5408567782724276e-05,4735,3.3201799912300585e-05,1.2177988537587225e-05,2097152,78d43f285fb58414b30100a23f143de1e4ad5a3b041d85755e8b96fa9904d7b6
fresh,27311,1,aligned_shared_generator,4,shared_identity,0.022747065871953964,4727,3.393788332080779e-05,1.2428004993125796e-05,2097152,e5b219fef3e5ea176c0619eb7099eca13d24a0f4e08270d184df52b08e8f2179
fresh,27311,1,aligned_shared_generator,5,oft_oracle,0.0,8821,3.845005000281769e-05,1.5543002518825233e-05,2097152,57c8b380e66b3b2ebde1fd89e72b247d7a48ce9c478760fe16db970be4a7d0aa
fresh,27311,1,aligned_shared_generator,5,boft_independent,0.0,5021,3.367850003996864e-05,1.1736992746591568e-05,2097152,0ac442821e51e2bd93656bdcc8216f095c85c6433398a9229974f695fb8fe752
fresh,27311,1,aligned_shared_generator,5,mirror_shared_boft,0.015570951625704765,4734,3.284926666916969e-05,1.2978998711332679e-05,2097152,b790e1b442ab71213b1cb2fc89eb92bc13b830752aaaab803cdf8c34553c7d97
fresh,27311,1,aligned_shared_generator,5,generic_scalar_boft,0.015570951625704765,4735,3.2234533379475275e-05,1.1757001630030572e-05,2097152,41a1b1d1048655d9f559b98029e8fb41fff76b0ac687920a8470a758160608b3
fresh,27311,1,aligned_shared_generator,5,shared_identity,0.06820730119943619,4727,3.776469990649881e-05,1.2207994586788118e-05,2097152,e5b219fef3e5ea176c0619eb7099eca13d24a0f4e08270d184df52b08e8f2179
fresh,27311,1,aligned_shared_generator,6,oft_oracle,0.0,8821,3.280970001166376e-05,1.551200693938881e-05,2097152,09a08e82b17cea94e4abe446067e1ad6fec05697829e8834002621ea92933ed0
fresh,27311,1,aligned_shared_generator,6,boft_independent,0.0,5021,3.238291683373973e-05,1.215799420606345e-05,2097152,e2e96f0b40470be4c33a572ef77c9f365fc061ab22bbbac8367b3a013f7997d0
fresh,27311,1,aligned_shared_generator,6,mirror_shared_boft,0.061043258756399155,4734,3.587441654720654e-05,1.1887008440680802e-05,2097152,b790e1b442ab71213b1cb2fc89eb92bc13b830752aaaab803cdf8c34553c7d97
fresh,27311,1,aligned_shared_generator,6,generic_scalar_boft,0.061043258756399155,4735,3.897266675873349e-05,1.2368996976874769e-05,2097152,41a1b1d1048655d9f559b98029e8fb41fff76b0ac687920a8470a758160608b3
fresh,27311,1,aligned_shared_generator,6,shared_identity,0.11356346309185028,4727,4.254729986617652e-05,1.4941993867978454e-05,2097152,e5b219fef3e5ea176c0619eb7099eca13d24a0f4e08270d184df52b08e8f2179
fresh,27311,1,aligned_shared_generator,7,oft_oracle,0.0,8821,3.879656651406549e-05,1.6794991097413003e-05,2097152,ff490d2966f98ec990e77dd9482954688598922147a8d3641b3cb867744484c7
fresh,27311,1,aligned_shared_generator,7,boft_independent,0.0,5021,4.1997633282638465e-05,1.3380005839280784e-05,2097152,8cd1d1b708d6cdfd5212cd7582af273e802df8806dd7ddaed8a64e26adc1292b
fresh,27311,1,aligned_shared_generator,7,mirror_shared_boft,0.10642267018556595,4734,3.752335008660642e-05,1.241799327544868e-05,2097152,b790e1b442ab71213b1cb2fc89eb92bc13b830752aaaab803cdf8c34553c7d97
fresh,27311,1,aligned_shared_generator,7,generic_scalar_boft,0.10642267018556595,4735,3.854086680803448e-05,1.5833997167646885e-05,2097152,41a1b1d1048655d9f559b98029e8fb41fff76b0ac687920a8470a758160608b3
fresh,27311,1,aligned_shared_generator,7,shared_identity,0.15874554216861725,4727,4.033518343931064e-05,1.1167008779011667e-05,2097152,e5b219fef3e5ea176c0619eb7099eca13d24a0f4e08270d184df52b08e8f2179
fresh,27311,1,independent_orthogonal,0,oft_oracle,0.0,8821,8.830495013777788e-05,1.9458995666354895e-05,2097152,5166a021de879ad7d84e594633f9d8546803d6338a16f99111194cbe1a8a778e
fresh,27311,1,independent_orthogonal,0,boft_independent,1.4101413488388062,5021,3.383704994727547e-05,1.1306998203508556e-05,2097152,e0dab0340e1503ef5ef1d5db757bc18d1b3070945eccde3dd9747d977ff2f480
fresh,27311,1,independent_orthogonal,0,shared_identity,1.4347397089004517,4727,3.804944984343213e-05,1.4009987353347242e-05,2097152,e5b219fef3e5ea176c0619eb7099eca13d24a0f4e08270d184df52b08e8f2179
fresh,27311,1,independent_orthogonal,1,oft_oracle,0.0,8821,3.194325011766826e-05,1.370999962091446e-05,2097152,2e602ddca0302d024355483b592946cfa3077919303c6e5c490f315adf5e575c
fresh,27311,1,independent_orthogonal,1,boft_independent,1.4177724123001099,5021,3.5267500061308964e-05,9.864990715868771e-06,2097152,31fc19a19be695c483d56218f9b257c0e92409764ba1b42c3d2582d627704948
fresh,27311,1,independent_orthogonal,1,shared_identity,1.4437533617019653,4727,3.1561516758908205e-05,1.064599200617522e-05,2097152,e5b219fef3e5ea176c0619eb7099eca13d24a0f4e08270d184df52b08e8f2179
fresh,27311,1,independent_orthogonal,2,oft_oracle,0.0,8821,3.445580005063675e-05,1.7005004337988794e-05,2097152,2097c0f7d753806728bc99624959fbc773b81ee9b7bde821219e91c955c36982
fresh,27311,1,independent_orthogonal,2,boft_independent,1.4108192920684814,5021,3.3217799985626094e-05,1.0554998880252242e-05,2097152,454b98c66a3b56e717eb55049644668f3b25c310caa05d9d73abff3f9a81be90
fresh,27311,1,independent_orthogonal,2,shared_identity,1.43215811252594,4727,3.13119831844233e-05,1.270900247618556e-05,2097152,e5b219fef3e5ea176c0619eb7099eca13d24a0f4e08270d184df52b08e8f2179
fresh,27311,1,independent_orthogonal,3,oft_oracle,0.0,8821,3.630571663961746e-05,1.7906000721268356e-05,2097152,fc86bf5e099575d099fd684b5cb5f033d47f8ecb33a174228e948e92901eb263
fresh,27311,1,independent_orthogonal,3,boft_independent,1.3715298175811768,5021,3.240409981420574e-05,1.4250996173359454e-05,2097152,90f9ea694923e21ca12a3945f4b564bead7b078fe3cda8cbad05a6bc0b05ac60
fresh,27311,1,independent_orthogonal,3,shared_identity,1.3977867364883423,4727,3.249356668675318e-05,1.0454998118802905e-05,2097152,e5b219fef3e5ea176c0619eb7099eca13d24a0f4e08270d184df52b08e8f2179
fresh,27311,1,independent_orthogonal,4,oft_oracle,0.0,8821,4.1390066568662104e-05,1.1517011444084346e-05,2097152,5166184a3cc4cc686c6cd87dcbf16e084f02009242e0a5c2048b3daba30722b8
fresh,27311,1,independent_orthogonal,4,boft_independent,1.396034598350525,5021,3.963965015524688e-05,1.0646006558090448e-05,2097152,89570215f3eba248089fa44eb40cc0b93d078134492248210cc59a4a57802dac
fresh,27311,1,independent_orthogonal,4,shared_identity,1.4174216985702515,4727,3.633123318043848e-05,1.03049969766289e-05,2097152,e5b219fef3e5ea176c0619eb7099eca13d24a0f4e08270d184df52b08e8f2179
fresh,27311,1,independent_orthogonal,5,oft_oracle,0.0,8821,3.5628533563188584e-05,1.440099731553346e-05,2097152,f24bacdefbab2f0b07421cc568caa323bf7cbfbeeec75e68c3df2f5b74e453a9
fresh,27311,1,independent_orthogonal,5,boft_independent,1.4085936546325684,5021,3.420460003932628e-05,0.00013926599058322608,2097152,fb4ff08ff0b809833e555048f64c95b6f27ebf159b775572f012f7f09452e6b4
fresh,27311,1,independent_orthogonal,5,shared_identity,1.4280259609222412,4727,3.502281664016967e-05,1.3319993740879e-05,2097152,e5b219fef3e5ea176c0619eb7099eca13d24a0f4e08270d184df52b08e8f2179
fresh,27311,1,independent_orthogonal,6,oft_oracle,0.0,8821,3.991286672923404e-05,1.5972997061908245e-05,2097152,8161b75331efe2c4f9fb8616385e4d9545f2ad297832ae8269c56f92ea897f4b
fresh,27311,1,independent_orthogonal,6,boft_independent,1.4121596813201904,5021,4.4349933402069536e-05,1.2228003470227122e-05,2097152,791bd35cdc7164b2561d0118c9cf91454694f35f9b67db95cf7e321fe82bf3c1
fresh,27311,1,independent_orthogonal,6,shared_identity,1.4345688819885254,4727,4.2689983335246025e-05,1.2297998182475567e-05,2097152,e5b219fef3e5ea176c0619eb7099eca13d24a0f4e08270d184df52b08e8f2179
fresh,27311,1,independent_orthogonal,7,oft_oracle,0.0,8821,3.206976689398289e-05,1.5843004803173244e-05,2097152,a783836ec9869fd8b557cadee5b89102a7988f397330807f263817bb01301f24
fresh,27311,1,independent_orthogonal,7,boft_independent,1.37071692943573,5021,3.947354998672381e-05,1.2559001334011555e-05,2097152,3e40a1bb59b69a8c05d084c72fe7971a3d017fd3a708f85af1a8082bbc9de83f
fresh,27311,1,independent_orthogonal,7,shared_identity,1.3940658569335938,4727,3.535330009375078e-05,1.284899190068245e-05,2097152,e5b219fef3e5ea176c0619eb7099eca13d24a0f4e08270d184df52b08e8f2179
fresh,27311,2,aligned_shared_generator,0,oft_oracle,0.0,8821,3.695633325454158e-05,1.6563993995077908e-05,2097152,5ae9b8affcdf188b421bf7122cb16bb8b902f7b2103d280d65038253dafa5ea0
fresh,27311,2,aligned_shared_generator,0,boft_independent,0.0,5021,3.3157716582839685e-05,4.815099237021059e-05,2097152,57b548bc91e16153b62d7b3028882fac83322f261d75f41c72810b1959a66363
fresh,27311,2,aligned_shared_generator,0,mirror_shared_boft,0.10273803025484085,4734,3.249790000457627e-05,1.201800478156656e-05,2097152,eb56c13d4a9c03ddc3d69b4c3eca1717653d2fffced188d4db3912ae76c117f1
fresh,27311,2,aligned_shared_generator,0,generic_scalar_boft,0.10273803025484085,4735,3.7807416811119764e-05,1.4592005754821002e-05,2097152,93b6837c9c87643469a80b290822ed60c7577fb0bcb5d6c0dd4196e2951d18f2
fresh,27311,2,aligned_shared_generator,0,shared_identity,0.15332360565662384,4727,3.12470498708232e-05,1.8117003492079675e-05,2097152,b6d4e0c25f99e120a98916494e976f4d04b848869b3077061ca2d2cc5bb5c7f7
fresh,27311,2,aligned_shared_generator,1,oft_oracle,0.0,8821,3.6043983224468924e-05,1.7166006728075445e-05,2097152,a3fa31141f12df8154ad7fdec4803cb3085fac415395e1b93aee0190a28e3971
fresh,27311,2,aligned_shared_generator,1,boft_independent,0.0,5021,3.49121500524537e-05,1.2267992133274674e-05,2097152,ed9f53edaa2ca9c3d3a75907452361c72b54a5d00c65567e7493e691138905a7
fresh,27311,2,aligned_shared_generator,1,mirror_shared_boft,0.05891530588269234,4734,3.3414933326033255e-05,1.2037999113090336e-05,2097152,eb56c13d4a9c03ddc3d69b4c3eca1717653d2fffced188d4db3912ae76c117f1
fresh,27311,2,aligned_shared_generator,1,generic_scalar_boft,0.05891530588269234,4735,3.203038334807691e-05,1.0885996744036674e-05,2097152,93b6837c9c87643469a80b290822ed60c7577fb0bcb5d6c0dd4196e2951d18f2
fresh,27311,2,aligned_shared_generator,1,shared_identity,0.10964003950357437,4727,3.187414986314252e-05,1.4791992725804448e-05,2097152,b6d4e0c25f99e120a98916494e976f4d04b848869b3077061ca2d2cc5bb5c7f7
fresh,27311,2,aligned_shared_generator,2,oft_oracle,0.0,8821,4.164309987875943e-05,1.6834994312375784e-05,2097152,04001bb4ca12651eff354dd4a98484fe5dca14b691e2295c80312d50cf218ba9
fresh,27311,2,aligned_shared_generator,2,boft_independent,0.0,5021,3.65151832132445e-05,1.2587988749146461e-05,2097152,b71f07a70caffe7ef582dd3ffa142701e8f2baf6f20ca8e494bb08202a65b9bd
fresh,27311,2,aligned_shared_generator,2,mirror_shared_boft,0.015026523731648922,4734,4.311360001641636e-05,1.2168005923740566e-05,2097152,eb56c13d4a9c03ddc3d69b4c3eca1717653d2fffced188d4db3912ae76c117f1
fresh,27311,2,aligned_shared_generator,2,generic_scalar_boft,0.015026523731648922,4735,3.427903332825129e-05,1.4600998838432133e-05,2097152,93b6837c9c87643469a80b290822ed60c7577fb0bcb5d6c0dd4196e2951d18f2
fresh,27311,2,aligned_shared_generator,2,shared_identity,0.0658329576253891,4727,3.775501657704202e-05,1.2488002539612353e-05,2097152,b6d4e0c25f99e120a98916494e976f4d04b848869b3077061ca2d2cc5bb5c7f7
fresh,27311,2,aligned_shared_generator,3,oft_oracle,0.0,8821,5.475048334725822e-05,1.5893005183897913e-05,2097152,bd28903950991f4860b348b40c3d57be679c34114589efbb566ae9b94a09f355
fresh,27311,2,aligned_shared_generator,3,boft_independent,0.0,5021,5.512738328737517e-05,1.3388998922891915e-05,2097152,fbb7c47bb836972a03c594e2588d42be6cf0fdb44574cb100a048258fbb44197
fresh,27311,2,aligned_shared_generator,3,mirror_shared_boft,3.417125844862312e-05,4734,5.4274950040659555e-05,1.2559001334011555e-05,2097152,edf8da147c6ec2d78159980470d520078c13b6133963ea54191da5e08f63b80e
fresh,27311,2,aligned_shared_generator,3,generic_scalar_boft,3.417125844862312e-05,4735,5.490638335080196e-05,1.4541990822181106e-05,2097152,5950ba61fc95328acb8dbfedcd6c495fc7e5f2d481aa7b9d2fa503aa9c232b83
fresh,27311,2,aligned_shared_generator,3,shared_identity,0.02195231057703495,4727,5.410670006919342e-05,3.741501132026315e-05,2097152,b6d4e0c25f99e120a98916494e976f4d04b848869b3077061ca2d2cc5bb5c7f7
fresh,27311,2,aligned_shared_generator,4,oft_oracle,0.0,8821,5.472861666930839e-05,2.034999488387257e-05,2097152,33d1d887aea854719ce8f17555553c52fd32198b743d17731c5d3c29e9c11a8d
fresh,27311,2,aligned_shared_generator,4,boft_independent,0.0,5021,4.902518315551181e-05,4.201199044473469e-05,2097152,219f73cd8ea2810480abd3ffa22307faacbd310470f45f3b0826321d2dcf297f
fresh,27311,2,aligned_shared_generator,4,mirror_shared_boft,3.4170127037214115e-05,4734,3.12380499963183e-05,1.3801007298752666e-05,2097152,1f8836d3e77e2c557ae83f2045cce4fd59631cc94baead7e695465b0cc6a6469
fresh,27311,2,aligned_shared_generator,4,generic_scalar_boft,3.4170127037214115e-05,4735,3.727313329970154e-05,1.1567011824809015e-05,2097152,d497f24640d6663e12e478cad8b7d732c3bd51a0fd96f79dfc0a8fc39926073e
fresh,27311,2,aligned_shared_generator,4,shared_identity,0.021951980888843536,4727,3.199483326170594e-05,1.5502999303862453e-05,2097152,b6d4e0c25f99e120a98916494e976f4d04b848869b3077061ca2d2cc5bb5c7f7
fresh,27311,2,aligned_shared_generator,5,oft_oracle,0.0,8821,3.123019996564835e-05,1.5612997231073678e-05,2097152,7f5a2c4ef61b9dcbee78f0ebf24923c74602300d03719f9c42e9e64e3d6f72db
fresh,27311,2,aligned_shared_generator,5,boft_independent,0.0,5021,3.1571200088365005e-05,1.2778997188434005e-05,2097152,243a6182c6b1e082c57160a6fb21958c3c890eec367b37d4cdbad036da0c2293
fresh,27311,2,aligned_shared_generator,5,mirror_shared_boft,0.015025303699076176,4734,3.3114316708330685e-05,1.248900662176311e-05,2097152,56792a9142aa3c1dc9e56e7dbed70763832b16ee84e745fdaba33e34502e24bb
fresh,27311,2,aligned_shared_generator,5,generic_scalar_boft,0.015025303699076176,4735,3.413281665416434e-05,1.2707998394034803e-05,2097152,d106441777d5a6ae6196c212b677bd424a5802e9069e96fa4223707312182f41
fresh,27311,2,aligned_shared_generator,5,shared_identity,0.06582996994256973,4727,3.502598337945528e-05,1.370999962091446e-05,2097152,b6d4e0c25f99e120a98916494e976f4d04b848869b3077061ca2d2cc5bb5c7f7
fresh,27311,2,aligned_shared_generator,6,oft_oracle,0.0,8821,3.123253336525522e-05,1.737599086482078e-05,2097152,985b2a8783e50533b9691f12ffaa84cfc1c30e2b583acd752426aef0445bdcce
fresh,27311,2,aligned_shared_generator,6,boft_independent,0.0,5021,3.411679984613632e-05,1.1876996723003685e-05,2097152,fb850369fed4103469fb13f7bcb0d843abe2efb78620342589ceebb77ce90a44
fresh,27311,2,aligned_shared_generator,6,mirror_shared_boft,0.058908749371767044,4734,3.796633318415843e-05,1.1687996448017657e-05,2097152,56792a9142aa3c1dc9e56e7dbed70763832b16ee84e745fdaba33e34502e24bb
fresh,27311,2,aligned_shared_generator,6,generic_scalar_boft,0.058908749371767044,4735,3.253713342322347e-05,1.1808006092905998e-05,2097152,d106441777d5a6ae6196c212b677bd424a5802e9069e96fa4223707312182f41
fresh,27311,2,aligned_shared_generator,6,shared_identity,0.10963160544633865,4727,3.510543319862336e-05,1.2078002328053117e-05,2097152,b6d4e0c25f99e120a98916494e976f4d04b848869b3077061ca2d2cc5bb5c7f7
fresh,27311,2,aligned_shared_generator,7,oft_oracle,0.0,8821,3.3549299890485905e-05,1.7465994460508227e-05,2097152,25f40d4662fc3b8aa437f2894371724e30592ace9c2732ce68394de69f201a20
fresh,27311,2,aligned_shared_generator,7,boft_independent,0.0,5021,3.67169833528654e-05,1.2938995496369898e-05,2097152,de5e22b45aa7d798e12a755cb709d5c542a44b0c0f13bbb8f10d912f6f42bbb5
fresh,27311,2,aligned_shared_generator,7,mirror_shared_boft,0.10272345691919327,4734,3.670611671016862e-05,1.2338001397438347e-05,2097152,56792a9142aa3c1dc9e56e7dbed70763832b16ee84e745fdaba33e34502e24bb
fresh,27311,2,aligned_shared_generator,7,generic_scalar_boft,0.10272345691919327,4735,3.428186658614625e-05,1.2439006241038442e-05,2097152,d106441777d5a6ae6196c212b677bd424a5802e9069e96fa4223707312182f41
fresh,27311,2,aligned_shared_generator,7,shared_identity,0.1533072143793106,4727,3.266999992774799e-05,1.279900607187301e-05,2097152,b6d4e0c25f99e120a98916494e976f4d04b848869b3077061ca2d2cc5bb5c7f7
fresh,27311,2,independent_orthogonal,0,oft_oracle,0.0,8821,4.804290001629852e-05,1.8437000107951462e-05,2097152,67ac9fa94f9cd1966c72f0bbd037e13efef45df3e8ec5d84a950b96202a46f6b
fresh,27311,2,independent_orthogonal,0,boft_independent,1.3795092105865479,5021,4.6955449943197894e-05,1.5872996300458908e-05,2097152,54c61b32a2ef16fd007d08c41c3fa4dc065032b9953ffab7a7d80ecbb451f53c
fresh,27311,2,independent_orthogonal,0,shared_identity,1.4018348455429077,4727,4.951441684776607e-05,1.4691002434119582e-05,2097152,b6d4e0c25f99e120a98916494e976f4d04b848869b3077061ca2d2cc5bb5c7f7
fresh,27311,2,independent_orthogonal,1,oft_oracle,0.0,8821,4.4178683310747147e-05,1.8478007405065e-05,2097152,bf3ab44098f6f574275c3dc02b7eb0859b266fc2003705af5e208cb354e8f199
fresh,27311,2,independent_orthogonal,1,boft_independent,1.4023054838180542,5021,4.9463666800875214e-05,1.6092992154881358e-05,2097152,653bd035bfb8b858c6f2a1eb64e7a5c209b8277b3eb0da0458ac0432346d3713
fresh,27311,2,independent_orthogonal,1,shared_identity,1.4341683387756348,4727,4.5905399989957614e-05,1.595300273038447e-05,2097152,b6d4e0c25f99e120a98916494e976f4d04b848869b3077061ca2d2cc5bb5c7f7
fresh,27311,2,independent_orthogonal,2,oft_oracle,0.0,8821,5.0162383316395184e-05,2.197299909312278e-05,2097152,36209675f68f11de456b758c861bc730a56c5c540728b8178d72c6043da16509
fresh,27311,2,independent_orthogonal,2,boft_independent,1.4008431434631348,5021,4.9596366685970376e-05,2.4255990865640342e-05,2097152,7c147252c3470dc363017b364f81df217a0dd43f501874afc208016768c9ed1d
fresh,27311,2,independent_orthogonal,2,shared_identity,1.4232009649276733,4727,4.680339989135973e-05,1.4962002751417458e-05,2097152,b6d4e0c25f99e120a98916494e976f4d04b848869b3077061ca2d2cc5bb5c7f7
fresh,27311,2,independent_orthogonal,3,oft_oracle,0.0,8821,5.44747332848298e-05,2.202299947384745e-05,2097152,9e468d3825f1a5c268cc870d81de6dbc724d4de9a48f51c72adb6d716df544ec
fresh,27311,2,independent_orthogonal,3,boft_independent,1.380286693572998,5021,5.4512816617110124e-05,1.5853001968935132e-05,2097152,8dd3afb129e1356119c4021877038dc5a8fd4204a3a8d5aa4f4ed4d33a32287b
fresh,27311,2,independent_orthogonal,3,shared_identity,1.398274302482605,4727,5.4342566727427766e-05,1.6824997146613896e-05,2097152,b6d4e0c25f99e120a98916494e976f4d04b848869b3077061ca2d2cc5bb5c7f7
fresh,27311,2,independent_orthogonal,4,oft_oracle,0.0,8821,5.488218327324527e-05,2.0239996956661344e-05,2097152,57c9092d287be9b0a829c792dedb6daceee422dfbc371118eec185b86b00204c
fresh,27311,2,independent_orthogonal,4,boft_independent,1.365464687347412,5021,5.560943342667694e-05,1.6644989955238998e-05,2097152,0d6f6f884cb61880996448a606a1eeb79f2da7fc65a2a0186e53ee2a3e7da5f5
fresh,27311,2,independent_orthogonal,4,shared_identity,1.3896639347076416,4727,4.7458716774902614e-05,3.97789990529418e-05,2097152,b6d4e0c25f99e120a98916494e976f4d04b848869b3077061ca2d2cc5bb5c7f7
fresh,27311,2,independent_orthogonal,5,oft_oracle,0.0,8821,3.796031669480726e-05,1.832698762882501e-05,2097152,37515c6ebc9fbd30895674647713a07129c3073ca3ca26f93c75e1ece88f5c69
fresh,27311,2,independent_orthogonal,5,boft_independent,1.3814870119094849,5021,3.307576650210346e-05,1.1216994607821107e-05,2097152,e7458914d0e09f1ef1423cc6a3a9001970f966753f1176c1200fc0692d266523
fresh,27311,2,independent_orthogonal,5,shared_identity,1.4020087718963623,4727,3.194075009863203e-05,1.1187003110535443e-05,2097152,b6d4e0c25f99e120a98916494e976f4d04b848869b3077061ca2d2cc5bb5c7f7
fresh,27311,2,independent_orthogonal,6,oft_oracle,0.0,8821,4.857453338142174e-05,1.865800004452467e-05,2097152,9208c0eb9bf328974e2345131d12208331e495fbc4ac75c9eb0a184eb87633c6
fresh,27311,2,independent_orthogonal,6,boft_independent,1.3977609872817993,5021,5.106436680459107e-05,1.3459997717291117e-05,2097152,a3bc67924292cfde87d4a6d437ca928b999d1aa257189567b04d36e05c560b4f
fresh,27311,2,independent_orthogonal,6,shared_identity,1.4179725646972656,4727,5.488151655299589e-05,1.4160992577672005e-05,2097152,b6d4e0c25f99e120a98916494e976f4d04b848869b3077061ca2d2cc5bb5c7f7
fresh,27311,2,independent_orthogonal,7,oft_oracle,0.0,8821,4.543988349420639e-05,1.9458995666354895e-05,2097152,f6bedd2610d3b25203ec3dae86f7c4f32bc1239e65b3f1f6c17fd2fa06c91d01
fresh,27311,2,independent_orthogonal,7,boft_independent,1.3467189073562622,5021,4.654386648326181e-05,1.4631994417868555e-05,2097152,cd541cefc8bb62831de2624cafd224badcf632e3a112c4dee37a03a2ab3c54a8
fresh,27311,2,independent_orthogonal,7,shared_identity,1.3691209554672241,4727,4.4914433480395625e-05,1.533300383016467e-05,2097152,b6d4e0c25f99e120a98916494e976f4d04b848869b3077061ca2d2cc5bb5c7f7
fresh,27312,0,aligned_shared_generator,0,oft_oracle,0.0,8821,4.974141653898793e-05,1.7876009223982692e-05,2097152,8d75b0b52d637252b7f1da4593c5616a48893771b22daa18562e2ab78feee474
fresh,27312,0,aligned_shared_generator,0,boft_independent,0.0,5021,4.71851334926517e-05,1.7076003132387996e-05,2097152,8c87d4c4e7cbe23eeda917c9899539262a7697289ddc95435b311c085682ceae
fresh,27312,0,aligned_shared_generator,0,mirror_shared_boft,0.10429973900318146,4734,5.3441733325598764e-05,1.3269003829918802e-05,2097152,f74146f79527fa191b0d81554dc4667c782d64a59138e93b1d68f3173f20c14c
fresh,27312,0,aligned_shared_generator,0,generic_scalar_boft,0.10429973900318146,4735,5.020293319830671e-05,1.4932011254131794e-05,2097152,71b8d05cc64950c170280b59e504f3de65ac8bd94352ad2cf24e6abdb20f0415
fresh,27312,0,aligned_shared_generator,0,shared_identity,0.15556010603904724,4727,4.930993333497706e-05,1.7466009012423456e-05,2097152,d87e0e96b45a54f174314898e3496994505ce7963704addcc971cb2d38604dba
fresh,27312,0,aligned_shared_generator,1,oft_oracle,0.0,8821,5.6517766643082724e-05,2.4335997295565903e-05,2097152,975f1ff35b6ca95f9421f2f27397432f01a8cc0e3552795d187ee7044ccef433
fresh,27312,0,aligned_shared_generator,1,boft_independent,0.0,5021,4.8270399808340396e-05,1.702499866951257e-05,2097152,f5bfb107a3f8dafd6aaa2fa90a5a7b6e8df960f89d2c5fd3f6468ca6f7091ee2
fresh,27312,0,aligned_shared_generator,1,mirror_shared_boft,0.05983133986592293,4734,4.951206671345669e-05,3.917800495401025e-05,2097152,f74146f79527fa191b0d81554dc4667c782d64a59138e93b1d68f3173f20c14c
fresh,27312,0,aligned_shared_generator,1,generic_scalar_boft,0.05983133986592293,4735,4.7983316714332126e-05,2.2102001821622252e-05,2097152,71b8d05cc64950c170280b59e504f3de65ac8bd94352ad2cf24e6abdb20f0415
fresh,27312,0,aligned_shared_generator,1,shared_identity,0.11130117624998093,4727,4.471046656059722e-05,1.5893005183897913e-05,2097152,d87e0e96b45a54f174314898e3496994505ce7963704addcc971cb2d38604dba
fresh,27312,0,aligned_shared_generator,2,oft_oracle,0.0,8821,6.914078330737539e-05,1.736599369905889e-05,2097152,5d45eb893fa6001a9e6101767dd0eceb88f2f7bb8d200c2f30d06f1af94ea8b0
fresh,27312,0,aligned_shared_generator,2,boft_independent,0.0,5021,4.790603343280963e-05,1.586299913469702e-05,2097152,8e70caf5f999813c1a33e82a425acdfa21ec023608c1bf4e2d1164537db5d739
fresh,27312,0,aligned_shared_generator,2,mirror_shared_boft,0.015262656845152378,4734,4.9077933363150804e-05,1.5173005522228777e-05,2097152,f74146f79527fa191b0d81554dc4667c782d64a59138e93b1d68f3173f20c14c
fresh,27312,0,aligned_shared_generator,2,generic_scalar_boft,0.015262656845152378,4735,4.7103499916071694e-05,1.6354999388568103e-05,2097152,71b8d05cc64950c170280b59e504f3de65ac8bd94352ad2cf24e6abdb20f0415
fresh,27312,0,aligned_shared_generator,2,shared_identity,0.06685566902160645,4727,4.799650002193327e-05,1.6103993402794003e-05,2097152,d87e0e96b45a54f174314898e3496994505ce7963704addcc971cb2d38604dba
fresh,27312,0,aligned_shared_generator,3,oft_oracle,0.0,8821,4.548059999554728e-05,2.073000359814614e-05,2097152,4e43e3ee53bf528abb369c8d08da3d64fc216566fe552d8175ea748ef5ccaa2a
fresh,27312,0,aligned_shared_generator,3,boft_independent,0.0,5021,4.6601766613700116e-05,1.4941993867978454e-05,2097152,03ebaa83795f3636f939bc50a9316ec319bddb483d2df0501cc42bf96e36f649
fresh,27312,0,aligned_shared_generator,3,mirror_shared_boft,3.470906085567549e-05,4734,5.557438344112597e-05,1.4452001778408885e-05,2097152,9131efe6c31faa00dd642722db494d238e86ac712bd4cd9f4ba28165fb8ff62b
fresh,27312,0,aligned_shared_generator,3,generic_scalar_boft,3.470906085567549e-05,4735,3.1769666626739006e-05,1.7826998373493552e-05,2097152,ef978f042204d2926ea5ac69c666f4cacac37924b204d433ce290ae711bf81b1
fresh,27312,0,aligned_shared_generator,3,shared_identity,0.022297823801636696,4727,3.523278331461673e-05,3.6703990190289915e-05,2097152,d87e0e96b45a54f174314898e3496994505ce7963704addcc971cb2d38604dba
fresh,27312,0,aligned_shared_generator,4,oft_oracle,0.0,8821,3.132733351473386e-05,1.4942008419893682e-05,2097152,ee566029ce9bdc5e5663bd5e9b2992f7e0e9a42819c902deace95518ea583009
fresh,27312,0,aligned_shared_generator,4,boft_independent,0.0,5021,3.238439991643342e-05,1.2910008081234992e-05,2097152,1a7dbf2cc334d733471b9b7ca009908fe9f2a72d59bc6123bc8e6fb7c7147ae0
fresh,27312,0,aligned_shared_generator,4,mirror_shared_boft,3.470971932983957e-05,4734,3.37263833595595e-05,1.1957003152929246e-05,2097152,24af5ada7a3bedb3c149ddc7a05f99f11415d6d490147456916d89d08003eedc
fresh,27312,0,aligned_shared_generator,4,generic_scalar_boft,3.470971932983957e-05,4735,3.2542650054286544e-05,1.3850003597326577e-05,2097152,de2ad2541576bee49d0c3d6fe8d914c470ba065bb89df0949af962e064b32045
fresh,27312,0,aligned_shared_generator,4,shared_identity,0.022297974675893784,4727,3.192673320882022e-05,1.3259996194392443e-05,2097152,d87e0e96b45a54f174314898e3496994505ce7963704addcc971cb2d38604dba
fresh,27312,0,aligned_shared_generator,5,oft_oracle,0.0,8821,3.212501663559427e-05,1.5924000763334334e-05,2097152,2cd34cb8ed8143be04f2afb218a3e39861c0f919c35b5c35428563380e7b9bb4
fresh,27312,0,aligned_shared_generator,5,boft_independent,0.0,5021,3.619704997011771e-05,1.2587988749146461e-05,2097152,354cf7f5dd5f3bf47f386fb36cd291ab353432903b67e7055147870b7a1465db
fresh,27312,0,aligned_shared_generator,5,mirror_shared_boft,0.015263248234987259,4734,3.062396669217075e-05,1.2147997040301561e-05,2097152,da6066319ec5bb679de8d5061549af849609696adff40ba22a03ccb3809f895b
fresh,27312,0,aligned_shared_generator,5,generic_scalar_boft,0.015263248234987259,4735,3.744321681248645e-05,1.1736992746591568e-05,2097152,462907e64b85854789894a35b55e0c632bec0464e131d02a74a3177b8af793c7
fresh,27312,0,aligned_shared_generator,5,shared_identity,0.06685712188482285,4727,3.306291667589297e-05,1.1897995136678219e-05,2097152,d87e0e96b45a54f174314898e3496994505ce7963704addcc971cb2d38604dba
fresh,27312,0,aligned_shared_generator,6,oft_oracle,0.0,8821,3.0646833329228686e-05,1.560300006531179e-05,2097152,0802ae6d54734ffd259401224f974e0d8c66c2fa07f8fdd7ea60f81390433516
fresh,27312,0,aligned_shared_generator,6,boft_independent,0.0,5021,3.731903319324677e-05,1.1757001630030572e-05,2097152,af840e92f3678e1bf62c5d5fac8c9a9776cc3230d48521f20a058ad7387e4148
fresh,27312,0,aligned_shared_generator,6,mirror_shared_boft,0.05983448401093483,4734,3.316271662091215e-05,1.3509998098015785e-05,2097152,da6066319ec5bb679de8d5061549af849609696adff40ba22a03ccb3809f895b
fresh,27312,0,aligned_shared_generator,6,generic_scalar_boft,0.05983448401093483,4735,3.124689998609635e-05,1.197800156660378e-05,2097152,462907e64b85854789894a35b55e0c632bec0464e131d02a74a3177b8af793c7
fresh,27312,0,aligned_shared_generator,6,shared_identity,0.11130513995885849,4727,3.406021666402618e-05,1.258800330106169e-05,2097152,d87e0e96b45a54f174314898e3496994505ce7963704addcc971cb2d38604dba
fresh,27312,0,aligned_shared_generator,7,oft_oracle,0.0,8821,3.335885000221121e-05,1.9058003090322018e-05,2097152,bde35ff4879b79ad0fbe3c3f72dc0f4d346bde67e6b18eaecd417dc92586ae2b
fresh,27312,0,aligned_shared_generator,7,boft_independent,0.0,5021,3.540003332697476e-05,1.2308999430388212e-05,2097152,94467673dd6cd548617f4e33ffe959b063d0d542ae18ff59ca3e2ffc90f23d40
fresh,27312,0,aligned_shared_generator,7,mirror_shared_boft,0.10430669039487839,4734,3.284891669560845e-05,1.2267992133274674e-05,2097152,da6066319ec5bb679de8d5061549af849609696adff40ba22a03ccb3809f895b
fresh,27312,0,aligned_shared_generator,7,generic_scalar_boft,0.10430669039487839,4735,3.612811682008517e-05,1.154700294137001e-05,2097152,462907e64b85854789894a35b55e0c632bec0464e131d02a74a3177b8af793c7
fresh,27312,0,aligned_shared_generator,7,shared_identity,0.15556789934635162,4727,3.115391664323397e-05,1.2508011423051357e-05,2097152,d87e0e96b45a54f174314898e3496994505ce7963704addcc971cb2d38604dba
fresh,27312,0,independent_orthogonal,0,oft_oracle,0.0,8821,3.20696000320216e-05,1.4571007341146469e-05,2097152,f0eafa82b604bc3d3662e6d3fccf024f2410293c5d8e7f204f9f1042c255f12c
fresh,27312,0,independent_orthogonal,0,boft_independent,1.3794206380844116,5021,3.238774976731899e-05,1.4560995623469353e-05,2097152,3e6e23833a51a203a878e7a55f0e2fd3053516cfdd7000c5df8f7b2d9f4613f5
fresh,27312,0,independent_orthogonal,0,shared_identity,1.404021978378296,4727,3.512480010006887e-05,1.2087999493815005e-05,2097152,d87e0e96b45a54f174314898e3496994505ce7963704addcc971cb2d38604dba
fresh,27312,0,independent_orthogonal,1,oft_oracle,0.0,8821,3.9535333295740806e-05,3.97789990529418e-05,2097152,37d4f05e8a3144ca8e571a3a57f32f02e7697a7b2055a33a48c484e868600f73
fresh,27312,0,independent_orthogonal,1,boft_independent,1.4299376010894775,5021,3.634109986402715e-05,1.2388991308398545e-05,2097152,8af4c9c6981384b06f4c09b0a4783026f8c9d4b4ab68564f067d2086a4b2d070
fresh,27312,0,independent_orthogonal,1,shared_identity,1.4505908489227295,4727,3.814545004085327e-05,1.2878997949883342e-05,2097152,d87e0e96b45a54f174314898e3496994505ce7963704addcc971cb2d38604dba
fresh,27312,0,independent_orthogonal,2,oft_oracle,0.0,8821,3.887886656836296e-05,1.4931996702216566e-05,2097152,e009201145589958c2d250d19d8558f68730d39db7f001210e45d3a97e368b9b
fresh,27312,0,independent_orthogonal,2,boft_independent,1.4044538736343384,5021,4.7600083295643954e-05,1.5192010323517025e-05,2097152,8e713ca0fd64ceacfe6b3fd4ee8034d7a483f3d9338ac68fc8cf00e70df239aa
fresh,27312,0,independent_orthogonal,2,shared_identity,1.4319132566452026,4727,3.119750011440677e-05,1.2458011042326689e-05,2097152,d87e0e96b45a54f174314898e3496994505ce7963704addcc971cb2d38604dba
fresh,27312,0,independent_orthogonal,3,oft_oracle,0.0,8821,3.193675001966767e-05,1.6614998457953334e-05,2097152,3928900357a3736049733b90d6c94efc4e38b24e39c36899123068846a70bf7f
fresh,27312,0,independent_orthogonal,3,boft_independent,1.4167511463165283,5021,3.3394066607191536e-05,1.7345999367535114e-05,2097152,80add06cd8e029850d532a6eabd16d565b699513e5aa6f504305622e145f421d
fresh,27312,0,independent_orthogonal,3,shared_identity,1.4404208660125732,4727,3.295993325688566e-05,1.4631004887633026e-05,2097152,d87e0e96b45a54f174314898e3496994505ce7963704addcc971cb2d38604dba
fresh,27312,0,independent_orthogonal,4,oft_oracle,0.0,8821,3.2496916780170675e-05,1.4311008271761239e-05,2097152,ccb87a4f9f2c52e3d43f9810a42b657a595fa5b1679876de90aecc1ad94f3786
fresh,27312,0,independent_orthogonal,4,boft_independent,1.3980023860931396,5021,3.493201681218731e-05,1.0375006240792572e-05,2097152,9b6146acdb4600ce87f708c74a927172e117fb96cc5faa31130b8e7cc1eb60fe
fresh,27312,0,independent_orthogonal,4,shared_identity,1.417710542678833,4727,4.135970011702739e-05,3.659400681499392e-05,2097152,d87e0e96b45a54f174314898e3496994505ce7963704addcc971cb2d38604dba
fresh,27312,0,independent_orthogonal,5,oft_oracle,0.0,8821,3.629301669813382e-05,1.745599729474634e-05,2097152,722eefed245d0a2c94ef52f23c6e334ef89b8dbc2ae28a3860a07de8693ed0c2
fresh,27312,0,independent_orthogonal,5,boft_independent,1.3758584260940552,5021,3.538168336187179e-05,1.081600203178823e-05,2097152,972f33bc53dc68c1bb6263f4f6c45f3584383bb8d9c12d96d980b0ca01038d6e
fresh,27312,0,independent_orthogonal,5,shared_identity,1.4039818048477173,4727,3.3776133204810324e-05,1.0335003025829792e-05,2097152,d87e0e96b45a54f174314898e3496994505ce7963704addcc971cb2d38604dba
fresh,27312,0,independent_orthogonal,6,oft_oracle,0.0,8821,5.438344984819802e-05,2.0951003534719348e-05,2097152,928f1d9b7b7af04b0ed2e99c3afa4aff1a616a2c5d0dd4fe4eceb5a015bc9728
fresh,27312,0,independent_orthogonal,6,boft_independent,1.4251556396484375,5021,5.3905266637836274e-05,1.3450000551529229e-05,2097152,1fd664017a10d219bede74afe266a023e5cd1ca29f0f1e5aba33c6886c03233e
fresh,27312,0,independent_orthogonal,6,shared_identity,1.4454374313354492,4727,5.383148333445812e-05,1.5493002138100564e-05,2097152,d87e0e96b45a54f174314898e3496994505ce7963704addcc971cb2d38604dba
fresh,27312,0,independent_orthogonal,7,oft_oracle,0.0,8821,3.2956766760131964e-05,2.317500184290111e-05,2097152,051a7038c5ec5c6bd462f395abe369439174b4153fe42d3fb6375d0e38a84254
fresh,27312,0,independent_orthogonal,7,boft_independent,1.3786689043045044,5021,3.0477916880045086e-05,1.073500607162714e-05,2097152,fa69890bb58f954a18e2258ed4ec1a820f31c3ea73c40dbd282133de4859f83e
fresh,27312,0,independent_orthogonal,7,shared_identity,1.3952430486679077,4727,3.2531466664901625e-05,9.544004569761455e-06,2097152,d87e0e96b45a54f174314898e3496994505ce7963704addcc971cb2d38604dba
fresh,27312,1,aligned_shared_generator,0,oft_oracle,0.0,8821,3.199600008277533e-05,1.4502002159133554e-05,2097152,75bbf8a629c430096d764a699c5e70f76b3871393cfeaefd02d00fdad814e344
fresh,27312,1,aligned_shared_generator,0,boft_independent,0.0,5021,3.116911660375384e-05,1.0635994840413332e-05,2097152,233a0fef2cad23d2483abcea10248db24891f483b0c6adfd66d348a679085718
fresh,27312,1,aligned_shared_generator,0,mirror_shared_boft,0.13656294345855713,4734,3.889138339824664e-05,7.70539918448776e-05,2097152,91e4d08af4beac2b6f8cb545a166dcbf938301d03c66ba96efc93f421dc70820
fresh,27312,1,aligned_shared_generator,0,generic_scalar_boft,0.13656294345855713,4735,3.377781661887032e-05,3.227699198760092e-05,2097152,48c41bb1023770a038ea2101e8a129807bb943085973d10c21e473bd9223c506
fresh,27312,1,aligned_shared_generator,0,shared_identity,0.20355607569217682,4727,3.152181670884602e-05,1.0966003173962235e-05,2097152,656a323646c25d5a25f2b10399df0c889e3666a2c074f0116cbe7deb3a5936fb
fresh,27312,1,aligned_shared_generator,1,oft_oracle,0.0,8821,3.058959991903975e-05,1.628499012440443e-05,2097152,9f499e4e26650495f69da137b7d65d6a0e3b3392e03fb43ba4471ebc8eacb6bd
fresh,27312,1,aligned_shared_generator,1,boft_independent,0.0,5021,3.381286660442129e-05,1.0244999430142343e-05,2097152,a0505b4c12ccbbefa9ce3a27cf830f3f0ecd0a0c67f8a76139ad974467c38f85
fresh,27312,1,aligned_shared_generator,1,mirror_shared_boft,0.07836757600307465,4734,3.457916657983636e-05,1.0756004485301673e-05,2097152,91e4d08af4beac2b6f8cb545a166dcbf938301d03c66ba96efc93f421dc70820
fresh,27312,1,aligned_shared_generator,1,generic_scalar_boft,0.07836757600307465,4735,3.275896669947542e-05,9.655006579123437e-06,2097152,48c41bb1023770a038ea2101e8a129807bb943085973d10c21e473bd9223c506
fresh,27312,1,aligned_shared_generator,1,shared_identity,0.14572593569755554,4727,3.425484998539711e-05,1.1427007848396897e-05,2097152,656a323646c25d5a25f2b10399df0c889e3666a2c074f0116cbe7deb3a5936fb
fresh,27312,1,aligned_shared_generator,2,oft_oracle,0.0,8821,3.1714083403736976e-05,1.5443001757375896e-05,2097152,a2046b30086bdafba96321b235daac04dfb71563529c0583fdafe65dcd53d31b
fresh,27312,1,aligned_shared_generator,2,boft_independent,0.0,5021,3.3348333333075667e-05,9.513998520560563e-06,2097152,e350e0938a8e41c01731491b8d7f659dc5122b4f293f6b24716ff1548e1a8e2c
fresh,27312,1,aligned_shared_generator,2,mirror_shared_boft,0.019994672387838364,4734,3.103825001744553e-05,1.1436990462243557e-05,2097152,91e4d08af4beac2b6f8cb545a166dcbf938301d03c66ba96efc93f421dc70820
fresh,27312,1,aligned_shared_generator,2,generic_scalar_boft,0.019994672387838364,4735,3.5112449889614554e-05,9.584997314959764e-06,2097152,48c41bb1023770a038ea2101e8a129807bb943085973d10c21e473bd9223c506
fresh,27312,1,aligned_shared_generator,2,shared_identity,0.08756788820028305,4727,3.2377066721286006e-05,1.2227988918311894e-05,2097152,656a323646c25d5a25f2b10399df0c889e3666a2c074f0116cbe7deb3a5936fb
fresh,27312,1,aligned_shared_generator,3,oft_oracle,0.0,8821,3.307744991616346e-05,1.591299951542169e-05,2097152,5a2776d2d117c7cf30b059992ba71c9c0c87780b9e6f466dbe55db158620bf07
fresh,27312,1,aligned_shared_generator,3,boft_independent,0.0,5021,3.162479988532141e-05,1.1235999409109354e-05,2097152,7cc527cc55629282a1cea80a9bd9e1e11106dcc77301d07e32266677e20fca4e
fresh,27312,1,aligned_shared_generator,3,mirror_shared_boft,4.547228309093043e-05,4734,3.969706667703576e-05,1.236800744663924e-05,2097152,59872a5e92d23d34d5b0654bee45ffe2a9a85ff99cc2060a645849fcf1b0d766
fresh,27312,1,aligned_shared_generator,3,generic_scalar_boft,4.547228309093043e-05,4735,3.1728933390695604e-05,2.914298966061324e-05,2097152,10d7cd52302b4eec351e9bd8f2c471c66ea7982061fefd88682ea7d146084455
fresh,27312,1,aligned_shared_generator,3,shared_identity,0.029211727902293205,4727,3.42494999737634e-05,1.236800744663924e-05,2097152,656a323646c25d5a25f2b10399df0c889e3666a2c074f0116cbe7deb3a5936fb
fresh,27312,1,aligned_shared_generator,4,oft_oracle,0.0,8821,3.483386656929118e-05,1.5703000826761127e-05,2097152,5cecbd789b895b6cd182d589678cd974fb1dee43c38e0c5fa37fa23de3368204
fresh,27312,1,aligned_shared_generator,4,boft_independent,0.0,5021,3.2989966469661644e-05,1.1867989087477326e-05,2097152,7ba8da367bd5ba8e32e4367ee05dd5f1c8f53148b5a9d696b5ba89a1d57d22e9
fresh,27312,1,aligned_shared_generator,4,mirror_shared_boft,4.547368371277116e-05,4734,3.314253335702233e-05,1.3459997717291117e-05,2097152,ba873ec6f35cd3c314d703497adc0089a61c6e666cc0fd31dda11087ceadae01
fresh,27312,1,aligned_shared_generator,4,generic_scalar_boft,4.547368371277116e-05,4735,3.151030008060237e-05,1.1807002010755241e-05,2097152,75aea70d75f9731bba0d8774ad24fad05067f7d9afce178ee9153b048a6feb75
fresh,27312,1,aligned_shared_generator,4,shared_identity,0.02921236678957939,4727,4.0518616636594136e-05,1.5973011613823473e-05,2097152,656a323646c25d5a25f2b10399df0c889e3666a2c074f0116cbe7deb3a5936fb
fresh,27312,1,aligned_shared_generator,5,oft_oracle,0.0,8821,3.408828342799097e-05,1.6004007193259895e-05,2097152,bbe0d59b658fdb215f18f5efce36ec4878dddad7839c4151bdd4b0c82a5b2739
fresh,27312,1,aligned_shared_generator,5,boft_independent,0.0,5021,3.38368833278461e-05,1.5002005966380239e-05,2097152,bc67c766ee69cee060d7ed47931d6b78952186680df509e998f43e40e9e4dc77
fresh,27312,1,aligned_shared_generator,5,mirror_shared_boft,0.019997041672468185,4734,3.2711399884040776e-05,9.234005119651556e-06,2097152,c82d8e5bf7e0e6acfed9bd85f65c7857e029d1f22de7349a49789a335805b5cd
fresh,27312,1,aligned_shared_generator,5,generic_scalar_boft,0.019997041672468185,4735,3.0917749973014e-05,1.0175004717893898e-05,2097152,bd758e4634de5aa87fddeb4d94b70fa20561a87897308789e2a6be62b9fe572a
fresh,27312,1,aligned_shared_generator,5,shared_identity,0.08757384866476059,4727,3.137808331909279e-05,1.2028001947328448e-05,2097152,656a323646c25d5a25f2b10399df0c889e3666a2c074f0116cbe7deb3a5936fb
fresh,27312,1,aligned_shared_generator,6,oft_oracle,0.0,8821,3.4902966581285e-05,1.594399509485811e-05,2097152,41f21caa593d4332464d409a04a241f0ec90f3cfbb27128c1810f302c8ceeb08
fresh,27312,1,aligned_shared_generator,6,boft_independent,0.0,5021,3.5880933379909646e-05,1.0135001502931118e-05,2097152,7487dde0cbf73b4c8ae8e08a6e029f97447fc79572166ac6c09e6371f398771c
fresh,27312,1,aligned_shared_generator,6,mirror_shared_boft,0.07838036864995956,4734,3.60049331599536e-05,1.0104995453730226e-05,2097152,c82d8e5bf7e0e6acfed9bd85f65c7857e029d1f22de7349a49789a335805b5cd
fresh,27312,1,aligned_shared_generator,6,generic_scalar_boft,0.07838036864995956,4735,3.389481668515752e-05,9.754003258422017e-06,2097152,bd758e4634de5aa87fddeb4d94b70fa20561a87897308789e2a6be62b9fe572a
fresh,27312,1,aligned_shared_generator,6,shared_identity,0.14574256539344788,4727,3.6150816595181825e-05,1.1135998647660017e-05,2097152,656a323646c25d5a25f2b10399df0c889e3666a2c074f0116cbe7deb3a5936fb
fresh,27312,1,aligned_shared_generator,7,oft_oracle,0.0,8821,3.1510600092587995e-05,1.4380988432094455e-05,2097152,929e9053419f6c567c7cbcac7cbc1e9698399257978e6c284fa91e5739f94d81
fresh,27312,1,aligned_shared_generator,7,boft_independent,0.0,5021,3.157936662319116e-05,1.3379001757130027e-05,2097152,3497243092413ace81f240ab95e44c8d1258e90b98cd7d0724dbefe82e30f505
fresh,27312,1,aligned_shared_generator,7,mirror_shared_boft,0.13659162819385529,4734,3.4603183303261174e-05,1.2768010492436588e-05,2097152,c82d8e5bf7e0e6acfed9bd85f65c7857e029d1f22de7349a49789a335805b5cd
fresh,27312,1,aligned_shared_generator,7,generic_scalar_boft,0.13659162819385529,4735,3.1656316665854925e-05,1.3559998478740454e-05,2097152,bd758e4634de5aa87fddeb4d94b70fa20561a87897308789e2a6be62b9fe572a
fresh,27312,1,aligned_shared_generator,7,shared_identity,0.20358915627002716,4727,3.52441165887285e-05,1.3170007150620222e-05,2097152,656a323646c25d5a25f2b10399df0c889e3666a2c074f0116cbe7deb3a5936fb
fresh,27312,1,independent_orthogonal,0,oft_oracle,0.0,8821,3.1982800040471676e-05,0.0001769520022207871,2097152,ebce16ed677d51becb79252a2a89db9cd0a173a9ff52124306c2ce0220878fa3
fresh,27312,1,independent_orthogonal,0,boft_independent,1.3699581623077393,5021,3.1774483310679595e-05,1.2188000255264342e-05,2097152,77300b9777aded4300b54c966d03e2af106958cdf7198d2fd388754c0843fa89
fresh,27312,1,independent_orthogonal,0,shared_identity,1.3957760334014893,4727,3.123386656322206e-05,1.2869000784121454e-05,2097152,656a323646c25d5a25f2b10399df0c889e3666a2c074f0116cbe7deb3a5936fb
fresh,27312,1,independent_orthogonal,1,oft_oracle,0.0,8821,3.1929549974544596e-05,1.5762998373247683e-05,2097152,a0c49745902b6004efe5dc55a82a7dfc3f79fe845765ac5f31212946ae7c3bf2
fresh,27312,1,independent_orthogonal,1,boft_independent,1.4189229011535645,5021,3.134503349428996e-05,1.3048993423581123e-05,2097152,e5b5d58ef11982acd0864ac8f9398015a51991d1d8c02ae5bee28a0e269b12f5
fresh,27312,1,independent_orthogonal,1,shared_identity,1.4448250532150269,4727,4.223796665125216e-05,1.4450997696258128e-05,2097152,656a323646c25d5a25f2b10399df0c889e3666a2c074f0116cbe7deb3a5936fb
fresh,27312,1,independent_orthogonal,2,oft_oracle,0.0,8821,5.2555400179699065e-05,1.5352998161688447e-05,2097152,cda2e54ab7b1e7ea0685cd858badb00b7cfe680b30a4a5c85bd048ac5aa97a9a
fresh,27312,1,independent_orthogonal,2,boft_independent,1.4019712209701538,5021,3.120064987645795e-05,1.262899604626e-05,2097152,9b530251a761f641db4ee45c34e543ea9150d00f69672d0abe2adc8aeb80344c
fresh,27312,1,independent_orthogonal,2,shared_identity,1.4192230701446533,4727,3.2099966726188235e-05,2.3284010239876807e-05,2097152,656a323646c25d5a25f2b10399df0c889e3666a2c074f0116cbe7deb3a5936fb
fresh,27312,1,independent_orthogonal,3,oft_oracle,0.0,8821,3.1514783283152305e-05,1.7475991626270115e-05,2097152,80d6ea44ce466af2871bc661fc0981da31160ce07557d59e2dad5de2e0576aa8
fresh,27312,1,independent_orthogonal,3,boft_independent,1.4164520502090454,5021,3.126424999209121e-05,1.2838994734920561e-05,2097152,b4bc515d47e052fe5b476c6088f45177fde15f47258e672b580092b9ede33c33
fresh,27312,1,independent_orthogonal,3,shared_identity,1.4350206851959229,4727,3.603629981322835e-05,1.2488002539612353e-05,2097152,656a323646c25d5a25f2b10399df0c889e3666a2c074f0116cbe7deb3a5936fb
fresh,27312,1,independent_orthogonal,4,oft_oracle,0.0,8821,3.281185005713875e-05,1.6294012311846018e-05,2097152,dcc4bd17d764089949fb5e6fb9a7c01d1b0209a427f13270f21e43aaa128e0d0
fresh,27312,1,independent_orthogonal,4,boft_independent,1.347216248512268,5021,3.196644999358493e-05,1.2609001714736223e-05,2097152,2041157d4361751f5a19bf7cd5a53c917160118105b6919eb9bd7426e0ead470
fresh,27312,1,independent_orthogonal,4,shared_identity,1.3756840229034424,4727,3.181688346861241e-05,1.271801011171192e-05,2097152,656a323646c25d5a25f2b10399df0c889e3666a2c074f0116cbe7deb3a5936fb
fresh,27312,1,independent_orthogonal,5,oft_oracle,0.0,8821,3.129728332472344e-05,1.6915000742301345e-05,2097152,301e9fbff778bac44bf744d683b6bd3719588d0c27d3831d8fadd53b52599923
fresh,27312,1,independent_orthogonal,5,boft_independent,1.3929747343063354,5021,3.181053349787059e-05,1.2778997188434005e-05,2097152,190a0b9650f54f683b5a694d9d3adc832f353db659e3f6ceb822de54ac51e2de
fresh,27312,1,independent_orthogonal,5,shared_identity,1.4095978736877441,4727,3.066368347693545e-05,1.2728996807709336e-05,2097152,656a323646c25d5a25f2b10399df0c889e3666a2c074f0116cbe7deb3a5936fb
fresh,27312,1,independent_orthogonal,6,oft_oracle,0.0,8821,3.180786661687307e-05,2.5026994990184903e-05,2097152,2d6341c0cc04a78755c840f98459c43939df468ed027e42f51cd5e282db04a33
fresh,27312,1,independent_orthogonal,6,boft_independent,1.435613989830017,5021,3.1508266692981125e-05,1.326999336015433e-05,2097152,4e89e8a54a15ef1ed63b990b4a4fda827a815d808b410cd4f1351f13b81ad5b6
fresh,27312,1,independent_orthogonal,6,shared_identity,1.4601211547851562,4727,3.251643332381112e-05,1.3590004527941346e-05,2097152,656a323646c25d5a25f2b10399df0c889e3666a2c074f0116cbe7deb3a5936fb
fresh,27312,1,independent_orthogonal,7,oft_oracle,0.0,8821,3.249606670578942e-05,1.740599691402167e-05,2097152,80fa20fa743da073b1e80d717a1d6b16ee75f8b8bbe9a24d255c8567fef56d4a
fresh,27312,1,independent_orthogonal,7,boft_independent,1.4283260107040405,5021,3.176948327260713e-05,1.2618009350262582e-05,2097152,c65269aee838119a0b8c3483ff54984adcde0d31190967d7bcefe39897aa086e
fresh,27312,1,independent_orthogonal,7,shared_identity,1.4466376304626465,4727,3.4203583345515655e-05,1.2559001334011555e-05,2097152,656a323646c25d5a25f2b10399df0c889e3666a2c074f0116cbe7deb3a5936fb
fresh,27312,2,aligned_shared_generator,0,oft_oracle,0.0,8821,3.552571652107872e-05,1.9639002857729793e-05,2097152,11280b3323e8168278b4dc75de10cea7b06623645653f526c3e4ae2258c5f22e
fresh,27312,2,aligned_shared_generator,0,boft_independent,0.0,5021,3.3093283127527685e-05,1.1987998732365668e-05,2097152,d968242a6622059590d85a46b5aef2ff7abf67894857109b0338d9f21900f9e8
fresh,27312,2,aligned_shared_generator,0,mirror_shared_boft,0.10071024298667908,4734,3.4906299939999975e-05,1.2338001397438347e-05,2097152,e49911b8d1f4da0b9134035bc5914122e487c75bb5a052819c2442d084c27c91
fresh,27312,2,aligned_shared_generator,0,generic_scalar_boft,0.10071024298667908,4735,3.21694167117433e-05,1.9349012291058898e-05,2097152,48687b76793c4b3268937a485a2371c47987416af1bcd7252415b563129dcdc1
fresh,27312,2,aligned_shared_generator,0,shared_identity,0.15031099319458008,4727,3.103123332645434e-05,1.2659002095460892e-05,2097152,5990a9aa4ebdd9f32f37ce8ca925000fc49f93371892f3b2c878344ea94e77e3
fresh,27312,2,aligned_shared_generator,1,oft_oracle,0.0,8821,3.211116660774375e-05,1.5192999853752553e-05,2097152,4a03a3958d03d6125a3f6b23af491c865d88f60ff561deef0e84be5ef1e437ff
fresh,27312,2,aligned_shared_generator,1,boft_independent,0.0,5021,3.053564990599019e-05,1.2938995496369898e-05,2097152,94cde2da30942945ad1351b25b165f58cfc691cbdc69a8cd246a1df0e0488640
fresh,27312,2,aligned_shared_generator,1,mirror_shared_boft,0.05775593966245651,4734,3.245298333543663e-05,2.5618006475269794e-05,2097152,e49911b8d1f4da0b9134035bc5914122e487c75bb5a052819c2442d084c27c91
fresh,27312,2,aligned_shared_generator,1,generic_scalar_boft,0.05775593966245651,4735,3.799903327793193e-05,1.2017990229651332e-05,2097152,48687b76793c4b3268937a485a2371c47987416af1bcd7252415b563129dcdc1
fresh,27312,2,aligned_shared_generator,1,shared_identity,0.10749208182096481,4727,3.31201500860819e-05,1.2168005923740566e-05,2097152,5990a9aa4ebdd9f32f37ce8ca925000fc49f93371892f3b2c878344ea94e77e3
fresh,27312,2,aligned_shared_generator,2,oft_oracle,0.0,8821,3.152578331840535e-05,1.5072000678628683e-05,2097152,2ec0086b5cd87302e97c465cd221052d5b1457051e10d6a1c5f8b8be67e29b95
fresh,27312,2,aligned_shared_generator,2,boft_independent,0.0,5021,3.154598331699769e-05,1.2128002708777785e-05,2097152,c736210730c2b6999648bd414a5bc56955c22685e5f3296436829b902faf52f0
fresh,27312,2,aligned_shared_generator,2,mirror_shared_boft,0.014731816947460175,4734,3.2245350060596443e-05,1.2128002708777785e-05,2097152,e49911b8d1f4da0b9134035bc5914122e487c75bb5a052819c2442d084c27c91
fresh,27312,2,aligned_shared_generator,2,generic_scalar_boft,0.014731816947460175,4735,3.3305249962722884e-05,1.3559998478740454e-05,2097152,48687b76793c4b3268937a485a2371c47987416af1bcd7252415b563129dcdc1
fresh,27312,2,aligned_shared_generator,2,shared_identity,0.06454754620790482,4727,3.5334916659242785e-05,1.2859003618359566e-05,2097152,5990a9aa4ebdd9f32f37ce8ca925000fc49f93371892f3b2c878344ea94e77e3
fresh,27312,2,aligned_shared_generator,3,oft_oracle,0.0,8821,3.142781667217302e-05,1.9668994355015457e-05,2097152,7cb20b8d1afa7e98d68497c198f1bff7330482d808faa0bef29a1fb11aa45b83
fresh,27312,2,aligned_shared_generator,3,boft_independent,0.0,5021,3.256298320290322e-05,1.65940000442788e-05,2097152,b45cc8bf20b6e6916f04ba26bcf5e647cbf364a06e7ce0e0e306b3d1402f214d
fresh,27312,2,aligned_shared_generator,3,mirror_shared_boft,3.3504697057651356e-05,4734,3.178901679348201e-05,1.3349999790079892e-05,2097152,7792ff3bc24c6becdce9083c72cd7ac81587485b4bc73d589dbcee44768925c8
fresh,27312,2,aligned_shared_generator,3,generic_scalar_boft,3.3504697057651356e-05,4735,3.294821678233954e-05,1.2988995877094567e-05,2097152,603a153086ee255188c7b9cefc7c07dd2aaaae40611f6c93941ae2dcc0a11f9d
fresh,27312,2,aligned_shared_generator,3,shared_identity,0.021525265648961067,4727,3.137439998681657e-05,1.2759002856910229e-05,2097152,5990a9aa4ebdd9f32f37ce8ca925000fc49f93371892f3b2c878344ea94e77e3
fresh,27312,2,aligned_shared_generator,4,oft_oracle,0.0,8821,3.1132716685533524e-05,1.4110002666711807e-05,2097152,37879a23ecbd741449f2ba129cc148edb7c4454e4ef3bc6d824d716989ea723f
fresh,27312,2,aligned_shared_generator,4,boft_independent,0.0,5021,3.442258336387264e-05,1.530299778096378e-05,2097152,c3c2d334ff4d59aa26086d61def5a6dad7e50d770d69b301b88a027b3e3bb72b
fresh,27312,2,aligned_shared_generator,4,mirror_shared_boft,3.350957922521047e-05,4734,3.10040166368708e-05,1.2208009138703346e-05,2097152,fef8383c6979cdf0ae5730a661c11de76bb89e3b6760e3a4b96c8b6009ace446
fresh,27312,2,aligned_shared_generator,4,generic_scalar_boft,3.350957922521047e-05,4735,3.062061659875326e-05,1.279900607187301e-05,2097152,eb2d101c9c78b50933a7945fbc31520945231708715bdd60ef393490e5a291c1
fresh,27312,2,aligned_shared_generator,4,shared_identity,0.02152666263282299,4727,3.1432149989996104e-05,1.2739008525386453e-05,2097152,5990a9aa4ebdd9f32f37ce8ca925000fc49f93371892f3b2c878344ea94e77e3
fresh,27312,2,aligned_shared_generator,5,oft_oracle,0.0,8821,3.1501250001989924e-05,1.3861004845239222e-05,2097152,5f74c944932b96bbca12361b9437591146d57b1ea30b4d077334ad94e97428a9
fresh,27312,2,aligned_shared_generator,5,boft_independent,0.0,5021,3.295740001097632e-05,1.3721000868827105e-05,2097152,4c75909e7c69423b904c7d2216e3e2dbc37a26afe523b8be91a2695813d0241e
fresh,27312,2,aligned_shared_generator,5,mirror_shared_boft,0.014736885204911232,4734,3.156351667712443e-05,1.2397998943924904e-05,2097152,1fc05fcb8a674103406281bc70f49a9dad0552cf3199f8f127eca4f76a39b5d8
fresh,27312,2,aligned_shared_generator,5,generic_scalar_boft,0.014736885204911232,4735,3.125389994238503e-05,1.4962002751417458e-05,2097152,82f68cb1fc7db281d81ce082833b4e0857d8a9b32438ef51c44931ea61a8f5da
fresh,27312,2,aligned_shared_generator,5,shared_identity,0.06456009298563004,4727,3.1681016601699714e-05,1.219799742102623e-05,2097152,5990a9aa4ebdd9f32f37ce8ca925000fc49f93371892f3b2c878344ea94e77e3
fresh,27312,2,aligned_shared_generator,6,oft_oracle,0.0,8821,3.594831650843844e-05,1.7865997506305575e-05,2097152,36b7872adf6d931d058000b8f85319e730b6ed5bd6def6bd683ba2199a5af859
fresh,27312,2,aligned_shared_generator,6,boft_independent,0.0,5021,3.20211831422057e-05,1.2127988156862557e-05,2097152,f1e471eb21e1ff499c711d45c7f1c9b16453cdfd7043b2fb59ebb8636e7898d6
fresh,27312,2,aligned_shared_generator,6,mirror_shared_boft,0.05778330937027931,4734,3.255664996686392e-05,1.1887008440680802e-05,2097152,1fc05fcb8a674103406281bc70f49a9dad0552cf3199f8f127eca4f76a39b5d8
fresh,27312,2,aligned_shared_generator,6,generic_scalar_boft,0.05778330937027931,4735,3.0681716695350283e-05,1.4731005649082363e-05,2097152,82f68cb1fc7db281d81ce082833b4e0857d8a9b32438ef51c44931ea61a8f5da
fresh,27312,2,aligned_shared_generator,6,shared_identity,0.10752694308757782,4727,3.1190283334581184e-05,3.5101998946629465e-05,2097152,5990a9aa4ebdd9f32f37ce8ca925000fc49f93371892f3b2c878344ea94e77e3
fresh,27312,2,aligned_shared_generator,7,oft_oracle,0.0,8821,3.159673336388854e-05,1.4371995348483324e-05,2097152,ad3352668d84bfe478301bca76279568bb8adc2554bf8be58d7eee81f620d53b
fresh,27312,2,aligned_shared_generator,7,boft_independent,0.0,5021,3.7000216495168084e-05,1.5062993043102324e-05,2097152,fb8e011a867981717a1631d512325f33a6cb7294643ff4879eba9e05ba21f17e
fresh,27312,2,aligned_shared_generator,7,mirror_shared_boft,0.10077092051506042,4734,3.299913320612783e-05,1.3348995707929134e-05,2097152,1fc05fcb8a674103406281bc70f49a9dad0552cf3199f8f127eca4f76a39b5d8
fresh,27312,2,aligned_shared_generator,7,generic_scalar_boft,0.10077092051506042,4735,3.0648333389156805e-05,1.1687996448017657e-05,2097152,82f68cb1fc7db281d81ce082833b4e0857d8a9b32438ef51c44931ea61a8f5da
fresh,27312,2,aligned_shared_generator,7,shared_identity,0.1503792405128479,4727,3.298378336088111e-05,1.2508011423051357e-05,2097152,5990a9aa4ebdd9f32f37ce8ca925000fc49f93371892f3b2c878344ea94e77e3
fresh,27312,2,independent_orthogonal,0,oft_oracle,0.0,8821,3.65657501485354e-05,2.0610998035408556e-05,2097152,9aa466b7f131e830e8ece4cad13449867244e07e2ffb1839b1b98d977d46021d
fresh,27312,2,independent_orthogonal,0,boft_independent,1.4188498258590698,5021,3.571015016253417e-05,1.318998693022877e-05,2097152,f9bd0eefd72f5f9c1bfa53c06e9e0cba45455ace92401b8c6275e81049d39c4b
fresh,27312,2,independent_orthogonal,0,shared_identity,1.4467281103134155,4727,3.251141679356806e-05,1.3009004760533571e-05,2097152,5990a9aa4ebdd9f32f37ce8ca925000fc49f93371892f3b2c878344ea94e77e3
fresh,27312,2,independent_orthogonal,1,oft_oracle,0.0,8821,3.1200483499560504e-05,1.5783996786922216e-05,2097152,1ee50778f9be86b327b6090c432f24a51d42631767e1a266101522257e7f2493
fresh,27312,2,independent_orthogonal,1,boft_independent,1.4008318185806274,5021,3.712358350943153e-05,1.301900192629546e-05,2097152,f2582c254ce2e5cf6db1fa0321cb95e9a2d326df9e71ad12cf439893b3b93331
fresh,27312,2,independent_orthogonal,1,shared_identity,1.4241719245910645,4727,3.62459334913486e-05,2.0009989384561777e-05,2097152,5990a9aa4ebdd9f32f37ce8ca925000fc49f93371892f3b2c878344ea94e77e3
fresh,27312,2,independent_orthogonal,2,oft_oracle,0.0,8821,3.622459989855997e-05,1.5933997929096222e-05,2097152,005ed47fac1be7ec6ffccfabc7cf7df4fcb8f956ad78289d0a7a81934e85c272
fresh,27312,2,independent_orthogonal,2,boft_independent,1.3933663368225098,5021,3.0714599900723746e-05,1.2659002095460892e-05,2097152,80ca95f41eeb6277c9ac068c48c75b6b8dea7a5a1a0513e52b4aea12929e54ab
fresh,27312,2,independent_orthogonal,2,shared_identity,1.4137394428253174,4727,3.264528325720069e-05,0.00010439498873893172,2097152,5990a9aa4ebdd9f32f37ce8ca925000fc49f93371892f3b2c878344ea94e77e3
fresh,27312,2,independent_orthogonal,3,oft_oracle,0.0,8821,3.411348322212386e-05,1.4581004506908357e-05,2097152,169d31805cf678c595c944e354883667a908a0846aa97e83540df6ac26d49f8e
fresh,27312,2,independent_orthogonal,3,boft_independent,1.41830575466156,5021,3.125106668449007e-05,1.271801011171192e-05,2097152,5b2568ec60f56862428ac628b4d30215c89193cf7e11fc5429e33bffdb1038a9
fresh,27312,2,independent_orthogonal,3,shared_identity,1.4347316026687622,4727,3.108550008619204e-05,1.111699384637177e-05,2097152,5990a9aa4ebdd9f32f37ce8ca925000fc49f93371892f3b2c878344ea94e77e3
fresh,27312,2,independent_orthogonal,4,oft_oracle,0.0,8821,3.954568334544698e-05,1.6905003576539457e-05,2097152,bf5af7ce7cb4fdb641155c346a956bc8a9b2e8ca957d1b98e8349e4b98ee875f
fresh,27312,2,independent_orthogonal,4,boft_independent,1.3822319507598877,5021,3.335418320299747e-05,1.0656003723852336e-05,2097152,3caf3cfcb91afc5e0fc4df561459c750239fbb01f57d35426a58fadf29ede9da
fresh,27312,2,independent_orthogonal,4,shared_identity,1.410186767578125,4727,3.1116716612208015e-05,1.2126998626627028e-05,2097152,5990a9aa4ebdd9f32f37ce8ca925000fc49f93371892f3b2c878344ea94e77e3
fresh,27312,2,independent_orthogonal,5,oft_oracle,0.0,8821,3.402166670033087e-05,1.3990997103974223e-05,2097152,d28340560a43043d1967655b334b168dfa1477ef9d6ce50a7b5f4080d0cd483a
fresh,27312,2,independent_orthogonal,5,boft_independent,1.4048339128494263,5021,3.257401670756129e-05,1.8959006411023438e-05,2097152,7703d5d0754dcf3354e56bd4367f87524e25d560ab1c39d6900f9226c602bacc
fresh,27312,2,independent_orthogonal,5,shared_identity,1.424301028251648,4727,3.159941673705665e-05,1.2008007615804672e-05,2097152,5990a9aa4ebdd9f32f37ce8ca925000fc49f93371892f3b2c878344ea94e77e3
fresh,27312,2,independent_orthogonal,6,oft_oracle,0.0,8821,3.6851016678459324e-05,1.427099050488323e-05,2097152,02d4f69f574534cc213c76b319235c18fe2ccc856c7e3865a9435e541999d119
fresh,27312,2,independent_orthogonal,6,boft_independent,1.4222805500030518,5021,3.2991966872941705e-05,1.3529992429539561e-05,2097152,03c2e160801bd4cf8f879d9d84ec1854197197d10985046e174a9132e3814954
fresh,27312,2,independent_orthogonal,6,shared_identity,1.4412351846694946,4727,3.148056663728009e-05,1.0315008694306016e-05,2097152,5990a9aa4ebdd9f32f37ce8ca925000fc49f93371892f3b2c878344ea94e77e3
fresh,27312,2,independent_orthogonal,7,oft_oracle,0.0,8821,3.285343336756341e-05,1.2499003787524998e-05,2097152,04a546fe54d88370e71c34b138776089d40a191c8854ae669d94666370d3ae41
fresh,27312,2,independent_orthogonal,7,boft_independent,1.3974854946136475,5021,3.3058733242796735e-05,1.008500112220645e-05,2097152,17907364f83616ca608dd7895f76cfce7a031da1e6ad43520cef9caa0fbb9586
fresh,27312,2,independent_orthogonal,7,shared_identity,1.4219918251037598,4727,3.7712466776914275e-05,1.0696006938815117e-05,2097152,5990a9aa4ebdd9f32f37ce8ca925000fc49f93371892f3b2c878344ea94e77e3
